sortie,interval,time_start,time_end,transport_endpoint_source,relay_endpoint_source,gateway_endpoint_source,same_time_axis,pass
Q2-003,343,19747.044008621637,19748.15772811877,"trajectory(x(t),y(t),z(t))",certified relay position at same global t,fixed G01,True,False
Q2-003,344,19748.15772811877,19749.271447615905,"trajectory(x(t),y(t),z(t))",certified relay position at same global t,fixed G01,True,False
Q2-003,345,19749.271447615905,19749.69553394647,"trajectory(x(t),y(t),z(t))",certified relay position at same global t,fixed G01,True,False
Q2-003,346,19749.69553394647,19750.119620277033,"trajectory(x(t),y(t),z(t))",certified relay position at same global t,fixed G01,True,False
Q2-003,347,19750.119620277033,19750.80925344358,"trajectory(x(t),y(t),z(t))",certified relay position at same global t,fixed G01,True,False
Q2-003,348,19750.80925344358,19751.498886610123,"trajectory(x(t),y(t),z(t))",certified relay position at same global t,fixed G01,True,False
Q2-003,349,19751.498886610123,19752.612606107243,"trajectory(x(t),y(t),z(t))",certified relay position at same global t,fixed G01,True,False
Q2-003,350,19752.612606107243,19753.726325604363,"trajectory(x(t),y(t),z(t))",certified relay position at same global t,fixed G01,True,False
Q2-003,351,19753.726325604363,19754.408423095916,"trajectory(x(t),y(t),z(t))",certified relay position at same global t,fixed G01,True,False
Q2-003,352,19754.408423095916,19755.09052058747,"trajectory(x(t),y(t),z(t))",certified relay position at same global t,fixed G01,True,False
Q2-003,353,19755.09052058747,19755.522142593036,"trajectory(x(t),y(t),z(t))",certified relay position at same global t,fixed G01,True,False
Q2-003,354,19755.522142593036,19755.953764598602,"trajectory(x(t),y(t),z(t))",certified relay position at same global t,fixed G01,True,False
Q2-003,355,19755.953764598602,19757.067484095707,"trajectory(x(t),y(t),z(t))",certified relay position at same global t,fixed G01,True,False
Q2-003,356,19757.067484095707,19758.181203592812,"trajectory(x(t),y(t),z(t))",certified relay position at same global t,fixed G01,True,False
Q2-003,357,19758.181203592812,19759.121312245104,"trajectory(x(t),y(t),z(t))",certified relay position at same global t,fixed G01,True,False
Q2-003,358,19759.121312245104,19760.061420897397,"trajectory(x(t),y(t),z(t))",certified relay position at same global t,fixed G01,True,False
Q2-003,359,19760.061420897397,19760.235031742224,"trajectory(x(t),y(t),z(t))",certified relay position at same global t,fixed G01,True,False
Q2-003,360,19760.235031742224,19760.408642587052,"trajectory(x(t),y(t),z(t))",certified relay position at same global t,fixed G01,True,False
Q2-003,361,19760.408642587052,19761.52236208417,"trajectory(x(t),y(t),z(t))",certified relay position at same global t,fixed G01,True,False
Q2-003,362,19761.52236208417,19762.63608158129,"trajectory(x(t),y(t),z(t))",certified relay position at same global t,fixed G01,True,False
Q2-003,363,19762.63608158129,19763.749801078397,"trajectory(x(t),y(t),z(t))",certified relay position at same global t,fixed G01,True,False
Q2-003,364,19763.749801078397,19764.8635205755,"trajectory(x(t),y(t),z(t))",certified relay position at same global t,fixed G01,True,False
Q2-003,365,19764.8635205755,19764.947920891413,"trajectory(x(t),y(t),z(t))",certified relay position at same global t,fixed G01,True,False
Q2-003,366,19764.947920891413,19765.032321207324,"trajectory(x(t),y(t),z(t))",certified relay position at same global t,fixed G01,True,False
Q2-003,367,19765.032321207324,19766.061640388547,"trajectory(x(t),y(t),z(t))",certified relay position at same global t,fixed G01,True,False
Q2-003,368,19766.061640388547,19767.09095956977,"trajectory(x(t),y(t),z(t))",certified relay position at same global t,fixed G01,True,False
Q2-003,369,19767.09095956977,19768.204679066876,"trajectory(x(t),y(t),z(t))",certified relay position at same global t,fixed G01,True,False
Q2-003,370,19768.204679066876,19769.31839856398,"trajectory(x(t),y(t),z(t))",certified relay position at same global t,fixed G01,True,False
Q2-003,371,19769.31839856398,19769.66081004087,"trajectory(x(t),y(t),z(t))",certified relay position at same global t,fixed G01,True,False
Q2-003,372,19769.66081004087,19770.00322151776,"trajectory(x(t),y(t),z(t))",certified relay position at same global t,fixed G01,True,False
Q2-003,373,19770.00322151776,19770.774529537975,"trajectory(x(t),y(t),z(t))",certified relay position at same global t,fixed G01,True,False
Q2-003,374,19770.774529537975,19771.54583755819,"trajectory(x(t),y(t),z(t))",certified relay position at same global t,fixed G01,True,False
Q2-003,375,19771.54583755819,19772.659557055325,"trajectory(x(t),y(t),z(t))",certified relay position at same global t,fixed G01,True,False
Q2-003,376,19772.659557055325,19773.77327655246,"trajectory(x(t),y(t),z(t))",certified relay position at same global t,fixed G01,True,False
Q2-003,377,19773.77327655246,19774.373699190073,"trajectory(x(t),y(t),z(t))",certified relay position at same global t,fixed G01,True,False
Q2-003,378,19774.373699190073,19774.974121827687,"trajectory(x(t),y(t),z(t))",certified relay position at same global t,fixed G01,True,False
Q2-003,379,19774.974121827687,19775.48741868718,"trajectory(x(t),y(t),z(t))",certified relay position at same global t,fixed G01,True,False
Q2-003,380,19775.48741868718,19776.00071554667,"trajectory(x(t),y(t),z(t))",certified relay position at same global t,fixed G01,True,False
Q2-003,381,19776.00071554667,19777.11443504379,"trajectory(x(t),y(t),z(t))",certified relay position at same global t,fixed G01,True,False
Q2-003,382,19777.11443504379,19778.22815454091,"trajectory(x(t),y(t),z(t))",certified relay position at same global t,fixed G01,True,False
Q2-003,383,19778.22815454091,19779.08658833926,"trajectory(x(t),y(t),z(t))",certified relay position at same global t,fixed G01,True,False
Q2-003,384,19779.08658833926,19779.945022137614,"trajectory(x(t),y(t),z(t))",certified relay position at same global t,fixed G01,True,False
Q2-003,385,19779.945022137614,19780.20030783638,"trajectory(x(t),y(t),z(t))",certified relay position at same global t,fixed G01,True,False
Q2-003,386,19780.20030783638,19780.45559353515,"trajectory(x(t),y(t),z(t))",certified relay position at same global t,fixed G01,True,False
Q2-003,387,19780.45559353515,19781.569313032254,"trajectory(x(t),y(t),z(t))",certified relay position at same global t,fixed G01,True,False
Q2-003,388,19781.569313032254,19782.68303252936,"trajectory(x(t),y(t),z(t))",certified relay position at same global t,fixed G01,True,False
Q2-003,389,19782.68303252936,19783.796752026494,"trajectory(x(t),y(t),z(t))",certified relay position at same global t,fixed G01,True,False
Q2-003,390,19783.796752026494,19784.910471523628,"trajectory(x(t),y(t),z(t))",certified relay position at same global t,fixed G01,True,False
Q2-003,391,19784.910471523628,19784.91319698584,"trajectory(x(t),y(t),z(t))",certified relay position at same global t,fixed G01,True,False
Q2-003,392,19784.91319698584,19784.91592244805,"trajectory(x(t),y(t),z(t))",certified relay position at same global t,fixed G01,True,False
Q2-003,393,19784.91592244805,19786.026916482948,"trajectory(x(t),y(t),z(t))",certified relay position at same global t,fixed G01,True,False
Q2-003,394,19786.026916482948,19787.137910517846,"trajectory(x(t),y(t),z(t))",certified relay position at same global t,fixed G01,True,False
Q2-003,395,19787.137910517846,19788.25163001495,"trajectory(x(t),y(t),z(t))",certified relay position at same global t,fixed G01,True,False
Q2-003,396,19788.25163001495,19789.365349512056,"trajectory(x(t),y(t),z(t))",certified relay position at same global t,fixed G01,True,False
Q2-003,397,19789.365349512056,19789.626086135017,"trajectory(x(t),y(t),z(t))",certified relay position at same global t,fixed G01,True,False
Q2-003,398,19789.626086135017,19789.886822757977,"trajectory(x(t),y(t),z(t))",certified relay position at same global t,fixed G01,True,False
Q2-003,399,19789.886822757977,19790.73980563215,"trajectory(x(t),y(t),z(t))",certified relay position at same global t,fixed G01,True,False
Q2-003,400,19790.73980563215,19791.592788506325,"trajectory(x(t),y(t),z(t))",certified relay position at same global t,fixed G01,True,False
Q2-003,401,19791.592788506325,19792.70650800343,"trajectory(x(t),y(t),z(t))",certified relay position at same global t,fixed G01,True,False
Q2-003,402,19792.70650800343,19793.820227500535,"trajectory(x(t),y(t),z(t))",certified relay position at same global t,fixed G01,True,False
Q2-003,403,19793.820227500535,19794.33897528422,"trajectory(x(t),y(t),z(t))",certified relay position at same global t,fixed G01,True,False
Q2-003,404,19794.33897528422,19794.857723067904,"trajectory(x(t),y(t),z(t))",certified relay position at same global t,fixed G01,True,False
Q2-003,405,19794.857723067904,19795.45269478134,"trajectory(x(t),y(t),z(t))",certified relay position at same global t,fixed G01,True,False
Q2-003,406,19795.45269478134,19796.047666494775,"trajectory(x(t),y(t),z(t))",certified relay position at same global t,fixed G01,True,False
Q2-003,407,19796.047666494775,19797.161385991894,"trajectory(x(t),y(t),z(t))",certified relay position at same global t,fixed G01,True,False
Q2-003,408,19797.161385991894,19798.275105489014,"trajectory(x(t),y(t),z(t))",certified relay position at same global t,fixed G01,True,False
Q2-003,409,19798.275105489014,19799.051864433677,"trajectory(x(t),y(t),z(t))",certified relay position at same global t,fixed G01,True,False
Q2-003,410,19799.051864433677,19799.82862337834,"trajectory(x(t),y(t),z(t))",certified relay position at same global t,fixed G01,True,False
Q2-003,411,19799.82862337834,19800.165583930782,"trajectory(x(t),y(t),z(t))",certified relay position at same global t,fixed G01,True,False
Q2-003,412,19800.165583930782,19800.502544483224,"trajectory(x(t),y(t),z(t))",certified relay position at same global t,fixed G01,True,False
Q2-003,413,19800.502544483224,19801.61626398036,"trajectory(x(t),y(t),z(t))",certified relay position at same global t,fixed G01,True,False
Q2-003,414,19801.61626398036,19802.729983477493,"trajectory(x(t),y(t),z(t))",certified relay position at same global t,fixed G01,True,False
Q2-003,415,19802.729983477493,19803.76475358288,"trajectory(x(t),y(t),z(t))",certified relay position at same global t,fixed G01,True,False
Q2-003,416,19803.76475358288,19804.799523688267,"trajectory(x(t),y(t),z(t))",certified relay position at same global t,fixed G01,True,False
Q2-003,417,19804.799523688267,19804.878473079985,"trajectory(x(t),y(t),z(t))",certified relay position at same global t,fixed G01,True,False
Q2-003,418,19804.878473079985,19804.957422471703,"trajectory(x(t),y(t),z(t))",certified relay position at same global t,fixed G01,True,False
Q2-003,419,19804.957422471703,19806.07114196881,"trajectory(x(t),y(t),z(t))",certified relay position at same global t,fixed G01,True,False
Q2-003,420,19806.07114196881,19807.184861465914,"trajectory(x(t),y(t),z(t))",certified relay position at same global t,fixed G01,True,False
Q2-003,421,19807.184861465914,19808.298580963048,"trajectory(x(t),y(t),z(t))",certified relay position at same global t,fixed G01,True,False
Q2-003,422,19808.298580963048,19809.412300460182,"trajectory(x(t),y(t),z(t))",certified relay position at same global t,fixed G01,True,False
Q2-003,423,19809.412300460182,19809.59136222919,"trajectory(x(t),y(t),z(t))",certified relay position at same global t,fixed G01,True,False
Q2-003,424,19809.59136222919,19809.770423998194,"trajectory(x(t),y(t),z(t))",certified relay position at same global t,fixed G01,True,False
Q2-003,425,19809.770423998194,19810.705081726293,"trajectory(x(t),y(t),z(t))",certified relay position at same global t,fixed G01,True,False
Q2-003,426,19810.705081726293,19811.639739454393,"trajectory(x(t),y(t),z(t))",certified relay position at same global t,fixed G01,True,False
Q2-003,427,19811.639739454393,19812.753458951498,"trajectory(x(t),y(t),z(t))",certified relay position at same global t,fixed G01,True,False
Q2-003,428,19812.753458951498,19813.867178448603,"trajectory(x(t),y(t),z(t))",certified relay position at same global t,fixed G01,True,False
Q2-003,429,19813.867178448603,19814.304251378617,"trajectory(x(t),y(t),z(t))",certified relay position at same global t,fixed G01,True,False
Q2-003,430,19814.304251378617,19814.74132430863,"trajectory(x(t),y(t),z(t))",certified relay position at same global t,fixed G01,True,False
Q2-003,431,19814.74132430863,19815.417970875755,"trajectory(x(t),y(t),z(t))",certified relay position at same global t,fixed G01,True,False
Q2-003,432,19815.417970875755,19816.09461744288,"trajectory(x(t),y(t),z(t))",certified relay position at same global t,fixed G01,True,False
Q2-003,433,19816.09461744288,19817.208336939984,"trajectory(x(t),y(t),z(t))",certified relay position at same global t,fixed G01,True,False
Q2-003,434,19817.208336939984,19818.32205643709,"trajectory(x(t),y(t),z(t))",certified relay position at same global t,fixed G01,True,False
Q2-003,435,19818.32205643709,19819.017140527827,"trajectory(x(t),y(t),z(t))",certified relay position at same global t,fixed G01,True,False
Q2-003,436,19819.017140527827,19819.712224618565,"trajectory(x(t),y(t),z(t))",certified relay position at same global t,fixed G01,True,False
Q2-003,437,19819.712224618565,19820.13086002495,"trajectory(x(t),y(t),z(t))",certified relay position at same global t,fixed G01,True,False
Q2-003,438,19820.13086002495,19820.549495431336,"trajectory(x(t),y(t),z(t))",certified relay position at same global t,fixed G01,True,False
Q2-003,439,19820.549495431336,19821.663214928456,"trajectory(x(t),y(t),z(t))",certified relay position at same global t,fixed G01,True,False
Q2-003,440,19821.663214928456,19822.776934425576,"trajectory(x(t),y(t),z(t))",certified relay position at same global t,fixed G01,True,False
Q2-003,441,19822.776934425576,19823.730029677165,"trajectory(x(t),y(t),z(t))",certified relay position at same global t,fixed G01,True,False
Q2-003,442,19823.730029677165,19824.683124928753,"trajectory(x(t),y(t),z(t))",certified relay position at same global t,fixed G01,True,False
Q2-003,443,19824.683124928753,19824.843749174273,"trajectory(x(t),y(t),z(t))",certified relay position at same global t,fixed G01,True,False
Q2-003,444,19824.843749174273,19825.004373419793,"trajectory(x(t),y(t),z(t))",certified relay position at same global t,fixed G01,True,False
Q2-003,445,19825.004373419793,19826.118092916928,"trajectory(x(t),y(t),z(t))",certified relay position at same global t,fixed G01,True,False
Q2-003,446,19826.118092916928,19827.231812414062,"trajectory(x(t),y(t),z(t))",certified relay position at same global t,fixed G01,True,False
Q2-003,447,19827.231812414062,19828.345531911167,"trajectory(x(t),y(t),z(t))",certified relay position at same global t,fixed G01,True,False
Q2-003,448,19828.345531911167,19829.459251408272,"trajectory(x(t),y(t),z(t))",certified relay position at same global t,fixed G01,True,False
Q2-003,449,19829.459251408272,19829.556638323604,"trajectory(x(t),y(t),z(t))",certified relay position at same global t,fixed G01,True,False
Q2-003,450,19829.556638323604,19829.654025238935,"trajectory(x(t),y(t),z(t))",certified relay position at same global t,fixed G01,True,False
Q2-003,451,19829.654025238935,19830.67035782071,"trajectory(x(t),y(t),z(t))",certified relay position at same global t,fixed G01,True,False
Q2-003,452,19830.67035782071,19831.686690402483,"trajectory(x(t),y(t),z(t))",certified relay position at same global t,fixed G01,True,False
Q2-003,453,19831.686690402483,19832.800409899617,"trajectory(x(t),y(t),z(t))",certified relay position at same global t,fixed G01,True,False
Q2-003,454,19832.800409899617,19833.91412939675,"trajectory(x(t),y(t),z(t))",certified relay position at same global t,fixed G01,True,False
Q2-003,455,19833.91412939675,19834.269527472807,"trajectory(x(t),y(t),z(t))",certified relay position at same global t,fixed G01,True,False
Q2-003,456,19834.269527472807,19834.624925548862,"trajectory(x(t),y(t),z(t))",certified relay position at same global t,fixed G01,True,False
Q2-003,457,19834.624925548862,19835.383246969912,"trajectory(x(t),y(t),z(t))",certified relay position at same global t,fixed G01,True,False
Q2-003,458,19835.383246969912,19836.14156839096,"trajectory(x(t),y(t),z(t))",certified relay position at same global t,fixed G01,True,False
Q2-003,459,19836.14156839096,19837.25528788808,"trajectory(x(t),y(t),z(t))",certified relay position at same global t,fixed G01,True,False
Q2-003,460,19837.25528788808,19838.3690073852,"trajectory(x(t),y(t),z(t))",certified relay position at same global t,fixed G01,True,False
Q2-003,461,19838.3690073852,19838.982416622122,"trajectory(x(t),y(t),z(t))",certified relay position at same global t,fixed G01,True,False
Q2-003,462,19838.982416622122,19839.595825859044,"trajectory(x(t),y(t),z(t))",certified relay position at same global t,fixed G01,True,False
Q2-003,463,19839.595825859044,19840.096136119242,"trajectory(x(t),y(t),z(t))",certified relay position at same global t,fixed G01,True,False
Q2-003,464,19840.096136119242,19840.59644637944,"trajectory(x(t),y(t),z(t))",certified relay position at same global t,fixed G01,True,False
Q2-003,465,19840.59644637944,19841.710165876546,"trajectory(x(t),y(t),z(t))",certified relay position at same global t,fixed G01,True,False
Q2-003,466,19841.710165876546,19842.82388537365,"trajectory(x(t),y(t),z(t))",certified relay position at same global t,fixed G01,True,False
Q2-003,467,19842.82388537365,19843.695305771438,"trajectory(x(t),y(t),z(t))",certified relay position at same global t,fixed G01,True,False
Q2-003,468,19843.695305771438,19844.566726169225,"trajectory(x(t),y(t),z(t))",certified relay position at same global t,fixed G01,True,False
Q2-003,469,19844.566726169225,19844.809025268572,"trajectory(x(t),y(t),z(t))",certified relay position at same global t,fixed G01,True,False
Q2-003,470,19844.809025268572,19845.05132436792,"trajectory(x(t),y(t),z(t))",certified relay position at same global t,fixed G01,True,False
Q2-003,471,19845.05132436792,19846.165043865025,"trajectory(x(t),y(t),z(t))",certified relay position at same global t,fixed G01,True,False
Q2-003,472,19846.165043865025,19847.27876336213,"trajectory(x(t),y(t),z(t))",certified relay position at same global t,fixed G01,True,False
Q2-003,473,19847.27876336213,19848.392482859235,"trajectory(x(t),y(t),z(t))",certified relay position at same global t,fixed G01,True,False
Q2-003,474,19848.392482859235,19849.50620235634,"trajectory(x(t),y(t),z(t))",certified relay position at same global t,fixed G01,True,False
Q2-003,475,19849.50620235634,19849.521914417746,"trajectory(x(t),y(t),z(t))",certified relay position at same global t,fixed G01,True,False
Q2-003,476,19849.521914417746,19849.537626479152,"trajectory(x(t),y(t),z(t))",certified relay position at same global t,fixed G01,True,False
Q2-003,477,19849.537626479152,19850.635633914884,"trajectory(x(t),y(t),z(t))",certified relay position at same global t,fixed G01,True,False
Q2-003,478,19850.635633914884,19851.733641350616,"trajectory(x(t),y(t),z(t))",certified relay position at same global t,fixed G01,True,False
Q2-003,479,19851.733641350616,19852.84736084772,"trajectory(x(t),y(t),z(t))",certified relay position at same global t,fixed G01,True,False
Q2-003,480,19852.84736084772,19853.961080344827,"trajectory(x(t),y(t),z(t))",certified relay position at same global t,fixed G01,True,False
Q2-003,481,19853.961080344827,19854.234803567084,"trajectory(x(t),y(t),z(t))",certified relay position at same global t,fixed G01,True,False
Q2-003,482,19854.234803567084,19854.50852678934,"trajectory(x(t),y(t),z(t))",certified relay position at same global t,fixed G01,True,False
Q2-003,483,19854.50852678934,19855.348523064193,"trajectory(x(t),y(t),z(t))",certified relay position at same global t,fixed G01,True,False
Q2-003,484,19855.348523064193,19856.188519339044,"trajectory(x(t),y(t),z(t))",certified relay position at same global t,fixed G01,True,False
Q2-003,485,19856.188519339044,19857.30223883618,"trajectory(x(t),y(t),z(t))",certified relay position at same global t,fixed G01,True,False
Q2-003,486,19857.30223883618,19858.415958333313,"trajectory(x(t),y(t),z(t))",certified relay position at same global t,fixed G01,True,False
Q2-003,487,19858.415958333313,19858.94769271642,"trajectory(x(t),y(t),z(t))",certified relay position at same global t,fixed G01,True,False
Q2-003,488,19858.94769271642,19859.47942709953,"trajectory(x(t),y(t),z(t))",certified relay position at same global t,fixed G01,True,False
Q2-003,489,19859.47942709953,19860.06141221353,"trajectory(x(t),y(t),z(t))",certified relay position at same global t,fixed G01,True,False
Q2-003,490,19860.06141221353,19860.64339732753,"trajectory(x(t),y(t),z(t))",certified relay position at same global t,fixed G01,True,False
Q2-003,491,19860.64339732753,19861.75711682465,"trajectory(x(t),y(t),z(t))",certified relay position at same global t,fixed G01,True,False
Q2-003,492,19861.75711682465,19862.87083632177,"trajectory(x(t),y(t),z(t))",certified relay position at same global t,fixed G01,True,False
Q2-003,493,19862.87083632177,19863.660581865617,"trajectory(x(t),y(t),z(t))",certified relay position at same global t,fixed G01,True,False
Q2-003,494,19863.660581865617,19864.450327409464,"trajectory(x(t),y(t),z(t))",certified relay position at same global t,fixed G01,True,False
Q2-003,495,19864.450327409464,19864.77430136274,"trajectory(x(t),y(t),z(t))",certified relay position at same global t,fixed G01,True,False
Q2-003,496,19864.77430136274,19865.098275316017,"trajectory(x(t),y(t),z(t))",certified relay position at same global t,fixed G01,True,False
Q2-003,497,19865.098275316017,19866.211994813122,"trajectory(x(t),y(t),z(t))",certified relay position at same global t,fixed G01,True,False
Q2-003,498,19866.211994813122,19867.325714310227,"trajectory(x(t),y(t),z(t))",certified relay position at same global t,fixed G01,True,False
Q2-003,499,19867.325714310227,19868.373471014937,"trajectory(x(t),y(t),z(t))",certified relay position at same global t,fixed G01,True,False
Q2-003,500,19868.373471014937,19869.421227719646,"trajectory(x(t),y(t),z(t))",certified relay position at same global t,fixed G01,True,False
Q2-003,501,19869.421227719646,19869.48719051207,"trajectory(x(t),y(t),z(t))",certified relay position at same global t,fixed G01,True,False
Q2-003,502,19869.48719051207,19869.553153304496,"trajectory(x(t),y(t),z(t))",certified relay position at same global t,fixed G01,True,False
Q2-003,503,19869.553153304496,19870.6668728016,"trajectory(x(t),y(t),z(t))",certified relay position at same global t,fixed G01,True,False
Q2-003,504,19870.6668728016,19871.780592298706,"trajectory(x(t),y(t),z(t))",certified relay position at same global t,fixed G01,True,False
Q2-003,505,19871.780592298706,19872.89431179581,"trajectory(x(t),y(t),z(t))",certified relay position at same global t,fixed G01,True,False
Q2-003,506,19872.89431179581,19874.008031292917,"trajectory(x(t),y(t),z(t))",certified relay position at same global t,fixed G01,True,False
Q2-003,507,19874.008031292917,19874.200079661372,"trajectory(x(t),y(t),z(t))",certified relay position at same global t,fixed G01,True,False
Q2-003,508,19874.200079661372,19874.392128029827,"trajectory(x(t),y(t),z(t))",certified relay position at same global t,fixed G01,True,False
Q2-003,509,19874.392128029827,19875.313799158506,"trajectory(x(t),y(t),z(t))",certified relay position at same global t,fixed G01,True,False
Q2-003,510,19875.313799158506,19876.235470287185,"trajectory(x(t),y(t),z(t))",certified relay position at same global t,fixed G01,True,False
Q2-003,511,19876.235470287185,19877.34918978429,"trajectory(x(t),y(t),z(t))",certified relay position at same global t,fixed G01,True,False
Q2-003,512,19877.34918978429,19878.462909281396,"trajectory(x(t),y(t),z(t))",certified relay position at same global t,fixed G01,True,False
Q2-003,513,19878.462909281396,19878.912968810575,"trajectory(x(t),y(t),z(t))",certified relay position at same global t,fixed G01,True,False
Q2-003,514,19878.912968810575,19879.363028339754,"trajectory(x(t),y(t),z(t))",certified relay position at same global t,fixed G01,True,False
Q2-003,515,19879.363028339754,19880.026688307695,"trajectory(x(t),y(t),z(t))",certified relay position at same global t,fixed G01,True,False
Q2-003,516,19880.026688307695,19880.690348275635,"trajectory(x(t),y(t),z(t))",certified relay position at same global t,fixed G01,True,False
Q2-003,517,19880.690348275635,19881.804067772755,"trajectory(x(t),y(t),z(t))",certified relay position at same global t,fixed G01,True,False
Q2-003,518,19881.804067772755,19882.917787269875,"trajectory(x(t),y(t),z(t))",certified relay position at same global t,fixed G01,True,False
Q2-003,519,19882.917787269875,19883.625857959905,"trajectory(x(t),y(t),z(t))",certified relay position at same global t,fixed G01,True,False
Q2-003,520,19883.625857959905,19884.333928649936,"trajectory(x(t),y(t),z(t))",certified relay position at same global t,fixed G01,True,False
Q2-003,521,19884.333928649936,19884.73957745701,"trajectory(x(t),y(t),z(t))",certified relay position at same global t,fixed G01,True,False
Q2-003,522,19884.73957745701,19885.145226264085,"trajectory(x(t),y(t),z(t))",certified relay position at same global t,fixed G01,True,False
Q2-003,523,19885.145226264085,19886.25894576122,"trajectory(x(t),y(t),z(t))",certified relay position at same global t,fixed G01,True,False
Q2-003,524,19886.25894576122,19887.372665258354,"trajectory(x(t),y(t),z(t))",certified relay position at same global t,fixed G01,True,False
Q2-003,525,19887.372665258354,19888.338747109236,"trajectory(x(t),y(t),z(t))",certified relay position at same global t,fixed G01,True,False
Q2-003,526,19888.338747109236,19889.304828960117,"trajectory(x(t),y(t),z(t))",certified relay position at same global t,fixed G01,True,False
Q2-003,527,19889.304828960117,19889.45246660634,"trajectory(x(t),y(t),z(t))",certified relay position at same global t,fixed G01,True,False
Q2-003,528,19889.45246660634,19889.600104252564,"trajectory(x(t),y(t),z(t))",certified relay position at same global t,fixed G01,True,False
Q2-003,529,19889.600104252564,19890.71382374967,"trajectory(x(t),y(t),z(t))",certified relay position at same global t,fixed G01,True,False
Q2-003,530,19890.71382374967,19891.827543246774,"trajectory(x(t),y(t),z(t))",certified relay position at same global t,fixed G01,True,False
Q2-003,531,19891.827543246774,19892.94126274391,"trajectory(x(t),y(t),z(t))",certified relay position at same global t,fixed G01,True,False
Q2-003,532,19892.94126274391,19894.054982241043,"trajectory(x(t),y(t),z(t))",certified relay position at same global t,fixed G01,True,False
Q2-003,533,19894.054982241043,19894.165355755544,"trajectory(x(t),y(t),z(t))",certified relay position at same global t,fixed G01,True,False
Q2-003,534,19894.165355755544,19894.275729270044,"trajectory(x(t),y(t),z(t))",certified relay position at same global t,fixed G01,True,False
Q2-003,535,19894.275729270044,19895.279075252653,"trajectory(x(t),y(t),z(t))",certified relay position at same global t,fixed G01,True,False
Q2-003,536,19895.279075252653,19896.28242123526,"trajectory(x(t),y(t),z(t))",certified relay position at same global t,fixed G01,True,False
Q2-003,537,19896.28242123526,19897.39614073238,"trajectory(x(t),y(t),z(t))",certified relay position at same global t,fixed G01,True,False
Q2-003,538,19897.39614073238,19898.5098602295,"trajectory(x(t),y(t),z(t))",certified relay position at same global t,fixed G01,True,False
Q2-003,539,19898.5098602295,19898.87824490499,"trajectory(x(t),y(t),z(t))",certified relay position at same global t,fixed G01,True,False
Q2-003,540,19898.87824490499,19899.24662958048,"trajectory(x(t),y(t),z(t))",certified relay position at same global t,fixed G01,True,False
Q2-003,541,19899.24662958048,19899.99196440211,"trajectory(x(t),y(t),z(t))",certified relay position at same global t,fixed G01,True,False
Q2-003,542,19899.99196440211,19900.73729922374,"trajectory(x(t),y(t),z(t))",certified relay position at same global t,fixed G01,True,False
Q2-003,543,19900.73729922374,19901.851018720845,"trajectory(x(t),y(t),z(t))",certified relay position at same global t,fixed G01,True,False
Q2-003,544,19901.851018720845,19902.96473821795,"trajectory(x(t),y(t),z(t))",certified relay position at same global t,fixed G01,True,False
Q2-003,545,19902.96473821795,19903.59113405418,"trajectory(x(t),y(t),z(t))",certified relay position at same global t,fixed G01,True,False
Q2-003,546,19903.59113405418,19904.217529890408,"trajectory(x(t),y(t),z(t))",certified relay position at same global t,fixed G01,True,False
Q2-003,547,19904.217529890408,19904.7048535513,"trajectory(x(t),y(t),z(t))",certified relay position at same global t,fixed G01,True,False
Q2-003,548,19904.7048535513,19905.19217721219,"trajectory(x(t),y(t),z(t))",certified relay position at same global t,fixed G01,True,False
Q2-003,549,19905.19217721219,19906.30589670931,"trajectory(x(t),y(t),z(t))",certified relay position at same global t,fixed G01,True,False
Q2-003,550,19906.30589670931,19907.41961620643,"trajectory(x(t),y(t),z(t))",certified relay position at same global t,fixed G01,True,False
Q2-003,551,19907.41961620643,19908.30402320338,"trajectory(x(t),y(t),z(t))",certified relay position at same global t,fixed G01,True,False
Q2-003,552,19908.30402320338,19909.188430200335,"trajectory(x(t),y(t),z(t))",certified relay position at same global t,fixed G01,True,False
Q2-003,553,19909.188430200335,19909.417742700487,"trajectory(x(t),y(t),z(t))",certified relay position at same global t,fixed G01,True,False
Q2-003,554,19909.417742700487,19909.64705520064,"trajectory(x(t),y(t),z(t))",certified relay position at same global t,fixed G01,True,False
Q2-003,555,19909.64705520064,19910.760774697774,"trajectory(x(t),y(t),z(t))",certified relay position at same global t,fixed G01,True,False
Q2-003,556,19910.760774697774,19911.874494194908,"trajectory(x(t),y(t),z(t))",certified relay position at same global t,fixed G01,True,False
Q2-003,557,19911.874494194908,19912.988213692013,"trajectory(x(t),y(t),z(t))",certified relay position at same global t,fixed G01,True,False
Q2-003,558,19912.988213692013,19914.10193318912,"trajectory(x(t),y(t),z(t))",certified relay position at same global t,fixed G01,True,False
Q2-003,559,19914.10193318912,19914.130631849945,"trajectory(x(t),y(t),z(t))",certified relay position at same global t,fixed G01,True,False
Q2-003,560,19914.130631849945,19914.15933051077,"trajectory(x(t),y(t),z(t))",certified relay position at same global t,fixed G01,True,False
Q2-003,561,19914.15933051077,19915.24435134705,"trajectory(x(t),y(t),z(t))",certified relay position at same global t,fixed G01,True,False
Q2-003,562,19915.24435134705,19916.32937218333,"trajectory(x(t),y(t),z(t))",certified relay position at same global t,fixed G01,True,False
Q2-003,563,19916.32937218333,19917.443091680463,"trajectory(x(t),y(t),z(t))",certified relay position at same global t,fixed G01,True,False
Q2-003,564,19917.443091680463,19918.556811177597,"trajectory(x(t),y(t),z(t))",certified relay position at same global t,fixed G01,True,False
Q2-003,565,19918.556811177597,19918.843520999148,"trajectory(x(t),y(t),z(t))",certified relay position at same global t,fixed G01,True,False
Q2-003,566,19918.843520999148,19919.130230820698,"trajectory(x(t),y(t),z(t))",certified relay position at same global t,fixed G01,True,False
Q2-003,567,19919.130230820698,19919.957240496253,"trajectory(x(t),y(t),z(t))",certified relay position at same global t,fixed G01,True,False
Q2-003,568,19919.957240496253,19920.784250171808,"trajectory(x(t),y(t),z(t))",certified relay position at same global t,fixed G01,True,False
Q2-003,569,19920.784250171808,19921.897969668928,"trajectory(x(t),y(t),z(t))",certified relay position at same global t,fixed G01,True,False
Q2-003,570,19921.897969668928,19923.011689166047,"trajectory(x(t),y(t),z(t))",certified relay position at same global t,fixed G01,True,False
Q2-003,571,19923.011689166047,19923.556410148336,"trajectory(x(t),y(t),z(t))",certified relay position at same global t,fixed G01,True,False
Q2-003,572,19923.556410148336,19924.101131130625,"trajectory(x(t),y(t),z(t))",certified relay position at same global t,fixed G01,True,False
Q2-003,573,19924.101131130625,19924.670129645456,"trajectory(x(t),y(t),z(t))",certified relay position at same global t,fixed G01,True,False
Q2-003,574,19924.670129645456,19925.239128160287,"trajectory(x(t),y(t),z(t))",certified relay position at same global t,fixed G01,True,False
Q2-003,575,19925.239128160287,19926.352847657392,"trajectory(x(t),y(t),z(t))",certified relay position at same global t,fixed G01,True,False
Q2-003,576,19926.352847657392,19927.466567154497,"trajectory(x(t),y(t),z(t))",certified relay position at same global t,fixed G01,True,False
Q2-003,577,19927.466567154497,19928.26929929778,"trajectory(x(t),y(t),z(t))",certified relay position at same global t,fixed G01,True,False
Q2-003,578,19928.26929929778,19929.07203144106,"trajectory(x(t),y(t),z(t))",certified relay position at same global t,fixed G01,True,False
Q2-003,579,19929.07203144106,19929.383018794917,"trajectory(x(t),y(t),z(t))",certified relay position at same global t,fixed G01,True,False
Q2-003,580,19929.383018794917,19929.69400614877,"trajectory(x(t),y(t),z(t))",certified relay position at same global t,fixed G01,True,False
Q2-003,581,19929.69400614877,19930.807725645875,"trajectory(x(t),y(t),z(t))",certified relay position at same global t,fixed G01,True,False
Q2-003,582,19930.807725645875,19931.92144514298,"trajectory(x(t),y(t),z(t))",certified relay position at same global t,fixed G01,True,False
Q2-003,583,19931.92144514298,19932.982188446986,"trajectory(x(t),y(t),z(t))",certified relay position at same global t,fixed G01,True,False
Q2-003,584,19932.982188446986,19934.04293175099,"trajectory(x(t),y(t),z(t))",certified relay position at same global t,fixed G01,True,False
Q2-003,585,19934.04293175099,19934.095907944095,"trajectory(x(t),y(t),z(t))",certified relay position at same global t,fixed G01,True,False
Q2-003,586,19934.095907944095,19934.148884137197,"trajectory(x(t),y(t),z(t))",certified relay position at same global t,fixed G01,True,False
Q2-003,587,19934.148884137197,19935.26260363433,"trajectory(x(t),y(t),z(t))",certified relay position at same global t,fixed G01,True,False
Q2-003,588,19935.26260363433,19936.376323131466,"trajectory(x(t),y(t),z(t))",certified relay position at same global t,fixed G01,True,False
Q2-003,589,19936.376323131466,19937.49004262857,"trajectory(x(t),y(t),z(t))",certified relay position at same global t,fixed G01,True,False
Q2-003,590,19937.49004262857,19938.603762125676,"trajectory(x(t),y(t),z(t))",certified relay position at same global t,fixed G01,True,False
Q2-003,591,19938.603762125676,19938.808797093297,"trajectory(x(t),y(t),z(t))",certified relay position at same global t,fixed G01,True,False
Q2-003,592,19938.808797093297,19939.01383206092,"trajectory(x(t),y(t),z(t))",certified relay position at same global t,fixed G01,True,False
Q2-003,593,19939.01383206092,19939.922516590417,"trajectory(x(t),y(t),z(t))",certified relay position at same global t,fixed G01,True,False
Q2-003,594,19939.922516590417,19940.831201119916,"trajectory(x(t),y(t),z(t))",certified relay position at same global t,fixed G01,True,False
Q2-003,595,19940.831201119916,19941.944920617036,"trajectory(x(t),y(t),z(t))",certified relay position at same global t,fixed G01,True,False
Q2-003,596,19941.944920617036,19943.058640114155,"trajectory(x(t),y(t),z(t))",certified relay position at same global t,fixed G01,True,False
Q2-003,597,19943.058640114155,19943.521686242755,"trajectory(x(t),y(t),z(t))",certified relay position at same global t,fixed G01,True,False
Q2-003,598,19943.521686242755,19943.984732371355,"trajectory(x(t),y(t),z(t))",certified relay position at same global t,fixed G01,True,False
Q2-003,599,19943.984732371355,19944.63540573986,"trajectory(x(t),y(t),z(t))",certified relay position at same global t,fixed G01,True,False
Q2-003,600,19944.63540573986,19945.286079108366,"trajectory(x(t),y(t),z(t))",certified relay position at same global t,fixed G01,True,False
Q2-003,601,19945.286079108366,19946.399798605486,"trajectory(x(t),y(t),z(t))",certified relay position at same global t,fixed G01,True,False
Q2-003,602,19946.399798605486,19947.513518102605,"trajectory(x(t),y(t),z(t))",certified relay position at same global t,fixed G01,True,False
Q2-003,603,19947.513518102605,19948.234575391944,"trajectory(x(t),y(t),z(t))",certified relay position at same global t,fixed G01,True,False
Q2-003,604,19948.234575391944,19948.95563268128,"trajectory(x(t),y(t),z(t))",certified relay position at same global t,fixed G01,True,False
Q2-003,605,19948.95563268128,19949.348294889063,"trajectory(x(t),y(t),z(t))",certified relay position at same global t,fixed G01,True,False
Q2-003,606,19949.348294889063,19949.740957096845,"trajectory(x(t),y(t),z(t))",certified relay position at same global t,fixed G01,True,False
Q2-003,607,19949.740957096845,19950.85467659395,"trajectory(x(t),y(t),z(t))",certified relay position at same global t,fixed G01,True,False
Q2-003,608,19950.85467659395,19951.968396091055,"trajectory(x(t),y(t),z(t))",certified relay position at same global t,fixed G01,True,False
Q2-003,609,19951.968396091055,19952.947464541132,"trajectory(x(t),y(t),z(t))",certified relay position at same global t,fixed G01,True,False
Q2-003,610,19952.947464541132,19953.92653299121,"trajectory(x(t),y(t),z(t))",certified relay position at same global t,fixed G01,True,False
Q2-003,611,19953.92653299121,19954.061184038266,"trajectory(x(t),y(t),z(t))",certified relay position at same global t,fixed G01,True,False
Q2-003,612,19954.061184038266,19954.195835085324,"trajectory(x(t),y(t),z(t))",certified relay position at same global t,fixed G01,True,False
Q2-003,613,19954.195835085324,19955.30955458243,"trajectory(x(t),y(t),z(t))",certified relay position at same global t,fixed G01,True,False
Q2-003,614,19955.30955458243,19956.423274079534,"trajectory(x(t),y(t),z(t))",certified relay position at same global t,fixed G01,True,False
Q2-003,615,19956.423274079534,19957.53699357664,"trajectory(x(t),y(t),z(t))",certified relay position at same global t,fixed G01,True,False
Q2-003,616,19957.53699357664,19958.650713073745,"trajectory(x(t),y(t),z(t))",certified relay position at same global t,fixed G01,True,False
Q2-003,617,19958.650713073745,19958.774073187695,"trajectory(x(t),y(t),z(t))",certified relay position at same global t,fixed G01,True,False
Q2-003,618,19958.774073187695,19958.897433301645,"trajectory(x(t),y(t),z(t))",certified relay position at same global t,fixed G01,True,False
Q2-003,619,19958.897433301645,19959.887792684833,"trajectory(x(t),y(t),z(t))",certified relay position at same global t,fixed G01,True,False
Q2-003,620,19959.887792684833,19960.87815206802,"trajectory(x(t),y(t),z(t))",certified relay position at same global t,fixed G01,True,False
Q2-003,621,19960.87815206802,19961.991871565126,"trajectory(x(t),y(t),z(t))",certified relay position at same global t,fixed G01,True,False
Q2-003,622,19961.991871565126,19963.10559106223,"trajectory(x(t),y(t),z(t))",certified relay position at same global t,fixed G01,True,False
Q2-003,623,19963.10559106223,19963.486962336905,"trajectory(x(t),y(t),z(t))",certified relay position at same global t,fixed G01,True,False
Q2-003,624,19963.486962336905,19963.86833361158,"trajectory(x(t),y(t),z(t))",certified relay position at same global t,fixed G01,True,False
Q2-003,625,19963.86833361158,19964.60068183403,"trajectory(x(t),y(t),z(t))",certified relay position at same global t,fixed G01,True,False
Q2-003,626,19964.60068183403,19965.333030056478,"trajectory(x(t),y(t),z(t))",certified relay position at same global t,fixed G01,True,False
Q2-003,627,19965.333030056478,19966.446749553597,"trajectory(x(t),y(t),z(t))",certified relay position at same global t,fixed G01,True,False
Q2-003,628,19966.446749553597,19967.560469050717,"trajectory(x(t),y(t),z(t))",certified relay position at same global t,fixed G01,True,False
Q2-003,629,19967.560469050717,19968.199851486115,"trajectory(x(t),y(t),z(t))",certified relay position at same global t,fixed G01,True,False
Q2-003,630,19968.199851486115,19968.839233921513,"trajectory(x(t),y(t),z(t))",certified relay position at same global t,fixed G01,True,False
Q2-003,631,19968.839233921513,19969.313570983224,"trajectory(x(t),y(t),z(t))",certified relay position at same global t,fixed G01,True,False
Q2-003,632,19969.313570983224,19969.787908044935,"trajectory(x(t),y(t),z(t))",certified relay position at same global t,fixed G01,True,False
Q2-003,633,19969.787908044935,19970.90162754207,"trajectory(x(t),y(t),z(t))",certified relay position at same global t,fixed G01,True,False
Q2-003,634,19970.90162754207,19972.015347039203,"trajectory(x(t),y(t),z(t))",certified relay position at same global t,fixed G01,True,False
Q2-003,635,19972.015347039203,19972.91274063558,"trajectory(x(t),y(t),z(t))",certified relay position at same global t,fixed G01,True,False
Q2-003,636,19972.91274063558,19973.810134231957,"trajectory(x(t),y(t),z(t))",certified relay position at same global t,fixed G01,True,False
Q2-003,637,19973.810134231957,19974.02646013269,"trajectory(x(t),y(t),z(t))",certified relay position at same global t,fixed G01,True,False
Q2-003,638,19974.02646013269,19974.24278603342,"trajectory(x(t),y(t),z(t))",certified relay position at same global t,fixed G01,True,False
Q2-003,639,19974.24278603342,19975.356505530526,"trajectory(x(t),y(t),z(t))",certified relay position at same global t,fixed G01,True,False
Q2-003,640,19975.356505530526,19976.47022502763,"trajectory(x(t),y(t),z(t))",certified relay position at same global t,fixed G01,True,False
Q2-003,641,19976.47022502763,19977.583944524766,"trajectory(x(t),y(t),z(t))",certified relay position at same global t,fixed G01,True,False
Q2-003,642,19977.583944524766,19978.6976640219,"trajectory(x(t),y(t),z(t))",certified relay position at same global t,fixed G01,True,False
Q2-003,643,19978.6976640219,19978.739349281892,"trajectory(x(t),y(t),z(t))",certified relay position at same global t,fixed G01,True,False
Q2-003,644,19978.739349281892,19978.781034541884,"trajectory(x(t),y(t),z(t))",certified relay position at same global t,fixed G01,True,False
Q2-003,645,19978.781034541884,19979.49396106435,"trajectory(x(t),y(t),z(t))",certified relay position at same global t,fixed G01,True,False
Q2-003,646,19979.49396106435,19980.206887586814,"trajectory(x(t),y(t),z(t))",certified relay position at same global t,fixed G01,True,False
Q2-003,647,19980.206887586814,20015.98858924697,"trajectory(x(t),y(t),z(t))",certified relay position at same global t,fixed G01,True,False
Q2-003,648,20015.98858924697,20225.98858924697,"trajectory(x(t),y(t),z(t))",certified relay position at same global t,fixed G01,True,False
Q2-003,649,20225.98858924697,20255.806673963765,"trajectory(x(t),y(t),z(t))",certified relay position at same global t,fixed G01,True,False
Q2-003,650,20255.806673963765,20256.51960048623,"trajectory(x(t),y(t),z(t))",certified relay position at same global t,fixed G01,True,False
Q2-003,651,20256.51960048623,20257.232527008695,"trajectory(x(t),y(t),z(t))",certified relay position at same global t,fixed G01,True,False
Q2-003,652,20257.232527008695,20257.274212268687,"trajectory(x(t),y(t),z(t))",certified relay position at same global t,fixed G01,True,False
Q2-003,653,20257.274212268687,20257.31589752868,"trajectory(x(t),y(t),z(t))",certified relay position at same global t,fixed G01,True,False
Q2-003,654,20257.31589752868,20258.429617025813,"trajectory(x(t),y(t),z(t))",certified relay position at same global t,fixed G01,True,False
Q2-003,655,20258.429617025813,20259.543336522947,"trajectory(x(t),y(t),z(t))",certified relay position at same global t,fixed G01,True,False
Q2-003,656,20259.543336522947,20260.657056020053,"trajectory(x(t),y(t),z(t))",certified relay position at same global t,fixed G01,True,False
Q2-003,657,20260.657056020053,20261.770775517158,"trajectory(x(t),y(t),z(t))",certified relay position at same global t,fixed G01,True,False
Q2-003,658,20261.770775517158,20261.98710141789,"trajectory(x(t),y(t),z(t))",certified relay position at same global t,fixed G01,True,False
Q2-003,659,20261.98710141789,20262.203427318622,"trajectory(x(t),y(t),z(t))",certified relay position at same global t,fixed G01,True,False
Q2-003,660,20262.203427318622,20263.100820915,"trajectory(x(t),y(t),z(t))",certified relay position at same global t,fixed G01,True,False
Q2-003,661,20263.100820915,20263.998214511375,"trajectory(x(t),y(t),z(t))",certified relay position at same global t,fixed G01,True,False
Q2-003,662,20263.998214511375,20265.11193400851,"trajectory(x(t),y(t),z(t))",certified relay position at same global t,fixed G01,True,False
Q2-003,663,20265.11193400851,20266.225653505644,"trajectory(x(t),y(t),z(t))",certified relay position at same global t,fixed G01,True,False
Q2-003,664,20266.225653505644,20266.699990567355,"trajectory(x(t),y(t),z(t))",certified relay position at same global t,fixed G01,True,False
Q2-003,665,20266.699990567355,20267.174327629065,"trajectory(x(t),y(t),z(t))",certified relay position at same global t,fixed G01,True,False
Q2-003,666,20267.174327629065,20267.813710064464,"trajectory(x(t),y(t),z(t))",certified relay position at same global t,fixed G01,True,False
Q2-003,667,20267.813710064464,20268.45309249986,"trajectory(x(t),y(t),z(t))",certified relay position at same global t,fixed G01,True,False
Q2-003,668,20268.45309249986,20269.56681199698,"trajectory(x(t),y(t),z(t))",certified relay position at same global t,fixed G01,True,False
Q2-003,669,20269.56681199698,20270.6805314941,"trajectory(x(t),y(t),z(t))",certified relay position at same global t,fixed G01,True,False
Q2-003,670,20270.6805314941,20271.41287971655,"trajectory(x(t),y(t),z(t))",certified relay position at same global t,fixed G01,True,False
Q2-003,671,20271.41287971655,20272.145227939,"trajectory(x(t),y(t),z(t))",certified relay position at same global t,fixed G01,True,False
Q2-003,672,20272.145227939,20272.526599213674,"trajectory(x(t),y(t),z(t))",certified relay position at same global t,fixed G01,True,False
Q2-003,673,20272.526599213674,20272.907970488348,"trajectory(x(t),y(t),z(t))",certified relay position at same global t,fixed G01,True,False
Q2-003,674,20272.907970488348,20274.021689985453,"trajectory(x(t),y(t),z(t))",certified relay position at same global t,fixed G01,True,False
Q2-003,675,20274.021689985453,20275.13540948256,"trajectory(x(t),y(t),z(t))",certified relay position at same global t,fixed G01,True,False
Q2-003,676,20275.13540948256,20276.125768865746,"trajectory(x(t),y(t),z(t))",certified relay position at same global t,fixed G01,True,False
Q2-003,677,20276.125768865746,20277.116128248934,"trajectory(x(t),y(t),z(t))",certified relay position at same global t,fixed G01,True,False
Q2-003,678,20277.116128248934,20277.239488362884,"trajectory(x(t),y(t),z(t))",certified relay position at same global t,fixed G01,True,False
Q2-003,679,20277.239488362884,20277.362848476834,"trajectory(x(t),y(t),z(t))",certified relay position at same global t,fixed G01,True,False
Q2-003,680,20277.362848476834,20278.47656797394,"trajectory(x(t),y(t),z(t))",certified relay position at same global t,fixed G01,True,False
Q2-003,681,20278.47656797394,20279.590287471045,"trajectory(x(t),y(t),z(t))",certified relay position at same global t,fixed G01,True,False
Q2-003,682,20279.590287471045,20280.70400696815,"trajectory(x(t),y(t),z(t))",certified relay position at same global t,fixed G01,True,False
Q2-003,683,20280.70400696815,20281.817726465255,"trajectory(x(t),y(t),z(t))",certified relay position at same global t,fixed G01,True,False
Q2-003,684,20281.817726465255,20281.952377512313,"trajectory(x(t),y(t),z(t))",certified relay position at same global t,fixed G01,True,False
Q2-003,685,20281.952377512313,20282.08702855937,"trajectory(x(t),y(t),z(t))",certified relay position at same global t,fixed G01,True,False
Q2-003,686,20282.08702855937,20283.066097009447,"trajectory(x(t),y(t),z(t))",certified relay position at same global t,fixed G01,True,False
Q2-003,687,20283.066097009447,20284.045165459524,"trajectory(x(t),y(t),z(t))",certified relay position at same global t,fixed G01,True,False
Q2-003,688,20284.045165459524,20285.15888495663,"trajectory(x(t),y(t),z(t))",certified relay position at same global t,fixed G01,True,False
Q2-003,689,20285.15888495663,20286.272604453734,"trajectory(x(t),y(t),z(t))",certified relay position at same global t,fixed G01,True,False
Q2-003,690,20286.272604453734,20286.665266661515,"trajectory(x(t),y(t),z(t))",certified relay position at same global t,fixed G01,True,False
Q2-003,691,20286.665266661515,20287.057928869297,"trajectory(x(t),y(t),z(t))",certified relay position at same global t,fixed G01,True,False
Q2-003,692,20287.057928869297,20287.778986158635,"trajectory(x(t),y(t),z(t))",certified relay position at same global t,fixed G01,True,False
Q2-003,693,20287.778986158635,20288.500043447973,"trajectory(x(t),y(t),z(t))",certified relay position at same global t,fixed G01,True,False
Q2-003,694,20288.500043447973,20289.613762945093,"trajectory(x(t),y(t),z(t))",certified relay position at same global t,fixed G01,True,False
Q2-003,695,20289.613762945093,20290.727482442213,"trajectory(x(t),y(t),z(t))",certified relay position at same global t,fixed G01,True,False
Q2-003,696,20290.727482442213,20291.37815581072,"trajectory(x(t),y(t),z(t))",certified relay position at same global t,fixed G01,True,False
Q2-003,697,20291.37815581072,20292.028829179224,"trajectory(x(t),y(t),z(t))",certified relay position at same global t,fixed G01,True,False
Q2-003,698,20292.028829179224,20292.491875307824,"trajectory(x(t),y(t),z(t))",certified relay position at same global t,fixed G01,True,False
Q2-003,699,20292.491875307824,20292.954921436423,"trajectory(x(t),y(t),z(t))",certified relay position at same global t,fixed G01,True,False
Q2-003,700,20292.954921436423,20294.068640933543,"trajectory(x(t),y(t),z(t))",certified relay position at same global t,fixed G01,True,False
Q2-003,701,20294.068640933543,20295.182360430663,"trajectory(x(t),y(t),z(t))",certified relay position at same global t,fixed G01,True,False
Q2-003,702,20295.182360430663,20296.09104496016,"trajectory(x(t),y(t),z(t))",certified relay position at same global t,fixed G01,True,False
Q2-003,703,20296.09104496016,20296.99972948966,"trajectory(x(t),y(t),z(t))",certified relay position at same global t,fixed G01,True,False
Q2-003,704,20296.99972948966,20297.20476445728,"trajectory(x(t),y(t),z(t))",certified relay position at same global t,fixed G01,True,False
Q2-003,705,20297.20476445728,20297.409799424902,"trajectory(x(t),y(t),z(t))",certified relay position at same global t,fixed G01,True,False
Q2-003,706,20297.409799424902,20298.523518922007,"trajectory(x(t),y(t),z(t))",certified relay position at same global t,fixed G01,True,False
Q2-003,707,20298.523518922007,20299.637238419113,"trajectory(x(t),y(t),z(t))",certified relay position at same global t,fixed G01,True,False
Q2-003,708,20299.637238419113,20300.750957916247,"trajectory(x(t),y(t),z(t))",certified relay position at same global t,fixed G01,True,False
Q2-003,709,20300.750957916247,20301.86467741338,"trajectory(x(t),y(t),z(t))",certified relay position at same global t,fixed G01,True,False
Q2-003,710,20301.86467741338,20301.917653606484,"trajectory(x(t),y(t),z(t))",certified relay position at same global t,fixed G01,True,False
Q2-003,711,20301.917653606484,20301.970629799587,"trajectory(x(t),y(t),z(t))",certified relay position at same global t,fixed G01,True,False
Q2-003,712,20301.970629799587,20303.031373103593,"trajectory(x(t),y(t),z(t))",certified relay position at same global t,fixed G01,True,False
Q2-003,713,20303.031373103593,20304.0921164076,"trajectory(x(t),y(t),z(t))",certified relay position at same global t,fixed G01,True,False
Q2-003,714,20304.0921164076,20305.205835904704,"trajectory(x(t),y(t),z(t))",certified relay position at same global t,fixed G01,True,False
Q2-003,715,20305.205835904704,20306.31955540181,"trajectory(x(t),y(t),z(t))",certified relay position at same global t,fixed G01,True,False
Q2-003,716,20306.31955540181,20306.63054275566,"trajectory(x(t),y(t),z(t))",certified relay position at same global t,fixed G01,True,False
Q2-003,717,20306.63054275566,20306.941530109518,"trajectory(x(t),y(t),z(t))",certified relay position at same global t,fixed G01,True,False
Q2-003,718,20306.941530109518,20307.7442622528,"trajectory(x(t),y(t),z(t))",certified relay position at same global t,fixed G01,True,False
Q2-003,719,20307.7442622528,20308.54699439608,"trajectory(x(t),y(t),z(t))",certified relay position at same global t,fixed G01,True,False
Q2-003,720,20308.54699439608,20309.660713893187,"trajectory(x(t),y(t),z(t))",certified relay position at same global t,fixed G01,True,False
Q2-003,721,20309.660713893187,20310.774433390292,"trajectory(x(t),y(t),z(t))",certified relay position at same global t,fixed G01,True,False
Q2-003,722,20310.774433390292,20311.343431905123,"trajectory(x(t),y(t),z(t))",certified relay position at same global t,fixed G01,True,False
Q2-003,723,20311.343431905123,20311.912430419954,"trajectory(x(t),y(t),z(t))",certified relay position at same global t,fixed G01,True,False
Q2-003,724,20311.912430419954,20312.457151402243,"trajectory(x(t),y(t),z(t))",certified relay position at same global t,fixed G01,True,False
Q2-003,725,20312.457151402243,20313.00187238453,"trajectory(x(t),y(t),z(t))",certified relay position at same global t,fixed G01,True,False
Q2-003,726,20313.00187238453,20314.11559188165,"trajectory(x(t),y(t),z(t))",certified relay position at same global t,fixed G01,True,False
Q2-003,727,20314.11559188165,20315.22931137877,"trajectory(x(t),y(t),z(t))",certified relay position at same global t,fixed G01,True,False
Q2-003,728,20315.22931137877,20316.056321054326,"trajectory(x(t),y(t),z(t))",certified relay position at same global t,fixed G01,True,False
Q2-003,729,20316.056321054326,20316.88333072988,"trajectory(x(t),y(t),z(t))",certified relay position at same global t,fixed G01,True,False
Q2-003,730,20316.88333072988,20317.17004055143,"trajectory(x(t),y(t),z(t))",certified relay position at same global t,fixed G01,True,False
Q2-003,731,20317.17004055143,20317.45675037298,"trajectory(x(t),y(t),z(t))",certified relay position at same global t,fixed G01,True,False
Q2-003,732,20317.45675037298,20318.570469870116,"trajectory(x(t),y(t),z(t))",certified relay position at same global t,fixed G01,True,False
Q2-003,733,20318.570469870116,20319.68418936725,"trajectory(x(t),y(t),z(t))",certified relay position at same global t,fixed G01,True,False
Q2-003,734,20319.68418936725,20320.76921020353,"trajectory(x(t),y(t),z(t))",certified relay position at same global t,fixed G01,True,False
Q2-003,735,20320.76921020353,20321.854231039808,"trajectory(x(t),y(t),z(t))",certified relay position at same global t,fixed G01,True,False
Q2-003,736,20321.854231039808,20321.882929700634,"trajectory(x(t),y(t),z(t))",certified relay position at same global t,fixed G01,True,False
Q2-003,737,20321.882929700634,20321.91162836146,"trajectory(x(t),y(t),z(t))",certified relay position at same global t,fixed G01,True,False
Q2-003,738,20321.91162836146,20323.025347858566,"trajectory(x(t),y(t),z(t))",certified relay position at same global t,fixed G01,True,False
Q2-003,739,20323.025347858566,20324.13906735567,"trajectory(x(t),y(t),z(t))",certified relay position at same global t,fixed G01,True,False
Q2-003,740,20324.13906735567,20325.252786852805,"trajectory(x(t),y(t),z(t))",certified relay position at same global t,fixed G01,True,False
Q2-003,741,20325.252786852805,20326.36650634994,"trajectory(x(t),y(t),z(t))",certified relay position at same global t,fixed G01,True,False
Q2-003,742,20326.36650634994,20326.59581885009,"trajectory(x(t),y(t),z(t))",certified relay position at same global t,fixed G01,True,False
Q2-003,743,20326.59581885009,20326.825131350244,"trajectory(x(t),y(t),z(t))",certified relay position at same global t,fixed G01,True,False
Q2-003,744,20326.825131350244,20327.709538347197,"trajectory(x(t),y(t),z(t))",certified relay position at same global t,fixed G01,True,False
Q2-003,745,20327.709538347197,20328.59394534415,"trajectory(x(t),y(t),z(t))",certified relay position at same global t,fixed G01,True,False
Q2-003,746,20328.59394534415,20329.70766484127,"trajectory(x(t),y(t),z(t))",certified relay position at same global t,fixed G01,True,False
Q2-003,747,20329.70766484127,20330.82138433839,"trajectory(x(t),y(t),z(t))",certified relay position at same global t,fixed G01,True,False
Q2-003,748,20330.82138433839,20331.30870799928,"trajectory(x(t),y(t),z(t))",certified relay position at same global t,fixed G01,True,False
Q2-003,749,20331.30870799928,20331.79603166017,"trajectory(x(t),y(t),z(t))",certified relay position at same global t,fixed G01,True,False
Q2-003,750,20331.79603166017,20332.4224274964,"trajectory(x(t),y(t),z(t))",certified relay position at same global t,fixed G01,True,False
Q2-003,751,20332.4224274964,20333.04882333263,"trajectory(x(t),y(t),z(t))",certified relay position at same global t,fixed G01,True,False
Q2-003,752,20333.04882333263,20334.162542829734,"trajectory(x(t),y(t),z(t))",certified relay position at same global t,fixed G01,True,False
Q2-003,753,20334.162542829734,20335.27626232684,"trajectory(x(t),y(t),z(t))",certified relay position at same global t,fixed G01,True,False
Q2-003,754,20335.27626232684,20336.02159714847,"trajectory(x(t),y(t),z(t))",certified relay position at same global t,fixed G01,True,False
Q2-003,755,20336.02159714847,20336.766931970098,"trajectory(x(t),y(t),z(t))",certified relay position at same global t,fixed G01,True,False
Q2-003,756,20336.766931970098,20337.13531664559,"trajectory(x(t),y(t),z(t))",certified relay position at same global t,fixed G01,True,False
Q2-003,757,20337.13531664559,20337.50370132108,"trajectory(x(t),y(t),z(t))",certified relay position at same global t,fixed G01,True,False
Q2-003,758,20337.50370132108,20338.6174208182,"trajectory(x(t),y(t),z(t))",certified relay position at same global t,fixed G01,True,False
Q2-003,759,20338.6174208182,20339.731140315318,"trajectory(x(t),y(t),z(t))",certified relay position at same global t,fixed G01,True,False
Q2-003,760,20339.731140315318,20340.734486297926,"trajectory(x(t),y(t),z(t))",certified relay position at same global t,fixed G01,True,False
Q2-003,761,20340.734486297926,20341.737832280534,"trajectory(x(t),y(t),z(t))",certified relay position at same global t,fixed G01,True,False
Q2-003,762,20341.737832280534,20341.848205795035,"trajectory(x(t),y(t),z(t))",certified relay position at same global t,fixed G01,True,False
Q2-003,763,20341.848205795035,20341.958579309536,"trajectory(x(t),y(t),z(t))",certified relay position at same global t,fixed G01,True,False
Q2-003,764,20341.958579309536,20343.07229880667,"trajectory(x(t),y(t),z(t))",certified relay position at same global t,fixed G01,True,False
Q2-003,765,20343.07229880667,20344.186018303804,"trajectory(x(t),y(t),z(t))",certified relay position at same global t,fixed G01,True,False
Q2-003,766,20344.186018303804,20345.29973780091,"trajectory(x(t),y(t),z(t))",certified relay position at same global t,fixed G01,True,False
Q2-003,767,20345.29973780091,20346.413457298015,"trajectory(x(t),y(t),z(t))",certified relay position at same global t,fixed G01,True,False
Q2-003,768,20346.413457298015,20346.561094944238,"trajectory(x(t),y(t),z(t))",certified relay position at same global t,fixed G01,True,False
Q2-003,769,20346.561094944238,20346.70873259046,"trajectory(x(t),y(t),z(t))",certified relay position at same global t,fixed G01,True,False
Q2-003,770,20346.70873259046,20347.674814441343,"trajectory(x(t),y(t),z(t))",certified relay position at same global t,fixed G01,True,False
Q2-003,771,20347.674814441343,20348.640896292225,"trajectory(x(t),y(t),z(t))",certified relay position at same global t,fixed G01,True,False
Q2-003,772,20348.640896292225,20349.75461578936,"trajectory(x(t),y(t),z(t))",certified relay position at same global t,fixed G01,True,False
Q2-003,773,20349.75461578936,20350.868335286494,"trajectory(x(t),y(t),z(t))",certified relay position at same global t,fixed G01,True,False
Q2-003,774,20350.868335286494,20351.27398409357,"trajectory(x(t),y(t),z(t))",certified relay position at same global t,fixed G01,True,False
Q2-003,775,20351.27398409357,20351.679632900643,"trajectory(x(t),y(t),z(t))",certified relay position at same global t,fixed G01,True,False
Q2-003,776,20351.679632900643,20352.387703590673,"trajectory(x(t),y(t),z(t))",certified relay position at same global t,fixed G01,True,False
Q2-003,777,20352.387703590673,20353.095774280704,"trajectory(x(t),y(t),z(t))",certified relay position at same global t,fixed G01,True,False
Q2-003,778,20353.095774280704,20354.209493777824,"trajectory(x(t),y(t),z(t))",certified relay position at same global t,fixed G01,True,False
Q2-003,779,20354.209493777824,20355.323213274944,"trajectory(x(t),y(t),z(t))",certified relay position at same global t,fixed G01,True,False
Q2-003,780,20355.323213274944,20355.986873242884,"trajectory(x(t),y(t),z(t))",certified relay position at same global t,fixed G01,True,False
Q2-003,781,20355.986873242884,20356.650533210825,"trajectory(x(t),y(t),z(t))",certified relay position at same global t,fixed G01,True,False
Q2-003,782,20356.650533210825,20357.100592740004,"trajectory(x(t),y(t),z(t))",certified relay position at same global t,fixed G01,True,False
Q2-003,783,20357.100592740004,20357.550652269183,"trajectory(x(t),y(t),z(t))",certified relay position at same global t,fixed G01,True,False
Q2-003,784,20357.550652269183,20358.66437176629,"trajectory(x(t),y(t),z(t))",certified relay position at same global t,fixed G01,True,False
Q2-003,785,20358.66437176629,20359.778091263393,"trajectory(x(t),y(t),z(t))",certified relay position at same global t,fixed G01,True,False
Q2-003,786,20359.778091263393,20360.699762392072,"trajectory(x(t),y(t),z(t))",certified relay position at same global t,fixed G01,True,False
Q2-003,787,20360.699762392072,20361.62143352075,"trajectory(x(t),y(t),z(t))",certified relay position at same global t,fixed G01,True,False
Q2-003,788,20361.62143352075,20361.813481889207,"trajectory(x(t),y(t),z(t))",certified relay position at same global t,fixed G01,True,False
Q2-003,789,20361.813481889207,20362.005530257662,"trajectory(x(t),y(t),z(t))",certified relay position at same global t,fixed G01,True,False
Q2-003,790,20362.005530257662,20363.119249754767,"trajectory(x(t),y(t),z(t))",certified relay position at same global t,fixed G01,True,False
Q2-003,791,20363.119249754767,20364.232969251872,"trajectory(x(t),y(t),z(t))",certified relay position at same global t,fixed G01,True,False
Q2-003,792,20364.232969251872,20365.346688748978,"trajectory(x(t),y(t),z(t))",certified relay position at same global t,fixed G01,True,False
Q2-003,793,20365.346688748978,20366.460408246083,"trajectory(x(t),y(t),z(t))",certified relay position at same global t,fixed G01,True,False
Q2-003,794,20366.460408246083,20366.526371038508,"trajectory(x(t),y(t),z(t))",certified relay position at same global t,fixed G01,True,False
Q2-003,795,20366.526371038508,20366.592333830933,"trajectory(x(t),y(t),z(t))",certified relay position at same global t,fixed G01,True,False
Q2-003,796,20366.592333830933,20367.640090535642,"trajectory(x(t),y(t),z(t))",certified relay position at same global t,fixed G01,True,False
Q2-003,797,20367.640090535642,20368.68784724035,"trajectory(x(t),y(t),z(t))",certified relay position at same global t,fixed G01,True,False
Q2-003,798,20368.68784724035,20369.801566737457,"trajectory(x(t),y(t),z(t))",certified relay position at same global t,fixed G01,True,False
Q2-003,799,20369.801566737457,20370.91528623456,"trajectory(x(t),y(t),z(t))",certified relay position at same global t,fixed G01,True,False
Q2-003,800,20370.91528623456,20371.23926018784,"trajectory(x(t),y(t),z(t))",certified relay position at same global t,fixed G01,True,False
Q2-003,801,20371.23926018784,20371.563234141115,"trajectory(x(t),y(t),z(t))",certified relay position at same global t,fixed G01,True,False
Q2-003,802,20371.563234141115,20372.35297968496,"trajectory(x(t),y(t),z(t))",certified relay position at same global t,fixed G01,True,False
Q2-003,803,20372.35297968496,20373.14272522881,"trajectory(x(t),y(t),z(t))",certified relay position at same global t,fixed G01,True,False
Q2-003,804,20373.14272522881,20374.25644472593,"trajectory(x(t),y(t),z(t))",certified relay position at same global t,fixed G01,True,False
Q2-003,805,20374.25644472593,20375.370164223048,"trajectory(x(t),y(t),z(t))",certified relay position at same global t,fixed G01,True,False
Q2-003,806,20375.370164223048,20375.95214933705,"trajectory(x(t),y(t),z(t))",certified relay position at same global t,fixed G01,True,False
Q2-003,807,20375.95214933705,20376.53413445105,"trajectory(x(t),y(t),z(t))",certified relay position at same global t,fixed G01,True,False
Q2-003,808,20376.53413445105,20377.065868834157,"trajectory(x(t),y(t),z(t))",certified relay position at same global t,fixed G01,True,False
Q2-003,809,20377.065868834157,20377.597603217266,"trajectory(x(t),y(t),z(t))",certified relay position at same global t,fixed G01,True,False
Q2-003,810,20377.597603217266,20378.7113227144,"trajectory(x(t),y(t),z(t))",certified relay position at same global t,fixed G01,True,False
Q2-003,811,20378.7113227144,20379.825042211534,"trajectory(x(t),y(t),z(t))",certified relay position at same global t,fixed G01,True,False
Q2-003,812,20379.825042211534,20380.665038486386,"trajectory(x(t),y(t),z(t))",certified relay position at same global t,fixed G01,True,False
Q2-003,813,20380.665038486386,20381.505034761238,"trajectory(x(t),y(t),z(t))",certified relay position at same global t,fixed G01,True,False
Q2-003,814,20381.505034761238,20381.778757983495,"trajectory(x(t),y(t),z(t))",certified relay position at same global t,fixed G01,True,False
Q2-003,815,20381.778757983495,20382.052481205752,"trajectory(x(t),y(t),z(t))",certified relay position at same global t,fixed G01,True,False
Q2-003,816,20382.052481205752,20383.166200702857,"trajectory(x(t),y(t),z(t))",certified relay position at same global t,fixed G01,True,False
Q2-003,817,20383.166200702857,20384.279920199962,"trajectory(x(t),y(t),z(t))",certified relay position at same global t,fixed G01,True,False
Q2-003,818,20384.279920199962,20385.377927635695,"trajectory(x(t),y(t),z(t))",certified relay position at same global t,fixed G01,True,False
Q2-003,819,20385.377927635695,20386.475935071427,"trajectory(x(t),y(t),z(t))",certified relay position at same global t,fixed G01,True,False
Q2-003,820,20386.475935071427,20386.491647132832,"trajectory(x(t),y(t),z(t))",certified relay position at same global t,fixed G01,True,False
Q2-003,821,20386.491647132832,20386.50735919424,"trajectory(x(t),y(t),z(t))",certified relay position at same global t,fixed G01,True,False
Q2-003,822,20386.50735919424,20387.621078691343,"trajectory(x(t),y(t),z(t))",certified relay position at same global t,fixed G01,True,False
Q2-003,823,20387.621078691343,20388.73479818845,"trajectory(x(t),y(t),z(t))",certified relay position at same global t,fixed G01,True,False
Q2-003,824,20388.73479818845,20389.848517685554,"trajectory(x(t),y(t),z(t))",certified relay position at same global t,fixed G01,True,False
Q2-003,825,20389.848517685554,20390.96223718266,"trajectory(x(t),y(t),z(t))",certified relay position at same global t,fixed G01,True,False
Q2-003,826,20390.96223718266,20391.204536282006,"trajectory(x(t),y(t),z(t))",certified relay position at same global t,fixed G01,True,False
Q2-003,827,20391.204536282006,20391.446835381354,"trajectory(x(t),y(t),z(t))",certified relay position at same global t,fixed G01,True,False
Q2-003,828,20391.446835381354,20392.31825577914,"trajectory(x(t),y(t),z(t))",certified relay position at same global t,fixed G01,True,False
Q2-003,829,20392.31825577914,20393.189676176928,"trajectory(x(t),y(t),z(t))",certified relay position at same global t,fixed G01,True,False
Q2-003,830,20393.189676176928,20394.303395674033,"trajectory(x(t),y(t),z(t))",certified relay position at same global t,fixed G01,True,False
Q2-003,831,20394.303395674033,20395.417115171138,"trajectory(x(t),y(t),z(t))",certified relay position at same global t,fixed G01,True,False
Q2-003,832,20395.417115171138,20395.917425431337,"trajectory(x(t),y(t),z(t))",certified relay position at same global t,fixed G01,True,False
Q2-003,833,20395.917425431337,20396.417735691535,"trajectory(x(t),y(t),z(t))",certified relay position at same global t,fixed G01,True,False
Q2-003,834,20396.417735691535,20397.031144928456,"trajectory(x(t),y(t),z(t))",certified relay position at same global t,fixed G01,True,False
Q2-003,835,20397.031144928456,20397.644554165377,"trajectory(x(t),y(t),z(t))",certified relay position at same global t,fixed G01,True,False
Q2-003,836,20397.644554165377,20398.758273662497,"trajectory(x(t),y(t),z(t))",certified relay position at same global t,fixed G01,True,False
Q2-003,837,20398.758273662497,20399.871993159617,"trajectory(x(t),y(t),z(t))",certified relay position at same global t,fixed G01,True,False
Q2-003,838,20399.871993159617,20400.630314580667,"trajectory(x(t),y(t),z(t))",certified relay position at same global t,fixed G01,True,False
Q2-003,839,20400.630314580667,20401.388636001717,"trajectory(x(t),y(t),z(t))",certified relay position at same global t,fixed G01,True,False
Q2-003,840,20401.388636001717,20401.744034077772,"trajectory(x(t),y(t),z(t))",certified relay position at same global t,fixed G01,True,False
Q2-003,841,20401.744034077772,20402.099432153827,"trajectory(x(t),y(t),z(t))",certified relay position at same global t,fixed G01,True,False
Q2-003,842,20402.099432153827,20403.21315165096,"trajectory(x(t),y(t),z(t))",certified relay position at same global t,fixed G01,True,False
Q2-003,843,20403.21315165096,20404.326871148096,"trajectory(x(t),y(t),z(t))",certified relay position at same global t,fixed G01,True,False
Q2-003,844,20404.326871148096,20405.34320372987,"trajectory(x(t),y(t),z(t))",certified relay position at same global t,fixed G01,True,False
Q2-003,845,20405.34320372987,20406.359536311644,"trajectory(x(t),y(t),z(t))",certified relay position at same global t,fixed G01,True,False
Q2-003,846,20406.359536311644,20406.456923226975,"trajectory(x(t),y(t),z(t))",certified relay position at same global t,fixed G01,True,False
Q2-003,847,20406.456923226975,20406.554310142306,"trajectory(x(t),y(t),z(t))",certified relay position at same global t,fixed G01,True,False
Q2-003,848,20406.554310142306,20407.66802963941,"trajectory(x(t),y(t),z(t))",certified relay position at same global t,fixed G01,True,False
Q2-003,849,20407.66802963941,20408.781749136517,"trajectory(x(t),y(t),z(t))",certified relay position at same global t,fixed G01,True,False
Q2-003,850,20408.781749136517,20409.89546863365,"trajectory(x(t),y(t),z(t))",certified relay position at same global t,fixed G01,True,False
Q2-003,851,20409.89546863365,20411.009188130785,"trajectory(x(t),y(t),z(t))",certified relay position at same global t,fixed G01,True,False
Q2-003,852,20411.009188130785,20411.169812376305,"trajectory(x(t),y(t),z(t))",certified relay position at same global t,fixed G01,True,False
Q2-003,853,20411.169812376305,20411.330436621825,"trajectory(x(t),y(t),z(t))",certified relay position at same global t,fixed G01,True,False
Q2-003,854,20411.330436621825,20412.283531873414,"trajectory(x(t),y(t),z(t))",certified relay position at same global t,fixed G01,True,False
Q2-003,855,20412.283531873414,20413.236627125003,"trajectory(x(t),y(t),z(t))",certified relay position at same global t,fixed G01,True,False
Q2-003,856,20413.236627125003,20414.350346622123,"trajectory(x(t),y(t),z(t))",certified relay position at same global t,fixed G01,True,False
Q2-003,857,20414.350346622123,20415.464066119242,"trajectory(x(t),y(t),z(t))",certified relay position at same global t,fixed G01,True,False
Q2-003,858,20415.464066119242,20415.88270152563,"trajectory(x(t),y(t),z(t))",certified relay position at same global t,fixed G01,True,False
Q2-003,859,20415.88270152563,20416.301336932014,"trajectory(x(t),y(t),z(t))",certified relay position at same global t,fixed G01,True,False
Q2-003,860,20416.301336932014,20416.99642102275,"trajectory(x(t),y(t),z(t))",certified relay position at same global t,fixed G01,True,False
Q2-003,861,20416.99642102275,20417.69150511349,"trajectory(x(t),y(t),z(t))",certified relay position at same global t,fixed G01,True,False
Q2-003,862,20417.69150511349,20418.805224610594,"trajectory(x(t),y(t),z(t))",certified relay position at same global t,fixed G01,True,False
Q2-003,863,20418.805224610594,20419.9189441077,"trajectory(x(t),y(t),z(t))",certified relay position at same global t,fixed G01,True,False
Q2-003,864,20419.9189441077,20420.595590674824,"trajectory(x(t),y(t),z(t))",certified relay position at same global t,fixed G01,True,False
Q2-003,865,20420.595590674824,20421.27223724195,"trajectory(x(t),y(t),z(t))",certified relay position at same global t,fixed G01,True,False
Q2-003,866,20421.27223724195,20421.709310171962,"trajectory(x(t),y(t),z(t))",certified relay position at same global t,fixed G01,True,False
Q2-003,867,20421.709310171962,20422.146383101976,"trajectory(x(t),y(t),z(t))",certified relay position at same global t,fixed G01,True,False
Q2-003,868,20422.146383101976,20423.26010259908,"trajectory(x(t),y(t),z(t))",certified relay position at same global t,fixed G01,True,False
Q2-003,869,20423.26010259908,20424.373822096186,"trajectory(x(t),y(t),z(t))",certified relay position at same global t,fixed G01,True,False
Q2-003,870,20424.373822096186,20425.308479824285,"trajectory(x(t),y(t),z(t))",certified relay position at same global t,fixed G01,True,False
Q2-003,871,20425.308479824285,20426.243137552385,"trajectory(x(t),y(t),z(t))",certified relay position at same global t,fixed G01,True,False
Q2-003,872,20426.243137552385,20426.42219932139,"trajectory(x(t),y(t),z(t))",certified relay position at same global t,fixed G01,True,False
Q2-003,873,20426.42219932139,20426.601261090396,"trajectory(x(t),y(t),z(t))",certified relay position at same global t,fixed G01,True,False
Q2-003,874,20426.601261090396,20427.71498058753,"trajectory(x(t),y(t),z(t))",certified relay position at same global t,fixed G01,True,False
Q2-003,875,20427.71498058753,20428.828700084665,"trajectory(x(t),y(t),z(t))",certified relay position at same global t,fixed G01,True,False
Q2-003,876,20428.828700084665,20429.94241958177,"trajectory(x(t),y(t),z(t))",certified relay position at same global t,fixed G01,True,False
Q2-003,877,20429.94241958177,20431.056139078875,"trajectory(x(t),y(t),z(t))",certified relay position at same global t,fixed G01,True,False
Q2-003,878,20431.056139078875,20431.135088470593,"trajectory(x(t),y(t),z(t))",certified relay position at same global t,fixed G01,True,False
Q2-003,879,20431.135088470593,20431.21403786231,"trajectory(x(t),y(t),z(t))",certified relay position at same global t,fixed G01,True,False
Q2-003,880,20431.21403786231,20432.2488079677,"trajectory(x(t),y(t),z(t))",certified relay position at same global t,fixed G01,True,False
Q2-003,881,20432.2488079677,20433.283578073086,"trajectory(x(t),y(t),z(t))",certified relay position at same global t,fixed G01,True,False
Q2-003,882,20433.283578073086,20434.39729757022,"trajectory(x(t),y(t),z(t))",certified relay position at same global t,fixed G01,True,False
Q2-003,883,20434.39729757022,20435.511017067354,"trajectory(x(t),y(t),z(t))",certified relay position at same global t,fixed G01,True,False
Q2-003,884,20435.511017067354,20435.847977619796,"trajectory(x(t),y(t),z(t))",certified relay position at same global t,fixed G01,True,False
Q2-003,885,20435.847977619796,20436.18493817224,"trajectory(x(t),y(t),z(t))",certified relay position at same global t,fixed G01,True,False
Q2-003,886,20436.18493817224,20436.9616971169,"trajectory(x(t),y(t),z(t))",certified relay position at same global t,fixed G01,True,False
Q2-003,887,20436.9616971169,20437.738456061565,"trajectory(x(t),y(t),z(t))",certified relay position at same global t,fixed G01,True,False
Q2-003,888,20437.738456061565,20438.852175558684,"trajectory(x(t),y(t),z(t))",certified relay position at same global t,fixed G01,True,False
Q2-003,889,20438.852175558684,20439.965895055804,"trajectory(x(t),y(t),z(t))",certified relay position at same global t,fixed G01,True,False
Q2-003,890,20439.965895055804,20440.56086676924,"trajectory(x(t),y(t),z(t))",certified relay position at same global t,fixed G01,True,False
Q2-003,891,20440.56086676924,20441.155838482675,"trajectory(x(t),y(t),z(t))",certified relay position at same global t,fixed G01,True,False
Q2-003,892,20441.155838482675,20441.67458626636,"trajectory(x(t),y(t),z(t))",certified relay position at same global t,fixed G01,True,False
Q2-003,893,20441.67458626636,20442.193334050044,"trajectory(x(t),y(t),z(t))",certified relay position at same global t,fixed G01,True,False
Q2-003,894,20442.193334050044,20443.30705354715,"trajectory(x(t),y(t),z(t))",certified relay position at same global t,fixed G01,True,False
Q2-003,895,20443.30705354715,20444.420773044254,"trajectory(x(t),y(t),z(t))",certified relay position at same global t,fixed G01,True,False
Q2-003,896,20444.420773044254,20445.273755918428,"trajectory(x(t),y(t),z(t))",certified relay position at same global t,fixed G01,True,False
Q2-003,897,20445.273755918428,20446.126738792602,"trajectory(x(t),y(t),z(t))",certified relay position at same global t,fixed G01,True,False
Q2-003,898,20446.126738792602,20446.387475415562,"trajectory(x(t),y(t),z(t))",certified relay position at same global t,fixed G01,True,False
Q2-003,899,20446.387475415562,20446.648212038523,"trajectory(x(t),y(t),z(t))",certified relay position at same global t,fixed G01,True,False
Q2-003,900,20446.648212038523,20447.761931535628,"trajectory(x(t),y(t),z(t))",certified relay position at same global t,fixed G01,True,False
Q2-003,901,20447.761931535628,20448.875651032733,"trajectory(x(t),y(t),z(t))",certified relay position at same global t,fixed G01,True,False
Q2-003,902,20448.875651032733,20449.98664506763,"trajectory(x(t),y(t),z(t))",certified relay position at same global t,fixed G01,True,False
Q2-003,903,20449.98664506763,20451.09763910253,"trajectory(x(t),y(t),z(t))",certified relay position at same global t,fixed G01,True,False
Q2-003,904,20451.09763910253,20451.10036456474,"trajectory(x(t),y(t),z(t))",certified relay position at same global t,fixed G01,True,False
Q2-003,905,20451.10036456474,20451.10309002695,"trajectory(x(t),y(t),z(t))",certified relay position at same global t,fixed G01,True,False
Q2-003,906,20451.10309002695,20452.216809524085,"trajectory(x(t),y(t),z(t))",certified relay position at same global t,fixed G01,True,False
Q2-003,907,20452.216809524085,20453.33052902122,"trajectory(x(t),y(t),z(t))",certified relay position at same global t,fixed G01,True,False
Q2-003,908,20453.33052902122,20454.444248518324,"trajectory(x(t),y(t),z(t))",certified relay position at same global t,fixed G01,True,False
Q2-003,909,20454.444248518324,20455.55796801543,"trajectory(x(t),y(t),z(t))",certified relay position at same global t,fixed G01,True,False
Q2-003,910,20455.55796801543,20455.813253714197,"trajectory(x(t),y(t),z(t))",certified relay position at same global t,fixed G01,True,False
Q2-003,911,20455.813253714197,20456.068539412965,"trajectory(x(t),y(t),z(t))",certified relay position at same global t,fixed G01,True,False
Q2-003,912,20456.068539412965,20456.926973211317,"trajectory(x(t),y(t),z(t))",certified relay position at same global t,fixed G01,True,False
Q2-003,913,20456.926973211317,20457.78540700967,"trajectory(x(t),y(t),z(t))",certified relay position at same global t,fixed G01,True,False
Q2-003,914,20457.78540700967,20458.89912650679,"trajectory(x(t),y(t),z(t))",certified relay position at same global t,fixed G01,True,False
Q2-003,915,20458.89912650679,20460.01284600391,"trajectory(x(t),y(t),z(t))",certified relay position at same global t,fixed G01,True,False
Q2-003,916,20460.01284600391,20460.5261428634,"trajectory(x(t),y(t),z(t))",certified relay position at same global t,fixed G01,True,False
Q2-003,917,20460.5261428634,20461.039439722892,"trajectory(x(t),y(t),z(t))",certified relay position at same global t,fixed G01,True,False
Q2-003,918,20461.039439722892,20461.639862360506,"trajectory(x(t),y(t),z(t))",certified relay position at same global t,fixed G01,True,False
Q2-003,919,20461.639862360506,20462.24028499812,"trajectory(x(t),y(t),z(t))",certified relay position at same global t,fixed G01,True,False
Q2-003,920,20462.24028499812,20463.354004495253,"trajectory(x(t),y(t),z(t))",certified relay position at same global t,fixed G01,True,False
Q2-003,921,20463.354004495253,20464.467723992388,"trajectory(x(t),y(t),z(t))",certified relay position at same global t,fixed G01,True,False
Q2-003,922,20464.467723992388,20465.239032012603,"trajectory(x(t),y(t),z(t))",certified relay position at same global t,fixed G01,True,False
Q2-003,923,20465.239032012603,20466.01034003282,"trajectory(x(t),y(t),z(t))",certified relay position at same global t,fixed G01,True,False
Q2-003,924,20466.01034003282,20466.35275150971,"trajectory(x(t),y(t),z(t))",certified relay position at same global t,fixed G01,True,False
Q2-003,925,20466.35275150971,20466.695162986598,"trajectory(x(t),y(t),z(t))",certified relay position at same global t,fixed G01,True,False
Q2-003,926,20466.695162986598,20467.808882483703,"trajectory(x(t),y(t),z(t))",certified relay position at same global t,fixed G01,True,False
Q2-003,927,20467.808882483703,20468.92260198081,"trajectory(x(t),y(t),z(t))",certified relay position at same global t,fixed G01,True,False
Q2-003,928,20468.92260198081,20469.95192116203,"trajectory(x(t),y(t),z(t))",certified relay position at same global t,fixed G01,True,False
Q2-003,929,20469.95192116203,20470.981240343255,"trajectory(x(t),y(t),z(t))",certified relay position at same global t,fixed G01,True,False
Q2-003,930,20470.981240343255,20471.065640659166,"trajectory(x(t),y(t),z(t))",certified relay position at same global t,fixed G01,True,False
Q2-003,931,20471.065640659166,20471.150040975077,"trajectory(x(t),y(t),z(t))",certified relay position at same global t,fixed G01,True,False
Q2-003,932,20471.150040975077,20472.263760472182,"trajectory(x(t),y(t),z(t))",certified relay position at same global t,fixed G01,True,False
Q2-003,933,20472.263760472182,20473.377479969287,"trajectory(x(t),y(t),z(t))",certified relay position at same global t,fixed G01,True,False
Q2-003,934,20473.377479969287,20474.491199466407,"trajectory(x(t),y(t),z(t))",certified relay position at same global t,fixed G01,True,False
Q2-003,935,20474.491199466407,20475.604918963527,"trajectory(x(t),y(t),z(t))",certified relay position at same global t,fixed G01,True,False
Q2-003,936,20475.604918963527,20475.778529808355,"trajectory(x(t),y(t),z(t))",certified relay position at same global t,fixed G01,True,False
Q2-003,937,20475.778529808355,20475.952140653182,"trajectory(x(t),y(t),z(t))",certified relay position at same global t,fixed G01,True,False
Q2-003,938,20475.952140653182,20476.892249305474,"trajectory(x(t),y(t),z(t))",certified relay position at same global t,fixed G01,True,False
Q2-003,939,20476.892249305474,20477.832357957766,"trajectory(x(t),y(t),z(t))",certified relay position at same global t,fixed G01,True,False
Q2-003,940,20477.832357957766,20478.94607745487,"trajectory(x(t),y(t),z(t))",certified relay position at same global t,fixed G01,True,False
Q2-003,941,20478.94607745487,20480.059796951977,"trajectory(x(t),y(t),z(t))",certified relay position at same global t,fixed G01,True,False
Q2-003,942,20480.059796951977,20480.491418957543,"trajectory(x(t),y(t),z(t))",certified relay position at same global t,fixed G01,True,False
Q2-003,943,20480.491418957543,20480.92304096311,"trajectory(x(t),y(t),z(t))",certified relay position at same global t,fixed G01,True,False
Q2-003,944,20480.92304096311,20481.605138454663,"trajectory(x(t),y(t),z(t))",certified relay position at same global t,fixed G01,True,False
Q2-003,945,20481.605138454663,20482.287235946216,"trajectory(x(t),y(t),z(t))",certified relay position at same global t,fixed G01,True,False
Q2-003,946,20482.287235946216,20483.400955443336,"trajectory(x(t),y(t),z(t))",certified relay position at same global t,fixed G01,True,False
Q2-003,947,20483.400955443336,20484.514674940456,"trajectory(x(t),y(t),z(t))",certified relay position at same global t,fixed G01,True,False
Q2-003,948,20484.514674940456,20485.204308107,"trajectory(x(t),y(t),z(t))",certified relay position at same global t,fixed G01,True,False
Q2-003,949,20485.204308107,20485.893941273545,"trajectory(x(t),y(t),z(t))",certified relay position at same global t,fixed G01,True,False
Q2-003,950,20485.893941273545,20486.31802760411,"trajectory(x(t),y(t),z(t))",certified relay position at same global t,fixed G01,True,False
Q2-003,951,20486.31802760411,20486.742113934673,"trajectory(x(t),y(t),z(t))",certified relay position at same global t,fixed G01,True,False
Q2-003,952,20486.742113934673,20487.855833431808,"trajectory(x(t),y(t),z(t))",certified relay position at same global t,fixed G01,True,False
Q2-003,953,20487.855833431808,20488.969552928942,"trajectory(x(t),y(t),z(t))",certified relay position at same global t,fixed G01,True,False
Q2-004,343,545.0405806667713,546.1543001639064,"trajectory(x(t),y(t),z(t))",certified relay position at same global t,fixed G01,True,False
Q2-004,344,546.1543001639064,547.2680196610415,"trajectory(x(t),y(t),z(t))",certified relay position at same global t,fixed G01,True,False
Q2-004,345,547.2680196610415,547.6921059916042,"trajectory(x(t),y(t),z(t))",certified relay position at same global t,fixed G01,True,False
Q2-004,346,547.6921059916042,548.1161923221669,"trajectory(x(t),y(t),z(t))",certified relay position at same global t,fixed G01,True,False
Q2-004,347,548.1161923221669,548.8058254887109,"trajectory(x(t),y(t),z(t))",certified relay position at same global t,fixed G01,True,False
Q2-004,348,548.8058254887109,549.4954586552549,"trajectory(x(t),y(t),z(t))",certified relay position at same global t,fixed G01,True,False
Q2-004,349,549.4954586552549,550.6091781523758,"trajectory(x(t),y(t),z(t))",certified relay position at same global t,fixed G01,True,False
Q2-004,350,550.6091781523758,551.7228976494966,"trajectory(x(t),y(t),z(t))",certified relay position at same global t,fixed G01,True,False
Q2-004,351,551.7228976494966,552.4049951410519,"trajectory(x(t),y(t),z(t))",certified relay position at same global t,fixed G01,True,False
Q2-004,352,552.4049951410519,553.0870926326072,"trajectory(x(t),y(t),z(t))",certified relay position at same global t,fixed G01,True,False
Q2-004,353,553.0870926326072,553.5187146381728,"trajectory(x(t),y(t),z(t))",certified relay position at same global t,fixed G01,True,False
Q2-004,354,553.5187146381728,553.9503366437385,"trajectory(x(t),y(t),z(t))",certified relay position at same global t,fixed G01,True,False
Q2-004,355,553.9503366437385,555.0640561408452,"trajectory(x(t),y(t),z(t))",certified relay position at same global t,fixed G01,True,False
Q2-004,356,555.0640561408452,556.1777756379519,"trajectory(x(t),y(t),z(t))",certified relay position at same global t,fixed G01,True,False
Q2-004,357,556.1777756379519,557.1178842902455,"trajectory(x(t),y(t),z(t))",certified relay position at same global t,fixed G01,True,False
Q2-004,358,557.1178842902455,558.057992942539,"trajectory(x(t),y(t),z(t))",certified relay position at same global t,fixed G01,True,False
Q2-004,359,558.057992942539,558.2316037873663,"trajectory(x(t),y(t),z(t))",certified relay position at same global t,fixed G01,True,False
Q2-004,360,558.2316037873663,558.4052146321937,"trajectory(x(t),y(t),z(t))",certified relay position at same global t,fixed G01,True,False
Q2-004,361,558.4052146321937,559.5189341293146,"trajectory(x(t),y(t),z(t))",certified relay position at same global t,fixed G01,True,False
Q2-004,362,559.5189341293146,560.6326536264355,"trajectory(x(t),y(t),z(t))",certified relay position at same global t,fixed G01,True,False
Q2-004,363,560.6326536264355,561.7463731235422,"trajectory(x(t),y(t),z(t))",certified relay position at same global t,fixed G01,True,False
Q2-004,364,561.7463731235422,562.8600926206489,"trajectory(x(t),y(t),z(t))",certified relay position at same global t,fixed G01,True,False
Q2-004,365,562.8600926206489,562.9444929365598,"trajectory(x(t),y(t),z(t))",certified relay position at same global t,fixed G01,True,False
Q2-004,366,562.9444929365598,563.0288932524708,"trajectory(x(t),y(t),z(t))",certified relay position at same global t,fixed G01,True,False
Q2-004,367,563.0288932524708,564.0582124336948,"trajectory(x(t),y(t),z(t))",certified relay position at same global t,fixed G01,True,False
Q2-004,368,564.0582124336948,565.087531614919,"trajectory(x(t),y(t),z(t))",certified relay position at same global t,fixed G01,True,False
Q2-004,369,565.087531614919,566.2012511120257,"trajectory(x(t),y(t),z(t))",certified relay position at same global t,fixed G01,True,False
Q2-004,370,566.2012511120257,567.3149706091324,"trajectory(x(t),y(t),z(t))",certified relay position at same global t,fixed G01,True,False
Q2-004,371,567.3149706091324,567.6573820860217,"trajectory(x(t),y(t),z(t))",certified relay position at same global t,fixed G01,True,False
Q2-004,372,567.6573820860217,567.999793562911,"trajectory(x(t),y(t),z(t))",certified relay position at same global t,fixed G01,True,False
Q2-004,373,567.999793562911,568.7711015831284,"trajectory(x(t),y(t),z(t))",certified relay position at same global t,fixed G01,True,False
Q2-004,374,568.7711015831284,569.5424096033457,"trajectory(x(t),y(t),z(t))",certified relay position at same global t,fixed G01,True,False
Q2-004,375,569.5424096033457,570.6561291004808,"trajectory(x(t),y(t),z(t))",certified relay position at same global t,fixed G01,True,False
Q2-004,376,570.6561291004808,571.7698485976159,"trajectory(x(t),y(t),z(t))",certified relay position at same global t,fixed G01,True,False
Q2-004,377,571.7698485976159,572.3702712352293,"trajectory(x(t),y(t),z(t))",certified relay position at same global t,fixed G01,True,False
Q2-004,378,572.3702712352293,572.9706938728426,"trajectory(x(t),y(t),z(t))",certified relay position at same global t,fixed G01,True,False
Q2-004,379,572.9706938728426,573.4839907323359,"trajectory(x(t),y(t),z(t))",certified relay position at same global t,fixed G01,True,False
Q2-004,380,573.4839907323359,573.9972875918291,"trajectory(x(t),y(t),z(t))",certified relay position at same global t,fixed G01,True,False
Q2-004,381,573.9972875918291,575.11100708895,"trajectory(x(t),y(t),z(t))",certified relay position at same global t,fixed G01,True,False
Q2-004,382,575.11100708895,576.2247265860709,"trajectory(x(t),y(t),z(t))",certified relay position at same global t,fixed G01,True,False
Q2-004,383,576.2247265860709,577.0831603844226,"trajectory(x(t),y(t),z(t))",certified relay position at same global t,fixed G01,True,False
Q2-004,384,577.0831603844226,577.9415941827742,"trajectory(x(t),y(t),z(t))",certified relay position at same global t,fixed G01,True,False
Q2-004,385,577.9415941827742,578.1968798815434,"trajectory(x(t),y(t),z(t))",certified relay position at same global t,fixed G01,True,False
Q2-004,386,578.1968798815434,578.4521655803126,"trajectory(x(t),y(t),z(t))",certified relay position at same global t,fixed G01,True,False
Q2-004,387,578.4521655803126,579.5658850774192,"trajectory(x(t),y(t),z(t))",certified relay position at same global t,fixed G01,True,False
Q2-004,388,579.5658850774192,580.6796045745259,"trajectory(x(t),y(t),z(t))",certified relay position at same global t,fixed G01,True,False
Q2-004,389,580.6796045745259,581.793324071661,"trajectory(x(t),y(t),z(t))",certified relay position at same global t,fixed G01,True,False
Q2-004,390,581.793324071661,582.9070435687961,"trajectory(x(t),y(t),z(t))",certified relay position at same global t,fixed G01,True,False
Q2-004,391,582.9070435687961,582.9097690310052,"trajectory(x(t),y(t),z(t))",certified relay position at same global t,fixed G01,True,False
Q2-004,392,582.9097690310052,582.9124944932145,"trajectory(x(t),y(t),z(t))",certified relay position at same global t,fixed G01,True,False
Q2-004,393,582.9124944932145,584.0234885281119,"trajectory(x(t),y(t),z(t))",certified relay position at same global t,fixed G01,True,False
Q2-004,394,584.0234885281119,585.1344825630093,"trajectory(x(t),y(t),z(t))",certified relay position at same global t,fixed G01,True,False
Q2-004,395,585.1344825630093,586.248202060116,"trajectory(x(t),y(t),z(t))",certified relay position at same global t,fixed G01,True,False
Q2-004,396,586.248202060116,587.3619215572227,"trajectory(x(t),y(t),z(t))",certified relay position at same global t,fixed G01,True,False
Q2-004,397,587.3619215572227,587.6226581801843,"trajectory(x(t),y(t),z(t))",certified relay position at same global t,fixed G01,True,False
Q2-004,398,587.6226581801843,587.883394803146,"trajectory(x(t),y(t),z(t))",certified relay position at same global t,fixed G01,True,False
Q2-004,399,587.883394803146,588.7363776773194,"trajectory(x(t),y(t),z(t))",certified relay position at same global t,fixed G01,True,False
Q2-004,400,588.7363776773194,589.5893605514929,"trajectory(x(t),y(t),z(t))",certified relay position at same global t,fixed G01,True,False
Q2-004,401,589.5893605514929,590.7030800485995,"trajectory(x(t),y(t),z(t))",certified relay position at same global t,fixed G01,True,False
Q2-004,402,590.7030800485995,591.8167995457062,"trajectory(x(t),y(t),z(t))",certified relay position at same global t,fixed G01,True,False
Q2-004,403,591.8167995457062,592.3355473293919,"trajectory(x(t),y(t),z(t))",certified relay position at same global t,fixed G01,True,False
Q2-004,404,592.3355473293919,592.8542951130777,"trajectory(x(t),y(t),z(t))",certified relay position at same global t,fixed G01,True,False
Q2-004,405,592.8542951130777,593.4492668265128,"trajectory(x(t),y(t),z(t))",certified relay position at same global t,fixed G01,True,False
Q2-004,406,593.4492668265128,594.044238539948,"trajectory(x(t),y(t),z(t))",certified relay position at same global t,fixed G01,True,False
Q2-004,407,594.044238539948,595.1579580370689,"trajectory(x(t),y(t),z(t))",certified relay position at same global t,fixed G01,True,False
Q2-004,408,595.1579580370689,596.2716775341897,"trajectory(x(t),y(t),z(t))",certified relay position at same global t,fixed G01,True,False
Q2-004,409,596.2716775341897,597.0484364788539,"trajectory(x(t),y(t),z(t))",certified relay position at same global t,fixed G01,True,False
Q2-004,410,597.0484364788539,597.825195423518,"trajectory(x(t),y(t),z(t))",certified relay position at same global t,fixed G01,True,False
Q2-004,411,597.825195423518,598.1621559759606,"trajectory(x(t),y(t),z(t))",certified relay position at same global t,fixed G01,True,False
Q2-004,412,598.1621559759606,598.4991165284031,"trajectory(x(t),y(t),z(t))",certified relay position at same global t,fixed G01,True,False
Q2-004,413,598.4991165284031,599.6128360255382,"trajectory(x(t),y(t),z(t))",certified relay position at same global t,fixed G01,True,False
Q2-004,414,599.6128360255382,600.7265555226733,"trajectory(x(t),y(t),z(t))",certified relay position at same global t,fixed G01,True,False
Q2-004,415,600.7265555226733,601.7613256280615,"trajectory(x(t),y(t),z(t))",certified relay position at same global t,fixed G01,True,False
Q2-004,416,601.7613256280615,602.7960957334496,"trajectory(x(t),y(t),z(t))",certified relay position at same global t,fixed G01,True,False
Q2-004,417,602.7960957334496,602.8750451251681,"trajectory(x(t),y(t),z(t))",certified relay position at same global t,fixed G01,True,False
Q2-004,418,602.8750451251681,602.9539945168865,"trajectory(x(t),y(t),z(t))",certified relay position at same global t,fixed G01,True,False
Q2-004,419,602.9539945168865,604.0677140139932,"trajectory(x(t),y(t),z(t))",certified relay position at same global t,fixed G01,True,False
Q2-004,420,604.0677140139932,605.1814335110998,"trajectory(x(t),y(t),z(t))",certified relay position at same global t,fixed G01,True,False
Q2-004,421,605.1814335110998,606.2951530082349,"trajectory(x(t),y(t),z(t))",certified relay position at same global t,fixed G01,True,False
Q2-004,422,606.2951530082349,607.40887250537,"trajectory(x(t),y(t),z(t))",certified relay position at same global t,fixed G01,True,False
Q2-004,423,607.40887250537,607.5879342743756,"trajectory(x(t),y(t),z(t))",certified relay position at same global t,fixed G01,True,False
Q2-004,424,607.5879342743756,607.7669960433811,"trajectory(x(t),y(t),z(t))",certified relay position at same global t,fixed G01,True,False
Q2-004,425,607.7669960433811,608.7016537714821,"trajectory(x(t),y(t),z(t))",certified relay position at same global t,fixed G01,True,False
Q2-004,426,608.7016537714821,609.6363114995831,"trajectory(x(t),y(t),z(t))",certified relay position at same global t,fixed G01,True,False
Q2-004,427,609.6363114995831,610.7500309966898,"trajectory(x(t),y(t),z(t))",certified relay position at same global t,fixed G01,True,False
Q2-004,428,610.7500309966898,611.8637504937965,"trajectory(x(t),y(t),z(t))",certified relay position at same global t,fixed G01,True,False
Q2-004,429,611.8637504937965,612.3008234238089,"trajectory(x(t),y(t),z(t))",certified relay position at same global t,fixed G01,True,False
Q2-004,430,612.3008234238089,612.7378963538213,"trajectory(x(t),y(t),z(t))",certified relay position at same global t,fixed G01,True,False
Q2-004,431,612.7378963538213,613.414542920944,"trajectory(x(t),y(t),z(t))",certified relay position at same global t,fixed G01,True,False
Q2-004,432,613.414542920944,614.0911894880667,"trajectory(x(t),y(t),z(t))",certified relay position at same global t,fixed G01,True,False
Q2-004,433,614.0911894880667,615.2049089851733,"trajectory(x(t),y(t),z(t))",certified relay position at same global t,fixed G01,True,False
Q2-004,434,615.2049089851733,616.31862848228,"trajectory(x(t),y(t),z(t))",certified relay position at same global t,fixed G01,True,False
Q2-004,435,616.31862848228,617.0137125730165,"trajectory(x(t),y(t),z(t))",certified relay position at same global t,fixed G01,True,False
Q2-004,436,617.0137125730165,617.708796663753,"trajectory(x(t),y(t),z(t))",certified relay position at same global t,fixed G01,True,False
Q2-004,437,617.708796663753,618.1274320701374,"trajectory(x(t),y(t),z(t))",certified relay position at same global t,fixed G01,True,False
Q2-004,438,618.1274320701374,618.5460674765218,"trajectory(x(t),y(t),z(t))",certified relay position at same global t,fixed G01,True,False
Q2-004,439,618.5460674765218,619.6597869736427,"trajectory(x(t),y(t),z(t))",certified relay position at same global t,fixed G01,True,False
Q2-004,440,619.6597869736427,620.7735064707636,"trajectory(x(t),y(t),z(t))",certified relay position at same global t,fixed G01,True,False
Q2-004,441,620.7735064707636,621.7266017223512,"trajectory(x(t),y(t),z(t))",certified relay position at same global t,fixed G01,True,False
Q2-004,442,621.7266017223512,622.6796969739389,"trajectory(x(t),y(t),z(t))",certified relay position at same global t,fixed G01,True,False
Q2-004,443,622.6796969739389,622.8403212194579,"trajectory(x(t),y(t),z(t))",certified relay position at same global t,fixed G01,True,False
Q2-004,444,622.8403212194579,623.0009454649769,"trajectory(x(t),y(t),z(t))",certified relay position at same global t,fixed G01,True,False
Q2-004,445,623.0009454649769,624.114664962112,"trajectory(x(t),y(t),z(t))",certified relay position at same global t,fixed G01,True,False
Q2-004,446,624.114664962112,625.2283844592471,"trajectory(x(t),y(t),z(t))",certified relay position at same global t,fixed G01,True,False
Q2-004,447,625.2283844592471,626.3421039563538,"trajectory(x(t),y(t),z(t))",certified relay position at same global t,fixed G01,True,False
Q2-004,448,626.3421039563538,627.4558234534604,"trajectory(x(t),y(t),z(t))",certified relay position at same global t,fixed G01,True,False
Q2-004,449,627.4558234534604,627.5532103687927,"trajectory(x(t),y(t),z(t))",certified relay position at same global t,fixed G01,True,False
Q2-004,450,627.5532103687927,627.650597284125,"trajectory(x(t),y(t),z(t))",certified relay position at same global t,fixed G01,True,False
Q2-004,451,627.650597284125,628.6669298658993,"trajectory(x(t),y(t),z(t))",certified relay position at same global t,fixed G01,True,False
Q2-004,452,628.6669298658993,629.6832624476737,"trajectory(x(t),y(t),z(t))",certified relay position at same global t,fixed G01,True,False
Q2-004,453,629.6832624476737,630.7969819448087,"trajectory(x(t),y(t),z(t))",certified relay position at same global t,fixed G01,True,False
Q2-004,454,630.7969819448087,631.9107014419438,"trajectory(x(t),y(t),z(t))",certified relay position at same global t,fixed G01,True,False
Q2-004,455,631.9107014419438,632.2660995180001,"trajectory(x(t),y(t),z(t))",certified relay position at same global t,fixed G01,True,False
Q2-004,456,632.2660995180001,632.6214975940564,"trajectory(x(t),y(t),z(t))",certified relay position at same global t,fixed G01,True,False
Q2-004,457,632.6214975940564,633.3798190151067,"trajectory(x(t),y(t),z(t))",certified relay position at same global t,fixed G01,True,False
Q2-004,458,633.3798190151067,634.1381404361571,"trajectory(x(t),y(t),z(t))",certified relay position at same global t,fixed G01,True,False
Q2-004,459,634.1381404361571,635.251859933278,"trajectory(x(t),y(t),z(t))",certified relay position at same global t,fixed G01,True,False
Q2-004,460,635.251859933278,636.3655794303988,"trajectory(x(t),y(t),z(t))",certified relay position at same global t,fixed G01,True,False
Q2-004,461,636.3655794303988,636.9789886673206,"trajectory(x(t),y(t),z(t))",certified relay position at same global t,fixed G01,True,False
Q2-004,462,636.9789886673206,637.5923979042423,"trajectory(x(t),y(t),z(t))",certified relay position at same global t,fixed G01,True,False
Q2-004,463,637.5923979042423,638.0927081644414,"trajectory(x(t),y(t),z(t))",certified relay position at same global t,fixed G01,True,False
Q2-004,464,638.0927081644414,638.5930184246406,"trajectory(x(t),y(t),z(t))",certified relay position at same global t,fixed G01,True,False
Q2-004,465,638.5930184246406,639.7067379217473,"trajectory(x(t),y(t),z(t))",certified relay position at same global t,fixed G01,True,False
Q2-004,466,639.7067379217473,640.820457418854,"trajectory(x(t),y(t),z(t))",certified relay position at same global t,fixed G01,True,False
Q2-004,467,640.820457418854,641.6918778166412,"trajectory(x(t),y(t),z(t))",certified relay position at same global t,fixed G01,True,False
Q2-004,468,641.6918778166412,642.5632982144284,"trajectory(x(t),y(t),z(t))",certified relay position at same global t,fixed G01,True,False
Q2-004,469,642.5632982144284,642.8055973137764,"trajectory(x(t),y(t),z(t))",certified relay position at same global t,fixed G01,True,False
Q2-004,470,642.8055973137764,643.0478964131242,"trajectory(x(t),y(t),z(t))",certified relay position at same global t,fixed G01,True,False
Q2-004,471,643.0478964131242,644.1616159102309,"trajectory(x(t),y(t),z(t))",certified relay position at same global t,fixed G01,True,False
Q2-004,472,644.1616159102309,645.2753354073376,"trajectory(x(t),y(t),z(t))",certified relay position at same global t,fixed G01,True,False
Q2-004,473,645.2753354073376,646.3890549044443,"trajectory(x(t),y(t),z(t))",certified relay position at same global t,fixed G01,True,False
Q2-004,474,646.3890549044443,647.5027744015509,"trajectory(x(t),y(t),z(t))",certified relay position at same global t,fixed G01,True,False
Q2-004,475,647.5027744015509,647.5184864629556,"trajectory(x(t),y(t),z(t))",certified relay position at same global t,fixed G01,True,False
Q2-004,476,647.5184864629556,647.5341985243602,"trajectory(x(t),y(t),z(t))",certified relay position at same global t,fixed G01,True,False
Q2-004,477,647.5341985243602,648.6322059600907,"trajectory(x(t),y(t),z(t))",certified relay position at same global t,fixed G01,True,False
Q2-004,478,648.6322059600907,649.7302133958212,"trajectory(x(t),y(t),z(t))",certified relay position at same global t,fixed G01,True,False
Q2-004,479,649.7302133958212,650.8439328929279,"trajectory(x(t),y(t),z(t))",certified relay position at same global t,fixed G01,True,False
Q2-004,480,650.8439328929279,651.9576523900346,"trajectory(x(t),y(t),z(t))",certified relay position at same global t,fixed G01,True,False
Q2-004,481,651.9576523900346,652.2313756122904,"trajectory(x(t),y(t),z(t))",certified relay position at same global t,fixed G01,True,False
Q2-004,482,652.2313756122904,652.5050988345463,"trajectory(x(t),y(t),z(t))",certified relay position at same global t,fixed G01,True,False
Q2-004,483,652.5050988345463,653.3450951093971,"trajectory(x(t),y(t),z(t))",certified relay position at same global t,fixed G01,True,False
Q2-004,484,653.3450951093971,654.1850913842479,"trajectory(x(t),y(t),z(t))",certified relay position at same global t,fixed G01,True,False
Q2-004,485,654.1850913842479,655.298810881383,"trajectory(x(t),y(t),z(t))",certified relay position at same global t,fixed G01,True,False
Q2-004,486,655.298810881383,656.4125303785181,"trajectory(x(t),y(t),z(t))",certified relay position at same global t,fixed G01,True,False
Q2-004,487,656.4125303785181,656.9442647616252,"trajectory(x(t),y(t),z(t))",certified relay position at same global t,fixed G01,True,False
Q2-004,488,656.9442647616252,657.4759991447322,"trajectory(x(t),y(t),z(t))",certified relay position at same global t,fixed G01,True,False
Q2-004,489,657.4759991447322,658.0579842587318,"trajectory(x(t),y(t),z(t))",certified relay position at same global t,fixed G01,True,False
Q2-004,490,658.0579842587318,658.6399693727315,"trajectory(x(t),y(t),z(t))",certified relay position at same global t,fixed G01,True,False
Q2-004,491,658.6399693727315,659.7536888698523,"trajectory(x(t),y(t),z(t))",certified relay position at same global t,fixed G01,True,False
Q2-004,492,659.7536888698523,660.8674083669732,"trajectory(x(t),y(t),z(t))",certified relay position at same global t,fixed G01,True,False
Q2-004,493,660.8674083669732,661.6571539108186,"trajectory(x(t),y(t),z(t))",certified relay position at same global t,fixed G01,True,False
Q2-004,494,661.6571539108186,662.4468994546639,"trajectory(x(t),y(t),z(t))",certified relay position at same global t,fixed G01,True,False
Q2-004,495,662.4468994546639,662.7708734079395,"trajectory(x(t),y(t),z(t))",certified relay position at same global t,fixed G01,True,False
Q2-004,496,662.7708734079395,663.094847361215,"trajectory(x(t),y(t),z(t))",certified relay position at same global t,fixed G01,True,False
Q2-004,497,663.094847361215,664.2085668583217,"trajectory(x(t),y(t),z(t))",certified relay position at same global t,fixed G01,True,False
Q2-004,498,664.2085668583217,665.3222863554283,"trajectory(x(t),y(t),z(t))",certified relay position at same global t,fixed G01,True,False
Q2-004,499,665.3222863554283,666.3700430601391,"trajectory(x(t),y(t),z(t))",certified relay position at same global t,fixed G01,True,False
Q2-004,500,666.3700430601391,667.4177997648499,"trajectory(x(t),y(t),z(t))",certified relay position at same global t,fixed G01,True,False
Q2-004,501,667.4177997648499,667.4837625572742,"trajectory(x(t),y(t),z(t))",certified relay position at same global t,fixed G01,True,False
Q2-004,502,667.4837625572742,667.5497253496985,"trajectory(x(t),y(t),z(t))",certified relay position at same global t,fixed G01,True,False
Q2-004,503,667.5497253496985,668.6634448468052,"trajectory(x(t),y(t),z(t))",certified relay position at same global t,fixed G01,True,False
Q2-004,504,668.6634448468052,669.7771643439119,"trajectory(x(t),y(t),z(t))",certified relay position at same global t,fixed G01,True,False
Q2-004,505,669.7771643439119,670.8908838410185,"trajectory(x(t),y(t),z(t))",certified relay position at same global t,fixed G01,True,False
Q2-004,506,670.8908838410185,672.0046033381252,"trajectory(x(t),y(t),z(t))",certified relay position at same global t,fixed G01,True,False
Q2-004,507,672.0046033381252,672.1966517065806,"trajectory(x(t),y(t),z(t))",certified relay position at same global t,fixed G01,True,False
Q2-004,508,672.1966517065806,672.388700075036,"trajectory(x(t),y(t),z(t))",certified relay position at same global t,fixed G01,True,False
Q2-004,509,672.388700075036,673.3103712037158,"trajectory(x(t),y(t),z(t))",certified relay position at same global t,fixed G01,True,False
Q2-004,510,673.3103712037158,674.2320423323956,"trajectory(x(t),y(t),z(t))",certified relay position at same global t,fixed G01,True,False
Q2-004,511,674.2320423323956,675.3457618295023,"trajectory(x(t),y(t),z(t))",certified relay position at same global t,fixed G01,True,False
Q2-004,512,675.3457618295023,676.459481326609,"trajectory(x(t),y(t),z(t))",certified relay position at same global t,fixed G01,True,False
Q2-004,513,676.459481326609,676.9095408557884,"trajectory(x(t),y(t),z(t))",certified relay position at same global t,fixed G01,True,False
Q2-004,514,676.9095408557884,677.3596003849677,"trajectory(x(t),y(t),z(t))",certified relay position at same global t,fixed G01,True,False
Q2-004,515,677.3596003849677,678.0232603529092,"trajectory(x(t),y(t),z(t))",certified relay position at same global t,fixed G01,True,False
Q2-004,516,678.0232603529092,678.6869203208507,"trajectory(x(t),y(t),z(t))",certified relay position at same global t,fixed G01,True,False
Q2-004,517,678.6869203208507,679.8006398179716,"trajectory(x(t),y(t),z(t))",certified relay position at same global t,fixed G01,True,False
Q2-004,518,679.8006398179716,680.9143593150925,"trajectory(x(t),y(t),z(t))",certified relay position at same global t,fixed G01,True,False
Q2-004,519,680.9143593150925,681.6224300051231,"trajectory(x(t),y(t),z(t))",certified relay position at same global t,fixed G01,True,False
Q2-004,520,681.6224300051231,682.3305006951538,"trajectory(x(t),y(t),z(t))",certified relay position at same global t,fixed G01,True,False
Q2-004,521,682.3305006951538,682.7361495022298,"trajectory(x(t),y(t),z(t))",certified relay position at same global t,fixed G01,True,False
Q2-004,522,682.7361495022298,683.1417983093057,"trajectory(x(t),y(t),z(t))",certified relay position at same global t,fixed G01,True,False
Q2-004,523,683.1417983093057,684.2555178064409,"trajectory(x(t),y(t),z(t))",certified relay position at same global t,fixed G01,True,False
Q2-004,524,684.2555178064409,685.369237303576,"trajectory(x(t),y(t),z(t))",certified relay position at same global t,fixed G01,True,False
Q2-004,525,685.369237303576,686.3353191544578,"trajectory(x(t),y(t),z(t))",certified relay position at same global t,fixed G01,True,False
Q2-004,526,686.3353191544578,687.3014010053396,"trajectory(x(t),y(t),z(t))",certified relay position at same global t,fixed G01,True,False
Q2-004,527,687.3014010053396,687.4490386515644,"trajectory(x(t),y(t),z(t))",certified relay position at same global t,fixed G01,True,False
Q2-004,528,687.4490386515644,687.5966762977891,"trajectory(x(t),y(t),z(t))",certified relay position at same global t,fixed G01,True,False
Q2-004,529,687.5966762977891,688.7103957948958,"trajectory(x(t),y(t),z(t))",certified relay position at same global t,fixed G01,True,False
Q2-004,530,688.7103957948958,689.8241152920025,"trajectory(x(t),y(t),z(t))",certified relay position at same global t,fixed G01,True,False
Q2-004,531,689.8241152920025,690.9378347891376,"trajectory(x(t),y(t),z(t))",certified relay position at same global t,fixed G01,True,False
Q2-004,532,690.9378347891376,692.0515542862727,"trajectory(x(t),y(t),z(t))",certified relay position at same global t,fixed G01,True,False
Q2-004,533,692.0515542862727,692.1619278007719,"trajectory(x(t),y(t),z(t))",certified relay position at same global t,fixed G01,True,False
Q2-004,534,692.1619278007719,692.2723013152711,"trajectory(x(t),y(t),z(t))",certified relay position at same global t,fixed G01,True,False
Q2-004,535,692.2723013152711,693.2756472978785,"trajectory(x(t),y(t),z(t))",certified relay position at same global t,fixed G01,True,False
Q2-004,536,693.2756472978785,694.2789932804859,"trajectory(x(t),y(t),z(t))",certified relay position at same global t,fixed G01,True,False
Q2-004,537,694.2789932804859,695.3927127776068,"trajectory(x(t),y(t),z(t))",certified relay position at same global t,fixed G01,True,False
Q2-004,538,695.3927127776068,696.5064322747277,"trajectory(x(t),y(t),z(t))",certified relay position at same global t,fixed G01,True,False
Q2-004,539,696.5064322747277,696.8748169502195,"trajectory(x(t),y(t),z(t))",certified relay position at same global t,fixed G01,True,False
Q2-004,540,696.8748169502195,697.2432016257113,"trajectory(x(t),y(t),z(t))",certified relay position at same global t,fixed G01,True,False
Q2-004,541,697.2432016257113,697.9885364473404,"trajectory(x(t),y(t),z(t))",certified relay position at same global t,fixed G01,True,False
Q2-004,542,697.9885364473404,698.7338712689694,"trajectory(x(t),y(t),z(t))",certified relay position at same global t,fixed G01,True,False
Q2-004,543,698.7338712689694,699.8475907660761,"trajectory(x(t),y(t),z(t))",certified relay position at same global t,fixed G01,True,False
Q2-004,544,699.8475907660761,700.9613102631828,"trajectory(x(t),y(t),z(t))",certified relay position at same global t,fixed G01,True,False
Q2-004,545,700.9613102631828,701.5877060994129,"trajectory(x(t),y(t),z(t))",certified relay position at same global t,fixed G01,True,False
Q2-004,546,701.5877060994129,702.214101935643,"trajectory(x(t),y(t),z(t))",certified relay position at same global t,fixed G01,True,False
Q2-004,547,702.214101935643,702.7014255965338,"trajectory(x(t),y(t),z(t))",certified relay position at same global t,fixed G01,True,False
Q2-004,548,702.7014255965338,703.1887492574245,"trajectory(x(t),y(t),z(t))",certified relay position at same global t,fixed G01,True,False
Q2-004,549,703.1887492574245,704.3024687545454,"trajectory(x(t),y(t),z(t))",certified relay position at same global t,fixed G01,True,False
Q2-004,550,704.3024687545454,705.4161882516663,"trajectory(x(t),y(t),z(t))",certified relay position at same global t,fixed G01,True,False
Q2-004,551,705.4161882516663,706.3005952486205,"trajectory(x(t),y(t),z(t))",certified relay position at same global t,fixed G01,True,False
Q2-004,552,706.3005952486205,707.1850022455748,"trajectory(x(t),y(t),z(t))",certified relay position at same global t,fixed G01,True,False
Q2-004,553,707.1850022455748,707.4143147457272,"trajectory(x(t),y(t),z(t))",certified relay position at same global t,fixed G01,True,False
Q2-004,554,707.4143147457272,707.6436272458797,"trajectory(x(t),y(t),z(t))",certified relay position at same global t,fixed G01,True,False
Q2-004,555,707.6436272458797,708.7573467430148,"trajectory(x(t),y(t),z(t))",certified relay position at same global t,fixed G01,True,False
Q2-004,556,708.7573467430148,709.8710662401498,"trajectory(x(t),y(t),z(t))",certified relay position at same global t,fixed G01,True,False
Q2-004,557,709.8710662401498,710.9847857372565,"trajectory(x(t),y(t),z(t))",certified relay position at same global t,fixed G01,True,False
Q2-004,558,710.9847857372565,712.0985052343632,"trajectory(x(t),y(t),z(t))",certified relay position at same global t,fixed G01,True,False
Q2-004,559,712.0985052343632,712.1272038951892,"trajectory(x(t),y(t),z(t))",certified relay position at same global t,fixed G01,True,False
Q2-004,560,712.1272038951892,712.155902556015,"trajectory(x(t),y(t),z(t))",certified relay position at same global t,fixed G01,True,False
Q2-004,561,712.155902556015,713.2409233922957,"trajectory(x(t),y(t),z(t))",certified relay position at same global t,fixed G01,True,False
Q2-004,562,713.2409233922957,714.3259442285764,"trajectory(x(t),y(t),z(t))",certified relay position at same global t,fixed G01,True,False
Q2-004,563,714.3259442285764,715.4396637257115,"trajectory(x(t),y(t),z(t))",certified relay position at same global t,fixed G01,True,False
Q2-004,564,715.4396637257115,716.5533832228466,"trajectory(x(t),y(t),z(t))",certified relay position at same global t,fixed G01,True,False
Q2-004,565,716.5533832228466,716.8400930443966,"trajectory(x(t),y(t),z(t))",certified relay position at same global t,fixed G01,True,False
Q2-004,566,716.8400930443966,717.1268028659465,"trajectory(x(t),y(t),z(t))",certified relay position at same global t,fixed G01,True,False
Q2-004,567,717.1268028659465,717.9538125415032,"trajectory(x(t),y(t),z(t))",certified relay position at same global t,fixed G01,True,False
Q2-004,568,717.9538125415032,718.78082221706,"trajectory(x(t),y(t),z(t))",certified relay position at same global t,fixed G01,True,False
Q2-004,569,718.78082221706,719.8945417141808,"trajectory(x(t),y(t),z(t))",certified relay position at same global t,fixed G01,True,False
Q2-004,570,719.8945417141808,721.0082612113017,"trajectory(x(t),y(t),z(t))",certified relay position at same global t,fixed G01,True,False
Q2-004,571,721.0082612113017,721.55298219359,"trajectory(x(t),y(t),z(t))",certified relay position at same global t,fixed G01,True,False
Q2-004,572,721.55298219359,722.0977031758782,"trajectory(x(t),y(t),z(t))",certified relay position at same global t,fixed G01,True,False
Q2-004,573,722.0977031758782,722.6667016907109,"trajectory(x(t),y(t),z(t))",certified relay position at same global t,fixed G01,True,False
Q2-004,574,722.6667016907109,723.2357002055434,"trajectory(x(t),y(t),z(t))",certified relay position at same global t,fixed G01,True,False
Q2-004,575,723.2357002055434,724.34941970265,"trajectory(x(t),y(t),z(t))",certified relay position at same global t,fixed G01,True,False
Q2-004,576,724.34941970265,725.4631391997567,"trajectory(x(t),y(t),z(t))",certified relay position at same global t,fixed G01,True,False
Q2-004,577,725.4631391997567,726.2658713430376,"trajectory(x(t),y(t),z(t))",certified relay position at same global t,fixed G01,True,False
Q2-004,578,726.2658713430376,727.0686034863185,"trajectory(x(t),y(t),z(t))",certified relay position at same global t,fixed G01,True,False
Q2-004,579,727.0686034863185,727.3795908401727,"trajectory(x(t),y(t),z(t))",certified relay position at same global t,fixed G01,True,False
Q2-004,580,727.3795908401727,727.6905781940269,"trajectory(x(t),y(t),z(t))",certified relay position at same global t,fixed G01,True,False
Q2-004,581,727.6905781940269,728.8042976911336,"trajectory(x(t),y(t),z(t))",certified relay position at same global t,fixed G01,True,False
Q2-004,582,728.8042976911336,729.9180171882402,"trajectory(x(t),y(t),z(t))",certified relay position at same global t,fixed G01,True,False
Q2-004,583,729.9180171882402,730.9787604922451,"trajectory(x(t),y(t),z(t))",certified relay position at same global t,fixed G01,True,False
Q2-004,584,730.9787604922451,732.0395037962501,"trajectory(x(t),y(t),z(t))",certified relay position at same global t,fixed G01,True,False
Q2-004,585,732.0395037962501,732.0924799893518,"trajectory(x(t),y(t),z(t))",certified relay position at same global t,fixed G01,True,False
Q2-004,586,732.0924799893518,732.1454561824535,"trajectory(x(t),y(t),z(t))",certified relay position at same global t,fixed G01,True,False
Q2-004,587,732.1454561824535,733.2591756795886,"trajectory(x(t),y(t),z(t))",certified relay position at same global t,fixed G01,True,False
Q2-004,588,733.2591756795886,734.3728951767237,"trajectory(x(t),y(t),z(t))",certified relay position at same global t,fixed G01,True,False
Q2-004,589,734.3728951767237,735.4866146738303,"trajectory(x(t),y(t),z(t))",certified relay position at same global t,fixed G01,True,False
Q2-004,590,735.4866146738303,736.600334170937,"trajectory(x(t),y(t),z(t))",certified relay position at same global t,fixed G01,True,False
Q2-004,591,736.600334170937,736.8053691385593,"trajectory(x(t),y(t),z(t))",certified relay position at same global t,fixed G01,True,False
Q2-004,592,736.8053691385593,737.0104041061816,"trajectory(x(t),y(t),z(t))",certified relay position at same global t,fixed G01,True,False
Q2-004,593,737.0104041061816,737.91908863568,"trajectory(x(t),y(t),z(t))",certified relay position at same global t,fixed G01,True,False
Q2-004,594,737.91908863568,738.8277731651785,"trajectory(x(t),y(t),z(t))",certified relay position at same global t,fixed G01,True,False
Q2-004,595,738.8277731651785,739.9414926622994,"trajectory(x(t),y(t),z(t))",certified relay position at same global t,fixed G01,True,False
Q2-004,596,739.9414926622994,741.0552121594203,"trajectory(x(t),y(t),z(t))",certified relay position at same global t,fixed G01,True,False
Q2-004,597,741.0552121594203,741.5182582880211,"trajectory(x(t),y(t),z(t))",certified relay position at same global t,fixed G01,True,False
Q2-004,598,741.5182582880211,741.9813044166218,"trajectory(x(t),y(t),z(t))",certified relay position at same global t,fixed G01,True,False
Q2-004,599,741.9813044166218,742.6319777851278,"trajectory(x(t),y(t),z(t))",certified relay position at same global t,fixed G01,True,False
Q2-004,600,742.6319777851278,743.2826511536338,"trajectory(x(t),y(t),z(t))",certified relay position at same global t,fixed G01,True,False
Q2-004,601,743.2826511536338,744.3963706507546,"trajectory(x(t),y(t),z(t))",certified relay position at same global t,fixed G01,True,False
Q2-004,602,744.3963706507546,745.5100901478755,"trajectory(x(t),y(t),z(t))",certified relay position at same global t,fixed G01,True,False
Q2-004,603,745.5100901478755,746.2311474372145,"trajectory(x(t),y(t),z(t))",certified relay position at same global t,fixed G01,True,False
Q2-004,604,746.2311474372145,746.9522047265535,"trajectory(x(t),y(t),z(t))",certified relay position at same global t,fixed G01,True,False
Q2-004,605,746.9522047265535,747.3448669343354,"trajectory(x(t),y(t),z(t))",certified relay position at same global t,fixed G01,True,False
Q2-004,606,747.3448669343354,747.7375291421173,"trajectory(x(t),y(t),z(t))",certified relay position at same global t,fixed G01,True,False
Q2-004,607,747.7375291421173,748.851248639224,"trajectory(x(t),y(t),z(t))",certified relay position at same global t,fixed G01,True,False
Q2-004,608,748.851248639224,749.9649681363306,"trajectory(x(t),y(t),z(t))",certified relay position at same global t,fixed G01,True,False
Q2-004,609,749.9649681363306,750.944036586408,"trajectory(x(t),y(t),z(t))",certified relay position at same global t,fixed G01,True,False
Q2-004,610,750.944036586408,751.9231050364853,"trajectory(x(t),y(t),z(t))",certified relay position at same global t,fixed G01,True,False
Q2-004,611,751.9231050364853,752.057756083543,"trajectory(x(t),y(t),z(t))",certified relay position at same global t,fixed G01,True,False
Q2-004,612,752.057756083543,752.1924071306008,"trajectory(x(t),y(t),z(t))",certified relay position at same global t,fixed G01,True,False
Q2-004,613,752.1924071306008,753.3061266277075,"trajectory(x(t),y(t),z(t))",certified relay position at same global t,fixed G01,True,False
Q2-004,614,753.3061266277075,754.4198461248142,"trajectory(x(t),y(t),z(t))",certified relay position at same global t,fixed G01,True,False
Q2-004,615,754.4198461248142,755.5335656219208,"trajectory(x(t),y(t),z(t))",certified relay position at same global t,fixed G01,True,False
Q2-004,616,755.5335656219208,756.6472851190275,"trajectory(x(t),y(t),z(t))",certified relay position at same global t,fixed G01,True,False
Q2-004,617,756.6472851190275,756.7706452329766,"trajectory(x(t),y(t),z(t))",certified relay position at same global t,fixed G01,True,False
Q2-004,618,756.7706452329766,756.8940053469255,"trajectory(x(t),y(t),z(t))",certified relay position at same global t,fixed G01,True,False
Q2-004,619,756.8940053469255,757.8843647301117,"trajectory(x(t),y(t),z(t))",certified relay position at same global t,fixed G01,True,False
Q2-004,620,757.8843647301117,758.8747241132978,"trajectory(x(t),y(t),z(t))",certified relay position at same global t,fixed G01,True,False
Q2-004,621,758.8747241132978,759.9884436104045,"trajectory(x(t),y(t),z(t))",certified relay position at same global t,fixed G01,True,False
Q2-004,622,759.9884436104045,761.1021631075112,"trajectory(x(t),y(t),z(t))",certified relay position at same global t,fixed G01,True,False
Q2-004,623,761.1021631075112,761.4835343821843,"trajectory(x(t),y(t),z(t))",certified relay position at same global t,fixed G01,True,False
Q2-004,624,761.4835343821843,761.8649056568574,"trajectory(x(t),y(t),z(t))",certified relay position at same global t,fixed G01,True,False
Q2-004,625,761.8649056568574,762.5972538793052,"trajectory(x(t),y(t),z(t))",certified relay position at same global t,fixed G01,True,False
Q2-004,626,762.5972538793052,763.329602101753,"trajectory(x(t),y(t),z(t))",certified relay position at same global t,fixed G01,True,False
Q2-004,627,763.329602101753,764.4433215988739,"trajectory(x(t),y(t),z(t))",certified relay position at same global t,fixed G01,True,False
Q2-004,628,764.4433215988739,765.5570410959948,"trajectory(x(t),y(t),z(t))",certified relay position at same global t,fixed G01,True,False
Q2-004,629,765.5570410959948,766.1964235313919,"trajectory(x(t),y(t),z(t))",certified relay position at same global t,fixed G01,True,False
Q2-004,630,766.1964235313919,766.835805966789,"trajectory(x(t),y(t),z(t))",certified relay position at same global t,fixed G01,True,False
Q2-004,631,766.835805966789,767.3101430284985,"trajectory(x(t),y(t),z(t))",certified relay position at same global t,fixed G01,True,False
Q2-004,632,767.3101430284985,767.784480090208,"trajectory(x(t),y(t),z(t))",certified relay position at same global t,fixed G01,True,False
Q2-004,633,767.784480090208,768.8981995873431,"trajectory(x(t),y(t),z(t))",certified relay position at same global t,fixed G01,True,False
Q2-004,634,768.8981995873431,770.0119190844782,"trajectory(x(t),y(t),z(t))",certified relay position at same global t,fixed G01,True,False
Q2-004,635,770.0119190844782,770.9093126808538,"trajectory(x(t),y(t),z(t))",certified relay position at same global t,fixed G01,True,False
Q2-004,636,770.9093126808538,771.8067062772292,"trajectory(x(t),y(t),z(t))",certified relay position at same global t,fixed G01,True,False
Q2-004,637,771.8067062772292,772.0230321779603,"trajectory(x(t),y(t),z(t))",certified relay position at same global t,fixed G01,True,False
Q2-004,638,772.0230321779603,772.2393580786915,"trajectory(x(t),y(t),z(t))",certified relay position at same global t,fixed G01,True,False
Q2-004,639,772.2393580786915,773.3530775757981,"trajectory(x(t),y(t),z(t))",certified relay position at same global t,fixed G01,True,False
Q2-004,640,773.3530775757981,774.4667970729048,"trajectory(x(t),y(t),z(t))",certified relay position at same global t,fixed G01,True,False
Q2-004,641,774.4667970729048,775.5805165700399,"trajectory(x(t),y(t),z(t))",certified relay position at same global t,fixed G01,True,False
Q2-004,642,775.5805165700399,776.694236067175,"trajectory(x(t),y(t),z(t))",certified relay position at same global t,fixed G01,True,False
Q2-004,643,776.694236067175,776.7359213271678,"trajectory(x(t),y(t),z(t))",certified relay position at same global t,fixed G01,True,False
Q2-004,644,776.7359213271678,776.7776065871607,"trajectory(x(t),y(t),z(t))",certified relay position at same global t,fixed G01,True,False
Q2-004,645,776.7776065871607,777.4905331096247,"trajectory(x(t),y(t),z(t))",certified relay position at same global t,fixed G01,True,False
Q2-004,646,777.4905331096247,778.2034596320888,"trajectory(x(t),y(t),z(t))",certified relay position at same global t,fixed G01,True,False
Q2-004,647,778.2034596320888,822.9305867072841,"trajectory(x(t),y(t),z(t))",certified relay position at same global t,fixed G01,True,False
Q2-004,648,822.9305867072841,1218.930586707284,"trajectory(x(t),y(t),z(t))",certified relay position at same global t,fixed G01,True,False
Q2-004,649,1218.930586707284,1254.7122883674401,"trajectory(x(t),y(t),z(t))",certified relay position at same global t,fixed G01,True,False
Q2-004,650,1254.7122883674401,1255.4252148899043,"trajectory(x(t),y(t),z(t))",certified relay position at same global t,fixed G01,True,False
Q2-004,651,1255.4252148899043,1256.1381414123682,"trajectory(x(t),y(t),z(t))",certified relay position at same global t,fixed G01,True,False
Q2-004,652,1256.1381414123682,1256.179826672361,"trajectory(x(t),y(t),z(t))",certified relay position at same global t,fixed G01,True,False
Q2-004,653,1256.179826672361,1256.221511932354,"trajectory(x(t),y(t),z(t))",certified relay position at same global t,fixed G01,True,False
Q2-004,654,1256.221511932354,1257.335231429489,"trajectory(x(t),y(t),z(t))",certified relay position at same global t,fixed G01,True,False
Q2-004,655,1257.335231429489,1258.4489509266243,"trajectory(x(t),y(t),z(t))",certified relay position at same global t,fixed G01,True,False
Q2-004,656,1258.4489509266243,1259.562670423731,"trajectory(x(t),y(t),z(t))",certified relay position at same global t,fixed G01,True,False
Q2-004,657,1259.562670423731,1260.6763899208377,"trajectory(x(t),y(t),z(t))",certified relay position at same global t,fixed G01,True,False
Q2-004,658,1260.6763899208377,1260.8927158215688,"trajectory(x(t),y(t),z(t))",certified relay position at same global t,fixed G01,True,False
Q2-004,659,1260.8927158215688,1261.1090417223,"trajectory(x(t),y(t),z(t))",certified relay position at same global t,fixed G01,True,False
Q2-004,660,1261.1090417223,1262.0064353186754,"trajectory(x(t),y(t),z(t))",certified relay position at same global t,fixed G01,True,False
Q2-004,661,1262.0064353186754,1262.9038289150508,"trajectory(x(t),y(t),z(t))",certified relay position at same global t,fixed G01,True,False
Q2-004,662,1262.9038289150508,1264.017548412186,"trajectory(x(t),y(t),z(t))",certified relay position at same global t,fixed G01,True,False
Q2-004,663,1264.017548412186,1265.1312679093212,"trajectory(x(t),y(t),z(t))",certified relay position at same global t,fixed G01,True,False
Q2-004,664,1265.1312679093212,1265.6056049710307,"trajectory(x(t),y(t),z(t))",certified relay position at same global t,fixed G01,True,False
Q2-004,665,1265.6056049710307,1266.0799420327403,"trajectory(x(t),y(t),z(t))",certified relay position at same global t,fixed G01,True,False
Q2-004,666,1266.0799420327403,1266.7193244681375,"trajectory(x(t),y(t),z(t))",certified relay position at same global t,fixed G01,True,False
Q2-004,667,1266.7193244681375,1267.3587069035348,"trajectory(x(t),y(t),z(t))",certified relay position at same global t,fixed G01,True,False
Q2-004,668,1267.3587069035348,1268.4724264006556,"trajectory(x(t),y(t),z(t))",certified relay position at same global t,fixed G01,True,False
Q2-004,669,1268.4724264006556,1269.5861458977765,"trajectory(x(t),y(t),z(t))",certified relay position at same global t,fixed G01,True,False
Q2-004,670,1269.5861458977765,1270.3184941202244,"trajectory(x(t),y(t),z(t))",certified relay position at same global t,fixed G01,True,False
Q2-004,671,1270.3184941202244,1271.0508423426722,"trajectory(x(t),y(t),z(t))",certified relay position at same global t,fixed G01,True,False
Q2-004,672,1271.0508423426722,1271.4322136173453,"trajectory(x(t),y(t),z(t))",certified relay position at same global t,fixed G01,True,False
Q2-004,673,1271.4322136173453,1271.8135848920183,"trajectory(x(t),y(t),z(t))",certified relay position at same global t,fixed G01,True,False
Q2-004,674,1271.8135848920183,1272.9273043891249,"trajectory(x(t),y(t),z(t))",certified relay position at same global t,fixed G01,True,False
Q2-004,675,1272.9273043891249,1274.0410238862314,"trajectory(x(t),y(t),z(t))",certified relay position at same global t,fixed G01,True,False
Q2-004,676,1274.0410238862314,1275.0313832694176,"trajectory(x(t),y(t),z(t))",certified relay position at same global t,fixed G01,True,False
Q2-004,677,1275.0313832694176,1276.0217426526037,"trajectory(x(t),y(t),z(t))",certified relay position at same global t,fixed G01,True,False
Q2-004,678,1276.0217426526037,1276.1451027665528,"trajectory(x(t),y(t),z(t))",certified relay position at same global t,fixed G01,True,False
Q2-004,679,1276.1451027665528,1276.2684628805018,"trajectory(x(t),y(t),z(t))",certified relay position at same global t,fixed G01,True,False
Q2-004,680,1276.2684628805018,1277.3821823776084,"trajectory(x(t),y(t),z(t))",certified relay position at same global t,fixed G01,True,False
Q2-004,681,1277.3821823776084,1278.495901874715,"trajectory(x(t),y(t),z(t))",certified relay position at same global t,fixed G01,True,False
Q2-004,682,1278.495901874715,1279.6096213718215,"trajectory(x(t),y(t),z(t))",certified relay position at same global t,fixed G01,True,False
Q2-004,683,1279.6096213718215,1280.7233408689283,"trajectory(x(t),y(t),z(t))",certified relay position at same global t,fixed G01,True,False
Q2-004,684,1280.7233408689283,1280.857991915986,"trajectory(x(t),y(t),z(t))",certified relay position at same global t,fixed G01,True,False
Q2-004,685,1280.857991915986,1280.9926429630439,"trajectory(x(t),y(t),z(t))",certified relay position at same global t,fixed G01,True,False
Q2-004,686,1280.9926429630439,1281.971711413121,"trajectory(x(t),y(t),z(t))",certified relay position at same global t,fixed G01,True,False
Q2-004,687,1281.971711413121,1282.9507798631982,"trajectory(x(t),y(t),z(t))",certified relay position at same global t,fixed G01,True,False
Q2-004,688,1282.9507798631982,1284.064499360305,"trajectory(x(t),y(t),z(t))",certified relay position at same global t,fixed G01,True,False
Q2-004,689,1284.064499360305,1285.1782188574116,"trajectory(x(t),y(t),z(t))",certified relay position at same global t,fixed G01,True,False
Q2-004,690,1285.1782188574116,1285.5708810651934,"trajectory(x(t),y(t),z(t))",certified relay position at same global t,fixed G01,True,False
Q2-004,691,1285.5708810651934,1285.9635432729751,"trajectory(x(t),y(t),z(t))",certified relay position at same global t,fixed G01,True,False
Q2-004,692,1285.9635432729751,1286.684600562314,"trajectory(x(t),y(t),z(t))",certified relay position at same global t,fixed G01,True,False
Q2-004,693,1286.684600562314,1287.405657851653,"trajectory(x(t),y(t),z(t))",certified relay position at same global t,fixed G01,True,False
Q2-004,694,1287.405657851653,1288.5193773487738,"trajectory(x(t),y(t),z(t))",certified relay position at same global t,fixed G01,True,False
Q2-004,695,1288.5193773487738,1289.6330968458947,"trajectory(x(t),y(t),z(t))",certified relay position at same global t,fixed G01,True,False
Q2-004,696,1289.6330968458947,1290.2837702144006,"trajectory(x(t),y(t),z(t))",certified relay position at same global t,fixed G01,True,False
Q2-004,697,1290.2837702144006,1290.9344435829066,"trajectory(x(t),y(t),z(t))",certified relay position at same global t,fixed G01,True,False
Q2-004,698,1290.9344435829066,1291.3974897115074,"trajectory(x(t),y(t),z(t))",certified relay position at same global t,fixed G01,True,False
Q2-004,699,1291.3974897115074,1291.8605358401082,"trajectory(x(t),y(t),z(t))",certified relay position at same global t,fixed G01,True,False
Q2-004,700,1291.8605358401082,1292.9742553372291,"trajectory(x(t),y(t),z(t))",certified relay position at same global t,fixed G01,True,False
Q2-004,701,1292.9742553372291,1294.08797483435,"trajectory(x(t),y(t),z(t))",certified relay position at same global t,fixed G01,True,False
Q2-004,702,1294.08797483435,1294.9966593638485,"trajectory(x(t),y(t),z(t))",certified relay position at same global t,fixed G01,True,False
Q2-004,703,1294.9966593638485,1295.905343893347,"trajectory(x(t),y(t),z(t))",certified relay position at same global t,fixed G01,True,False
Q2-004,704,1295.905343893347,1296.1103788609694,"trajectory(x(t),y(t),z(t))",certified relay position at same global t,fixed G01,True,False
Q2-004,705,1296.1103788609694,1296.3154138285918,"trajectory(x(t),y(t),z(t))",certified relay position at same global t,fixed G01,True,False
Q2-004,706,1296.3154138285918,1297.4291333256983,"trajectory(x(t),y(t),z(t))",certified relay position at same global t,fixed G01,True,False
Q2-004,707,1297.4291333256983,1298.5428528228051,"trajectory(x(t),y(t),z(t))",certified relay position at same global t,fixed G01,True,False
Q2-004,708,1298.5428528228051,1299.6565723199403,"trajectory(x(t),y(t),z(t))",certified relay position at same global t,fixed G01,True,False
Q2-004,709,1299.6565723199403,1300.7702918170755,"trajectory(x(t),y(t),z(t))",certified relay position at same global t,fixed G01,True,False
Q2-004,710,1300.7702918170755,1300.8232680101773,"trajectory(x(t),y(t),z(t))",certified relay position at same global t,fixed G01,True,False
Q2-004,711,1300.8232680101773,1300.8762442032792,"trajectory(x(t),y(t),z(t))",certified relay position at same global t,fixed G01,True,False
Q2-004,712,1300.8762442032792,1301.9369875072841,"trajectory(x(t),y(t),z(t))",certified relay position at same global t,fixed G01,True,False
Q2-004,713,1301.9369875072841,1302.997730811289,"trajectory(x(t),y(t),z(t))",certified relay position at same global t,fixed G01,True,False
Q2-004,714,1302.997730811289,1304.1114503083957,"trajectory(x(t),y(t),z(t))",certified relay position at same global t,fixed G01,True,False
Q2-004,715,1304.1114503083957,1305.2251698055024,"trajectory(x(t),y(t),z(t))",certified relay position at same global t,fixed G01,True,False
Q2-004,716,1305.2251698055024,1305.5361571593567,"trajectory(x(t),y(t),z(t))",certified relay position at same global t,fixed G01,True,False
Q2-004,717,1305.5361571593567,1305.8471445132109,"trajectory(x(t),y(t),z(t))",certified relay position at same global t,fixed G01,True,False
Q2-004,718,1305.8471445132109,1306.6498766564916,"trajectory(x(t),y(t),z(t))",certified relay position at same global t,fixed G01,True,False
Q2-004,719,1306.6498766564916,1307.4526087997726,"trajectory(x(t),y(t),z(t))",certified relay position at same global t,fixed G01,True,False
Q2-004,720,1307.4526087997726,1308.5663282968794,"trajectory(x(t),y(t),z(t))",certified relay position at same global t,fixed G01,True,False
Q2-004,721,1308.5663282968794,1309.680047793986,"trajectory(x(t),y(t),z(t))",certified relay position at same global t,fixed G01,True,False
Q2-004,722,1309.680047793986,1310.2490463088186,"trajectory(x(t),y(t),z(t))",certified relay position at same global t,fixed G01,True,False
Q2-004,723,1310.2490463088186,1310.8180448236512,"trajectory(x(t),y(t),z(t))",certified relay position at same global t,fixed G01,True,False
Q2-004,724,1310.8180448236512,1311.3627658059395,"trajectory(x(t),y(t),z(t))",certified relay position at same global t,fixed G01,True,False
Q2-004,725,1311.3627658059395,1311.9074867882277,"trajectory(x(t),y(t),z(t))",certified relay position at same global t,fixed G01,True,False
Q2-004,726,1311.9074867882277,1313.0212062853486,"trajectory(x(t),y(t),z(t))",certified relay position at same global t,fixed G01,True,False
Q2-004,727,1313.0212062853486,1314.1349257824695,"trajectory(x(t),y(t),z(t))",certified relay position at same global t,fixed G01,True,False
Q2-004,728,1314.1349257824695,1314.9619354580261,"trajectory(x(t),y(t),z(t))",certified relay position at same global t,fixed G01,True,False
Q2-004,729,1314.9619354580261,1315.7889451335827,"trajectory(x(t),y(t),z(t))",certified relay position at same global t,fixed G01,True,False
Q2-004,730,1315.7889451335827,1316.0756549551327,"trajectory(x(t),y(t),z(t))",certified relay position at same global t,fixed G01,True,False
Q2-004,731,1316.0756549551327,1316.3623647766826,"trajectory(x(t),y(t),z(t))",certified relay position at same global t,fixed G01,True,False
Q2-004,732,1316.3623647766826,1317.4760842738178,"trajectory(x(t),y(t),z(t))",certified relay position at same global t,fixed G01,True,False
Q2-004,733,1317.4760842738178,1318.589803770953,"trajectory(x(t),y(t),z(t))",certified relay position at same global t,fixed G01,True,False
Q2-004,734,1318.589803770953,1319.6748246072339,"trajectory(x(t),y(t),z(t))",certified relay position at same global t,fixed G01,True,False
Q2-004,735,1319.6748246072339,1320.7598454435147,"trajectory(x(t),y(t),z(t))",certified relay position at same global t,fixed G01,True,False
Q2-004,736,1320.7598454435147,1320.7885441043406,"trajectory(x(t),y(t),z(t))",certified relay position at same global t,fixed G01,True,False
Q2-004,737,1320.7885441043406,1320.8172427651666,"trajectory(x(t),y(t),z(t))",certified relay position at same global t,fixed G01,True,False
Q2-004,738,1320.8172427651666,1321.9309622622732,"trajectory(x(t),y(t),z(t))",certified relay position at same global t,fixed G01,True,False
Q2-004,739,1321.9309622622732,1323.04468175938,"trajectory(x(t),y(t),z(t))",certified relay position at same global t,fixed G01,True,False
Q2-004,740,1323.04468175938,1324.1584012565152,"trajectory(x(t),y(t),z(t))",certified relay position at same global t,fixed G01,True,False
Q2-004,741,1324.1584012565152,1325.2721207536504,"trajectory(x(t),y(t),z(t))",certified relay position at same global t,fixed G01,True,False
Q2-004,742,1325.2721207536504,1325.5014332538028,"trajectory(x(t),y(t),z(t))",certified relay position at same global t,fixed G01,True,False
Q2-004,743,1325.5014332538028,1325.7307457539553,"trajectory(x(t),y(t),z(t))",certified relay position at same global t,fixed G01,True,False
Q2-004,744,1325.7307457539553,1326.6151527509094,"trajectory(x(t),y(t),z(t))",certified relay position at same global t,fixed G01,True,False
Q2-004,745,1326.6151527509094,1327.4995597478635,"trajectory(x(t),y(t),z(t))",certified relay position at same global t,fixed G01,True,False
Q2-004,746,1327.4995597478635,1328.6132792449844,"trajectory(x(t),y(t),z(t))",certified relay position at same global t,fixed G01,True,False
Q2-004,747,1328.6132792449844,1329.7269987421053,"trajectory(x(t),y(t),z(t))",certified relay position at same global t,fixed G01,True,False
Q2-004,748,1329.7269987421053,1330.214322402996,"trajectory(x(t),y(t),z(t))",certified relay position at same global t,fixed G01,True,False
Q2-004,749,1330.214322402996,1330.7016460638868,"trajectory(x(t),y(t),z(t))",certified relay position at same global t,fixed G01,True,False
Q2-004,750,1330.7016460638868,1331.328041900117,"trajectory(x(t),y(t),z(t))",certified relay position at same global t,fixed G01,True,False
Q2-004,751,1331.328041900117,1331.954437736347,"trajectory(x(t),y(t),z(t))",certified relay position at same global t,fixed G01,True,False
Q2-004,752,1331.954437736347,1333.0681572334536,"trajectory(x(t),y(t),z(t))",certified relay position at same global t,fixed G01,True,False
Q2-004,753,1333.0681572334536,1334.1818767305604,"trajectory(x(t),y(t),z(t))",certified relay position at same global t,fixed G01,True,False
Q2-004,754,1334.1818767305604,1334.9272115521894,"trajectory(x(t),y(t),z(t))",certified relay position at same global t,fixed G01,True,False
Q2-004,755,1334.9272115521894,1335.6725463738185,"trajectory(x(t),y(t),z(t))",certified relay position at same global t,fixed G01,True,False
Q2-004,756,1335.6725463738185,1336.0409310493103,"trajectory(x(t),y(t),z(t))",certified relay position at same global t,fixed G01,True,False
Q2-004,757,1336.0409310493103,1336.4093157248021,"trajectory(x(t),y(t),z(t))",certified relay position at same global t,fixed G01,True,False
Q2-004,758,1336.4093157248021,1337.523035221923,"trajectory(x(t),y(t),z(t))",certified relay position at same global t,fixed G01,True,False
Q2-004,759,1337.523035221923,1338.636754719044,"trajectory(x(t),y(t),z(t))",certified relay position at same global t,fixed G01,True,False
Q2-004,760,1338.636754719044,1339.6401007016514,"trajectory(x(t),y(t),z(t))",certified relay position at same global t,fixed G01,True,False
Q2-004,761,1339.6401007016514,1340.6434466842588,"trajectory(x(t),y(t),z(t))",certified relay position at same global t,fixed G01,True,False
Q2-004,762,1340.6434466842588,1340.7538201987581,"trajectory(x(t),y(t),z(t))",certified relay position at same global t,fixed G01,True,False
Q2-004,763,1340.7538201987581,1340.8641937132575,"trajectory(x(t),y(t),z(t))",certified relay position at same global t,fixed G01,True,False
Q2-004,764,1340.8641937132575,1341.9779132103927,"trajectory(x(t),y(t),z(t))",certified relay position at same global t,fixed G01,True,False
Q2-004,765,1341.9779132103927,1343.0916327075279,"trajectory(x(t),y(t),z(t))",certified relay position at same global t,fixed G01,True,False
Q2-004,766,1343.0916327075279,1344.2053522046347,"trajectory(x(t),y(t),z(t))",certified relay position at same global t,fixed G01,True,False
Q2-004,767,1344.2053522046347,1345.3190717017412,"trajectory(x(t),y(t),z(t))",certified relay position at same global t,fixed G01,True,False
Q2-004,768,1345.3190717017412,1345.4667093479661,"trajectory(x(t),y(t),z(t))",certified relay position at same global t,fixed G01,True,False
Q2-004,769,1345.4667093479661,1345.614346994191,"trajectory(x(t),y(t),z(t))",certified relay position at same global t,fixed G01,True,False
Q2-004,770,1345.614346994191,1346.580428845073,"trajectory(x(t),y(t),z(t))",certified relay position at same global t,fixed G01,True,False
Q2-004,771,1346.580428845073,1347.5465106959548,"trajectory(x(t),y(t),z(t))",certified relay position at same global t,fixed G01,True,False
Q2-004,772,1347.5465106959548,1348.66023019309,"trajectory(x(t),y(t),z(t))",certified relay position at same global t,fixed G01,True,False
Q2-004,773,1348.66023019309,1349.7739496902252,"trajectory(x(t),y(t),z(t))",certified relay position at same global t,fixed G01,True,False
Q2-004,774,1349.7739496902252,1350.1795984973012,"trajectory(x(t),y(t),z(t))",certified relay position at same global t,fixed G01,True,False
Q2-004,775,1350.1795984973012,1350.5852473043772,"trajectory(x(t),y(t),z(t))",certified relay position at same global t,fixed G01,True,False
Q2-004,776,1350.5852473043772,1351.2933179944077,"trajectory(x(t),y(t),z(t))",certified relay position at same global t,fixed G01,True,False
Q2-004,777,1351.2933179944077,1352.0013886844383,"trajectory(x(t),y(t),z(t))",certified relay position at same global t,fixed G01,True,False
Q2-004,778,1352.0013886844383,1353.1151081815592,"trajectory(x(t),y(t),z(t))",certified relay position at same global t,fixed G01,True,False
Q2-004,779,1353.1151081815592,1354.22882767868,"trajectory(x(t),y(t),z(t))",certified relay position at same global t,fixed G01,True,False
Q2-004,780,1354.22882767868,1354.8924876466215,"trajectory(x(t),y(t),z(t))",certified relay position at same global t,fixed G01,True,False
Q2-004,781,1354.8924876466215,1355.5561476145629,"trajectory(x(t),y(t),z(t))",certified relay position at same global t,fixed G01,True,False
Q2-004,782,1355.5561476145629,1356.0062071437424,"trajectory(x(t),y(t),z(t))",certified relay position at same global t,fixed G01,True,False
Q2-004,783,1356.0062071437424,1356.4562666729219,"trajectory(x(t),y(t),z(t))",certified relay position at same global t,fixed G01,True,False
Q2-004,784,1356.4562666729219,1357.5699861700284,"trajectory(x(t),y(t),z(t))",certified relay position at same global t,fixed G01,True,False
Q2-004,785,1357.5699861700284,1358.6837056671352,"trajectory(x(t),y(t),z(t))",certified relay position at same global t,fixed G01,True,False
Q2-004,786,1358.6837056671352,1359.605376795815,"trajectory(x(t),y(t),z(t))",certified relay position at same global t,fixed G01,True,False
Q2-004,787,1359.605376795815,1360.5270479244946,"trajectory(x(t),y(t),z(t))",certified relay position at same global t,fixed G01,True,False
Q2-004,788,1360.5270479244946,1360.7190962929499,"trajectory(x(t),y(t),z(t))",certified relay position at same global t,fixed G01,True,False
Q2-004,789,1360.7190962929499,1360.9111446614052,"trajectory(x(t),y(t),z(t))",certified relay position at same global t,fixed G01,True,False
Q2-004,790,1360.9111446614052,1362.024864158512,"trajectory(x(t),y(t),z(t))",certified relay position at same global t,fixed G01,True,False
Q2-004,791,1362.024864158512,1363.1385836556185,"trajectory(x(t),y(t),z(t))",certified relay position at same global t,fixed G01,True,False
Q2-004,792,1363.1385836556185,1364.252303152725,"trajectory(x(t),y(t),z(t))",certified relay position at same global t,fixed G01,True,False
Q2-004,793,1364.252303152725,1365.3660226498318,"trajectory(x(t),y(t),z(t))",certified relay position at same global t,fixed G01,True,False
Q2-004,794,1365.3660226498318,1365.431985442256,"trajectory(x(t),y(t),z(t))",certified relay position at same global t,fixed G01,True,False
Q2-004,795,1365.431985442256,1365.4979482346803,"trajectory(x(t),y(t),z(t))",certified relay position at same global t,fixed G01,True,False
Q2-004,796,1365.4979482346803,1366.545704939391,"trajectory(x(t),y(t),z(t))",certified relay position at same global t,fixed G01,True,False
Q2-004,797,1366.545704939391,1367.5934616441018,"trajectory(x(t),y(t),z(t))",certified relay position at same global t,fixed G01,True,False
Q2-004,798,1367.5934616441018,1368.7071811412084,"trajectory(x(t),y(t),z(t))",certified relay position at same global t,fixed G01,True,False
Q2-004,799,1368.7071811412084,1369.820900638315,"trajectory(x(t),y(t),z(t))",certified relay position at same global t,fixed G01,True,False
Q2-004,800,1369.820900638315,1370.1448745915905,"trajectory(x(t),y(t),z(t))",certified relay position at same global t,fixed G01,True,False
Q2-004,801,1370.1448745915905,1370.468848544866,"trajectory(x(t),y(t),z(t))",certified relay position at same global t,fixed G01,True,False
Q2-004,802,1370.468848544866,1371.2585940887113,"trajectory(x(t),y(t),z(t))",certified relay position at same global t,fixed G01,True,False
Q2-004,803,1371.2585940887113,1372.0483396325567,"trajectory(x(t),y(t),z(t))",certified relay position at same global t,fixed G01,True,False
Q2-004,804,1372.0483396325567,1373.1620591296776,"trajectory(x(t),y(t),z(t))",certified relay position at same global t,fixed G01,True,False
Q2-004,805,1373.1620591296776,1374.2757786267985,"trajectory(x(t),y(t),z(t))",certified relay position at same global t,fixed G01,True,False
Q2-004,806,1374.2757786267985,1374.857763740798,"trajectory(x(t),y(t),z(t))",certified relay position at same global t,fixed G01,True,False
Q2-004,807,1374.857763740798,1375.4397488547975,"trajectory(x(t),y(t),z(t))",certified relay position at same global t,fixed G01,True,False
Q2-004,808,1375.4397488547975,1375.9714832379045,"trajectory(x(t),y(t),z(t))",certified relay position at same global t,fixed G01,True,False
Q2-004,809,1375.9714832379045,1376.5032176210116,"trajectory(x(t),y(t),z(t))",certified relay position at same global t,fixed G01,True,False
Q2-004,810,1376.5032176210116,1377.6169371181468,"trajectory(x(t),y(t),z(t))",certified relay position at same global t,fixed G01,True,False
Q2-004,811,1377.6169371181468,1378.730656615282,"trajectory(x(t),y(t),z(t))",certified relay position at same global t,fixed G01,True,False
Q2-004,812,1378.730656615282,1379.5706528901328,"trajectory(x(t),y(t),z(t))",certified relay position at same global t,fixed G01,True,False
Q2-004,813,1379.5706528901328,1380.4106491649836,"trajectory(x(t),y(t),z(t))",certified relay position at same global t,fixed G01,True,False
Q2-004,814,1380.4106491649836,1380.6843723872394,"trajectory(x(t),y(t),z(t))",certified relay position at same global t,fixed G01,True,False
Q2-004,815,1380.6843723872394,1380.958095609495,"trajectory(x(t),y(t),z(t))",certified relay position at same global t,fixed G01,True,False
Q2-004,816,1380.958095609495,1382.0718151066017,"trajectory(x(t),y(t),z(t))",certified relay position at same global t,fixed G01,True,False
Q2-004,817,1382.0718151066017,1383.1855346037084,"trajectory(x(t),y(t),z(t))",certified relay position at same global t,fixed G01,True,False
Q2-004,818,1383.1855346037084,1384.283542039439,"trajectory(x(t),y(t),z(t))",certified relay position at same global t,fixed G01,True,False
Q2-004,819,1384.283542039439,1385.3815494751695,"trajectory(x(t),y(t),z(t))",certified relay position at same global t,fixed G01,True,False
Q2-004,820,1385.3815494751695,1385.3972615365742,"trajectory(x(t),y(t),z(t))",certified relay position at same global t,fixed G01,True,False
Q2-004,821,1385.3972615365742,1385.4129735979789,"trajectory(x(t),y(t),z(t))",certified relay position at same global t,fixed G01,True,False
Q2-004,822,1385.4129735979789,1386.5266930950854,"trajectory(x(t),y(t),z(t))",certified relay position at same global t,fixed G01,True,False
Q2-004,823,1386.5266930950854,1387.640412592192,"trajectory(x(t),y(t),z(t))",certified relay position at same global t,fixed G01,True,False
Q2-004,824,1387.640412592192,1388.7541320892988,"trajectory(x(t),y(t),z(t))",certified relay position at same global t,fixed G01,True,False
Q2-004,825,1388.7541320892988,1389.8678515864053,"trajectory(x(t),y(t),z(t))",certified relay position at same global t,fixed G01,True,False
Q2-004,826,1389.8678515864053,1390.1101506857533,"trajectory(x(t),y(t),z(t))",certified relay position at same global t,fixed G01,True,False
Q2-004,827,1390.1101506857533,1390.3524497851013,"trajectory(x(t),y(t),z(t))",certified relay position at same global t,fixed G01,True,False
Q2-004,828,1390.3524497851013,1391.2238701828885,"trajectory(x(t),y(t),z(t))",certified relay position at same global t,fixed G01,True,False
Q2-004,829,1391.2238701828885,1392.0952905806757,"trajectory(x(t),y(t),z(t))",certified relay position at same global t,fixed G01,True,False
Q2-004,830,1392.0952905806757,1393.2090100777823,"trajectory(x(t),y(t),z(t))",certified relay position at same global t,fixed G01,True,False
Q2-004,831,1393.2090100777823,1394.322729574889,"trajectory(x(t),y(t),z(t))",certified relay position at same global t,fixed G01,True,False
Q2-004,832,1394.322729574889,1394.8230398350881,"trajectory(x(t),y(t),z(t))",certified relay position at same global t,fixed G01,True,False
Q2-004,833,1394.8230398350881,1395.3233500952872,"trajectory(x(t),y(t),z(t))",certified relay position at same global t,fixed G01,True,False
Q2-004,834,1395.3233500952872,1395.936759332209,"trajectory(x(t),y(t),z(t))",certified relay position at same global t,fixed G01,True,False
Q2-004,835,1395.936759332209,1396.5501685691308,"trajectory(x(t),y(t),z(t))",certified relay position at same global t,fixed G01,True,False
Q2-004,836,1396.5501685691308,1397.6638880662517,"trajectory(x(t),y(t),z(t))",certified relay position at same global t,fixed G01,True,False
Q2-004,837,1397.6638880662517,1398.7776075633726,"trajectory(x(t),y(t),z(t))",certified relay position at same global t,fixed G01,True,False
Q2-004,838,1398.7776075633726,1399.535928984423,"trajectory(x(t),y(t),z(t))",certified relay position at same global t,fixed G01,True,False
Q2-004,839,1399.535928984423,1400.2942504054733,"trajectory(x(t),y(t),z(t))",certified relay position at same global t,fixed G01,True,False
Q2-004,840,1400.2942504054733,1400.6496484815298,"trajectory(x(t),y(t),z(t))",certified relay position at same global t,fixed G01,True,False
Q2-004,841,1400.6496484815298,1401.0050465575862,"trajectory(x(t),y(t),z(t))",certified relay position at same global t,fixed G01,True,False
Q2-004,842,1401.0050465575862,1402.1187660547214,"trajectory(x(t),y(t),z(t))",certified relay position at same global t,fixed G01,True,False
Q2-004,843,1402.1187660547214,1403.2324855518566,"trajectory(x(t),y(t),z(t))",certified relay position at same global t,fixed G01,True,False
Q2-004,844,1403.2324855518566,1404.248818133631,"trajectory(x(t),y(t),z(t))",certified relay position at same global t,fixed G01,True,False
Q2-004,845,1404.248818133631,1405.2651507154053,"trajectory(x(t),y(t),z(t))",certified relay position at same global t,fixed G01,True,False
Q2-004,846,1405.2651507154053,1405.3625376307375,"trajectory(x(t),y(t),z(t))",certified relay position at same global t,fixed G01,True,False
Q2-004,847,1405.3625376307375,1405.4599245460697,"trajectory(x(t),y(t),z(t))",certified relay position at same global t,fixed G01,True,False
Q2-004,848,1405.4599245460697,1406.5736440431765,"trajectory(x(t),y(t),z(t))",certified relay position at same global t,fixed G01,True,False
Q2-004,849,1406.5736440431765,1407.687363540283,"trajectory(x(t),y(t),z(t))",certified relay position at same global t,fixed G01,True,False
Q2-004,850,1407.687363540283,1408.8010830374183,"trajectory(x(t),y(t),z(t))",certified relay position at same global t,fixed G01,True,False
Q2-004,851,1408.8010830374183,1409.9148025345535,"trajectory(x(t),y(t),z(t))",certified relay position at same global t,fixed G01,True,False
Q2-004,852,1409.9148025345535,1410.0754267800723,"trajectory(x(t),y(t),z(t))",certified relay position at same global t,fixed G01,True,False
Q2-004,853,1410.0754267800723,1410.2360510255912,"trajectory(x(t),y(t),z(t))",certified relay position at same global t,fixed G01,True,False
Q2-004,854,1410.2360510255912,1411.189146277179,"trajectory(x(t),y(t),z(t))",certified relay position at same global t,fixed G01,True,False
Q2-004,855,1411.189146277179,1412.1422415287666,"trajectory(x(t),y(t),z(t))",certified relay position at same global t,fixed G01,True,False
Q2-004,856,1412.1422415287666,1413.2559610258875,"trajectory(x(t),y(t),z(t))",certified relay position at same global t,fixed G01,True,False
Q2-004,857,1413.2559610258875,1414.3696805230084,"trajectory(x(t),y(t),z(t))",certified relay position at same global t,fixed G01,True,False
Q2-004,858,1414.3696805230084,1414.7883159293926,"trajectory(x(t),y(t),z(t))",certified relay position at same global t,fixed G01,True,False
Q2-004,859,1414.7883159293926,1415.2069513357771,"trajectory(x(t),y(t),z(t))",certified relay position at same global t,fixed G01,True,False
Q2-004,860,1415.2069513357771,1415.9020354265137,"trajectory(x(t),y(t),z(t))",certified relay position at same global t,fixed G01,True,False
Q2-004,861,1415.9020354265137,1416.5971195172503,"trajectory(x(t),y(t),z(t))",certified relay position at same global t,fixed G01,True,False
Q2-004,862,1416.5971195172503,1417.710839014357,"trajectory(x(t),y(t),z(t))",certified relay position at same global t,fixed G01,True,False
Q2-004,863,1417.710839014357,1418.8245585114637,"trajectory(x(t),y(t),z(t))",certified relay position at same global t,fixed G01,True,False
Q2-004,864,1418.8245585114637,1419.5012050785863,"trajectory(x(t),y(t),z(t))",certified relay position at same global t,fixed G01,True,False
Q2-004,865,1419.5012050785863,1420.1778516457089,"trajectory(x(t),y(t),z(t))",certified relay position at same global t,fixed G01,True,False
Q2-004,866,1420.1778516457089,1420.6149245757213,"trajectory(x(t),y(t),z(t))",certified relay position at same global t,fixed G01,True,False
Q2-004,867,1420.6149245757213,1421.0519975057337,"trajectory(x(t),y(t),z(t))",certified relay position at same global t,fixed G01,True,False
Q2-004,868,1421.0519975057337,1422.1657170028404,"trajectory(x(t),y(t),z(t))",certified relay position at same global t,fixed G01,True,False
Q2-004,869,1422.1657170028404,1423.279436499947,"trajectory(x(t),y(t),z(t))",certified relay position at same global t,fixed G01,True,False
Q2-004,870,1423.279436499947,1424.214094228048,"trajectory(x(t),y(t),z(t))",certified relay position at same global t,fixed G01,True,False
Q2-004,871,1424.214094228048,1425.148751956149,"trajectory(x(t),y(t),z(t))",certified relay position at same global t,fixed G01,True,False
Q2-004,872,1425.148751956149,1425.3278137251546,"trajectory(x(t),y(t),z(t))",certified relay position at same global t,fixed G01,True,False
Q2-004,873,1425.3278137251546,1425.50687549416,"trajectory(x(t),y(t),z(t))",certified relay position at same global t,fixed G01,True,False
Q2-004,874,1425.50687549416,1426.6205949912953,"trajectory(x(t),y(t),z(t))",certified relay position at same global t,fixed G01,True,False
Q2-004,875,1426.6205949912953,1427.7343144884305,"trajectory(x(t),y(t),z(t))",certified relay position at same global t,fixed G01,True,False
Q2-004,876,1427.7343144884305,1428.848033985537,"trajectory(x(t),y(t),z(t))",certified relay position at same global t,fixed G01,True,False
Q2-004,877,1428.848033985537,1429.9617534826439,"trajectory(x(t),y(t),z(t))",certified relay position at same global t,fixed G01,True,False
Q2-004,878,1429.9617534826439,1430.0407028743623,"trajectory(x(t),y(t),z(t))",certified relay position at same global t,fixed G01,True,False
Q2-004,879,1430.0407028743623,1430.1196522660807,"trajectory(x(t),y(t),z(t))",certified relay position at same global t,fixed G01,True,False
Q2-004,880,1430.1196522660807,1431.1544223714689,"trajectory(x(t),y(t),z(t))",certified relay position at same global t,fixed G01,True,False
Q2-004,881,1431.1544223714689,1432.189192476857,"trajectory(x(t),y(t),z(t))",certified relay position at same global t,fixed G01,True,False
Q2-004,882,1432.189192476857,1433.3029119739922,"trajectory(x(t),y(t),z(t))",certified relay position at same global t,fixed G01,True,False
Q2-004,883,1433.3029119739922,1434.4166314711274,"trajectory(x(t),y(t),z(t))",certified relay position at same global t,fixed G01,True,False
Q2-004,884,1434.4166314711274,1434.75359202357,"trajectory(x(t),y(t),z(t))",certified relay position at same global t,fixed G01,True,False
Q2-004,885,1434.75359202357,1435.0905525760127,"trajectory(x(t),y(t),z(t))",certified relay position at same global t,fixed G01,True,False
Q2-004,886,1435.0905525760127,1435.8673115206768,"trajectory(x(t),y(t),z(t))",certified relay position at same global t,fixed G01,True,False
Q2-004,887,1435.8673115206768,1436.644070465341,"trajectory(x(t),y(t),z(t))",certified relay position at same global t,fixed G01,True,False
Q2-004,888,1436.644070465341,1437.7577899624619,"trajectory(x(t),y(t),z(t))",certified relay position at same global t,fixed G01,True,False
Q2-004,889,1437.7577899624619,1438.8715094595827,"trajectory(x(t),y(t),z(t))",certified relay position at same global t,fixed G01,True,False
Q2-004,890,1438.8715094595827,1439.4664811730179,"trajectory(x(t),y(t),z(t))",certified relay position at same global t,fixed G01,True,False
Q2-004,891,1439.4664811730179,1440.061452886453,"trajectory(x(t),y(t),z(t))",certified relay position at same global t,fixed G01,True,False
Q2-004,892,1440.061452886453,1440.5802006701388,"trajectory(x(t),y(t),z(t))",certified relay position at same global t,fixed G01,True,False
Q2-004,893,1440.5802006701388,1441.0989484538245,"trajectory(x(t),y(t),z(t))",certified relay position at same global t,fixed G01,True,False
Q2-004,894,1441.0989484538245,1442.212667950931,"trajectory(x(t),y(t),z(t))",certified relay position at same global t,fixed G01,True,False
Q2-004,895,1442.212667950931,1443.3263874480376,"trajectory(x(t),y(t),z(t))",certified relay position at same global t,fixed G01,True,False
Q2-004,896,1443.3263874480376,1444.179370322211,"trajectory(x(t),y(t),z(t))",certified relay position at same global t,fixed G01,True,False
Q2-004,897,1444.179370322211,1445.0323531963845,"trajectory(x(t),y(t),z(t))",certified relay position at same global t,fixed G01,True,False
Q2-004,898,1445.0323531963845,1445.2930898193463,"trajectory(x(t),y(t),z(t))",certified relay position at same global t,fixed G01,True,False
Q2-004,899,1445.2930898193463,1445.553826442308,"trajectory(x(t),y(t),z(t))",certified relay position at same global t,fixed G01,True,False
Q2-004,900,1445.553826442308,1446.6675459394146,"trajectory(x(t),y(t),z(t))",certified relay position at same global t,fixed G01,True,False
Q2-004,901,1446.6675459394146,1447.7812654365214,"trajectory(x(t),y(t),z(t))",certified relay position at same global t,fixed G01,True,False
Q2-004,902,1447.7812654365214,1448.8922594714188,"trajectory(x(t),y(t),z(t))",certified relay position at same global t,fixed G01,True,False
Q2-004,903,1448.8922594714188,1450.0032535063162,"trajectory(x(t),y(t),z(t))",certified relay position at same global t,fixed G01,True,False
Q2-004,904,1450.0032535063162,1450.0059789685254,"trajectory(x(t),y(t),z(t))",certified relay position at same global t,fixed G01,True,False
Q2-004,905,1450.0059789685254,1450.0087044307345,"trajectory(x(t),y(t),z(t))",certified relay position at same global t,fixed G01,True,False
Q2-004,906,1450.0087044307345,1451.1224239278697,"trajectory(x(t),y(t),z(t))",certified relay position at same global t,fixed G01,True,False
Q2-004,907,1451.1224239278697,1452.236143425005,"trajectory(x(t),y(t),z(t))",certified relay position at same global t,fixed G01,True,False
Q2-004,908,1452.236143425005,1453.3498629221115,"trajectory(x(t),y(t),z(t))",certified relay position at same global t,fixed G01,True,False
Q2-004,909,1453.3498629221115,1454.4635824192183,"trajectory(x(t),y(t),z(t))",certified relay position at same global t,fixed G01,True,False
Q2-004,910,1454.4635824192183,1454.7188681179875,"trajectory(x(t),y(t),z(t))",certified relay position at same global t,fixed G01,True,False
Q2-004,911,1454.7188681179875,1454.9741538167568,"trajectory(x(t),y(t),z(t))",certified relay position at same global t,fixed G01,True,False
Q2-004,912,1454.9741538167568,1455.8325876151084,"trajectory(x(t),y(t),z(t))",certified relay position at same global t,fixed G01,True,False
Q2-004,913,1455.8325876151084,1456.69102141346,"trajectory(x(t),y(t),z(t))",certified relay position at same global t,fixed G01,True,False
Q2-004,914,1456.69102141346,1457.804740910581,"trajectory(x(t),y(t),z(t))",certified relay position at same global t,fixed G01,True,False
Q2-004,915,1457.804740910581,1458.9184604077018,"trajectory(x(t),y(t),z(t))",certified relay position at same global t,fixed G01,True,False
Q2-004,916,1458.9184604077018,1459.431757267195,"trajectory(x(t),y(t),z(t))",certified relay position at same global t,fixed G01,True,False
Q2-004,917,1459.431757267195,1459.9450541266883,"trajectory(x(t),y(t),z(t))",certified relay position at same global t,fixed G01,True,False
Q2-004,918,1459.9450541266883,1460.5454767643016,"trajectory(x(t),y(t),z(t))",certified relay position at same global t,fixed G01,True,False
Q2-004,919,1460.5454767643016,1461.145899401915,"trajectory(x(t),y(t),z(t))",certified relay position at same global t,fixed G01,True,False
Q2-004,920,1461.145899401915,1462.25961889905,"trajectory(x(t),y(t),z(t))",certified relay position at same global t,fixed G01,True,False
Q2-004,921,1462.25961889905,1463.3733383961853,"trajectory(x(t),y(t),z(t))",certified relay position at same global t,fixed G01,True,False
Q2-004,922,1463.3733383961853,1464.1446464164026,"trajectory(x(t),y(t),z(t))",certified relay position at same global t,fixed G01,True,False
Q2-004,923,1464.1446464164026,1464.9159544366198,"trajectory(x(t),y(t),z(t))",certified relay position at same global t,fixed G01,True,False
Q2-004,924,1464.9159544366198,1465.2583659135091,"trajectory(x(t),y(t),z(t))",certified relay position at same global t,fixed G01,True,False
Q2-004,925,1465.2583659135091,1465.6007773903984,"trajectory(x(t),y(t),z(t))",certified relay position at same global t,fixed G01,True,False
Q2-004,926,1465.6007773903984,1466.7144968875052,"trajectory(x(t),y(t),z(t))",certified relay position at same global t,fixed G01,True,False
Q2-004,927,1466.7144968875052,1467.8282163846118,"trajectory(x(t),y(t),z(t))",certified relay position at same global t,fixed G01,True,False
Q2-004,928,1467.8282163846118,1468.8575355658359,"trajectory(x(t),y(t),z(t))",certified relay position at same global t,fixed G01,True,False
Q2-004,929,1468.8575355658359,1469.88685474706,"trajectory(x(t),y(t),z(t))",certified relay position at same global t,fixed G01,True,False
Q2-004,930,1469.88685474706,1469.9712550629708,"trajectory(x(t),y(t),z(t))",certified relay position at same global t,fixed G01,True,False
Q2-004,931,1469.9712550629708,1470.0556553788817,"trajectory(x(t),y(t),z(t))",certified relay position at same global t,fixed G01,True,False
Q2-004,932,1470.0556553788817,1471.1693748759883,"trajectory(x(t),y(t),z(t))",certified relay position at same global t,fixed G01,True,False
Q2-004,933,1471.1693748759883,1472.283094373095,"trajectory(x(t),y(t),z(t))",certified relay position at same global t,fixed G01,True,False
Q2-004,934,1472.283094373095,1473.396813870216,"trajectory(x(t),y(t),z(t))",certified relay position at same global t,fixed G01,True,False
Q2-004,935,1473.396813870216,1474.5105333673368,"trajectory(x(t),y(t),z(t))",certified relay position at same global t,fixed G01,True,False
Q2-004,936,1474.5105333673368,1474.6841442121643,"trajectory(x(t),y(t),z(t))",certified relay position at same global t,fixed G01,True,False
Q2-004,937,1474.6841442121643,1474.8577550569917,"trajectory(x(t),y(t),z(t))",certified relay position at same global t,fixed G01,True,False
Q2-004,938,1474.8577550569917,1475.7978637092851,"trajectory(x(t),y(t),z(t))",certified relay position at same global t,fixed G01,True,False
Q2-004,939,1475.7978637092851,1476.7379723615786,"trajectory(x(t),y(t),z(t))",certified relay position at same global t,fixed G01,True,False
Q2-004,940,1476.7379723615786,1477.8516918586852,"trajectory(x(t),y(t),z(t))",certified relay position at same global t,fixed G01,True,False
Q2-004,941,1477.8516918586852,1478.9654113557917,"trajectory(x(t),y(t),z(t))",certified relay position at same global t,fixed G01,True,False
Q2-004,942,1478.9654113557917,1479.3970333613574,"trajectory(x(t),y(t),z(t))",certified relay position at same global t,fixed G01,True,False
Q2-004,943,1479.3970333613574,1479.8286553669232,"trajectory(x(t),y(t),z(t))",certified relay position at same global t,fixed G01,True,False
Q2-004,944,1479.8286553669232,1480.5107528584783,"trajectory(x(t),y(t),z(t))",certified relay position at same global t,fixed G01,True,False
Q2-004,945,1480.5107528584783,1481.1928503500335,"trajectory(x(t),y(t),z(t))",certified relay position at same global t,fixed G01,True,False
Q2-004,946,1481.1928503500335,1482.3065698471544,"trajectory(x(t),y(t),z(t))",certified relay position at same global t,fixed G01,True,False
Q2-004,947,1482.3065698471544,1483.4202893442753,"trajectory(x(t),y(t),z(t))",certified relay position at same global t,fixed G01,True,False
Q2-004,948,1483.4202893442753,1484.1099225108194,"trajectory(x(t),y(t),z(t))",certified relay position at same global t,fixed G01,True,False
Q2-004,949,1484.1099225108194,1484.7995556773633,"trajectory(x(t),y(t),z(t))",certified relay position at same global t,fixed G01,True,False
Q2-004,950,1484.7995556773633,1485.223642007926,"trajectory(x(t),y(t),z(t))",certified relay position at same global t,fixed G01,True,False
Q2-004,951,1485.223642007926,1485.6477283384886,"trajectory(x(t),y(t),z(t))",certified relay position at same global t,fixed G01,True,False
Q2-004,952,1485.6477283384886,1486.7614478356238,"trajectory(x(t),y(t),z(t))",certified relay position at same global t,fixed G01,True,False
Q2-004,953,1486.7614478356238,1487.875167332759,"trajectory(x(t),y(t),z(t))",certified relay position at same global t,fixed G01,True,False
Q2-005,367,20730.75462154013,20731.637977809696,"trajectory(x(t),y(t),z(t))",certified relay position at same global t,fixed G01,True,False
Q2-005,368,20731.637977809696,20732.52133407926,"trajectory(x(t),y(t),z(t))",certified relay position at same global t,fixed G01,True,False
Q2-005,369,20732.52133407926,20733.605928314988,"trajectory(x(t),y(t),z(t))",certified relay position at same global t,fixed G01,True,False
Q2-005,370,20733.605928314988,20734.690522550714,"trajectory(x(t),y(t),z(t))",certified relay position at same global t,fixed G01,True,False
Q2-005,371,20734.690522550714,20734.83951802751,"trajectory(x(t),y(t),z(t))",certified relay position at same global t,fixed G01,True,False
Q2-005,372,20734.83951802751,20734.988513504308,"trajectory(x(t),y(t),z(t))",certified relay position at same global t,fixed G01,True,False
Q2-005,373,20734.988513504308,20735.924112263183,"trajectory(x(t),y(t),z(t))",certified relay position at same global t,fixed G01,True,False
Q2-005,374,20735.924112263183,20736.859711022058,"trajectory(x(t),y(t),z(t))",certified relay position at same global t,fixed G01,True,False
Q2-005,375,20736.859711022058,20737.944305257843,"trajectory(x(t),y(t),z(t))",certified relay position at same global t,fixed G01,True,False
Q2-005,376,20737.944305257843,20739.028899493627,"trajectory(x(t),y(t),z(t))",certified relay position at same global t,fixed G01,True,False
Q2-005,377,20739.028899493627,20739.12565248106,"trajectory(x(t),y(t),z(t))",certified relay position at same global t,fixed G01,True,False
Q2-005,378,20739.12565248106,20739.222405468492,"trajectory(x(t),y(t),z(t))",certified relay position at same global t,fixed G01,True,False
Q2-005,379,20739.222405468492,20740.21024671673,"trajectory(x(t),y(t),z(t))",certified relay position at same global t,fixed G01,True,False
Q2-005,380,20740.21024671673,20741.19808796497,"trajectory(x(t),y(t),z(t))",certified relay position at same global t,fixed G01,True,False
Q2-005,381,20741.19808796497,20742.282682200643,"trajectory(x(t),y(t),z(t))",certified relay position at same global t,fixed G01,True,False
Q2-005,382,20742.282682200643,20743.367276436315,"trajectory(x(t),y(t),z(t))",certified relay position at same global t,fixed G01,True,False
Q2-005,383,20743.367276436315,20743.411786934546,"trajectory(x(t),y(t),z(t))",certified relay position at same global t,fixed G01,True,False
Q2-005,384,20743.411786934546,20743.45629743278,"trajectory(x(t),y(t),z(t))",certified relay position at same global t,fixed G01,True,False
Q2-005,385,20743.45629743278,20744.496381170327,"trajectory(x(t),y(t),z(t))",certified relay position at same global t,fixed G01,True,False
Q2-005,386,20744.496381170327,20745.536464907877,"trajectory(x(t),y(t),z(t))",certified relay position at same global t,fixed G01,True,False
Q2-005,387,20745.536464907877,20746.613327152416,"trajectory(x(t),y(t),z(t))",certified relay position at same global t,fixed G01,True,False
Q2-005,388,20746.613327152416,20747.690189396955,"trajectory(x(t),y(t),z(t))",certified relay position at same global t,fixed G01,True,False
Q2-005,389,20747.690189396955,20747.697921388088,"trajectory(x(t),y(t),z(t))",certified relay position at same global t,fixed G01,True,False
Q2-005,390,20747.697921388088,20747.70565337922,"trajectory(x(t),y(t),z(t))",certified relay position at same global t,fixed G01,True,False
Q2-005,391,20747.70565337922,20748.790247614892,"trajectory(x(t),y(t),z(t))",certified relay position at same global t,fixed G01,True,False
Q2-005,392,20748.790247614892,20749.874841850564,"trajectory(x(t),y(t),z(t))",certified relay position at same global t,fixed G01,True,False
Q2-005,393,20749.874841850564,20750.899461605877,"trajectory(x(t),y(t),z(t))",certified relay position at same global t,fixed G01,True,False
Q2-005,394,20750.899461605877,20751.92408136119,"trajectory(x(t),y(t),z(t))",certified relay position at same global t,fixed G01,True,False
Q2-005,395,20751.92408136119,20751.98405584166,"trajectory(x(t),y(t),z(t))",certified relay position at same global t,fixed G01,True,False
Q2-005,396,20751.98405584166,20752.044030322133,"trajectory(x(t),y(t),z(t))",certified relay position at same global t,fixed G01,True,False
Q2-005,397,20752.044030322133,20753.128624557805,"trajectory(x(t),y(t),z(t))",certified relay position at same global t,fixed G01,True,False
Q2-005,398,20753.128624557805,20754.213218793477,"trajectory(x(t),y(t),z(t))",certified relay position at same global t,fixed G01,True,False
Q2-005,399,20754.213218793477,20755.18559605945,"trajectory(x(t),y(t),z(t))",certified relay position at same global t,fixed G01,True,False
Q2-005,400,20755.18559605945,20756.157973325426,"trajectory(x(t),y(t),z(t))",certified relay position at same global t,fixed G01,True,False
Q2-005,401,20756.157973325426,20756.270190295123,"trajectory(x(t),y(t),z(t))",certified relay position at same global t,fixed G01,True,False
Q2-005,402,20756.270190295123,20756.38240726482,"trajectory(x(t),y(t),z(t))",certified relay position at same global t,fixed G01,True,False
Q2-005,403,20756.38240726482,20757.467001500605,"trajectory(x(t),y(t),z(t))",certified relay position at same global t,fixed G01,True,False
Q2-005,404,20757.467001500605,20758.55159573639,"trajectory(x(t),y(t),z(t))",certified relay position at same global t,fixed G01,True,False
Q2-005,405,20758.55159573639,20759.471730513,"trajectory(x(t),y(t),z(t))",certified relay position at same global t,fixed G01,True,False
Q2-005,406,20759.471730513,20760.39186528961,"trajectory(x(t),y(t),z(t))",certified relay position at same global t,fixed G01,True,False
Q2-005,407,20760.39186528961,20760.55632474867,"trajectory(x(t),y(t),z(t))",certified relay position at same global t,fixed G01,True,False
Q2-005,408,20760.55632474867,20760.720784207733,"trajectory(x(t),y(t),z(t))",certified relay position at same global t,fixed G01,True,False
Q2-005,409,20760.720784207733,20761.805378443405,"trajectory(x(t),y(t),z(t))",certified relay position at same global t,fixed G01,True,False
Q2-005,410,20761.805378443405,20762.889972679077,"trajectory(x(t),y(t),z(t))",certified relay position at same global t,fixed G01,True,False
Q2-005,411,20762.889972679077,20763.757864966487,"trajectory(x(t),y(t),z(t))",certified relay position at same global t,fixed G01,True,False
Q2-005,412,20763.757864966487,20764.625757253896,"trajectory(x(t),y(t),z(t))",certified relay position at same global t,fixed G01,True,False
Q2-005,413,20764.625757253896,20764.842459202267,"trajectory(x(t),y(t),z(t))",certified relay position at same global t,fixed G01,True,False
Q2-005,414,20764.842459202267,20765.05916115064,"trajectory(x(t),y(t),z(t))",certified relay position at same global t,fixed G01,True,False
Q2-005,415,20765.05916115064,20766.14375538631,"trajectory(x(t),y(t),z(t))",certified relay position at same global t,fixed G01,True,False
Q2-005,416,20766.14375538631,20767.228349621982,"trajectory(x(t),y(t),z(t))",certified relay position at same global t,fixed G01,True,False
Q2-005,417,20767.228349621982,20768.043999420028,"trajectory(x(t),y(t),z(t))",certified relay position at same global t,fixed G01,True,False
Q2-005,418,20768.043999420028,20768.859649218073,"trajectory(x(t),y(t),z(t))",certified relay position at same global t,fixed G01,True,False
Q2-005,419,20768.859649218073,20769.1285936557,"trajectory(x(t),y(t),z(t))",certified relay position at same global t,fixed G01,True,False
Q2-005,420,20769.1285936557,20769.397538093326,"trajectory(x(t),y(t),z(t))",certified relay position at same global t,fixed G01,True,False
Q2-005,421,20769.397538093326,20770.48213232911,"trajectory(x(t),y(t),z(t))",certified relay position at same global t,fixed G01,True,False
Q2-005,422,20770.48213232911,20771.566726564895,"trajectory(x(t),y(t),z(t))",certified relay position at same global t,fixed G01,True,False
Q2-005,423,20771.566726564895,20772.330133873576,"trajectory(x(t),y(t),z(t))",certified relay position at same global t,fixed G01,True,False
Q2-005,424,20772.330133873576,20773.093541182257,"trajectory(x(t),y(t),z(t))",certified relay position at same global t,fixed G01,True,False
Q2-005,425,20773.093541182257,20773.41472810925,"trajectory(x(t),y(t),z(t))",certified relay position at same global t,fixed G01,True,False
Q2-005,426,20773.41472810925,20773.73591503624,"trajectory(x(t),y(t),z(t))",certified relay position at same global t,fixed G01,True,False
Q2-005,427,20773.73591503624,20774.82050927191,"trajectory(x(t),y(t),z(t))",certified relay position at same global t,fixed G01,True,False
Q2-005,428,20774.82050927191,20775.905103507583,"trajectory(x(t),y(t),z(t))",certified relay position at same global t,fixed G01,True,False
Q2-005,429,20775.905103507583,20776.616268327063,"trajectory(x(t),y(t),z(t))",certified relay position at same global t,fixed G01,True,False
Q2-005,430,20776.616268327063,20777.327433146544,"trajectory(x(t),y(t),z(t))",certified relay position at same global t,fixed G01,True,False
Q2-005,431,20777.327433146544,20777.700862562848,"trajectory(x(t),y(t),z(t))",certified relay position at same global t,fixed G01,True,False
Q2-005,432,20777.700862562848,20778.074291979152,"trajectory(x(t),y(t),z(t))",certified relay position at same global t,fixed G01,True,False
Q2-005,433,20778.074291979152,20779.158886214824,"trajectory(x(t),y(t),z(t))",certified relay position at same global t,fixed G01,True,False
Q2-005,434,20779.158886214824,20780.243480450496,"trajectory(x(t),y(t),z(t))",certified relay position at same global t,fixed G01,True,False
Q2-005,435,20780.243480450496,20780.90240278061,"trajectory(x(t),y(t),z(t))",certified relay position at same global t,fixed G01,True,False
Q2-005,436,20780.90240278061,20781.561325110728,"trajectory(x(t),y(t),z(t))",certified relay position at same global t,fixed G01,True,False
Q2-005,437,20781.561325110728,20781.98699701634,"trajectory(x(t),y(t),z(t))",certified relay position at same global t,fixed G01,True,False
Q2-005,438,20781.98699701634,20782.412668921956,"trajectory(x(t),y(t),z(t))",certified relay position at same global t,fixed G01,True,False
Q2-005,439,20782.412668921956,20783.497263157682,"trajectory(x(t),y(t),z(t))",certified relay position at same global t,fixed G01,True,False
Q2-005,440,20783.497263157682,20784.58185739341,"trajectory(x(t),y(t),z(t))",certified relay position at same global t,fixed G01,True,False
Q2-005,441,20784.58185739341,20785.188537234186,"trajectory(x(t),y(t),z(t))",certified relay position at same global t,fixed G01,True,False
Q2-005,442,20785.188537234186,20785.795217074963,"trajectory(x(t),y(t),z(t))",certified relay position at same global t,fixed G01,True,False
Q2-005,443,20785.795217074963,20786.273131469858,"trajectory(x(t),y(t),z(t))",certified relay position at same global t,fixed G01,True,False
Q2-005,444,20786.273131469858,20786.751045864752,"trajectory(x(t),y(t),z(t))",certified relay position at same global t,fixed G01,True,False
Q2-005,445,20786.751045864752,20787.83564010048,"trajectory(x(t),y(t),z(t))",certified relay position at same global t,fixed G01,True,False
Q2-005,446,20787.83564010048,20788.920234336205,"trajectory(x(t),y(t),z(t))",certified relay position at same global t,fixed G01,True,False
Q2-005,447,20788.920234336205,20789.4746716877,"trajectory(x(t),y(t),z(t))",certified relay position at same global t,fixed G01,True,False
Q2-005,448,20789.4746716877,20790.0291090392,"trajectory(x(t),y(t),z(t))",certified relay position at same global t,fixed G01,True,False
Q2-005,449,20790.0291090392,20790.55926592343,"trajectory(x(t),y(t),z(t))",certified relay position at same global t,fixed G01,True,False
Q2-005,450,20790.55926592343,20791.089422807665,"trajectory(x(t),y(t),z(t))",certified relay position at same global t,fixed G01,True,False
Q2-005,451,20791.089422807665,20792.174017043337,"trajectory(x(t),y(t),z(t))",certified relay position at same global t,fixed G01,True,False
Q2-005,452,20792.174017043337,20793.25861127901,"trajectory(x(t),y(t),z(t))",certified relay position at same global t,fixed G01,True,False
Q2-005,453,20793.25861127901,20793.760806141196,"trajectory(x(t),y(t),z(t))",certified relay position at same global t,fixed G01,True,False
Q2-005,454,20793.760806141196,20794.263001003383,"trajectory(x(t),y(t),z(t))",certified relay position at same global t,fixed G01,True,False
Q2-005,455,20794.263001003383,20794.845400376926,"trajectory(x(t),y(t),z(t))",certified relay position at same global t,fixed G01,True,False
Q2-005,456,20794.845400376926,20795.42779975047,"trajectory(x(t),y(t),z(t))",certified relay position at same global t,fixed G01,True,False
Q2-005,457,20795.42779975047,20796.512393986195,"trajectory(x(t),y(t),z(t))",certified relay position at same global t,fixed G01,True,False
Q2-005,458,20796.512393986195,20797.59698822192,"trajectory(x(t),y(t),z(t))",certified relay position at same global t,fixed G01,True,False
Q2-005,459,20797.59698822192,20798.046940594795,"trajectory(x(t),y(t),z(t))",certified relay position at same global t,fixed G01,True,False
Q2-005,460,20798.046940594795,20798.49689296767,"trajectory(x(t),y(t),z(t))",certified relay position at same global t,fixed G01,True,False
Q2-005,461,20798.49689296767,20799.131534830467,"trajectory(x(t),y(t),z(t))",certified relay position at same global t,fixed G01,True,False
Q2-005,462,20799.131534830467,20799.766176693265,"trajectory(x(t),y(t),z(t))",certified relay position at same global t,fixed G01,True,False
Q2-005,463,20799.766176693265,20800.85077092899,"trajectory(x(t),y(t),z(t))",certified relay position at same global t,fixed G01,True,False
Q2-005,464,20800.85077092899,20801.935365164718,"trajectory(x(t),y(t),z(t))",certified relay position at same global t,fixed G01,True,False
Q2-005,465,20801.935365164718,20802.333075048282,"trajectory(x(t),y(t),z(t))",certified relay position at same global t,fixed G01,True,False
Q2-005,466,20802.333075048282,20802.730784931846,"trajectory(x(t),y(t),z(t))",certified relay position at same global t,fixed G01,True,False
Q2-005,467,20802.730784931846,20803.41766928401,"trajectory(x(t),y(t),z(t))",certified relay position at same global t,fixed G01,True,False
Q2-005,468,20803.41766928401,20804.10455363617,"trajectory(x(t),y(t),z(t))",certified relay position at same global t,fixed G01,True,False
Q2-005,469,20804.10455363617,20805.189147871843,"trajectory(x(t),y(t),z(t))",certified relay position at same global t,fixed G01,True,False
Q2-005,470,20805.189147871843,20806.273742107514,"trajectory(x(t),y(t),z(t))",certified relay position at same global t,fixed G01,True,False
Q2-005,471,20806.273742107514,20806.619209501772,"trajectory(x(t),y(t),z(t))",certified relay position at same global t,fixed G01,True,False
Q2-005,472,20806.619209501772,20806.96467689603,"trajectory(x(t),y(t),z(t))",certified relay position at same global t,fixed G01,True,False
Q2-005,473,20806.96467689603,20807.703803737502,"trajectory(x(t),y(t),z(t))",certified relay position at same global t,fixed G01,True,False
Q2-005,474,20807.703803737502,20808.442930578974,"trajectory(x(t),y(t),z(t))",certified relay position at same global t,fixed G01,True,False
Q2-005,475,20808.442930578974,20809.5275248147,"trajectory(x(t),y(t),z(t))",certified relay position at same global t,fixed G01,True,False
Q2-005,476,20809.5275248147,20810.612119050427,"trajectory(x(t),y(t),z(t))",certified relay position at same global t,fixed G01,True,False
Q2-005,477,20810.612119050427,20810.90534395537,"trajectory(x(t),y(t),z(t))",certified relay position at same global t,fixed G01,True,False
Q2-005,478,20810.90534395537,20811.198568860316,"trajectory(x(t),y(t),z(t))",certified relay position at same global t,fixed G01,True,False
Q2-005,479,20811.198568860316,20811.989938191044,"trajectory(x(t),y(t),z(t))",certified relay position at same global t,fixed G01,True,False
Q2-005,480,20811.989938191044,20812.78130752177,"trajectory(x(t),y(t),z(t))",certified relay position at same global t,fixed G01,True,False
Q2-005,481,20812.78130752177,20813.865901757556,"trajectory(x(t),y(t),z(t))",certified relay position at same global t,fixed G01,True,False
Q2-005,482,20813.865901757556,20814.95049599334,"trajectory(x(t),y(t),z(t))",certified relay position at same global t,fixed G01,True,False
Q2-005,483,20814.95049599334,20815.19147840892,"trajectory(x(t),y(t),z(t))",certified relay position at same global t,fixed G01,True,False
Q2-005,484,20815.19147840892,20815.4324608245,"trajectory(x(t),y(t),z(t))",certified relay position at same global t,fixed G01,True,False
Q2-005,485,20815.4324608245,20816.276072644592,"trajectory(x(t),y(t),z(t))",certified relay position at same global t,fixed G01,True,False
Q2-005,486,20816.276072644592,20817.119684464684,"trajectory(x(t),y(t),z(t))",certified relay position at same global t,fixed G01,True,False
Q2-005,487,20817.119684464684,20818.204278700356,"trajectory(x(t),y(t),z(t))",certified relay position at same global t,fixed G01,True,False
Q2-005,488,20818.204278700356,20819.288872936027,"trajectory(x(t),y(t),z(t))",certified relay position at same global t,fixed G01,True,False
Q2-005,489,20819.288872936027,20819.47761286238,"trajectory(x(t),y(t),z(t))",certified relay position at same global t,fixed G01,True,False
Q2-005,490,20819.47761286238,20819.666352788736,"trajectory(x(t),y(t),z(t))",certified relay position at same global t,fixed G01,True,False
Q2-005,491,20819.666352788736,20820.562207098166,"trajectory(x(t),y(t),z(t))",certified relay position at same global t,fixed G01,True,False
Q2-005,492,20820.562207098166,20821.458061407597,"trajectory(x(t),y(t),z(t))",certified relay position at same global t,fixed G01,True,False
Q2-005,493,20821.458061407597,20822.54265564327,"trajectory(x(t),y(t),z(t))",certified relay position at same global t,fixed G01,True,False
Q2-005,494,20822.54265564327,20823.62724987894,"trajectory(x(t),y(t),z(t))",certified relay position at same global t,fixed G01,True,False
Q2-005,495,20823.62724987894,20823.763747315956,"trajectory(x(t),y(t),z(t))",certified relay position at same global t,fixed G01,True,False
Q2-005,496,20823.763747315956,20823.90024475297,"trajectory(x(t),y(t),z(t))",certified relay position at same global t,fixed G01,True,False
Q2-005,497,20823.90024475297,20824.848341551628,"trajectory(x(t),y(t),z(t))",certified relay position at same global t,fixed G01,True,False
Q2-005,498,20824.848341551628,20825.796438350284,"trajectory(x(t),y(t),z(t))",certified relay position at same global t,fixed G01,True,False
Q2-005,499,20825.796438350284,20826.88103258607,"trajectory(x(t),y(t),z(t))",certified relay position at same global t,fixed G01,True,False
Q2-005,500,20826.88103258607,20827.965626821853,"trajectory(x(t),y(t),z(t))",certified relay position at same global t,fixed G01,True,False
Q2-005,501,20827.965626821853,20828.049881769504,"trajectory(x(t),y(t),z(t))",certified relay position at same global t,fixed G01,True,False
Q2-005,502,20828.049881769504,20828.134136717155,"trajectory(x(t),y(t),z(t))",certified relay position at same global t,fixed G01,True,False
Q2-005,503,20828.134136717155,20829.134476005176,"trajectory(x(t),y(t),z(t))",certified relay position at same global t,fixed G01,True,False
Q2-005,504,20829.134476005176,20830.134815293197,"trajectory(x(t),y(t),z(t))",certified relay position at same global t,fixed G01,True,False
Q2-005,505,20830.134815293197,20831.21940952887,"trajectory(x(t),y(t),z(t))",certified relay position at same global t,fixed G01,True,False
Q2-005,506,20831.21940952887,20832.30400376454,"trajectory(x(t),y(t),z(t))",certified relay position at same global t,fixed G01,True,False
Q2-005,507,20832.30400376454,20832.336016222966,"trajectory(x(t),y(t),z(t))",certified relay position at same global t,fixed G01,True,False
Q2-005,508,20832.336016222966,20832.36802868139,"trajectory(x(t),y(t),z(t))",certified relay position at same global t,fixed G01,True,False
Q2-005,509,20832.36802868139,20833.42061045875,"trajectory(x(t),y(t),z(t))",certified relay position at same global t,fixed G01,True,False
Q2-005,510,20833.42061045875,20834.47319223611,"trajectory(x(t),y(t),z(t))",certified relay position at same global t,fixed G01,True,False
Q2-005,511,20834.47319223611,20835.537556440868,"trajectory(x(t),y(t),z(t))",certified relay position at same global t,fixed G01,True,False
Q2-005,512,20835.537556440868,20836.601920645626,"trajectory(x(t),y(t),z(t))",certified relay position at same global t,fixed G01,True,False
Q2-005,513,20836.601920645626,20836.62215067654,"trajectory(x(t),y(t),z(t))",certified relay position at same global t,fixed G01,True,False
Q2-005,514,20836.62215067654,20836.642380707453,"trajectory(x(t),y(t),z(t))",certified relay position at same global t,fixed G01,True,False
Q2-005,515,20836.642380707453,20837.726974943125,"trajectory(x(t),y(t),z(t))",certified relay position at same global t,fixed G01,True,False
Q2-005,516,20837.726974943125,20838.811569178797,"trajectory(x(t),y(t),z(t))",certified relay position at same global t,fixed G01,True,False
Q2-005,517,20838.811569178797,20839.8236908943,"trajectory(x(t),y(t),z(t))",certified relay position at same global t,fixed G01,True,False
Q2-005,518,20839.8236908943,20840.835812609803,"trajectory(x(t),y(t),z(t))",certified relay position at same global t,fixed G01,True,False
Q2-005,519,20840.835812609803,20840.90828513008,"trajectory(x(t),y(t),z(t))",certified relay position at same global t,fixed G01,True,False
Q2-005,520,20840.90828513008,20840.98075765036,"trajectory(x(t),y(t),z(t))",certified relay position at same global t,fixed G01,True,False
Q2-005,521,20840.98075765036,20842.06535188603,"trajectory(x(t),y(t),z(t))",certified relay position at same global t,fixed G01,True,False
Q2-005,522,20842.06535188603,20843.149946121703,"trajectory(x(t),y(t),z(t))",certified relay position at same global t,fixed G01,True,False
Q2-005,523,20843.149946121703,20844.109825347896,"trajectory(x(t),y(t),z(t))",certified relay position at same global t,fixed G01,True,False
Q2-005,524,20844.109825347896,20845.06970457409,"trajectory(x(t),y(t),z(t))",certified relay position at same global t,fixed G01,True,False
Q2-005,525,20845.06970457409,20845.194419583568,"trajectory(x(t),y(t),z(t))",certified relay position at same global t,fixed G01,True,False
Q2-005,526,20845.194419583568,20845.319134593046,"trajectory(x(t),y(t),z(t))",certified relay position at same global t,fixed G01,True,False
Q2-005,527,20845.319134593046,20846.40372882883,"trajectory(x(t),y(t),z(t))",certified relay position at same global t,fixed G01,True,False
Q2-005,528,20846.40372882883,20847.488323064616,"trajectory(x(t),y(t),z(t))",certified relay position at same global t,fixed G01,True,False
Q2-005,529,20847.488323064616,20848.395959801444,"trajectory(x(t),y(t),z(t))",certified relay position at same global t,fixed G01,True,False
Q2-005,530,20848.395959801444,20849.303596538273,"trajectory(x(t),y(t),z(t))",certified relay position at same global t,fixed G01,True,False
Q2-005,531,20849.303596538273,20849.480554037116,"trajectory(x(t),y(t),z(t))",certified relay position at same global t,fixed G01,True,False
Q2-005,532,20849.480554037116,20849.65751153596,"trajectory(x(t),y(t),z(t))",certified relay position at same global t,fixed G01,True,False
Q2-005,533,20849.65751153596,20850.74210577163,"trajectory(x(t),y(t),z(t))",certified relay position at same global t,fixed G01,True,False
Q2-005,534,20850.74210577163,20851.826700007303,"trajectory(x(t),y(t),z(t))",certified relay position at same global t,fixed G01,True,False
Q2-005,535,20851.826700007303,20852.682094254877,"trajectory(x(t),y(t),z(t))",certified relay position at same global t,fixed G01,True,False
Q2-005,536,20852.682094254877,20853.53748850245,"trajectory(x(t),y(t),z(t))",certified relay position at same global t,fixed G01,True,False
Q2-005,537,20853.53748850245,20853.766688490658,"trajectory(x(t),y(t),z(t))",certified relay position at same global t,fixed G01,True,False
Q2-005,538,20853.766688490658,20853.995888478865,"trajectory(x(t),y(t),z(t))",certified relay position at same global t,fixed G01,True,False
Q2-005,539,20853.995888478865,20855.080482714537,"trajectory(x(t),y(t),z(t))",certified relay position at same global t,fixed G01,True,False
Q2-005,540,20855.080482714537,20856.16507695021,"trajectory(x(t),y(t),z(t))",certified relay position at same global t,fixed G01,True,False
Q2-005,541,20856.16507695021,20856.968228708472,"trajectory(x(t),y(t),z(t))",certified relay position at same global t,fixed G01,True,False
Q2-005,542,20856.968228708472,20857.771380466736,"trajectory(x(t),y(t),z(t))",certified relay position at same global t,fixed G01,True,False
Q2-005,543,20857.771380466736,20858.052822944202,"trajectory(x(t),y(t),z(t))",certified relay position at same global t,fixed G01,True,False
Q2-005,544,20858.052822944202,20858.33426542167,"trajectory(x(t),y(t),z(t))",certified relay position at same global t,fixed G01,True,False
Q2-005,545,20858.33426542167,20859.418859657395,"trajectory(x(t),y(t),z(t))",certified relay position at same global t,fixed G01,True,False
Q2-005,546,20859.418859657395,20860.50345389312,"trajectory(x(t),y(t),z(t))",certified relay position at same global t,fixed G01,True,False
Q2-005,547,20860.50345389312,20861.25436316202,"trajectory(x(t),y(t),z(t))",certified relay position at same global t,fixed G01,True,False
Q2-005,548,20861.25436316202,20862.00527243092,"trajectory(x(t),y(t),z(t))",certified relay position at same global t,fixed G01,True,False
Q2-005,549,20862.00527243092,20862.338957397693,"trajectory(x(t),y(t),z(t))",certified relay position at same global t,fixed G01,True,False
Q2-005,550,20862.338957397693,20862.672642364465,"trajectory(x(t),y(t),z(t))",certified relay position at same global t,fixed G01,True,False
Q2-005,551,20862.672642364465,20863.75723660019,"trajectory(x(t),y(t),z(t))",certified relay position at same global t,fixed G01,True,False
Q2-005,552,20863.75723660019,20864.841830835918,"trajectory(x(t),y(t),z(t))",certified relay position at same global t,fixed G01,True,False
Q2-005,553,20864.841830835918,20865.540497615533,"trajectory(x(t),y(t),z(t))",certified relay position at same global t,fixed G01,True,False
Q2-005,554,20865.540497615533,20866.23916439515,"trajectory(x(t),y(t),z(t))",certified relay position at same global t,fixed G01,True,False
Q2-005,555,20866.23916439515,20866.62509185126,"trajectory(x(t),y(t),z(t))",certified relay position at same global t,fixed G01,True,False
Q2-005,556,20866.62509185126,20867.01101930737,"trajectory(x(t),y(t),z(t))",certified relay position at same global t,fixed G01,True,False
Q2-005,557,20867.01101930737,20868.095613543042,"trajectory(x(t),y(t),z(t))",certified relay position at same global t,fixed G01,True,False
Q2-005,558,20868.095613543042,20869.180207778714,"trajectory(x(t),y(t),z(t))",certified relay position at same global t,fixed G01,True,False
Q2-005,559,20869.180207778714,20869.82663206905,"trajectory(x(t),y(t),z(t))",certified relay position at same global t,fixed G01,True,False
Q2-005,560,20869.82663206905,20870.473056359384,"trajectory(x(t),y(t),z(t))",certified relay position at same global t,fixed G01,True,False
Q2-005,561,20870.473056359384,20870.91122630478,"trajectory(x(t),y(t),z(t))",certified relay position at same global t,fixed G01,True,False
Q2-005,562,20870.91122630478,20871.349396250174,"trajectory(x(t),y(t),z(t))",certified relay position at same global t,fixed G01,True,False
Q2-005,563,20871.349396250174,20872.4339904859,"trajectory(x(t),y(t),z(t))",certified relay position at same global t,fixed G01,True,False
Q2-005,564,20872.4339904859,20873.518584721627,"trajectory(x(t),y(t),z(t))",certified relay position at same global t,fixed G01,True,False
Q2-005,565,20873.518584721627,20874.112766522598,"trajectory(x(t),y(t),z(t))",certified relay position at same global t,fixed G01,True,False
Q2-005,566,20874.112766522598,20874.70694832357,"trajectory(x(t),y(t),z(t))",certified relay position at same global t,fixed G01,True,False
Q2-005,567,20874.70694832357,20875.197360758273,"trajectory(x(t),y(t),z(t))",certified relay position at same global t,fixed G01,True,False
Q2-005,568,20875.197360758273,20875.687773192978,"trajectory(x(t),y(t),z(t))",certified relay position at same global t,fixed G01,True,False
Q2-005,569,20875.687773192978,20876.772367428704,"trajectory(x(t),y(t),z(t))",certified relay position at same global t,fixed G01,True,False
Q2-005,570,20876.772367428704,20877.85696166443,"trajectory(x(t),y(t),z(t))",certified relay position at same global t,fixed G01,True,False
Q2-005,571,20877.85696166443,20878.398900976143,"trajectory(x(t),y(t),z(t))",certified relay position at same global t,fixed G01,True,False
Q2-005,572,20878.398900976143,20878.940840287854,"trajectory(x(t),y(t),z(t))",certified relay position at same global t,fixed G01,True,False
Q2-005,573,20878.940840287854,20879.48349521187,"trajectory(x(t),y(t),z(t))",certified relay position at same global t,fixed G01,True,False
Q2-005,574,20879.48349521187,20880.026150135884,"trajectory(x(t),y(t),z(t))",certified relay position at same global t,fixed G01,True,False
Q2-005,575,20880.026150135884,20881.110744371555,"trajectory(x(t),y(t),z(t))",certified relay position at same global t,fixed G01,True,False
Q2-005,576,20881.110744371555,20882.195338607227,"trajectory(x(t),y(t),z(t))",certified relay position at same global t,fixed G01,True,False
Q2-005,577,20882.195338607227,20882.685035429633,"trajectory(x(t),y(t),z(t))",certified relay position at same global t,fixed G01,True,False
Q2-005,578,20882.685035429633,20883.17473225204,"trajectory(x(t),y(t),z(t))",certified relay position at same global t,fixed G01,True,False
Q2-005,579,20883.17473225204,20883.769629665363,"trajectory(x(t),y(t),z(t))",certified relay position at same global t,fixed G01,True,False
Q2-005,580,20883.769629665363,20884.364527078687,"trajectory(x(t),y(t),z(t))",certified relay position at same global t,fixed G01,True,False
Q2-005,581,20884.364527078687,20885.449121314414,"trajectory(x(t),y(t),z(t))",certified relay position at same global t,fixed G01,True,False
Q2-005,582,20885.449121314414,20886.53371555014,"trajectory(x(t),y(t),z(t))",certified relay position at same global t,fixed G01,True,False
Q2-005,583,20886.53371555014,20886.971169883178,"trajectory(x(t),y(t),z(t))",certified relay position at same global t,fixed G01,True,False
Q2-005,584,20886.971169883178,20887.408624216216,"trajectory(x(t),y(t),z(t))",certified relay position at same global t,fixed G01,True,False
Q2-005,585,20887.408624216216,20888.05576411885,"trajectory(x(t),y(t),z(t))",certified relay position at same global t,fixed G01,True,False
Q2-005,586,20888.05576411885,20888.702904021484,"trajectory(x(t),y(t),z(t))",certified relay position at same global t,fixed G01,True,False
Q2-005,587,20888.702904021484,20889.78749825721,"trajectory(x(t),y(t),z(t))",certified relay position at same global t,fixed G01,True,False
Q2-005,588,20889.78749825721,20890.872092492937,"trajectory(x(t),y(t),z(t))",certified relay position at same global t,fixed G01,True,False
Q2-005,589,20890.872092492937,20891.25730433672,"trajectory(x(t),y(t),z(t))",certified relay position at same global t,fixed G01,True,False
Q2-005,590,20891.25730433672,20891.642516180502,"trajectory(x(t),y(t),z(t))",certified relay position at same global t,fixed G01,True,False
Q2-005,591,20891.642516180502,20892.341898572446,"trajectory(x(t),y(t),z(t))",certified relay position at same global t,fixed G01,True,False
Q2-005,592,20892.341898572446,20893.04128096439,"trajectory(x(t),y(t),z(t))",certified relay position at same global t,fixed G01,True,False
Q2-005,593,20893.04128096439,20894.12587520006,"trajectory(x(t),y(t),z(t))",certified relay position at same global t,fixed G01,True,False
Q2-005,594,20894.12587520006,20895.210469435733,"trajectory(x(t),y(t),z(t))",certified relay position at same global t,fixed G01,True,False
Q2-005,595,20895.210469435733,20895.543438790206,"trajectory(x(t),y(t),z(t))",certified relay position at same global t,fixed G01,True,False
Q2-005,596,20895.543438790206,20895.87640814468,"trajectory(x(t),y(t),z(t))",certified relay position at same global t,fixed G01,True,False
Q2-005,597,20895.87640814468,20896.628033025987,"trajectory(x(t),y(t),z(t))",certified relay position at same global t,fixed G01,True,False
Q2-005,598,20896.628033025987,20897.379657907295,"trajectory(x(t),y(t),z(t))",certified relay position at same global t,fixed G01,True,False
Q2-005,599,20897.379657907295,20898.464252142967,"trajectory(x(t),y(t),z(t))",certified relay position at same global t,fixed G01,True,False
Q2-005,600,20898.464252142967,20899.54884637864,"trajectory(x(t),y(t),z(t))",certified relay position at same global t,fixed G01,True,False
Q2-005,601,20899.54884637864,20899.829573243776,"trajectory(x(t),y(t),z(t))",certified relay position at same global t,fixed G01,True,False
Q2-005,602,20899.829573243776,20900.110300108914,"trajectory(x(t),y(t),z(t))",certified relay position at same global t,fixed G01,True,False
Q2-005,603,20900.110300108914,20900.914167479452,"trajectory(x(t),y(t),z(t))",certified relay position at same global t,fixed G01,True,False
Q2-005,604,20900.914167479452,20901.71803484999,"trajectory(x(t),y(t),z(t))",certified relay position at same global t,fixed G01,True,False
Q2-005,605,20901.71803484999,20902.802629085774,"trajectory(x(t),y(t),z(t))",certified relay position at same global t,fixed G01,True,False
Q2-005,606,20902.802629085774,20903.88722332156,"trajectory(x(t),y(t),z(t))",certified relay position at same global t,fixed G01,True,False
Q2-005,607,20903.88722332156,20904.115707697358,"trajectory(x(t),y(t),z(t))",certified relay position at same global t,fixed G01,True,False
Q2-005,608,20904.115707697358,20904.344192073157,"trajectory(x(t),y(t),z(t))",certified relay position at same global t,fixed G01,True,False
Q2-005,609,20904.344192073157,20905.20030193303,"trajectory(x(t),y(t),z(t))",certified relay position at same global t,fixed G01,True,False
Q2-005,610,20905.20030193303,20906.056411792903,"trajectory(x(t),y(t),z(t))",certified relay position at same global t,fixed G01,True,False
Q2-005,611,20906.056411792903,20907.141006028574,"trajectory(x(t),y(t),z(t))",certified relay position at same global t,fixed G01,True,False
Q2-005,612,20907.141006028574,20908.225600264246,"trajectory(x(t),y(t),z(t))",certified relay position at same global t,fixed G01,True,False
Q2-005,613,20908.225600264246,20908.40184215079,"trajectory(x(t),y(t),z(t))",certified relay position at same global t,fixed G01,True,False
Q2-005,614,20908.40184215079,20908.578084037334,"trajectory(x(t),y(t),z(t))",certified relay position at same global t,fixed G01,True,False
Q2-005,615,20908.578084037334,20909.48643638657,"trajectory(x(t),y(t),z(t))",certified relay position at same global t,fixed G01,True,False
Q2-005,616,20909.48643638657,20910.394788735808,"trajectory(x(t),y(t),z(t))",certified relay position at same global t,fixed G01,True,False
Q2-005,617,20910.394788735808,20911.47938297148,"trajectory(x(t),y(t),z(t))",certified relay position at same global t,fixed G01,True,False
Q2-005,618,20911.47938297148,20912.56397720715,"trajectory(x(t),y(t),z(t))",certified relay position at same global t,fixed G01,True,False
Q2-005,619,20912.56397720715,20912.687976604357,"trajectory(x(t),y(t),z(t))",certified relay position at same global t,fixed G01,True,False
Q2-005,620,20912.687976604357,20912.81197600156,"trajectory(x(t),y(t),z(t))",certified relay position at same global t,fixed G01,True,False
Q2-005,621,20912.81197600156,20913.77257084003,"trajectory(x(t),y(t),z(t))",certified relay position at same global t,fixed G01,True,False
Q2-005,622,20913.77257084003,20914.733165678495,"trajectory(x(t),y(t),z(t))",certified relay position at same global t,fixed G01,True,False
Q2-005,623,20914.733165678495,20915.81775991428,"trajectory(x(t),y(t),z(t))",certified relay position at same global t,fixed G01,True,False
Q2-005,624,20915.81775991428,20916.902354150065,"trajectory(x(t),y(t),z(t))",certified relay position at same global t,fixed G01,True,False
Q2-005,625,20916.902354150065,20916.974111057934,"trajectory(x(t),y(t),z(t))",certified relay position at same global t,fixed G01,True,False
Q2-005,626,20916.974111057934,20917.045867965804,"trajectory(x(t),y(t),z(t))",certified relay position at same global t,fixed G01,True,False
Q2-005,627,20917.045867965804,20918.058705293606,"trajectory(x(t),y(t),z(t))",certified relay position at same global t,fixed G01,True,False
Q2-005,628,20918.058705293606,20919.07154262141,"trajectory(x(t),y(t),z(t))",certified relay position at same global t,fixed G01,True,False
Q2-005,629,20919.07154262141,20920.15613685708,"trajectory(x(t),y(t),z(t))",certified relay position at same global t,fixed G01,True,False
Q2-005,630,20920.15613685708,20921.240731092752,"trajectory(x(t),y(t),z(t))",certified relay position at same global t,fixed G01,True,False
Q2-005,631,20921.240731092752,20921.260245511367,"trajectory(x(t),y(t),z(t))",certified relay position at same global t,fixed G01,True,False
Q2-005,632,20921.260245511367,20921.27975992998,"trajectory(x(t),y(t),z(t))",certified relay position at same global t,fixed G01,True,False
Q2-005,633,20921.27975992998,20922.34483974715,"trajectory(x(t),y(t),z(t))",certified relay position at same global t,fixed G01,True,False
Q2-005,634,20922.34483974715,20923.40991956432,"trajectory(x(t),y(t),z(t))",certified relay position at same global t,fixed G01,True,False
Q2-005,635,20923.40991956432,20924.461785729298,"trajectory(x(t),y(t),z(t))",certified relay position at same global t,fixed G01,True,False
Q2-005,636,20924.461785729298,20925.513651894275,"trajectory(x(t),y(t),z(t))",certified relay position at same global t,fixed G01,True,False
Q2-005,637,20925.513651894275,20925.54637996497,"trajectory(x(t),y(t),z(t))",certified relay position at same global t,fixed G01,True,False
Q2-005,638,20925.54637996497,20925.579108035665,"trajectory(x(t),y(t),z(t))",certified relay position at same global t,fixed G01,True,False
Q2-005,639,20925.579108035665,20926.663702271337,"trajectory(x(t),y(t),z(t))",certified relay position at same global t,fixed G01,True,False
Q2-005,640,20926.663702271337,20927.74829650701,"trajectory(x(t),y(t),z(t))",certified relay position at same global t,fixed G01,True,False
Q2-005,641,20927.74829650701,20928.74792018273,"trajectory(x(t),y(t),z(t))",certified relay position at same global t,fixed G01,True,False
Q2-005,642,20928.74792018273,20929.74754385845,"trajectory(x(t),y(t),z(t))",certified relay position at same global t,fixed G01,True,False
Q2-005,643,20929.74754385845,20929.83251441851,"trajectory(x(t),y(t),z(t))",certified relay position at same global t,fixed G01,True,False
Q2-005,644,20929.83251441851,20929.91748497857,"trajectory(x(t),y(t),z(t))",certified relay position at same global t,fixed G01,True,False
Q2-005,645,20929.91748497857,20931.002079214242,"trajectory(x(t),y(t),z(t))",certified relay position at same global t,fixed G01,True,False
Q2-005,646,20931.002079214242,20932.086673449914,"trajectory(x(t),y(t),z(t))",certified relay position at same global t,fixed G01,True,False
Q2-005,647,20932.086673449914,20933.03405463627,"trajectory(x(t),y(t),z(t))",certified relay position at same global t,fixed G01,True,False
Q2-005,648,20933.03405463627,20933.98143582263,"trajectory(x(t),y(t),z(t))",certified relay position at same global t,fixed G01,True,False
Q2-005,649,20933.98143582263,20934.118648871943,"trajectory(x(t),y(t),z(t))",certified relay position at same global t,fixed G01,True,False
Q2-005,650,20934.118648871943,20934.255861921258,"trajectory(x(t),y(t),z(t))",certified relay position at same global t,fixed G01,True,False
Q2-005,651,20934.255861921258,20935.340456157042,"trajectory(x(t),y(t),z(t))",certified relay position at same global t,fixed G01,True,False
Q2-005,652,20935.340456157042,20936.425050392827,"trajectory(x(t),y(t),z(t))",certified relay position at same global t,fixed G01,True,False
Q2-005,653,20936.425050392827,20937.320189089874,"trajectory(x(t),y(t),z(t))",certified relay position at same global t,fixed G01,True,False
Q2-005,654,20937.320189089874,20938.215327786922,"trajectory(x(t),y(t),z(t))",certified relay position at same global t,fixed G01,True,False
Q2-005,655,20938.215327786922,20938.404783325546,"trajectory(x(t),y(t),z(t))",certified relay position at same global t,fixed G01,True,False
Q2-005,656,20938.404783325546,20938.59423886417,"trajectory(x(t),y(t),z(t))",certified relay position at same global t,fixed G01,True,False
Q2-005,657,20938.59423886417,20939.678833099897,"trajectory(x(t),y(t),z(t))",certified relay position at same global t,fixed G01,True,False
Q2-005,658,20939.678833099897,20940.763427335623,"trajectory(x(t),y(t),z(t))",certified relay position at same global t,fixed G01,True,False
Q2-005,659,20940.763427335623,20941.60632354336,"trajectory(x(t),y(t),z(t))",certified relay position at same global t,fixed G01,True,False
Q2-005,660,20941.60632354336,20942.4492197511,"trajectory(x(t),y(t),z(t))",certified relay position at same global t,fixed G01,True,False
Q2-005,661,20942.4492197511,20942.69091777909,"trajectory(x(t),y(t),z(t))",certified relay position at same global t,fixed G01,True,False
Q2-005,662,20942.69091777909,20942.932615807083,"trajectory(x(t),y(t),z(t))",certified relay position at same global t,fixed G01,True,False
Q2-005,663,20942.932615807083,20944.017210042755,"trajectory(x(t),y(t),z(t))",certified relay position at same global t,fixed G01,True,False
Q2-005,664,20944.017210042755,20945.101804278427,"trajectory(x(t),y(t),z(t))",certified relay position at same global t,fixed G01,True,False
Q2-005,665,20945.101804278427,20945.89245799688,"trajectory(x(t),y(t),z(t))",certified relay position at same global t,fixed G01,True,False
Q2-005,666,20945.89245799688,20946.683111715334,"trajectory(x(t),y(t),z(t))",certified relay position at same global t,fixed G01,True,False
Q2-005,667,20946.683111715334,20946.977052232607,"trajectory(x(t),y(t),z(t))",certified relay position at same global t,fixed G01,True,False
Q2-005,668,20946.977052232607,20947.27099274988,"trajectory(x(t),y(t),z(t))",certified relay position at same global t,fixed G01,True,False
Q2-005,669,20947.27099274988,20948.355586985606,"trajectory(x(t),y(t),z(t))",certified relay position at same global t,fixed G01,True,False
Q2-005,670,20948.355586985606,20949.440181221333,"trajectory(x(t),y(t),z(t))",certified relay position at same global t,fixed G01,True,False
Q2-005,671,20949.440181221333,20950.17859245045,"trajectory(x(t),y(t),z(t))",certified relay position at same global t,fixed G01,True,False
Q2-005,672,20950.17859245045,20950.91700367957,"trajectory(x(t),y(t),z(t))",certified relay position at same global t,fixed G01,True,False
Q2-005,673,20950.91700367957,20951.263186686127,"trajectory(x(t),y(t),z(t))",certified relay position at same global t,fixed G01,True,False
Q2-005,674,20951.263186686127,20951.609369692684,"trajectory(x(t),y(t),z(t))",certified relay position at same global t,fixed G01,True,False
Q2-005,675,20951.609369692684,20952.273054597437,"trajectory(x(t),y(t),z(t))",certified relay position at same global t,fixed G01,True,False
Q2-005,676,20952.273054597437,20952.93673950219,"trajectory(x(t),y(t),z(t))",certified relay position at same global t,fixed G01,True,False
Q2-005,677,20952.93673950219,21042.25839477563,"trajectory(x(t),y(t),z(t))",certified relay position at same global t,fixed G01,True,False
Q2-005,678,21042.25839477563,21252.25839477563,"trajectory(x(t),y(t),z(t))",certified relay position at same global t,fixed G01,True,False
Q2-005,679,21252.25839477563,21326.69310750349,"trajectory(x(t),y(t),z(t))",certified relay position at same global t,fixed G01,True,False
Q2-005,680,21326.69310750349,21327.356792408245,"trajectory(x(t),y(t),z(t))",certified relay position at same global t,fixed G01,True,False
Q2-005,681,21327.356792408245,21328.020477313,"trajectory(x(t),y(t),z(t))",certified relay position at same global t,fixed G01,True,False
Q2-005,682,21328.020477313,21328.366660319556,"trajectory(x(t),y(t),z(t))",certified relay position at same global t,fixed G01,True,False
Q2-005,683,21328.366660319556,21328.712843326113,"trajectory(x(t),y(t),z(t))",certified relay position at same global t,fixed G01,True,False
Q2-005,684,21328.712843326113,21329.45125455523,"trajectory(x(t),y(t),z(t))",certified relay position at same global t,fixed G01,True,False
Q2-005,685,21329.45125455523,21330.18966578435,"trajectory(x(t),y(t),z(t))",certified relay position at same global t,fixed G01,True,False
Q2-005,686,21330.18966578435,21331.274260020076,"trajectory(x(t),y(t),z(t))",certified relay position at same global t,fixed G01,True,False
Q2-005,687,21331.274260020076,21332.358854255803,"trajectory(x(t),y(t),z(t))",certified relay position at same global t,fixed G01,True,False
Q2-005,688,21332.358854255803,21332.652794773076,"trajectory(x(t),y(t),z(t))",certified relay position at same global t,fixed G01,True,False
Q2-005,689,21332.652794773076,21332.94673529035,"trajectory(x(t),y(t),z(t))",certified relay position at same global t,fixed G01,True,False
Q2-005,690,21332.94673529035,21333.737389008802,"trajectory(x(t),y(t),z(t))",certified relay position at same global t,fixed G01,True,False
Q2-005,691,21333.737389008802,21334.528042727256,"trajectory(x(t),y(t),z(t))",certified relay position at same global t,fixed G01,True,False
Q2-005,692,21334.528042727256,21335.612636962927,"trajectory(x(t),y(t),z(t))",certified relay position at same global t,fixed G01,True,False
Q2-005,693,21335.612636962927,21336.6972311986,"trajectory(x(t),y(t),z(t))",certified relay position at same global t,fixed G01,True,False
Q2-005,694,21336.6972311986,21336.93892922659,"trajectory(x(t),y(t),z(t))",certified relay position at same global t,fixed G01,True,False
Q2-005,695,21336.93892922659,21337.180627254584,"trajectory(x(t),y(t),z(t))",certified relay position at same global t,fixed G01,True,False
Q2-005,696,21337.180627254584,21338.02352346232,"trajectory(x(t),y(t),z(t))",certified relay position at same global t,fixed G01,True,False
Q2-005,697,21338.02352346232,21338.86641967006,"trajectory(x(t),y(t),z(t))",certified relay position at same global t,fixed G01,True,False
Q2-005,698,21338.86641967006,21339.951013905786,"trajectory(x(t),y(t),z(t))",certified relay position at same global t,fixed G01,True,False
Q2-005,699,21339.951013905786,21341.035608141512,"trajectory(x(t),y(t),z(t))",certified relay position at same global t,fixed G01,True,False
Q2-005,700,21341.035608141512,21341.225063680136,"trajectory(x(t),y(t),z(t))",certified relay position at same global t,fixed G01,True,False
Q2-005,701,21341.225063680136,21341.41451921876,"trajectory(x(t),y(t),z(t))",certified relay position at same global t,fixed G01,True,False
Q2-005,702,21341.41451921876,21342.30965791581,"trajectory(x(t),y(t),z(t))",certified relay position at same global t,fixed G01,True,False
Q2-005,703,21342.30965791581,21343.204796612856,"trajectory(x(t),y(t),z(t))",certified relay position at same global t,fixed G01,True,False
Q2-005,704,21343.204796612856,21344.28939084864,"trajectory(x(t),y(t),z(t))",certified relay position at same global t,fixed G01,True,False
Q2-005,705,21344.28939084864,21345.373985084425,"trajectory(x(t),y(t),z(t))",certified relay position at same global t,fixed G01,True,False
Q2-005,706,21345.373985084425,21345.51119813374,"trajectory(x(t),y(t),z(t))",certified relay position at same global t,fixed G01,True,False
Q2-005,707,21345.51119813374,21345.648411183054,"trajectory(x(t),y(t),z(t))",certified relay position at same global t,fixed G01,True,False
Q2-005,708,21345.648411183054,21346.59579236941,"trajectory(x(t),y(t),z(t))",certified relay position at same global t,fixed G01,True,False
Q2-005,709,21346.59579236941,21347.54317355577,"trajectory(x(t),y(t),z(t))",certified relay position at same global t,fixed G01,True,False
Q2-005,710,21347.54317355577,21348.62776779144,"trajectory(x(t),y(t),z(t))",certified relay position at same global t,fixed G01,True,False
Q2-005,711,21348.62776779144,21349.712362027112,"trajectory(x(t),y(t),z(t))",certified relay position at same global t,fixed G01,True,False
Q2-005,712,21349.712362027112,21349.79733258717,"trajectory(x(t),y(t),z(t))",certified relay position at same global t,fixed G01,True,False
Q2-005,713,21349.79733258717,21349.88230314723,"trajectory(x(t),y(t),z(t))",certified relay position at same global t,fixed G01,True,False
Q2-005,714,21349.88230314723,21350.881926822953,"trajectory(x(t),y(t),z(t))",certified relay position at same global t,fixed G01,True,False
Q2-005,715,21350.881926822953,21351.881550498674,"trajectory(x(t),y(t),z(t))",certified relay position at same global t,fixed G01,True,False
Q2-005,716,21351.881550498674,21352.966144734346,"trajectory(x(t),y(t),z(t))",certified relay position at same global t,fixed G01,True,False
Q2-005,717,21352.966144734346,21354.050738970018,"trajectory(x(t),y(t),z(t))",certified relay position at same global t,fixed G01,True,False
Q2-005,718,21354.050738970018,21354.083467040713,"trajectory(x(t),y(t),z(t))",certified relay position at same global t,fixed G01,True,False
Q2-005,719,21354.083467040713,21354.116195111408,"trajectory(x(t),y(t),z(t))",certified relay position at same global t,fixed G01,True,False
Q2-005,720,21354.116195111408,21355.168061276385,"trajectory(x(t),y(t),z(t))",certified relay position at same global t,fixed G01,True,False
Q2-005,721,21355.168061276385,21356.21992744136,"trajectory(x(t),y(t),z(t))",certified relay position at same global t,fixed G01,True,False
Q2-005,722,21356.21992744136,21357.28500725853,"trajectory(x(t),y(t),z(t))",certified relay position at same global t,fixed G01,True,False
Q2-005,723,21357.28500725853,21358.3500870757,"trajectory(x(t),y(t),z(t))",certified relay position at same global t,fixed G01,True,False
Q2-005,724,21358.3500870757,21358.369601494316,"trajectory(x(t),y(t),z(t))",certified relay position at same global t,fixed G01,True,False
Q2-005,725,21358.369601494316,21358.38911591293,"trajectory(x(t),y(t),z(t))",certified relay position at same global t,fixed G01,True,False
Q2-005,726,21358.38911591293,21359.473710148603,"trajectory(x(t),y(t),z(t))",certified relay position at same global t,fixed G01,True,False
Q2-005,727,21359.473710148603,21360.558304384274,"trajectory(x(t),y(t),z(t))",certified relay position at same global t,fixed G01,True,False
Q2-005,728,21360.558304384274,21361.571141712076,"trajectory(x(t),y(t),z(t))",certified relay position at same global t,fixed G01,True,False
Q2-005,729,21361.571141712076,21362.58397903988,"trajectory(x(t),y(t),z(t))",certified relay position at same global t,fixed G01,True,False
Q2-005,730,21362.58397903988,21362.65573594775,"trajectory(x(t),y(t),z(t))",certified relay position at same global t,fixed G01,True,False
Q2-005,731,21362.65573594775,21362.727492855618,"trajectory(x(t),y(t),z(t))",certified relay position at same global t,fixed G01,True,False
Q2-005,732,21362.727492855618,21363.812087091403,"trajectory(x(t),y(t),z(t))",certified relay position at same global t,fixed G01,True,False
Q2-005,733,21363.812087091403,21364.896681327187,"trajectory(x(t),y(t),z(t))",certified relay position at same global t,fixed G01,True,False
Q2-005,734,21364.896681327187,21365.857276165654,"trajectory(x(t),y(t),z(t))",certified relay position at same global t,fixed G01,True,False
Q2-005,735,21365.857276165654,21366.81787100412,"trajectory(x(t),y(t),z(t))",certified relay position at same global t,fixed G01,True,False
Q2-005,736,21366.81787100412,21366.941870401326,"trajectory(x(t),y(t),z(t))",certified relay position at same global t,fixed G01,True,False
Q2-005,737,21366.941870401326,21367.06586979853,"trajectory(x(t),y(t),z(t))",certified relay position at same global t,fixed G01,True,False
Q2-005,738,21367.06586979853,21368.150464034203,"trajectory(x(t),y(t),z(t))",certified relay position at same global t,fixed G01,True,False
Q2-005,739,21368.150464034203,21369.235058269875,"trajectory(x(t),y(t),z(t))",certified relay position at same global t,fixed G01,True,False
Q2-005,740,21369.235058269875,21370.14341061911,"trajectory(x(t),y(t),z(t))",certified relay position at same global t,fixed G01,True,False
Q2-005,741,21370.14341061911,21371.05176296835,"trajectory(x(t),y(t),z(t))",certified relay position at same global t,fixed G01,True,False
Q2-005,742,21371.05176296835,21371.228004854893,"trajectory(x(t),y(t),z(t))",certified relay position at same global t,fixed G01,True,False
Q2-005,743,21371.228004854893,21371.404246741437,"trajectory(x(t),y(t),z(t))",certified relay position at same global t,fixed G01,True,False
Q2-005,744,21371.404246741437,21372.48884097711,"trajectory(x(t),y(t),z(t))",certified relay position at same global t,fixed G01,True,False
Q2-005,745,21372.48884097711,21373.57343521278,"trajectory(x(t),y(t),z(t))",certified relay position at same global t,fixed G01,True,False
Q2-005,746,21373.57343521278,21374.429545072653,"trajectory(x(t),y(t),z(t))",certified relay position at same global t,fixed G01,True,False
Q2-005,747,21374.429545072653,21375.285654932526,"trajectory(x(t),y(t),z(t))",certified relay position at same global t,fixed G01,True,False
Q2-005,748,21375.285654932526,21375.514139308325,"trajectory(x(t),y(t),z(t))",certified relay position at same global t,fixed G01,True,False
Q2-005,749,21375.514139308325,21375.742623684124,"trajectory(x(t),y(t),z(t))",certified relay position at same global t,fixed G01,True,False
Q2-005,750,21375.742623684124,21376.82721791991,"trajectory(x(t),y(t),z(t))",certified relay position at same global t,fixed G01,True,False
Q2-005,751,21376.82721791991,21377.911812155693,"trajectory(x(t),y(t),z(t))",certified relay position at same global t,fixed G01,True,False
Q2-005,752,21377.911812155693,21378.71567952623,"trajectory(x(t),y(t),z(t))",certified relay position at same global t,fixed G01,True,False
Q2-005,753,21378.71567952623,21379.51954689677,"trajectory(x(t),y(t),z(t))",certified relay position at same global t,fixed G01,True,False
Q2-005,754,21379.51954689677,21379.800273761906,"trajectory(x(t),y(t),z(t))",certified relay position at same global t,fixed G01,True,False
Q2-005,755,21379.800273761906,21380.081000627044,"trajectory(x(t),y(t),z(t))",certified relay position at same global t,fixed G01,True,False
Q2-005,756,21380.081000627044,21381.165594862716,"trajectory(x(t),y(t),z(t))",certified relay position at same global t,fixed G01,True,False
Q2-005,757,21381.165594862716,21382.250189098388,"trajectory(x(t),y(t),z(t))",certified relay position at same global t,fixed G01,True,False
Q2-005,758,21382.250189098388,21383.001813979696,"trajectory(x(t),y(t),z(t))",certified relay position at same global t,fixed G01,True,False
Q2-005,759,21383.001813979696,21383.753438861004,"trajectory(x(t),y(t),z(t))",certified relay position at same global t,fixed G01,True,False
Q2-005,760,21383.753438861004,21384.086408215477,"trajectory(x(t),y(t),z(t))",certified relay position at same global t,fixed G01,True,False
Q2-005,761,21384.086408215477,21384.41937756995,"trajectory(x(t),y(t),z(t))",certified relay position at same global t,fixed G01,True,False
Q2-005,762,21384.41937756995,21385.50397180562,"trajectory(x(t),y(t),z(t))",certified relay position at same global t,fixed G01,True,False
Q2-005,763,21385.50397180562,21386.588566041293,"trajectory(x(t),y(t),z(t))",certified relay position at same global t,fixed G01,True,False
Q2-005,764,21386.588566041293,21387.287948433237,"trajectory(x(t),y(t),z(t))",certified relay position at same global t,fixed G01,True,False
Q2-005,765,21387.287948433237,21387.98733082518,"trajectory(x(t),y(t),z(t))",certified relay position at same global t,fixed G01,True,False
Q2-005,766,21387.98733082518,21388.372542668963,"trajectory(x(t),y(t),z(t))",certified relay position at same global t,fixed G01,True,False
Q2-005,767,21388.372542668963,21388.757754512746,"trajectory(x(t),y(t),z(t))",certified relay position at same global t,fixed G01,True,False
Q2-005,768,21388.757754512746,21389.842348748472,"trajectory(x(t),y(t),z(t))",certified relay position at same global t,fixed G01,True,False
Q2-005,769,21389.842348748472,21390.9269429842,"trajectory(x(t),y(t),z(t))",certified relay position at same global t,fixed G01,True,False
Q2-005,770,21390.9269429842,21391.574082886833,"trajectory(x(t),y(t),z(t))",certified relay position at same global t,fixed G01,True,False
Q2-005,771,21391.574082886833,21392.221222789467,"trajectory(x(t),y(t),z(t))",certified relay position at same global t,fixed G01,True,False
Q2-005,772,21392.221222789467,21392.658677122505,"trajectory(x(t),y(t),z(t))",certified relay position at same global t,fixed G01,True,False
Q2-005,773,21392.658677122505,21393.096131455542,"trajectory(x(t),y(t),z(t))",certified relay position at same global t,fixed G01,True,False
Q2-005,774,21393.096131455542,21394.18072569127,"trajectory(x(t),y(t),z(t))",certified relay position at same global t,fixed G01,True,False
Q2-005,775,21394.18072569127,21395.265319926995,"trajectory(x(t),y(t),z(t))",certified relay position at same global t,fixed G01,True,False
Q2-005,776,21395.265319926995,21395.86021734032,"trajectory(x(t),y(t),z(t))",certified relay position at same global t,fixed G01,True,False
Q2-005,777,21395.86021734032,21396.455114753644,"trajectory(x(t),y(t),z(t))",certified relay position at same global t,fixed G01,True,False
Q2-005,778,21396.455114753644,21396.94481157605,"trajectory(x(t),y(t),z(t))",certified relay position at same global t,fixed G01,True,False
Q2-005,779,21396.94481157605,21397.434508398455,"trajectory(x(t),y(t),z(t))",certified relay position at same global t,fixed G01,True,False
Q2-005,780,21397.434508398455,21398.519102634127,"trajectory(x(t),y(t),z(t))",certified relay position at same global t,fixed G01,True,False
Q2-005,781,21398.519102634127,21399.6036968698,"trajectory(x(t),y(t),z(t))",certified relay position at same global t,fixed G01,True,False
Q2-005,782,21399.6036968698,21400.146351793814,"trajectory(x(t),y(t),z(t))",certified relay position at same global t,fixed G01,True,False
Q2-005,783,21400.146351793814,21400.68900671783,"trajectory(x(t),y(t),z(t))",certified relay position at same global t,fixed G01,True,False
Q2-005,784,21400.68900671783,21401.23094602954,"trajectory(x(t),y(t),z(t))",certified relay position at same global t,fixed G01,True,False
Q2-005,785,21401.23094602954,21401.772885341252,"trajectory(x(t),y(t),z(t))",certified relay position at same global t,fixed G01,True,False
Q2-005,786,21401.772885341252,21402.85747957698,"trajectory(x(t),y(t),z(t))",certified relay position at same global t,fixed G01,True,False
Q2-005,787,21402.85747957698,21403.942073812705,"trajectory(x(t),y(t),z(t))",certified relay position at same global t,fixed G01,True,False
Q2-005,788,21403.942073812705,21404.43248624741,"trajectory(x(t),y(t),z(t))",certified relay position at same global t,fixed G01,True,False
Q2-005,789,21404.43248624741,21404.922898682114,"trajectory(x(t),y(t),z(t))",certified relay position at same global t,fixed G01,True,False
Q2-005,790,21404.922898682114,21405.517080483085,"trajectory(x(t),y(t),z(t))",certified relay position at same global t,fixed G01,True,False
Q2-005,791,21405.517080483085,21406.111262284056,"trajectory(x(t),y(t),z(t))",certified relay position at same global t,fixed G01,True,False
Q2-005,792,21406.111262284056,21407.195856519782,"trajectory(x(t),y(t),z(t))",certified relay position at same global t,fixed G01,True,False
Q2-005,793,21407.195856519782,21408.28045075551,"trajectory(x(t),y(t),z(t))",certified relay position at same global t,fixed G01,True,False
Q2-005,794,21408.28045075551,21408.718620700904,"trajectory(x(t),y(t),z(t))",certified relay position at same global t,fixed G01,True,False
Q2-005,795,21408.718620700904,21409.1567906463,"trajectory(x(t),y(t),z(t))",certified relay position at same global t,fixed G01,True,False
Q2-005,796,21409.1567906463,21409.803214936634,"trajectory(x(t),y(t),z(t))",certified relay position at same global t,fixed G01,True,False
Q2-005,797,21409.803214936634,21410.44963922697,"trajectory(x(t),y(t),z(t))",certified relay position at same global t,fixed G01,True,False
Q2-005,798,21410.44963922697,21411.53423346264,"trajectory(x(t),y(t),z(t))",certified relay position at same global t,fixed G01,True,False
Q2-005,799,21411.53423346264,21412.618827698312,"trajectory(x(t),y(t),z(t))",certified relay position at same global t,fixed G01,True,False
Q2-005,800,21412.618827698312,21413.004755154423,"trajectory(x(t),y(t),z(t))",certified relay position at same global t,fixed G01,True,False
Q2-005,801,21413.004755154423,21413.390682610534,"trajectory(x(t),y(t),z(t))",certified relay position at same global t,fixed G01,True,False
Q2-005,802,21413.390682610534,21414.08934939015,"trajectory(x(t),y(t),z(t))",certified relay position at same global t,fixed G01,True,False
Q2-005,803,21414.08934939015,21414.788016169765,"trajectory(x(t),y(t),z(t))",certified relay position at same global t,fixed G01,True,False
Q2-005,804,21414.788016169765,21415.87261040549,"trajectory(x(t),y(t),z(t))",certified relay position at same global t,fixed G01,True,False
Q2-005,805,21415.87261040549,21416.957204641218,"trajectory(x(t),y(t),z(t))",certified relay position at same global t,fixed G01,True,False
Q2-005,806,21416.957204641218,21417.29088960799,"trajectory(x(t),y(t),z(t))",certified relay position at same global t,fixed G01,True,False
Q2-005,807,21417.29088960799,21417.624574574762,"trajectory(x(t),y(t),z(t))",certified relay position at same global t,fixed G01,True,False
Q2-005,808,21417.624574574762,21418.37548384366,"trajectory(x(t),y(t),z(t))",certified relay position at same global t,fixed G01,True,False
Q2-005,809,21418.37548384366,21419.12639311256,"trajectory(x(t),y(t),z(t))",certified relay position at same global t,fixed G01,True,False
Q2-005,810,21419.12639311256,21420.210987348288,"trajectory(x(t),y(t),z(t))",certified relay position at same global t,fixed G01,True,False
Q2-005,811,21420.210987348288,21421.295581584014,"trajectory(x(t),y(t),z(t))",certified relay position at same global t,fixed G01,True,False
Q2-005,812,21421.295581584014,21421.57702406148,"trajectory(x(t),y(t),z(t))",certified relay position at same global t,fixed G01,True,False
Q2-005,813,21421.57702406148,21421.858466538946,"trajectory(x(t),y(t),z(t))",certified relay position at same global t,fixed G01,True,False
Q2-005,814,21421.858466538946,21422.66161829721,"trajectory(x(t),y(t),z(t))",certified relay position at same global t,fixed G01,True,False
Q2-005,815,21422.66161829721,21423.464770055474,"trajectory(x(t),y(t),z(t))",certified relay position at same global t,fixed G01,True,False
Q2-005,816,21423.464770055474,21424.549364291146,"trajectory(x(t),y(t),z(t))",certified relay position at same global t,fixed G01,True,False
Q2-005,817,21424.549364291146,21425.633958526818,"trajectory(x(t),y(t),z(t))",certified relay position at same global t,fixed G01,True,False
Q2-005,818,21425.633958526818,21425.863158515025,"trajectory(x(t),y(t),z(t))",certified relay position at same global t,fixed G01,True,False
Q2-005,819,21425.863158515025,21426.092358503232,"trajectory(x(t),y(t),z(t))",certified relay position at same global t,fixed G01,True,False
Q2-005,820,21426.092358503232,21426.947752750806,"trajectory(x(t),y(t),z(t))",certified relay position at same global t,fixed G01,True,False
Q2-005,821,21426.947752750806,21427.80314699838,"trajectory(x(t),y(t),z(t))",certified relay position at same global t,fixed G01,True,False
Q2-005,822,21427.80314699838,21428.88774123405,"trajectory(x(t),y(t),z(t))",certified relay position at same global t,fixed G01,True,False
Q2-005,823,21428.88774123405,21429.972335469723,"trajectory(x(t),y(t),z(t))",certified relay position at same global t,fixed G01,True,False
Q2-005,824,21429.972335469723,21430.149292968566,"trajectory(x(t),y(t),z(t))",certified relay position at same global t,fixed G01,True,False
Q2-005,825,21430.149292968566,21430.32625046741,"trajectory(x(t),y(t),z(t))",certified relay position at same global t,fixed G01,True,False
Q2-005,826,21430.32625046741,21431.23388720424,"trajectory(x(t),y(t),z(t))",certified relay position at same global t,fixed G01,True,False
Q2-005,827,21431.23388720424,21432.141523941067,"trajectory(x(t),y(t),z(t))",certified relay position at same global t,fixed G01,True,False
Q2-005,828,21432.141523941067,21433.22611817685,"trajectory(x(t),y(t),z(t))",certified relay position at same global t,fixed G01,True,False
Q2-005,829,21433.22611817685,21434.310712412636,"trajectory(x(t),y(t),z(t))",certified relay position at same global t,fixed G01,True,False
Q2-005,830,21434.310712412636,21434.435427422115,"trajectory(x(t),y(t),z(t))",certified relay position at same global t,fixed G01,True,False
Q2-005,831,21434.435427422115,21434.560142431594,"trajectory(x(t),y(t),z(t))",certified relay position at same global t,fixed G01,True,False
Q2-005,832,21434.560142431594,21435.520021657787,"trajectory(x(t),y(t),z(t))",certified relay position at same global t,fixed G01,True,False
Q2-005,833,21435.520021657787,21436.47990088398,"trajectory(x(t),y(t),z(t))",certified relay position at same global t,fixed G01,True,False
Q2-005,834,21436.47990088398,21437.564495119652,"trajectory(x(t),y(t),z(t))",certified relay position at same global t,fixed G01,True,False
Q2-005,835,21437.564495119652,21438.649089355324,"trajectory(x(t),y(t),z(t))",certified relay position at same global t,fixed G01,True,False
Q2-005,836,21438.649089355324,21438.7215618756,"trajectory(x(t),y(t),z(t))",certified relay position at same global t,fixed G01,True,False
Q2-005,837,21438.7215618756,21438.79403439588,"trajectory(x(t),y(t),z(t))",certified relay position at same global t,fixed G01,True,False
Q2-005,838,21438.79403439588,21439.806156111383,"trajectory(x(t),y(t),z(t))",certified relay position at same global t,fixed G01,True,False
Q2-005,839,21439.806156111383,21440.818277826886,"trajectory(x(t),y(t),z(t))",certified relay position at same global t,fixed G01,True,False
Q2-005,840,21440.818277826886,21441.902872062557,"trajectory(x(t),y(t),z(t))",certified relay position at same global t,fixed G01,True,False
Q2-005,841,21441.902872062557,21442.98746629823,"trajectory(x(t),y(t),z(t))",certified relay position at same global t,fixed G01,True,False
Q2-005,842,21442.98746629823,21443.007696329143,"trajectory(x(t),y(t),z(t))",certified relay position at same global t,fixed G01,True,False
Q2-005,843,21443.007696329143,21443.027926360057,"trajectory(x(t),y(t),z(t))",certified relay position at same global t,fixed G01,True,False
Q2-005,844,21443.027926360057,21444.092290564815,"trajectory(x(t),y(t),z(t))",certified relay position at same global t,fixed G01,True,False
Q2-005,845,21444.092290564815,21445.156654769573,"trajectory(x(t),y(t),z(t))",certified relay position at same global t,fixed G01,True,False
Q2-005,846,21445.156654769573,21446.209236546933,"trajectory(x(t),y(t),z(t))",certified relay position at same global t,fixed G01,True,False
Q2-005,847,21446.209236546933,21447.261818324292,"trajectory(x(t),y(t),z(t))",certified relay position at same global t,fixed G01,True,False
Q2-005,848,21447.261818324292,21447.293830782717,"trajectory(x(t),y(t),z(t))",certified relay position at same global t,fixed G01,True,False
Q2-005,849,21447.293830782717,21447.325843241142,"trajectory(x(t),y(t),z(t))",certified relay position at same global t,fixed G01,True,False
Q2-005,850,21447.325843241142,21448.410437476814,"trajectory(x(t),y(t),z(t))",certified relay position at same global t,fixed G01,True,False
Q2-005,851,21448.410437476814,21449.495031712486,"trajectory(x(t),y(t),z(t))",certified relay position at same global t,fixed G01,True,False
Q2-005,852,21449.495031712486,21450.495371000507,"trajectory(x(t),y(t),z(t))",certified relay position at same global t,fixed G01,True,False
Q2-005,853,21450.495371000507,21451.495710288527,"trajectory(x(t),y(t),z(t))",certified relay position at same global t,fixed G01,True,False
Q2-005,854,21451.495710288527,21451.57996523618,"trajectory(x(t),y(t),z(t))",certified relay position at same global t,fixed G01,True,False
Q2-005,855,21451.57996523618,21451.66422018383,"trajectory(x(t),y(t),z(t))",certified relay position at same global t,fixed G01,True,False
Q2-005,856,21451.66422018383,21452.748814419614,"trajectory(x(t),y(t),z(t))",certified relay position at same global t,fixed G01,True,False
Q2-005,857,21452.748814419614,21453.8334086554,"trajectory(x(t),y(t),z(t))",certified relay position at same global t,fixed G01,True,False
Q2-005,858,21453.8334086554,21454.781505454055,"trajectory(x(t),y(t),z(t))",certified relay position at same global t,fixed G01,True,False
Q2-005,859,21454.781505454055,21455.72960225271,"trajectory(x(t),y(t),z(t))",certified relay position at same global t,fixed G01,True,False
Q2-005,860,21455.72960225271,21455.866099689727,"trajectory(x(t),y(t),z(t))",certified relay position at same global t,fixed G01,True,False
Q2-005,861,21455.866099689727,21456.002597126742,"trajectory(x(t),y(t),z(t))",certified relay position at same global t,fixed G01,True,False
Q2-005,862,21456.002597126742,21457.087191362414,"trajectory(x(t),y(t),z(t))",certified relay position at same global t,fixed G01,True,False
Q2-005,863,21457.087191362414,21458.171785598086,"trajectory(x(t),y(t),z(t))",certified relay position at same global t,fixed G01,True,False
Q2-005,864,21458.171785598086,21459.067639907516,"trajectory(x(t),y(t),z(t))",certified relay position at same global t,fixed G01,True,False
Q2-005,865,21459.067639907516,21459.963494216947,"trajectory(x(t),y(t),z(t))",certified relay position at same global t,fixed G01,True,False
Q2-005,866,21459.963494216947,21460.1522341433,"trajectory(x(t),y(t),z(t))",certified relay position at same global t,fixed G01,True,False
Q2-005,867,21460.1522341433,21460.340974069655,"trajectory(x(t),y(t),z(t))",certified relay position at same global t,fixed G01,True,False
Q2-005,868,21460.340974069655,21461.425568305327,"trajectory(x(t),y(t),z(t))",certified relay position at same global t,fixed G01,True,False
Q2-005,869,21461.425568305327,21462.510162541,"trajectory(x(t),y(t),z(t))",certified relay position at same global t,fixed G01,True,False
Q2-005,870,21462.510162541,21463.35377436109,"trajectory(x(t),y(t),z(t))",certified relay position at same global t,fixed G01,True,False
Q2-005,871,21463.35377436109,21464.197386181182,"trajectory(x(t),y(t),z(t))",certified relay position at same global t,fixed G01,True,False
Q2-005,872,21464.197386181182,21464.438368596762,"trajectory(x(t),y(t),z(t))",certified relay position at same global t,fixed G01,True,False
Q2-005,873,21464.438368596762,21464.679351012343,"trajectory(x(t),y(t),z(t))",certified relay position at same global t,fixed G01,True,False
Q2-005,874,21464.679351012343,21465.763945248127,"trajectory(x(t),y(t),z(t))",certified relay position at same global t,fixed G01,True,False
Q2-005,875,21465.763945248127,21466.84853948391,"trajectory(x(t),y(t),z(t))",certified relay position at same global t,fixed G01,True,False
Q2-005,876,21466.84853948391,21467.63990881464,"trajectory(x(t),y(t),z(t))",certified relay position at same global t,fixed G01,True,False
Q2-005,877,21467.63990881464,21468.431278145366,"trajectory(x(t),y(t),z(t))",certified relay position at same global t,fixed G01,True,False
Q2-005,878,21468.431278145366,21468.72450305031,"trajectory(x(t),y(t),z(t))",certified relay position at same global t,fixed G01,True,False
Q2-005,879,21468.72450305031,21469.017727955255,"trajectory(x(t),y(t),z(t))",certified relay position at same global t,fixed G01,True,False
Q2-005,880,21469.017727955255,21470.10232219098,"trajectory(x(t),y(t),z(t))",certified relay position at same global t,fixed G01,True,False
Q2-005,881,21470.10232219098,21471.18691642671,"trajectory(x(t),y(t),z(t))",certified relay position at same global t,fixed G01,True,False
Q2-005,882,21471.18691642671,21471.92604326818,"trajectory(x(t),y(t),z(t))",certified relay position at same global t,fixed G01,True,False
Q2-005,883,21471.92604326818,21472.665170109653,"trajectory(x(t),y(t),z(t))",certified relay position at same global t,fixed G01,True,False
Q2-005,884,21472.665170109653,21473.01063750391,"trajectory(x(t),y(t),z(t))",certified relay position at same global t,fixed G01,True,False
Q2-005,885,21473.01063750391,21473.35610489817,"trajectory(x(t),y(t),z(t))",certified relay position at same global t,fixed G01,True,False
Q2-005,886,21473.35610489817,21474.44069913384,"trajectory(x(t),y(t),z(t))",certified relay position at same global t,fixed G01,True,False
Q2-005,887,21474.44069913384,21475.525293369512,"trajectory(x(t),y(t),z(t))",certified relay position at same global t,fixed G01,True,False
Q2-005,888,21475.525293369512,21476.212177721674,"trajectory(x(t),y(t),z(t))",certified relay position at same global t,fixed G01,True,False
Q2-005,889,21476.212177721674,21476.899062073837,"trajectory(x(t),y(t),z(t))",certified relay position at same global t,fixed G01,True,False
Q2-005,890,21476.899062073837,21477.2967719574,"trajectory(x(t),y(t),z(t))",certified relay position at same global t,fixed G01,True,False
Q2-005,891,21477.2967719574,21477.694481840965,"trajectory(x(t),y(t),z(t))",certified relay position at same global t,fixed G01,True,False
Q2-005,892,21477.694481840965,21478.77907607669,"trajectory(x(t),y(t),z(t))",certified relay position at same global t,fixed G01,True,False
Q2-005,893,21478.77907607669,21479.863670312418,"trajectory(x(t),y(t),z(t))",certified relay position at same global t,fixed G01,True,False
Q2-005,894,21479.863670312418,21480.498312175216,"trajectory(x(t),y(t),z(t))",certified relay position at same global t,fixed G01,True,False
Q2-005,895,21480.498312175216,21481.132954038014,"trajectory(x(t),y(t),z(t))",certified relay position at same global t,fixed G01,True,False
Q2-005,896,21481.132954038014,21481.582906410888,"trajectory(x(t),y(t),z(t))",certified relay position at same global t,fixed G01,True,False
Q2-005,897,21481.582906410888,21482.03285878376,"trajectory(x(t),y(t),z(t))",certified relay position at same global t,fixed G01,True,False
Q2-005,898,21482.03285878376,21483.117453019488,"trajectory(x(t),y(t),z(t))",certified relay position at same global t,fixed G01,True,False
Q2-005,899,21483.117453019488,21484.202047255214,"trajectory(x(t),y(t),z(t))",certified relay position at same global t,fixed G01,True,False
Q2-005,900,21484.202047255214,21484.784446628757,"trajectory(x(t),y(t),z(t))",certified relay position at same global t,fixed G01,True,False
Q2-005,901,21484.784446628757,21485.3668460023,"trajectory(x(t),y(t),z(t))",certified relay position at same global t,fixed G01,True,False
Q2-005,902,21485.3668460023,21485.869040864487,"trajectory(x(t),y(t),z(t))",certified relay position at same global t,fixed G01,True,False
Q2-005,903,21485.869040864487,21486.371235726674,"trajectory(x(t),y(t),z(t))",certified relay position at same global t,fixed G01,True,False
Q2-005,904,21486.371235726674,21487.455829962346,"trajectory(x(t),y(t),z(t))",certified relay position at same global t,fixed G01,True,False
Q2-005,905,21487.455829962346,21488.540424198018,"trajectory(x(t),y(t),z(t))",certified relay position at same global t,fixed G01,True,False
Q2-005,906,21488.540424198018,21489.07058108225,"trajectory(x(t),y(t),z(t))",certified relay position at same global t,fixed G01,True,False
Q2-005,907,21489.07058108225,21489.600737966484,"trajectory(x(t),y(t),z(t))",certified relay position at same global t,fixed G01,True,False
Q2-005,908,21489.600737966484,21490.15517531798,"trajectory(x(t),y(t),z(t))",certified relay position at same global t,fixed G01,True,False
Q2-005,909,21490.15517531798,21490.709612669478,"trajectory(x(t),y(t),z(t))",certified relay position at same global t,fixed G01,True,False
Q2-005,910,21490.709612669478,21491.794206905204,"trajectory(x(t),y(t),z(t))",certified relay position at same global t,fixed G01,True,False
Q2-005,911,21491.794206905204,21492.87880114093,"trajectory(x(t),y(t),z(t))",certified relay position at same global t,fixed G01,True,False
Q2-005,912,21492.87880114093,21493.356715535825,"trajectory(x(t),y(t),z(t))",certified relay position at same global t,fixed G01,True,False
Q2-005,913,21493.356715535825,21493.83462993072,"trajectory(x(t),y(t),z(t))",certified relay position at same global t,fixed G01,True,False
Q2-005,914,21493.83462993072,21494.441309771497,"trajectory(x(t),y(t),z(t))",certified relay position at same global t,fixed G01,True,False
Q2-005,915,21494.441309771497,21495.047989612274,"trajectory(x(t),y(t),z(t))",certified relay position at same global t,fixed G01,True,False
Q2-005,916,21495.047989612274,21496.132583848,"trajectory(x(t),y(t),z(t))",certified relay position at same global t,fixed G01,True,False
Q2-005,917,21496.132583848,21497.217178083727,"trajectory(x(t),y(t),z(t))",certified relay position at same global t,fixed G01,True,False
Q2-005,918,21497.217178083727,21497.64284998934,"trajectory(x(t),y(t),z(t))",certified relay position at same global t,fixed G01,True,False
Q2-005,919,21497.64284998934,21498.068521894955,"trajectory(x(t),y(t),z(t))",certified relay position at same global t,fixed G01,True,False
Q2-005,920,21498.068521894955,21498.72744422507,"trajectory(x(t),y(t),z(t))",certified relay position at same global t,fixed G01,True,False
Q2-005,921,21498.72744422507,21499.386366555187,"trajectory(x(t),y(t),z(t))",certified relay position at same global t,fixed G01,True,False
Q2-005,922,21499.386366555187,21500.47096079086,"trajectory(x(t),y(t),z(t))",certified relay position at same global t,fixed G01,True,False
Q2-005,923,21500.47096079086,21501.55555502653,"trajectory(x(t),y(t),z(t))",certified relay position at same global t,fixed G01,True,False
Q2-005,924,21501.55555502653,21501.928984442835,"trajectory(x(t),y(t),z(t))",certified relay position at same global t,fixed G01,True,False
Q2-005,925,21501.928984442835,21502.30241385914,"trajectory(x(t),y(t),z(t))",certified relay position at same global t,fixed G01,True,False
Q2-005,926,21502.30241385914,21503.01357867862,"trajectory(x(t),y(t),z(t))",certified relay position at same global t,fixed G01,True,False
Q2-005,927,21503.01357867862,21503.7247434981,"trajectory(x(t),y(t),z(t))",certified relay position at same global t,fixed G01,True,False
Q2-005,928,21503.7247434981,21504.809337733772,"trajectory(x(t),y(t),z(t))",certified relay position at same global t,fixed G01,True,False
Q2-005,929,21504.809337733772,21505.893931969444,"trajectory(x(t),y(t),z(t))",certified relay position at same global t,fixed G01,True,False
Q2-005,930,21505.893931969444,21506.215118896434,"trajectory(x(t),y(t),z(t))",certified relay position at same global t,fixed G01,True,False
Q2-005,931,21506.215118896434,21506.536305823425,"trajectory(x(t),y(t),z(t))",certified relay position at same global t,fixed G01,True,False
Q2-005,932,21506.536305823425,21507.299713132106,"trajectory(x(t),y(t),z(t))",certified relay position at same global t,fixed G01,True,False
Q2-005,933,21507.299713132106,21508.063120440787,"trajectory(x(t),y(t),z(t))",certified relay position at same global t,fixed G01,True,False
Q2-005,934,21508.063120440787,21509.147714676572,"trajectory(x(t),y(t),z(t))",certified relay position at same global t,fixed G01,True,False
Q2-005,935,21509.147714676572,21510.232308912357,"trajectory(x(t),y(t),z(t))",certified relay position at same global t,fixed G01,True,False
Q2-005,936,21510.232308912357,21510.501253349983,"trajectory(x(t),y(t),z(t))",certified relay position at same global t,fixed G01,True,False
Q2-005,937,21510.501253349983,21510.77019778761,"trajectory(x(t),y(t),z(t))",certified relay position at same global t,fixed G01,True,False
Q2-005,938,21510.77019778761,21511.585847585655,"trajectory(x(t),y(t),z(t))",certified relay position at same global t,fixed G01,True,False
Q2-005,939,21511.585847585655,21512.4014973837,"trajectory(x(t),y(t),z(t))",certified relay position at same global t,fixed G01,True,False
Q2-005,940,21512.4014973837,21513.486091619372,"trajectory(x(t),y(t),z(t))",certified relay position at same global t,fixed G01,True,False
Q2-005,941,21513.486091619372,21514.570685855044,"trajectory(x(t),y(t),z(t))",certified relay position at same global t,fixed G01,True,False
Q2-005,942,21514.570685855044,21514.787387803415,"trajectory(x(t),y(t),z(t))",certified relay position at same global t,fixed G01,True,False
Q2-005,943,21514.787387803415,21515.004089751787,"trajectory(x(t),y(t),z(t))",certified relay position at same global t,fixed G01,True,False
Q2-005,944,21515.004089751787,21515.871982039196,"trajectory(x(t),y(t),z(t))",certified relay position at same global t,fixed G01,True,False
Q2-005,945,21515.871982039196,21516.739874326606,"trajectory(x(t),y(t),z(t))",certified relay position at same global t,fixed G01,True,False
Q2-005,946,21516.739874326606,21517.824468562278,"trajectory(x(t),y(t),z(t))",certified relay position at same global t,fixed G01,True,False
Q2-005,947,21517.824468562278,21518.90906279795,"trajectory(x(t),y(t),z(t))",certified relay position at same global t,fixed G01,True,False
Q2-005,948,21518.90906279795,21519.07352225701,"trajectory(x(t),y(t),z(t))",certified relay position at same global t,fixed G01,True,False
Q2-005,949,21519.07352225701,21519.237981716073,"trajectory(x(t),y(t),z(t))",certified relay position at same global t,fixed G01,True,False
Q2-005,950,21519.237981716073,21520.158116492683,"trajectory(x(t),y(t),z(t))",certified relay position at same global t,fixed G01,True,False
Q2-005,951,21520.158116492683,21521.078251269293,"trajectory(x(t),y(t),z(t))",certified relay position at same global t,fixed G01,True,False
Q2-005,952,21521.078251269293,21522.162845505078,"trajectory(x(t),y(t),z(t))",certified relay position at same global t,fixed G01,True,False
Q2-005,953,21522.162845505078,21523.247439740862,"trajectory(x(t),y(t),z(t))",certified relay position at same global t,fixed G01,True,False
Q2-005,954,21523.247439740862,21523.35965671056,"trajectory(x(t),y(t),z(t))",certified relay position at same global t,fixed G01,True,False
Q2-005,955,21523.35965671056,21523.471873680257,"trajectory(x(t),y(t),z(t))",certified relay position at same global t,fixed G01,True,False
Q2-005,956,21523.471873680257,21524.44425094623,"trajectory(x(t),y(t),z(t))",certified relay position at same global t,fixed G01,True,False
Q2-005,957,21524.44425094623,21525.416628212206,"trajectory(x(t),y(t),z(t))",certified relay position at same global t,fixed G01,True,False
Q2-005,958,21525.416628212206,21526.501222447878,"trajectory(x(t),y(t),z(t))",certified relay position at same global t,fixed G01,True,False
Q2-005,959,21526.501222447878,21527.58581668355,"trajectory(x(t),y(t),z(t))",certified relay position at same global t,fixed G01,True,False
Q2-005,960,21527.58581668355,21527.64579116402,"trajectory(x(t),y(t),z(t))",certified relay position at same global t,fixed G01,True,False
Q2-005,961,21527.64579116402,21527.705765644492,"trajectory(x(t),y(t),z(t))",certified relay position at same global t,fixed G01,True,False
Q2-005,962,21527.705765644492,21528.730385399806,"trajectory(x(t),y(t),z(t))",certified relay position at same global t,fixed G01,True,False
Q2-005,963,21528.730385399806,21529.75500515512,"trajectory(x(t),y(t),z(t))",certified relay position at same global t,fixed G01,True,False
Q2-005,964,21529.75500515512,21530.83959939079,"trajectory(x(t),y(t),z(t))",certified relay position at same global t,fixed G01,True,False
Q2-005,965,21530.83959939079,21531.924193626463,"trajectory(x(t),y(t),z(t))",certified relay position at same global t,fixed G01,True,False
Q2-005,966,21531.924193626463,21531.931925617595,"trajectory(x(t),y(t),z(t))",certified relay position at same global t,fixed G01,True,False
Q2-005,967,21531.931925617595,21531.939657608727,"trajectory(x(t),y(t),z(t))",certified relay position at same global t,fixed G01,True,False
Q2-005,968,21531.939657608727,21533.016519853267,"trajectory(x(t),y(t),z(t))",certified relay position at same global t,fixed G01,True,False
Q2-005,969,21533.016519853267,21534.093382097806,"trajectory(x(t),y(t),z(t))",certified relay position at same global t,fixed G01,True,False
Q2-005,970,21534.093382097806,21535.133465835355,"trajectory(x(t),y(t),z(t))",certified relay position at same global t,fixed G01,True,False
Q2-005,971,21535.133465835355,21536.173549572904,"trajectory(x(t),y(t),z(t))",certified relay position at same global t,fixed G01,True,False
Q2-005,972,21536.173549572904,21536.218060071136,"trajectory(x(t),y(t),z(t))",certified relay position at same global t,fixed G01,True,False
Q2-005,973,21536.218060071136,21536.262570569368,"trajectory(x(t),y(t),z(t))",certified relay position at same global t,fixed G01,True,False
Q2-005,974,21536.262570569368,21537.34716480504,"trajectory(x(t),y(t),z(t))",certified relay position at same global t,fixed G01,True,False
Q2-005,975,21537.34716480504,21538.43175904071,"trajectory(x(t),y(t),z(t))",certified relay position at same global t,fixed G01,True,False
Q2-005,976,21538.43175904071,21539.41960028895,"trajectory(x(t),y(t),z(t))",certified relay position at same global t,fixed G01,True,False
Q2-005,977,21539.41960028895,21540.40744153719,"trajectory(x(t),y(t),z(t))",certified relay position at same global t,fixed G01,True,False
Q2-005,978,21540.40744153719,21540.504194524623,"trajectory(x(t),y(t),z(t))",certified relay position at same global t,fixed G01,True,False
Q2-005,979,21540.504194524623,21540.600947512055,"trajectory(x(t),y(t),z(t))",certified relay position at same global t,fixed G01,True,False
Q2-005,980,21540.600947512055,21541.68554174784,"trajectory(x(t),y(t),z(t))",certified relay position at same global t,fixed G01,True,False
Q2-005,981,21541.68554174784,21542.770135983625,"trajectory(x(t),y(t),z(t))",certified relay position at same global t,fixed G01,True,False
Q2-005,982,21542.770135983625,21543.7057347425,"trajectory(x(t),y(t),z(t))",certified relay position at same global t,fixed G01,True,False
Q2-005,983,21543.7057347425,21544.641333501375,"trajectory(x(t),y(t),z(t))",certified relay position at same global t,fixed G01,True,False
Q2-005,984,21544.641333501375,21544.79032897817,"trajectory(x(t),y(t),z(t))",certified relay position at same global t,fixed G01,True,False
Q2-005,985,21544.79032897817,21544.93932445497,"trajectory(x(t),y(t),z(t))",certified relay position at same global t,fixed G01,True,False
Q2-005,986,21544.93932445497,21546.023918690695,"trajectory(x(t),y(t),z(t))",certified relay position at same global t,fixed G01,True,False
Q2-005,987,21546.023918690695,21547.10851292642,"trajectory(x(t),y(t),z(t))",certified relay position at same global t,fixed G01,True,False
Q2-005,988,21547.10851292642,21547.991869195987,"trajectory(x(t),y(t),z(t))",certified relay position at same global t,fixed G01,True,False
Q2-005,989,21547.991869195987,21548.875225465552,"trajectory(x(t),y(t),z(t))",certified relay position at same global t,fixed G01,True,False
Q2-006,367,8872.90750554529,8873.790861814856,"trajectory(x(t),y(t),z(t))",certified relay position at same global t,fixed G01,True,False
Q2-006,368,8873.790861814856,8874.674218084421,"trajectory(x(t),y(t),z(t))",certified relay position at same global t,fixed G01,True,False
Q2-006,369,8874.674218084421,8875.75881232015,"trajectory(x(t),y(t),z(t))",certified relay position at same global t,fixed G01,True,False
Q2-006,370,8875.75881232015,8876.843406555878,"trajectory(x(t),y(t),z(t))",certified relay position at same global t,fixed G01,True,False
Q2-006,371,8876.843406555878,8876.992402032674,"trajectory(x(t),y(t),z(t))",certified relay position at same global t,fixed G01,True,False
Q2-006,372,8876.992402032674,8877.141397509471,"trajectory(x(t),y(t),z(t))",certified relay position at same global t,fixed G01,True,False
Q2-006,373,8877.141397509471,8878.076996268346,"trajectory(x(t),y(t),z(t))",certified relay position at same global t,fixed G01,True,False
Q2-006,374,8878.076996268346,8879.012595027221,"trajectory(x(t),y(t),z(t))",certified relay position at same global t,fixed G01,True,False
Q2-006,375,8879.012595027221,8880.097189263004,"trajectory(x(t),y(t),z(t))",certified relay position at same global t,fixed G01,True,False
Q2-006,376,8880.097189263004,8881.181783498787,"trajectory(x(t),y(t),z(t))",certified relay position at same global t,fixed G01,True,False
Q2-006,377,8881.181783498787,8881.27853648622,"trajectory(x(t),y(t),z(t))",certified relay position at same global t,fixed G01,True,False
Q2-006,378,8881.27853648622,8881.375289473652,"trajectory(x(t),y(t),z(t))",certified relay position at same global t,fixed G01,True,False
Q2-006,379,8881.375289473652,8882.363130721891,"trajectory(x(t),y(t),z(t))",certified relay position at same global t,fixed G01,True,False
Q2-006,380,8882.363130721891,8883.35097197013,"trajectory(x(t),y(t),z(t))",certified relay position at same global t,fixed G01,True,False
Q2-006,381,8883.35097197013,8884.435566205802,"trajectory(x(t),y(t),z(t))",certified relay position at same global t,fixed G01,True,False
Q2-006,382,8884.435566205802,8885.520160441474,"trajectory(x(t),y(t),z(t))",certified relay position at same global t,fixed G01,True,False
Q2-006,383,8885.520160441474,8885.564670939706,"trajectory(x(t),y(t),z(t))",certified relay position at same global t,fixed G01,True,False
Q2-006,384,8885.564670939706,8885.609181437938,"trajectory(x(t),y(t),z(t))",certified relay position at same global t,fixed G01,True,False
Q2-006,385,8885.609181437938,8886.649265175489,"trajectory(x(t),y(t),z(t))",certified relay position at same global t,fixed G01,True,False
Q2-006,386,8886.649265175489,8887.68934891304,"trajectory(x(t),y(t),z(t))",certified relay position at same global t,fixed G01,True,False
Q2-006,387,8887.68934891304,8888.76621115758,"trajectory(x(t),y(t),z(t))",certified relay position at same global t,fixed G01,True,False
Q2-006,388,8888.76621115758,8889.843073402119,"trajectory(x(t),y(t),z(t))",certified relay position at same global t,fixed G01,True,False
Q2-006,389,8889.843073402119,8889.850805393251,"trajectory(x(t),y(t),z(t))",certified relay position at same global t,fixed G01,True,False
Q2-006,390,8889.850805393251,8889.858537384383,"trajectory(x(t),y(t),z(t))",certified relay position at same global t,fixed G01,True,False
Q2-006,391,8889.858537384383,8890.943131620055,"trajectory(x(t),y(t),z(t))",certified relay position at same global t,fixed G01,True,False
Q2-006,392,8890.943131620055,8892.027725855727,"trajectory(x(t),y(t),z(t))",certified relay position at same global t,fixed G01,True,False
Q2-006,393,8892.027725855727,8893.05234561104,"trajectory(x(t),y(t),z(t))",certified relay position at same global t,fixed G01,True,False
Q2-006,394,8893.05234561104,8894.076965366354,"trajectory(x(t),y(t),z(t))",certified relay position at same global t,fixed G01,True,False
Q2-006,395,8894.076965366354,8894.136939846823,"trajectory(x(t),y(t),z(t))",certified relay position at same global t,fixed G01,True,False
Q2-006,396,8894.136939846823,8894.196914327293,"trajectory(x(t),y(t),z(t))",certified relay position at same global t,fixed G01,True,False
Q2-006,397,8894.196914327293,8895.281508562965,"trajectory(x(t),y(t),z(t))",certified relay position at same global t,fixed G01,True,False
Q2-006,398,8895.281508562965,8896.366102798636,"trajectory(x(t),y(t),z(t))",certified relay position at same global t,fixed G01,True,False
Q2-006,399,8896.366102798636,8897.33848006461,"trajectory(x(t),y(t),z(t))",certified relay position at same global t,fixed G01,True,False
Q2-006,400,8897.33848006461,8898.310857330585,"trajectory(x(t),y(t),z(t))",certified relay position at same global t,fixed G01,True,False
Q2-006,401,8898.310857330585,8898.423074300283,"trajectory(x(t),y(t),z(t))",certified relay position at same global t,fixed G01,True,False
Q2-006,402,8898.423074300283,8898.53529126998,"trajectory(x(t),y(t),z(t))",certified relay position at same global t,fixed G01,True,False
Q2-006,403,8898.53529126998,8899.619885505763,"trajectory(x(t),y(t),z(t))",certified relay position at same global t,fixed G01,True,False
Q2-006,404,8899.619885505763,8900.704479741546,"trajectory(x(t),y(t),z(t))",certified relay position at same global t,fixed G01,True,False
Q2-006,405,8900.704479741546,8901.624614518156,"trajectory(x(t),y(t),z(t))",certified relay position at same global t,fixed G01,True,False
Q2-006,406,8901.624614518156,8902.544749294766,"trajectory(x(t),y(t),z(t))",certified relay position at same global t,fixed G01,True,False
Q2-006,407,8902.544749294766,8902.709208753828,"trajectory(x(t),y(t),z(t))",certified relay position at same global t,fixed G01,True,False
Q2-006,408,8902.709208753828,8902.87366821289,"trajectory(x(t),y(t),z(t))",certified relay position at same global t,fixed G01,True,False
Q2-006,409,8902.87366821289,8903.958262448561,"trajectory(x(t),y(t),z(t))",certified relay position at same global t,fixed G01,True,False
Q2-006,410,8903.958262448561,8905.042856684233,"trajectory(x(t),y(t),z(t))",certified relay position at same global t,fixed G01,True,False
Q2-006,411,8905.042856684233,8905.910748971643,"trajectory(x(t),y(t),z(t))",certified relay position at same global t,fixed G01,True,False
Q2-006,412,8905.910748971643,8906.778641259052,"trajectory(x(t),y(t),z(t))",certified relay position at same global t,fixed G01,True,False
Q2-006,413,8906.778641259052,8906.995343207425,"trajectory(x(t),y(t),z(t))",certified relay position at same global t,fixed G01,True,False
Q2-006,414,8906.995343207425,8907.212045155798,"trajectory(x(t),y(t),z(t))",certified relay position at same global t,fixed G01,True,False
Q2-006,415,8907.212045155798,8908.29663939147,"trajectory(x(t),y(t),z(t))",certified relay position at same global t,fixed G01,True,False
Q2-006,416,8908.29663939147,8909.381233627142,"trajectory(x(t),y(t),z(t))",certified relay position at same global t,fixed G01,True,False
Q2-006,417,8909.381233627142,8910.196883425187,"trajectory(x(t),y(t),z(t))",certified relay position at same global t,fixed G01,True,False
Q2-006,418,8910.196883425187,8911.012533223233,"trajectory(x(t),y(t),z(t))",certified relay position at same global t,fixed G01,True,False
Q2-006,419,8911.012533223233,8911.28147766086,"trajectory(x(t),y(t),z(t))",certified relay position at same global t,fixed G01,True,False
Q2-006,420,8911.28147766086,8911.550422098486,"trajectory(x(t),y(t),z(t))",certified relay position at same global t,fixed G01,True,False
Q2-006,421,8911.550422098486,8912.635016334269,"trajectory(x(t),y(t),z(t))",certified relay position at same global t,fixed G01,True,False
Q2-006,422,8912.635016334269,8913.719610570051,"trajectory(x(t),y(t),z(t))",certified relay position at same global t,fixed G01,True,False
Q2-006,423,8913.719610570051,8914.483017878732,"trajectory(x(t),y(t),z(t))",certified relay position at same global t,fixed G01,True,False
Q2-006,424,8914.483017878732,8915.246425187413,"trajectory(x(t),y(t),z(t))",certified relay position at same global t,fixed G01,True,False
Q2-006,425,8915.246425187413,8915.567612114406,"trajectory(x(t),y(t),z(t))",certified relay position at same global t,fixed G01,True,False
Q2-006,426,8915.567612114406,8915.888799041399,"trajectory(x(t),y(t),z(t))",certified relay position at same global t,fixed G01,True,False
Q2-006,427,8915.888799041399,8916.97339327707,"trajectory(x(t),y(t),z(t))",certified relay position at same global t,fixed G01,True,False
Q2-006,428,8916.97339327707,8918.057987512742,"trajectory(x(t),y(t),z(t))",certified relay position at same global t,fixed G01,True,False
Q2-006,429,8918.057987512742,8918.769152332223,"trajectory(x(t),y(t),z(t))",certified relay position at same global t,fixed G01,True,False
Q2-006,430,8918.769152332223,8919.480317151703,"trajectory(x(t),y(t),z(t))",certified relay position at same global t,fixed G01,True,False
Q2-006,431,8919.480317151703,8919.853746568006,"trajectory(x(t),y(t),z(t))",certified relay position at same global t,fixed G01,True,False
Q2-006,432,8919.853746568006,8920.227175984308,"trajectory(x(t),y(t),z(t))",certified relay position at same global t,fixed G01,True,False
Q2-006,433,8920.227175984308,8921.31177021998,"trajectory(x(t),y(t),z(t))",certified relay position at same global t,fixed G01,True,False
Q2-006,434,8921.31177021998,8922.396364455652,"trajectory(x(t),y(t),z(t))",certified relay position at same global t,fixed G01,True,False
Q2-006,435,8922.396364455652,8923.055286785768,"trajectory(x(t),y(t),z(t))",certified relay position at same global t,fixed G01,True,False
Q2-006,436,8923.055286785768,8923.714209115884,"trajectory(x(t),y(t),z(t))",certified relay position at same global t,fixed G01,True,False
Q2-006,437,8923.714209115884,8924.139881021496,"trajectory(x(t),y(t),z(t))",certified relay position at same global t,fixed G01,True,False
Q2-006,438,8924.139881021496,8924.565552927108,"trajectory(x(t),y(t),z(t))",certified relay position at same global t,fixed G01,True,False
Q2-006,439,8924.565552927108,8925.650147162836,"trajectory(x(t),y(t),z(t))",certified relay position at same global t,fixed G01,True,False
Q2-006,440,8925.650147162836,8926.734741398564,"trajectory(x(t),y(t),z(t))",certified relay position at same global t,fixed G01,True,False
Q2-006,441,8926.734741398564,8927.341421239342,"trajectory(x(t),y(t),z(t))",certified relay position at same global t,fixed G01,True,False
Q2-006,442,8927.341421239342,8927.94810108012,"trajectory(x(t),y(t),z(t))",certified relay position at same global t,fixed G01,True,False
Q2-006,443,8927.94810108012,8928.426015475014,"trajectory(x(t),y(t),z(t))",certified relay position at same global t,fixed G01,True,False
Q2-006,444,8928.426015475014,8928.903929869908,"trajectory(x(t),y(t),z(t))",certified relay position at same global t,fixed G01,True,False
Q2-006,445,8928.903929869908,8929.988524105636,"trajectory(x(t),y(t),z(t))",certified relay position at same global t,fixed G01,True,False
Q2-006,446,8929.988524105636,8931.073118341365,"trajectory(x(t),y(t),z(t))",certified relay position at same global t,fixed G01,True,False
Q2-006,447,8931.073118341365,8931.62755569286,"trajectory(x(t),y(t),z(t))",certified relay position at same global t,fixed G01,True,False
Q2-006,448,8931.62755569286,8932.181993044354,"trajectory(x(t),y(t),z(t))",certified relay position at same global t,fixed G01,True,False
Q2-006,449,8932.181993044354,8932.712149928588,"trajectory(x(t),y(t),z(t))",certified relay position at same global t,fixed G01,True,False
Q2-006,450,8932.712149928588,8933.242306812821,"trajectory(x(t),y(t),z(t))",certified relay position at same global t,fixed G01,True,False
Q2-006,451,8933.242306812821,8934.326901048493,"trajectory(x(t),y(t),z(t))",certified relay position at same global t,fixed G01,True,False
Q2-006,452,8934.326901048493,8935.411495284165,"trajectory(x(t),y(t),z(t))",certified relay position at same global t,fixed G01,True,False
Q2-006,453,8935.411495284165,8935.91369014635,"trajectory(x(t),y(t),z(t))",certified relay position at same global t,fixed G01,True,False
Q2-006,454,8935.91369014635,8936.415885008535,"trajectory(x(t),y(t),z(t))",certified relay position at same global t,fixed G01,True,False
Q2-006,455,8936.415885008535,8936.998284382076,"trajectory(x(t),y(t),z(t))",certified relay position at same global t,fixed G01,True,False
Q2-006,456,8936.998284382076,8937.580683755617,"trajectory(x(t),y(t),z(t))",certified relay position at same global t,fixed G01,True,False
Q2-006,457,8937.580683755617,8938.665277991346,"trajectory(x(t),y(t),z(t))",certified relay position at same global t,fixed G01,True,False
Q2-006,458,8938.665277991346,8939.749872227074,"trajectory(x(t),y(t),z(t))",certified relay position at same global t,fixed G01,True,False
Q2-006,459,8939.749872227074,8940.19982459995,"trajectory(x(t),y(t),z(t))",certified relay position at same global t,fixed G01,True,False
Q2-006,460,8940.19982459995,8940.649776972825,"trajectory(x(t),y(t),z(t))",certified relay position at same global t,fixed G01,True,False
Q2-006,461,8940.649776972825,8941.284418835623,"trajectory(x(t),y(t),z(t))",certified relay position at same global t,fixed G01,True,False
Q2-006,462,8941.284418835623,8941.919060698421,"trajectory(x(t),y(t),z(t))",certified relay position at same global t,fixed G01,True,False
Q2-006,463,8941.919060698421,8943.00365493415,"trajectory(x(t),y(t),z(t))",certified relay position at same global t,fixed G01,True,False
Q2-006,464,8943.00365493415,8944.088249169878,"trajectory(x(t),y(t),z(t))",certified relay position at same global t,fixed G01,True,False
Q2-006,465,8944.088249169878,8944.485959053443,"trajectory(x(t),y(t),z(t))",certified relay position at same global t,fixed G01,True,False
Q2-006,466,8944.485959053443,8944.88366893701,"trajectory(x(t),y(t),z(t))",certified relay position at same global t,fixed G01,True,False
Q2-006,467,8944.88366893701,8945.570553289172,"trajectory(x(t),y(t),z(t))",certified relay position at same global t,fixed G01,True,False
Q2-006,468,8945.570553289172,8946.257437641334,"trajectory(x(t),y(t),z(t))",certified relay position at same global t,fixed G01,True,False
Q2-006,469,8946.257437641334,8947.342031877006,"trajectory(x(t),y(t),z(t))",certified relay position at same global t,fixed G01,True,False
Q2-006,470,8947.342031877006,8948.426626112678,"trajectory(x(t),y(t),z(t))",certified relay position at same global t,fixed G01,True,False
Q2-006,471,8948.426626112678,8948.772093506934,"trajectory(x(t),y(t),z(t))",certified relay position at same global t,fixed G01,True,False
Q2-006,472,8948.772093506934,8949.11756090119,"trajectory(x(t),y(t),z(t))",certified relay position at same global t,fixed G01,True,False
Q2-006,473,8949.11756090119,8949.856687742662,"trajectory(x(t),y(t),z(t))",certified relay position at same global t,fixed G01,True,False
Q2-006,474,8949.856687742662,8950.595814584134,"trajectory(x(t),y(t),z(t))",certified relay position at same global t,fixed G01,True,False
Q2-006,475,8950.595814584134,8951.680408819862,"trajectory(x(t),y(t),z(t))",certified relay position at same global t,fixed G01,True,False
Q2-006,476,8951.680408819862,8952.76500305559,"trajectory(x(t),y(t),z(t))",certified relay position at same global t,fixed G01,True,False
Q2-006,477,8952.76500305559,8953.058227960535,"trajectory(x(t),y(t),z(t))",certified relay position at same global t,fixed G01,True,False
Q2-006,478,8953.058227960535,8953.35145286548,"trajectory(x(t),y(t),z(t))",certified relay position at same global t,fixed G01,True,False
Q2-006,479,8953.35145286548,8954.142822196207,"trajectory(x(t),y(t),z(t))",certified relay position at same global t,fixed G01,True,False
Q2-006,480,8954.142822196207,8954.934191526934,"trajectory(x(t),y(t),z(t))",certified relay position at same global t,fixed G01,True,False
Q2-006,481,8954.934191526934,8956.018785762717,"trajectory(x(t),y(t),z(t))",certified relay position at same global t,fixed G01,True,False
Q2-006,482,8956.018785762717,8957.1033799985,"trajectory(x(t),y(t),z(t))",certified relay position at same global t,fixed G01,True,False
Q2-006,483,8957.1033799985,8957.34436241408,"trajectory(x(t),y(t),z(t))",certified relay position at same global t,fixed G01,True,False
Q2-006,484,8957.34436241408,8957.58534482966,"trajectory(x(t),y(t),z(t))",certified relay position at same global t,fixed G01,True,False
Q2-006,485,8957.58534482966,8958.428956649752,"trajectory(x(t),y(t),z(t))",certified relay position at same global t,fixed G01,True,False
Q2-006,486,8958.428956649752,8959.272568469843,"trajectory(x(t),y(t),z(t))",certified relay position at same global t,fixed G01,True,False
Q2-006,487,8959.272568469843,8960.357162705515,"trajectory(x(t),y(t),z(t))",certified relay position at same global t,fixed G01,True,False
Q2-006,488,8960.357162705515,8961.441756941187,"trajectory(x(t),y(t),z(t))",certified relay position at same global t,fixed G01,True,False
Q2-006,489,8961.441756941187,8961.630496867541,"trajectory(x(t),y(t),z(t))",certified relay position at same global t,fixed G01,True,False
Q2-006,490,8961.630496867541,8961.819236793895,"trajectory(x(t),y(t),z(t))",certified relay position at same global t,fixed G01,True,False
Q2-006,491,8961.819236793895,8962.715091103326,"trajectory(x(t),y(t),z(t))",certified relay position at same global t,fixed G01,True,False
Q2-006,492,8962.715091103326,8963.610945412756,"trajectory(x(t),y(t),z(t))",certified relay position at same global t,fixed G01,True,False
Q2-006,493,8963.610945412756,8964.695539648428,"trajectory(x(t),y(t),z(t))",certified relay position at same global t,fixed G01,True,False
Q2-006,494,8964.695539648428,8965.7801338841,"trajectory(x(t),y(t),z(t))",certified relay position at same global t,fixed G01,True,False
Q2-006,495,8965.7801338841,8965.916631321115,"trajectory(x(t),y(t),z(t))",certified relay position at same global t,fixed G01,True,False
Q2-006,496,8965.916631321115,8966.05312875813,"trajectory(x(t),y(t),z(t))",certified relay position at same global t,fixed G01,True,False
Q2-006,497,8966.05312875813,8967.001225556787,"trajectory(x(t),y(t),z(t))",certified relay position at same global t,fixed G01,True,False
Q2-006,498,8967.001225556787,8967.949322355444,"trajectory(x(t),y(t),z(t))",certified relay position at same global t,fixed G01,True,False
Q2-006,499,8967.949322355444,8969.033916591226,"trajectory(x(t),y(t),z(t))",certified relay position at same global t,fixed G01,True,False
Q2-006,500,8969.033916591226,8970.11851082701,"trajectory(x(t),y(t),z(t))",certified relay position at same global t,fixed G01,True,False
Q2-006,501,8970.11851082701,8970.20276577466,"trajectory(x(t),y(t),z(t))",certified relay position at same global t,fixed G01,True,False
Q2-006,502,8970.20276577466,8970.287020722311,"trajectory(x(t),y(t),z(t))",certified relay position at same global t,fixed G01,True,False
Q2-006,503,8970.287020722311,8971.287360010334,"trajectory(x(t),y(t),z(t))",certified relay position at same global t,fixed G01,True,False
Q2-006,504,8971.287360010334,8972.287699298357,"trajectory(x(t),y(t),z(t))",certified relay position at same global t,fixed G01,True,False
Q2-006,505,8972.287699298357,8973.372293534028,"trajectory(x(t),y(t),z(t))",certified relay position at same global t,fixed G01,True,False
Q2-006,506,8973.372293534028,8974.4568877697,"trajectory(x(t),y(t),z(t))",certified relay position at same global t,fixed G01,True,False
Q2-006,507,8974.4568877697,8974.488900228123,"trajectory(x(t),y(t),z(t))",certified relay position at same global t,fixed G01,True,False
Q2-006,508,8974.488900228123,8974.520912686547,"trajectory(x(t),y(t),z(t))",certified relay position at same global t,fixed G01,True,False
Q2-006,509,8974.520912686547,8975.573494463906,"trajectory(x(t),y(t),z(t))",certified relay position at same global t,fixed G01,True,False
Q2-006,510,8975.573494463906,8976.626076241266,"trajectory(x(t),y(t),z(t))",certified relay position at same global t,fixed G01,True,False
Q2-006,511,8976.626076241266,8977.690440446024,"trajectory(x(t),y(t),z(t))",certified relay position at same global t,fixed G01,True,False
Q2-006,512,8977.690440446024,8978.754804650782,"trajectory(x(t),y(t),z(t))",certified relay position at same global t,fixed G01,True,False
Q2-006,513,8978.754804650782,8978.775034681696,"trajectory(x(t),y(t),z(t))",certified relay position at same global t,fixed G01,True,False
Q2-006,514,8978.775034681696,8978.79526471261,"trajectory(x(t),y(t),z(t))",certified relay position at same global t,fixed G01,True,False
Q2-006,515,8978.79526471261,8979.879858948281,"trajectory(x(t),y(t),z(t))",certified relay position at same global t,fixed G01,True,False
Q2-006,516,8979.879858948281,8980.964453183953,"trajectory(x(t),y(t),z(t))",certified relay position at same global t,fixed G01,True,False
Q2-006,517,8980.964453183953,8981.976574899458,"trajectory(x(t),y(t),z(t))",certified relay position at same global t,fixed G01,True,False
Q2-006,518,8981.976574899458,8982.988696614962,"trajectory(x(t),y(t),z(t))",certified relay position at same global t,fixed G01,True,False
Q2-006,519,8982.988696614962,8983.061169135242,"trajectory(x(t),y(t),z(t))",certified relay position at same global t,fixed G01,True,False
Q2-006,520,8983.061169135242,8983.133641655522,"trajectory(x(t),y(t),z(t))",certified relay position at same global t,fixed G01,True,False
Q2-006,521,8983.133641655522,8984.218235891194,"trajectory(x(t),y(t),z(t))",certified relay position at same global t,fixed G01,True,False
Q2-006,522,8984.218235891194,8985.302830126866,"trajectory(x(t),y(t),z(t))",certified relay position at same global t,fixed G01,True,False
Q2-006,523,8985.302830126866,8986.26270935306,"trajectory(x(t),y(t),z(t))",certified relay position at same global t,fixed G01,True,False
Q2-006,524,8986.26270935306,8987.222588579252,"trajectory(x(t),y(t),z(t))",certified relay position at same global t,fixed G01,True,False
Q2-006,525,8987.222588579252,8987.347303588731,"trajectory(x(t),y(t),z(t))",certified relay position at same global t,fixed G01,True,False
Q2-006,526,8987.347303588731,8987.47201859821,"trajectory(x(t),y(t),z(t))",certified relay position at same global t,fixed G01,True,False
Q2-006,527,8987.47201859821,8988.556612833992,"trajectory(x(t),y(t),z(t))",certified relay position at same global t,fixed G01,True,False
Q2-006,528,8988.556612833992,8989.641207069775,"trajectory(x(t),y(t),z(t))",certified relay position at same global t,fixed G01,True,False
Q2-006,529,8989.641207069775,8990.548843806604,"trajectory(x(t),y(t),z(t))",certified relay position at same global t,fixed G01,True,False
Q2-006,530,8990.548843806604,8991.456480543433,"trajectory(x(t),y(t),z(t))",certified relay position at same global t,fixed G01,True,False
Q2-006,531,8991.456480543433,8991.633438042278,"trajectory(x(t),y(t),z(t))",certified relay position at same global t,fixed G01,True,False
Q2-006,532,8991.633438042278,8991.810395541122,"trajectory(x(t),y(t),z(t))",certified relay position at same global t,fixed G01,True,False
Q2-006,533,8991.810395541122,8992.894989776794,"trajectory(x(t),y(t),z(t))",certified relay position at same global t,fixed G01,True,False
Q2-006,534,8992.894989776794,8993.979584012466,"trajectory(x(t),y(t),z(t))",certified relay position at same global t,fixed G01,True,False
Q2-006,535,8993.979584012466,8994.83497826004,"trajectory(x(t),y(t),z(t))",certified relay position at same global t,fixed G01,True,False
Q2-006,536,8994.83497826004,8995.690372507614,"trajectory(x(t),y(t),z(t))",certified relay position at same global t,fixed G01,True,False
Q2-006,537,8995.690372507614,8995.919572495823,"trajectory(x(t),y(t),z(t))",certified relay position at same global t,fixed G01,True,False
Q2-006,538,8995.919572495823,8996.148772484032,"trajectory(x(t),y(t),z(t))",certified relay position at same global t,fixed G01,True,False
Q2-006,539,8996.148772484032,8997.233366719704,"trajectory(x(t),y(t),z(t))",certified relay position at same global t,fixed G01,True,False
Q2-006,540,8997.233366719704,8998.317960955375,"trajectory(x(t),y(t),z(t))",certified relay position at same global t,fixed G01,True,False
Q2-006,541,8998.317960955375,8999.12111271364,"trajectory(x(t),y(t),z(t))",certified relay position at same global t,fixed G01,True,False
Q2-006,542,8999.12111271364,8999.924264471903,"trajectory(x(t),y(t),z(t))",certified relay position at same global t,fixed G01,True,False
Q2-006,543,8999.924264471903,9000.205706949368,"trajectory(x(t),y(t),z(t))",certified relay position at same global t,fixed G01,True,False
Q2-006,544,9000.205706949368,9000.487149426832,"trajectory(x(t),y(t),z(t))",certified relay position at same global t,fixed G01,True,False
Q2-006,545,9000.487149426832,9001.57174366256,"trajectory(x(t),y(t),z(t))",certified relay position at same global t,fixed G01,True,False
Q2-006,546,9001.57174366256,9002.656337898288,"trajectory(x(t),y(t),z(t))",certified relay position at same global t,fixed G01,True,False
Q2-006,547,9002.656337898288,9003.407247167186,"trajectory(x(t),y(t),z(t))",certified relay position at same global t,fixed G01,True,False
Q2-006,548,9003.407247167186,9004.158156436084,"trajectory(x(t),y(t),z(t))",certified relay position at same global t,fixed G01,True,False
Q2-006,549,9004.158156436084,9004.491841402858,"trajectory(x(t),y(t),z(t))",certified relay position at same global t,fixed G01,True,False
Q2-006,550,9004.491841402858,9004.825526369632,"trajectory(x(t),y(t),z(t))",certified relay position at same global t,fixed G01,True,False
Q2-006,551,9004.825526369632,9005.91012060536,"trajectory(x(t),y(t),z(t))",certified relay position at same global t,fixed G01,True,False
Q2-006,552,9005.91012060536,9006.994714841088,"trajectory(x(t),y(t),z(t))",certified relay position at same global t,fixed G01,True,False
Q2-006,553,9006.994714841088,9007.693381620704,"trajectory(x(t),y(t),z(t))",certified relay position at same global t,fixed G01,True,False
Q2-006,554,9007.693381620704,9008.39204840032,"trajectory(x(t),y(t),z(t))",certified relay position at same global t,fixed G01,True,False
Q2-006,555,9008.39204840032,9008.77797585643,"trajectory(x(t),y(t),z(t))",certified relay position at same global t,fixed G01,True,False
Q2-006,556,9008.77797585643,9009.163903312541,"trajectory(x(t),y(t),z(t))",certified relay position at same global t,fixed G01,True,False
Q2-006,557,9009.163903312541,9010.248497548213,"trajectory(x(t),y(t),z(t))",certified relay position at same global t,fixed G01,True,False
Q2-006,558,9010.248497548213,9011.333091783885,"trajectory(x(t),y(t),z(t))",certified relay position at same global t,fixed G01,True,False
Q2-006,559,9011.333091783885,9011.979516074218,"trajectory(x(t),y(t),z(t))",certified relay position at same global t,fixed G01,True,False
Q2-006,560,9011.979516074218,9012.62594036455,"trajectory(x(t),y(t),z(t))",certified relay position at same global t,fixed G01,True,False
Q2-006,561,9012.62594036455,9013.064110309944,"trajectory(x(t),y(t),z(t))",certified relay position at same global t,fixed G01,True,False
Q2-006,562,9013.064110309944,9013.502280255338,"trajectory(x(t),y(t),z(t))",certified relay position at same global t,fixed G01,True,False
Q2-006,563,9013.502280255338,9014.586874491066,"trajectory(x(t),y(t),z(t))",certified relay position at same global t,fixed G01,True,False
Q2-006,564,9014.586874491066,9015.671468726794,"trajectory(x(t),y(t),z(t))",certified relay position at same global t,fixed G01,True,False
Q2-006,565,9015.671468726794,9016.265650527763,"trajectory(x(t),y(t),z(t))",certified relay position at same global t,fixed G01,True,False
Q2-006,566,9016.265650527763,9016.859832328731,"trajectory(x(t),y(t),z(t))",certified relay position at same global t,fixed G01,True,False
Q2-006,567,9016.859832328731,9017.350244763435,"trajectory(x(t),y(t),z(t))",certified relay position at same global t,fixed G01,True,False
Q2-006,568,9017.350244763435,9017.840657198138,"trajectory(x(t),y(t),z(t))",certified relay position at same global t,fixed G01,True,False
Q2-006,569,9017.840657198138,9018.925251433866,"trajectory(x(t),y(t),z(t))",certified relay position at same global t,fixed G01,True,False
Q2-006,570,9018.925251433866,9020.009845669594,"trajectory(x(t),y(t),z(t))",certified relay position at same global t,fixed G01,True,False
Q2-006,571,9020.009845669594,9020.551784981308,"trajectory(x(t),y(t),z(t))",certified relay position at same global t,fixed G01,True,False
Q2-006,572,9020.551784981308,9021.093724293021,"trajectory(x(t),y(t),z(t))",certified relay position at same global t,fixed G01,True,False
Q2-006,573,9021.093724293021,9021.636379217036,"trajectory(x(t),y(t),z(t))",certified relay position at same global t,fixed G01,True,False
Q2-006,574,9021.636379217036,9022.17903414105,"trajectory(x(t),y(t),z(t))",certified relay position at same global t,fixed G01,True,False
Q2-006,575,9022.17903414105,9023.263628376722,"trajectory(x(t),y(t),z(t))",certified relay position at same global t,fixed G01,True,False
Q2-006,576,9023.263628376722,9024.348222612394,"trajectory(x(t),y(t),z(t))",certified relay position at same global t,fixed G01,True,False
Q2-006,577,9024.348222612394,9024.837919434798,"trajectory(x(t),y(t),z(t))",certified relay position at same global t,fixed G01,True,False
Q2-006,578,9024.837919434798,9025.327616257202,"trajectory(x(t),y(t),z(t))",certified relay position at same global t,fixed G01,True,False
Q2-006,579,9025.327616257202,9025.922513670526,"trajectory(x(t),y(t),z(t))",certified relay position at same global t,fixed G01,True,False
Q2-006,580,9025.922513670526,9026.51741108385,"trajectory(x(t),y(t),z(t))",certified relay position at same global t,fixed G01,True,False
Q2-006,581,9026.51741108385,9027.602005319579,"trajectory(x(t),y(t),z(t))",certified relay position at same global t,fixed G01,True,False
Q2-006,582,9027.602005319579,9028.686599555307,"trajectory(x(t),y(t),z(t))",certified relay position at same global t,fixed G01,True,False
Q2-006,583,9028.686599555307,9029.124053888347,"trajectory(x(t),y(t),z(t))",certified relay position at same global t,fixed G01,True,False
Q2-006,584,9029.124053888347,9029.561508221386,"trajectory(x(t),y(t),z(t))",certified relay position at same global t,fixed G01,True,False
Q2-006,585,9029.561508221386,9030.20864812402,"trajectory(x(t),y(t),z(t))",certified relay position at same global t,fixed G01,True,False
Q2-006,586,9030.20864812402,9030.855788026654,"trajectory(x(t),y(t),z(t))",certified relay position at same global t,fixed G01,True,False
Q2-006,587,9030.855788026654,9031.940382262383,"trajectory(x(t),y(t),z(t))",certified relay position at same global t,fixed G01,True,False
Q2-006,588,9031.940382262383,9033.02497649811,"trajectory(x(t),y(t),z(t))",certified relay position at same global t,fixed G01,True,False
Q2-006,589,9033.02497649811,9033.410188341895,"trajectory(x(t),y(t),z(t))",certified relay position at same global t,fixed G01,True,False
Q2-006,590,9033.410188341895,9033.79540018568,"trajectory(x(t),y(t),z(t))",certified relay position at same global t,fixed G01,True,False
Q2-006,591,9033.79540018568,9034.494782577623,"trajectory(x(t),y(t),z(t))",certified relay position at same global t,fixed G01,True,False
Q2-006,592,9034.494782577623,9035.194164969567,"trajectory(x(t),y(t),z(t))",certified relay position at same global t,fixed G01,True,False
Q2-006,593,9035.194164969567,9036.27875920524,"trajectory(x(t),y(t),z(t))",certified relay position at same global t,fixed G01,True,False
Q2-006,594,9036.27875920524,9037.363353440911,"trajectory(x(t),y(t),z(t))",certified relay position at same global t,fixed G01,True,False
Q2-006,595,9037.363353440911,9037.696322795386,"trajectory(x(t),y(t),z(t))",certified relay position at same global t,fixed G01,True,False
Q2-006,596,9037.696322795386,9038.02929214986,"trajectory(x(t),y(t),z(t))",certified relay position at same global t,fixed G01,True,False
Q2-006,597,9038.02929214986,9038.78091703117,"trajectory(x(t),y(t),z(t))",certified relay position at same global t,fixed G01,True,False
Q2-006,598,9038.78091703117,9039.53254191248,"trajectory(x(t),y(t),z(t))",certified relay position at same global t,fixed G01,True,False
Q2-006,599,9039.53254191248,9040.617136148152,"trajectory(x(t),y(t),z(t))",certified relay position at same global t,fixed G01,True,False
Q2-006,600,9040.617136148152,9041.701730383824,"trajectory(x(t),y(t),z(t))",certified relay position at same global t,fixed G01,True,False
Q2-006,601,9041.701730383824,9041.98245724896,"trajectory(x(t),y(t),z(t))",certified relay position at same global t,fixed G01,True,False
Q2-006,602,9041.98245724896,9042.263184114096,"trajectory(x(t),y(t),z(t))",certified relay position at same global t,fixed G01,True,False
Q2-006,603,9042.263184114096,9043.067051484632,"trajectory(x(t),y(t),z(t))",certified relay position at same global t,fixed G01,True,False
Q2-006,604,9043.067051484632,9043.870918855167,"trajectory(x(t),y(t),z(t))",certified relay position at same global t,fixed G01,True,False
Q2-006,605,9043.870918855167,9044.95551309095,"trajectory(x(t),y(t),z(t))",certified relay position at same global t,fixed G01,True,False
Q2-006,606,9044.95551309095,9046.040107326733,"trajectory(x(t),y(t),z(t))",certified relay position at same global t,fixed G01,True,False
Q2-006,607,9046.040107326733,9046.268591702532,"trajectory(x(t),y(t),z(t))",certified relay position at same global t,fixed G01,True,False
Q2-006,608,9046.268591702532,9046.49707607833,"trajectory(x(t),y(t),z(t))",certified relay position at same global t,fixed G01,True,False
Q2-006,609,9046.49707607833,9047.353185938206,"trajectory(x(t),y(t),z(t))",certified relay position at same global t,fixed G01,True,False
Q2-006,610,9047.353185938206,9048.20929579808,"trajectory(x(t),y(t),z(t))",certified relay position at same global t,fixed G01,True,False
Q2-006,611,9048.20929579808,9049.293890033752,"trajectory(x(t),y(t),z(t))",certified relay position at same global t,fixed G01,True,False
Q2-006,612,9049.293890033752,9050.378484269424,"trajectory(x(t),y(t),z(t))",certified relay position at same global t,fixed G01,True,False
Q2-006,613,9050.378484269424,9050.554726155968,"trajectory(x(t),y(t),z(t))",certified relay position at same global t,fixed G01,True,False
Q2-006,614,9050.554726155968,9050.730968042511,"trajectory(x(t),y(t),z(t))",certified relay position at same global t,fixed G01,True,False
Q2-006,615,9050.730968042511,9051.63932039175,"trajectory(x(t),y(t),z(t))",certified relay position at same global t,fixed G01,True,False
Q2-006,616,9051.63932039175,9052.54767274099,"trajectory(x(t),y(t),z(t))",certified relay position at same global t,fixed G01,True,False
Q2-006,617,9052.54767274099,9053.632266976661,"trajectory(x(t),y(t),z(t))",certified relay position at same global t,fixed G01,True,False
Q2-006,618,9053.632266976661,9054.716861212333,"trajectory(x(t),y(t),z(t))",certified relay position at same global t,fixed G01,True,False
Q2-006,619,9054.716861212333,9054.84086060954,"trajectory(x(t),y(t),z(t))",certified relay position at same global t,fixed G01,True,False
Q2-006,620,9054.84086060954,9054.964860006747,"trajectory(x(t),y(t),z(t))",certified relay position at same global t,fixed G01,True,False
Q2-006,621,9054.964860006747,9055.925454845212,"trajectory(x(t),y(t),z(t))",certified relay position at same global t,fixed G01,True,False
Q2-006,622,9055.925454845212,9056.886049683677,"trajectory(x(t),y(t),z(t))",certified relay position at same global t,fixed G01,True,False
Q2-006,623,9056.886049683677,9057.97064391946,"trajectory(x(t),y(t),z(t))",certified relay position at same global t,fixed G01,True,False
Q2-006,624,9057.97064391946,9059.055238155242,"trajectory(x(t),y(t),z(t))",certified relay position at same global t,fixed G01,True,False
Q2-006,625,9059.055238155242,9059.12699506311,"trajectory(x(t),y(t),z(t))",certified relay position at same global t,fixed G01,True,False
Q2-006,626,9059.12699506311,9059.198751970978,"trajectory(x(t),y(t),z(t))",certified relay position at same global t,fixed G01,True,False
Q2-006,627,9059.198751970978,9060.211589298782,"trajectory(x(t),y(t),z(t))",certified relay position at same global t,fixed G01,True,False
Q2-006,628,9060.211589298782,9061.224426626586,"trajectory(x(t),y(t),z(t))",certified relay position at same global t,fixed G01,True,False
Q2-006,629,9061.224426626586,9062.309020862258,"trajectory(x(t),y(t),z(t))",certified relay position at same global t,fixed G01,True,False
Q2-006,630,9062.309020862258,9063.39361509793,"trajectory(x(t),y(t),z(t))",certified relay position at same global t,fixed G01,True,False
Q2-006,631,9063.39361509793,9063.413129516544,"trajectory(x(t),y(t),z(t))",certified relay position at same global t,fixed G01,True,False
Q2-006,632,9063.413129516544,9063.432643935159,"trajectory(x(t),y(t),z(t))",certified relay position at same global t,fixed G01,True,False
Q2-006,633,9063.432643935159,9064.497723752327,"trajectory(x(t),y(t),z(t))",certified relay position at same global t,fixed G01,True,False
Q2-006,634,9064.497723752327,9065.562803569495,"trajectory(x(t),y(t),z(t))",certified relay position at same global t,fixed G01,True,False
Q2-006,635,9065.562803569495,9066.614669734472,"trajectory(x(t),y(t),z(t))",certified relay position at same global t,fixed G01,True,False
Q2-006,636,9066.614669734472,9067.666535899449,"trajectory(x(t),y(t),z(t))",certified relay position at same global t,fixed G01,True,False
Q2-006,637,9067.666535899449,9067.699263970146,"trajectory(x(t),y(t),z(t))",certified relay position at same global t,fixed G01,True,False
Q2-006,638,9067.699263970146,9067.731992040843,"trajectory(x(t),y(t),z(t))",certified relay position at same global t,fixed G01,True,False
Q2-006,639,9067.731992040843,9068.816586276514,"trajectory(x(t),y(t),z(t))",certified relay position at same global t,fixed G01,True,False
Q2-006,640,9068.816586276514,9069.901180512186,"trajectory(x(t),y(t),z(t))",certified relay position at same global t,fixed G01,True,False
Q2-006,641,9069.901180512186,9070.900804187908,"trajectory(x(t),y(t),z(t))",certified relay position at same global t,fixed G01,True,False
Q2-006,642,9070.900804187908,9071.90042786363,"trajectory(x(t),y(t),z(t))",certified relay position at same global t,fixed G01,True,False
Q2-006,643,9071.90042786363,9071.98539842369,"trajectory(x(t),y(t),z(t))",certified relay position at same global t,fixed G01,True,False
Q2-006,644,9071.98539842369,9072.070368983752,"trajectory(x(t),y(t),z(t))",certified relay position at same global t,fixed G01,True,False
Q2-006,645,9072.070368983752,9073.154963219424,"trajectory(x(t),y(t),z(t))",certified relay position at same global t,fixed G01,True,False
Q2-006,646,9073.154963219424,9074.239557455096,"trajectory(x(t),y(t),z(t))",certified relay position at same global t,fixed G01,True,False
Q2-006,647,9074.239557455096,9075.186938641453,"trajectory(x(t),y(t),z(t))",certified relay position at same global t,fixed G01,True,False
Q2-006,648,9075.186938641453,9076.13431982781,"trajectory(x(t),y(t),z(t))",certified relay position at same global t,fixed G01,True,False
Q2-006,649,9076.13431982781,9076.271532877125,"trajectory(x(t),y(t),z(t))",certified relay position at same global t,fixed G01,True,False
Q2-006,650,9076.271532877125,9076.40874592644,"trajectory(x(t),y(t),z(t))",certified relay position at same global t,fixed G01,True,False
Q2-006,651,9076.40874592644,9077.493340162222,"trajectory(x(t),y(t),z(t))",certified relay position at same global t,fixed G01,True,False
Q2-006,652,9077.493340162222,9078.577934398005,"trajectory(x(t),y(t),z(t))",certified relay position at same global t,fixed G01,True,False
Q2-006,653,9078.577934398005,9079.47307309505,"trajectory(x(t),y(t),z(t))",certified relay position at same global t,fixed G01,True,False
Q2-006,654,9079.47307309505,9080.368211792096,"trajectory(x(t),y(t),z(t))",certified relay position at same global t,fixed G01,True,False
Q2-006,655,9080.368211792096,9080.557667330722,"trajectory(x(t),y(t),z(t))",certified relay position at same global t,fixed G01,True,False
Q2-006,656,9080.557667330722,9080.747122869348,"trajectory(x(t),y(t),z(t))",certified relay position at same global t,fixed G01,True,False
Q2-006,657,9080.747122869348,9081.831717105077,"trajectory(x(t),y(t),z(t))",certified relay position at same global t,fixed G01,True,False
Q2-006,658,9081.831717105077,9082.916311340805,"trajectory(x(t),y(t),z(t))",certified relay position at same global t,fixed G01,True,False
Q2-006,659,9082.916311340805,9083.759207548543,"trajectory(x(t),y(t),z(t))",certified relay position at same global t,fixed G01,True,False
Q2-006,660,9083.759207548543,9084.60210375628,"trajectory(x(t),y(t),z(t))",certified relay position at same global t,fixed G01,True,False
Q2-006,661,9084.60210375628,9084.84380178427,"trajectory(x(t),y(t),z(t))",certified relay position at same global t,fixed G01,True,False
Q2-006,662,9084.84380178427,9085.085499812261,"trajectory(x(t),y(t),z(t))",certified relay position at same global t,fixed G01,True,False
Q2-006,663,9085.085499812261,9086.170094047933,"trajectory(x(t),y(t),z(t))",certified relay position at same global t,fixed G01,True,False
Q2-006,664,9086.170094047933,9087.254688283605,"trajectory(x(t),y(t),z(t))",certified relay position at same global t,fixed G01,True,False
Q2-006,665,9087.254688283605,9088.04534200206,"trajectory(x(t),y(t),z(t))",certified relay position at same global t,fixed G01,True,False
Q2-006,666,9088.04534200206,9088.835995720516,"trajectory(x(t),y(t),z(t))",certified relay position at same global t,fixed G01,True,False
Q2-006,667,9088.835995720516,9089.129936237789,"trajectory(x(t),y(t),z(t))",certified relay position at same global t,fixed G01,True,False
Q2-006,668,9089.129936237789,9089.423876755061,"trajectory(x(t),y(t),z(t))",certified relay position at same global t,fixed G01,True,False
Q2-006,669,9089.423876755061,9090.50847099079,"trajectory(x(t),y(t),z(t))",certified relay position at same global t,fixed G01,True,False
Q2-006,670,9090.50847099079,9091.593065226518,"trajectory(x(t),y(t),z(t))",certified relay position at same global t,fixed G01,True,False
Q2-006,671,9091.593065226518,9092.331476455634,"trajectory(x(t),y(t),z(t))",certified relay position at same global t,fixed G01,True,False
Q2-006,672,9092.331476455634,9093.069887684751,"trajectory(x(t),y(t),z(t))",certified relay position at same global t,fixed G01,True,False
Q2-006,673,9093.069887684751,9093.416070691306,"trajectory(x(t),y(t),z(t))",certified relay position at same global t,fixed G01,True,False
Q2-006,674,9093.416070691306,9093.762253697862,"trajectory(x(t),y(t),z(t))",certified relay position at same global t,fixed G01,True,False
Q2-006,675,9093.762253697862,9094.425938602615,"trajectory(x(t),y(t),z(t))",certified relay position at same global t,fixed G01,True,False
Q2-006,676,9094.425938602615,9095.089623507369,"trajectory(x(t),y(t),z(t))",certified relay position at same global t,fixed G01,True,False
Q2-006,677,9095.089623507369,9206.741692599166,"trajectory(x(t),y(t),z(t))",certified relay position at same global t,fixed G01,True,False
Q2-006,678,9206.741692599166,9602.741692599166,"trajectory(x(t),y(t),z(t))",certified relay position at same global t,fixed G01,True,False
Q2-006,679,9602.741692599166,9692.063347872603,"trajectory(x(t),y(t),z(t))",certified relay position at same global t,fixed G01,True,False
Q2-006,680,9692.063347872603,9692.727032777357,"trajectory(x(t),y(t),z(t))",certified relay position at same global t,fixed G01,True,False
Q2-006,681,9692.727032777357,9693.39071768211,"trajectory(x(t),y(t),z(t))",certified relay position at same global t,fixed G01,True,False
Q2-006,682,9693.39071768211,9693.736900688666,"trajectory(x(t),y(t),z(t))",certified relay position at same global t,fixed G01,True,False
Q2-006,683,9693.736900688666,9694.083083695221,"trajectory(x(t),y(t),z(t))",certified relay position at same global t,fixed G01,True,False
Q2-006,684,9694.083083695221,9694.821494924337,"trajectory(x(t),y(t),z(t))",certified relay position at same global t,fixed G01,True,False
Q2-006,685,9694.821494924337,9695.559906153454,"trajectory(x(t),y(t),z(t))",certified relay position at same global t,fixed G01,True,False
Q2-006,686,9695.559906153454,9696.644500389182,"trajectory(x(t),y(t),z(t))",certified relay position at same global t,fixed G01,True,False
Q2-006,687,9696.644500389182,9697.72909462491,"trajectory(x(t),y(t),z(t))",certified relay position at same global t,fixed G01,True,False
Q2-006,688,9697.72909462491,9698.023035142183,"trajectory(x(t),y(t),z(t))",certified relay position at same global t,fixed G01,True,False
Q2-006,689,9698.023035142183,9698.316975659456,"trajectory(x(t),y(t),z(t))",certified relay position at same global t,fixed G01,True,False
Q2-006,690,9698.316975659456,9699.107629377912,"trajectory(x(t),y(t),z(t))",certified relay position at same global t,fixed G01,True,False
Q2-006,691,9699.107629377912,9699.898283096367,"trajectory(x(t),y(t),z(t))",certified relay position at same global t,fixed G01,True,False
Q2-006,692,9699.898283096367,9700.982877332039,"trajectory(x(t),y(t),z(t))",certified relay position at same global t,fixed G01,True,False
Q2-006,693,9700.982877332039,9702.06747156771,"trajectory(x(t),y(t),z(t))",certified relay position at same global t,fixed G01,True,False
Q2-006,694,9702.06747156771,9702.309169595701,"trajectory(x(t),y(t),z(t))",certified relay position at same global t,fixed G01,True,False
Q2-006,695,9702.309169595701,9702.550867623691,"trajectory(x(t),y(t),z(t))",certified relay position at same global t,fixed G01,True,False
Q2-006,696,9702.550867623691,9703.39376383143,"trajectory(x(t),y(t),z(t))",certified relay position at same global t,fixed G01,True,False
Q2-006,697,9703.39376383143,9704.236660039167,"trajectory(x(t),y(t),z(t))",certified relay position at same global t,fixed G01,True,False
Q2-006,698,9704.236660039167,9705.321254274895,"trajectory(x(t),y(t),z(t))",certified relay position at same global t,fixed G01,True,False
Q2-006,699,9705.321254274895,9706.405848510623,"trajectory(x(t),y(t),z(t))",certified relay position at same global t,fixed G01,True,False
Q2-006,700,9706.405848510623,9706.59530404925,"trajectory(x(t),y(t),z(t))",certified relay position at same global t,fixed G01,True,False
Q2-006,701,9706.59530404925,9706.784759587876,"trajectory(x(t),y(t),z(t))",certified relay position at same global t,fixed G01,True,False
Q2-006,702,9706.784759587876,9707.679898284921,"trajectory(x(t),y(t),z(t))",certified relay position at same global t,fixed G01,True,False
Q2-006,703,9707.679898284921,9708.575036981967,"trajectory(x(t),y(t),z(t))",certified relay position at same global t,fixed G01,True,False
Q2-006,704,9708.575036981967,9709.65963121775,"trajectory(x(t),y(t),z(t))",certified relay position at same global t,fixed G01,True,False
Q2-006,705,9709.65963121775,9710.744225453533,"trajectory(x(t),y(t),z(t))",certified relay position at same global t,fixed G01,True,False
Q2-006,706,9710.744225453533,9710.881438502847,"trajectory(x(t),y(t),z(t))",certified relay position at same global t,fixed G01,True,False
Q2-006,707,9710.881438502847,9711.018651552162,"trajectory(x(t),y(t),z(t))",certified relay position at same global t,fixed G01,True,False
Q2-006,708,9711.018651552162,9711.966032738519,"trajectory(x(t),y(t),z(t))",certified relay position at same global t,fixed G01,True,False
Q2-006,709,9711.966032738519,9712.913413924876,"trajectory(x(t),y(t),z(t))",certified relay position at same global t,fixed G01,True,False
Q2-006,710,9712.913413924876,9713.998008160548,"trajectory(x(t),y(t),z(t))",certified relay position at same global t,fixed G01,True,False
Q2-006,711,9713.998008160548,9715.08260239622,"trajectory(x(t),y(t),z(t))",certified relay position at same global t,fixed G01,True,False
Q2-006,712,9715.08260239622,9715.167572956281,"trajectory(x(t),y(t),z(t))",certified relay position at same global t,fixed G01,True,False
Q2-006,713,9715.167572956281,9715.252543516342,"trajectory(x(t),y(t),z(t))",certified relay position at same global t,fixed G01,True,False
Q2-006,714,9715.252543516342,9716.252167192064,"trajectory(x(t),y(t),z(t))",certified relay position at same global t,fixed G01,True,False
Q2-006,715,9716.252167192064,9717.251790867786,"trajectory(x(t),y(t),z(t))",certified relay position at same global t,fixed G01,True,False
Q2-006,716,9717.251790867786,9718.336385103457,"trajectory(x(t),y(t),z(t))",certified relay position at same global t,fixed G01,True,False
Q2-006,717,9718.336385103457,9719.42097933913,"trajectory(x(t),y(t),z(t))",certified relay position at same global t,fixed G01,True,False
Q2-006,718,9719.42097933913,9719.453707409826,"trajectory(x(t),y(t),z(t))",certified relay position at same global t,fixed G01,True,False
Q2-006,719,9719.453707409826,9719.486435480523,"trajectory(x(t),y(t),z(t))",certified relay position at same global t,fixed G01,True,False
Q2-006,720,9719.486435480523,9720.5383016455,"trajectory(x(t),y(t),z(t))",certified relay position at same global t,fixed G01,True,False
Q2-006,721,9720.5383016455,9721.590167810476,"trajectory(x(t),y(t),z(t))",certified relay position at same global t,fixed G01,True,False
Q2-006,722,9721.590167810476,9722.655247627645,"trajectory(x(t),y(t),z(t))",certified relay position at same global t,fixed G01,True,False
Q2-006,723,9722.655247627645,9723.720327444813,"trajectory(x(t),y(t),z(t))",certified relay position at same global t,fixed G01,True,False
Q2-006,724,9723.720327444813,9723.739841863428,"trajectory(x(t),y(t),z(t))",certified relay position at same global t,fixed G01,True,False
Q2-006,725,9723.739841863428,9723.759356282042,"trajectory(x(t),y(t),z(t))",certified relay position at same global t,fixed G01,True,False
Q2-006,726,9723.759356282042,9724.843950517714,"trajectory(x(t),y(t),z(t))",certified relay position at same global t,fixed G01,True,False
Q2-006,727,9724.843950517714,9725.928544753386,"trajectory(x(t),y(t),z(t))",certified relay position at same global t,fixed G01,True,False
Q2-006,728,9725.928544753386,9726.94138208119,"trajectory(x(t),y(t),z(t))",certified relay position at same global t,fixed G01,True,False
Q2-006,729,9726.94138208119,9727.954219408994,"trajectory(x(t),y(t),z(t))",certified relay position at same global t,fixed G01,True,False
Q2-006,730,9727.954219408994,9728.025976316861,"trajectory(x(t),y(t),z(t))",certified relay position at same global t,fixed G01,True,False
Q2-006,731,9728.025976316861,9728.09773322473,"trajectory(x(t),y(t),z(t))",certified relay position at same global t,fixed G01,True,False
Q2-006,732,9728.09773322473,9729.182327460512,"trajectory(x(t),y(t),z(t))",certified relay position at same global t,fixed G01,True,False
Q2-006,733,9729.182327460512,9730.266921696295,"trajectory(x(t),y(t),z(t))",certified relay position at same global t,fixed G01,True,False
Q2-006,734,9730.266921696295,9731.22751653476,"trajectory(x(t),y(t),z(t))",certified relay position at same global t,fixed G01,True,False
Q2-006,735,9731.22751653476,9732.188111373225,"trajectory(x(t),y(t),z(t))",certified relay position at same global t,fixed G01,True,False
Q2-006,736,9732.188111373225,9732.312110770432,"trajectory(x(t),y(t),z(t))",certified relay position at same global t,fixed G01,True,False
Q2-006,737,9732.312110770432,9732.436110167639,"trajectory(x(t),y(t),z(t))",certified relay position at same global t,fixed G01,True,False
Q2-006,738,9732.436110167639,9733.52070440331,"trajectory(x(t),y(t),z(t))",certified relay position at same global t,fixed G01,True,False
Q2-006,739,9733.52070440331,9734.605298638982,"trajectory(x(t),y(t),z(t))",certified relay position at same global t,fixed G01,True,False
Q2-006,740,9734.605298638982,9735.513650988221,"trajectory(x(t),y(t),z(t))",certified relay position at same global t,fixed G01,True,False
Q2-006,741,9735.513650988221,9736.42200333746,"trajectory(x(t),y(t),z(t))",certified relay position at same global t,fixed G01,True,False
Q2-006,742,9736.42200333746,9736.598245224004,"trajectory(x(t),y(t),z(t))",certified relay position at same global t,fixed G01,True,False
Q2-006,743,9736.598245224004,9736.774487110548,"trajectory(x(t),y(t),z(t))",certified relay position at same global t,fixed G01,True,False
Q2-006,744,9736.774487110548,9737.85908134622,"trajectory(x(t),y(t),z(t))",certified relay position at same global t,fixed G01,True,False
Q2-006,745,9737.85908134622,9738.943675581892,"trajectory(x(t),y(t),z(t))",certified relay position at same global t,fixed G01,True,False
Q2-006,746,9738.943675581892,9739.799785441766,"trajectory(x(t),y(t),z(t))",certified relay position at same global t,fixed G01,True,False
Q2-006,747,9739.799785441766,9740.655895301641,"trajectory(x(t),y(t),z(t))",certified relay position at same global t,fixed G01,True,False
Q2-006,748,9740.655895301641,9740.88437967744,"trajectory(x(t),y(t),z(t))",certified relay position at same global t,fixed G01,True,False
Q2-006,749,9740.88437967744,9741.112864053239,"trajectory(x(t),y(t),z(t))",certified relay position at same global t,fixed G01,True,False
Q2-006,750,9741.112864053239,9742.197458289022,"trajectory(x(t),y(t),z(t))",certified relay position at same global t,fixed G01,True,False
Q2-006,751,9742.197458289022,9743.282052524804,"trajectory(x(t),y(t),z(t))",certified relay position at same global t,fixed G01,True,False
Q2-006,752,9743.282052524804,9744.08591989534,"trajectory(x(t),y(t),z(t))",certified relay position at same global t,fixed G01,True,False
Q2-006,753,9744.08591989534,9744.889787265876,"trajectory(x(t),y(t),z(t))",certified relay position at same global t,fixed G01,True,False
Q2-006,754,9744.889787265876,9745.170514131012,"trajectory(x(t),y(t),z(t))",certified relay position at same global t,fixed G01,True,False
Q2-006,755,9745.170514131012,9745.451240996148,"trajectory(x(t),y(t),z(t))",certified relay position at same global t,fixed G01,True,False
Q2-006,756,9745.451240996148,9746.53583523182,"trajectory(x(t),y(t),z(t))",certified relay position at same global t,fixed G01,True,False
Q2-006,757,9746.53583523182,9747.620429467492,"trajectory(x(t),y(t),z(t))",certified relay position at same global t,fixed G01,True,False
Q2-006,758,9747.620429467492,9748.372054348802,"trajectory(x(t),y(t),z(t))",certified relay position at same global t,fixed G01,True,False
Q2-006,759,9748.372054348802,9749.123679230112,"trajectory(x(t),y(t),z(t))",certified relay position at same global t,fixed G01,True,False
Q2-006,760,9749.123679230112,9749.456648584586,"trajectory(x(t),y(t),z(t))",certified relay position at same global t,fixed G01,True,False
Q2-006,761,9749.456648584586,9749.789617939061,"trajectory(x(t),y(t),z(t))",certified relay position at same global t,fixed G01,True,False
Q2-006,762,9749.789617939061,9750.874212174733,"trajectory(x(t),y(t),z(t))",certified relay position at same global t,fixed G01,True,False
Q2-006,763,9750.874212174733,9751.958806410405,"trajectory(x(t),y(t),z(t))",certified relay position at same global t,fixed G01,True,False
Q2-006,764,9751.958806410405,9752.658188802348,"trajectory(x(t),y(t),z(t))",certified relay position at same global t,fixed G01,True,False
Q2-006,765,9752.658188802348,9753.357571194292,"trajectory(x(t),y(t),z(t))",certified relay position at same global t,fixed G01,True,False
Q2-006,766,9753.357571194292,9753.742783038077,"trajectory(x(t),y(t),z(t))",certified relay position at same global t,fixed G01,True,False
Q2-006,767,9753.742783038077,9754.127994881861,"trajectory(x(t),y(t),z(t))",certified relay position at same global t,fixed G01,True,False
Q2-006,768,9754.127994881861,9755.21258911759,"trajectory(x(t),y(t),z(t))",certified relay position at same global t,fixed G01,True,False
Q2-006,769,9755.21258911759,9756.297183353317,"trajectory(x(t),y(t),z(t))",certified relay position at same global t,fixed G01,True,False
Q2-006,770,9756.297183353317,9756.944323255952,"trajectory(x(t),y(t),z(t))",certified relay position at same global t,fixed G01,True,False
Q2-006,771,9756.944323255952,9757.591463158586,"trajectory(x(t),y(t),z(t))",certified relay position at same global t,fixed G01,True,False
Q2-006,772,9757.591463158586,9758.028917491625,"trajectory(x(t),y(t),z(t))",certified relay position at same global t,fixed G01,True,False
Q2-006,773,9758.028917491625,9758.466371824665,"trajectory(x(t),y(t),z(t))",certified relay position at same global t,fixed G01,True,False
Q2-006,774,9758.466371824665,9759.550966060393,"trajectory(x(t),y(t),z(t))",certified relay position at same global t,fixed G01,True,False
Q2-006,775,9759.550966060393,9760.635560296121,"trajectory(x(t),y(t),z(t))",certified relay position at same global t,fixed G01,True,False
Q2-006,776,9760.635560296121,9761.230457709446,"trajectory(x(t),y(t),z(t))",certified relay position at same global t,fixed G01,True,False
Q2-006,777,9761.230457709446,9761.82535512277,"trajectory(x(t),y(t),z(t))",certified relay position at same global t,fixed G01,True,False
Q2-006,778,9761.82535512277,9762.315051945174,"trajectory(x(t),y(t),z(t))",certified relay position at same global t,fixed G01,True,False
Q2-006,779,9762.315051945174,9762.804748767578,"trajectory(x(t),y(t),z(t))",certified relay position at same global t,fixed G01,True,False
Q2-006,780,9762.804748767578,9763.88934300325,"trajectory(x(t),y(t),z(t))",certified relay position at same global t,fixed G01,True,False
Q2-006,781,9763.88934300325,9764.973937238921,"trajectory(x(t),y(t),z(t))",certified relay position at same global t,fixed G01,True,False
Q2-006,782,9764.973937238921,9765.516592162936,"trajectory(x(t),y(t),z(t))",certified relay position at same global t,fixed G01,True,False
Q2-006,783,9765.516592162936,9766.05924708695,"trajectory(x(t),y(t),z(t))",certified relay position at same global t,fixed G01,True,False
Q2-006,784,9766.05924708695,9766.601186398664,"trajectory(x(t),y(t),z(t))",certified relay position at same global t,fixed G01,True,False
Q2-006,785,9766.601186398664,9767.143125710378,"trajectory(x(t),y(t),z(t))",certified relay position at same global t,fixed G01,True,False
Q2-006,786,9767.143125710378,9768.227719946106,"trajectory(x(t),y(t),z(t))",certified relay position at same global t,fixed G01,True,False
Q2-006,787,9768.227719946106,9769.312314181834,"trajectory(x(t),y(t),z(t))",certified relay position at same global t,fixed G01,True,False
Q2-006,788,9769.312314181834,9769.802726616537,"trajectory(x(t),y(t),z(t))",certified relay position at same global t,fixed G01,True,False
Q2-006,789,9769.802726616537,9770.29313905124,"trajectory(x(t),y(t),z(t))",certified relay position at same global t,fixed G01,True,False
Q2-006,790,9770.29313905124,9770.887320852209,"trajectory(x(t),y(t),z(t))",certified relay position at same global t,fixed G01,True,False
Q2-006,791,9770.887320852209,9771.481502653178,"trajectory(x(t),y(t),z(t))",certified relay position at same global t,fixed G01,True,False
Q2-006,792,9771.481502653178,9772.566096888906,"trajectory(x(t),y(t),z(t))",certified relay position at same global t,fixed G01,True,False
Q2-006,793,9772.566096888906,9773.650691124634,"trajectory(x(t),y(t),z(t))",certified relay position at same global t,fixed G01,True,False
Q2-006,794,9773.650691124634,9774.088861070028,"trajectory(x(t),y(t),z(t))",certified relay position at same global t,fixed G01,True,False
Q2-006,795,9774.088861070028,9774.527031015421,"trajectory(x(t),y(t),z(t))",certified relay position at same global t,fixed G01,True,False
Q2-006,796,9774.527031015421,9775.173455305754,"trajectory(x(t),y(t),z(t))",certified relay position at same global t,fixed G01,True,False
Q2-006,797,9775.173455305754,9775.819879596087,"trajectory(x(t),y(t),z(t))",certified relay position at same global t,fixed G01,True,False
Q2-006,798,9775.819879596087,9776.904473831759,"trajectory(x(t),y(t),z(t))",certified relay position at same global t,fixed G01,True,False
Q2-006,799,9776.904473831759,9777.98906806743,"trajectory(x(t),y(t),z(t))",certified relay position at same global t,fixed G01,True,False
Q2-006,800,9777.98906806743,9778.374995523542,"trajectory(x(t),y(t),z(t))",certified relay position at same global t,fixed G01,True,False
Q2-006,801,9778.374995523542,9778.760922979653,"trajectory(x(t),y(t),z(t))",certified relay position at same global t,fixed G01,True,False
Q2-006,802,9778.760922979653,9779.459589759268,"trajectory(x(t),y(t),z(t))",certified relay position at same global t,fixed G01,True,False
Q2-006,803,9779.459589759268,9780.158256538884,"trajectory(x(t),y(t),z(t))",certified relay position at same global t,fixed G01,True,False
Q2-006,804,9780.158256538884,9781.242850774612,"trajectory(x(t),y(t),z(t))",certified relay position at same global t,fixed G01,True,False
Q2-006,805,9781.242850774612,9782.32744501034,"trajectory(x(t),y(t),z(t))",certified relay position at same global t,fixed G01,True,False
Q2-006,806,9782.32744501034,9782.661129977114,"trajectory(x(t),y(t),z(t))",certified relay position at same global t,fixed G01,True,False
Q2-006,807,9782.661129977114,9782.994814943888,"trajectory(x(t),y(t),z(t))",certified relay position at same global t,fixed G01,True,False
Q2-006,808,9782.994814943888,9783.745724212786,"trajectory(x(t),y(t),z(t))",certified relay position at same global t,fixed G01,True,False
Q2-006,809,9783.745724212786,9784.496633481684,"trajectory(x(t),y(t),z(t))",certified relay position at same global t,fixed G01,True,False
Q2-006,810,9784.496633481684,9785.581227717412,"trajectory(x(t),y(t),z(t))",certified relay position at same global t,fixed G01,True,False
Q2-006,811,9785.581227717412,9786.66582195314,"trajectory(x(t),y(t),z(t))",certified relay position at same global t,fixed G01,True,False
Q2-006,812,9786.66582195314,9786.947264430604,"trajectory(x(t),y(t),z(t))",certified relay position at same global t,fixed G01,True,False
Q2-006,813,9786.947264430604,9787.228706908068,"trajectory(x(t),y(t),z(t))",certified relay position at same global t,fixed G01,True,False
Q2-006,814,9787.228706908068,9788.031858666332,"trajectory(x(t),y(t),z(t))",certified relay position at same global t,fixed G01,True,False
Q2-006,815,9788.031858666332,9788.835010424596,"trajectory(x(t),y(t),z(t))",certified relay position at same global t,fixed G01,True,False
Q2-006,816,9788.835010424596,9789.919604660268,"trajectory(x(t),y(t),z(t))",certified relay position at same global t,fixed G01,True,False
Q2-006,817,9789.919604660268,9791.00419889594,"trajectory(x(t),y(t),z(t))",certified relay position at same global t,fixed G01,True,False
Q2-006,818,9791.00419889594,9791.23339888415,"trajectory(x(t),y(t),z(t))",certified relay position at same global t,fixed G01,True,False
Q2-006,819,9791.23339888415,9791.462598872358,"trajectory(x(t),y(t),z(t))",certified relay position at same global t,fixed G01,True,False
Q2-006,820,9791.462598872358,9792.317993119932,"trajectory(x(t),y(t),z(t))",certified relay position at same global t,fixed G01,True,False
Q2-006,821,9792.317993119932,9793.173387367506,"trajectory(x(t),y(t),z(t))",certified relay position at same global t,fixed G01,True,False
Q2-006,822,9793.173387367506,9794.257981603178,"trajectory(x(t),y(t),z(t))",certified relay position at same global t,fixed G01,True,False
Q2-006,823,9794.257981603178,9795.34257583885,"trajectory(x(t),y(t),z(t))",certified relay position at same global t,fixed G01,True,False
Q2-006,824,9795.34257583885,9795.519533337694,"trajectory(x(t),y(t),z(t))",certified relay position at same global t,fixed G01,True,False
Q2-006,825,9795.519533337694,9795.696490836539,"trajectory(x(t),y(t),z(t))",certified relay position at same global t,fixed G01,True,False
Q2-006,826,9795.696490836539,9796.604127573368,"trajectory(x(t),y(t),z(t))",certified relay position at same global t,fixed G01,True,False
Q2-006,827,9796.604127573368,9797.511764310197,"trajectory(x(t),y(t),z(t))",certified relay position at same global t,fixed G01,True,False
Q2-006,828,9797.511764310197,9798.59635854598,"trajectory(x(t),y(t),z(t))",certified relay position at same global t,fixed G01,True,False
Q2-006,829,9798.59635854598,9799.680952781762,"trajectory(x(t),y(t),z(t))",certified relay position at same global t,fixed G01,True,False
Q2-006,830,9799.680952781762,9799.805667791241,"trajectory(x(t),y(t),z(t))",certified relay position at same global t,fixed G01,True,False
Q2-006,831,9799.805667791241,9799.93038280072,"trajectory(x(t),y(t),z(t))",certified relay position at same global t,fixed G01,True,False
Q2-006,832,9799.93038280072,9800.890262026913,"trajectory(x(t),y(t),z(t))",certified relay position at same global t,fixed G01,True,False
Q2-006,833,9800.890262026913,9801.850141253106,"trajectory(x(t),y(t),z(t))",certified relay position at same global t,fixed G01,True,False
Q2-006,834,9801.850141253106,9802.934735488778,"trajectory(x(t),y(t),z(t))",certified relay position at same global t,fixed G01,True,False
Q2-006,835,9802.934735488778,9804.01932972445,"trajectory(x(t),y(t),z(t))",certified relay position at same global t,fixed G01,True,False
Q2-006,836,9804.01932972445,9804.09180224473,"trajectory(x(t),y(t),z(t))",certified relay position at same global t,fixed G01,True,False
Q2-006,837,9804.09180224473,9804.16427476501,"trajectory(x(t),y(t),z(t))",certified relay position at same global t,fixed G01,True,False
Q2-006,838,9804.16427476501,9805.176396480514,"trajectory(x(t),y(t),z(t))",certified relay position at same global t,fixed G01,True,False
Q2-006,839,9805.176396480514,9806.188518196019,"trajectory(x(t),y(t),z(t))",certified relay position at same global t,fixed G01,True,False
Q2-006,840,9806.188518196019,9807.27311243169,"trajectory(x(t),y(t),z(t))",certified relay position at same global t,fixed G01,True,False
Q2-006,841,9807.27311243169,9808.357706667362,"trajectory(x(t),y(t),z(t))",certified relay position at same global t,fixed G01,True,False
Q2-006,842,9808.357706667362,9808.377936698276,"trajectory(x(t),y(t),z(t))",certified relay position at same global t,fixed G01,True,False
Q2-006,843,9808.377936698276,9808.39816672919,"trajectory(x(t),y(t),z(t))",certified relay position at same global t,fixed G01,True,False
Q2-006,844,9808.39816672919,9809.462530933948,"trajectory(x(t),y(t),z(t))",certified relay position at same global t,fixed G01,True,False
Q2-006,845,9809.462530933948,9810.526895138706,"trajectory(x(t),y(t),z(t))",certified relay position at same global t,fixed G01,True,False
Q2-006,846,9810.526895138706,9811.579476916066,"trajectory(x(t),y(t),z(t))",certified relay position at same global t,fixed G01,True,False
Q2-006,847,9811.579476916066,9812.632058693425,"trajectory(x(t),y(t),z(t))",certified relay position at same global t,fixed G01,True,False
Q2-006,848,9812.632058693425,9812.664071151848,"trajectory(x(t),y(t),z(t))",certified relay position at same global t,fixed G01,True,False
Q2-006,849,9812.664071151848,9812.696083610272,"trajectory(x(t),y(t),z(t))",certified relay position at same global t,fixed G01,True,False
Q2-006,850,9812.696083610272,9813.780677845944,"trajectory(x(t),y(t),z(t))",certified relay position at same global t,fixed G01,True,False
Q2-006,851,9813.780677845944,9814.865272081615,"trajectory(x(t),y(t),z(t))",certified relay position at same global t,fixed G01,True,False
Q2-006,852,9814.865272081615,9815.865611369638,"trajectory(x(t),y(t),z(t))",certified relay position at same global t,fixed G01,True,False
Q2-006,853,9815.865611369638,9816.86595065766,"trajectory(x(t),y(t),z(t))",certified relay position at same global t,fixed G01,True,False
Q2-006,854,9816.86595065766,9816.950205605312,"trajectory(x(t),y(t),z(t))",certified relay position at same global t,fixed G01,True,False
Q2-006,855,9816.950205605312,9817.034460552963,"trajectory(x(t),y(t),z(t))",certified relay position at same global t,fixed G01,True,False
Q2-006,856,9817.034460552963,9818.119054788745,"trajectory(x(t),y(t),z(t))",certified relay position at same global t,fixed G01,True,False
Q2-006,857,9818.119054788745,9819.203649024528,"trajectory(x(t),y(t),z(t))",certified relay position at same global t,fixed G01,True,False
Q2-006,858,9819.203649024528,9820.151745823185,"trajectory(x(t),y(t),z(t))",certified relay position at same global t,fixed G01,True,False
Q2-006,859,9820.151745823185,9821.099842621841,"trajectory(x(t),y(t),z(t))",certified relay position at same global t,fixed G01,True,False
Q2-006,860,9821.099842621841,9821.236340058857,"trajectory(x(t),y(t),z(t))",certified relay position at same global t,fixed G01,True,False
Q2-006,861,9821.236340058857,9821.372837495872,"trajectory(x(t),y(t),z(t))",certified relay position at same global t,fixed G01,True,False
Q2-006,862,9821.372837495872,9822.457431731544,"trajectory(x(t),y(t),z(t))",certified relay position at same global t,fixed G01,True,False
Q2-006,863,9822.457431731544,9823.542025967216,"trajectory(x(t),y(t),z(t))",certified relay position at same global t,fixed G01,True,False
Q2-006,864,9823.542025967216,9824.437880276646,"trajectory(x(t),y(t),z(t))",certified relay position at same global t,fixed G01,True,False
Q2-006,865,9824.437880276646,9825.333734586076,"trajectory(x(t),y(t),z(t))",certified relay position at same global t,fixed G01,True,False
Q2-006,866,9825.333734586076,9825.52247451243,"trajectory(x(t),y(t),z(t))",certified relay position at same global t,fixed G01,True,False
Q2-006,867,9825.52247451243,9825.711214438785,"trajectory(x(t),y(t),z(t))",certified relay position at same global t,fixed G01,True,False
Q2-006,868,9825.711214438785,9826.795808674457,"trajectory(x(t),y(t),z(t))",certified relay position at same global t,fixed G01,True,False
Q2-006,869,9826.795808674457,9827.880402910128,"trajectory(x(t),y(t),z(t))",certified relay position at same global t,fixed G01,True,False
Q2-006,870,9827.880402910128,9828.72401473022,"trajectory(x(t),y(t),z(t))",certified relay position at same global t,fixed G01,True,False
Q2-006,871,9828.72401473022,9829.567626550312,"trajectory(x(t),y(t),z(t))",certified relay position at same global t,fixed G01,True,False
Q2-006,872,9829.567626550312,9829.808608965892,"trajectory(x(t),y(t),z(t))",certified relay position at same global t,fixed G01,True,False
Q2-006,873,9829.808608965892,9830.049591381472,"trajectory(x(t),y(t),z(t))",certified relay position at same global t,fixed G01,True,False
Q2-006,874,9830.049591381472,9831.134185617255,"trajectory(x(t),y(t),z(t))",certified relay position at same global t,fixed G01,True,False
Q2-006,875,9831.134185617255,9832.218779853038,"trajectory(x(t),y(t),z(t))",certified relay position at same global t,fixed G01,True,False
Q2-006,876,9832.218779853038,9833.010149183765,"trajectory(x(t),y(t),z(t))",certified relay position at same global t,fixed G01,True,False
Q2-006,877,9833.010149183765,9833.801518514492,"trajectory(x(t),y(t),z(t))",certified relay position at same global t,fixed G01,True,False
Q2-006,878,9833.801518514492,9834.094743419437,"trajectory(x(t),y(t),z(t))",certified relay position at same global t,fixed G01,True,False
Q2-006,879,9834.094743419437,9834.387968324381,"trajectory(x(t),y(t),z(t))",certified relay position at same global t,fixed G01,True,False
Q2-006,880,9834.387968324381,9835.47256256011,"trajectory(x(t),y(t),z(t))",certified relay position at same global t,fixed G01,True,False
Q2-006,881,9835.47256256011,9836.557156795838,"trajectory(x(t),y(t),z(t))",certified relay position at same global t,fixed G01,True,False
Q2-006,882,9836.557156795838,9837.29628363731,"trajectory(x(t),y(t),z(t))",certified relay position at same global t,fixed G01,True,False
Q2-006,883,9837.29628363731,9838.035410478782,"trajectory(x(t),y(t),z(t))",certified relay position at same global t,fixed G01,True,False
Q2-006,884,9838.035410478782,9838.380877873038,"trajectory(x(t),y(t),z(t))",certified relay position at same global t,fixed G01,True,False
Q2-006,885,9838.380877873038,9838.726345267294,"trajectory(x(t),y(t),z(t))",certified relay position at same global t,fixed G01,True,False
Q2-006,886,9838.726345267294,9839.810939502966,"trajectory(x(t),y(t),z(t))",certified relay position at same global t,fixed G01,True,False
Q2-006,887,9839.810939502966,9840.895533738638,"trajectory(x(t),y(t),z(t))",certified relay position at same global t,fixed G01,True,False
Q2-006,888,9840.895533738638,9841.5824180908,"trajectory(x(t),y(t),z(t))",certified relay position at same global t,fixed G01,True,False
Q2-006,889,9841.5824180908,9842.269302442963,"trajectory(x(t),y(t),z(t))",certified relay position at same global t,fixed G01,True,False
Q2-006,890,9842.269302442963,9842.667012326528,"trajectory(x(t),y(t),z(t))",certified relay position at same global t,fixed G01,True,False
Q2-006,891,9842.667012326528,9843.064722210094,"trajectory(x(t),y(t),z(t))",certified relay position at same global t,fixed G01,True,False
Q2-006,892,9843.064722210094,9844.149316445822,"trajectory(x(t),y(t),z(t))",certified relay position at same global t,fixed G01,True,False
Q2-006,893,9844.149316445822,9845.23391068155,"trajectory(x(t),y(t),z(t))",certified relay position at same global t,fixed G01,True,False
Q2-006,894,9845.23391068155,9845.868552544349,"trajectory(x(t),y(t),z(t))",certified relay position at same global t,fixed G01,True,False
Q2-006,895,9845.868552544349,9846.503194407147,"trajectory(x(t),y(t),z(t))",certified relay position at same global t,fixed G01,True,False
Q2-006,896,9846.503194407147,9846.953146780023,"trajectory(x(t),y(t),z(t))",certified relay position at same global t,fixed G01,True,False
Q2-006,897,9846.953146780023,9847.403099152898,"trajectory(x(t),y(t),z(t))",certified relay position at same global t,fixed G01,True,False
Q2-006,898,9847.403099152898,9848.487693388626,"trajectory(x(t),y(t),z(t))",certified relay position at same global t,fixed G01,True,False
Q2-006,899,9848.487693388626,9849.572287624354,"trajectory(x(t),y(t),z(t))",certified relay position at same global t,fixed G01,True,False
Q2-006,900,9849.572287624354,9850.154686997896,"trajectory(x(t),y(t),z(t))",certified relay position at same global t,fixed G01,True,False
Q2-006,901,9850.154686997896,9850.737086371437,"trajectory(x(t),y(t),z(t))",certified relay position at same global t,fixed G01,True,False
Q2-006,902,9850.737086371437,9851.239281233622,"trajectory(x(t),y(t),z(t))",certified relay position at same global t,fixed G01,True,False
Q2-006,903,9851.239281233622,9851.741476095807,"trajectory(x(t),y(t),z(t))",certified relay position at same global t,fixed G01,True,False
Q2-006,904,9851.741476095807,9852.826070331479,"trajectory(x(t),y(t),z(t))",certified relay position at same global t,fixed G01,True,False
Q2-006,905,9852.826070331479,9853.91066456715,"trajectory(x(t),y(t),z(t))",certified relay position at same global t,fixed G01,True,False
Q2-006,906,9853.91066456715,9854.440821451384,"trajectory(x(t),y(t),z(t))",certified relay position at same global t,fixed G01,True,False
Q2-006,907,9854.440821451384,9854.970978335617,"trajectory(x(t),y(t),z(t))",certified relay position at same global t,fixed G01,True,False
Q2-006,908,9854.970978335617,9855.525415687112,"trajectory(x(t),y(t),z(t))",certified relay position at same global t,fixed G01,True,False
Q2-006,909,9855.525415687112,9856.079853038607,"trajectory(x(t),y(t),z(t))",certified relay position at same global t,fixed G01,True,False
Q2-006,910,9856.079853038607,9857.164447274336,"trajectory(x(t),y(t),z(t))",certified relay position at same global t,fixed G01,True,False
Q2-006,911,9857.164447274336,9858.249041510064,"trajectory(x(t),y(t),z(t))",certified relay position at same global t,fixed G01,True,False
Q2-006,912,9858.249041510064,9858.726955904958,"trajectory(x(t),y(t),z(t))",certified relay position at same global t,fixed G01,True,False
Q2-006,913,9858.726955904958,9859.204870299853,"trajectory(x(t),y(t),z(t))",certified relay position at same global t,fixed G01,True,False
Q2-006,914,9859.204870299853,9859.81155014063,"trajectory(x(t),y(t),z(t))",certified relay position at same global t,fixed G01,True,False
Q2-006,915,9859.81155014063,9860.418229981407,"trajectory(x(t),y(t),z(t))",certified relay position at same global t,fixed G01,True,False
Q2-006,916,9860.418229981407,9861.502824217136,"trajectory(x(t),y(t),z(t))",certified relay position at same global t,fixed G01,True,False
Q2-006,917,9861.502824217136,9862.587418452864,"trajectory(x(t),y(t),z(t))",certified relay position at same global t,fixed G01,True,False
Q2-006,918,9862.587418452864,9863.013090358476,"trajectory(x(t),y(t),z(t))",certified relay position at same global t,fixed G01,True,False
Q2-006,919,9863.013090358476,9863.438762264088,"trajectory(x(t),y(t),z(t))",certified relay position at same global t,fixed G01,True,False
Q2-006,920,9863.438762264088,9864.097684594204,"trajectory(x(t),y(t),z(t))",certified relay position at same global t,fixed G01,True,False
Q2-006,921,9864.097684594204,9864.75660692432,"trajectory(x(t),y(t),z(t))",certified relay position at same global t,fixed G01,True,False
Q2-006,922,9864.75660692432,9865.841201159992,"trajectory(x(t),y(t),z(t))",certified relay position at same global t,fixed G01,True,False
Q2-006,923,9865.841201159992,9866.925795395664,"trajectory(x(t),y(t),z(t))",certified relay position at same global t,fixed G01,True,False
Q2-006,924,9866.925795395664,9867.299224811966,"trajectory(x(t),y(t),z(t))",certified relay position at same global t,fixed G01,True,False
Q2-006,925,9867.299224811966,9867.672654228269,"trajectory(x(t),y(t),z(t))",certified relay position at same global t,fixed G01,True,False
Q2-006,926,9867.672654228269,9868.383819047749,"trajectory(x(t),y(t),z(t))",certified relay position at same global t,fixed G01,True,False
Q2-006,927,9868.383819047749,9869.09498386723,"trajectory(x(t),y(t),z(t))",certified relay position at same global t,fixed G01,True,False
Q2-006,928,9869.09498386723,9870.179578102901,"trajectory(x(t),y(t),z(t))",certified relay position at same global t,fixed G01,True,False
Q2-006,929,9870.179578102901,9871.264172338573,"trajectory(x(t),y(t),z(t))",certified relay position at same global t,fixed G01,True,False
Q2-006,930,9871.264172338573,9871.585359265566,"trajectory(x(t),y(t),z(t))",certified relay position at same global t,fixed G01,True,False
Q2-006,931,9871.585359265566,9871.906546192558,"trajectory(x(t),y(t),z(t))",certified relay position at same global t,fixed G01,True,False
Q2-006,932,9871.906546192558,9872.66995350124,"trajectory(x(t),y(t),z(t))",certified relay position at same global t,fixed G01,True,False
Q2-006,933,9872.66995350124,9873.43336080992,"trajectory(x(t),y(t),z(t))",certified relay position at same global t,fixed G01,True,False
Q2-006,934,9873.43336080992,9874.517955045703,"trajectory(x(t),y(t),z(t))",certified relay position at same global t,fixed G01,True,False
Q2-006,935,9874.517955045703,9875.602549281486,"trajectory(x(t),y(t),z(t))",certified relay position at same global t,fixed G01,True,False
Q2-006,936,9875.602549281486,9875.871493719113,"trajectory(x(t),y(t),z(t))",certified relay position at same global t,fixed G01,True,False
Q2-006,937,9875.871493719113,9876.140438156739,"trajectory(x(t),y(t),z(t))",certified relay position at same global t,fixed G01,True,False
Q2-006,938,9876.140438156739,9876.956087954784,"trajectory(x(t),y(t),z(t))",certified relay position at same global t,fixed G01,True,False
Q2-006,939,9876.956087954784,9877.77173775283,"trajectory(x(t),y(t),z(t))",certified relay position at same global t,fixed G01,True,False
Q2-006,940,9877.77173775283,9878.856331988502,"trajectory(x(t),y(t),z(t))",certified relay position at same global t,fixed G01,True,False
Q2-006,941,9878.856331988502,9879.940926224173,"trajectory(x(t),y(t),z(t))",certified relay position at same global t,fixed G01,True,False
Q2-006,942,9879.940926224173,9880.157628172547,"trajectory(x(t),y(t),z(t))",certified relay position at same global t,fixed G01,True,False
Q2-006,943,9880.157628172547,9880.37433012092,"trajectory(x(t),y(t),z(t))",certified relay position at same global t,fixed G01,True,False
Q2-006,944,9880.37433012092,9881.24222240833,"trajectory(x(t),y(t),z(t))",certified relay position at same global t,fixed G01,True,False
Q2-006,945,9881.24222240833,9882.110114695739,"trajectory(x(t),y(t),z(t))",certified relay position at same global t,fixed G01,True,False
Q2-006,946,9882.110114695739,9883.19470893141,"trajectory(x(t),y(t),z(t))",certified relay position at same global t,fixed G01,True,False
Q2-006,947,9883.19470893141,9884.279303167083,"trajectory(x(t),y(t),z(t))",certified relay position at same global t,fixed G01,True,False
Q2-006,948,9884.279303167083,9884.443762626144,"trajectory(x(t),y(t),z(t))",certified relay position at same global t,fixed G01,True,False
Q2-006,949,9884.443762626144,9884.608222085206,"trajectory(x(t),y(t),z(t))",certified relay position at same global t,fixed G01,True,False
Q2-006,950,9884.608222085206,9885.528356861816,"trajectory(x(t),y(t),z(t))",certified relay position at same global t,fixed G01,True,False
Q2-006,951,9885.528356861816,9886.448491638426,"trajectory(x(t),y(t),z(t))",certified relay position at same global t,fixed G01,True,False
Q2-006,952,9886.448491638426,9887.533085874209,"trajectory(x(t),y(t),z(t))",certified relay position at same global t,fixed G01,True,False
Q2-006,953,9887.533085874209,9888.617680109992,"trajectory(x(t),y(t),z(t))",certified relay position at same global t,fixed G01,True,False
Q2-006,954,9888.617680109992,9888.72989707969,"trajectory(x(t),y(t),z(t))",certified relay position at same global t,fixed G01,True,False
Q2-006,955,9888.72989707969,9888.842114049387,"trajectory(x(t),y(t),z(t))",certified relay position at same global t,fixed G01,True,False
Q2-006,956,9888.842114049387,9889.814491315361,"trajectory(x(t),y(t),z(t))",certified relay position at same global t,fixed G01,True,False
Q2-006,957,9889.814491315361,9890.786868581336,"trajectory(x(t),y(t),z(t))",certified relay position at same global t,fixed G01,True,False
Q2-006,958,9890.786868581336,9891.871462817007,"trajectory(x(t),y(t),z(t))",certified relay position at same global t,fixed G01,True,False
Q2-006,959,9891.871462817007,9892.95605705268,"trajectory(x(t),y(t),z(t))",certified relay position at same global t,fixed G01,True,False
Q2-006,960,9892.95605705268,9893.016031533149,"trajectory(x(t),y(t),z(t))",certified relay position at same global t,fixed G01,True,False
Q2-006,961,9893.016031533149,9893.076006013618,"trajectory(x(t),y(t),z(t))",certified relay position at same global t,fixed G01,True,False
Q2-006,962,9893.076006013618,9894.100625768931,"trajectory(x(t),y(t),z(t))",certified relay position at same global t,fixed G01,True,False
Q2-006,963,9894.100625768931,9895.125245524245,"trajectory(x(t),y(t),z(t))",certified relay position at same global t,fixed G01,True,False
Q2-006,964,9895.125245524245,9896.209839759917,"trajectory(x(t),y(t),z(t))",certified relay position at same global t,fixed G01,True,False
Q2-006,965,9896.209839759917,9897.294433995588,"trajectory(x(t),y(t),z(t))",certified relay position at same global t,fixed G01,True,False
Q2-006,966,9897.294433995588,9897.30216598672,"trajectory(x(t),y(t),z(t))",certified relay position at same global t,fixed G01,True,False
Q2-006,967,9897.30216598672,9897.309897977853,"trajectory(x(t),y(t),z(t))",certified relay position at same global t,fixed G01,True,False
Q2-006,968,9897.309897977853,9898.386760222393,"trajectory(x(t),y(t),z(t))",certified relay position at same global t,fixed G01,True,False
Q2-006,969,9898.386760222393,9899.463622466932,"trajectory(x(t),y(t),z(t))",certified relay position at same global t,fixed G01,True,False
Q2-006,970,9899.463622466932,9900.503706204483,"trajectory(x(t),y(t),z(t))",certified relay position at same global t,fixed G01,True,False
Q2-006,971,9900.503706204483,9901.543789942034,"trajectory(x(t),y(t),z(t))",certified relay position at same global t,fixed G01,True,False
Q2-006,972,9901.543789942034,9901.588300440266,"trajectory(x(t),y(t),z(t))",certified relay position at same global t,fixed G01,True,False
Q2-006,973,9901.588300440266,9901.632810938498,"trajectory(x(t),y(t),z(t))",certified relay position at same global t,fixed G01,True,False
Q2-006,974,9901.632810938498,9902.71740517417,"trajectory(x(t),y(t),z(t))",certified relay position at same global t,fixed G01,True,False
Q2-006,975,9902.71740517417,9903.801999409841,"trajectory(x(t),y(t),z(t))",certified relay position at same global t,fixed G01,True,False
Q2-006,976,9903.801999409841,9904.78984065808,"trajectory(x(t),y(t),z(t))",certified relay position at same global t,fixed G01,True,False
Q2-006,977,9904.78984065808,9905.77768190632,"trajectory(x(t),y(t),z(t))",certified relay position at same global t,fixed G01,True,False
Q2-006,978,9905.77768190632,9905.874434893753,"trajectory(x(t),y(t),z(t))",certified relay position at same global t,fixed G01,True,False
Q2-006,979,9905.874434893753,9905.971187881185,"trajectory(x(t),y(t),z(t))",certified relay position at same global t,fixed G01,True,False
Q2-006,980,9905.971187881185,9907.055782116968,"trajectory(x(t),y(t),z(t))",certified relay position at same global t,fixed G01,True,False
Q2-006,981,9907.055782116968,9908.14037635275,"trajectory(x(t),y(t),z(t))",certified relay position at same global t,fixed G01,True,False
Q2-006,982,9908.14037635275,9909.075975111626,"trajectory(x(t),y(t),z(t))",certified relay position at same global t,fixed G01,True,False
Q2-006,983,9909.075975111626,9910.0115738705,"trajectory(x(t),y(t),z(t))",certified relay position at same global t,fixed G01,True,False
Q2-006,984,9910.0115738705,9910.160569347297,"trajectory(x(t),y(t),z(t))",certified relay position at same global t,fixed G01,True,False
Q2-006,985,9910.160569347297,9910.309564824094,"trajectory(x(t),y(t),z(t))",certified relay position at same global t,fixed G01,True,False
Q2-006,986,9910.309564824094,9911.394159059822,"trajectory(x(t),y(t),z(t))",certified relay position at same global t,fixed G01,True,False
Q2-006,987,9911.394159059822,9912.47875329555,"trajectory(x(t),y(t),z(t))",certified relay position at same global t,fixed G01,True,False
Q2-006,988,9912.47875329555,9913.362109565116,"trajectory(x(t),y(t),z(t))",certified relay position at same global t,fixed G01,True,False
Q2-006,989,9913.362109565116,9914.245465834681,"trajectory(x(t),y(t),z(t))",certified relay position at same global t,fixed G01,True,False
Q2-007,282,10432.113489761865,10432.505916447555,"trajectory(x(t),y(t),z(t))",certified relay position at same global t,fixed G01,True,True
Q2-007,283,10432.505916447555,10433.14792368366,"trajectory(x(t),y(t),z(t))",certified relay position at same global t,fixed G01,True,True
Q2-007,284,10433.14792368366,10433.789930919766,"trajectory(x(t),y(t),z(t))",certified relay position at same global t,fixed G01,True,True
Q2-007,285,10433.789930919766,10434.824364841561,"trajectory(x(t),y(t),z(t))",certified relay position at same global t,fixed G01,True,True
Q2-007,286,10434.824364841561,10435.858798763356,"trajectory(x(t),y(t),z(t))",certified relay position at same global t,fixed G01,True,True
Q2-007,287,10435.858798763356,10436.89323268518,"trajectory(x(t),y(t),z(t))",certified relay position at same global t,fixed G01,True,True
Q2-007,288,10436.89323268518,10437.927666607002,"trajectory(x(t),y(t),z(t))",certified relay position at same global t,fixed G01,True,True
Q2-007,289,10437.927666607002,10438.962100528797,"trajectory(x(t),y(t),z(t))",certified relay position at same global t,fixed G01,True,True
Q2-007,290,10438.962100528797,10439.996534450593,"trajectory(x(t),y(t),z(t))",certified relay position at same global t,fixed G01,True,True
Q2-007,291,10439.996534450593,10441.0309683724,"trajectory(x(t),y(t),z(t))",certified relay position at same global t,fixed G01,True,True
Q2-007,292,10441.0309683724,10442.065402294209,"trajectory(x(t),y(t),z(t))",certified relay position at same global t,fixed G01,True,True
Q2-007,293,10442.065402294209,10443.099836216017,"trajectory(x(t),y(t),z(t))",certified relay position at same global t,fixed G01,True,True
Q2-007,294,10443.099836216017,10444.134270137825,"trajectory(x(t),y(t),z(t))",certified relay position at same global t,fixed G01,True,True
Q2-007,295,10444.134270137825,10445.16870405962,"trajectory(x(t),y(t),z(t))",certified relay position at same global t,fixed G01,True,True
Q2-007,296,10445.16870405962,10446.203137981416,"trajectory(x(t),y(t),z(t))",certified relay position at same global t,fixed G01,True,True
Q2-007,297,10446.203137981416,10447.237571903239,"trajectory(x(t),y(t),z(t))",certified relay position at same global t,fixed G01,True,True
Q2-007,298,10447.237571903239,10448.272005825062,"trajectory(x(t),y(t),z(t))",certified relay position at same global t,fixed G01,True,True
Q2-007,299,10448.272005825062,10449.306439746857,"trajectory(x(t),y(t),z(t))",certified relay position at same global t,fixed G01,True,True
Q2-007,300,10449.306439746857,10450.340873668652,"trajectory(x(t),y(t),z(t))",certified relay position at same global t,fixed G01,True,True
Q2-007,301,10450.340873668652,10451.22151099465,"trajectory(x(t),y(t),z(t))",certified relay position at same global t,fixed G01,True,True
Q2-007,302,10451.22151099465,10452.102148320648,"trajectory(x(t),y(t),z(t))",certified relay position at same global t,fixed G01,True,True
Q2-007,303,10452.102148320648,10452.255944916446,"trajectory(x(t),y(t),z(t))",certified relay position at same global t,fixed G01,True,True
Q2-007,304,10452.255944916446,10452.409741512243,"trajectory(x(t),y(t),z(t))",certified relay position at same global t,fixed G01,True,True
Q2-007,305,10452.409741512243,10453.444175434066,"trajectory(x(t),y(t),z(t))",certified relay position at same global t,fixed G01,True,True
Q2-007,306,10453.444175434066,10454.478609355889,"trajectory(x(t),y(t),z(t))",certified relay position at same global t,fixed G01,True,True
Q2-007,307,10454.478609355889,10455.513043277684,"trajectory(x(t),y(t),z(t))",certified relay position at same global t,fixed G01,True,True
Q2-007,308,10455.513043277684,10456.54747719948,"trajectory(x(t),y(t),z(t))",certified relay position at same global t,fixed G01,True,True
Q2-007,309,10456.54747719948,10457.581911121288,"trajectory(x(t),y(t),z(t))",certified relay position at same global t,fixed G01,True,True
Q2-007,310,10457.581911121288,10458.616345043096,"trajectory(x(t),y(t),z(t))",certified relay position at same global t,fixed G01,True,True
Q2-007,311,10458.616345043096,10459.650778964904,"trajectory(x(t),y(t),z(t))",certified relay position at same global t,fixed G01,True,True
Q2-007,312,10459.650778964904,10460.685212886712,"trajectory(x(t),y(t),z(t))",certified relay position at same global t,fixed G01,True,True
Q2-007,313,10460.685212886712,10461.719646808508,"trajectory(x(t),y(t),z(t))",certified relay position at same global t,fixed G01,True,True
Q2-007,314,10461.719646808508,10462.754080730303,"trajectory(x(t),y(t),z(t))",certified relay position at same global t,fixed G01,True,True
Q2-007,315,10462.754080730303,10463.788514652126,"trajectory(x(t),y(t),z(t))",certified relay position at same global t,fixed G01,True,True
Q2-007,316,10463.788514652126,10464.822948573948,"trajectory(x(t),y(t),z(t))",certified relay position at same global t,fixed G01,True,True
Q2-007,317,10464.822948573948,10465.857382495744,"trajectory(x(t),y(t),z(t))",certified relay position at same global t,fixed G01,True,True
Q2-007,318,10465.857382495744,10466.89181641754,"trajectory(x(t),y(t),z(t))",certified relay position at same global t,fixed G01,True,True
Q2-007,319,10466.89181641754,10467.926250339335,"trajectory(x(t),y(t),z(t))",certified relay position at same global t,fixed G01,True,True
Q2-007,320,10467.926250339335,10468.96068426113,"trajectory(x(t),y(t),z(t))",certified relay position at same global t,fixed G01,True,True
Q2-007,321,10468.96068426113,10469.995118182953,"trajectory(x(t),y(t),z(t))",certified relay position at same global t,fixed G01,True,True
Q2-007,322,10469.995118182953,10471.029552104776,"trajectory(x(t),y(t),z(t))",certified relay position at same global t,fixed G01,True,True
Q2-007,323,10471.029552104776,10471.363966149258,"trajectory(x(t),y(t),z(t))",certified relay position at same global t,fixed G01,True,True
Q2-007,324,10471.363966149258,10471.69838019374,"trajectory(x(t),y(t),z(t))",certified relay position at same global t,fixed G01,True,True
Q2-007,325,10471.69838019374,10472.398400071053,"trajectory(x(t),y(t),z(t))",certified relay position at same global t,fixed G01,True,True
Q2-007,326,10472.398400071053,10473.098419948366,"trajectory(x(t),y(t),z(t))",certified relay position at same global t,fixed G01,True,True
Q2-007,327,10473.098419948366,10474.132853870162,"trajectory(x(t),y(t),z(t))",certified relay position at same global t,fixed G01,True,True
Q2-007,328,10474.132853870162,10475.167287791957,"trajectory(x(t),y(t),z(t))",certified relay position at same global t,fixed G01,True,True
Q2-007,329,10475.167287791957,10476.20172171378,"trajectory(x(t),y(t),z(t))",certified relay position at same global t,fixed G01,True,True
Q2-007,330,10476.20172171378,10477.236155635603,"trajectory(x(t),y(t),z(t))",certified relay position at same global t,fixed G01,True,True
Q2-007,331,10477.236155635603,10478.270589557398,"trajectory(x(t),y(t),z(t))",certified relay position at same global t,fixed G01,True,True
Q2-007,332,10478.270589557398,10479.305023479194,"trajectory(x(t),y(t),z(t))",certified relay position at same global t,fixed G01,True,True
Q2-007,333,10479.305023479194,10480.339457401002,"trajectory(x(t),y(t),z(t))",certified relay position at same global t,fixed G01,True,True
Q2-007,334,10480.339457401002,10481.37389132281,"trajectory(x(t),y(t),z(t))",certified relay position at same global t,fixed G01,True,True
Q2-007,335,10481.37389132281,10482.408325244618,"trajectory(x(t),y(t),z(t))",certified relay position at same global t,fixed G01,True,True
Q2-007,336,10482.408325244618,10483.442759166426,"trajectory(x(t),y(t),z(t))",certified relay position at same global t,fixed G01,True,True
Q2-007,337,10483.442759166426,10484.477193088222,"trajectory(x(t),y(t),z(t))",certified relay position at same global t,fixed G01,True,True
Q2-007,338,10484.477193088222,10485.511627010017,"trajectory(x(t),y(t),z(t))",certified relay position at same global t,fixed G01,True,True
Q2-007,339,10485.511627010017,10486.54606093184,"trajectory(x(t),y(t),z(t))",certified relay position at same global t,fixed G01,True,True
Q2-007,340,10486.54606093184,10487.580494853662,"trajectory(x(t),y(t),z(t))",certified relay position at same global t,fixed G01,True,True
Q2-007,341,10487.580494853662,10488.614928775458,"trajectory(x(t),y(t),z(t))",certified relay position at same global t,fixed G01,True,True
Q2-007,342,10488.614928775458,10489.649362697253,"trajectory(x(t),y(t),z(t))",certified relay position at same global t,fixed G01,True,True
Q2-007,343,10489.649362697253,10490.471987383045,"trajectory(x(t),y(t),z(t))",certified relay position at same global t,fixed G01,True,True
Q2-007,344,10490.471987383045,10491.294612068838,"trajectory(x(t),y(t),z(t))",certified relay position at same global t,fixed G01,True,True
Q2-007,345,10491.294612068838,10491.50642130484,"trajectory(x(t),y(t),z(t))",certified relay position at same global t,fixed G01,True,True
Q2-007,346,10491.50642130484,10491.718230540844,"trajectory(x(t),y(t),z(t))",certified relay position at same global t,fixed G01,True,True
Q2-007,347,10491.718230540844,10492.752664462667,"trajectory(x(t),y(t),z(t))",certified relay position at same global t,fixed G01,True,True
Q2-007,348,10492.752664462667,10493.78709838449,"trajectory(x(t),y(t),z(t))",certified relay position at same global t,fixed G01,True,True
Q2-007,349,10493.78709838449,10494.821532306285,"trajectory(x(t),y(t),z(t))",certified relay position at same global t,fixed G01,True,True
Q2-007,350,10494.821532306285,10495.85596622808,"trajectory(x(t),y(t),z(t))",certified relay position at same global t,fixed G01,True,True
Q2-007,351,10495.85596622808,10496.890400149889,"trajectory(x(t),y(t),z(t))",certified relay position at same global t,fixed G01,True,True
Q2-007,352,10496.890400149889,10497.924834071697,"trajectory(x(t),y(t),z(t))",certified relay position at same global t,fixed G01,True,True
Q2-007,353,10497.924834071697,10498.959267993505,"trajectory(x(t),y(t),z(t))",certified relay position at same global t,fixed G01,True,True
Q2-007,354,10498.959267993505,10499.993701915313,"trajectory(x(t),y(t),z(t))",certified relay position at same global t,fixed G01,True,True
Q2-007,355,10499.993701915313,10501.028135837108,"trajectory(x(t),y(t),z(t))",certified relay position at same global t,fixed G01,True,True
Q2-007,356,10501.028135837108,10502.062569758904,"trajectory(x(t),y(t),z(t))",certified relay position at same global t,fixed G01,True,True
Q2-007,357,10502.062569758904,10503.097003680727,"trajectory(x(t),y(t),z(t))",certified relay position at same global t,fixed G01,True,True
Q2-007,358,10503.097003680727,10504.13143760255,"trajectory(x(t),y(t),z(t))",certified relay position at same global t,fixed G01,True,True
Q2-007,359,10504.13143760255,10505.165871524345,"trajectory(x(t),y(t),z(t))",certified relay position at same global t,fixed G01,True,True
Q2-007,360,10505.165871524345,10506.20030544614,"trajectory(x(t),y(t),z(t))",certified relay position at same global t,fixed G01,True,True
Q2-007,361,10506.20030544614,10507.234739367936,"trajectory(x(t),y(t),z(t))",certified relay position at same global t,fixed G01,True,True
Q2-007,362,10507.234739367936,10508.269173289731,"trajectory(x(t),y(t),z(t))",certified relay position at same global t,fixed G01,True,True
Q2-007,363,10508.269173289731,10509.303607211554,"trajectory(x(t),y(t),z(t))",certified relay position at same global t,fixed G01,True,True
Q2-007,364,10509.303607211554,10510.338041133376,"trajectory(x(t),y(t),z(t))",certified relay position at same global t,fixed G01,True,True
Q2-007,365,10510.338041133376,10510.614442537653,"trajectory(x(t),y(t),z(t))",certified relay position at same global t,fixed G01,True,True
Q2-007,366,10510.614442537653,10510.89084394193,"trajectory(x(t),y(t),z(t))",certified relay position at same global t,fixed G01,True,True
Q2-007,367,10510.89084394193,10511.648876459449,"trajectory(x(t),y(t),z(t))",certified relay position at same global t,fixed G01,True,True
Q2-007,368,10511.648876459449,10512.406908976967,"trajectory(x(t),y(t),z(t))",certified relay position at same global t,fixed G01,True,True
Q2-007,369,10512.406908976967,10513.441342898763,"trajectory(x(t),y(t),z(t))",certified relay position at same global t,fixed G01,True,True
Q2-007,370,10513.441342898763,10514.475776820558,"trajectory(x(t),y(t),z(t))",certified relay position at same global t,fixed G01,True,True
Q2-007,371,10514.475776820558,10515.51021074238,"trajectory(x(t),y(t),z(t))",certified relay position at same global t,fixed G01,True,True
Q2-007,372,10515.51021074238,10516.544644664204,"trajectory(x(t),y(t),z(t))",certified relay position at same global t,fixed G01,True,True
Q2-007,373,10516.544644664204,10517.579078585999,"trajectory(x(t),y(t),z(t))",certified relay position at same global t,fixed G01,True,True
Q2-007,374,10517.579078585999,10518.613512507794,"trajectory(x(t),y(t),z(t))",certified relay position at same global t,fixed G01,True,True
Q2-007,375,10518.613512507794,10519.647946429603,"trajectory(x(t),y(t),z(t))",certified relay position at same global t,fixed G01,True,True
Q2-007,376,10519.647946429603,10520.68238035141,"trajectory(x(t),y(t),z(t))",certified relay position at same global t,fixed G01,True,True
Q2-007,377,10520.68238035141,10521.716814273219,"trajectory(x(t),y(t),z(t))",certified relay position at same global t,fixed G01,True,True
Q2-007,378,10521.716814273219,10522.751248195027,"trajectory(x(t),y(t),z(t))",certified relay position at same global t,fixed G01,True,True
Q2-007,379,10522.751248195027,10523.785682116822,"trajectory(x(t),y(t),z(t))",certified relay position at same global t,fixed G01,True,True
Q2-007,380,10523.785682116822,10524.820116038618,"trajectory(x(t),y(t),z(t))",certified relay position at same global t,fixed G01,True,True
Q2-007,381,10524.820116038618,10525.85454996044,"trajectory(x(t),y(t),z(t))",certified relay position at same global t,fixed G01,True,True
Q2-007,382,10525.85454996044,10526.888983882263,"trajectory(x(t),y(t),z(t))",certified relay position at same global t,fixed G01,True,True
Q2-007,383,10526.888983882263,10527.923417804059,"trajectory(x(t),y(t),z(t))",certified relay position at same global t,fixed G01,True,True
Q2-007,384,10527.923417804059,10528.957851725854,"trajectory(x(t),y(t),z(t))",certified relay position at same global t,fixed G01,True,True
Q2-007,385,10528.957851725854,10529.722463770438,"trajectory(x(t),y(t),z(t))",certified relay position at same global t,fixed G01,True,True
Q2-007,386,10529.722463770438,10530.487075815023,"trajectory(x(t),y(t),z(t))",certified relay position at same global t,fixed G01,True,True
Q2-007,387,10530.487075815023,10530.756897692234,"trajectory(x(t),y(t),z(t))",certified relay position at same global t,fixed G01,True,True
Q2-007,388,10530.756897692234,10531.026719569445,"trajectory(x(t),y(t),z(t))",certified relay position at same global t,fixed G01,True,True
Q2-007,389,10531.026719569445,10532.061153491268,"trajectory(x(t),y(t),z(t))",certified relay position at same global t,fixed G01,True,True
Q2-007,390,10532.061153491268,10533.09558741309,"trajectory(x(t),y(t),z(t))",certified relay position at same global t,fixed G01,True,True
Q2-007,391,10533.09558741309,10534.130021334886,"trajectory(x(t),y(t),z(t))",certified relay position at same global t,fixed G01,True,True
Q2-007,392,10534.130021334886,10535.164455256681,"trajectory(x(t),y(t),z(t))",certified relay position at same global t,fixed G01,True,True
Q2-007,393,10535.164455256681,10536.19888917849,"trajectory(x(t),y(t),z(t))",certified relay position at same global t,fixed G01,True,True
Q2-007,394,10536.19888917849,10537.233323100298,"trajectory(x(t),y(t),z(t))",certified relay position at same global t,fixed G01,True,True
Q2-007,395,10537.233323100298,10538.267757022106,"trajectory(x(t),y(t),z(t))",certified relay position at same global t,fixed G01,True,True
Q2-007,396,10538.267757022106,10539.302190943914,"trajectory(x(t),y(t),z(t))",certified relay position at same global t,fixed G01,True,True
Q2-007,397,10539.302190943914,10540.33662486571,"trajectory(x(t),y(t),z(t))",certified relay position at same global t,fixed G01,True,True
Q2-007,398,10540.33662486571,10541.371058787505,"trajectory(x(t),y(t),z(t))",certified relay position at same global t,fixed G01,True,True
Q2-007,399,10541.371058787505,10542.405492709328,"trajectory(x(t),y(t),z(t))",certified relay position at same global t,fixed G01,True,True
Q2-007,400,10542.405492709328,10543.43992663115,"trajectory(x(t),y(t),z(t))",certified relay position at same global t,fixed G01,True,True
Q2-007,401,10543.43992663115,10544.474360552946,"trajectory(x(t),y(t),z(t))",certified relay position at same global t,fixed G01,True,True
Q2-007,402,10544.474360552946,10545.508794474741,"trajectory(x(t),y(t),z(t))",certified relay position at same global t,fixed G01,True,True
Q2-007,403,10545.508794474741,10546.543228396537,"trajectory(x(t),y(t),z(t))",certified relay position at same global t,fixed G01,True,True
Q2-007,404,10546.543228396537,10547.577662318332,"trajectory(x(t),y(t),z(t))",certified relay position at same global t,fixed G01,True,True
Q2-007,405,10547.577662318332,10548.612096240155,"trajectory(x(t),y(t),z(t))",certified relay position at same global t,fixed G01,True,True
Q2-007,406,10548.612096240155,10549.646530161977,"trajectory(x(t),y(t),z(t))",certified relay position at same global t,fixed G01,True,True
Q2-007,407,10549.646530161977,10549.864918926049,"trajectory(x(t),y(t),z(t))",certified relay position at same global t,fixed G01,True,True
Q2-007,408,10549.864918926049,10550.08330769012,"trajectory(x(t),y(t),z(t))",certified relay position at same global t,fixed G01,True,True
Q2-007,409,10550.08330769012,10550.899352847844,"trajectory(x(t),y(t),z(t))",certified relay position at same global t,fixed G01,True,True
Q2-007,410,10550.899352847844,10551.715398005568,"trajectory(x(t),y(t),z(t))",certified relay position at same global t,fixed G01,True,True
Q2-007,411,10551.715398005568,10552.749831927376,"trajectory(x(t),y(t),z(t))",certified relay position at same global t,fixed G01,True,True
Q2-007,412,10552.749831927376,10553.784265849185,"trajectory(x(t),y(t),z(t))",certified relay position at same global t,fixed G01,True,True
Q2-007,413,10553.784265849185,10554.818699770993,"trajectory(x(t),y(t),z(t))",certified relay position at same global t,fixed G01,True,True
Q2-007,414,10554.818699770993,10555.8531336928,"trajectory(x(t),y(t),z(t))",certified relay position at same global t,fixed G01,True,True
Q2-007,415,10555.8531336928,10556.887567614596,"trajectory(x(t),y(t),z(t))",certified relay position at same global t,fixed G01,True,True
Q2-007,416,10556.887567614596,10557.922001536392,"trajectory(x(t),y(t),z(t))",certified relay position at same global t,fixed G01,True,True
Q2-007,417,10557.922001536392,10558.9564354582,"trajectory(x(t),y(t),z(t))",certified relay position at same global t,fixed G01,True,True
Q2-007,418,10558.9564354582,10559.990869380008,"trajectory(x(t),y(t),z(t))",certified relay position at same global t,fixed G01,True,True
Q2-007,419,10559.990869380008,10561.025303301816,"trajectory(x(t),y(t),z(t))",certified relay position at same global t,fixed G01,True,True
Q2-007,420,10561.025303301816,10562.059737223624,"trajectory(x(t),y(t),z(t))",certified relay position at same global t,fixed G01,True,True
Q2-007,421,10562.059737223624,10563.09417114542,"trajectory(x(t),y(t),z(t))",certified relay position at same global t,fixed G01,True,True
Q2-007,422,10563.09417114542,10564.128605067215,"trajectory(x(t),y(t),z(t))",certified relay position at same global t,fixed G01,True,True
Q2-007,423,10564.128605067215,10565.163038989038,"trajectory(x(t),y(t),z(t))",certified relay position at same global t,fixed G01,True,True
Q2-007,424,10565.163038989038,10566.19747291086,"trajectory(x(t),y(t),z(t))",certified relay position at same global t,fixed G01,True,True
Q2-007,425,10566.19747291086,10567.231906832656,"trajectory(x(t),y(t),z(t))",certified relay position at same global t,fixed G01,True,True
Q2-007,426,10567.231906832656,10568.266340754451,"trajectory(x(t),y(t),z(t))",certified relay position at same global t,fixed G01,True,True
Q2-007,427,10568.266340754451,10568.97294015883,"trajectory(x(t),y(t),z(t))",certified relay position at same global t,fixed G01,True,True
Q2-007,428,10568.97294015883,10569.679539563209,"trajectory(x(t),y(t),z(t))",certified relay position at same global t,fixed G01,True,True
Q2-007,429,10569.679539563209,10570.007374080626,"trajectory(x(t),y(t),z(t))",certified relay position at same global t,fixed G01,True,True
Q2-007,430,10570.007374080626,10570.335208598042,"trajectory(x(t),y(t),z(t))",certified relay position at same global t,fixed G01,True,True
Q2-007,431,10570.335208598042,10571.369642519865,"trajectory(x(t),y(t),z(t))",certified relay position at same global t,fixed G01,True,True
Q2-007,432,10571.369642519865,10572.404076441688,"trajectory(x(t),y(t),z(t))",certified relay position at same global t,fixed G01,True,True
Q2-007,433,10572.404076441688,10573.438510363483,"trajectory(x(t),y(t),z(t))",certified relay position at same global t,fixed G01,True,True
Q2-007,434,10573.438510363483,10574.472944285279,"trajectory(x(t),y(t),z(t))",certified relay position at same global t,fixed G01,True,True
Q2-007,435,10574.472944285279,10575.507378207087,"trajectory(x(t),y(t),z(t))",certified relay position at same global t,fixed G01,True,True
Q2-007,436,10575.507378207087,10576.541812128895,"trajectory(x(t),y(t),z(t))",certified relay position at same global t,fixed G01,True,True
Q2-007,437,10576.541812128895,10577.576246050703,"trajectory(x(t),y(t),z(t))",certified relay position at same global t,fixed G01,True,True
Q2-007,438,10577.576246050703,10578.610679972511,"trajectory(x(t),y(t),z(t))",certified relay position at same global t,fixed G01,True,True
Q2-007,439,10578.610679972511,10579.645113894307,"trajectory(x(t),y(t),z(t))",certified relay position at same global t,fixed G01,True,True
Q2-007,440,10579.645113894307,10580.679547816102,"trajectory(x(t),y(t),z(t))",certified relay position at same global t,fixed G01,True,True
Q2-007,441,10580.679547816102,10581.713981737925,"trajectory(x(t),y(t),z(t))",certified relay position at same global t,fixed G01,True,True
Q2-007,442,10581.713981737925,10582.748415659747,"trajectory(x(t),y(t),z(t))",certified relay position at same global t,fixed G01,True,True
Q2-007,443,10582.748415659747,10583.782849581543,"trajectory(x(t),y(t),z(t))",certified relay position at same global t,fixed G01,True,True
Q2-007,444,10583.782849581543,10584.817283503338,"trajectory(x(t),y(t),z(t))",certified relay position at same global t,fixed G01,True,True
Q2-007,445,10584.817283503338,10585.851717425134,"trajectory(x(t),y(t),z(t))",certified relay position at same global t,fixed G01,True,True
Q2-007,446,10585.851717425134,10586.88615134693,"trajectory(x(t),y(t),z(t))",certified relay position at same global t,fixed G01,True,True
Q2-007,447,10586.88615134693,10587.920585268752,"trajectory(x(t),y(t),z(t))",certified relay position at same global t,fixed G01,True,True
Q2-007,448,10587.920585268752,10588.955019190575,"trajectory(x(t),y(t),z(t))",certified relay position at same global t,fixed G01,True,True
Q2-007,449,10588.955019190575,10589.115395313438,"trajectory(x(t),y(t),z(t))",certified relay position at same global t,fixed G01,True,True
Q2-007,450,10589.115395313438,10589.275771436302,"trajectory(x(t),y(t),z(t))",certified relay position at same global t,fixed G01,True,True
Q2-007,451,10589.275771436302,10590.149829235233,"trajectory(x(t),y(t),z(t))",certified relay position at same global t,fixed G01,True,True
Q2-007,452,10590.149829235233,10591.023887034165,"trajectory(x(t),y(t),z(t))",certified relay position at same global t,fixed G01,True,True
Q2-007,453,10591.023887034165,10592.058320955974,"trajectory(x(t),y(t),z(t))",certified relay position at same global t,fixed G01,True,True
Q2-007,454,10592.058320955974,10593.092754877782,"trajectory(x(t),y(t),z(t))",certified relay position at same global t,fixed G01,True,True
Q2-007,455,10593.092754877782,10594.12718879959,"trajectory(x(t),y(t),z(t))",certified relay position at same global t,fixed G01,True,True
Q2-007,456,10594.12718879959,10595.161622721398,"trajectory(x(t),y(t),z(t))",certified relay position at same global t,fixed G01,True,True
Q2-007,457,10595.161622721398,10596.196056643194,"trajectory(x(t),y(t),z(t))",certified relay position at same global t,fixed G01,True,True
Q2-007,458,10596.196056643194,10597.230490564989,"trajectory(x(t),y(t),z(t))",certified relay position at same global t,fixed G01,True,True
Q2-007,459,10597.230490564989,10598.264924486797,"trajectory(x(t),y(t),z(t))",certified relay position at same global t,fixed G01,True,True
Q2-007,460,10598.264924486797,10599.299358408605,"trajectory(x(t),y(t),z(t))",certified relay position at same global t,fixed G01,True,True
Q2-007,461,10599.299358408605,10600.333792330413,"trajectory(x(t),y(t),z(t))",certified relay position at same global t,fixed G01,True,True
Q2-007,462,10600.333792330413,10601.368226252222,"trajectory(x(t),y(t),z(t))",certified relay position at same global t,fixed G01,True,True
Q2-007,463,10601.368226252222,10602.402660174017,"trajectory(x(t),y(t),z(t))",certified relay position at same global t,fixed G01,True,True
Q2-007,464,10602.402660174017,10603.437094095812,"trajectory(x(t),y(t),z(t))",certified relay position at same global t,fixed G01,True,True
Q2-007,465,10603.437094095812,10604.471528017635,"trajectory(x(t),y(t),z(t))",certified relay position at same global t,fixed G01,True,True
Q2-007,466,10604.471528017635,10605.505961939458,"trajectory(x(t),y(t),z(t))",certified relay position at same global t,fixed G01,True,True
Q2-007,467,10605.505961939458,10606.540395861253,"trajectory(x(t),y(t),z(t))",certified relay position at same global t,fixed G01,True,True
Q2-007,468,10606.540395861253,10607.574829783049,"trajectory(x(t),y(t),z(t))",certified relay position at same global t,fixed G01,True,True
Q2-007,469,10607.574829783049,10608.223416547222,"trajectory(x(t),y(t),z(t))",certified relay position at same global t,fixed G01,True,True
Q2-007,470,10608.223416547222,10608.872003311395,"trajectory(x(t),y(t),z(t))",certified relay position at same global t,fixed G01,True,True
Q2-007,471,10608.872003311395,10609.257850469017,"trajectory(x(t),y(t),z(t))",certified relay position at same global t,fixed G01,True,True
Q2-007,472,10609.257850469017,10609.64369762664,"trajectory(x(t),y(t),z(t))",certified relay position at same global t,fixed G01,True,True
Q2-007,473,10609.64369762664,10610.678131548462,"trajectory(x(t),y(t),z(t))",certified relay position at same global t,fixed G01,True,True
Q2-007,474,10610.678131548462,10611.712565470285,"trajectory(x(t),y(t),z(t))",certified relay position at same global t,fixed G01,True,True
Q2-007,475,10611.712565470285,10612.74699939208,"trajectory(x(t),y(t),z(t))",certified relay position at same global t,fixed G01,True,True
Q2-007,476,10612.74699939208,10613.781433313876,"trajectory(x(t),y(t),z(t))",certified relay position at same global t,fixed G01,True,True
Q2-007,477,10613.781433313876,10614.815867235684,"trajectory(x(t),y(t),z(t))",certified relay position at same global t,fixed G01,True,True
Q2-007,478,10614.815867235684,10615.850301157492,"trajectory(x(t),y(t),z(t))",certified relay position at same global t,fixed G01,True,True
Q2-007,479,10615.850301157492,10616.8847350793,"trajectory(x(t),y(t),z(t))",certified relay position at same global t,fixed G01,True,True
Q2-007,480,10616.8847350793,10617.919169001108,"trajectory(x(t),y(t),z(t))",certified relay position at same global t,fixed G01,True,True
Q2-007,481,10617.919169001108,10618.953602922904,"trajectory(x(t),y(t),z(t))",certified relay position at same global t,fixed G01,True,True
Q2-007,482,10618.953602922904,10619.9880368447,"trajectory(x(t),y(t),z(t))",certified relay position at same global t,fixed G01,True,True
Q2-007,483,10619.9880368447,10621.022470766522,"trajectory(x(t),y(t),z(t))",certified relay position at same global t,fixed G01,True,True
Q2-007,484,10621.022470766522,10622.056904688345,"trajectory(x(t),y(t),z(t))",certified relay position at same global t,fixed G01,True,True
Q2-007,485,10622.056904688345,10623.09133861014,"trajectory(x(t),y(t),z(t))",certified relay position at same global t,fixed G01,True,True
Q2-007,486,10623.09133861014,10624.125772531936,"trajectory(x(t),y(t),z(t))",certified relay position at same global t,fixed G01,True,True
Q2-007,487,10624.125772531936,10625.160206453731,"trajectory(x(t),y(t),z(t))",certified relay position at same global t,fixed G01,True,True
Q2-007,488,10625.160206453731,10626.194640375526,"trajectory(x(t),y(t),z(t))",certified relay position at same global t,fixed G01,True,True
Q2-007,489,10626.194640375526,10627.22907429735,"trajectory(x(t),y(t),z(t))",certified relay position at same global t,fixed G01,True,True
Q2-007,490,10627.22907429735,10628.263508219172,"trajectory(x(t),y(t),z(t))",certified relay position at same global t,fixed G01,True,True
Q2-007,491,10628.263508219172,10628.36587170183,"trajectory(x(t),y(t),z(t))",certified relay position at same global t,fixed G01,True,True
Q2-007,492,10628.36587170183,10628.468235184488,"trajectory(x(t),y(t),z(t))",certified relay position at same global t,fixed G01,True,True
Q2-007,493,10628.468235184488,10629.400305623625,"trajectory(x(t),y(t),z(t))",certified relay position at same global t,fixed G01,True,True
Q2-007,494,10629.400305623625,10630.332376062763,"trajectory(x(t),y(t),z(t))",certified relay position at same global t,fixed G01,True,True
Q2-007,495,10630.332376062763,10631.36680998457,"trajectory(x(t),y(t),z(t))",certified relay position at same global t,fixed G01,True,True
Q2-007,496,10631.36680998457,10632.401243906379,"trajectory(x(t),y(t),z(t))",certified relay position at same global t,fixed G01,True,True
Q2-007,497,10632.401243906379,10633.435677828187,"trajectory(x(t),y(t),z(t))",certified relay position at same global t,fixed G01,True,True
Q2-007,498,10633.435677828187,10634.470111749995,"trajectory(x(t),y(t),z(t))",certified relay position at same global t,fixed G01,True,True
Q2-007,499,10634.470111749995,10635.50454567179,"trajectory(x(t),y(t),z(t))",certified relay position at same global t,fixed G01,True,True
Q2-007,500,10635.50454567179,10636.538979593586,"trajectory(x(t),y(t),z(t))",certified relay position at same global t,fixed G01,True,True
Q2-007,501,10636.538979593586,10637.573413515394,"trajectory(x(t),y(t),z(t))",certified relay position at same global t,fixed G01,True,True
Q2-007,502,10637.573413515394,10638.607847437203,"trajectory(x(t),y(t),z(t))",certified relay position at same global t,fixed G01,True,True
Q2-007,503,10638.607847437203,10639.64228135901,"trajectory(x(t),y(t),z(t))",certified relay position at same global t,fixed G01,True,True
Q2-007,504,10639.64228135901,10640.676715280819,"trajectory(x(t),y(t),z(t))",certified relay position at same global t,fixed G01,True,True
Q2-007,505,10640.676715280819,10641.711149202614,"trajectory(x(t),y(t),z(t))",certified relay position at same global t,fixed G01,True,True
Q2-007,506,10641.711149202614,10642.74558312441,"trajectory(x(t),y(t),z(t))",certified relay position at same global t,fixed G01,True,True
Q2-007,507,10642.74558312441,10643.780017046232,"trajectory(x(t),y(t),z(t))",certified relay position at same global t,fixed G01,True,True
Q2-007,508,10643.780017046232,10644.814450968055,"trajectory(x(t),y(t),z(t))",certified relay position at same global t,fixed G01,True,True
Q2-007,509,10644.814450968055,10645.84888488985,"trajectory(x(t),y(t),z(t))",certified relay position at same global t,fixed G01,True,True
Q2-007,510,10645.84888488985,10646.883318811646,"trajectory(x(t),y(t),z(t))",certified relay position at same global t,fixed G01,True,True
Q2-007,511,10646.883318811646,10647.473892934611,"trajectory(x(t),y(t),z(t))",certified relay position at same global t,fixed G01,True,True
Q2-007,512,10647.473892934611,10648.064467057577,"trajectory(x(t),y(t),z(t))",certified relay position at same global t,fixed G01,True,True
Q2-007,513,10648.064467057577,10648.508326856407,"trajectory(x(t),y(t),z(t))",certified relay position at same global t,fixed G01,True,True
Q2-007,514,10648.508326856407,10648.952186655237,"trajectory(x(t),y(t),z(t))",certified relay position at same global t,fixed G01,True,True
Q2-007,515,10648.952186655237,10649.98662057706,"trajectory(x(t),y(t),z(t))",certified relay position at same global t,fixed G01,True,True
Q2-007,516,10649.98662057706,10651.021054498882,"trajectory(x(t),y(t),z(t))",certified relay position at same global t,fixed G01,True,True
Q2-007,517,10651.021054498882,10652.055488420678,"trajectory(x(t),y(t),z(t))",certified relay position at same global t,fixed G01,True,True
Q2-007,518,10652.055488420678,10653.089922342473,"trajectory(x(t),y(t),z(t))",certified relay position at same global t,fixed G01,True,True
Q2-007,519,10653.089922342473,10654.124356264281,"trajectory(x(t),y(t),z(t))",certified relay position at same global t,fixed G01,True,True
Q2-007,520,10654.124356264281,10655.15879018609,"trajectory(x(t),y(t),z(t))",certified relay position at same global t,fixed G01,True,True
Q2-007,521,10655.15879018609,10656.193224107898,"trajectory(x(t),y(t),z(t))",certified relay position at same global t,fixed G01,True,True
Q2-007,522,10656.193224107898,10657.227658029706,"trajectory(x(t),y(t),z(t))",certified relay position at same global t,fixed G01,True,True
Q2-007,523,10657.227658029706,10658.262091951501,"trajectory(x(t),y(t),z(t))",certified relay position at same global t,fixed G01,True,True
Q2-007,524,10658.262091951501,10659.296525873297,"trajectory(x(t),y(t),z(t))",certified relay position at same global t,fixed G01,True,True
Q2-007,525,10659.296525873297,10660.33095979512,"trajectory(x(t),y(t),z(t))",certified relay position at same global t,fixed G01,True,True
Q2-007,526,10660.33095979512,10661.365393716942,"trajectory(x(t),y(t),z(t))",certified relay position at same global t,fixed G01,True,True
Q2-007,527,10661.365393716942,10662.399827638737,"trajectory(x(t),y(t),z(t))",certified relay position at same global t,fixed G01,True,True
Q2-007,528,10662.399827638737,10663.434261560533,"trajectory(x(t),y(t),z(t))",certified relay position at same global t,fixed G01,True,True
Q2-007,529,10663.434261560533,10664.468695482328,"trajectory(x(t),y(t),z(t))",certified relay position at same global t,fixed G01,True,True
Q2-007,530,10664.468695482328,10665.503129404124,"trajectory(x(t),y(t),z(t))",certified relay position at same global t,fixed G01,True,True
Q2-007,531,10665.503129404124,10666.537563325946,"trajectory(x(t),y(t),z(t))",certified relay position at same global t,fixed G01,True,True
Q2-007,532,10666.537563325946,10667.57199724777,"trajectory(x(t),y(t),z(t))",certified relay position at same global t,fixed G01,True,True
Q2-007,533,10667.57199724777,10667.616348090221,"trajectory(x(t),y(t),z(t))",certified relay position at same global t,fixed G01,True,True
Q2-007,534,10667.616348090221,10667.660698932674,"trajectory(x(t),y(t),z(t))",certified relay position at same global t,fixed G01,True,True
Q2-007,535,10667.660698932674,10668.650782012017,"trajectory(x(t),y(t),z(t))",certified relay position at same global t,fixed G01,True,True
Q2-007,536,10668.650782012017,10669.64086509136,"trajectory(x(t),y(t),z(t))",certified relay position at same global t,fixed G01,True,True
Q2-007,537,10669.64086509136,10670.675299013168,"trajectory(x(t),y(t),z(t))",certified relay position at same global t,fixed G01,True,True
Q2-007,538,10670.675299013168,10671.709732934976,"trajectory(x(t),y(t),z(t))",certified relay position at same global t,fixed G01,True,True
Q2-007,539,10671.709732934976,10672.744166856784,"trajectory(x(t),y(t),z(t))",certified relay position at same global t,fixed G01,True,True
Q2-007,540,10672.744166856784,10673.778600778593,"trajectory(x(t),y(t),z(t))",certified relay position at same global t,fixed G01,True,True
Q2-007,541,10673.778600778593,10674.813034700388,"trajectory(x(t),y(t),z(t))",certified relay position at same global t,fixed G01,True,True
Q2-007,542,10674.813034700388,10675.847468622183,"trajectory(x(t),y(t),z(t))",certified relay position at same global t,fixed G01,True,True
Q2-007,543,10675.847468622183,10676.881902543992,"trajectory(x(t),y(t),z(t))",certified relay position at same global t,fixed G01,True,True
Q2-007,544,10676.881902543992,10677.9163364658,"trajectory(x(t),y(t),z(t))",certified relay position at same global t,fixed G01,True,True
Q2-007,545,10677.9163364658,10678.950770387608,"trajectory(x(t),y(t),z(t))",certified relay position at same global t,fixed G01,True,True
Q2-007,546,10678.950770387608,10679.985204309416,"trajectory(x(t),y(t),z(t))",certified relay position at same global t,fixed G01,True,True
Q2-007,547,10679.985204309416,10681.019638231212,"trajectory(x(t),y(t),z(t))",certified relay position at same global t,fixed G01,True,True
Q2-007,548,10681.019638231212,10682.054072153007,"trajectory(x(t),y(t),z(t))",certified relay position at same global t,fixed G01,True,True
Q2-007,549,10682.054072153007,10683.08850607483,"trajectory(x(t),y(t),z(t))",certified relay position at same global t,fixed G01,True,True
Q2-007,550,10683.08850607483,10684.122939996652,"trajectory(x(t),y(t),z(t))",certified relay position at same global t,fixed G01,True,True
Q2-007,551,10684.122939996652,10684.877083702997,"trajectory(x(t),y(t),z(t))",certified relay position at same global t,fixed G01,True,True
Q2-007,552,10684.877083702997,10685.631227409342,"trajectory(x(t),y(t),z(t))",certified relay position at same global t,fixed G01,True,True
Q2-007,553,10685.631227409342,10770.600810539225,"trajectory(x(t),y(t),z(t))",certified relay position at same global t,fixed G01,True,True
Q2-007,554,10770.600810539225,11166.600810539225,"trajectory(x(t),y(t),z(t))",certified relay position at same global t,fixed G01,True,True
Q2-007,555,11166.600810539225,11234.57647704313,"trajectory(x(t),y(t),z(t))",certified relay position at same global t,fixed G01,True,True
Q2-007,556,11234.57647704313,11235.330620749475,"trajectory(x(t),y(t),z(t))",certified relay position at same global t,fixed G01,True,True
Q2-007,557,11235.330620749475,11236.08476445582,"trajectory(x(t),y(t),z(t))",certified relay position at same global t,fixed G01,True,True
Q2-007,558,11236.08476445582,11237.119198377643,"trajectory(x(t),y(t),z(t))",certified relay position at same global t,fixed G01,True,True
Q2-007,559,11237.119198377643,11238.153632299465,"trajectory(x(t),y(t),z(t))",certified relay position at same global t,fixed G01,True,True
Q2-007,560,11238.153632299465,11239.18806622126,"trajectory(x(t),y(t),z(t))",certified relay position at same global t,fixed G01,True,True
Q2-007,561,11239.18806622126,11240.222500143056,"trajectory(x(t),y(t),z(t))",certified relay position at same global t,fixed G01,True,True
Q2-007,562,11240.222500143056,11241.256934064864,"trajectory(x(t),y(t),z(t))",certified relay position at same global t,fixed G01,True,True
Q2-007,563,11241.256934064864,11242.291367986672,"trajectory(x(t),y(t),z(t))",certified relay position at same global t,fixed G01,True,True
Q2-007,564,11242.291367986672,11243.32580190848,"trajectory(x(t),y(t),z(t))",certified relay position at same global t,fixed G01,True,True
Q2-007,565,11243.32580190848,11244.360235830289,"trajectory(x(t),y(t),z(t))",certified relay position at same global t,fixed G01,True,True
Q2-007,566,11244.360235830289,11245.394669752084,"trajectory(x(t),y(t),z(t))",certified relay position at same global t,fixed G01,True,True
Q2-007,567,11245.394669752084,11246.42910367388,"trajectory(x(t),y(t),z(t))",certified relay position at same global t,fixed G01,True,True
Q2-007,568,11246.42910367388,11247.463537595688,"trajectory(x(t),y(t),z(t))",certified relay position at same global t,fixed G01,True,True
Q2-007,569,11247.463537595688,11248.497971517496,"trajectory(x(t),y(t),z(t))",certified relay position at same global t,fixed G01,True,True
Q2-007,570,11248.497971517496,11249.532405439304,"trajectory(x(t),y(t),z(t))",certified relay position at same global t,fixed G01,True,True
Q2-007,571,11249.532405439304,11250.566839361112,"trajectory(x(t),y(t),z(t))",certified relay position at same global t,fixed G01,True,True
Q2-007,572,11250.566839361112,11251.556922440455,"trajectory(x(t),y(t),z(t))",certified relay position at same global t,fixed G01,True,True
Q2-007,573,11251.556922440455,11252.547005519798,"trajectory(x(t),y(t),z(t))",certified relay position at same global t,fixed G01,True,True
Q2-007,574,11252.547005519798,11252.59135636225,"trajectory(x(t),y(t),z(t))",certified relay position at same global t,fixed G01,True,True
Q2-007,575,11252.59135636225,11252.635707204703,"trajectory(x(t),y(t),z(t))",certified relay position at same global t,fixed G01,True,True
Q2-007,576,11252.635707204703,11253.670141126526,"trajectory(x(t),y(t),z(t))",certified relay position at same global t,fixed G01,True,True
Q2-007,577,11253.670141126526,11254.704575048348,"trajectory(x(t),y(t),z(t))",certified relay position at same global t,fixed G01,True,True
Q2-007,578,11254.704575048348,11255.739008970144,"trajectory(x(t),y(t),z(t))",certified relay position at same global t,fixed G01,True,True
Q2-007,579,11255.739008970144,11256.77344289194,"trajectory(x(t),y(t),z(t))",certified relay position at same global t,fixed G01,True,True
Q2-007,580,11256.77344289194,11257.807876813735,"trajectory(x(t),y(t),z(t))",certified relay position at same global t,fixed G01,True,True
Q2-007,581,11257.807876813735,11258.84231073553,"trajectory(x(t),y(t),z(t))",certified relay position at same global t,fixed G01,True,True
Q2-007,582,11258.84231073553,11259.876744657353,"trajectory(x(t),y(t),z(t))",certified relay position at same global t,fixed G01,True,True
Q2-007,583,11259.876744657353,11260.911178579176,"trajectory(x(t),y(t),z(t))",certified relay position at same global t,fixed G01,True,True
Q2-007,584,11260.911178579176,11261.945612500971,"trajectory(x(t),y(t),z(t))",certified relay position at same global t,fixed G01,True,True
Q2-007,585,11261.945612500971,11262.980046422766,"trajectory(x(t),y(t),z(t))",certified relay position at same global t,fixed G01,True,True
Q2-007,586,11262.980046422766,11264.014480344575,"trajectory(x(t),y(t),z(t))",certified relay position at same global t,fixed G01,True,True
Q2-007,587,11264.014480344575,11265.048914266383,"trajectory(x(t),y(t),z(t))",certified relay position at same global t,fixed G01,True,True
Q2-007,588,11265.048914266383,11266.083348188191,"trajectory(x(t),y(t),z(t))",certified relay position at same global t,fixed G01,True,True
Q2-007,589,11266.083348188191,11267.11778211,"trajectory(x(t),y(t),z(t))",certified relay position at same global t,fixed G01,True,True
Q2-007,590,11267.11778211,11268.152216031795,"trajectory(x(t),y(t),z(t))",certified relay position at same global t,fixed G01,True,True
Q2-007,591,11268.152216031795,11269.18664995359,"trajectory(x(t),y(t),z(t))",certified relay position at same global t,fixed G01,True,True
Q2-007,592,11269.18664995359,11270.221083875413,"trajectory(x(t),y(t),z(t))",certified relay position at same global t,fixed G01,True,True
Q2-007,593,11270.221083875413,11271.255517797235,"trajectory(x(t),y(t),z(t))",certified relay position at same global t,fixed G01,True,True
Q2-007,594,11271.255517797235,11271.699377596065,"trajectory(x(t),y(t),z(t))",certified relay position at same global t,fixed G01,True,True
Q2-007,595,11271.699377596065,11272.143237394896,"trajectory(x(t),y(t),z(t))",certified relay position at same global t,fixed G01,True,True
Q2-007,596,11272.143237394896,11272.73381151786,"trajectory(x(t),y(t),z(t))",certified relay position at same global t,fixed G01,True,True
Q2-007,597,11272.73381151786,11273.324385640826,"trajectory(x(t),y(t),z(t))",certified relay position at same global t,fixed G01,True,True
Q2-007,598,11273.324385640826,11274.358819562622,"trajectory(x(t),y(t),z(t))",certified relay position at same global t,fixed G01,True,True
Q2-007,599,11274.358819562622,11275.393253484417,"trajectory(x(t),y(t),z(t))",certified relay position at same global t,fixed G01,True,True
Q2-007,600,11275.393253484417,11276.42768740624,"trajectory(x(t),y(t),z(t))",certified relay position at same global t,fixed G01,True,True
Q2-007,601,11276.42768740624,11277.462121328062,"trajectory(x(t),y(t),z(t))",certified relay position at same global t,fixed G01,True,True
Q2-007,602,11277.462121328062,11278.496555249858,"trajectory(x(t),y(t),z(t))",certified relay position at same global t,fixed G01,True,True
Q2-007,603,11278.496555249858,11279.530989171653,"trajectory(x(t),y(t),z(t))",certified relay position at same global t,fixed G01,True,True
Q2-007,604,11279.530989171653,11280.565423093462,"trajectory(x(t),y(t),z(t))",certified relay position at same global t,fixed G01,True,True
Q2-007,605,11280.565423093462,11281.59985701527,"trajectory(x(t),y(t),z(t))",certified relay position at same global t,fixed G01,True,True
Q2-007,606,11281.59985701527,11282.634290937078,"trajectory(x(t),y(t),z(t))",certified relay position at same global t,fixed G01,True,True
Q2-007,607,11282.634290937078,11283.668724858886,"trajectory(x(t),y(t),z(t))",certified relay position at same global t,fixed G01,True,True
Q2-007,608,11283.668724858886,11284.703158780681,"trajectory(x(t),y(t),z(t))",certified relay position at same global t,fixed G01,True,True
Q2-007,609,11284.703158780681,11285.737592702477,"trajectory(x(t),y(t),z(t))",certified relay position at same global t,fixed G01,True,True
Q2-007,610,11285.737592702477,11286.772026624285,"trajectory(x(t),y(t),z(t))",certified relay position at same global t,fixed G01,True,True
Q2-007,611,11286.772026624285,11287.806460546093,"trajectory(x(t),y(t),z(t))",certified relay position at same global t,fixed G01,True,True
Q2-007,612,11287.806460546093,11288.840894467901,"trajectory(x(t),y(t),z(t))",certified relay position at same global t,fixed G01,True,True
Q2-007,613,11288.840894467901,11289.87532838971,"trajectory(x(t),y(t),z(t))",certified relay position at same global t,fixed G01,True,True
Q2-007,614,11289.87532838971,11290.807398828847,"trajectory(x(t),y(t),z(t))",certified relay position at same global t,fixed G01,True,True
Q2-007,615,11290.807398828847,11291.739469267985,"trajectory(x(t),y(t),z(t))",certified relay position at same global t,fixed G01,True,True
Q2-007,616,11291.739469267985,11291.841832750642,"trajectory(x(t),y(t),z(t))",certified relay position at same global t,fixed G01,True,True
Q2-007,617,11291.841832750642,11291.9441962333,"trajectory(x(t),y(t),z(t))",certified relay position at same global t,fixed G01,True,True
Q2-007,618,11291.9441962333,11292.978630155123,"trajectory(x(t),y(t),z(t))",certified relay position at same global t,fixed G01,True,True
Q2-007,619,11292.978630155123,11294.013064076946,"trajectory(x(t),y(t),z(t))",certified relay position at same global t,fixed G01,True,True
Q2-007,620,11294.013064076946,11295.047497998741,"trajectory(x(t),y(t),z(t))",certified relay position at same global t,fixed G01,True,True
Q2-007,621,11295.047497998741,11296.081931920537,"trajectory(x(t),y(t),z(t))",certified relay position at same global t,fixed G01,True,True
Q2-007,622,11296.081931920537,11297.116365842332,"trajectory(x(t),y(t),z(t))",certified relay position at same global t,fixed G01,True,True
Q2-007,623,11297.116365842332,11298.150799764127,"trajectory(x(t),y(t),z(t))",certified relay position at same global t,fixed G01,True,True
Q2-007,624,11298.150799764127,11299.18523368595,"trajectory(x(t),y(t),z(t))",certified relay position at same global t,fixed G01,True,True
Q2-007,625,11299.18523368595,11300.219667607773,"trajectory(x(t),y(t),z(t))",certified relay position at same global t,fixed G01,True,True
Q2-007,626,11300.219667607773,11301.254101529568,"trajectory(x(t),y(t),z(t))",certified relay position at same global t,fixed G01,True,True
Q2-007,627,11301.254101529568,11302.288535451364,"trajectory(x(t),y(t),z(t))",certified relay position at same global t,fixed G01,True,True
Q2-007,628,11302.288535451364,11303.322969373172,"trajectory(x(t),y(t),z(t))",certified relay position at same global t,fixed G01,True,True
Q2-007,629,11303.322969373172,11304.35740329498,"trajectory(x(t),y(t),z(t))",certified relay position at same global t,fixed G01,True,True
Q2-007,630,11304.35740329498,11305.391837216788,"trajectory(x(t),y(t),z(t))",certified relay position at same global t,fixed G01,True,True
Q2-007,631,11305.391837216788,11306.426271138596,"trajectory(x(t),y(t),z(t))",certified relay position at same global t,fixed G01,True,True
Q2-007,632,11306.426271138596,11307.460705060392,"trajectory(x(t),y(t),z(t))",certified relay position at same global t,fixed G01,True,True
Q2-007,633,11307.460705060392,11308.495138982187,"trajectory(x(t),y(t),z(t))",certified relay position at same global t,fixed G01,True,True
Q2-007,634,11308.495138982187,11309.52957290401,"trajectory(x(t),y(t),z(t))",certified relay position at same global t,fixed G01,True,True
Q2-007,635,11309.52957290401,11310.564006825833,"trajectory(x(t),y(t),z(t))",certified relay position at same global t,fixed G01,True,True
Q2-007,636,11310.564006825833,11310.949853983455,"trajectory(x(t),y(t),z(t))",certified relay position at same global t,fixed G01,True,True
Q2-007,637,11310.949853983455,11311.335701141077,"trajectory(x(t),y(t),z(t))",certified relay position at same global t,fixed G01,True,True
Q2-007,638,11311.335701141077,11311.98428790525,"trajectory(x(t),y(t),z(t))",certified relay position at same global t,fixed G01,True,True
Q2-007,639,11311.98428790525,11312.632874669423,"trajectory(x(t),y(t),z(t))",certified relay position at same global t,fixed G01,True,True
Q2-007,640,11312.632874669423,11313.667308591219,"trajectory(x(t),y(t),z(t))",certified relay position at same global t,fixed G01,True,True
Q2-007,641,11313.667308591219,11314.701742513014,"trajectory(x(t),y(t),z(t))",certified relay position at same global t,fixed G01,True,True
Q2-007,642,11314.701742513014,11315.736176434837,"trajectory(x(t),y(t),z(t))",certified relay position at same global t,fixed G01,True,True
Q2-007,643,11315.736176434837,11316.77061035666,"trajectory(x(t),y(t),z(t))",certified relay position at same global t,fixed G01,True,True
Q2-007,644,11316.77061035666,11317.805044278455,"trajectory(x(t),y(t),z(t))",certified relay position at same global t,fixed G01,True,True
Q2-007,645,11317.805044278455,11318.83947820025,"trajectory(x(t),y(t),z(t))",certified relay position at same global t,fixed G01,True,True
Q2-007,646,11318.83947820025,11319.873912122059,"trajectory(x(t),y(t),z(t))",certified relay position at same global t,fixed G01,True,True
Q2-007,647,11319.873912122059,11320.908346043867,"trajectory(x(t),y(t),z(t))",certified relay position at same global t,fixed G01,True,True
Q2-007,648,11320.908346043867,11321.942779965675,"trajectory(x(t),y(t),z(t))",certified relay position at same global t,fixed G01,True,True
Q2-007,649,11321.942779965675,11322.977213887483,"trajectory(x(t),y(t),z(t))",certified relay position at same global t,fixed G01,True,True
Q2-007,650,11322.977213887483,11324.011647809279,"trajectory(x(t),y(t),z(t))",certified relay position at same global t,fixed G01,True,True
Q2-007,651,11324.011647809279,11325.046081731074,"trajectory(x(t),y(t),z(t))",certified relay position at same global t,fixed G01,True,True
Q2-007,652,11325.046081731074,11326.080515652882,"trajectory(x(t),y(t),z(t))",certified relay position at same global t,fixed G01,True,True
Q2-007,653,11326.080515652882,11327.11494957469,"trajectory(x(t),y(t),z(t))",certified relay position at same global t,fixed G01,True,True
Q2-007,654,11327.11494957469,11328.149383496499,"trajectory(x(t),y(t),z(t))",certified relay position at same global t,fixed G01,True,True
Q2-007,655,11328.149383496499,11329.183817418307,"trajectory(x(t),y(t),z(t))",certified relay position at same global t,fixed G01,True,True
Q2-007,656,11329.183817418307,11330.057875217239,"trajectory(x(t),y(t),z(t))",certified relay position at same global t,fixed G01,True,True
Q2-007,657,11330.057875217239,11330.93193301617,"trajectory(x(t),y(t),z(t))",certified relay position at same global t,fixed G01,True,True
Q2-007,658,11330.93193301617,11331.092309139034,"trajectory(x(t),y(t),z(t))",certified relay position at same global t,fixed G01,True,True
Q2-007,659,11331.092309139034,11331.252685261898,"trajectory(x(t),y(t),z(t))",certified relay position at same global t,fixed G01,True,True
Q2-007,660,11331.252685261898,11332.28711918372,"trajectory(x(t),y(t),z(t))",certified relay position at same global t,fixed G01,True,True
Q2-007,661,11332.28711918372,11333.321553105543,"trajectory(x(t),y(t),z(t))",certified relay position at same global t,fixed G01,True,True
Q2-007,662,11333.321553105543,11334.355987027338,"trajectory(x(t),y(t),z(t))",certified relay position at same global t,fixed G01,True,True
Q2-007,663,11334.355987027338,11335.390420949134,"trajectory(x(t),y(t),z(t))",certified relay position at same global t,fixed G01,True,True
Q2-007,664,11335.390420949134,11336.42485487093,"trajectory(x(t),y(t),z(t))",certified relay position at same global t,fixed G01,True,True
Q2-007,665,11336.42485487093,11337.459288792725,"trajectory(x(t),y(t),z(t))",certified relay position at same global t,fixed G01,True,True
Q2-007,666,11337.459288792725,11338.493722714547,"trajectory(x(t),y(t),z(t))",certified relay position at same global t,fixed G01,True,True
Q2-007,667,11338.493722714547,11339.52815663637,"trajectory(x(t),y(t),z(t))",certified relay position at same global t,fixed G01,True,True
Q2-007,668,11339.52815663637,11340.562590558166,"trajectory(x(t),y(t),z(t))",certified relay position at same global t,fixed G01,True,True
Q2-007,669,11340.562590558166,11341.597024479961,"trajectory(x(t),y(t),z(t))",certified relay position at same global t,fixed G01,True,True
Q2-007,670,11341.597024479961,11342.63145840177,"trajectory(x(t),y(t),z(t))",certified relay position at same global t,fixed G01,True,True
Q2-007,671,11342.63145840177,11343.665892323577,"trajectory(x(t),y(t),z(t))",certified relay position at same global t,fixed G01,True,True
Q2-007,672,11343.665892323577,11344.700326245385,"trajectory(x(t),y(t),z(t))",certified relay position at same global t,fixed G01,True,True
Q2-007,673,11344.700326245385,11345.734760167194,"trajectory(x(t),y(t),z(t))",certified relay position at same global t,fixed G01,True,True
Q2-007,674,11345.734760167194,11346.769194088989,"trajectory(x(t),y(t),z(t))",certified relay position at same global t,fixed G01,True,True
Q2-007,675,11346.769194088989,11347.803628010784,"trajectory(x(t),y(t),z(t))",certified relay position at same global t,fixed G01,True,True
Q2-007,676,11347.803628010784,11348.838061932607,"trajectory(x(t),y(t),z(t))",certified relay position at same global t,fixed G01,True,True
Q2-007,677,11348.838061932607,11349.87249585443,"trajectory(x(t),y(t),z(t))",certified relay position at same global t,fixed G01,True,True
Q2-007,678,11349.87249585443,11350.200330371847,"trajectory(x(t),y(t),z(t))",certified relay position at same global t,fixed G01,True,True
Q2-007,679,11350.200330371847,11350.528164889263,"trajectory(x(t),y(t),z(t))",certified relay position at same global t,fixed G01,True,True
Q2-007,680,11350.528164889263,11351.234764293642,"trajectory(x(t),y(t),z(t))",certified relay position at same global t,fixed G01,True,True
Q2-007,681,11351.234764293642,11351.94136369802,"trajectory(x(t),y(t),z(t))",certified relay position at same global t,fixed G01,True,True
Q2-007,682,11351.94136369802,11352.975797619816,"trajectory(x(t),y(t),z(t))",certified relay position at same global t,fixed G01,True,True
Q2-007,683,11352.975797619816,11354.010231541612,"trajectory(x(t),y(t),z(t))",certified relay position at same global t,fixed G01,True,True
Q2-007,684,11354.010231541612,11355.044665463434,"trajectory(x(t),y(t),z(t))",certified relay position at same global t,fixed G01,True,True
Q2-007,685,11355.044665463434,11356.079099385257,"trajectory(x(t),y(t),z(t))",certified relay position at same global t,fixed G01,True,True
Q2-007,686,11356.079099385257,11357.113533307052,"trajectory(x(t),y(t),z(t))",certified relay position at same global t,fixed G01,True,True
Q2-007,687,11357.113533307052,11358.147967228848,"trajectory(x(t),y(t),z(t))",certified relay position at same global t,fixed G01,True,True
Q2-007,688,11358.147967228848,11359.182401150656,"trajectory(x(t),y(t),z(t))",certified relay position at same global t,fixed G01,True,True
Q2-007,689,11359.182401150656,11360.216835072464,"trajectory(x(t),y(t),z(t))",certified relay position at same global t,fixed G01,True,True
Q2-007,690,11360.216835072464,11361.251268994272,"trajectory(x(t),y(t),z(t))",certified relay position at same global t,fixed G01,True,True
Q2-007,691,11361.251268994272,11362.28570291608,"trajectory(x(t),y(t),z(t))",certified relay position at same global t,fixed G01,True,True
Q2-007,692,11362.28570291608,11363.320136837876,"trajectory(x(t),y(t),z(t))",certified relay position at same global t,fixed G01,True,True
Q2-007,693,11363.320136837876,11364.354570759671,"trajectory(x(t),y(t),z(t))",certified relay position at same global t,fixed G01,True,True
Q2-007,694,11364.354570759671,11365.38900468148,"trajectory(x(t),y(t),z(t))",certified relay position at same global t,fixed G01,True,True
Q2-007,695,11365.38900468148,11366.423438603288,"trajectory(x(t),y(t),z(t))",certified relay position at same global t,fixed G01,True,True
Q2-007,696,11366.423438603288,11367.457872525096,"trajectory(x(t),y(t),z(t))",certified relay position at same global t,fixed G01,True,True
Q2-007,697,11367.457872525096,11368.492306446904,"trajectory(x(t),y(t),z(t))",certified relay position at same global t,fixed G01,True,True
Q2-007,698,11368.492306446904,11369.308351604628,"trajectory(x(t),y(t),z(t))",certified relay position at same global t,fixed G01,True,True
Q2-007,699,11369.308351604628,11370.124396762352,"trajectory(x(t),y(t),z(t))",certified relay position at same global t,fixed G01,True,True
Q2-007,700,11370.124396762352,11370.342785526424,"trajectory(x(t),y(t),z(t))",certified relay position at same global t,fixed G01,True,True
Q2-007,701,11370.342785526424,11370.561174290495,"trajectory(x(t),y(t),z(t))",certified relay position at same global t,fixed G01,True,True
Q2-007,702,11370.561174290495,11371.595608212318,"trajectory(x(t),y(t),z(t))",certified relay position at same global t,fixed G01,True,True
Q2-007,703,11371.595608212318,11372.63004213414,"trajectory(x(t),y(t),z(t))",certified relay position at same global t,fixed G01,True,True
Q2-007,704,11372.63004213414,11373.664476055936,"trajectory(x(t),y(t),z(t))",certified relay position at same global t,fixed G01,True,True
Q2-007,705,11373.664476055936,11374.698909977731,"trajectory(x(t),y(t),z(t))",certified relay position at same global t,fixed G01,True,True
Q2-007,706,11374.698909977731,11375.733343899527,"trajectory(x(t),y(t),z(t))",certified relay position at same global t,fixed G01,True,True
Q2-007,707,11375.733343899527,11376.767777821322,"trajectory(x(t),y(t),z(t))",certified relay position at same global t,fixed G01,True,True
Q2-007,708,11376.767777821322,11377.802211743145,"trajectory(x(t),y(t),z(t))",certified relay position at same global t,fixed G01,True,True
Q2-007,709,11377.802211743145,11378.836645664967,"trajectory(x(t),y(t),z(t))",certified relay position at same global t,fixed G01,True,True
Q2-007,710,11378.836645664967,11379.871079586763,"trajectory(x(t),y(t),z(t))",certified relay position at same global t,fixed G01,True,True
Q2-007,711,11379.871079586763,11380.905513508558,"trajectory(x(t),y(t),z(t))",certified relay position at same global t,fixed G01,True,True
Q2-007,712,11380.905513508558,11381.939947430366,"trajectory(x(t),y(t),z(t))",certified relay position at same global t,fixed G01,True,True
Q2-007,713,11381.939947430366,11382.974381352175,"trajectory(x(t),y(t),z(t))",certified relay position at same global t,fixed G01,True,True
Q2-007,714,11382.974381352175,11384.008815273983,"trajectory(x(t),y(t),z(t))",certified relay position at same global t,fixed G01,True,True
Q2-007,715,11384.008815273983,11385.04324919579,"trajectory(x(t),y(t),z(t))",certified relay position at same global t,fixed G01,True,True
Q2-007,716,11385.04324919579,11386.077683117586,"trajectory(x(t),y(t),z(t))",certified relay position at same global t,fixed G01,True,True
Q2-007,717,11386.077683117586,11387.112117039382,"trajectory(x(t),y(t),z(t))",certified relay position at same global t,fixed G01,True,True
Q2-007,718,11387.112117039382,11388.146550961204,"trajectory(x(t),y(t),z(t))",certified relay position at same global t,fixed G01,True,True
Q2-007,719,11388.146550961204,11389.180984883027,"trajectory(x(t),y(t),z(t))",certified relay position at same global t,fixed G01,True,True
Q2-007,720,11389.180984883027,11389.450806760238,"trajectory(x(t),y(t),z(t))",certified relay position at same global t,fixed G01,True,True
Q2-007,721,11389.450806760238,11389.72062863745,"trajectory(x(t),y(t),z(t))",certified relay position at same global t,fixed G01,True,True
Q2-007,722,11389.72062863745,11390.485240682034,"trajectory(x(t),y(t),z(t))",certified relay position at same global t,fixed G01,True,True
Q2-007,723,11390.485240682034,11391.249852726618,"trajectory(x(t),y(t),z(t))",certified relay position at same global t,fixed G01,True,True
Q2-007,724,11391.249852726618,11392.284286648413,"trajectory(x(t),y(t),z(t))",certified relay position at same global t,fixed G01,True,True
Q2-007,725,11392.284286648413,11393.318720570209,"trajectory(x(t),y(t),z(t))",certified relay position at same global t,fixed G01,True,True
Q2-007,726,11393.318720570209,11394.353154492032,"trajectory(x(t),y(t),z(t))",certified relay position at same global t,fixed G01,True,True
Q2-007,727,11394.353154492032,11395.387588413854,"trajectory(x(t),y(t),z(t))",certified relay position at same global t,fixed G01,True,True
Q2-007,728,11395.387588413854,11396.42202233565,"trajectory(x(t),y(t),z(t))",certified relay position at same global t,fixed G01,True,True
Q2-007,729,11396.42202233565,11397.456456257445,"trajectory(x(t),y(t),z(t))",certified relay position at same global t,fixed G01,True,True
Q2-007,730,11397.456456257445,11398.490890179253,"trajectory(x(t),y(t),z(t))",certified relay position at same global t,fixed G01,True,True
Q2-007,731,11398.490890179253,11399.525324101061,"trajectory(x(t),y(t),z(t))",certified relay position at same global t,fixed G01,True,True
Q2-007,732,11399.525324101061,11400.55975802287,"trajectory(x(t),y(t),z(t))",certified relay position at same global t,fixed G01,True,True
Q2-007,733,11400.55975802287,11401.594191944678,"trajectory(x(t),y(t),z(t))",certified relay position at same global t,fixed G01,True,True
Q2-007,734,11401.594191944678,11402.628625866473,"trajectory(x(t),y(t),z(t))",certified relay position at same global t,fixed G01,True,True
Q2-007,735,11402.628625866473,11403.663059788269,"trajectory(x(t),y(t),z(t))",certified relay position at same global t,fixed G01,True,True
Q2-007,736,11403.663059788269,11404.697493710091,"trajectory(x(t),y(t),z(t))",certified relay position at same global t,fixed G01,True,True
Q2-007,737,11404.697493710091,11405.731927631914,"trajectory(x(t),y(t),z(t))",certified relay position at same global t,fixed G01,True,True
Q2-007,738,11405.731927631914,11406.76636155371,"trajectory(x(t),y(t),z(t))",certified relay position at same global t,fixed G01,True,True
Q2-007,739,11406.76636155371,11407.800795475505,"trajectory(x(t),y(t),z(t))",certified relay position at same global t,fixed G01,True,True
Q2-007,740,11407.800795475505,11408.558827993023,"trajectory(x(t),y(t),z(t))",certified relay position at same global t,fixed G01,True,True
Q2-007,741,11408.558827993023,11409.316860510542,"trajectory(x(t),y(t),z(t))",certified relay position at same global t,fixed G01,True,True
Q2-007,742,11409.316860510542,11409.593261914819,"trajectory(x(t),y(t),z(t))",certified relay position at same global t,fixed G01,True,True
Q2-007,743,11409.593261914819,11409.869663319096,"trajectory(x(t),y(t),z(t))",certified relay position at same global t,fixed G01,True,True
Q2-007,744,11409.869663319096,11410.904097240918,"trajectory(x(t),y(t),z(t))",certified relay position at same global t,fixed G01,True,True
Q2-007,745,11410.904097240918,11411.938531162741,"trajectory(x(t),y(t),z(t))",certified relay position at same global t,fixed G01,True,True
Q2-007,746,11411.938531162741,11412.972965084537,"trajectory(x(t),y(t),z(t))",certified relay position at same global t,fixed G01,True,True
Q2-007,747,11412.972965084537,11414.007399006332,"trajectory(x(t),y(t),z(t))",certified relay position at same global t,fixed G01,True,True
Q2-007,748,11414.007399006332,11415.041832928127,"trajectory(x(t),y(t),z(t))",certified relay position at same global t,fixed G01,True,True
Q2-007,749,11415.041832928127,11416.076266849923,"trajectory(x(t),y(t),z(t))",certified relay position at same global t,fixed G01,True,True
Q2-007,750,11416.076266849923,11417.110700771746,"trajectory(x(t),y(t),z(t))",certified relay position at same global t,fixed G01,True,True
Q2-007,751,11417.110700771746,11418.145134693568,"trajectory(x(t),y(t),z(t))",certified relay position at same global t,fixed G01,True,True
Q2-007,752,11418.145134693568,11419.179568615364,"trajectory(x(t),y(t),z(t))",certified relay position at same global t,fixed G01,True,True
Q2-007,753,11419.179568615364,11420.21400253716,"trajectory(x(t),y(t),z(t))",certified relay position at same global t,fixed G01,True,True
Q2-007,754,11420.21400253716,11421.248436458967,"trajectory(x(t),y(t),z(t))",certified relay position at same global t,fixed G01,True,True
Q2-007,755,11421.248436458967,11422.282870380775,"trajectory(x(t),y(t),z(t))",certified relay position at same global t,fixed G01,True,True
Q2-007,756,11422.282870380775,11423.317304302584,"trajectory(x(t),y(t),z(t))",certified relay position at same global t,fixed G01,True,True
Q2-007,757,11423.317304302584,11424.351738224392,"trajectory(x(t),y(t),z(t))",certified relay position at same global t,fixed G01,True,True
Q2-007,758,11424.351738224392,11425.386172146187,"trajectory(x(t),y(t),z(t))",certified relay position at same global t,fixed G01,True,True
Q2-007,759,11425.386172146187,11426.420606067983,"trajectory(x(t),y(t),z(t))",certified relay position at same global t,fixed G01,True,True
Q2-007,760,11426.420606067983,11427.455039989805,"trajectory(x(t),y(t),z(t))",certified relay position at same global t,fixed G01,True,True
Q2-007,761,11427.455039989805,11428.489473911628,"trajectory(x(t),y(t),z(t))",certified relay position at same global t,fixed G01,True,True
Q2-007,762,11428.489473911628,11428.701283147631,"trajectory(x(t),y(t),z(t))",certified relay position at same global t,fixed G01,True,True
Q2-007,763,11428.701283147631,11428.913092383635,"trajectory(x(t),y(t),z(t))",certified relay position at same global t,fixed G01,True,True
Q2-007,764,11428.913092383635,11429.735717069427,"trajectory(x(t),y(t),z(t))",certified relay position at same global t,fixed G01,True,True
Q2-007,765,11429.735717069427,11430.558341755219,"trajectory(x(t),y(t),z(t))",certified relay position at same global t,fixed G01,True,True
Q2-007,766,11430.558341755219,11431.592775677014,"trajectory(x(t),y(t),z(t))",certified relay position at same global t,fixed G01,True,True
Q2-007,767,11431.592775677014,11432.62720959881,"trajectory(x(t),y(t),z(t))",certified relay position at same global t,fixed G01,True,True
Q2-007,768,11432.62720959881,11433.661643520632,"trajectory(x(t),y(t),z(t))",certified relay position at same global t,fixed G01,True,True
Q2-007,769,11433.661643520632,11434.696077442455,"trajectory(x(t),y(t),z(t))",certified relay position at same global t,fixed G01,True,True
Q2-007,770,11434.696077442455,11435.73051136425,"trajectory(x(t),y(t),z(t))",certified relay position at same global t,fixed G01,True,True
Q2-007,771,11435.73051136425,11436.764945286046,"trajectory(x(t),y(t),z(t))",certified relay position at same global t,fixed G01,True,True
Q2-007,772,11436.764945286046,11437.799379207854,"trajectory(x(t),y(t),z(t))",certified relay position at same global t,fixed G01,True,True
Q2-007,773,11437.799379207854,11438.833813129662,"trajectory(x(t),y(t),z(t))",certified relay position at same global t,fixed G01,True,True
Q2-007,774,11438.833813129662,11439.86824705147,"trajectory(x(t),y(t),z(t))",certified relay position at same global t,fixed G01,True,True
Q2-007,775,11439.86824705147,11440.902680973279,"trajectory(x(t),y(t),z(t))",certified relay position at same global t,fixed G01,True,True
Q2-007,776,11440.902680973279,11441.937114895074,"trajectory(x(t),y(t),z(t))",certified relay position at same global t,fixed G01,True,True
Q2-007,777,11441.937114895074,11442.97154881687,"trajectory(x(t),y(t),z(t))",certified relay position at same global t,fixed G01,True,True
Q2-007,778,11442.97154881687,11444.005982738692,"trajectory(x(t),y(t),z(t))",certified relay position at same global t,fixed G01,True,True
Q2-007,779,11444.005982738692,11445.040416660515,"trajectory(x(t),y(t),z(t))",certified relay position at same global t,fixed G01,True,True
Q2-007,780,11445.040416660515,11446.07485058231,"trajectory(x(t),y(t),z(t))",certified relay position at same global t,fixed G01,True,True
Q2-007,781,11446.07485058231,11447.109284504106,"trajectory(x(t),y(t),z(t))",certified relay position at same global t,fixed G01,True,True
Q2-007,782,11447.109284504106,11447.809304381419,"trajectory(x(t),y(t),z(t))",certified relay position at same global t,fixed G01,True,True
Q2-007,783,11447.809304381419,11448.509324258732,"trajectory(x(t),y(t),z(t))",certified relay position at same global t,fixed G01,True,True
Q2-007,784,11448.509324258732,11448.843738303214,"trajectory(x(t),y(t),z(t))",certified relay position at same global t,fixed G01,True,True
Q2-007,785,11448.843738303214,11449.178152347697,"trajectory(x(t),y(t),z(t))",certified relay position at same global t,fixed G01,True,True
Q2-007,786,11449.178152347697,11450.21258626952,"trajectory(x(t),y(t),z(t))",certified relay position at same global t,fixed G01,True,True
Q2-007,787,11450.21258626952,11451.247020191342,"trajectory(x(t),y(t),z(t))",certified relay position at same global t,fixed G01,True,True
Q2-007,788,11451.247020191342,11452.281454113137,"trajectory(x(t),y(t),z(t))",certified relay position at same global t,fixed G01,True,True
Q2-007,789,11452.281454113137,11453.315888034933,"trajectory(x(t),y(t),z(t))",certified relay position at same global t,fixed G01,True,True
Q2-007,790,11453.315888034933,11454.350321956728,"trajectory(x(t),y(t),z(t))",certified relay position at same global t,fixed G01,True,True
Q2-007,791,11454.350321956728,11455.384755878524,"trajectory(x(t),y(t),z(t))",certified relay position at same global t,fixed G01,True,True
Q2-007,792,11455.384755878524,11456.419189800346,"trajectory(x(t),y(t),z(t))",certified relay position at same global t,fixed G01,True,True
Q2-007,793,11456.419189800346,11457.45362372217,"trajectory(x(t),y(t),z(t))",certified relay position at same global t,fixed G01,True,True
Q2-007,794,11457.45362372217,11458.488057643965,"trajectory(x(t),y(t),z(t))",certified relay position at same global t,fixed G01,True,True
Q2-007,795,11458.488057643965,11459.52249156576,"trajectory(x(t),y(t),z(t))",certified relay position at same global t,fixed G01,True,True
Q2-007,796,11459.52249156576,11460.556925487568,"trajectory(x(t),y(t),z(t))",certified relay position at same global t,fixed G01,True,True
Q2-007,797,11460.556925487568,11461.591359409376,"trajectory(x(t),y(t),z(t))",certified relay position at same global t,fixed G01,True,True
Q2-007,798,11461.591359409376,11462.625793331184,"trajectory(x(t),y(t),z(t))",certified relay position at same global t,fixed G01,True,True
Q2-007,799,11462.625793331184,11463.660227252993,"trajectory(x(t),y(t),z(t))",certified relay position at same global t,fixed G01,True,True
Q2-007,800,11463.660227252993,11464.694661174788,"trajectory(x(t),y(t),z(t))",certified relay position at same global t,fixed G01,True,True
Q2-007,801,11464.694661174788,11465.729095096583,"trajectory(x(t),y(t),z(t))",certified relay position at same global t,fixed G01,True,True
Q2-007,802,11465.729095096583,11466.763529018406,"trajectory(x(t),y(t),z(t))",certified relay position at same global t,fixed G01,True,True
Q2-007,803,11466.763529018406,11467.797962940229,"trajectory(x(t),y(t),z(t))",certified relay position at same global t,fixed G01,True,True
Q2-007,804,11467.797962940229,11467.951759536027,"trajectory(x(t),y(t),z(t))",certified relay position at same global t,fixed G01,True,True
Q2-007,805,11467.951759536027,11468.105556131824,"trajectory(x(t),y(t),z(t))",certified relay position at same global t,fixed G01,True,True
Q2-007,806,11468.105556131824,11468.986193457822,"trajectory(x(t),y(t),z(t))",certified relay position at same global t,fixed G01,True,True
Q2-007,807,11468.986193457822,11469.86683078382,"trajectory(x(t),y(t),z(t))",certified relay position at same global t,fixed G01,True,True
Q2-007,808,11469.86683078382,11470.901264705615,"trajectory(x(t),y(t),z(t))",certified relay position at same global t,fixed G01,True,True
Q2-007,809,11470.901264705615,11471.93569862741,"trajectory(x(t),y(t),z(t))",certified relay position at same global t,fixed G01,True,True
Q2-007,810,11471.93569862741,11472.970132549233,"trajectory(x(t),y(t),z(t))",certified relay position at same global t,fixed G01,True,True
Q2-007,811,11472.970132549233,11474.004566471056,"trajectory(x(t),y(t),z(t))",certified relay position at same global t,fixed G01,True,True
Q2-007,812,11474.004566471056,11475.039000392851,"trajectory(x(t),y(t),z(t))",certified relay position at same global t,fixed G01,True,True
Q2-007,813,11475.039000392851,11476.073434314647,"trajectory(x(t),y(t),z(t))",certified relay position at same global t,fixed G01,True,True
Q2-007,814,11476.073434314647,11477.107868236455,"trajectory(x(t),y(t),z(t))",certified relay position at same global t,fixed G01,True,True
Q2-007,815,11477.107868236455,11478.142302158263,"trajectory(x(t),y(t),z(t))",certified relay position at same global t,fixed G01,True,True
Q2-007,816,11478.142302158263,11479.176736080071,"trajectory(x(t),y(t),z(t))",certified relay position at same global t,fixed G01,True,True
Q2-007,817,11479.176736080071,11480.21117000188,"trajectory(x(t),y(t),z(t))",certified relay position at same global t,fixed G01,True,True
Q2-007,818,11480.21117000188,11481.245603923675,"trajectory(x(t),y(t),z(t))",certified relay position at same global t,fixed G01,True,True
Q2-007,819,11481.245603923675,11482.28003784547,"trajectory(x(t),y(t),z(t))",certified relay position at same global t,fixed G01,True,True
Q2-007,820,11482.28003784547,11483.314471767293,"trajectory(x(t),y(t),z(t))",certified relay position at same global t,fixed G01,True,True
Q2-007,821,11483.314471767293,11484.348905689116,"trajectory(x(t),y(t),z(t))",certified relay position at same global t,fixed G01,True,True
Q2-007,822,11484.348905689116,11485.383339610911,"trajectory(x(t),y(t),z(t))",certified relay position at same global t,fixed G01,True,True
Q2-007,823,11485.383339610911,11486.417773532707,"trajectory(x(t),y(t),z(t))",certified relay position at same global t,fixed G01,True,True
Q2-007,824,11486.417773532707,11487.059780768812,"trajectory(x(t),y(t),z(t))",certified relay position at same global t,fixed G01,True,True
Q2-007,825,11487.059780768812,11487.701788004917,"trajectory(x(t),y(t),z(t))",certified relay position at same global t,fixed G01,True,True
Q2-007,826,11487.701788004917,11488.094214690607,"trajectory(x(t),y(t),z(t))",certified relay position at same global t,fixed G01,True,True
Q2-008,270,14439.076035609985,14440.10687070934,"trajectory(x(t),y(t),z(t))",certified relay position at same global t,fixed G01,True,False
Q2-008,271,14440.10687070934,14441.137705808695,"trajectory(x(t),y(t),z(t))",certified relay position at same global t,fixed G01,True,False
Q2-008,272,14441.137705808695,14442.16854090805,"trajectory(x(t),y(t),z(t))",certified relay position at same global t,fixed G01,True,False
Q2-008,273,14442.16854090805,14443.199376007431,"trajectory(x(t),y(t),z(t))",certified relay position at same global t,fixed G01,True,False
Q2-008,274,14443.199376007431,14444.230211106813,"trajectory(x(t),y(t),z(t))",certified relay position at same global t,fixed G01,True,False
Q2-008,275,14444.230211106813,14445.261046206168,"trajectory(x(t),y(t),z(t))",certified relay position at same global t,fixed G01,True,False
Q2-008,276,14445.261046206168,14446.291881305522,"trajectory(x(t),y(t),z(t))",certified relay position at same global t,fixed G01,True,False
Q2-008,277,14446.291881305522,14447.322716404891,"trajectory(x(t),y(t),z(t))",certified relay position at same global t,fixed G01,True,False
Q2-008,278,14447.322716404891,14448.35355150426,"trajectory(x(t),y(t),z(t))",certified relay position at same global t,fixed G01,True,False
Q2-008,279,14448.35355150426,14449.38438660363,"trajectory(x(t),y(t),z(t))",certified relay position at same global t,fixed G01,True,False
Q2-008,280,14449.38438660363,14450.415221702999,"trajectory(x(t),y(t),z(t))",certified relay position at same global t,fixed G01,True,False
Q2-008,281,14450.415221702999,14451.446056802353,"trajectory(x(t),y(t),z(t))",certified relay position at same global t,fixed G01,True,False
Q2-008,282,14451.446056802353,14452.476891901708,"trajectory(x(t),y(t),z(t))",certified relay position at same global t,fixed G01,True,False
Q2-008,283,14452.476891901708,14453.50772700109,"trajectory(x(t),y(t),z(t))",certified relay position at same global t,fixed G01,True,False
Q2-008,284,14453.50772700109,14454.538562100472,"trajectory(x(t),y(t),z(t))",certified relay position at same global t,fixed G01,True,False
Q2-008,285,14454.538562100472,14455.569397199826,"trajectory(x(t),y(t),z(t))",certified relay position at same global t,fixed G01,True,False
Q2-008,286,14455.569397199826,14456.60023229918,"trajectory(x(t),y(t),z(t))",certified relay position at same global t,fixed G01,True,False
Q2-008,287,14456.60023229918,14457.631067398535,"trajectory(x(t),y(t),z(t))",certified relay position at same global t,fixed G01,True,False
Q2-008,288,14457.631067398535,14458.66190249789,"trajectory(x(t),y(t),z(t))",certified relay position at same global t,fixed G01,True,False
Q2-008,289,14458.66190249789,14459.692737597272,"trajectory(x(t),y(t),z(t))",certified relay position at same global t,fixed G01,True,False
Q2-008,290,14459.692737597272,14460.723572696654,"trajectory(x(t),y(t),z(t))",certified relay position at same global t,fixed G01,True,False
Q2-008,291,14460.723572696654,14461.754407796008,"trajectory(x(t),y(t),z(t))",certified relay position at same global t,fixed G01,True,False
Q2-008,292,14461.754407796008,14462.785242895363,"trajectory(x(t),y(t),z(t))",certified relay position at same global t,fixed G01,True,False
Q2-008,293,14462.785242895363,14463.816077994732,"trajectory(x(t),y(t),z(t))",certified relay position at same global t,fixed G01,True,False
Q2-008,294,14463.816077994732,14464.846913094101,"trajectory(x(t),y(t),z(t))",certified relay position at same global t,fixed G01,True,False
Q2-008,295,14464.846913094101,14465.87774819347,"trajectory(x(t),y(t),z(t))",certified relay position at same global t,fixed G01,True,False
Q2-008,296,14465.87774819347,14466.90858329284,"trajectory(x(t),y(t),z(t))",certified relay position at same global t,fixed G01,True,False
Q2-008,297,14466.90858329284,14467.282779825839,"trajectory(x(t),y(t),z(t))",certified relay position at same global t,fixed G01,True,False
Q2-008,298,14467.282779825839,14467.656976358838,"trajectory(x(t),y(t),z(t))",certified relay position at same global t,fixed G01,True,False
Q2-008,299,14467.656976358838,14468.313614925195,"trajectory(x(t),y(t),z(t))",certified relay position at same global t,fixed G01,True,False
Q2-008,300,14468.313614925195,14468.970253491552,"trajectory(x(t),y(t),z(t))",certified relay position at same global t,fixed G01,True,False
Q2-008,301,14468.970253491552,14470.001088590934,"trajectory(x(t),y(t),z(t))",certified relay position at same global t,fixed G01,True,False
Q2-008,302,14470.001088590934,14471.031923690316,"trajectory(x(t),y(t),z(t))",certified relay position at same global t,fixed G01,True,False
Q2-008,303,14471.031923690316,14472.06275878967,"trajectory(x(t),y(t),z(t))",certified relay position at same global t,fixed G01,True,False
Q2-008,304,14472.06275878967,14473.093593889025,"trajectory(x(t),y(t),z(t))",certified relay position at same global t,fixed G01,True,False
Q2-008,305,14473.093593889025,14474.12442898838,"trajectory(x(t),y(t),z(t))",certified relay position at same global t,fixed G01,True,False
Q2-008,306,14474.12442898838,14475.155264087734,"trajectory(x(t),y(t),z(t))",certified relay position at same global t,fixed G01,True,False
Q2-008,307,14475.155264087734,14476.186099187116,"trajectory(x(t),y(t),z(t))",certified relay position at same global t,fixed G01,True,False
Q2-008,308,14476.186099187116,14477.216934286498,"trajectory(x(t),y(t),z(t))",certified relay position at same global t,fixed G01,True,False
Q2-008,309,14477.216934286498,14478.247769385853,"trajectory(x(t),y(t),z(t))",certified relay position at same global t,fixed G01,True,False
Q2-008,310,14478.247769385853,14479.278604485207,"trajectory(x(t),y(t),z(t))",certified relay position at same global t,fixed G01,True,False
Q2-008,311,14479.278604485207,14480.309439584562,"trajectory(x(t),y(t),z(t))",certified relay position at same global t,fixed G01,True,False
Q2-008,312,14480.309439584562,14481.340274683917,"trajectory(x(t),y(t),z(t))",certified relay position at same global t,fixed G01,True,False
Q2-008,313,14481.340274683917,14482.371109783298,"trajectory(x(t),y(t),z(t))",certified relay position at same global t,fixed G01,True,False
Q2-008,314,14482.371109783298,14483.40194488268,"trajectory(x(t),y(t),z(t))",certified relay position at same global t,fixed G01,True,False
Q2-008,315,14483.40194488268,14484.432779982035,"trajectory(x(t),y(t),z(t))",certified relay position at same global t,fixed G01,True,False
Q2-008,316,14484.432779982035,14485.46361508139,"trajectory(x(t),y(t),z(t))",certified relay position at same global t,fixed G01,True,False
Q2-008,317,14485.46361508139,14486.494450180759,"trajectory(x(t),y(t),z(t))",certified relay position at same global t,fixed G01,True,False
Q2-008,318,14486.494450180759,14487.525285280128,"trajectory(x(t),y(t),z(t))",certified relay position at same global t,fixed G01,True,False
Q2-008,319,14487.525285280128,14488.556120379497,"trajectory(x(t),y(t),z(t))",certified relay position at same global t,fixed G01,True,False
Q2-008,320,14488.556120379497,14489.586955478866,"trajectory(x(t),y(t),z(t))",certified relay position at same global t,fixed G01,True,False
Q2-008,321,14489.586955478866,14490.61779057822,"trajectory(x(t),y(t),z(t))",certified relay position at same global t,fixed G01,True,False
Q2-008,322,14490.61779057822,14491.648625677575,"trajectory(x(t),y(t),z(t))",certified relay position at same global t,fixed G01,True,False
Q2-008,323,14491.648625677575,14492.679460776957,"trajectory(x(t),y(t),z(t))",certified relay position at same global t,fixed G01,True,False
Q2-008,324,14492.679460776957,14493.710295876339,"trajectory(x(t),y(t),z(t))",certified relay position at same global t,fixed G01,True,False
Q2-008,325,14493.710295876339,14494.741130975694,"trajectory(x(t),y(t),z(t))",certified relay position at same global t,fixed G01,True,False
Q2-008,326,14494.741130975694,14495.771966075048,"trajectory(x(t),y(t),z(t))",certified relay position at same global t,fixed G01,True,False
Q2-008,327,14495.771966075048,14496.802801174403,"trajectory(x(t),y(t),z(t))",certified relay position at same global t,fixed G01,True,False
Q2-008,328,14496.802801174403,14497.833636273757,"trajectory(x(t),y(t),z(t))",certified relay position at same global t,fixed G01,True,False
Q2-008,329,14497.833636273757,14498.86447137314,"trajectory(x(t),y(t),z(t))",certified relay position at same global t,fixed G01,True,False
Q2-008,330,14498.86447137314,14499.895306472521,"trajectory(x(t),y(t),z(t))",certified relay position at same global t,fixed G01,True,False
Q2-008,331,14499.895306472521,14500.926141571876,"trajectory(x(t),y(t),z(t))",certified relay position at same global t,fixed G01,True,False
Q2-008,332,14500.926141571876,14501.95697667123,"trajectory(x(t),y(t),z(t))",certified relay position at same global t,fixed G01,True,False
Q2-008,333,14501.95697667123,14502.9878117706,"trajectory(x(t),y(t),z(t))",certified relay position at same global t,fixed G01,True,False
Q2-008,334,14502.9878117706,14504.018646869969,"trajectory(x(t),y(t),z(t))",certified relay position at same global t,fixed G01,True,False
Q2-008,335,14504.018646869969,14505.049481969338,"trajectory(x(t),y(t),z(t))",certified relay position at same global t,fixed G01,True,False
Q2-008,336,14505.049481969338,14506.080317068707,"trajectory(x(t),y(t),z(t))",certified relay position at same global t,fixed G01,True,False
Q2-008,337,14506.080317068707,14506.11016118561,"trajectory(x(t),y(t),z(t))",certified relay position at same global t,fixed G01,True,False
Q2-008,338,14506.11016118561,14506.140005302514,"trajectory(x(t),y(t),z(t))",certified relay position at same global t,fixed G01,True,False
Q2-008,339,14506.140005302514,14507.140996284965,"trajectory(x(t),y(t),z(t))",certified relay position at same global t,fixed G01,True,False
Q2-008,340,14507.140996284965,14508.141987267416,"trajectory(x(t),y(t),z(t))",certified relay position at same global t,fixed G01,True,False
Q2-008,341,14508.141987267416,14509.172822366798,"trajectory(x(t),y(t),z(t))",certified relay position at same global t,fixed G01,True,False
Q2-008,342,14509.172822366798,14510.20365746618,"trajectory(x(t),y(t),z(t))",certified relay position at same global t,fixed G01,True,False
Q2-008,343,14510.20365746618,14511.234492565534,"trajectory(x(t),y(t),z(t))",certified relay position at same global t,fixed G01,True,False
Q2-008,344,14511.234492565534,14512.265327664889,"trajectory(x(t),y(t),z(t))",certified relay position at same global t,fixed G01,True,False
Q2-008,345,14512.265327664889,14513.296162764243,"trajectory(x(t),y(t),z(t))",certified relay position at same global t,fixed G01,True,False
Q2-008,346,14513.296162764243,14514.326997863598,"trajectory(x(t),y(t),z(t))",certified relay position at same global t,fixed G01,True,False
Q2-008,347,14514.326997863598,14515.35783296298,"trajectory(x(t),y(t),z(t))",certified relay position at same global t,fixed G01,True,False
Q2-008,348,14515.35783296298,14516.388668062362,"trajectory(x(t),y(t),z(t))",certified relay position at same global t,fixed G01,True,False
Q2-008,349,14516.388668062362,14517.419503161716,"trajectory(x(t),y(t),z(t))",certified relay position at same global t,fixed G01,True,False
Q2-008,350,14517.419503161716,14518.450338261071,"trajectory(x(t),y(t),z(t))",certified relay position at same global t,fixed G01,True,False
Q2-008,351,14518.450338261071,14519.481173360426,"trajectory(x(t),y(t),z(t))",certified relay position at same global t,fixed G01,True,False
Q2-008,352,14519.481173360426,14520.51200845978,"trajectory(x(t),y(t),z(t))",certified relay position at same global t,fixed G01,True,False
Q2-008,353,14520.51200845978,14521.542843559162,"trajectory(x(t),y(t),z(t))",certified relay position at same global t,fixed G01,True,False
Q2-008,354,14521.542843559162,14522.573678658544,"trajectory(x(t),y(t),z(t))",certified relay position at same global t,fixed G01,True,False
Q2-008,355,14522.573678658544,14523.604513757899,"trajectory(x(t),y(t),z(t))",certified relay position at same global t,fixed G01,True,False
Q2-008,356,14523.604513757899,14524.635348857253,"trajectory(x(t),y(t),z(t))",certified relay position at same global t,fixed G01,True,False
Q2-008,357,14524.635348857253,14525.666183956622,"trajectory(x(t),y(t),z(t))",certified relay position at same global t,fixed G01,True,False
Q2-008,358,14525.666183956622,14526.697019055991,"trajectory(x(t),y(t),z(t))",certified relay position at same global t,fixed G01,True,False
Q2-008,359,14526.697019055991,14527.72785415536,"trajectory(x(t),y(t),z(t))",certified relay position at same global t,fixed G01,True,False
Q2-008,360,14527.72785415536,14528.75868925473,"trajectory(x(t),y(t),z(t))",certified relay position at same global t,fixed G01,True,False
Q2-008,361,14528.75868925473,14529.35830541533,"trajectory(x(t),y(t),z(t))",certified relay position at same global t,fixed G01,True,False
Q2-008,362,14529.35830541533,14529.95792157593,"trajectory(x(t),y(t),z(t))",certified relay position at same global t,fixed G01,True,False
Q2-008,363,14529.95792157593,14595.663365911867,"trajectory(x(t),y(t),z(t))",certified relay position at same global t,fixed G01,True,False
Q2-008,364,14595.663365911867,14991.663365911867,"trajectory(x(t),y(t),z(t))",certified relay position at same global t,fixed G01,True,False
Q2-008,365,14991.663365911867,15044.227721380617,"trajectory(x(t),y(t),z(t))",certified relay position at same global t,fixed G01,True,False
Q2-008,366,15044.227721380617,15044.827337541217,"trajectory(x(t),y(t),z(t))",certified relay position at same global t,fixed G01,True,False
Q2-008,367,15044.827337541217,15045.426953701817,"trajectory(x(t),y(t),z(t))",certified relay position at same global t,fixed G01,True,False
Q2-008,368,15045.426953701817,15046.457788801186,"trajectory(x(t),y(t),z(t))",certified relay position at same global t,fixed G01,True,False
Q2-008,369,15046.457788801186,15047.488623900555,"trajectory(x(t),y(t),z(t))",certified relay position at same global t,fixed G01,True,False
Q2-008,370,15047.488623900555,15048.519458999925,"trajectory(x(t),y(t),z(t))",certified relay position at same global t,fixed G01,True,False
Q2-008,371,15048.519458999925,15049.550294099294,"trajectory(x(t),y(t),z(t))",certified relay position at same global t,fixed G01,True,False
Q2-008,372,15049.550294099294,15050.581129198648,"trajectory(x(t),y(t),z(t))",certified relay position at same global t,fixed G01,True,False
Q2-008,373,15050.581129198648,15051.611964298003,"trajectory(x(t),y(t),z(t))",certified relay position at same global t,fixed G01,True,False
Q2-008,374,15051.611964298003,15052.642799397385,"trajectory(x(t),y(t),z(t))",certified relay position at same global t,fixed G01,True,False
Q2-008,375,15052.642799397385,15053.673634496767,"trajectory(x(t),y(t),z(t))",certified relay position at same global t,fixed G01,True,False
Q2-008,376,15053.673634496767,15054.704469596121,"trajectory(x(t),y(t),z(t))",certified relay position at same global t,fixed G01,True,False
Q2-008,377,15054.704469596121,15055.735304695476,"trajectory(x(t),y(t),z(t))",certified relay position at same global t,fixed G01,True,False
Q2-008,378,15055.735304695476,15056.76613979483,"trajectory(x(t),y(t),z(t))",certified relay position at same global t,fixed G01,True,False
Q2-008,379,15056.76613979483,15057.796974894185,"trajectory(x(t),y(t),z(t))",certified relay position at same global t,fixed G01,True,False
Q2-008,380,15057.796974894185,15058.827809993567,"trajectory(x(t),y(t),z(t))",certified relay position at same global t,fixed G01,True,False
Q2-008,381,15058.827809993567,15059.858645092949,"trajectory(x(t),y(t),z(t))",certified relay position at same global t,fixed G01,True,False
Q2-008,382,15059.858645092949,15060.889480192303,"trajectory(x(t),y(t),z(t))",certified relay position at same global t,fixed G01,True,False
Q2-008,383,15060.889480192303,15061.920315291658,"trajectory(x(t),y(t),z(t))",certified relay position at same global t,fixed G01,True,False
Q2-008,384,15061.920315291658,15062.951150391013,"trajectory(x(t),y(t),z(t))",certified relay position at same global t,fixed G01,True,False
Q2-008,385,15062.951150391013,15063.981985490367,"trajectory(x(t),y(t),z(t))",certified relay position at same global t,fixed G01,True,False
Q2-008,386,15063.981985490367,15065.012820589749,"trajectory(x(t),y(t),z(t))",certified relay position at same global t,fixed G01,True,False
Q2-008,387,15065.012820589749,15066.04365568913,"trajectory(x(t),y(t),z(t))",certified relay position at same global t,fixed G01,True,False
Q2-008,388,15066.04365568913,15067.044646671582,"trajectory(x(t),y(t),z(t))",certified relay position at same global t,fixed G01,True,False
Q2-008,389,15067.044646671582,15068.045637654033,"trajectory(x(t),y(t),z(t))",certified relay position at same global t,fixed G01,True,False
Q2-008,390,15068.045637654033,15068.075481770937,"trajectory(x(t),y(t),z(t))",certified relay position at same global t,fixed G01,True,False
Q2-008,391,15068.075481770937,15068.10532588784,"trajectory(x(t),y(t),z(t))",certified relay position at same global t,fixed G01,True,False
Q2-008,392,15068.10532588784,15069.13616098721,"trajectory(x(t),y(t),z(t))",certified relay position at same global t,fixed G01,True,False
Q2-008,393,15069.13616098721,15070.166996086578,"trajectory(x(t),y(t),z(t))",certified relay position at same global t,fixed G01,True,False
Q2-008,394,15070.166996086578,15071.197831185948,"trajectory(x(t),y(t),z(t))",certified relay position at same global t,fixed G01,True,False
Q2-008,395,15071.197831185948,15072.228666285317,"trajectory(x(t),y(t),z(t))",certified relay position at same global t,fixed G01,True,False
Q2-008,396,15072.228666285317,15073.259501384671,"trajectory(x(t),y(t),z(t))",certified relay position at same global t,fixed G01,True,False
Q2-008,397,15073.259501384671,15074.290336484026,"trajectory(x(t),y(t),z(t))",certified relay position at same global t,fixed G01,True,False
Q2-008,398,15074.290336484026,15075.321171583408,"trajectory(x(t),y(t),z(t))",certified relay position at same global t,fixed G01,True,False
Q2-008,399,15075.321171583408,15076.35200668279,"trajectory(x(t),y(t),z(t))",certified relay position at same global t,fixed G01,True,False
Q2-008,400,15076.35200668279,15077.382841782144,"trajectory(x(t),y(t),z(t))",certified relay position at same global t,fixed G01,True,False
Q2-008,401,15077.382841782144,15078.413676881499,"trajectory(x(t),y(t),z(t))",certified relay position at same global t,fixed G01,True,False
Q2-008,402,15078.413676881499,15079.444511980853,"trajectory(x(t),y(t),z(t))",certified relay position at same global t,fixed G01,True,False
Q2-008,403,15079.444511980853,15080.475347080208,"trajectory(x(t),y(t),z(t))",certified relay position at same global t,fixed G01,True,False
Q2-008,404,15080.475347080208,15081.50618217959,"trajectory(x(t),y(t),z(t))",certified relay position at same global t,fixed G01,True,False
Q2-008,405,15081.50618217959,15082.537017278972,"trajectory(x(t),y(t),z(t))",certified relay position at same global t,fixed G01,True,False
Q2-008,406,15082.537017278972,15083.567852378326,"trajectory(x(t),y(t),z(t))",certified relay position at same global t,fixed G01,True,False
Q2-008,407,15083.567852378326,15084.59868747768,"trajectory(x(t),y(t),z(t))",certified relay position at same global t,fixed G01,True,False
Q2-008,408,15084.59868747768,15085.62952257705,"trajectory(x(t),y(t),z(t))",certified relay position at same global t,fixed G01,True,False
Q2-008,409,15085.62952257705,15086.66035767642,"trajectory(x(t),y(t),z(t))",certified relay position at same global t,fixed G01,True,False
Q2-008,410,15086.66035767642,15087.691192775788,"trajectory(x(t),y(t),z(t))",certified relay position at same global t,fixed G01,True,False
Q2-008,411,15087.691192775788,15088.722027875157,"trajectory(x(t),y(t),z(t))",certified relay position at same global t,fixed G01,True,False
Q2-008,412,15088.722027875157,15089.752862974512,"trajectory(x(t),y(t),z(t))",certified relay position at same global t,fixed G01,True,False
Q2-008,413,15089.752862974512,15090.783698073867,"trajectory(x(t),y(t),z(t))",certified relay position at same global t,fixed G01,True,False
Q2-008,414,15090.783698073867,15091.814533173248,"trajectory(x(t),y(t),z(t))",certified relay position at same global t,fixed G01,True,False
Q2-008,415,15091.814533173248,15092.84536827263,"trajectory(x(t),y(t),z(t))",certified relay position at same global t,fixed G01,True,False
Q2-008,416,15092.84536827263,15093.876203371985,"trajectory(x(t),y(t),z(t))",certified relay position at same global t,fixed G01,True,False
Q2-008,417,15093.876203371985,15094.90703847134,"trajectory(x(t),y(t),z(t))",certified relay position at same global t,fixed G01,True,False
Q2-008,418,15094.90703847134,15095.937873570694,"trajectory(x(t),y(t),z(t))",certified relay position at same global t,fixed G01,True,False
Q2-008,419,15095.937873570694,15096.968708670049,"trajectory(x(t),y(t),z(t))",certified relay position at same global t,fixed G01,True,False
Q2-008,420,15096.968708670049,15097.99954376943,"trajectory(x(t),y(t),z(t))",certified relay position at same global t,fixed G01,True,False
Q2-008,421,15097.99954376943,15099.030378868812,"trajectory(x(t),y(t),z(t))",certified relay position at same global t,fixed G01,True,False
Q2-008,422,15099.030378868812,15100.061213968167,"trajectory(x(t),y(t),z(t))",certified relay position at same global t,fixed G01,True,False
Q2-008,423,15100.061213968167,15101.092049067522,"trajectory(x(t),y(t),z(t))",certified relay position at same global t,fixed G01,True,False
Q2-008,424,15101.092049067522,15102.122884166876,"trajectory(x(t),y(t),z(t))",certified relay position at same global t,fixed G01,True,False
Q2-008,425,15102.122884166876,15103.15371926623,"trajectory(x(t),y(t),z(t))",certified relay position at same global t,fixed G01,True,False
Q2-008,426,15103.15371926623,15104.184554365613,"trajectory(x(t),y(t),z(t))",certified relay position at same global t,fixed G01,True,False
Q2-008,427,15104.184554365613,15105.215389464995,"trajectory(x(t),y(t),z(t))",certified relay position at same global t,fixed G01,True,False
Q2-008,428,15105.215389464995,15105.872028031352,"trajectory(x(t),y(t),z(t))",certified relay position at same global t,fixed G01,True,False
Q2-008,429,15105.872028031352,15106.52866659771,"trajectory(x(t),y(t),z(t))",certified relay position at same global t,fixed G01,True,False
Q2-008,430,15106.52866659771,15106.902863130708,"trajectory(x(t),y(t),z(t))",certified relay position at same global t,fixed G01,True,False
Q2-008,431,15106.902863130708,15107.277059663707,"trajectory(x(t),y(t),z(t))",certified relay position at same global t,fixed G01,True,False
Q2-008,432,15107.277059663707,15108.307894763077,"trajectory(x(t),y(t),z(t))",certified relay position at same global t,fixed G01,True,False
Q2-008,433,15108.307894763077,15109.338729862446,"trajectory(x(t),y(t),z(t))",certified relay position at same global t,fixed G01,True,False
Q2-008,434,15109.338729862446,15110.369564961815,"trajectory(x(t),y(t),z(t))",certified relay position at same global t,fixed G01,True,False
Q2-008,435,15110.369564961815,15111.400400061184,"trajectory(x(t),y(t),z(t))",certified relay position at same global t,fixed G01,True,False
Q2-008,436,15111.400400061184,15112.431235160539,"trajectory(x(t),y(t),z(t))",certified relay position at same global t,fixed G01,True,False
Q2-008,437,15112.431235160539,15113.462070259893,"trajectory(x(t),y(t),z(t))",certified relay position at same global t,fixed G01,True,False
Q2-008,438,15113.462070259893,15114.492905359275,"trajectory(x(t),y(t),z(t))",certified relay position at same global t,fixed G01,True,False
Q2-008,439,15114.492905359275,15115.523740458657,"trajectory(x(t),y(t),z(t))",certified relay position at same global t,fixed G01,True,False
Q2-008,440,15115.523740458657,15116.554575558011,"trajectory(x(t),y(t),z(t))",certified relay position at same global t,fixed G01,True,False
Q2-008,441,15116.554575558011,15117.585410657366,"trajectory(x(t),y(t),z(t))",certified relay position at same global t,fixed G01,True,False
Q2-008,442,15117.585410657366,15118.61624575672,"trajectory(x(t),y(t),z(t))",certified relay position at same global t,fixed G01,True,False
Q2-008,443,15118.61624575672,15119.647080856075,"trajectory(x(t),y(t),z(t))",certified relay position at same global t,fixed G01,True,False
Q2-008,444,15119.647080856075,15120.677915955457,"trajectory(x(t),y(t),z(t))",certified relay position at same global t,fixed G01,True,False
Q2-008,445,15120.677915955457,15121.708751054839,"trajectory(x(t),y(t),z(t))",certified relay position at same global t,fixed G01,True,False
Q2-008,446,15121.708751054839,15122.739586154194,"trajectory(x(t),y(t),z(t))",certified relay position at same global t,fixed G01,True,False
Q2-008,447,15122.739586154194,15123.770421253548,"trajectory(x(t),y(t),z(t))",certified relay position at same global t,fixed G01,True,False
Q2-008,448,15123.770421253548,15124.801256352917,"trajectory(x(t),y(t),z(t))",certified relay position at same global t,fixed G01,True,False
Q2-008,449,15124.801256352917,15125.832091452286,"trajectory(x(t),y(t),z(t))",certified relay position at same global t,fixed G01,True,False
Q2-008,450,15125.832091452286,15126.862926551656,"trajectory(x(t),y(t),z(t))",certified relay position at same global t,fixed G01,True,False
Q2-008,451,15126.862926551656,15127.893761651025,"trajectory(x(t),y(t),z(t))",certified relay position at same global t,fixed G01,True,False
Q2-008,452,15127.893761651025,15128.92459675038,"trajectory(x(t),y(t),z(t))",certified relay position at same global t,fixed G01,True,False
Q2-008,453,15128.92459675038,15129.955431849734,"trajectory(x(t),y(t),z(t))",certified relay position at same global t,fixed G01,True,False
Q2-008,454,15129.955431849734,15130.986266949116,"trajectory(x(t),y(t),z(t))",certified relay position at same global t,fixed G01,True,False
Q2-008,455,15130.986266949116,15132.017102048498,"trajectory(x(t),y(t),z(t))",certified relay position at same global t,fixed G01,True,False
Q2-008,456,15132.017102048498,15133.047937147852,"trajectory(x(t),y(t),z(t))",certified relay position at same global t,fixed G01,True,False
Q2-008,457,15133.047937147852,15134.078772247207,"trajectory(x(t),y(t),z(t))",certified relay position at same global t,fixed G01,True,False
Q2-008,458,15134.078772247207,15135.109607346561,"trajectory(x(t),y(t),z(t))",certified relay position at same global t,fixed G01,True,False
Q2-010,369,3246.5088721673615,3247.6127221910338,"trajectory(x(t),y(t),z(t))",certified relay position at same global t,fixed G01,True,True
Q2-010,370,3247.6127221910338,3248.716572214706,"trajectory(x(t),y(t),z(t))",certified relay position at same global t,fixed G01,True,True
Q2-010,371,3248.716572214706,3248.9819967694625,"trajectory(x(t),y(t),z(t))",certified relay position at same global t,fixed G01,True,True
Q2-010,372,3248.9819967694625,3249.247421324219,"trajectory(x(t),y(t),z(t))",certified relay position at same global t,fixed G01,True,True
Q2-010,373,3249.247421324219,3250.0858467930784,"trajectory(x(t),y(t),z(t))",certified relay position at same global t,fixed G01,True,True
Q2-010,374,3250.0858467930784,3250.924272261938,"trajectory(x(t),y(t),z(t))",certified relay position at same global t,fixed G01,True,True
Q2-010,375,3250.924272261938,3252.02812228561,"trajectory(x(t),y(t),z(t))",certified relay position at same global t,fixed G01,True,True
Q2-010,376,3252.02812228561,3253.1319723092824,"trajectory(x(t),y(t),z(t))",certified relay position at same global t,fixed G01,True,True
Q2-010,377,3253.1319723092824,3253.197544424242,"trajectory(x(t),y(t),z(t))",certified relay position at same global t,fixed G01,True,True
Q2-010,378,3253.197544424242,3253.2631165392013,"trajectory(x(t),y(t),z(t))",certified relay position at same global t,fixed G01,True,True
Q2-010,379,3253.2631165392013,3254.3013944479144,"trajectory(x(t),y(t),z(t))",certified relay position at same global t,fixed G01,True,True
Q2-010,380,3254.3013944479144,3255.3396723566275,"trajectory(x(t),y(t),z(t))",certified relay position at same global t,fixed G01,True,True
Q2-010,381,3255.3396723566275,3256.309242055406,"trajectory(x(t),y(t),z(t))",certified relay position at same global t,fixed G01,True,True
Q2-010,382,3256.309242055406,3257.278811754184,"trajectory(x(t),y(t),z(t))",certified relay position at same global t,fixed G01,True,True
Q2-010,383,3257.278811754184,3257.4130920790217,"trajectory(x(t),y(t),z(t))",certified relay position at same global t,fixed G01,True,True
Q2-010,384,3257.4130920790217,3257.5473724038593,"trajectory(x(t),y(t),z(t))",certified relay position at same global t,fixed G01,True,True
Q2-010,385,3257.5473724038593,3258.6512224275884,"trajectory(x(t),y(t),z(t))",certified relay position at same global t,fixed G01,True,True
Q2-010,386,3258.6512224275884,3259.7550724513176,"trajectory(x(t),y(t),z(t))",certified relay position at same global t,fixed G01,True,True
Q2-010,387,3259.7550724513176,3260.5247897102163,"trajectory(x(t),y(t),z(t))",certified relay position at same global t,fixed G01,True,True
Q2-010,388,3260.5247897102163,3261.294506969115,"trajectory(x(t),y(t),z(t))",certified relay position at same global t,fixed G01,True,True
Q2-010,389,3261.294506969115,3261.628639733832,"trajectory(x(t),y(t),z(t))",certified relay position at same global t,fixed G01,True,True
Q2-010,390,3261.628639733832,3261.9627724985494,"trajectory(x(t),y(t),z(t))",certified relay position at same global t,fixed G01,True,True
Q2-010,391,3261.9627724985494,3263.0666225221653,"trajectory(x(t),y(t),z(t))",certified relay position at same global t,fixed G01,True,True
Q2-010,392,3263.0666225221653,3264.170472545781,"trajectory(x(t),y(t),z(t))",certified relay position at same global t,fixed G01,True,True
Q2-010,393,3264.170472545781,3264.740337364965,"trajectory(x(t),y(t),z(t))",certified relay position at same global t,fixed G01,True,True
Q2-010,394,3264.740337364965,3265.3102021841487,"trajectory(x(t),y(t),z(t))",certified relay position at same global t,fixed G01,True,True
Q2-010,395,3265.3102021841487,3265.8441873886936,"trajectory(x(t),y(t),z(t))",certified relay position at same global t,fixed G01,True,True
Q2-010,396,3265.8441873886936,3266.3781725932386,"trajectory(x(t),y(t),z(t))",certified relay position at same global t,fixed G01,True,True
Q2-010,397,3266.3781725932386,3267.4820226168545,"trajectory(x(t),y(t),z(t))",certified relay position at same global t,fixed G01,True,True
Q2-010,398,3267.4820226168545,3268.5858726404704,"trajectory(x(t),y(t),z(t))",certified relay position at same global t,fixed G01,True,False
Q2-010,399,3268.5858726404704,3268.955885019775,"trajectory(x(t),y(t),z(t))",certified relay position at same global t,fixed G01,True,False
Q2-010,400,3268.955885019775,3269.3258973990796,"trajectory(x(t),y(t),z(t))",certified relay position at same global t,fixed G01,True,False
Q2-010,401,3269.3258973990796,3270.059735043391,"trajectory(x(t),y(t),z(t))",certified relay position at same global t,fixed G01,True,False
Q2-010,402,3270.059735043391,3270.7935726877026,"trajectory(x(t),y(t),z(t))",certified relay position at same global t,fixed G01,True,False
Q2-010,403,3270.7935726877026,3271.897422711432,"trajectory(x(t),y(t),z(t))",certified relay position at same global t,fixed G01,True,False
Q2-010,404,3271.897422711432,3273.001272735161,"trajectory(x(t),y(t),z(t))",certified relay position at same global t,fixed G01,True,False
Q2-010,405,3273.001272735161,3273.171432674586,"trajectory(x(t),y(t),z(t))",certified relay position at same global t,fixed G01,True,False
Q2-010,406,3273.171432674586,3273.341592614011,"trajectory(x(t),y(t),z(t))",certified relay position at same global t,fixed G01,True,False
Q2-010,407,3273.341592614011,3274.275282698202,"trajectory(x(t),y(t),z(t))",certified relay position at same global t,fixed G01,True,False
Q2-010,408,3274.275282698202,3275.2089727823927,"trajectory(x(t),y(t),z(t))",certified relay position at same global t,fixed G01,True,False
Q2-010,409,3275.2089727823927,3276.2831303057187,"trajectory(x(t),y(t),z(t))",certified relay position at same global t,fixed G01,True,False
Q2-010,410,3276.2831303057187,3277.3572878290447,"trajectory(x(t),y(t),z(t))",certified relay position at same global t,fixed G01,True,False
Q2-010,411,3277.3572878290447,3277.3869803293346,"trajectory(x(t),y(t),z(t))",certified relay position at same global t,fixed G01,True,False
Q2-010,412,3277.3869803293346,3277.4166728296245,"trajectory(x(t),y(t),z(t))",certified relay position at same global t,fixed G01,True,False
Q2-010,413,3277.4166728296245,3278.5205228533537,"trajectory(x(t),y(t),z(t))",certified relay position at same global t,fixed G01,True,False
Q2-010,414,3278.5205228533537,3279.624372877083,"trajectory(x(t),y(t),z(t))",certified relay position at same global t,fixed G01,True,False
Q2-010,415,3279.624372877083,3280.4986779605297,"trajectory(x(t),y(t),z(t))",certified relay position at same global t,fixed G01,True,False
Q2-010,416,3280.4986779605297,3281.3729830439765,"trajectory(x(t),y(t),z(t))",certified relay position at same global t,fixed G01,True,False
Q2-010,417,3281.3729830439765,3281.6025279841456,"trajectory(x(t),y(t),z(t))",certified relay position at same global t,fixed G01,True,False
Q2-010,418,3281.6025279841456,3281.8320729243146,"trajectory(x(t),y(t),z(t))",certified relay position at same global t,fixed G01,True,False
Q2-010,419,3281.8320729243146,3282.9359229479305,"trajectory(x(t),y(t),z(t))",certified relay position at same global t,fixed G01,True,False
Q2-010,420,3282.9359229479305,3284.0397729715464,"trajectory(x(t),y(t),z(t))",certified relay position at same global t,fixed G01,True,False
Q2-010,421,3284.0397729715464,3284.7142256152524,"trajectory(x(t),y(t),z(t))",certified relay position at same global t,fixed G01,True,False
Q2-010,422,3284.7142256152524,3285.3886782589584,"trajectory(x(t),y(t),z(t))",certified relay position at same global t,fixed G01,True,False
Q2-010,423,3285.3886782589584,3285.818075638981,"trajectory(x(t),y(t),z(t))",certified relay position at same global t,fixed G01,True,False
Q2-010,424,3285.818075638981,3286.247473019004,"trajectory(x(t),y(t),z(t))",certified relay position at same global t,fixed G01,True,False
Q2-010,425,3286.247473019004,3286.635189301316,"trajectory(x(t),y(t),z(t))",certified relay position at same global t,fixed G01,True,False
Q2-010,426,3286.635189301316,3287.0229055836285,"trajectory(x(t),y(t),z(t))",certified relay position at same global t,fixed G01,True,False
Q2-010,427,3287.0229055836285,3368.7594931080425,"trajectory(x(t),y(t),z(t))",certified relay position at same global t,fixed G01,True,False
Q2-010,428,3368.7594931080425,3728.7594931080425,"trajectory(x(t),y(t),z(t))",certified relay position at same global t,fixed G01,True,False
Q2-010,429,3728.7594931080425,3794.1487631275736,"trajectory(x(t),y(t),z(t))",certified relay position at same global t,fixed G01,True,False
Q2-010,430,3794.1487631275736,3794.536479409886,"trajectory(x(t),y(t),z(t))",certified relay position at same global t,fixed G01,True,False
Q2-010,431,3794.536479409886,3794.9241956921983,"trajectory(x(t),y(t),z(t))",certified relay position at same global t,fixed G01,True,False
Q2-010,432,3794.9241956921983,3795.353593072221,"trajectory(x(t),y(t),z(t))",certified relay position at same global t,fixed G01,True,False
Q2-010,433,3795.353593072221,3795.7829904522437,"trajectory(x(t),y(t),z(t))",certified relay position at same global t,fixed G01,True,False
Q2-010,434,3795.7829904522437,3796.4574430959497,"trajectory(x(t),y(t),z(t))",certified relay position at same global t,fixed G01,True,False
Q2-010,435,3796.4574430959497,3797.1318957396556,"trajectory(x(t),y(t),z(t))",certified relay position at same global t,fixed G01,True,False
Q2-010,436,3797.1318957396556,3798.2357457632716,"trajectory(x(t),y(t),z(t))",certified relay position at same global t,fixed G01,True,False
Q2-010,437,3798.2357457632716,3799.3395957868875,"trajectory(x(t),y(t),z(t))",certified relay position at same global t,fixed G01,True,False
Q2-010,438,3799.3395957868875,3799.5691407270565,"trajectory(x(t),y(t),z(t))",certified relay position at same global t,fixed G01,True,False
Q2-010,439,3799.5691407270565,3799.7986856672255,"trajectory(x(t),y(t),z(t))",certified relay position at same global t,fixed G01,True,False
Q2-010,440,3799.7986856672255,3800.6729907506724,"trajectory(x(t),y(t),z(t))",certified relay position at same global t,fixed G01,True,False
Q2-010,441,3800.6729907506724,3801.5472958341193,"trajectory(x(t),y(t),z(t))",certified relay position at same global t,fixed G01,True,False
Q2-010,442,3801.5472958341193,3802.6511458578484,"trajectory(x(t),y(t),z(t))",certified relay position at same global t,fixed G01,True,False
Q2-010,443,3802.6511458578484,3803.7549958815775,"trajectory(x(t),y(t),z(t))",certified relay position at same global t,fixed G01,True,False
Q2-010,444,3803.7549958815775,3803.7846883818675,"trajectory(x(t),y(t),z(t))",certified relay position at same global t,fixed G01,True,False
Q2-010,445,3803.7846883818675,3803.8143808821574,"trajectory(x(t),y(t),z(t))",certified relay position at same global t,fixed G01,True,False
Q2-010,446,3803.8143808821574,3804.8885384054834,"trajectory(x(t),y(t),z(t))",certified relay position at same global t,fixed G01,True,False
Q2-010,447,3804.8885384054834,3805.9626959288094,"trajectory(x(t),y(t),z(t))",certified relay position at same global t,fixed G01,True,False
Q2-010,448,3805.9626959288094,3806.896386013,"trajectory(x(t),y(t),z(t))",certified relay position at same global t,fixed G01,True,False
Q2-010,449,3806.896386013,3807.830076097191,"trajectory(x(t),y(t),z(t))",certified relay position at same global t,fixed G01,True,False
Q2-010,450,3807.830076097191,3808.000236036616,"trajectory(x(t),y(t),z(t))",certified relay position at same global t,fixed G01,True,False
Q2-010,451,3808.000236036616,3808.170395976041,"trajectory(x(t),y(t),z(t))",certified relay position at same global t,fixed G01,True,False
Q2-010,452,3808.170395976041,3809.2742459997703,"trajectory(x(t),y(t),z(t))",certified relay position at same global t,fixed G01,True,False
Q2-010,453,3809.2742459997703,3810.3780960234994,"trajectory(x(t),y(t),z(t))",certified relay position at same global t,fixed G01,True,False
Q2-010,454,3810.3780960234994,3811.111933667811,"trajectory(x(t),y(t),z(t))",certified relay position at same global t,fixed G01,True,False
Q2-010,455,3811.111933667811,3811.8457713121225,"trajectory(x(t),y(t),z(t))",certified relay position at same global t,fixed G01,True,False
Q2-010,456,3811.8457713121225,3812.215783691427,"trajectory(x(t),y(t),z(t))",certified relay position at same global t,fixed G01,True,False
Q2-010,457,3812.215783691427,3812.5857960707317,"trajectory(x(t),y(t),z(t))",certified relay position at same global t,fixed G01,True,False
Q2-010,458,3812.5857960707317,3813.6896460943476,"trajectory(x(t),y(t),z(t))",certified relay position at same global t,fixed G01,True,False
Q2-010,459,3813.6896460943476,3814.7934961179635,"trajectory(x(t),y(t),z(t))",certified relay position at same global t,fixed G01,True,True
Q2-010,460,3814.7934961179635,3815.3274813225084,"trajectory(x(t),y(t),z(t))",certified relay position at same global t,fixed G01,True,True
Q2-010,461,3815.3274813225084,3815.8614665270534,"trajectory(x(t),y(t),z(t))",certified relay position at same global t,fixed G01,True,True
Q2-010,462,3815.8614665270534,3816.431331346237,"trajectory(x(t),y(t),z(t))",certified relay position at same global t,fixed G01,True,True
Q2-010,463,3816.431331346237,3817.001196165421,"trajectory(x(t),y(t),z(t))",certified relay position at same global t,fixed G01,True,True
Q2-010,464,3817.001196165421,3818.105046189037,"trajectory(x(t),y(t),z(t))",certified relay position at same global t,fixed G01,True,True
Q2-010,465,3818.105046189037,3819.2088962126527,"trajectory(x(t),y(t),z(t))",certified relay position at same global t,fixed G01,True,True
Q2-010,466,3819.2088962126527,3819.54302897737,"trajectory(x(t),y(t),z(t))",certified relay position at same global t,fixed G01,True,True
Q2-010,467,3819.54302897737,3819.877161742087,"trajectory(x(t),y(t),z(t))",certified relay position at same global t,fixed G01,True,True
Q2-010,468,3819.877161742087,3820.646879000986,"trajectory(x(t),y(t),z(t))",certified relay position at same global t,fixed G01,True,True
Q2-010,469,3820.646879000986,3821.4165962598845,"trajectory(x(t),y(t),z(t))",certified relay position at same global t,fixed G01,True,True
Q2-010,470,3821.4165962598845,3822.5204462836136,"trajectory(x(t),y(t),z(t))",certified relay position at same global t,fixed G01,True,True
Q2-010,471,3822.5204462836136,3823.624296307343,"trajectory(x(t),y(t),z(t))",certified relay position at same global t,fixed G01,True,True
Q2-010,472,3823.624296307343,3823.7585766321804,"trajectory(x(t),y(t),z(t))",certified relay position at same global t,fixed G01,True,True
Q2-010,473,3823.7585766321804,3823.892856957018,"trajectory(x(t),y(t),z(t))",certified relay position at same global t,fixed G01,True,True
Q2-010,474,3823.892856957018,3824.8624266557963,"trajectory(x(t),y(t),z(t))",certified relay position at same global t,fixed G01,True,True
Q2-010,475,3824.8624266557963,3825.8319963545746,"trajectory(x(t),y(t),z(t))",certified relay position at same global t,fixed G01,True,True
Q2-010,476,3825.8319963545746,3826.8702742632877,"trajectory(x(t),y(t),z(t))",certified relay position at same global t,fixed G01,True,True
Q2-010,477,3826.8702742632877,3827.908552172001,"trajectory(x(t),y(t),z(t))",certified relay position at same global t,fixed G01,True,True
Q2-010,478,3827.908552172001,3827.97412428696,"trajectory(x(t),y(t),z(t))",certified relay position at same global t,fixed G01,True,True
Q2-010,479,3827.97412428696,3828.0396964019196,"trajectory(x(t),y(t),z(t))",certified relay position at same global t,fixed G01,True,True
Q2-010,480,3828.0396964019196,3829.143546425592,"trajectory(x(t),y(t),z(t))",certified relay position at same global t,fixed G01,True,True
Q2-010,481,3829.143546425592,3830.247396449264,"trajectory(x(t),y(t),z(t))",certified relay position at same global t,fixed G01,True,True
Q2-010,482,3830.247396449264,3831.0858219181237,"trajectory(x(t),y(t),z(t))",certified relay position at same global t,fixed G01,True,True
Q2-010,483,3831.0858219181237,3831.924247386983,"trajectory(x(t),y(t),z(t))",certified relay position at same global t,fixed G01,True,True
Q2-010,484,3831.924247386983,3832.1896719417396,"trajectory(x(t),y(t),z(t))",certified relay position at same global t,fixed G01,True,True
Q2-010,485,3832.1896719417396,3832.455096496496,"trajectory(x(t),y(t),z(t))",certified relay position at same global t,fixed G01,True,True
Q2-010,486,3832.455096496496,3833.5589465201683,"trajectory(x(t),y(t),z(t))",certified relay position at same global t,fixed G01,True,True
Q2-010,487,3833.5589465201683,3834.6627965438406,"trajectory(x(t),y(t),z(t))",certified relay position at same global t,fixed G01,True,True
Q2-011,314,11744.363264992115,11745.420826169207,"trajectory(x(t),y(t),z(t))",certified relay position at same global t,fixed G01,True,True
Q2-011,315,11745.420826169207,11746.478387346286,"trajectory(x(t),y(t),z(t))",certified relay position at same global t,fixed G01,True,True
Q2-011,316,11746.478387346286,11747.535948523364,"trajectory(x(t),y(t),z(t))",certified relay position at same global t,fixed G01,True,True
Q2-011,317,11747.535948523364,11748.59350970047,"trajectory(x(t),y(t),z(t))",certified relay position at same global t,fixed G01,True,False
Q2-011,318,11748.59350970047,11749.651070877575,"trajectory(x(t),y(t),z(t))",certified relay position at same global t,fixed G01,True,False
Q2-011,319,11749.651070877575,11750.551308572487,"trajectory(x(t),y(t),z(t))",certified relay position at same global t,fixed G01,True,False
Q2-011,320,11750.551308572487,11751.451546267399,"trajectory(x(t),y(t),z(t))",certified relay position at same global t,fixed G01,True,False
Q2-011,321,11751.451546267399,11751.608869749565,"trajectory(x(t),y(t),z(t))",certified relay position at same global t,fixed G01,True,False
Q2-011,322,11751.608869749565,11751.766193231731,"trajectory(x(t),y(t),z(t))",certified relay position at same global t,fixed G01,True,False
Q2-011,323,11751.766193231731,11752.82375440881,"trajectory(x(t),y(t),z(t))",certified relay position at same global t,fixed G01,True,False
Q2-011,324,11752.82375440881,11753.881315585888,"trajectory(x(t),y(t),z(t))",certified relay position at same global t,fixed G01,True,False
Q2-011,325,11753.881315585888,11754.938876762993,"trajectory(x(t),y(t),z(t))",certified relay position at same global t,fixed G01,True,False
Q2-011,326,11754.938876762993,11755.996437940099,"trajectory(x(t),y(t),z(t))",certified relay position at same global t,fixed G01,True,False
Q2-011,327,11755.996437940099,11757.053999117177,"trajectory(x(t),y(t),z(t))",certified relay position at same global t,fixed G01,True,False
Q2-011,328,11757.053999117177,11758.111560294255,"trajectory(x(t),y(t),z(t))",certified relay position at same global t,fixed G01,True,False
Q2-011,329,11758.111560294255,11758.929071698047,"trajectory(x(t),y(t),z(t))",certified relay position at same global t,fixed G01,True,False
Q2-011,330,11758.929071698047,11759.746583101838,"trajectory(x(t),y(t),z(t))",certified relay position at same global t,fixed G01,True,False
Q2-011,331,11759.746583101838,11759.986632875138,"trajectory(x(t),y(t),z(t))",certified relay position at same global t,fixed G01,True,False
Q2-011,332,11759.986632875138,11760.226682648437,"trajectory(x(t),y(t),z(t))",certified relay position at same global t,fixed G01,True,False
Q2-011,333,11760.226682648437,11761.28424382553,"trajectory(x(t),y(t),z(t))",certified relay position at same global t,fixed G01,True,False
Q2-011,334,11761.28424382553,11762.341805002623,"trajectory(x(t),y(t),z(t))",certified relay position at same global t,fixed G01,True,False
Q2-011,335,11762.341805002623,11763.399366179701,"trajectory(x(t),y(t),z(t))",certified relay position at same global t,fixed G01,True,False
Q2-011,336,11763.399366179701,11764.45692735678,"trajectory(x(t),y(t),z(t))",certified relay position at same global t,fixed G01,True,False
Q2-011,337,11764.45692735678,11765.514488533885,"trajectory(x(t),y(t),z(t))",certified relay position at same global t,fixed G01,True,False
Q2-011,338,11765.514488533885,11766.57204971099,"trajectory(x(t),y(t),z(t))",certified relay position at same global t,fixed G01,True,False
Q2-011,339,11766.57204971099,11767.306834823636,"trajectory(x(t),y(t),z(t))",certified relay position at same global t,fixed G01,True,False
Q2-011,340,11767.306834823636,11768.04161993628,"trajectory(x(t),y(t),z(t))",certified relay position at same global t,fixed G01,True,False
Q2-011,341,11768.04161993628,11768.364396000714,"trajectory(x(t),y(t),z(t))",certified relay position at same global t,fixed G01,True,False
Q2-011,342,11768.364396000714,11768.687172065147,"trajectory(x(t),y(t),z(t))",certified relay position at same global t,fixed G01,True,False
Q2-011,343,11768.687172065147,11769.744733242225,"trajectory(x(t),y(t),z(t))",certified relay position at same global t,fixed G01,True,False
Q2-011,344,11769.744733242225,11770.802294419304,"trajectory(x(t),y(t),z(t))",certified relay position at same global t,fixed G01,True,False
Q2-011,345,11770.802294419304,11771.859855596409,"trajectory(x(t),y(t),z(t))",certified relay position at same global t,fixed G01,True,False
Q2-011,346,11771.859855596409,11772.917416773515,"trajectory(x(t),y(t),z(t))",certified relay position at same global t,fixed G01,True,False
Q2-011,347,11772.917416773515,11773.974977950593,"trajectory(x(t),y(t),z(t))",certified relay position at same global t,fixed G01,True,False
Q2-011,348,11773.974977950593,11775.032539127671,"trajectory(x(t),y(t),z(t))",certified relay position at same global t,fixed G01,True,False
Q2-011,349,11775.032539127671,11775.684597948984,"trajectory(x(t),y(t),z(t))",certified relay position at same global t,fixed G01,True,False
Q2-011,350,11775.684597948984,11776.336656770298,"trajectory(x(t),y(t),z(t))",certified relay position at same global t,fixed G01,True,False
Q2-011,351,11776.336656770298,11776.742159126077,"trajectory(x(t),y(t),z(t))",certified relay position at same global t,fixed G01,True,False
Q2-011,352,11776.742159126077,11777.147661481857,"trajectory(x(t),y(t),z(t))",certified relay position at same global t,fixed G01,True,False
Q2-011,353,11777.147661481857,11778.20522265895,"trajectory(x(t),y(t),z(t))",certified relay position at same global t,fixed G01,True,False
Q2-011,354,11778.20522265895,11779.262783836042,"trajectory(x(t),y(t),z(t))",certified relay position at same global t,fixed G01,True,False
Q2-011,355,11779.262783836042,11780.32034501312,"trajectory(x(t),y(t),z(t))",certified relay position at same global t,fixed G01,True,False
Q2-011,356,11780.32034501312,11781.377906190199,"trajectory(x(t),y(t),z(t))",certified relay position at same global t,fixed G01,True,False
Q2-011,357,11781.377906190199,11782.435467367304,"trajectory(x(t),y(t),z(t))",certified relay position at same global t,fixed G01,True,False
Q2-011,358,11782.435467367304,11783.49302854441,"trajectory(x(t),y(t),z(t))",certified relay position at same global t,fixed G01,True,False
Q2-011,359,11783.49302854441,11784.062361074577,"trajectory(x(t),y(t),z(t))",certified relay position at same global t,fixed G01,True,False
Q2-011,360,11784.062361074577,11784.631693604744,"trajectory(x(t),y(t),z(t))",certified relay position at same global t,fixed G01,True,False
Q2-011,361,11784.631693604744,11785.119922251655,"trajectory(x(t),y(t),z(t))",certified relay position at same global t,fixed G01,True,False
Q2-011,362,11785.119922251655,11785.608150898568,"trajectory(x(t),y(t),z(t))",certified relay position at same global t,fixed G01,True,False
Q2-011,363,11785.608150898568,11786.665712075646,"trajectory(x(t),y(t),z(t))",certified relay position at same global t,fixed G01,True,False
Q2-011,364,11786.665712075646,11787.723273252725,"trajectory(x(t),y(t),z(t))",certified relay position at same global t,fixed G01,True,False
Q2-011,365,11787.723273252725,11788.78083442983,"trajectory(x(t),y(t),z(t))",certified relay position at same global t,fixed G01,True,False
Q2-011,366,11788.78083442983,11789.838395606936,"trajectory(x(t),y(t),z(t))",certified relay position at same global t,fixed G01,True,False
Q2-011,367,11789.838395606936,11790.895956784014,"trajectory(x(t),y(t),z(t))",certified relay position at same global t,fixed G01,True,False
Q2-011,368,11790.895956784014,11791.953517961092,"trajectory(x(t),y(t),z(t))",certified relay position at same global t,fixed G01,True,False
Q2-011,369,11791.953517961092,11792.440124200139,"trajectory(x(t),y(t),z(t))",certified relay position at same global t,fixed G01,True,False
Q2-011,370,11792.440124200139,11792.926730439185,"trajectory(x(t),y(t),z(t))",certified relay position at same global t,fixed G01,True,False
Q2-011,371,11792.926730439185,11793.497685377217,"trajectory(x(t),y(t),z(t))",certified relay position at same global t,fixed G01,True,False
Q2-011,372,11793.497685377217,11794.068640315249,"trajectory(x(t),y(t),z(t))",certified relay position at same global t,fixed G01,True,False
Q2-011,373,11794.068640315249,11795.126201492354,"trajectory(x(t),y(t),z(t))",certified relay position at same global t,fixed G01,True,False
Q2-011,374,11795.126201492354,11796.18376266946,"trajectory(x(t),y(t),z(t))",certified relay position at same global t,fixed G01,True,False
Q2-011,375,11796.18376266946,11797.241323846538,"trajectory(x(t),y(t),z(t))",certified relay position at same global t,fixed G01,True,False
Q2-011,376,11797.241323846538,11798.298885023616,"trajectory(x(t),y(t),z(t))",certified relay position at same global t,fixed G01,True,False
Q2-011,377,11798.298885023616,11799.356446200709,"trajectory(x(t),y(t),z(t))",certified relay position at same global t,fixed G01,True,False
Q2-011,378,11799.356446200709,11800.414007377802,"trajectory(x(t),y(t),z(t))",certified relay position at same global t,fixed G01,True,False
Q2-011,379,11800.414007377802,11800.817887325504,"trajectory(x(t),y(t),z(t))",certified relay position at same global t,fixed G01,True,False
Q2-011,380,11800.817887325504,11801.221767273206,"trajectory(x(t),y(t),z(t))",certified relay position at same global t,fixed G01,True,False
Q2-011,381,11801.221767273206,11801.875448502597,"trajectory(x(t),y(t),z(t))",certified relay position at same global t,fixed G01,True,False
Q2-011,382,11801.875448502597,11802.529129731987,"trajectory(x(t),y(t),z(t))",certified relay position at same global t,fixed G01,True,False
Q2-011,383,11802.529129731987,11803.586690909066,"trajectory(x(t),y(t),z(t))",certified relay position at same global t,fixed G01,True,False
Q2-011,384,11803.586690909066,11804.644252086144,"trajectory(x(t),y(t),z(t))",certified relay position at same global t,fixed G01,True,False
Q2-011,385,11804.644252086144,11805.70181326325,"trajectory(x(t),y(t),z(t))",certified relay position at same global t,fixed G01,True,False
Q2-011,386,11805.70181326325,11806.759374440355,"trajectory(x(t),y(t),z(t))",certified relay position at same global t,fixed G01,True,False
Q2-011,387,11806.759374440355,11807.816935617433,"trajectory(x(t),y(t),z(t))",certified relay position at same global t,fixed G01,True,False
Q2-011,388,11807.816935617433,11808.874496794511,"trajectory(x(t),y(t),z(t))",certified relay position at same global t,fixed G01,True,False
Q2-011,389,11808.874496794511,11809.19565045108,"trajectory(x(t),y(t),z(t))",certified relay position at same global t,fixed G01,True,False
Q2-011,390,11809.19565045108,11809.516804107649,"trajectory(x(t),y(t),z(t))",certified relay position at same global t,fixed G01,True,False
Q2-011,391,11809.516804107649,11810.253211628158,"trajectory(x(t),y(t),z(t))",certified relay position at same global t,fixed G01,True,False
Q2-011,392,11810.253211628158,11810.989619148668,"trajectory(x(t),y(t),z(t))",certified relay position at same global t,fixed G01,True,False
Q2-011,393,11810.989619148668,11812.047180325773,"trajectory(x(t),y(t),z(t))",certified relay position at same global t,fixed G01,True,False
Q2-011,394,11812.047180325773,11813.104741502879,"trajectory(x(t),y(t),z(t))",certified relay position at same global t,fixed G01,True,False
Q2-011,395,11813.104741502879,11814.162302679957,"trajectory(x(t),y(t),z(t))",certified relay position at same global t,fixed G01,True,False
Q2-011,396,11814.162302679957,11815.219863857035,"trajectory(x(t),y(t),z(t))",certified relay position at same global t,fixed G01,True,False
Q2-011,397,11815.219863857035,11816.277425034128,"trajectory(x(t),y(t),z(t))",certified relay position at same global t,fixed G01,True,False
Q2-011,398,11816.277425034128,11817.33498621122,"trajectory(x(t),y(t),z(t))",certified relay position at same global t,fixed G01,True,False
Q2-011,399,11817.33498621122,11817.573413576656,"trajectory(x(t),y(t),z(t))",certified relay position at same global t,fixed G01,True,False
Q2-011,400,11817.573413576656,11817.811840942091,"trajectory(x(t),y(t),z(t))",certified relay position at same global t,fixed G01,True,False
Q2-011,401,11817.811840942091,11818.630974753747,"trajectory(x(t),y(t),z(t))",certified relay position at same global t,fixed G01,True,False
Q2-011,402,11818.630974753747,11819.450108565403,"trajectory(x(t),y(t),z(t))",certified relay position at same global t,fixed G01,True,False
Q2-011,403,11819.450108565403,11820.507669742481,"trajectory(x(t),y(t),z(t))",certified relay position at same global t,fixed G01,True,False
Q2-011,404,11820.507669742481,11821.56523091956,"trajectory(x(t),y(t),z(t))",certified relay position at same global t,fixed G01,True,False
Q2-011,405,11821.56523091956,11822.622792096665,"trajectory(x(t),y(t),z(t))",certified relay position at same global t,fixed G01,True,False
Q2-011,406,11822.622792096665,11823.68035327377,"trajectory(x(t),y(t),z(t))",certified relay position at same global t,fixed G01,True,False
Q2-011,407,11823.68035327377,11824.737914450849,"trajectory(x(t),y(t),z(t))",certified relay position at same global t,fixed G01,True,False
Q2-011,408,11824.737914450849,11825.795475627927,"trajectory(x(t),y(t),z(t))",certified relay position at same global t,fixed G01,True,False
Q2-011,409,11825.795475627927,11825.951176702018,"trajectory(x(t),y(t),z(t))",certified relay position at same global t,fixed G01,True,False
Q2-011,410,11825.951176702018,11826.106877776108,"trajectory(x(t),y(t),z(t))",certified relay position at same global t,fixed G01,True,False
Q2-011,411,11826.106877776108,11827.008737879098,"trajectory(x(t),y(t),z(t))",certified relay position at same global t,fixed G01,True,False
Q2-011,412,11827.008737879098,11827.910597982087,"trajectory(x(t),y(t),z(t))",certified relay position at same global t,fixed G01,True,False
Q2-011,413,11827.910597982087,11828.968159159193,"trajectory(x(t),y(t),z(t))",certified relay position at same global t,fixed G01,True,False
Q2-011,414,11828.968159159193,11830.025720336298,"trajectory(x(t),y(t),z(t))",certified relay position at same global t,fixed G01,True,False
Q2-011,415,11830.025720336298,11831.083281513376,"trajectory(x(t),y(t),z(t))",certified relay position at same global t,fixed G01,True,False
Q2-011,416,11831.083281513376,11832.140842690455,"trajectory(x(t),y(t),z(t))",certified relay position at same global t,fixed G01,True,False
Q2-011,417,11832.140842690455,11833.198403867533,"trajectory(x(t),y(t),z(t))",certified relay position at same global t,fixed G01,True,False
Q2-011,418,11833.198403867533,11834.255965044611,"trajectory(x(t),y(t),z(t))",certified relay position at same global t,fixed G01,True,False
Q2-011,419,11834.255965044611,11834.328939827581,"trajectory(x(t),y(t),z(t))",certified relay position at same global t,fixed G01,True,False
Q2-011,420,11834.328939827581,11834.401914610551,"trajectory(x(t),y(t),z(t))",certified relay position at same global t,fixed G01,True,False
Q2-011,421,11834.401914610551,11835.386501004687,"trajectory(x(t),y(t),z(t))",certified relay position at same global t,fixed G01,True,False
Q2-011,422,11835.386501004687,11836.371087398822,"trajectory(x(t),y(t),z(t))",certified relay position at same global t,fixed G01,True,False
Q2-011,423,11836.371087398822,11837.4286485759,"trajectory(x(t),y(t),z(t))",certified relay position at same global t,fixed G01,True,False
Q2-011,424,11837.4286485759,11838.486209752979,"trajectory(x(t),y(t),z(t))",certified relay position at same global t,fixed G01,True,False
Q2-011,425,11838.486209752979,11839.543770930071,"trajectory(x(t),y(t),z(t))",certified relay position at same global t,fixed G01,True,False
Q2-011,426,11839.543770930071,11840.601332107164,"trajectory(x(t),y(t),z(t))",certified relay position at same global t,fixed G01,True,False
Q2-011,427,11840.601332107164,11841.64914177608,"trajectory(x(t),y(t),z(t))",certified relay position at same global t,fixed G01,True,False
Q2-011,428,11841.64914177608,11842.696951444997,"trajectory(x(t),y(t),z(t))",certified relay position at same global t,fixed G01,True,False
Q2-011,429,11842.696951444997,11842.706702953174,"trajectory(x(t),y(t),z(t))",certified relay position at same global t,fixed G01,True,False
Q2-011,430,11842.706702953174,11842.71645446135,"trajectory(x(t),y(t),z(t))",certified relay position at same global t,fixed G01,True,False
Q2-011,431,11842.71645446135,11843.774015638428,"trajectory(x(t),y(t),z(t))",certified relay position at same global t,fixed G01,True,False
Q2-011,432,11843.774015638428,11844.831576815506,"trajectory(x(t),y(t),z(t))",certified relay position at same global t,fixed G01,True,False
Q2-011,433,11844.831576815506,11845.889137992612,"trajectory(x(t),y(t),z(t))",certified relay position at same global t,fixed G01,True,False
Q2-011,434,11845.889137992612,11846.946699169717,"trajectory(x(t),y(t),z(t))",certified relay position at same global t,fixed G01,True,False
Q2-011,435,11846.946699169717,11848.004260346795,"trajectory(x(t),y(t),z(t))",certified relay position at same global t,fixed G01,True,False
Q2-011,436,11848.004260346795,11849.061821523874,"trajectory(x(t),y(t),z(t))",certified relay position at same global t,fixed G01,True,False
Q2-011,437,11849.061821523874,11850.026904901444,"trajectory(x(t),y(t),z(t))",certified relay position at same global t,fixed G01,True,False
Q2-011,438,11850.026904901444,11850.991988279015,"trajectory(x(t),y(t),z(t))",certified relay position at same global t,fixed G01,True,False
Q2-011,439,11850.991988279015,11851.084466078522,"trajectory(x(t),y(t),z(t))",certified relay position at same global t,fixed G01,True,False
Q2-011,440,11851.084466078522,11851.17694387803,"trajectory(x(t),y(t),z(t))",certified relay position at same global t,fixed G01,True,False
Q2-011,441,11851.17694387803,11852.234505055136,"trajectory(x(t),y(t),z(t))",certified relay position at same global t,fixed G01,True,False
Q2-011,442,11852.234505055136,11853.292066232241,"trajectory(x(t),y(t),z(t))",certified relay position at same global t,fixed G01,True,False
Q2-011,443,11853.292066232241,11854.34962740932,"trajectory(x(t),y(t),z(t))",certified relay position at same global t,fixed G01,True,False
Q2-011,444,11854.34962740932,11855.407188586398,"trajectory(x(t),y(t),z(t))",certified relay position at same global t,fixed G01,True,False
Q2-011,445,11855.407188586398,11856.46474976349,"trajectory(x(t),y(t),z(t))",certified relay position at same global t,fixed G01,True,False
Q2-011,446,11856.46474976349,11857.522310940583,"trajectory(x(t),y(t),z(t))",certified relay position at same global t,fixed G01,True,False
Q2-011,447,11857.522310940583,11858.404668027022,"trajectory(x(t),y(t),z(t))",certified relay position at same global t,fixed G01,True,False
Q2-011,448,11858.404668027022,11859.287025113461,"trajectory(x(t),y(t),z(t))",certified relay position at same global t,fixed G01,True,False
Q2-011,449,11859.287025113461,11859.462229204115,"trajectory(x(t),y(t),z(t))",certified relay position at same global t,fixed G01,True,False
Q2-011,450,11859.462229204115,11859.637433294769,"trajectory(x(t),y(t),z(t))",certified relay position at same global t,fixed G01,True,False
Q2-011,451,11859.637433294769,11860.694994471847,"trajectory(x(t),y(t),z(t))",certified relay position at same global t,fixed G01,True,False
Q2-011,452,11860.694994471847,11861.752555648925,"trajectory(x(t),y(t),z(t))",certified relay position at same global t,fixed G01,True,False
Q2-011,453,11861.752555648925,11862.810116826031,"trajectory(x(t),y(t),z(t))",certified relay position at same global t,fixed G01,True,False
Q2-011,454,11862.810116826031,11863.867678003136,"trajectory(x(t),y(t),z(t))",certified relay position at same global t,fixed G01,True,False
Q2-011,455,11863.867678003136,11864.925239180215,"trajectory(x(t),y(t),z(t))",certified relay position at same global t,fixed G01,True,False
Q2-011,456,11864.925239180215,11865.982800357293,"trajectory(x(t),y(t),z(t))",certified relay position at same global t,fixed G01,True,False
Q2-011,457,11865.982800357293,11866.782431152598,"trajectory(x(t),y(t),z(t))",certified relay position at same global t,fixed G01,True,False
Q2-011,458,11866.782431152598,11867.582061947904,"trajectory(x(t),y(t),z(t))",certified relay position at same global t,fixed G01,True,False
Q2-011,459,11867.582061947904,11867.839992329678,"trajectory(x(t),y(t),z(t))",certified relay position at same global t,fixed G01,True,False
Q2-011,460,11867.839992329678,11868.097922711453,"trajectory(x(t),y(t),z(t))",certified relay position at same global t,fixed G01,True,False
Q2-011,461,11868.097922711453,11869.155483888559,"trajectory(x(t),y(t),z(t))",certified relay position at same global t,fixed G01,True,False
Q2-011,462,11869.155483888559,11870.213045065664,"trajectory(x(t),y(t),z(t))",certified relay position at same global t,fixed G01,True,False
Q2-011,463,11870.213045065664,11871.270606242742,"trajectory(x(t),y(t),z(t))",certified relay position at same global t,fixed G01,True,False
Q2-011,464,11871.270606242742,11872.32816741982,"trajectory(x(t),y(t),z(t))",certified relay position at same global t,fixed G01,True,False
Q2-011,465,11872.32816741982,11873.385728596913,"trajectory(x(t),y(t),z(t))",certified relay position at same global t,fixed G01,True,False
Q2-011,466,11873.385728596913,11874.443289774006,"trajectory(x(t),y(t),z(t))",certified relay position at same global t,fixed G01,True,False
Q2-011,467,11874.443289774006,11875.160194277965,"trajectory(x(t),y(t),z(t))",certified relay position at same global t,fixed G01,True,False
Q2-011,468,11875.160194277965,11875.877098781924,"trajectory(x(t),y(t),z(t))",certified relay position at same global t,fixed G01,True,False
Q2-011,469,11875.877098781924,11876.217755455058,"trajectory(x(t),y(t),z(t))",certified relay position at same global t,fixed G01,True,False
Q2-011,470,11876.217755455058,11876.558412128192,"trajectory(x(t),y(t),z(t))",certified relay position at same global t,fixed G01,True,False
Q2-011,471,11876.558412128192,11877.61597330527,"trajectory(x(t),y(t),z(t))",certified relay position at same global t,fixed G01,True,False
Q2-011,472,11877.61597330527,11878.673534482348,"trajectory(x(t),y(t),z(t))",certified relay position at same global t,fixed G01,True,False
Q2-011,473,11878.673534482348,11879.731095659441,"trajectory(x(t),y(t),z(t))",certified relay position at same global t,fixed G01,True,False
Q2-011,474,11879.731095659441,11880.788656836534,"trajectory(x(t),y(t),z(t))",certified relay position at same global t,fixed G01,True,False
Q2-011,475,11880.788656836534,11881.846218013627,"trajectory(x(t),y(t),z(t))",certified relay position at same global t,fixed G01,True,False
Q2-011,476,11881.846218013627,11882.90377919072,"trajectory(x(t),y(t),z(t))",certified relay position at same global t,fixed G01,True,False
Q2-011,477,11882.90377919072,11883.537957403758,"trajectory(x(t),y(t),z(t))",certified relay position at same global t,fixed G01,True,False
Q2-011,478,11883.537957403758,11884.172135616796,"trajectory(x(t),y(t),z(t))",certified relay position at same global t,fixed G01,True,False
Q2-011,479,11884.172135616796,11884.595518580836,"trajectory(x(t),y(t),z(t))",certified relay position at same global t,fixed G01,True,False
Q2-011,480,11884.595518580836,11885.018901544876,"trajectory(x(t),y(t),z(t))",certified relay position at same global t,fixed G01,True,False
Q2-011,481,11885.018901544876,11886.076462721981,"trajectory(x(t),y(t),z(t))",certified relay position at same global t,fixed G01,True,False
Q2-011,482,11886.076462721981,11887.134023899087,"trajectory(x(t),y(t),z(t))",certified relay position at same global t,fixed G01,True,False
Q2-011,483,11887.134023899087,11888.191585076165,"trajectory(x(t),y(t),z(t))",certified relay position at same global t,fixed G01,True,False
Q2-011,484,11888.191585076165,11889.249146253243,"trajectory(x(t),y(t),z(t))",certified relay position at same global t,fixed G01,True,False
Q2-011,485,11889.249146253243,11890.306707430322,"trajectory(x(t),y(t),z(t))",certified relay position at same global t,fixed G01,True,False
Q2-011,486,11890.306707430322,11891.3642686074,"trajectory(x(t),y(t),z(t))",certified relay position at same global t,fixed G01,True,False
Q2-011,487,11891.3642686074,11891.915720529107,"trajectory(x(t),y(t),z(t))",certified relay position at same global t,fixed G01,True,False
Q2-011,488,11891.915720529107,11892.467172450813,"trajectory(x(t),y(t),z(t))",certified relay position at same global t,fixed G01,True,False
Q2-011,489,11892.467172450813,11892.973281706212,"trajectory(x(t),y(t),z(t))",certified relay position at same global t,fixed G01,True,False
Q2-011,490,11892.973281706212,11893.479390961611,"trajectory(x(t),y(t),z(t))",certified relay position at same global t,fixed G01,True,False
Q2-011,491,11893.479390961611,11894.53695213869,"trajectory(x(t),y(t),z(t))",certified relay position at same global t,fixed G01,True,False
Q2-011,492,11894.53695213869,11895.594513315767,"trajectory(x(t),y(t),z(t))",certified relay position at same global t,fixed G01,True,False
Q2-011,493,11895.594513315767,11896.65207449286,"trajectory(x(t),y(t),z(t))",certified relay position at same global t,fixed G01,True,False
Q2-011,494,11896.65207449286,11897.709635669953,"trajectory(x(t),y(t),z(t))",certified relay position at same global t,fixed G01,True,False
Q2-011,495,11897.709635669953,11898.767196847046,"trajectory(x(t),y(t),z(t))",certified relay position at same global t,fixed G01,True,False
Q2-011,496,11898.767196847046,11899.824758024139,"trajectory(x(t),y(t),z(t))",certified relay position at same global t,fixed G01,True,False
Q2-011,497,11899.824758024139,11900.293483654486,"trajectory(x(t),y(t),z(t))",certified relay position at same global t,fixed G01,True,False
Q2-011,498,11900.293483654486,11900.762209284834,"trajectory(x(t),y(t),z(t))",certified relay position at same global t,fixed G01,True,False
Q2-011,499,11900.762209284834,11901.351044831565,"trajectory(x(t),y(t),z(t))",certified relay position at same global t,fixed G01,True,False
Q2-011,500,11901.351044831565,11901.939880378295,"trajectory(x(t),y(t),z(t))",certified relay position at same global t,fixed G01,True,False
Q2-011,501,11901.939880378295,11902.9974415554,"trajectory(x(t),y(t),z(t))",certified relay position at same global t,fixed G01,True,False
Q2-011,502,11902.9974415554,11904.055002732506,"trajectory(x(t),y(t),z(t))",certified relay position at same global t,fixed G01,True,False
Q2-011,503,11904.055002732506,11905.112563909584,"trajectory(x(t),y(t),z(t))",certified relay position at same global t,fixed G01,True,False
Q2-011,504,11905.112563909584,11906.170125086663,"trajectory(x(t),y(t),z(t))",certified relay position at same global t,fixed G01,True,False
Q2-011,505,11906.170125086663,11907.22768626374,"trajectory(x(t),y(t),z(t))",certified relay position at same global t,fixed G01,True,False
Q2-011,506,11907.22768626374,11908.28524744082,"trajectory(x(t),y(t),z(t))",certified relay position at same global t,fixed G01,True,False
Q2-011,507,11908.28524744082,11908.671246780259,"trajectory(x(t),y(t),z(t))",certified relay position at same global t,fixed G01,True,False
Q2-011,508,11908.671246780259,11909.057246119699,"trajectory(x(t),y(t),z(t))",certified relay position at same global t,fixed G01,True,False
Q2-011,509,11909.057246119699,11909.728807957365,"trajectory(x(t),y(t),z(t))",certified relay position at same global t,fixed G01,True,False
Q2-011,510,11909.728807957365,11910.40036979503,"trajectory(x(t),y(t),z(t))",certified relay position at same global t,fixed G01,True,False
Q2-011,511,11910.40036979503,11911.457930972108,"trajectory(x(t),y(t),z(t))",certified relay position at same global t,fixed G01,True,False
Q2-011,512,11911.457930972108,11912.515492149187,"trajectory(x(t),y(t),z(t))",certified relay position at same global t,fixed G01,True,False
Q2-011,513,11912.515492149187,11913.57305332628,"trajectory(x(t),y(t),z(t))",certified relay position at same global t,fixed G01,True,False
Q2-011,514,11913.57305332628,11914.630614503372,"trajectory(x(t),y(t),z(t))",certified relay position at same global t,fixed G01,True,False
Q2-011,515,11914.630614503372,11915.688175680465,"trajectory(x(t),y(t),z(t))",certified relay position at same global t,fixed G01,True,False
Q2-011,516,11915.688175680465,11916.745736857558,"trajectory(x(t),y(t),z(t))",certified relay position at same global t,fixed G01,True,False
Q2-011,517,11916.745736857558,11917.049009905639,"trajectory(x(t),y(t),z(t))",certified relay position at same global t,fixed G01,True,False
Q2-011,518,11917.049009905639,11917.35228295372,"trajectory(x(t),y(t),z(t))",certified relay position at same global t,fixed G01,True,False
Q2-011,519,11917.35228295372,11918.106571082717,"trajectory(x(t),y(t),z(t))",certified relay position at same global t,fixed G01,True,False
Q2-011,520,11918.106571082717,11918.860859211714,"trajectory(x(t),y(t),z(t))",certified relay position at same global t,fixed G01,True,False
Q2-011,521,11918.860859211714,11919.918420388807,"trajectory(x(t),y(t),z(t))",certified relay position at same global t,fixed G01,True,False
Q2-011,522,11919.918420388807,11920.9759815659,"trajectory(x(t),y(t),z(t))",certified relay position at same global t,fixed G01,True,False
Q2-011,523,11920.9759815659,11922.033542742993,"trajectory(x(t),y(t),z(t))",certified relay position at same global t,fixed G01,True,False
Q2-011,524,11922.033542742993,11923.091103920086,"trajectory(x(t),y(t),z(t))",certified relay position at same global t,fixed G01,True,False
Q2-011,525,11923.091103920086,11924.148665097164,"trajectory(x(t),y(t),z(t))",certified relay position at same global t,fixed G01,True,False
Q2-011,526,11924.148665097164,11925.206226274242,"trajectory(x(t),y(t),z(t))",certified relay position at same global t,fixed G01,True,False
Q2-011,527,11925.206226274242,11925.426773030991,"trajectory(x(t),y(t),z(t))",certified relay position at same global t,fixed G01,True,False
Q2-011,528,11925.426773030991,11925.64731978774,"trajectory(x(t),y(t),z(t))",certified relay position at same global t,fixed G01,True,False
Q2-011,529,11925.64731978774,11926.484334208097,"trajectory(x(t),y(t),z(t))",certified relay position at same global t,fixed G01,True,False
Q2-011,530,11926.484334208097,11927.321348628453,"trajectory(x(t),y(t),z(t))",certified relay position at same global t,fixed G01,True,False
Q2-011,531,11927.321348628453,11928.378909805531,"trajectory(x(t),y(t),z(t))",certified relay position at same global t,fixed G01,True,False
Q2-011,532,11928.378909805531,11929.43647098261,"trajectory(x(t),y(t),z(t))",certified relay position at same global t,fixed G01,True,False
Q2-011,533,11929.43647098261,11930.494032159688,"trajectory(x(t),y(t),z(t))",certified relay position at same global t,fixed G01,True,False
Q2-011,534,11930.494032159688,11931.551593336766,"trajectory(x(t),y(t),z(t))",certified relay position at same global t,fixed G01,True,False
Q2-011,535,11931.551593336766,11932.609154513872,"trajectory(x(t),y(t),z(t))",certified relay position at same global t,fixed G01,True,False
Q2-011,536,11932.609154513872,11933.666715690977,"trajectory(x(t),y(t),z(t))",certified relay position at same global t,fixed G01,True,False
Q2-011,537,11933.666715690977,11933.804536156793,"trajectory(x(t),y(t),z(t))",certified relay position at same global t,fixed G01,True,False
Q2-011,538,11933.804536156793,11933.942356622609,"trajectory(x(t),y(t),z(t))",certified relay position at same global t,fixed G01,True,False
Q2-011,539,11933.942356622609,11934.862097333873,"trajectory(x(t),y(t),z(t))",certified relay position at same global t,fixed G01,True,False
Q2-011,540,11934.862097333873,11935.781838045137,"trajectory(x(t),y(t),z(t))",certified relay position at same global t,fixed G01,True,False
Q2-011,541,11935.781838045137,11936.83939922223,"trajectory(x(t),y(t),z(t))",certified relay position at same global t,fixed G01,True,False
Q2-011,542,11936.83939922223,11937.896960399323,"trajectory(x(t),y(t),z(t))",certified relay position at same global t,fixed G01,True,False
Q2-011,543,11937.896960399323,11938.954521576416,"trajectory(x(t),y(t),z(t))",certified relay position at same global t,fixed G01,True,False
Q2-011,544,11938.954521576416,11940.012082753508,"trajectory(x(t),y(t),z(t))",certified relay position at same global t,fixed G01,True,False
Q2-011,545,11940.012082753508,11941.069643930587,"trajectory(x(t),y(t),z(t))",certified relay position at same global t,fixed G01,True,False
Q2-011,546,11941.069643930587,11942.127205107665,"trajectory(x(t),y(t),z(t))",certified relay position at same global t,fixed G01,True,False
Q2-011,547,11942.127205107665,11942.182299282149,"trajectory(x(t),y(t),z(t))",certified relay position at same global t,fixed G01,True,False
Q2-011,548,11942.182299282149,11942.237393456633,"trajectory(x(t),y(t),z(t))",certified relay position at same global t,fixed G01,True,False
Q2-011,549,11942.237393456633,11943.239860459256,"trajectory(x(t),y(t),z(t))",certified relay position at same global t,fixed G01,True,False
Q2-011,550,11943.239860459256,11944.24232746188,"trajectory(x(t),y(t),z(t))",certified relay position at same global t,fixed G01,True,False
Q2-011,551,11944.24232746188,11945.299888638958,"trajectory(x(t),y(t),z(t))",certified relay position at same global t,fixed G01,True,False
Q2-011,552,11945.299888638958,11946.357449816036,"trajectory(x(t),y(t),z(t))",certified relay position at same global t,fixed G01,True,False
Q2-011,553,11946.357449816036,11947.415010993114,"trajectory(x(t),y(t),z(t))",certified relay position at same global t,fixed G01,True,False
Q2-011,554,11947.415010993114,11948.472572170193,"trajectory(x(t),y(t),z(t))",certified relay position at same global t,fixed G01,True,False
Q2-011,555,11948.472572170193,11949.502501230423,"trajectory(x(t),y(t),z(t))",certified relay position at same global t,fixed G01,True,False
Q2-011,556,11949.502501230423,11950.532430290654,"trajectory(x(t),y(t),z(t))",certified relay position at same global t,fixed G01,True,False
Q2-011,557,11950.532430290654,11950.560062407529,"trajectory(x(t),y(t),z(t))",certified relay position at same global t,fixed G01,True,False
Q2-011,558,11950.560062407529,11950.587694524404,"trajectory(x(t),y(t),z(t))",certified relay position at same global t,fixed G01,True,False
Q2-011,559,11950.587694524404,11951.645255701482,"trajectory(x(t),y(t),z(t))",certified relay position at same global t,fixed G01,True,False
Q2-011,560,11951.645255701482,11952.70281687856,"trajectory(x(t),y(t),z(t))",certified relay position at same global t,fixed G01,True,False
Q2-011,561,11952.70281687856,11953.760378055653,"trajectory(x(t),y(t),z(t))",certified relay position at same global t,fixed G01,True,False
Q2-011,562,11953.760378055653,11954.817939232746,"trajectory(x(t),y(t),z(t))",certified relay position at same global t,fixed G01,True,False
Q2-011,563,11954.817939232746,11955.875500409838,"trajectory(x(t),y(t),z(t))",certified relay position at same global t,fixed G01,True,False
Q2-011,564,11955.875500409838,11956.933061586931,"trajectory(x(t),y(t),z(t))",certified relay position at same global t,fixed G01,True,False
Q2-011,565,11956.933061586931,11957.880264356227,"trajectory(x(t),y(t),z(t))",certified relay position at same global t,fixed G01,True,False
Q2-011,566,11957.880264356227,11958.827467125522,"trajectory(x(t),y(t),z(t))",certified relay position at same global t,fixed G01,True,False
Q2-011,567,11958.827467125522,11958.937825533305,"trajectory(x(t),y(t),z(t))",certified relay position at same global t,fixed G01,True,False
Q2-011,568,11958.937825533305,11959.048183941088,"trajectory(x(t),y(t),z(t))",certified relay position at same global t,fixed G01,True,False
Q2-011,569,11959.048183941088,11960.10574511818,"trajectory(x(t),y(t),z(t))",certified relay position at same global t,fixed G01,True,False
Q2-011,570,11960.10574511818,11961.163306295273,"trajectory(x(t),y(t),z(t))",certified relay position at same global t,fixed G01,True,False
Q2-011,571,11961.163306295273,11962.220867472366,"trajectory(x(t),y(t),z(t))",certified relay position at same global t,fixed G01,True,False
Q2-011,572,11962.220867472366,11963.278428649459,"trajectory(x(t),y(t),z(t))",certified relay position at same global t,fixed G01,True,False
Q2-011,573,11963.278428649459,11964.335989826537,"trajectory(x(t),y(t),z(t))",certified relay position at same global t,fixed G01,True,False
Q2-011,574,11964.335989826537,11965.393551003615,"trajectory(x(t),y(t),z(t))",certified relay position at same global t,fixed G01,True,False
Q2-011,575,11965.393551003615,11966.25802748158,"trajectory(x(t),y(t),z(t))",certified relay position at same global t,fixed G01,True,False
Q2-011,576,11966.25802748158,11967.122503959543,"trajectory(x(t),y(t),z(t))",certified relay position at same global t,fixed G01,True,False
Q2-011,577,11967.122503959543,11967.315588658685,"trajectory(x(t),y(t),z(t))",certified relay position at same global t,fixed G01,True,False
Q2-011,578,11967.315588658685,11967.508673357826,"trajectory(x(t),y(t),z(t))",certified relay position at same global t,fixed G01,True,False
Q2-011,579,11967.508673357826,11968.566234534905,"trajectory(x(t),y(t),z(t))",certified relay position at same global t,fixed G01,True,False
Q2-011,580,11968.566234534905,11969.623795711983,"trajectory(x(t),y(t),z(t))",certified relay position at same global t,fixed G01,True,False
Q2-011,581,11969.623795711983,11970.681356889061,"trajectory(x(t),y(t),z(t))",certified relay position at same global t,fixed G01,True,False
Q2-011,582,11970.681356889061,11971.73891806614,"trajectory(x(t),y(t),z(t))",certified relay position at same global t,fixed G01,True,False
Q2-011,583,11971.73891806614,11972.796479243245,"trajectory(x(t),y(t),z(t))",certified relay position at same global t,fixed G01,True,False
Q2-011,584,11972.796479243245,11973.85404042035,"trajectory(x(t),y(t),z(t))",certified relay position at same global t,fixed G01,True,False
Q2-011,585,11973.85404042035,11974.635790606955,"trajectory(x(t),y(t),z(t))",certified relay position at same global t,fixed G01,True,False
Q2-011,586,11974.635790606955,11975.41754079356,"trajectory(x(t),y(t),z(t))",certified relay position at same global t,fixed G01,True,False
Q2-011,587,11975.41754079356,11975.693351784033,"trajectory(x(t),y(t),z(t))",certified relay position at same global t,fixed G01,True,False
Q2-011,588,11975.693351784033,11975.969162774507,"trajectory(x(t),y(t),z(t))",certified relay position at same global t,fixed G01,True,False
Q2-011,589,11975.969162774507,11977.0267239516,"trajectory(x(t),y(t),z(t))",certified relay position at same global t,fixed G01,True,False
Q2-011,590,11977.0267239516,11978.084285128692,"trajectory(x(t),y(t),z(t))",certified relay position at same global t,fixed G01,True,False
Q2-011,591,11978.084285128692,11979.141846305785,"trajectory(x(t),y(t),z(t))",certified relay position at same global t,fixed G01,True,False
Q2-011,592,11979.141846305785,11980.199407482878,"trajectory(x(t),y(t),z(t))",certified relay position at same global t,fixed G01,True,False
Q2-011,593,11980.199407482878,11981.256968659956,"trajectory(x(t),y(t),z(t))",certified relay position at same global t,fixed G01,True,False
Q2-011,594,11981.256968659956,11982.314529837035,"trajectory(x(t),y(t),z(t))",certified relay position at same global t,fixed G01,True,False
Q2-011,595,11982.314529837035,11983.013553732733,"trajectory(x(t),y(t),z(t))",certified relay position at same global t,fixed G01,True,False
Q2-011,596,11983.013553732733,11983.712577628432,"trajectory(x(t),y(t),z(t))",certified relay position at same global t,fixed G01,True,False
Q2-011,597,11983.712577628432,11984.07111490984,"trajectory(x(t),y(t),z(t))",certified relay position at same global t,fixed G01,True,False
Q2-011,598,11984.07111490984,11984.42965219125,"trajectory(x(t),y(t),z(t))",certified relay position at same global t,fixed G01,True,False
Q2-011,599,11984.42965219125,11985.487213368328,"trajectory(x(t),y(t),z(t))",certified relay position at same global t,fixed G01,True,False
Q2-011,600,11985.487213368328,11986.544774545406,"trajectory(x(t),y(t),z(t))",certified relay position at same global t,fixed G01,True,False
Q2-011,601,11986.544774545406,11987.602335722484,"trajectory(x(t),y(t),z(t))",certified relay position at same global t,fixed G01,True,False
Q2-011,602,11987.602335722484,11988.659896899562,"trajectory(x(t),y(t),z(t))",certified relay position at same global t,fixed G01,True,False
Q2-011,603,11988.659896899562,11989.717458076668,"trajectory(x(t),y(t),z(t))",certified relay position at same global t,fixed G01,True,False
Q2-011,604,11989.717458076668,11990.775019253773,"trajectory(x(t),y(t),z(t))",certified relay position at same global t,fixed G01,True,False
Q2-011,605,11990.775019253773,11991.391316858113,"trajectory(x(t),y(t),z(t))",certified relay position at same global t,fixed G01,True,False
Q2-011,606,11991.391316858113,11992.007614462453,"trajectory(x(t),y(t),z(t))",certified relay position at same global t,fixed G01,True,False
Q2-011,607,11992.007614462453,11992.448878035193,"trajectory(x(t),y(t),z(t))",certified relay position at same global t,fixed G01,True,False
Q2-011,608,11992.448878035193,11992.890141607933,"trajectory(x(t),y(t),z(t))",certified relay position at same global t,fixed G01,True,False
Q2-011,609,11992.890141607933,11993.947702785026,"trajectory(x(t),y(t),z(t))",certified relay position at same global t,fixed G01,True,False
Q2-011,610,11993.947702785026,11995.005263962119,"trajectory(x(t),y(t),z(t))",certified relay position at same global t,fixed G01,True,False
Q2-011,611,11995.005263962119,11996.062825139212,"trajectory(x(t),y(t),z(t))",certified relay position at same global t,fixed G01,True,False
Q2-011,612,11996.062825139212,11997.120386316305,"trajectory(x(t),y(t),z(t))",certified relay position at same global t,fixed G01,True,False
Q2-011,613,11997.120386316305,11998.177947493383,"trajectory(x(t),y(t),z(t))",certified relay position at same global t,fixed G01,True,False
Q2-011,614,11998.177947493383,11999.235508670461,"trajectory(x(t),y(t),z(t))",certified relay position at same global t,fixed G01,True,False
Q2-011,615,11999.235508670461,11999.769079983469,"trajectory(x(t),y(t),z(t))",certified relay position at same global t,fixed G01,True,False
Q2-011,616,11999.769079983469,12000.302651296477,"trajectory(x(t),y(t),z(t))",certified relay position at same global t,fixed G01,True,False
Q2-011,617,12000.302651296477,12000.826641160562,"trajectory(x(t),y(t),z(t))",certified relay position at same global t,fixed G01,True,False
Q2-011,618,12000.826641160562,12001.350631024647,"trajectory(x(t),y(t),z(t))",certified relay position at same global t,fixed G01,True,False
Q2-011,619,12001.350631024647,12002.40819220174,"trajectory(x(t),y(t),z(t))",certified relay position at same global t,fixed G01,True,False
Q2-011,620,12002.40819220174,12003.465753378832,"trajectory(x(t),y(t),z(t))",certified relay position at same global t,fixed G01,True,False
Q2-011,621,12003.465753378832,12004.52331455591,"trajectory(x(t),y(t),z(t))",certified relay position at same global t,fixed G01,True,False
Q2-011,622,12004.52331455591,12005.580875732989,"trajectory(x(t),y(t),z(t))",certified relay position at same global t,fixed G01,True,False
Q2-011,623,12005.580875732989,12006.638436910094,"trajectory(x(t),y(t),z(t))",certified relay position at same global t,fixed G01,True,False
Q2-011,624,12006.638436910094,12007.6959980872,"trajectory(x(t),y(t),z(t))",certified relay position at same global t,fixed G01,True,False
Q2-011,625,12007.6959980872,12008.146843109273,"trajectory(x(t),y(t),z(t))",certified relay position at same global t,fixed G01,True,False
Q2-011,626,12008.146843109273,12008.597688131345,"trajectory(x(t),y(t),z(t))",certified relay position at same global t,fixed G01,True,False
Q2-011,627,12008.597688131345,12009.20440428635,"trajectory(x(t),y(t),z(t))",certified relay position at same global t,fixed G01,True,False
Q2-011,628,12009.20440428635,12009.811120441356,"trajectory(x(t),y(t),z(t))",certified relay position at same global t,fixed G01,True,False
Q2-011,629,12009.811120441356,12010.868681618434,"trajectory(x(t),y(t),z(t))",certified relay position at same global t,fixed G01,True,False
Q2-011,630,12010.868681618434,12011.926242795513,"trajectory(x(t),y(t),z(t))",certified relay position at same global t,fixed G01,True,False
Q2-011,631,12011.926242795513,12012.983803972618,"trajectory(x(t),y(t),z(t))",certified relay position at same global t,fixed G01,True,False
Q2-011,632,12012.983803972618,12014.041365149724,"trajectory(x(t),y(t),z(t))",certified relay position at same global t,fixed G01,True,False
Q2-011,633,12014.041365149724,12015.098926326802,"trajectory(x(t),y(t),z(t))",certified relay position at same global t,fixed G01,True,False
Q2-011,634,12015.098926326802,12016.15648750388,"trajectory(x(t),y(t),z(t))",certified relay position at same global t,fixed G01,True,False
Q2-011,635,12016.15648750388,12016.524606234621,"trajectory(x(t),y(t),z(t))",certified relay position at same global t,fixed G01,True,False
Q2-011,636,12016.524606234621,12016.892724965363,"trajectory(x(t),y(t),z(t))",certified relay position at same global t,fixed G01,True,False
Q2-011,637,12016.892724965363,12017.582167411714,"trajectory(x(t),y(t),z(t))",certified relay position at same global t,fixed G01,True,False
Q2-011,638,12017.582167411714,12018.271609858066,"trajectory(x(t),y(t),z(t))",certified relay position at same global t,fixed G01,True,False
Q2-011,639,12018.271609858066,12019.329171035159,"trajectory(x(t),y(t),z(t))",certified relay position at same global t,fixed G01,True,False
Q2-011,640,12019.329171035159,12020.386732212251,"trajectory(x(t),y(t),z(t))",certified relay position at same global t,fixed G01,True,False
Q2-011,641,12020.386732212251,12021.170046624893,"trajectory(x(t),y(t),z(t))",certified relay position at same global t,fixed G01,True,False
Q2-011,642,12021.170046624893,12021.953361037535,"trajectory(x(t),y(t),z(t))",certified relay position at same global t,fixed G01,True,False
Q2-011,643,12021.953361037535,12072.95802717523,"trajectory(x(t),y(t),z(t))",certified relay position at same global t,fixed G01,True,False
Q2-011,644,12072.95802717523,12432.95802717523,"trajectory(x(t),y(t),z(t))",certified relay position at same global t,fixed G01,True,False
Q2-011,645,12432.95802717523,12473.761760085386,"trajectory(x(t),y(t),z(t))",certified relay position at same global t,fixed G01,True,False
Q2-011,646,12473.761760085386,12474.545074498028,"trajectory(x(t),y(t),z(t))",certified relay position at same global t,fixed G01,True,False
Q2-011,647,12474.545074498028,12475.32838891067,"trajectory(x(t),y(t),z(t))",certified relay position at same global t,fixed G01,True,False
Q2-011,648,12475.32838891067,12476.385950087762,"trajectory(x(t),y(t),z(t))",certified relay position at same global t,fixed G01,True,False
Q2-011,649,12476.385950087762,12477.443511264855,"trajectory(x(t),y(t),z(t))",certified relay position at same global t,fixed G01,True,False
Q2-011,650,12477.443511264855,12478.132953711207,"trajectory(x(t),y(t),z(t))",certified relay position at same global t,fixed G01,True,False
Q2-011,651,12478.132953711207,12478.822396157559,"trajectory(x(t),y(t),z(t))",certified relay position at same global t,fixed G01,True,False
Q2-011,652,12478.822396157559,12479.1905148883,"trajectory(x(t),y(t),z(t))",certified relay position at same global t,fixed G01,True,False
Q2-011,653,12479.1905148883,12479.55863361904,"trajectory(x(t),y(t),z(t))",certified relay position at same global t,fixed G01,True,False
Q2-011,654,12479.55863361904,12480.616194796119,"trajectory(x(t),y(t),z(t))",certified relay position at same global t,fixed G01,True,False
Q2-011,655,12480.616194796119,12481.673755973197,"trajectory(x(t),y(t),z(t))",certified relay position at same global t,fixed G01,True,False
Q2-011,656,12481.673755973197,12482.731317150303,"trajectory(x(t),y(t),z(t))",certified relay position at same global t,fixed G01,True,False
Q2-011,657,12482.731317150303,12483.788878327408,"trajectory(x(t),y(t),z(t))",certified relay position at same global t,fixed G01,True,False
Q2-011,658,12483.788878327408,12484.846439504487,"trajectory(x(t),y(t),z(t))",certified relay position at same global t,fixed G01,True,False
Q2-011,659,12484.846439504487,12485.904000681565,"trajectory(x(t),y(t),z(t))",certified relay position at same global t,fixed G01,True,False
Q2-011,660,12485.904000681565,12486.51071683657,"trajectory(x(t),y(t),z(t))",certified relay position at same global t,fixed G01,True,False
Q2-011,661,12486.51071683657,12487.117432991576,"trajectory(x(t),y(t),z(t))",certified relay position at same global t,fixed G01,True,False
Q2-011,662,12487.117432991576,12487.568278013649,"trajectory(x(t),y(t),z(t))",certified relay position at same global t,fixed G01,True,False
Q2-011,663,12487.568278013649,12488.019123035721,"trajectory(x(t),y(t),z(t))",certified relay position at same global t,fixed G01,True,False
Q2-011,664,12488.019123035721,12489.076684212827,"trajectory(x(t),y(t),z(t))",certified relay position at same global t,fixed G01,True,False
Q2-011,665,12489.076684212827,12490.134245389932,"trajectory(x(t),y(t),z(t))",certified relay position at same global t,fixed G01,True,False
Q2-011,666,12490.134245389932,12491.19180656701,"trajectory(x(t),y(t),z(t))",certified relay position at same global t,fixed G01,True,False
Q2-011,667,12491.19180656701,12492.249367744089,"trajectory(x(t),y(t),z(t))",certified relay position at same global t,fixed G01,True,False
Q2-011,668,12492.249367744089,12493.306928921182,"trajectory(x(t),y(t),z(t))",certified relay position at same global t,fixed G01,True,False
Q2-011,669,12493.306928921182,12494.364490098274,"trajectory(x(t),y(t),z(t))",certified relay position at same global t,fixed G01,True,False
Q2-011,670,12494.364490098274,12494.88847996236,"trajectory(x(t),y(t),z(t))",certified relay position at same global t,fixed G01,True,False
Q2-011,671,12494.88847996236,12495.412469826444,"trajectory(x(t),y(t),z(t))",certified relay position at same global t,fixed G01,True,False
Q2-011,672,12495.412469826444,12495.946041139452,"trajectory(x(t),y(t),z(t))",certified relay position at same global t,fixed G01,True,False
Q2-011,673,12495.946041139452,12496.47961245246,"trajectory(x(t),y(t),z(t))",certified relay position at same global t,fixed G01,True,False
Q2-011,674,12496.47961245246,12497.537173629538,"trajectory(x(t),y(t),z(t))",certified relay position at same global t,fixed G01,True,False
Q2-011,675,12497.537173629538,12498.594734806617,"trajectory(x(t),y(t),z(t))",certified relay position at same global t,fixed G01,True,False
Q2-011,676,12498.594734806617,12499.65229598371,"trajectory(x(t),y(t),z(t))",certified relay position at same global t,fixed G01,True,False
Q2-011,677,12499.65229598371,12500.709857160802,"trajectory(x(t),y(t),z(t))",certified relay position at same global t,fixed G01,True,False
Q2-011,678,12500.709857160802,12501.767418337895,"trajectory(x(t),y(t),z(t))",certified relay position at same global t,fixed G01,True,False
Q2-011,679,12501.767418337895,12502.824979514988,"trajectory(x(t),y(t),z(t))",certified relay position at same global t,fixed G01,True,False
Q2-011,680,12502.824979514988,12503.266243087728,"trajectory(x(t),y(t),z(t))",certified relay position at same global t,fixed G01,True,False
Q2-011,681,12503.266243087728,12503.707506660468,"trajectory(x(t),y(t),z(t))",certified relay position at same global t,fixed G01,True,False
Q2-011,682,12503.707506660468,12504.323804264808,"trajectory(x(t),y(t),z(t))",certified relay position at same global t,fixed G01,True,False
Q2-011,683,12504.323804264808,12504.940101869148,"trajectory(x(t),y(t),z(t))",certified relay position at same global t,fixed G01,True,False
Q2-011,684,12504.940101869148,12505.997663046253,"trajectory(x(t),y(t),z(t))",certified relay position at same global t,fixed G01,True,False
Q2-011,685,12505.997663046253,12507.055224223359,"trajectory(x(t),y(t),z(t))",certified relay position at same global t,fixed G01,True,False
Q2-011,686,12507.055224223359,12508.112785400437,"trajectory(x(t),y(t),z(t))",certified relay position at same global t,fixed G01,True,False
Q2-011,687,12508.112785400437,12509.170346577515,"trajectory(x(t),y(t),z(t))",certified relay position at same global t,fixed G01,True,False
Q2-011,688,12509.170346577515,12510.227907754594,"trajectory(x(t),y(t),z(t))",certified relay position at same global t,fixed G01,True,False
Q2-011,689,12510.227907754594,12511.285468931672,"trajectory(x(t),y(t),z(t))",certified relay position at same global t,fixed G01,True,False
Q2-011,690,12511.285468931672,12511.64400621308,"trajectory(x(t),y(t),z(t))",certified relay position at same global t,fixed G01,True,False
Q2-011,691,12511.64400621308,12512.00254349449,"trajectory(x(t),y(t),z(t))",certified relay position at same global t,fixed G01,True,False
Q2-011,692,12512.00254349449,12512.701567390188,"trajectory(x(t),y(t),z(t))",certified relay position at same global t,fixed G01,True,False
Q2-011,693,12512.701567390188,12513.400591285887,"trajectory(x(t),y(t),z(t))",certified relay position at same global t,fixed G01,True,False
Q2-011,694,12513.400591285887,12514.458152462965,"trajectory(x(t),y(t),z(t))",certified relay position at same global t,fixed G01,True,False
Q2-011,695,12514.458152462965,12515.515713640043,"trajectory(x(t),y(t),z(t))",certified relay position at same global t,fixed G01,True,False
Q2-011,696,12515.515713640043,12516.573274817136,"trajectory(x(t),y(t),z(t))",certified relay position at same global t,fixed G01,True,False
Q2-011,697,12516.573274817136,12517.630835994229,"trajectory(x(t),y(t),z(t))",certified relay position at same global t,fixed G01,True,False
Q2-011,698,12517.630835994229,12518.688397171321,"trajectory(x(t),y(t),z(t))",certified relay position at same global t,fixed G01,True,False
Q2-011,699,12518.688397171321,12519.745958348414,"trajectory(x(t),y(t),z(t))",certified relay position at same global t,fixed G01,True,False
Q2-011,700,12519.745958348414,12520.021769338888,"trajectory(x(t),y(t),z(t))",certified relay position at same global t,fixed G01,True,False
Q2-011,701,12520.021769338888,12520.297580329361,"trajectory(x(t),y(t),z(t))",certified relay position at same global t,fixed G01,True,False
Q2-011,702,12520.297580329361,12521.079330515966,"trajectory(x(t),y(t),z(t))",certified relay position at same global t,fixed G01,True,False
Q2-011,703,12521.079330515966,12521.86108070257,"trajectory(x(t),y(t),z(t))",certified relay position at same global t,fixed G01,True,False
Q2-011,704,12521.86108070257,12522.918641879676,"trajectory(x(t),y(t),z(t))",certified relay position at same global t,fixed G01,True,False
Q2-011,705,12522.918641879676,12523.976203056782,"trajectory(x(t),y(t),z(t))",certified relay position at same global t,fixed G01,True,False
Q2-011,706,12523.976203056782,12525.03376423386,"trajectory(x(t),y(t),z(t))",certified relay position at same global t,fixed G01,True,False
Q2-011,707,12525.03376423386,12526.091325410938,"trajectory(x(t),y(t),z(t))",certified relay position at same global t,fixed G01,True,False
Q2-011,708,12526.091325410938,12527.148886588016,"trajectory(x(t),y(t),z(t))",certified relay position at same global t,fixed G01,True,False
Q2-011,709,12527.148886588016,12528.206447765095,"trajectory(x(t),y(t),z(t))",certified relay position at same global t,fixed G01,True,False
Q2-011,710,12528.206447765095,12528.399532464236,"trajectory(x(t),y(t),z(t))",certified relay position at same global t,fixed G01,True,False
Q2-011,711,12528.399532464236,12528.592617163378,"trajectory(x(t),y(t),z(t))",certified relay position at same global t,fixed G01,True,False
Q2-011,712,12528.592617163378,12529.457093641342,"trajectory(x(t),y(t),z(t))",certified relay position at same global t,fixed G01,True,False
Q2-011,713,12529.457093641342,12530.321570119306,"trajectory(x(t),y(t),z(t))",certified relay position at same global t,fixed G01,True,False
Q2-011,714,12530.321570119306,12531.379131296384,"trajectory(x(t),y(t),z(t))",certified relay position at same global t,fixed G01,True,False
Q2-011,715,12531.379131296384,12532.436692473462,"trajectory(x(t),y(t),z(t))",certified relay position at same global t,fixed G01,True,False
Q2-011,716,12532.436692473462,12533.494253650555,"trajectory(x(t),y(t),z(t))",certified relay position at same global t,fixed G01,True,False
Q2-011,717,12533.494253650555,12534.551814827648,"trajectory(x(t),y(t),z(t))",certified relay position at same global t,fixed G01,True,False
Q2-011,718,12534.551814827648,12535.60937600474,"trajectory(x(t),y(t),z(t))",certified relay position at same global t,fixed G01,True,False
Q2-011,719,12535.60937600474,12536.666937181833,"trajectory(x(t),y(t),z(t))",certified relay position at same global t,fixed G01,True,False
Q2-011,720,12536.666937181833,12536.777295589616,"trajectory(x(t),y(t),z(t))",certified relay position at same global t,fixed G01,True,False
Q2-011,721,12536.777295589616,12536.887653997399,"trajectory(x(t),y(t),z(t))",certified relay position at same global t,fixed G01,True,False
Q2-011,722,12536.887653997399,12537.834856766694,"trajectory(x(t),y(t),z(t))",certified relay position at same global t,fixed G01,True,False
Q2-011,723,12537.834856766694,12538.78205953599,"trajectory(x(t),y(t),z(t))",certified relay position at same global t,fixed G01,True,False
Q2-011,724,12538.78205953599,12539.839620713083,"trajectory(x(t),y(t),z(t))",certified relay position at same global t,fixed G01,True,False
Q2-011,725,12539.839620713083,12540.897181890175,"trajectory(x(t),y(t),z(t))",certified relay position at same global t,fixed G01,True,False
Q2-011,726,12540.897181890175,12541.954743067268,"trajectory(x(t),y(t),z(t))",certified relay position at same global t,fixed G01,True,False
Q2-011,727,12541.954743067268,12543.012304244361,"trajectory(x(t),y(t),z(t))",certified relay position at same global t,fixed G01,True,False
Q2-011,728,12543.012304244361,12544.06986542144,"trajectory(x(t),y(t),z(t))",certified relay position at same global t,fixed G01,True,False
Q2-011,729,12544.06986542144,12545.127426598518,"trajectory(x(t),y(t),z(t))",certified relay position at same global t,fixed G01,True,False
Q2-011,730,12545.127426598518,12545.155058715392,"trajectory(x(t),y(t),z(t))",certified relay position at same global t,fixed G01,True,False
Q2-011,731,12545.155058715392,12545.182690832267,"trajectory(x(t),y(t),z(t))",certified relay position at same global t,fixed G01,True,False
Q2-011,732,12545.182690832267,12546.212619892498,"trajectory(x(t),y(t),z(t))",certified relay position at same global t,fixed G01,True,False
Q2-011,733,12546.212619892498,12547.242548952729,"trajectory(x(t),y(t),z(t))",certified relay position at same global t,fixed G01,True,False
Q2-011,734,12547.242548952729,12548.300110129807,"trajectory(x(t),y(t),z(t))",certified relay position at same global t,fixed G01,True,False
Q2-011,735,12548.300110129807,12549.357671306885,"trajectory(x(t),y(t),z(t))",certified relay position at same global t,fixed G01,True,False
Q2-011,736,12549.357671306885,12550.415232483963,"trajectory(x(t),y(t),z(t))",certified relay position at same global t,fixed G01,True,False
Q2-011,737,12550.415232483963,12551.472793661042,"trajectory(x(t),y(t),z(t))",certified relay position at same global t,fixed G01,True,False
Q2-011,738,12551.472793661042,12552.475260663665,"trajectory(x(t),y(t),z(t))",certified relay position at same global t,fixed G01,True,False
Q2-011,739,12552.475260663665,12553.477727666288,"trajectory(x(t),y(t),z(t))",certified relay position at same global t,fixed G01,True,False
Q2-011,740,12553.477727666288,12553.532821840772,"trajectory(x(t),y(t),z(t))",certified relay position at same global t,fixed G01,True,False
Q2-011,741,12553.532821840772,12553.587916015256,"trajectory(x(t),y(t),z(t))",certified relay position at same global t,fixed G01,True,False
Q2-011,742,12553.587916015256,12554.645477192335,"trajectory(x(t),y(t),z(t))",certified relay position at same global t,fixed G01,True,False
Q2-011,743,12554.645477192335,12555.703038369413,"trajectory(x(t),y(t),z(t))",certified relay position at same global t,fixed G01,True,False
Q2-011,744,12555.703038369413,12556.760599546506,"trajectory(x(t),y(t),z(t))",certified relay position at same global t,fixed G01,True,False
Q2-011,745,12556.760599546506,12557.818160723598,"trajectory(x(t),y(t),z(t))",certified relay position at same global t,fixed G01,True,False
Q2-011,746,12557.818160723598,12558.875721900691,"trajectory(x(t),y(t),z(t))",certified relay position at same global t,fixed G01,True,False
Q2-011,747,12558.875721900691,12559.933283077784,"trajectory(x(t),y(t),z(t))",certified relay position at same global t,fixed G01,True,False
Q2-011,748,12559.933283077784,12560.853023789048,"trajectory(x(t),y(t),z(t))",certified relay position at same global t,fixed G01,True,False
Q2-011,749,12560.853023789048,12561.772764500312,"trajectory(x(t),y(t),z(t))",certified relay position at same global t,fixed G01,True,False
Q2-011,750,12561.772764500312,12561.910584966128,"trajectory(x(t),y(t),z(t))",certified relay position at same global t,fixed G01,True,False
Q2-011,751,12561.910584966128,12562.048405431944,"trajectory(x(t),y(t),z(t))",certified relay position at same global t,fixed G01,True,False
Q2-011,752,12562.048405431944,12563.10596660905,"trajectory(x(t),y(t),z(t))",certified relay position at same global t,fixed G01,True,False
Q2-011,753,12563.10596660905,12564.163527786155,"trajectory(x(t),y(t),z(t))",certified relay position at same global t,fixed G01,True,False
Q2-011,754,12564.163527786155,12565.221088963233,"trajectory(x(t),y(t),z(t))",certified relay position at same global t,fixed G01,True,False
Q2-011,755,12565.221088963233,12566.278650140312,"trajectory(x(t),y(t),z(t))",certified relay position at same global t,fixed G01,True,False
Q2-011,756,12566.278650140312,12567.33621131739,"trajectory(x(t),y(t),z(t))",certified relay position at same global t,fixed G01,True,False
Q2-011,757,12567.33621131739,12568.393772494468,"trajectory(x(t),y(t),z(t))",certified relay position at same global t,fixed G01,True,False
Q2-011,758,12568.393772494468,12569.230786914824,"trajectory(x(t),y(t),z(t))",certified relay position at same global t,fixed G01,True,False
Q2-011,759,12569.230786914824,12570.06780133518,"trajectory(x(t),y(t),z(t))",certified relay position at same global t,fixed G01,True,False
Q2-011,760,12570.06780133518,12570.28834809193,"trajectory(x(t),y(t),z(t))",certified relay position at same global t,fixed G01,True,False
Q2-011,761,12570.28834809193,12570.50889484868,"trajectory(x(t),y(t),z(t))",certified relay position at same global t,fixed G01,True,False
Q2-011,762,12570.50889484868,12571.566456025757,"trajectory(x(t),y(t),z(t))",certified relay position at same global t,fixed G01,True,False
Q2-011,763,12571.566456025757,12572.624017202836,"trajectory(x(t),y(t),z(t))",certified relay position at same global t,fixed G01,True,False
Q2-011,764,12572.624017202836,12573.681578379928,"trajectory(x(t),y(t),z(t))",certified relay position at same global t,fixed G01,True,False
Q2-011,765,12573.681578379928,12574.739139557021,"trajectory(x(t),y(t),z(t))",certified relay position at same global t,fixed G01,True,False
Q2-011,766,12574.739139557021,12575.796700734114,"trajectory(x(t),y(t),z(t))",certified relay position at same global t,fixed G01,True,False
Q2-011,767,12575.796700734114,12576.854261911207,"trajectory(x(t),y(t),z(t))",certified relay position at same global t,fixed G01,True,False
Q2-011,768,12576.854261911207,12577.608550040204,"trajectory(x(t),y(t),z(t))",certified relay position at same global t,fixed G01,True,False
Q2-011,769,12577.608550040204,12578.362838169201,"trajectory(x(t),y(t),z(t))",certified relay position at same global t,fixed G01,True,False
Q2-011,770,12578.362838169201,12578.666111217282,"trajectory(x(t),y(t),z(t))",certified relay position at same global t,fixed G01,True,False
Q2-011,771,12578.666111217282,12578.969384265363,"trajectory(x(t),y(t),z(t))",certified relay position at same global t,fixed G01,True,False
Q2-011,772,12578.969384265363,12580.026945442456,"trajectory(x(t),y(t),z(t))",certified relay position at same global t,fixed G01,True,False
Q2-011,773,12580.026945442456,12581.084506619549,"trajectory(x(t),y(t),z(t))",certified relay position at same global t,fixed G01,True,False
Q2-011,774,12581.084506619549,12582.142067796642,"trajectory(x(t),y(t),z(t))",certified relay position at same global t,fixed G01,True,False
Q2-011,775,12582.142067796642,12583.199628973734,"trajectory(x(t),y(t),z(t))",certified relay position at same global t,fixed G01,True,False
Q2-011,776,12583.199628973734,12584.257190150813,"trajectory(x(t),y(t),z(t))",certified relay position at same global t,fixed G01,True,False
Q2-011,777,12584.257190150813,12585.314751327891,"trajectory(x(t),y(t),z(t))",certified relay position at same global t,fixed G01,True,False
Q2-011,778,12585.314751327891,12585.986313165557,"trajectory(x(t),y(t),z(t))",certified relay position at same global t,fixed G01,True,False
Q2-011,779,12585.986313165557,12586.657875003222,"trajectory(x(t),y(t),z(t))",certified relay position at same global t,fixed G01,True,False
Q2-011,780,12586.657875003222,12587.043874342662,"trajectory(x(t),y(t),z(t))",certified relay position at same global t,fixed G01,True,False
Q2-011,781,12587.043874342662,12587.429873682102,"trajectory(x(t),y(t),z(t))",certified relay position at same global t,fixed G01,True,False
Q2-011,782,12587.429873682102,12588.48743485918,"trajectory(x(t),y(t),z(t))",certified relay position at same global t,fixed G01,True,False
Q2-011,783,12588.48743485918,12589.544996036258,"trajectory(x(t),y(t),z(t))",certified relay position at same global t,fixed G01,True,False
Q2-011,784,12589.544996036258,12590.602557213337,"trajectory(x(t),y(t),z(t))",certified relay position at same global t,fixed G01,True,False
Q2-011,785,12590.602557213337,12591.660118390415,"trajectory(x(t),y(t),z(t))",certified relay position at same global t,fixed G01,True,False
Q2-011,786,12591.660118390415,12592.71767956752,"trajectory(x(t),y(t),z(t))",certified relay position at same global t,fixed G01,True,False
Q2-011,787,12592.71767956752,12593.775240744626,"trajectory(x(t),y(t),z(t))",certified relay position at same global t,fixed G01,True,False
Q2-011,788,12593.775240744626,12594.364076291356,"trajectory(x(t),y(t),z(t))",certified relay position at same global t,fixed G01,True,False
Q2-011,789,12594.364076291356,12594.952911838087,"trajectory(x(t),y(t),z(t))",certified relay position at same global t,fixed G01,True,False
Q2-011,790,12594.952911838087,12595.421637468435,"trajectory(x(t),y(t),z(t))",certified relay position at same global t,fixed G01,True,False
Q2-011,791,12595.421637468435,12595.890363098782,"trajectory(x(t),y(t),z(t))",certified relay position at same global t,fixed G01,True,False
Q2-011,792,12595.890363098782,12596.947924275875,"trajectory(x(t),y(t),z(t))",certified relay position at same global t,fixed G01,True,False
Q2-011,793,12596.947924275875,12598.005485452968,"trajectory(x(t),y(t),z(t))",certified relay position at same global t,fixed G01,True,False
Q2-011,794,12598.005485452968,12599.06304663006,"trajectory(x(t),y(t),z(t))",certified relay position at same global t,fixed G01,True,False
Q2-011,795,12599.06304663006,12600.120607807154,"trajectory(x(t),y(t),z(t))",certified relay position at same global t,fixed G01,True,False
Q2-011,796,12600.120607807154,12601.178168984232,"trajectory(x(t),y(t),z(t))",certified relay position at same global t,fixed G01,True,False
Q2-011,797,12601.178168984232,12602.23573016131,"trajectory(x(t),y(t),z(t))",certified relay position at same global t,fixed G01,True,False
Q2-011,798,12602.23573016131,12602.741839416709,"trajectory(x(t),y(t),z(t))",certified relay position at same global t,fixed G01,True,False
Q2-011,799,12602.741839416709,12603.247948672108,"trajectory(x(t),y(t),z(t))",certified relay position at same global t,fixed G01,True,False
Q2-011,800,12603.247948672108,12603.799400593814,"trajectory(x(t),y(t),z(t))",certified relay position at same global t,fixed G01,True,False
Q2-011,801,12603.799400593814,12604.350852515521,"trajectory(x(t),y(t),z(t))",certified relay position at same global t,fixed G01,True,False
Q2-011,802,12604.350852515521,12605.4084136926,"trajectory(x(t),y(t),z(t))",certified relay position at same global t,fixed G01,True,False
Q2-011,803,12605.4084136926,12606.465974869678,"trajectory(x(t),y(t),z(t))",certified relay position at same global t,fixed G01,True,False
Q2-011,804,12606.465974869678,12607.523536046756,"trajectory(x(t),y(t),z(t))",certified relay position at same global t,fixed G01,True,False
Q2-011,805,12607.523536046756,12608.581097223834,"trajectory(x(t),y(t),z(t))",certified relay position at same global t,fixed G01,True,False
Q2-011,806,12608.581097223834,12609.63865840094,"trajectory(x(t),y(t),z(t))",certified relay position at same global t,fixed G01,True,False
Q2-011,807,12609.63865840094,12610.696219578045,"trajectory(x(t),y(t),z(t))",certified relay position at same global t,fixed G01,True,False
Q2-011,808,12610.696219578045,12611.119602542085,"trajectory(x(t),y(t),z(t))",certified relay position at same global t,fixed G01,True,False
Q2-011,809,12611.119602542085,12611.542985506125,"trajectory(x(t),y(t),z(t))",certified relay position at same global t,fixed G01,True,False
Q2-011,810,12611.542985506125,12612.177163719163,"trajectory(x(t),y(t),z(t))",certified relay position at same global t,fixed G01,True,False
Q2-011,811,12612.177163719163,12612.811341932202,"trajectory(x(t),y(t),z(t))",certified relay position at same global t,fixed G01,True,False
Q2-011,812,12612.811341932202,12613.868903109294,"trajectory(x(t),y(t),z(t))",certified relay position at same global t,fixed G01,True,False
Q2-011,813,12613.868903109294,12614.926464286387,"trajectory(x(t),y(t),z(t))",certified relay position at same global t,fixed G01,True,False
Q2-011,814,12614.926464286387,12615.98402546348,"trajectory(x(t),y(t),z(t))",certified relay position at same global t,fixed G01,True,False
Q2-011,815,12615.98402546348,12617.041586640573,"trajectory(x(t),y(t),z(t))",certified relay position at same global t,fixed G01,True,False
Q2-011,816,12617.041586640573,12618.099147817651,"trajectory(x(t),y(t),z(t))",certified relay position at same global t,fixed G01,True,False
Q2-011,817,12618.099147817651,12619.15670899473,"trajectory(x(t),y(t),z(t))",certified relay position at same global t,fixed G01,True,False
Q2-011,818,12619.15670899473,12619.497365667863,"trajectory(x(t),y(t),z(t))",certified relay position at same global t,fixed G01,True,False
Q2-011,819,12619.497365667863,12619.838022340997,"trajectory(x(t),y(t),z(t))",certified relay position at same global t,fixed G01,True,False
Q2-011,820,12619.838022340997,12620.554926844956,"trajectory(x(t),y(t),z(t))",certified relay position at same global t,fixed G01,True,False
Q2-011,821,12620.554926844956,12621.271831348915,"trajectory(x(t),y(t),z(t))",certified relay position at same global t,fixed G01,True,False
Q2-011,822,12621.271831348915,12622.329392526008,"trajectory(x(t),y(t),z(t))",certified relay position at same global t,fixed G01,True,False
Q2-011,823,12622.329392526008,12623.3869537031,"trajectory(x(t),y(t),z(t))",certified relay position at same global t,fixed G01,True,False
Q2-011,824,12623.3869537031,12624.444514880179,"trajectory(x(t),y(t),z(t))",certified relay position at same global t,fixed G01,True,False
Q2-011,825,12624.444514880179,12625.502076057257,"trajectory(x(t),y(t),z(t))",certified relay position at same global t,fixed G01,True,False
Q2-011,826,12625.502076057257,12626.559637234363,"trajectory(x(t),y(t),z(t))",certified relay position at same global t,fixed G01,True,False
Q2-011,827,12626.559637234363,12627.617198411468,"trajectory(x(t),y(t),z(t))",certified relay position at same global t,fixed G01,True,False
Q2-011,828,12627.617198411468,12627.875128793243,"trajectory(x(t),y(t),z(t))",certified relay position at same global t,fixed G01,True,False
Q2-011,829,12627.875128793243,12628.133059175017,"trajectory(x(t),y(t),z(t))",certified relay position at same global t,fixed G01,True,False
Q2-011,830,12628.133059175017,12628.932689970323,"trajectory(x(t),y(t),z(t))",certified relay position at same global t,fixed G01,True,False
Q2-011,831,12628.932689970323,12629.732320765628,"trajectory(x(t),y(t),z(t))",certified relay position at same global t,fixed G01,True,False
Q2-011,832,12629.732320765628,12630.789881942706,"trajectory(x(t),y(t),z(t))",certified relay position at same global t,fixed G01,True,False
Q2-011,833,12630.789881942706,12631.847443119785,"trajectory(x(t),y(t),z(t))",certified relay position at same global t,fixed G01,True,False
Q2-011,834,12631.847443119785,12632.90500429689,"trajectory(x(t),y(t),z(t))",certified relay position at same global t,fixed G01,True,False
Q2-011,835,12632.90500429689,12633.962565473996,"trajectory(x(t),y(t),z(t))",certified relay position at same global t,fixed G01,True,False
Q2-011,836,12633.962565473996,12635.020126651074,"trajectory(x(t),y(t),z(t))",certified relay position at same global t,fixed G01,True,False
Q2-011,837,12635.020126651074,12636.077687828152,"trajectory(x(t),y(t),z(t))",certified relay position at same global t,fixed G01,True,False
Q2-011,838,12636.077687828152,12636.252891918806,"trajectory(x(t),y(t),z(t))",certified relay position at same global t,fixed G01,True,False
Q2-011,839,12636.252891918806,12636.42809600946,"trajectory(x(t),y(t),z(t))",certified relay position at same global t,fixed G01,True,False
Q2-011,840,12636.42809600946,12637.310453095899,"trajectory(x(t),y(t),z(t))",certified relay position at same global t,fixed G01,True,False
Q2-011,841,12637.310453095899,12638.192810182338,"trajectory(x(t),y(t),z(t))",certified relay position at same global t,fixed G01,True,False
Q2-011,842,12638.192810182338,12639.25037135943,"trajectory(x(t),y(t),z(t))",certified relay position at same global t,fixed G01,True,False
Q2-011,843,12639.25037135943,12640.307932536523,"trajectory(x(t),y(t),z(t))",certified relay position at same global t,fixed G01,True,False
Q2-011,844,12640.307932536523,12641.365493713602,"trajectory(x(t),y(t),z(t))",certified relay position at same global t,fixed G01,True,False
Q2-011,845,12641.365493713602,12642.42305489068,"trajectory(x(t),y(t),z(t))",certified relay position at same global t,fixed G01,True,False
Q2-011,846,12642.42305489068,12643.480616067785,"trajectory(x(t),y(t),z(t))",certified relay position at same global t,fixed G01,True,False
Q2-011,847,12643.480616067785,12644.53817724489,"trajectory(x(t),y(t),z(t))",certified relay position at same global t,fixed G01,True,False
Q2-011,848,12644.53817724489,12644.630655044399,"trajectory(x(t),y(t),z(t))",certified relay position at same global t,fixed G01,True,False
Q2-011,849,12644.630655044399,12644.723132843907,"trajectory(x(t),y(t),z(t))",certified relay position at same global t,fixed G01,True,False
Q2-011,850,12644.723132843907,12645.688216221477,"trajectory(x(t),y(t),z(t))",certified relay position at same global t,fixed G01,True,False
Q2-011,851,12645.688216221477,12646.653299599047,"trajectory(x(t),y(t),z(t))",certified relay position at same global t,fixed G01,True,False
Q2-011,852,12646.653299599047,12647.710860776126,"trajectory(x(t),y(t),z(t))",certified relay position at same global t,fixed G01,True,False
Q2-011,853,12647.710860776126,12648.768421953204,"trajectory(x(t),y(t),z(t))",certified relay position at same global t,fixed G01,True,False
Q2-011,854,12648.768421953204,12649.82598313031,"trajectory(x(t),y(t),z(t))",certified relay position at same global t,fixed G01,True,False
Q2-011,855,12649.82598313031,12650.883544307415,"trajectory(x(t),y(t),z(t))",certified relay position at same global t,fixed G01,True,False
Q2-011,856,12650.883544307415,12651.941105484493,"trajectory(x(t),y(t),z(t))",certified relay position at same global t,fixed G01,True,False
Q2-011,857,12651.941105484493,12652.998666661571,"trajectory(x(t),y(t),z(t))",certified relay position at same global t,fixed G01,True,False
Q2-011,858,12652.998666661571,12653.008418169748,"trajectory(x(t),y(t),z(t))",certified relay position at same global t,fixed G01,True,False
Q2-011,859,12653.008418169748,12653.018169677924,"trajectory(x(t),y(t),z(t))",certified relay position at same global t,fixed G01,True,False
Q2-011,860,12653.018169677924,12654.06597934684,"trajectory(x(t),y(t),z(t))",certified relay position at same global t,fixed G01,True,False
Q2-011,861,12654.06597934684,12655.113789015757,"trajectory(x(t),y(t),z(t))",certified relay position at same global t,fixed G01,True,False
Q2-011,862,12655.113789015757,12656.17135019285,"trajectory(x(t),y(t),z(t))",certified relay position at same global t,fixed G01,True,False
Q2-011,863,12656.17135019285,12657.228911369943,"trajectory(x(t),y(t),z(t))",certified relay position at same global t,fixed G01,True,False
Q2-011,864,12657.228911369943,12658.28647254702,"trajectory(x(t),y(t),z(t))",certified relay position at same global t,fixed G01,True,False
Q2-011,865,12658.28647254702,12659.344033724099,"trajectory(x(t),y(t),z(t))",certified relay position at same global t,fixed G01,True,False
Q2-011,866,12659.344033724099,12660.328620118235,"trajectory(x(t),y(t),z(t))",certified relay position at same global t,fixed G01,True,False
Q2-011,867,12660.328620118235,12661.31320651237,"trajectory(x(t),y(t),z(t))",certified relay position at same global t,fixed G01,True,False
Q2-011,868,12661.31320651237,12661.38618129534,"trajectory(x(t),y(t),z(t))",certified relay position at same global t,fixed G01,True,False
Q2-011,869,12661.38618129534,12661.45915607831,"trajectory(x(t),y(t),z(t))",certified relay position at same global t,fixed G01,True,False
Q2-011,870,12661.45915607831,12662.516717255388,"trajectory(x(t),y(t),z(t))",certified relay position at same global t,fixed G01,True,False
Q2-011,871,12662.516717255388,12663.574278432467,"trajectory(x(t),y(t),z(t))",certified relay position at same global t,fixed G01,True,False
Q2-011,872,12663.574278432467,12664.631839609545,"trajectory(x(t),y(t),z(t))",certified relay position at same global t,fixed G01,True,False
Q2-011,873,12664.631839609545,12665.689400786623,"trajectory(x(t),y(t),z(t))",certified relay position at same global t,fixed G01,True,False
Q2-011,874,12665.689400786623,12666.746961963729,"trajectory(x(t),y(t),z(t))",certified relay position at same global t,fixed G01,True,False
Q2-011,875,12666.746961963729,12667.804523140834,"trajectory(x(t),y(t),z(t))",certified relay position at same global t,fixed G01,True,False
Q2-011,876,12667.804523140834,12668.706383243823,"trajectory(x(t),y(t),z(t))",certified relay position at same global t,fixed G01,True,False
Q2-011,877,12668.706383243823,12669.608243346813,"trajectory(x(t),y(t),z(t))",certified relay position at same global t,fixed G01,True,False
Q2-011,878,12669.608243346813,12669.763944420903,"trajectory(x(t),y(t),z(t))",certified relay position at same global t,fixed G01,True,False
Q2-011,879,12669.763944420903,12669.919645494994,"trajectory(x(t),y(t),z(t))",certified relay position at same global t,fixed G01,True,False
Q2-011,880,12669.919645494994,12670.977206672072,"trajectory(x(t),y(t),z(t))",certified relay position at same global t,fixed G01,True,False
Q2-011,881,12670.977206672072,12672.03476784915,"trajectory(x(t),y(t),z(t))",certified relay position at same global t,fixed G01,True,False
Q2-011,882,12672.03476784915,12673.092329026256,"trajectory(x(t),y(t),z(t))",certified relay position at same global t,fixed G01,True,False
Q2-011,883,12673.092329026256,12674.149890203362,"trajectory(x(t),y(t),z(t))",certified relay position at same global t,fixed G01,True,False
Q2-011,884,12674.149890203362,12675.20745138044,"trajectory(x(t),y(t),z(t))",certified relay position at same global t,fixed G01,True,False
Q2-011,885,12675.20745138044,12676.265012557518,"trajectory(x(t),y(t),z(t))",certified relay position at same global t,fixed G01,True,False
Q2-011,886,12676.265012557518,12677.084146369174,"trajectory(x(t),y(t),z(t))",certified relay position at same global t,fixed G01,True,False
Q2-011,887,12677.084146369174,12677.90328018083,"trajectory(x(t),y(t),z(t))",certified relay position at same global t,fixed G01,True,False
Q2-011,888,12677.90328018083,12678.141707546265,"trajectory(x(t),y(t),z(t))",certified relay position at same global t,fixed G01,True,False
Q2-011,889,12678.141707546265,12678.3801349117,"trajectory(x(t),y(t),z(t))",certified relay position at same global t,fixed G01,True,False
Q2-011,890,12678.3801349117,12679.437696088793,"trajectory(x(t),y(t),z(t))",certified relay position at same global t,fixed G01,True,False
Q2-011,891,12679.437696088793,12680.495257265886,"trajectory(x(t),y(t),z(t))",certified relay position at same global t,fixed G01,True,False
Q2-011,892,12680.495257265886,12681.552818442964,"trajectory(x(t),y(t),z(t))",certified relay position at same global t,fixed G01,True,False
Q2-011,893,12681.552818442964,12682.610379620042,"trajectory(x(t),y(t),z(t))",certified relay position at same global t,fixed G01,True,False
Q2-011,894,12682.610379620042,12683.667940797148,"trajectory(x(t),y(t),z(t))",certified relay position at same global t,fixed G01,True,False
Q2-011,895,12683.667940797148,12684.725501974253,"trajectory(x(t),y(t),z(t))",certified relay position at same global t,fixed G01,True,False
Q2-011,896,12684.725501974253,12685.461909494763,"trajectory(x(t),y(t),z(t))",certified relay position at same global t,fixed G01,True,False
Q2-011,897,12685.461909494763,12686.198317015273,"trajectory(x(t),y(t),z(t))",certified relay position at same global t,fixed G01,True,False
Q2-011,898,12686.198317015273,12686.519470671841,"trajectory(x(t),y(t),z(t))",certified relay position at same global t,fixed G01,True,False
Q2-011,899,12686.519470671841,12686.84062432841,"trajectory(x(t),y(t),z(t))",certified relay position at same global t,fixed G01,True,False
Q2-011,900,12686.84062432841,12687.898185505488,"trajectory(x(t),y(t),z(t))",certified relay position at same global t,fixed G01,True,False
Q2-011,901,12687.898185505488,12688.955746682566,"trajectory(x(t),y(t),z(t))",certified relay position at same global t,fixed G01,True,False
Q2-011,902,12688.955746682566,12690.013307859672,"trajectory(x(t),y(t),z(t))",certified relay position at same global t,fixed G01,True,False
Q2-011,903,12690.013307859672,12691.070869036777,"trajectory(x(t),y(t),z(t))",certified relay position at same global t,fixed G01,True,False
Q2-011,904,12691.070869036777,12692.128430213856,"trajectory(x(t),y(t),z(t))",certified relay position at same global t,fixed G01,True,False
Q2-011,905,12692.128430213856,12693.185991390934,"trajectory(x(t),y(t),z(t))",certified relay position at same global t,fixed G01,True,False
Q2-011,906,12693.185991390934,12693.839672620325,"trajectory(x(t),y(t),z(t))",certified relay position at same global t,fixed G01,True,False
Q2-011,907,12693.839672620325,12694.493353849715,"trajectory(x(t),y(t),z(t))",certified relay position at same global t,fixed G01,True,False
Q2-011,908,12694.493353849715,12694.897233797417,"trajectory(x(t),y(t),z(t))",certified relay position at same global t,fixed G01,True,False
Q2-011,909,12694.897233797417,12695.30111374512,"trajectory(x(t),y(t),z(t))",certified relay position at same global t,fixed G01,True,False
Q2-011,910,12695.30111374512,12696.358674922212,"trajectory(x(t),y(t),z(t))",certified relay position at same global t,fixed G01,True,False
Q2-011,911,12696.358674922212,12697.416236099305,"trajectory(x(t),y(t),z(t))",certified relay position at same global t,fixed G01,True,False
Q2-011,912,12697.416236099305,12698.473797276383,"trajectory(x(t),y(t),z(t))",certified relay position at same global t,fixed G01,True,False
Q2-011,913,12698.473797276383,12699.531358453462,"trajectory(x(t),y(t),z(t))",certified relay position at same global t,fixed G01,True,False
Q2-011,914,12699.531358453462,12700.588919630567,"trajectory(x(t),y(t),z(t))",certified relay position at same global t,fixed G01,True,False
Q2-011,915,12700.588919630567,12701.646480807673,"trajectory(x(t),y(t),z(t))",certified relay position at same global t,fixed G01,True,False
Q2-011,916,12701.646480807673,12702.217435745704,"trajectory(x(t),y(t),z(t))",certified relay position at same global t,fixed G01,True,False
Q2-011,917,12702.217435745704,12702.788390683736,"trajectory(x(t),y(t),z(t))",certified relay position at same global t,fixed G01,True,False
Q2-011,918,12702.788390683736,12703.274996922783,"trajectory(x(t),y(t),z(t))",certified relay position at same global t,fixed G01,True,False
Q2-011,919,12703.274996922783,12703.761603161829,"trajectory(x(t),y(t),z(t))",certified relay position at same global t,fixed G01,True,False
Q2-011,920,12703.761603161829,12704.819164338907,"trajectory(x(t),y(t),z(t))",certified relay position at same global t,fixed G01,True,False
Q2-011,921,12704.819164338907,12705.876725515986,"trajectory(x(t),y(t),z(t))",certified relay position at same global t,fixed G01,True,False
Q2-011,922,12705.876725515986,12706.934286693091,"trajectory(x(t),y(t),z(t))",certified relay position at same global t,fixed G01,True,False
Q2-011,923,12706.934286693091,12707.991847870197,"trajectory(x(t),y(t),z(t))",certified relay position at same global t,fixed G01,True,False
Q2-011,924,12707.991847870197,12709.049409047275,"trajectory(x(t),y(t),z(t))",certified relay position at same global t,fixed G01,True,False
Q2-011,925,12709.049409047275,12710.106970224353,"trajectory(x(t),y(t),z(t))",certified relay position at same global t,fixed G01,True,False
Q2-011,926,12710.106970224353,12710.595198871266,"trajectory(x(t),y(t),z(t))",certified relay position at same global t,fixed G01,True,False
Q2-011,927,12710.595198871266,12711.083427518177,"trajectory(x(t),y(t),z(t))",certified relay position at same global t,fixed G01,True,False
Q2-011,928,12711.083427518177,12711.652760048344,"trajectory(x(t),y(t),z(t))",certified relay position at same global t,fixed G01,True,False
Q2-011,929,12711.652760048344,12712.222092578511,"trajectory(x(t),y(t),z(t))",certified relay position at same global t,fixed G01,True,False
Q2-011,930,12712.222092578511,12713.279653755617,"trajectory(x(t),y(t),z(t))",certified relay position at same global t,fixed G01,True,False
Q2-011,931,12713.279653755617,12714.337214932722,"trajectory(x(t),y(t),z(t))",certified relay position at same global t,fixed G01,True,False
Q2-011,932,12714.337214932722,12715.3947761098,"trajectory(x(t),y(t),z(t))",certified relay position at same global t,fixed G01,True,False
Q2-011,933,12715.3947761098,12716.452337286879,"trajectory(x(t),y(t),z(t))",certified relay position at same global t,fixed G01,True,False
Q2-011,934,12716.452337286879,12717.509898463972,"trajectory(x(t),y(t),z(t))",certified relay position at same global t,fixed G01,True,False
Q2-011,935,12717.509898463972,12718.567459641064,"trajectory(x(t),y(t),z(t))",certified relay position at same global t,fixed G01,True,False
Q2-011,936,12718.567459641064,12718.972961996844,"trajectory(x(t),y(t),z(t))",certified relay position at same global t,fixed G01,True,False
Q2-011,937,12718.972961996844,12719.378464352623,"trajectory(x(t),y(t),z(t))",certified relay position at same global t,fixed G01,True,False
Q2-011,938,12719.378464352623,12720.030523173937,"trajectory(x(t),y(t),z(t))",certified relay position at same global t,fixed G01,True,False
Q2-011,939,12720.030523173937,12720.68258199525,"trajectory(x(t),y(t),z(t))",certified relay position at same global t,fixed G01,True,False
Q2-011,940,12720.68258199525,12721.740143172328,"trajectory(x(t),y(t),z(t))",certified relay position at same global t,fixed G01,True,False
Q2-011,941,12721.740143172328,12722.797704349407,"trajectory(x(t),y(t),z(t))",certified relay position at same global t,fixed G01,True,False
Q2-011,942,12722.797704349407,12723.855265526512,"trajectory(x(t),y(t),z(t))",certified relay position at same global t,fixed G01,True,False
Q2-011,943,12723.855265526512,12724.912826703618,"trajectory(x(t),y(t),z(t))",certified relay position at same global t,fixed G01,True,False
Q2-011,944,12724.912826703618,12725.970387880696,"trajectory(x(t),y(t),z(t))",certified relay position at same global t,fixed G01,True,False
Q2-011,945,12725.970387880696,12727.027949057774,"trajectory(x(t),y(t),z(t))",certified relay position at same global t,fixed G01,True,False
Q2-011,946,12727.027949057774,12727.350725122207,"trajectory(x(t),y(t),z(t))",certified relay position at same global t,fixed G01,True,False
Q2-011,947,12727.350725122207,12727.67350118664,"trajectory(x(t),y(t),z(t))",certified relay position at same global t,fixed G01,True,False
Q2-011,948,12727.67350118664,12728.408286299285,"trajectory(x(t),y(t),z(t))",certified relay position at same global t,fixed G01,True,False
Q2-011,949,12728.408286299285,12729.14307141193,"trajectory(x(t),y(t),z(t))",certified relay position at same global t,fixed G01,True,False
Q2-011,950,12729.14307141193,12730.200632589036,"trajectory(x(t),y(t),z(t))",certified relay position at same global t,fixed G01,True,False
Q2-011,951,12730.200632589036,12731.258193766142,"trajectory(x(t),y(t),z(t))",certified relay position at same global t,fixed G01,True,False
Q2-011,952,12731.258193766142,12732.31575494322,"trajectory(x(t),y(t),z(t))",certified relay position at same global t,fixed G01,True,False
Q2-011,953,12732.31575494322,12733.373316120298,"trajectory(x(t),y(t),z(t))",certified relay position at same global t,fixed G01,True,False
Q2-011,954,12733.373316120298,12734.43087729739,"trajectory(x(t),y(t),z(t))",certified relay position at same global t,fixed G01,True,False
Q2-011,955,12734.43087729739,12735.488438474484,"trajectory(x(t),y(t),z(t))",certified relay position at same global t,fixed G01,True,False
Q2-011,956,12735.488438474484,12735.728488247783,"trajectory(x(t),y(t),z(t))",certified relay position at same global t,fixed G01,True,False
Q2-011,957,12735.728488247783,12735.968538021083,"trajectory(x(t),y(t),z(t))",certified relay position at same global t,fixed G01,True,False
Q2-011,958,12735.968538021083,12736.786049424874,"trajectory(x(t),y(t),z(t))",certified relay position at same global t,fixed G01,True,False
Q2-011,959,12736.786049424874,12737.603560828666,"trajectory(x(t),y(t),z(t))",certified relay position at same global t,fixed G01,True,False
Q2-011,960,12737.603560828666,12738.661122005744,"trajectory(x(t),y(t),z(t))",certified relay position at same global t,fixed G01,True,False
Q2-011,961,12738.661122005744,12739.718683182822,"trajectory(x(t),y(t),z(t))",certified relay position at same global t,fixed G01,True,False
Q2-011,962,12739.718683182822,12740.776244359928,"trajectory(x(t),y(t),z(t))",certified relay position at same global t,fixed G01,True,False
Q2-011,963,12740.776244359928,12741.833805537033,"trajectory(x(t),y(t),z(t))",certified relay position at same global t,fixed G01,True,False
Q2-011,964,12741.833805537033,12742.891366714111,"trajectory(x(t),y(t),z(t))",certified relay position at same global t,fixed G01,True,False
Q2-011,965,12742.891366714111,12743.94892789119,"trajectory(x(t),y(t),z(t))",certified relay position at same global t,fixed G01,True,False
Q2-011,966,12743.94892789119,12744.106251373356,"trajectory(x(t),y(t),z(t))",certified relay position at same global t,fixed G01,True,False
Q2-011,967,12744.106251373356,12744.263574855522,"trajectory(x(t),y(t),z(t))",certified relay position at same global t,fixed G01,True,False
Q2-011,968,12744.263574855522,12745.163812550434,"trajectory(x(t),y(t),z(t))",certified relay position at same global t,fixed G01,True,False
Q2-011,969,12745.163812550434,12746.064050245346,"trajectory(x(t),y(t),z(t))",certified relay position at same global t,fixed G01,True,False
Q2-011,970,12746.064050245346,12747.121611422452,"trajectory(x(t),y(t),z(t))",certified relay position at same global t,fixed G01,True,False
Q2-011,971,12747.121611422452,12748.179172599557,"trajectory(x(t),y(t),z(t))",certified relay position at same global t,fixed G01,True,False
Q2-011,972,12748.179172599557,12749.236733776635,"trajectory(x(t),y(t),z(t))",certified relay position at same global t,fixed G01,True,True
Q2-011,973,12749.236733776635,12750.294294953714,"trajectory(x(t),y(t),z(t))",certified relay position at same global t,fixed G01,True,True
Q2-011,974,12750.294294953714,12751.351856130806,"trajectory(x(t),y(t),z(t))",certified relay position at same global t,fixed G01,True,True
Q2-012,350,15534.597780937373,15535.730289082432,"trajectory(x(t),y(t),z(t))",certified relay position at same global t,fixed G01,True,False
Q2-012,351,15535.730289082432,15536.323507942667,"trajectory(x(t),y(t),z(t))",certified relay position at same global t,fixed G01,True,False
Q2-012,352,15536.323507942667,15536.916726802901,"trajectory(x(t),y(t),z(t))",certified relay position at same global t,fixed G01,True,False
Q2-012,353,15536.916726802901,15537.456016087726,"trajectory(x(t),y(t),z(t))",certified relay position at same global t,fixed G01,True,False
Q2-012,354,15537.456016087726,15537.995305372551,"trajectory(x(t),y(t),z(t))",certified relay position at same global t,fixed G01,True,False
Q2-012,355,15537.995305372551,15539.12781351764,"trajectory(x(t),y(t),z(t))",certified relay position at same global t,fixed G01,True,False
Q2-012,356,15539.12781351764,15540.260321662729,"trajectory(x(t),y(t),z(t))",certified relay position at same global t,fixed G01,True,False
Q2-012,357,15540.260321662729,15540.863654503743,"trajectory(x(t),y(t),z(t))",certified relay position at same global t,fixed G01,True,False
Q2-012,358,15540.863654503743,15541.466987344756,"trajectory(x(t),y(t),z(t))",certified relay position at same global t,fixed G01,True,False
Q2-012,359,15541.466987344756,15541.996162648802,"trajectory(x(t),y(t),z(t))",certified relay position at same global t,fixed G01,True,False
Q2-012,360,15541.996162648802,15542.525337952848,"trajectory(x(t),y(t),z(t))",certified relay position at same global t,fixed G01,True,False
Q2-012,361,15542.525337952848,15543.657846097922,"trajectory(x(t),y(t),z(t))",certified relay position at same global t,fixed G01,True,False
Q2-012,362,15543.657846097922,15544.790354242996,"trajectory(x(t),y(t),z(t))",certified relay position at same global t,fixed G01,True,False
Q2-012,363,15544.790354242996,15545.403801065037,"trajectory(x(t),y(t),z(t))",certified relay position at same global t,fixed G01,True,False
Q2-012,364,15545.403801065037,15546.017247887077,"trajectory(x(t),y(t),z(t))",certified relay position at same global t,fixed G01,True,False
Q2-012,365,15546.017247887077,15546.53630921011,"trajectory(x(t),y(t),z(t))",certified relay position at same global t,fixed G01,True,False
Q2-012,366,15546.53630921011,15547.055370533144,"trajectory(x(t),y(t),z(t))",certified relay position at same global t,fixed G01,True,False
Q2-012,367,15547.055370533144,15548.187878678204,"trajectory(x(t),y(t),z(t))",certified relay position at same global t,fixed G01,True,False
Q2-012,368,15548.187878678204,15549.320386823263,"trajectory(x(t),y(t),z(t))",certified relay position at same global t,fixed G01,True,False
Q2-012,369,15549.320386823263,15549.943947626098,"trajectory(x(t),y(t),z(t))",certified relay position at same global t,fixed G01,True,False
Q2-012,370,15549.943947626098,15550.567508428932,"trajectory(x(t),y(t),z(t))",certified relay position at same global t,fixed G01,True,False
Q2-012,371,15550.567508428932,15551.076455771172,"trajectory(x(t),y(t),z(t))",certified relay position at same global t,fixed G01,True,False
Q2-012,372,15551.076455771172,15551.585403113411,"trajectory(x(t),y(t),z(t))",certified relay position at same global t,fixed G01,True,False
Q2-012,373,15551.585403113411,15552.717911258485,"trajectory(x(t),y(t),z(t))",certified relay position at same global t,fixed G01,True,False
Q2-012,374,15552.717911258485,15553.85041940356,"trajectory(x(t),y(t),z(t))",certified relay position at same global t,fixed G01,True,False
Q2-012,375,15553.85041940356,15554.484094187173,"trajectory(x(t),y(t),z(t))",certified relay position at same global t,fixed G01,True,False
Q2-012,376,15554.484094187173,15555.117768970787,"trajectory(x(t),y(t),z(t))",certified relay position at same global t,fixed G01,True,False
Q2-012,377,15555.117768970787,15555.616602332233,"trajectory(x(t),y(t),z(t))",certified relay position at same global t,fixed G01,True,False
Q2-012,378,15555.616602332233,15556.115435693679,"trajectory(x(t),y(t),z(t))",certified relay position at same global t,fixed G01,True,False
Q2-012,379,15556.115435693679,15557.247943838767,"trajectory(x(t),y(t),z(t))",certified relay position at same global t,fixed G01,True,False
Q2-012,380,15557.247943838767,15558.380451983856,"trajectory(x(t),y(t),z(t))",certified relay position at same global t,fixed G01,True,False
Q2-012,381,15558.380451983856,15559.024240748482,"trajectory(x(t),y(t),z(t))",certified relay position at same global t,fixed G01,True,False
Q2-012,382,15559.024240748482,15559.668029513108,"trajectory(x(t),y(t),z(t))",certified relay position at same global t,fixed G01,True,False
Q2-012,383,15559.668029513108,15560.156748893542,"trajectory(x(t),y(t),z(t))",certified relay position at same global t,fixed G01,True,False
Q2-012,384,15560.156748893542,15560.645468273975,"trajectory(x(t),y(t),z(t))",certified relay position at same global t,fixed G01,True,False
Q2-012,385,15560.645468273975,15561.777976419035,"trajectory(x(t),y(t),z(t))",certified relay position at same global t,fixed G01,True,False
Q2-012,386,15561.777976419035,15562.910484564094,"trajectory(x(t),y(t),z(t))",certified relay position at same global t,fixed G01,True,False
Q2-012,387,15562.910484564094,15563.564387309527,"trajectory(x(t),y(t),z(t))",certified relay position at same global t,fixed G01,True,False
Q2-012,388,15563.564387309527,15564.21829005496,"trajectory(x(t),y(t),z(t))",certified relay position at same global t,fixed G01,True,False
Q2-012,389,15564.21829005496,15564.696895454614,"trajectory(x(t),y(t),z(t))",certified relay position at same global t,fixed G01,True,False
Q2-012,390,15564.696895454614,15565.175500854268,"trajectory(x(t),y(t),z(t))",certified relay position at same global t,fixed G01,True,False
Q2-012,391,15565.175500854268,15566.308008999327,"trajectory(x(t),y(t),z(t))",certified relay position at same global t,fixed G01,True,False
Q2-012,392,15566.308008999327,15567.440517144387,"trajectory(x(t),y(t),z(t))",certified relay position at same global t,fixed G01,True,False
Q2-012,393,15567.440517144387,15568.104533870599,"trajectory(x(t),y(t),z(t))",certified relay position at same global t,fixed G01,True,False
Q2-012,394,15568.104533870599,15568.768550596811,"trajectory(x(t),y(t),z(t))",certified relay position at same global t,fixed G01,True,False
Q2-012,395,15568.768550596811,15569.237042015673,"trajectory(x(t),y(t),z(t))",certified relay position at same global t,fixed G01,True,False
Q2-012,396,15569.237042015673,15569.705533434535,"trajectory(x(t),y(t),z(t))",certified relay position at same global t,fixed G01,True,False
Q2-012,397,15569.705533434535,15570.83804157961,"trajectory(x(t),y(t),z(t))",certified relay position at same global t,fixed G01,True,False
Q2-012,398,15570.83804157961,15571.970549724683,"trajectory(x(t),y(t),z(t))",certified relay position at same global t,fixed G01,True,False
Q2-012,399,15571.970549724683,15572.644680431908,"trajectory(x(t),y(t),z(t))",certified relay position at same global t,fixed G01,True,False
Q2-012,400,15572.644680431908,15573.318811139132,"trajectory(x(t),y(t),z(t))",certified relay position at same global t,fixed G01,True,False
Q2-012,401,15573.318811139132,15573.777188576967,"trajectory(x(t),y(t),z(t))",certified relay position at same global t,fixed G01,True,False
Q2-012,402,15573.777188576967,15574.235566014802,"trajectory(x(t),y(t),z(t))",certified relay position at same global t,fixed G01,True,False
Q2-012,403,15574.235566014802,15575.368074159891,"trajectory(x(t),y(t),z(t))",certified relay position at same global t,fixed G01,True,False
Q2-012,404,15575.368074159891,15576.50058230498,"trajectory(x(t),y(t),z(t))",certified relay position at same global t,fixed G01,True,False
Q2-012,405,15576.50058230498,15577.184826992983,"trajectory(x(t),y(t),z(t))",certified relay position at same global t,fixed G01,True,False
Q2-012,406,15577.184826992983,15577.869071680987,"trajectory(x(t),y(t),z(t))",certified relay position at same global t,fixed G01,True,False
Q2-012,407,15577.869071680987,15578.317335138043,"trajectory(x(t),y(t),z(t))",certified relay position at same global t,fixed G01,True,False
Q2-012,408,15578.317335138043,15578.765598595099,"trajectory(x(t),y(t),z(t))",certified relay position at same global t,fixed G01,True,False
Q2-012,409,15578.765598595099,15579.898106740158,"trajectory(x(t),y(t),z(t))",certified relay position at same global t,fixed G01,True,False
Q2-012,410,15579.898106740158,15581.030614885218,"trajectory(x(t),y(t),z(t))",certified relay position at same global t,fixed G01,True,False
Q2-012,411,15581.030614885218,15581.724973554146,"trajectory(x(t),y(t),z(t))",certified relay position at same global t,fixed G01,True,False
Q2-012,412,15581.724973554146,15582.419332223075,"trajectory(x(t),y(t),z(t))",certified relay position at same global t,fixed G01,True,False
Q2-012,413,15582.419332223075,15582.857481699235,"trajectory(x(t),y(t),z(t))",certified relay position at same global t,fixed G01,True,False
Q2-012,414,15582.857481699235,15583.295631175395,"trajectory(x(t),y(t),z(t))",certified relay position at same global t,fixed G01,True,False
Q2-012,415,15583.295631175395,15584.428139320455,"trajectory(x(t),y(t),z(t))",certified relay position at same global t,fixed G01,True,False
Q2-012,416,15584.428139320455,15585.560647465514,"trajectory(x(t),y(t),z(t))",certified relay position at same global t,fixed G01,True,False
Q2-012,417,15585.560647465514,15586.265120115339,"trajectory(x(t),y(t),z(t))",certified relay position at same global t,fixed G01,True,False
Q2-012,418,15586.265120115339,15586.969592765163,"trajectory(x(t),y(t),z(t))",certified relay position at same global t,fixed G01,True,False
Q2-012,419,15586.969592765163,15587.397628260413,"trajectory(x(t),y(t),z(t))",certified relay position at same global t,fixed G01,True,False
Q2-012,420,15587.397628260413,15587.825663755662,"trajectory(x(t),y(t),z(t))",certified relay position at same global t,fixed G01,True,False
Q2-012,421,15587.825663755662,15588.958171900736,"trajectory(x(t),y(t),z(t))",certified relay position at same global t,fixed G01,True,False
Q2-012,422,15588.958171900736,15590.09068004581,"trajectory(x(t),y(t),z(t))",certified relay position at same global t,fixed G01,True,False
Q2-012,423,15590.09068004581,15590.805266676414,"trajectory(x(t),y(t),z(t))",certified relay position at same global t,fixed G01,True,False
Q2-012,424,15590.805266676414,15591.519853307018,"trajectory(x(t),y(t),z(t))",certified relay position at same global t,fixed G01,True,False
Q2-012,425,15591.519853307018,15591.937774821474,"trajectory(x(t),y(t),z(t))",certified relay position at same global t,fixed G01,True,False
Q2-012,426,15591.937774821474,15592.35569633593,"trajectory(x(t),y(t),z(t))",certified relay position at same global t,fixed G01,True,False
Q2-012,427,15592.35569633593,15593.488204481018,"trajectory(x(t),y(t),z(t))",certified relay position at same global t,fixed G01,True,False
Q2-012,428,15593.488204481018,15594.620712626107,"trajectory(x(t),y(t),z(t))",certified relay position at same global t,fixed G01,True,False
Q2-012,429,15594.620712626107,15595.345413237606,"trajectory(x(t),y(t),z(t))",certified relay position at same global t,fixed G01,True,False
Q2-012,430,15595.345413237606,15596.070113849106,"trajectory(x(t),y(t),z(t))",certified relay position at same global t,fixed G01,True,False
Q2-012,431,15596.070113849106,15596.477921382666,"trajectory(x(t),y(t),z(t))",certified relay position at same global t,fixed G01,True,False
Q2-012,432,15596.477921382666,15596.885728916226,"trajectory(x(t),y(t),z(t))",certified relay position at same global t,fixed G01,True,False
Q2-012,433,15596.885728916226,15598.018237061286,"trajectory(x(t),y(t),z(t))",certified relay position at same global t,fixed G01,True,False
Q2-012,434,15598.018237061286,15599.150745206345,"trajectory(x(t),y(t),z(t))",certified relay position at same global t,fixed G01,True,False
Q2-012,435,15599.150745206345,15599.88555979877,"trajectory(x(t),y(t),z(t))",certified relay position at same global t,fixed G01,True,False
Q2-012,436,15599.88555979877,15600.620374391194,"trajectory(x(t),y(t),z(t))",certified relay position at same global t,fixed G01,True,False
Q2-012,437,15600.620374391194,15601.018067943858,"trajectory(x(t),y(t),z(t))",certified relay position at same global t,fixed G01,True,False
Q2-012,438,15601.018067943858,15601.415761496522,"trajectory(x(t),y(t),z(t))",certified relay position at same global t,fixed G01,True,False
Q2-012,439,15601.415761496522,15602.548269641582,"trajectory(x(t),y(t),z(t))",certified relay position at same global t,fixed G01,True,False
Q2-012,440,15602.548269641582,15603.680777786642,"trajectory(x(t),y(t),z(t))",certified relay position at same global t,fixed G01,True,False
Q2-012,441,15603.680777786642,15604.425706359845,"trajectory(x(t),y(t),z(t))",certified relay position at same global t,fixed G01,True,False
Q2-012,442,15604.425706359845,15605.170634933049,"trajectory(x(t),y(t),z(t))",certified relay position at same global t,fixed G01,True,False
Q2-012,443,15605.170634933049,15605.558214504905,"trajectory(x(t),y(t),z(t))",certified relay position at same global t,fixed G01,True,False
Q2-012,444,15605.558214504905,15605.94579407676,"trajectory(x(t),y(t),z(t))",certified relay position at same global t,fixed G01,True,False
Q2-012,445,15605.94579407676,15607.07830222185,"trajectory(x(t),y(t),z(t))",certified relay position at same global t,fixed G01,True,False
Q2-012,446,15607.07830222185,15608.210810366938,"trajectory(x(t),y(t),z(t))",certified relay position at same global t,fixed G01,True,False
Q2-012,447,15608.210810366938,15608.965852921037,"trajectory(x(t),y(t),z(t))",certified relay position at same global t,fixed G01,True,False
Q2-012,448,15608.965852921037,15609.720895475137,"trajectory(x(t),y(t),z(t))",certified relay position at same global t,fixed G01,True,False
Q2-012,449,15609.720895475137,15610.098361066097,"trajectory(x(t),y(t),z(t))",certified relay position at same global t,fixed G01,True,False
Q2-012,450,15610.098361066097,15610.475826657057,"trajectory(x(t),y(t),z(t))",certified relay position at same global t,fixed G01,True,False
Q2-012,451,15610.475826657057,15611.608334802131,"trajectory(x(t),y(t),z(t))",certified relay position at same global t,fixed G01,True,False
Q2-012,452,15611.608334802131,15612.740842947205,"trajectory(x(t),y(t),z(t))",certified relay position at same global t,fixed G01,True,False
Q2-012,453,15612.740842947205,15613.505999482213,"trajectory(x(t),y(t),z(t))",certified relay position at same global t,fixed G01,True,False
Q2-012,454,15613.505999482213,15614.271156017221,"trajectory(x(t),y(t),z(t))",certified relay position at same global t,fixed G01,True,False
Q2-012,455,15614.271156017221,15614.638507627285,"trajectory(x(t),y(t),z(t))",certified relay position at same global t,fixed G01,True,False
Q2-012,456,15614.638507627285,15615.00585923735,"trajectory(x(t),y(t),z(t))",certified relay position at same global t,fixed G01,True,False
Q2-012,457,15615.00585923735,15616.13836738241,"trajectory(x(t),y(t),z(t))",certified relay position at same global t,fixed G01,True,False
Q2-012,458,15616.13836738241,15617.270875527469,"trajectory(x(t),y(t),z(t))",certified relay position at same global t,fixed G01,True,False
Q2-012,459,15617.270875527469,15618.04614604327,"trajectory(x(t),y(t),z(t))",certified relay position at same global t,fixed G01,True,False
Q2-012,460,15618.04614604327,15618.821416559073,"trajectory(x(t),y(t),z(t))",certified relay position at same global t,fixed G01,True,False
Q2-012,461,15618.821416559073,15619.17865418836,"trajectory(x(t),y(t),z(t))",certified relay position at same global t,fixed G01,True,False
Q2-012,462,15619.17865418836,15619.535891817646,"trajectory(x(t),y(t),z(t))",certified relay position at same global t,fixed G01,True,False
Q2-012,463,15619.535891817646,15620.668399962706,"trajectory(x(t),y(t),z(t))",certified relay position at same global t,fixed G01,True,False
Q2-012,464,15620.668399962706,15621.800908107765,"trajectory(x(t),y(t),z(t))",certified relay position at same global t,fixed G01,True,False
Q2-012,465,15621.800908107765,15622.586292604463,"trajectory(x(t),y(t),z(t))",certified relay position at same global t,fixed G01,True,False
Q2-012,466,15622.586292604463,15623.37167710116,"trajectory(x(t),y(t),z(t))",certified relay position at same global t,fixed G01,True,False
Q2-012,467,15623.37167710116,15623.718800749522,"trajectory(x(t),y(t),z(t))",certified relay position at same global t,fixed G01,True,False
Q2-012,468,15623.718800749522,15624.065924397884,"trajectory(x(t),y(t),z(t))",certified relay position at same global t,fixed G01,True,False
Q2-012,469,15624.065924397884,15625.198432542973,"trajectory(x(t),y(t),z(t))",certified relay position at same global t,fixed G01,True,False
Q2-012,470,15625.198432542973,15626.330940688062,"trajectory(x(t),y(t),z(t))",certified relay position at same global t,fixed G01,True,False
Q2-012,471,15626.330940688062,15627.126439165655,"trajectory(x(t),y(t),z(t))",certified relay position at same global t,fixed G01,True,False
Q2-012,472,15627.126439165655,15627.921937643248,"trajectory(x(t),y(t),z(t))",certified relay position at same global t,fixed G01,True,False
Q2-012,473,15627.921937643248,15628.258947310715,"trajectory(x(t),y(t),z(t))",certified relay position at same global t,fixed G01,True,False
Q2-012,474,15628.258947310715,15628.59595697818,"trajectory(x(t),y(t),z(t))",certified relay position at same global t,fixed G01,True,False
Q2-012,475,15628.59595697818,15629.728465123255,"trajectory(x(t),y(t),z(t))",certified relay position at same global t,fixed G01,True,False
Q2-012,476,15629.728465123255,15630.860973268329,"trajectory(x(t),y(t),z(t))",certified relay position at same global t,fixed G01,True,False
Q2-012,477,15630.860973268329,15631.666585726716,"trajectory(x(t),y(t),z(t))",certified relay position at same global t,fixed G01,True,False
Q2-012,478,15631.666585726716,15632.472198185103,"trajectory(x(t),y(t),z(t))",certified relay position at same global t,fixed G01,True,False
Q2-012,479,15632.472198185103,15632.79909387179,"trajectory(x(t),y(t),z(t))",certified relay position at same global t,fixed G01,True,False
Q2-012,480,15632.79909387179,15633.125989558477,"trajectory(x(t),y(t),z(t))",certified relay position at same global t,fixed G01,True,False
Q2-012,481,15633.125989558477,15634.258497703537,"trajectory(x(t),y(t),z(t))",certified relay position at same global t,fixed G01,True,False
Q2-012,482,15634.258497703537,15635.391005848596,"trajectory(x(t),y(t),z(t))",certified relay position at same global t,fixed G01,True,False
Q2-012,483,15635.391005848596,15636.206732287894,"trajectory(x(t),y(t),z(t))",certified relay position at same global t,fixed G01,True,False
Q2-012,484,15636.206732287894,15637.022458727191,"trajectory(x(t),y(t),z(t))",certified relay position at same global t,fixed G01,True,False
Q2-012,485,15637.022458727191,15637.339240432982,"trajectory(x(t),y(t),z(t))",certified relay position at same global t,fixed G01,True,False
Q2-012,486,15637.339240432982,15637.656022138774,"trajectory(x(t),y(t),z(t))",certified relay position at same global t,fixed G01,True,False
Q2-012,487,15637.656022138774,15638.788530283833,"trajectory(x(t),y(t),z(t))",certified relay position at same global t,fixed G01,True,False
Q2-012,488,15638.788530283833,15639.921038428893,"trajectory(x(t),y(t),z(t))",certified relay position at same global t,fixed G01,True,False
Q2-012,489,15639.921038428893,15640.746878849086,"trajectory(x(t),y(t),z(t))",certified relay position at same global t,fixed G01,True,False
Q2-012,490,15640.746878849086,15641.57271926928,"trajectory(x(t),y(t),z(t))",certified relay position at same global t,fixed G01,True,False
Q2-012,491,15641.57271926928,15641.879386994146,"trajectory(x(t),y(t),z(t))",certified relay position at same global t,fixed G01,True,False
Q2-012,492,15641.879386994146,15642.186054719012,"trajectory(x(t),y(t),z(t))",certified relay position at same global t,fixed G01,True,False
Q2-012,493,15642.186054719012,15643.3185628641,"trajectory(x(t),y(t),z(t))",certified relay position at same global t,fixed G01,True,False
Q2-012,494,15643.3185628641,15644.451071009189,"trajectory(x(t),y(t),z(t))",certified relay position at same global t,fixed G01,True,False
Q2-012,495,15644.451071009189,15645.287025410162,"trajectory(x(t),y(t),z(t))",certified relay position at same global t,fixed G01,True,False
Q2-012,496,15645.287025410162,15646.122979811134,"trajectory(x(t),y(t),z(t))",certified relay position at same global t,fixed G01,True,False
Q2-012,497,15646.122979811134,15646.419533555221,"trajectory(x(t),y(t),z(t))",certified relay position at same global t,fixed G01,True,False
Q2-012,498,15646.419533555221,15646.716087299308,"trajectory(x(t),y(t),z(t))",certified relay position at same global t,fixed G01,True,False
Q2-012,499,15646.716087299308,15647.848595444368,"trajectory(x(t),y(t),z(t))",certified relay position at same global t,fixed G01,True,False
Q2-012,500,15647.848595444368,15648.981103589427,"trajectory(x(t),y(t),z(t))",certified relay position at same global t,fixed G01,True,False
Q2-012,501,15648.981103589427,15649.827171971441,"trajectory(x(t),y(t),z(t))",certified relay position at same global t,fixed G01,True,False
Q2-012,502,15649.827171971441,15650.673240353455,"trajectory(x(t),y(t),z(t))",certified relay position at same global t,fixed G01,True,False
Q2-012,503,15650.673240353455,15650.95968011653,"trajectory(x(t),y(t),z(t))",certified relay position at same global t,fixed G01,True,False
Q2-012,504,15650.95968011653,15651.246119879605,"trajectory(x(t),y(t),z(t))",certified relay position at same global t,fixed G01,True,False
Q2-012,505,15651.246119879605,15651.898489871484,"trajectory(x(t),y(t),z(t))",certified relay position at same global t,fixed G01,True,False
Q2-012,506,15651.898489871484,15652.550859863364,"trajectory(x(t),y(t),z(t))",certified relay position at same global t,fixed G01,True,False
Q2-012,507,15652.550859863364,15677.84242480477,"trajectory(x(t),y(t),z(t))",certified relay position at same global t,fixed G01,True,False
Q2-012,508,15677.84242480477,15917.84242480477,"trajectory(x(t),y(t),z(t))",certified relay position at same global t,fixed G01,True,False
Q2-012,509,15917.84242480477,15938.918728922608,"trajectory(x(t),y(t),z(t))",certified relay position at same global t,fixed G01,True,False
Q2-012,510,15938.918728922608,15939.571098914488,"trajectory(x(t),y(t),z(t))",certified relay position at same global t,fixed G01,True,False
Q2-012,511,15939.571098914488,15940.223468906368,"trajectory(x(t),y(t),z(t))",certified relay position at same global t,fixed G01,True,False
Q2-012,512,15940.223468906368,15940.509908669443,"trajectory(x(t),y(t),z(t))",certified relay position at same global t,fixed G01,True,False
Q2-012,513,15940.509908669443,15940.796348432517,"trajectory(x(t),y(t),z(t))",certified relay position at same global t,fixed G01,True,False
Q2-012,514,15940.796348432517,15941.642416814531,"trajectory(x(t),y(t),z(t))",certified relay position at same global t,fixed G01,True,False
Q2-012,515,15941.642416814531,15942.488485196545,"trajectory(x(t),y(t),z(t))",certified relay position at same global t,fixed G01,True,False
Q2-012,516,15942.488485196545,15943.620993341605,"trajectory(x(t),y(t),z(t))",certified relay position at same global t,fixed G01,True,False
Q2-012,517,15943.620993341605,15944.753501486664,"trajectory(x(t),y(t),z(t))",certified relay position at same global t,fixed G01,True,False
Q2-012,518,15944.753501486664,15945.050055230751,"trajectory(x(t),y(t),z(t))",certified relay position at same global t,fixed G01,True,False
Q2-012,519,15945.050055230751,15945.346608974838,"trajectory(x(t),y(t),z(t))",certified relay position at same global t,fixed G01,True,False
Q2-012,520,15945.346608974838,15946.18256337581,"trajectory(x(t),y(t),z(t))",certified relay position at same global t,fixed G01,True,False
Q2-012,521,15946.18256337581,15947.018517776783,"trajectory(x(t),y(t),z(t))",certified relay position at same global t,fixed G01,True,False
Q2-012,522,15947.018517776783,15948.151025921872,"trajectory(x(t),y(t),z(t))",certified relay position at same global t,fixed G01,True,False
Q2-012,523,15948.151025921872,15949.28353406696,"trajectory(x(t),y(t),z(t))",certified relay position at same global t,fixed G01,True,False
Q2-012,524,15949.28353406696,15949.590201791827,"trajectory(x(t),y(t),z(t))",certified relay position at same global t,fixed G01,True,False
Q2-012,525,15949.590201791827,15949.896869516693,"trajectory(x(t),y(t),z(t))",certified relay position at same global t,fixed G01,True,False
Q2-012,526,15949.896869516693,15950.722709936887,"trajectory(x(t),y(t),z(t))",certified relay position at same global t,fixed G01,True,False
Q2-012,527,15950.722709936887,15951.54855035708,"trajectory(x(t),y(t),z(t))",certified relay position at same global t,fixed G01,True,False
Q2-012,528,15951.54855035708,15952.68105850214,"trajectory(x(t),y(t),z(t))",certified relay position at same global t,fixed G01,True,False
Q2-012,529,15952.68105850214,15953.813566647199,"trajectory(x(t),y(t),z(t))",certified relay position at same global t,fixed G01,True,False
Q2-012,530,15953.813566647199,15954.13034835299,"trajectory(x(t),y(t),z(t))",certified relay position at same global t,fixed G01,True,False
Q2-012,531,15954.13034835299,15954.447130058781,"trajectory(x(t),y(t),z(t))",certified relay position at same global t,fixed G01,True,False
Q2-012,532,15954.447130058781,15955.262856498079,"trajectory(x(t),y(t),z(t))",certified relay position at same global t,fixed G01,True,False
Q2-012,533,15955.262856498079,15956.078582937376,"trajectory(x(t),y(t),z(t))",certified relay position at same global t,fixed G01,True,False
Q2-012,534,15956.078582937376,15957.211091082436,"trajectory(x(t),y(t),z(t))",certified relay position at same global t,fixed G01,True,False
Q2-012,535,15957.211091082436,15958.343599227495,"trajectory(x(t),y(t),z(t))",certified relay position at same global t,fixed G01,True,False
Q2-012,536,15958.343599227495,15958.670494914182,"trajectory(x(t),y(t),z(t))",certified relay position at same global t,fixed G01,True,False
Q2-012,537,15958.670494914182,15958.997390600869,"trajectory(x(t),y(t),z(t))",certified relay position at same global t,fixed G01,True,False
Q2-012,538,15958.997390600869,15959.803003059256,"trajectory(x(t),y(t),z(t))",certified relay position at same global t,fixed G01,True,False
Q2-012,539,15959.803003059256,15960.608615517644,"trajectory(x(t),y(t),z(t))",certified relay position at same global t,fixed G01,True,False
Q2-012,540,15960.608615517644,15961.741123662718,"trajectory(x(t),y(t),z(t))",certified relay position at same global t,fixed G01,True,False
Q2-012,541,15961.741123662718,15962.873631807792,"trajectory(x(t),y(t),z(t))",certified relay position at same global t,fixed G01,True,False
Q2-012,542,15962.873631807792,15963.210641475258,"trajectory(x(t),y(t),z(t))",certified relay position at same global t,fixed G01,True,False
Q2-012,543,15963.210641475258,15963.547651142724,"trajectory(x(t),y(t),z(t))",certified relay position at same global t,fixed G01,True,False
Q2-012,544,15963.547651142724,15964.343149620317,"trajectory(x(t),y(t),z(t))",certified relay position at same global t,fixed G01,True,False
Q2-012,545,15964.343149620317,15965.13864809791,"trajectory(x(t),y(t),z(t))",certified relay position at same global t,fixed G01,True,False
Q2-012,546,15965.13864809791,15966.271156243,"trajectory(x(t),y(t),z(t))",certified relay position at same global t,fixed G01,True,False
Q2-012,547,15966.271156243,15967.403664388088,"trajectory(x(t),y(t),z(t))",certified relay position at same global t,fixed G01,True,False
Q2-012,548,15967.403664388088,15967.75078803645,"trajectory(x(t),y(t),z(t))",certified relay position at same global t,fixed G01,True,False
Q2-012,549,15967.75078803645,15968.097911684812,"trajectory(x(t),y(t),z(t))",certified relay position at same global t,fixed G01,True,False
Q2-012,550,15968.097911684812,15968.88329618151,"trajectory(x(t),y(t),z(t))",certified relay position at same global t,fixed G01,True,False
Q2-012,551,15968.88329618151,15969.668680678207,"trajectory(x(t),y(t),z(t))",certified relay position at same global t,fixed G01,True,False
Q2-012,552,15969.668680678207,15970.801188823267,"trajectory(x(t),y(t),z(t))",certified relay position at same global t,fixed G01,True,False
Q2-012,553,15970.801188823267,15971.933696968326,"trajectory(x(t),y(t),z(t))",certified relay position at same global t,fixed G01,True,False
Q2-012,554,15971.933696968326,15972.290934597613,"trajectory(x(t),y(t),z(t))",certified relay position at same global t,fixed G01,True,False
Q2-012,555,15972.290934597613,15972.6481722269,"trajectory(x(t),y(t),z(t))",certified relay position at same global t,fixed G01,True,False
Q2-012,556,15972.6481722269,15973.423442742702,"trajectory(x(t),y(t),z(t))",certified relay position at same global t,fixed G01,True,False
Q2-012,557,15973.423442742702,15974.198713258504,"trajectory(x(t),y(t),z(t))",certified relay position at same global t,fixed G01,True,False
Q2-012,558,15974.198713258504,15975.331221403563,"trajectory(x(t),y(t),z(t))",certified relay position at same global t,fixed G01,True,False
Q2-012,559,15975.331221403563,15976.463729548623,"trajectory(x(t),y(t),z(t))",certified relay position at same global t,fixed G01,True,False
Q2-012,560,15976.463729548623,15976.831081158687,"trajectory(x(t),y(t),z(t))",certified relay position at same global t,fixed G01,True,False
Q2-012,561,15976.831081158687,15977.198432768751,"trajectory(x(t),y(t),z(t))",certified relay position at same global t,fixed G01,True,False
Q2-012,562,15977.198432768751,15977.96358930376,"trajectory(x(t),y(t),z(t))",certified relay position at same global t,fixed G01,True,False
Q2-012,563,15977.96358930376,15978.728745838767,"trajectory(x(t),y(t),z(t))",certified relay position at same global t,fixed G01,True,False
Q2-012,564,15978.728745838767,15979.861253983841,"trajectory(x(t),y(t),z(t))",certified relay position at same global t,fixed G01,True,False
Q2-012,565,15979.861253983841,15980.993762128915,"trajectory(x(t),y(t),z(t))",certified relay position at same global t,fixed G01,True,False
Q2-012,566,15980.993762128915,15981.371227719876,"trajectory(x(t),y(t),z(t))",certified relay position at same global t,fixed G01,True,False
Q2-012,567,15981.371227719876,15981.748693310836,"trajectory(x(t),y(t),z(t))",certified relay position at same global t,fixed G01,True,False
Q2-012,568,15981.748693310836,15982.503735864935,"trajectory(x(t),y(t),z(t))",certified relay position at same global t,fixed G01,True,False
Q2-012,569,15982.503735864935,15983.258778419035,"trajectory(x(t),y(t),z(t))",certified relay position at same global t,fixed G01,True,False
Q2-012,570,15983.258778419035,15984.391286564123,"trajectory(x(t),y(t),z(t))",certified relay position at same global t,fixed G01,True,False
Q2-012,571,15984.391286564123,15985.523794709212,"trajectory(x(t),y(t),z(t))",certified relay position at same global t,fixed G01,True,False
Q2-012,572,15985.523794709212,15985.911374281068,"trajectory(x(t),y(t),z(t))",certified relay position at same global t,fixed G01,True,False
Q2-012,573,15985.911374281068,15986.298953852924,"trajectory(x(t),y(t),z(t))",certified relay position at same global t,fixed G01,True,False
Q2-012,574,15986.298953852924,15987.043882426127,"trajectory(x(t),y(t),z(t))",certified relay position at same global t,fixed G01,True,False
Q2-012,575,15987.043882426127,15987.788810999331,"trajectory(x(t),y(t),z(t))",certified relay position at same global t,fixed G01,True,False
Q2-012,576,15987.788810999331,15988.92131914439,"trajectory(x(t),y(t),z(t))",certified relay position at same global t,fixed G01,True,False
Q2-012,577,15988.92131914439,15990.05382728945,"trajectory(x(t),y(t),z(t))",certified relay position at same global t,fixed G01,True,False
Q2-012,578,15990.05382728945,15990.451520842114,"trajectory(x(t),y(t),z(t))",certified relay position at same global t,fixed G01,True,False
Q2-012,579,15990.451520842114,15990.849214394779,"trajectory(x(t),y(t),z(t))",certified relay position at same global t,fixed G01,True,False
Q2-012,580,15990.849214394779,15991.584028987203,"trajectory(x(t),y(t),z(t))",certified relay position at same global t,fixed G01,True,False
Q2-012,581,15991.584028987203,15992.318843579627,"trajectory(x(t),y(t),z(t))",certified relay position at same global t,fixed G01,True,False
Q2-012,582,15992.318843579627,15993.451351724687,"trajectory(x(t),y(t),z(t))",certified relay position at same global t,fixed G01,True,False
Q2-012,583,15993.451351724687,15994.583859869746,"trajectory(x(t),y(t),z(t))",certified relay position at same global t,fixed G01,True,False
Q2-012,584,15994.583859869746,15994.991667403307,"trajectory(x(t),y(t),z(t))",certified relay position at same global t,fixed G01,True,False
Q2-012,585,15994.991667403307,15995.399474936867,"trajectory(x(t),y(t),z(t))",certified relay position at same global t,fixed G01,True,False
Q2-012,586,15995.399474936867,15996.124175548366,"trajectory(x(t),y(t),z(t))",certified relay position at same global t,fixed G01,True,False
Q2-012,587,15996.124175548366,15996.848876159866,"trajectory(x(t),y(t),z(t))",certified relay position at same global t,fixed G01,True,False
Q2-012,588,15996.848876159866,15997.981384304954,"trajectory(x(t),y(t),z(t))",certified relay position at same global t,fixed G01,True,False
Q2-012,589,15997.981384304954,15999.113892450043,"trajectory(x(t),y(t),z(t))",certified relay position at same global t,fixed G01,True,False
Q2-012,590,15999.113892450043,15999.531813964499,"trajectory(x(t),y(t),z(t))",certified relay position at same global t,fixed G01,True,False
Q2-012,591,15999.531813964499,15999.949735478955,"trajectory(x(t),y(t),z(t))",certified relay position at same global t,fixed G01,True,False
Q2-012,592,15999.949735478955,16000.664322109558,"trajectory(x(t),y(t),z(t))",certified relay position at same global t,fixed G01,True,False
Q2-012,593,16000.664322109558,16001.378908740162,"trajectory(x(t),y(t),z(t))",certified relay position at same global t,fixed G01,True,False
Q2-012,594,16001.378908740162,16002.511416885236,"trajectory(x(t),y(t),z(t))",certified relay position at same global t,fixed G01,True,False
Q2-012,595,16002.511416885236,16003.64392503031,"trajectory(x(t),y(t),z(t))",certified relay position at same global t,fixed G01,True,False
Q2-012,596,16003.64392503031,16004.07196052556,"trajectory(x(t),y(t),z(t))",certified relay position at same global t,fixed G01,True,False
Q2-012,597,16004.07196052556,16004.49999602081,"trajectory(x(t),y(t),z(t))",certified relay position at same global t,fixed G01,True,False
Q2-012,598,16004.49999602081,16005.204468670634,"trajectory(x(t),y(t),z(t))",certified relay position at same global t,fixed G01,True,False
Q2-012,599,16005.204468670634,16005.908941320458,"trajectory(x(t),y(t),z(t))",certified relay position at same global t,fixed G01,True,False
Q2-012,600,16005.908941320458,16007.041449465518,"trajectory(x(t),y(t),z(t))",certified relay position at same global t,fixed G01,True,False
Q2-012,601,16007.041449465518,16008.173957610577,"trajectory(x(t),y(t),z(t))",certified relay position at same global t,fixed G01,True,False
Q2-012,602,16008.173957610577,16008.612107086738,"trajectory(x(t),y(t),z(t))",certified relay position at same global t,fixed G01,True,False
Q2-012,603,16008.612107086738,16009.050256562898,"trajectory(x(t),y(t),z(t))",certified relay position at same global t,fixed G01,True,False
Q2-012,604,16009.050256562898,16009.744615231826,"trajectory(x(t),y(t),z(t))",certified relay position at same global t,fixed G01,True,False
Q2-012,605,16009.744615231826,16010.438973900755,"trajectory(x(t),y(t),z(t))",certified relay position at same global t,fixed G01,True,False
Q2-012,606,16010.438973900755,16011.571482045814,"trajectory(x(t),y(t),z(t))",certified relay position at same global t,fixed G01,True,False
Q2-012,607,16011.571482045814,16012.703990190874,"trajectory(x(t),y(t),z(t))",certified relay position at same global t,fixed G01,True,False
Q2-012,608,16012.703990190874,16013.15225364793,"trajectory(x(t),y(t),z(t))",certified relay position at same global t,fixed G01,True,False
Q2-012,609,16013.15225364793,16013.600517104986,"trajectory(x(t),y(t),z(t))",certified relay position at same global t,fixed G01,True,False
Q2-012,610,16013.600517104986,16014.28476179299,"trajectory(x(t),y(t),z(t))",certified relay position at same global t,fixed G01,True,False
Q2-012,611,16014.28476179299,16014.969006480993,"trajectory(x(t),y(t),z(t))",certified relay position at same global t,fixed G01,True,False
Q2-012,612,16014.969006480993,16016.101514626082,"trajectory(x(t),y(t),z(t))",certified relay position at same global t,fixed G01,True,False
Q2-012,613,16016.101514626082,16017.23402277117,"trajectory(x(t),y(t),z(t))",certified relay position at same global t,fixed G01,True,False
Q2-012,614,16017.23402277117,16017.692400209005,"trajectory(x(t),y(t),z(t))",certified relay position at same global t,fixed G01,True,False
Q2-012,615,16017.692400209005,16018.15077764684,"trajectory(x(t),y(t),z(t))",certified relay position at same global t,fixed G01,True,False
Q2-012,616,16018.15077764684,16018.824908354065,"trajectory(x(t),y(t),z(t))",certified relay position at same global t,fixed G01,True,False
Q2-012,617,16018.824908354065,16019.49903906129,"trajectory(x(t),y(t),z(t))",certified relay position at same global t,fixed G01,True,False
Q2-012,618,16019.49903906129,16020.631547206363,"trajectory(x(t),y(t),z(t))",certified relay position at same global t,fixed G01,True,False
Q2-012,619,16020.631547206363,16021.764055351437,"trajectory(x(t),y(t),z(t))",certified relay position at same global t,fixed G01,True,False
Q2-012,620,16021.764055351437,16022.2325467703,"trajectory(x(t),y(t),z(t))",certified relay position at same global t,fixed G01,True,False
Q2-012,621,16022.2325467703,16022.701038189161,"trajectory(x(t),y(t),z(t))",certified relay position at same global t,fixed G01,True,False
Q2-012,622,16022.701038189161,16023.365054915374,"trajectory(x(t),y(t),z(t))",certified relay position at same global t,fixed G01,True,False
Q2-012,623,16023.365054915374,16024.029071641586,"trajectory(x(t),y(t),z(t))",certified relay position at same global t,fixed G01,True,False
Q2-012,624,16024.029071641586,16025.161579786645,"trajectory(x(t),y(t),z(t))",certified relay position at same global t,fixed G01,True,False
Q2-012,625,16025.161579786645,16026.294087931705,"trajectory(x(t),y(t),z(t))",certified relay position at same global t,fixed G01,True,False
Q2-012,626,16026.294087931705,16026.772693331359,"trajectory(x(t),y(t),z(t))",certified relay position at same global t,fixed G01,True,False
Q2-012,627,16026.772693331359,16027.251298731013,"trajectory(x(t),y(t),z(t))",certified relay position at same global t,fixed G01,True,False
Q2-012,628,16027.251298731013,16027.905201476446,"trajectory(x(t),y(t),z(t))",certified relay position at same global t,fixed G01,True,False
Q2-012,629,16027.905201476446,16028.559104221878,"trajectory(x(t),y(t),z(t))",certified relay position at same global t,fixed G01,True,False
Q2-012,630,16028.559104221878,16029.691612366938,"trajectory(x(t),y(t),z(t))",certified relay position at same global t,fixed G01,True,False
Q2-012,631,16029.691612366938,16030.824120511998,"trajectory(x(t),y(t),z(t))",certified relay position at same global t,fixed G01,True,False
Q2-012,632,16030.824120511998,16031.312839892431,"trajectory(x(t),y(t),z(t))",certified relay position at same global t,fixed G01,True,False
Q2-012,633,16031.312839892431,16031.801559272864,"trajectory(x(t),y(t),z(t))",certified relay position at same global t,fixed G01,True,False
Q2-012,634,16031.801559272864,16032.44534803749,"trajectory(x(t),y(t),z(t))",certified relay position at same global t,fixed G01,True,False
Q2-012,635,16032.44534803749,16033.089136802117,"trajectory(x(t),y(t),z(t))",certified relay position at same global t,fixed G01,True,False
Q2-012,636,16033.089136802117,16034.221644947205,"trajectory(x(t),y(t),z(t))",certified relay position at same global t,fixed G01,True,False
Q2-012,637,16034.221644947205,16035.354153092294,"trajectory(x(t),y(t),z(t))",certified relay position at same global t,fixed G01,True,False
Q2-012,638,16035.354153092294,16035.85298645374,"trajectory(x(t),y(t),z(t))",certified relay position at same global t,fixed G01,True,False
Q2-012,639,16035.85298645374,16036.351819815185,"trajectory(x(t),y(t),z(t))",certified relay position at same global t,fixed G01,True,False
Q2-012,640,16036.351819815185,16036.985494598799,"trajectory(x(t),y(t),z(t))",certified relay position at same global t,fixed G01,True,False
Q2-012,641,16036.985494598799,16037.619169382413,"trajectory(x(t),y(t),z(t))",certified relay position at same global t,fixed G01,True,False
Q2-012,642,16037.619169382413,16038.751677527487,"trajectory(x(t),y(t),z(t))",certified relay position at same global t,fixed G01,True,False
Q2-012,643,16038.751677527487,16039.884185672561,"trajectory(x(t),y(t),z(t))",certified relay position at same global t,fixed G01,True,False
Q2-012,644,16039.884185672561,16040.3931330148,"trajectory(x(t),y(t),z(t))",certified relay position at same global t,fixed G01,True,False
Q2-012,645,16040.3931330148,16040.90208035704,"trajectory(x(t),y(t),z(t))",certified relay position at same global t,fixed G01,True,False
Q2-012,646,16040.90208035704,16041.525641159875,"trajectory(x(t),y(t),z(t))",certified relay position at same global t,fixed G01,True,False
Q2-012,647,16041.525641159875,16042.14920196271,"trajectory(x(t),y(t),z(t))",certified relay position at same global t,fixed G01,True,False
Q2-012,648,16042.14920196271,16043.281710107769,"trajectory(x(t),y(t),z(t))",certified relay position at same global t,fixed G01,True,False
Q2-012,649,16043.281710107769,16044.414218252829,"trajectory(x(t),y(t),z(t))",certified relay position at same global t,fixed G01,True,False
Q2-012,650,16044.414218252829,16044.933279575862,"trajectory(x(t),y(t),z(t))",certified relay position at same global t,fixed G01,True,False
Q2-012,651,16044.933279575862,16045.452340898895,"trajectory(x(t),y(t),z(t))",certified relay position at same global t,fixed G01,True,False
Q2-012,652,16045.452340898895,16046.065787720936,"trajectory(x(t),y(t),z(t))",certified relay position at same global t,fixed G01,True,False
Q2-012,653,16046.065787720936,16046.679234542977,"trajectory(x(t),y(t),z(t))",certified relay position at same global t,fixed G01,True,False
Q2-012,654,16046.679234542977,16047.81174268805,"trajectory(x(t),y(t),z(t))",certified relay position at same global t,fixed G01,True,False
Q2-012,655,16047.81174268805,16048.944250833125,"trajectory(x(t),y(t),z(t))",certified relay position at same global t,fixed G01,True,False
Q2-012,656,16048.944250833125,16049.47342613717,"trajectory(x(t),y(t),z(t))",certified relay position at same global t,fixed G01,True,False
Q2-012,657,16049.47342613717,16050.002601441216,"trajectory(x(t),y(t),z(t))",certified relay position at same global t,fixed G01,True,False
Q2-012,658,16050.002601441216,16050.60593428223,"trajectory(x(t),y(t),z(t))",certified relay position at same global t,fixed G01,True,False
Q2-012,659,16050.60593428223,16051.209267123244,"trajectory(x(t),y(t),z(t))",certified relay position at same global t,fixed G01,True,False
Q2-012,660,16051.209267123244,16052.341775268333,"trajectory(x(t),y(t),z(t))",certified relay position at same global t,fixed G01,True,False
Q2-012,661,16052.341775268333,16053.474283413421,"trajectory(x(t),y(t),z(t))",certified relay position at same global t,fixed G01,True,False
Q2-012,662,16053.474283413421,16054.013572698246,"trajectory(x(t),y(t),z(t))",certified relay position at same global t,fixed G01,True,False
Q2-012,663,16054.013572698246,16054.552861983071,"trajectory(x(t),y(t),z(t))",certified relay position at same global t,fixed G01,True,False
Q2-012,664,16054.552861983071,16055.146080843306,"trajectory(x(t),y(t),z(t))",certified relay position at same global t,fixed G01,True,False
Q2-012,665,16055.146080843306,16055.73929970354,"trajectory(x(t),y(t),z(t))",certified relay position at same global t,fixed G01,True,False
Q2-012,666,16055.73929970354,16056.8718078486,"trajectory(x(t),y(t),z(t))",certified relay position at same global t,fixed G01,True,False
Q2-013,334,4717.360976523296,4718.340637488914,"trajectory(x(t),y(t),z(t))",certified relay position at same global t,fixed G01,True,False
Q2-013,335,4718.340637488914,4719.320298454531,"trajectory(x(t),y(t),z(t))",certified relay position at same global t,fixed G01,True,False
Q2-013,336,4719.320298454531,4720.299959420149,"trajectory(x(t),y(t),z(t))",certified relay position at same global t,fixed G01,True,False
Q2-013,337,4720.299959420149,4721.138508239705,"trajectory(x(t),y(t),z(t))",certified relay position at same global t,fixed G01,True,False
Q2-013,338,4721.138508239705,4721.97705705926,"trajectory(x(t),y(t),z(t))",certified relay position at same global t,fixed G01,True,False
Q2-013,339,4721.97705705926,4722.118169205422,"trajectory(x(t),y(t),z(t))",certified relay position at same global t,fixed G01,True,False
Q2-013,340,4722.118169205422,4722.259281351585,"trajectory(x(t),y(t),z(t))",certified relay position at same global t,fixed G01,True,False
Q2-013,341,4722.259281351585,4723.238942317203,"trajectory(x(t),y(t),z(t))",certified relay position at same global t,fixed G01,True,False
Q2-013,342,4723.238942317203,4724.21860328282,"trajectory(x(t),y(t),z(t))",certified relay position at same global t,fixed G01,True,False
Q2-013,343,4724.21860328282,4725.198264248438,"trajectory(x(t),y(t),z(t))",certified relay position at same global t,fixed G01,True,False
Q2-013,344,4725.198264248438,4726.177925214056,"trajectory(x(t),y(t),z(t))",certified relay position at same global t,fixed G01,True,False
Q2-013,345,4726.177925214056,4727.157586179774,"trajectory(x(t),y(t),z(t))",certified relay position at same global t,fixed G01,True,False
Q2-013,346,4727.157586179774,4728.1372471454915,"trajectory(x(t),y(t),z(t))",certified relay position at same global t,fixed G01,True,False
Q2-013,347,4728.1372471454915,4729.116908111109,"trajectory(x(t),y(t),z(t))",certified relay position at same global t,fixed G01,True,False
Q2-013,348,4729.116908111109,4730.096569076727,"trajectory(x(t),y(t),z(t))",certified relay position at same global t,fixed G01,True,False
Q2-013,349,4730.096569076727,4730.099328950188,"trajectory(x(t),y(t),z(t))",certified relay position at same global t,fixed G01,True,False
Q2-013,350,4730.099328950188,4730.102088823648,"trajectory(x(t),y(t),z(t))",certified relay position at same global t,fixed G01,True,False
Q2-013,351,4730.102088823648,4731.078989915854,"trajectory(x(t),y(t),z(t))",certified relay position at same global t,fixed G01,True,False
Q2-013,352,4731.078989915854,4732.055891008061,"trajectory(x(t),y(t),z(t))",certified relay position at same global t,fixed G01,True,False
Q2-013,353,4732.055891008061,4733.035551973729,"trajectory(x(t),y(t),z(t))",certified relay position at same global t,fixed G01,True,False
Q2-013,354,4733.035551973729,4734.015212939396,"trajectory(x(t),y(t),z(t))",certified relay position at same global t,fixed G01,True,False
Q2-013,355,4734.015212939396,4734.994873905014,"trajectory(x(t),y(t),z(t))",certified relay position at same global t,fixed G01,True,False
Q2-013,356,4734.994873905014,4735.974534870632,"trajectory(x(t),y(t),z(t))",certified relay position at same global t,fixed G01,True,False
Q2-013,357,4735.974534870632,4736.9541958363,"trajectory(x(t),y(t),z(t))",certified relay position at same global t,fixed G01,True,False
Q2-013,358,4736.9541958363,4737.9338568019675,"trajectory(x(t),y(t),z(t))",certified relay position at same global t,fixed G01,True,False
Q2-013,359,4737.9338568019675,4738.0804886951055,"trajectory(x(t),y(t),z(t))",certified relay position at same global t,fixed G01,True,False
Q2-013,360,4738.0804886951055,4738.227120588243,"trajectory(x(t),y(t),z(t))",certified relay position at same global t,fixed G01,True,False
Q2-013,361,4738.227120588243,4739.060149660772,"trajectory(x(t),y(t),z(t))",certified relay position at same global t,fixed G01,True,False
Q2-013,362,4739.060149660772,4739.893178733301,"trajectory(x(t),y(t),z(t))",certified relay position at same global t,fixed G01,True,False
Q2-013,363,4739.893178733301,4740.872839698919,"trajectory(x(t),y(t),z(t))",certified relay position at same global t,fixed G01,True,False
Q2-013,364,4740.872839698919,4741.852500664537,"trajectory(x(t),y(t),z(t))",certified relay position at same global t,fixed G01,True,False
Q2-013,365,4741.852500664537,4742.832161630205,"trajectory(x(t),y(t),z(t))",certified relay position at same global t,fixed G01,True,False
Q2-013,366,4742.832161630205,4743.811822595872,"trajectory(x(t),y(t),z(t))",certified relay position at same global t,fixed G01,True,False
Q2-013,367,4743.811822595872,4744.79148356154,"trajectory(x(t),y(t),z(t))",certified relay position at same global t,fixed G01,True,False
Q2-013,368,4744.79148356154,4745.771144527208,"trajectory(x(t),y(t),z(t))",certified relay position at same global t,fixed G01,True,False
Q2-013,369,4745.771144527208,4746.06164843992,"trajectory(x(t),y(t),z(t))",certified relay position at same global t,fixed G01,True,False
Q2-013,370,4746.06164843992,4746.3521523526315,"trajectory(x(t),y(t),z(t))",certified relay position at same global t,fixed G01,True,False
Q2-013,371,4746.3521523526315,4747.0413094055375,"trajectory(x(t),y(t),z(t))",certified relay position at same global t,fixed G01,True,False
Q2-013,372,4747.0413094055375,4747.7304664584435,"trajectory(x(t),y(t),z(t))",certified relay position at same global t,fixed G01,True,False
Q2-013,373,4747.7304664584435,4748.710127424111,"trajectory(x(t),y(t),z(t))",certified relay position at same global t,fixed G01,True,False
Q2-013,374,4748.710127424111,4749.689788389779,"trajectory(x(t),y(t),z(t))",certified relay position at same global t,fixed G01,True,False
Q2-013,375,4749.689788389779,4750.669449355447,"trajectory(x(t),y(t),z(t))",certified relay position at same global t,fixed G01,True,False
Q2-013,376,4750.669449355447,4751.649110321115,"trajectory(x(t),y(t),z(t))",certified relay position at same global t,fixed G01,True,False
Q2-013,377,4751.649110321115,4752.628771286732,"trajectory(x(t),y(t),z(t))",certified relay position at same global t,fixed G01,True,False
Q2-013,378,4752.628771286732,4753.60843225235,"trajectory(x(t),y(t),z(t))",certified relay position at same global t,fixed G01,True,False
Q2-013,379,4753.60843225235,4754.042808184738,"trajectory(x(t),y(t),z(t))",certified relay position at same global t,fixed G01,True,False
Q2-013,380,4754.042808184738,4754.477184117125,"trajectory(x(t),y(t),z(t))",certified relay position at same global t,fixed G01,True,False
Q2-013,381,4754.477184117125,4755.022469150405,"trajectory(x(t),y(t),z(t))",certified relay position at same global t,fixed G01,True,False
Q2-013,382,4755.022469150405,4755.567754183686,"trajectory(x(t),y(t),z(t))",certified relay position at same global t,fixed G01,True,False
Q2-013,383,4755.567754183686,4756.547415149354,"trajectory(x(t),y(t),z(t))",certified relay position at same global t,fixed G01,True,False
Q2-013,384,4756.547415149354,4757.527076115021,"trajectory(x(t),y(t),z(t))",certified relay position at same global t,fixed G01,True,False
Q2-013,385,4757.527076115021,4758.506737080639,"trajectory(x(t),y(t),z(t))",certified relay position at same global t,fixed G01,True,False
Q2-013,386,4758.506737080639,4759.486398046257,"trajectory(x(t),y(t),z(t))",certified relay position at same global t,fixed G01,True,False
Q2-013,387,4759.486398046257,4760.466059011925,"trajectory(x(t),y(t),z(t))",certified relay position at same global t,fixed G01,True,False
Q2-013,388,4760.466059011925,4761.4457199775925,"trajectory(x(t),y(t),z(t))",certified relay position at same global t,fixed G01,True,False
Q2-013,389,4761.4457199775925,4762.0239679296055,"trajectory(x(t),y(t),z(t))",certified relay position at same global t,fixed G01,True,False
Q2-013,390,4762.0239679296055,4762.602215881619,"trajectory(x(t),y(t),z(t))",certified relay position at same global t,fixed G01,True,False
Q2-013,391,4762.602215881619,4763.003628895273,"trajectory(x(t),y(t),z(t))",certified relay position at same global t,fixed G01,True,False
Q2-013,392,4763.003628895273,4763.405041908928,"trajectory(x(t),y(t),z(t))",certified relay position at same global t,fixed G01,True,False
Q2-013,393,4763.405041908928,4764.384702874546,"trajectory(x(t),y(t),z(t))",certified relay position at same global t,fixed G01,True,False
Q2-013,394,4764.384702874546,4765.364363840164,"trajectory(x(t),y(t),z(t))",certified relay position at same global t,fixed G01,True,False
Q2-013,395,4765.364363840164,4766.344024805881,"trajectory(x(t),y(t),z(t))",certified relay position at same global t,fixed G01,True,False
Q2-013,396,4766.344024805881,4767.323685771599,"trajectory(x(t),y(t),z(t))",certified relay position at same global t,fixed G01,True,False
Q2-013,397,4767.323685771599,4768.303346737217,"trajectory(x(t),y(t),z(t))",certified relay position at same global t,fixed G01,True,False
Q2-013,398,4768.303346737217,4769.283007702835,"trajectory(x(t),y(t),z(t))",certified relay position at same global t,fixed G01,True,False
Q2-013,399,4769.283007702835,4770.005127674421,"trajectory(x(t),y(t),z(t))",certified relay position at same global t,fixed G01,True,False
Q2-013,400,4770.005127674421,4770.727247646007,"trajectory(x(t),y(t),z(t))",certified relay position at same global t,fixed G01,True,False
Q2-013,401,4770.727247646007,4770.984788640038,"trajectory(x(t),y(t),z(t))",certified relay position at same global t,fixed G01,True,False
Q2-013,402,4770.984788640038,4771.2423296340685,"trajectory(x(t),y(t),z(t))",certified relay position at same global t,fixed G01,True,False
Q2-013,403,4771.2423296340685,4772.221990599786,"trajectory(x(t),y(t),z(t))",certified relay position at same global t,fixed G01,True,False
Q2-013,404,4772.221990599786,4773.201651565504,"trajectory(x(t),y(t),z(t))",certified relay position at same global t,fixed G01,True,False
Q2-013,405,4773.201651565504,4773.358867557199,"trajectory(x(t),y(t),z(t))",certified relay position at same global t,fixed G01,True,False
Q2-013,406,4773.358867557199,4773.516083548894,"trajectory(x(t),y(t),z(t))",certified relay position at same global t,fixed G01,True,False
Q2-013,407,4773.516083548894,4807.130697806707,"trajectory(x(t),y(t),z(t))",certified relay position at same global t,fixed G01,True,False
Q2-013,408,4807.130697806707,5047.130697806707,"trajectory(x(t),y(t),z(t))",certified relay position at same global t,fixed G01,True,False
Q2-013,409,5047.130697806707,5075.142876354884,"trajectory(x(t),y(t),z(t))",certified relay position at same global t,fixed G01,True,False
Q2-013,410,5075.142876354884,5075.300092346579,"trajectory(x(t),y(t),z(t))",certified relay position at same global t,fixed G01,True,False
Q2-013,411,5075.300092346579,5075.457308338274,"trajectory(x(t),y(t),z(t))",certified relay position at same global t,fixed G01,True,False
Q2-013,412,5075.457308338274,5076.436969303992,"trajectory(x(t),y(t),z(t))",certified relay position at same global t,fixed G01,True,False
Q2-013,413,5076.436969303992,5077.4166302697095,"trajectory(x(t),y(t),z(t))",certified relay position at same global t,fixed G01,True,False
Q2-013,414,5077.4166302697095,5077.67417126374,"trajectory(x(t),y(t),z(t))",certified relay position at same global t,fixed G01,True,False
Q2-013,415,5077.67417126374,5077.931712257771,"trajectory(x(t),y(t),z(t))",certified relay position at same global t,fixed G01,True,False
Q2-013,416,5077.931712257771,5078.653832229357,"trajectory(x(t),y(t),z(t))",certified relay position at same global t,fixed G01,True,False
Q2-013,417,5078.653832229357,5079.375952200943,"trajectory(x(t),y(t),z(t))",certified relay position at same global t,fixed G01,True,False
Q2-013,418,5079.375952200943,5080.355613166561,"trajectory(x(t),y(t),z(t))",certified relay position at same global t,fixed G01,True,False
Q2-013,419,5080.355613166561,5081.335274132179,"trajectory(x(t),y(t),z(t))",certified relay position at same global t,fixed G01,True,False
Q2-013,420,5081.335274132179,5082.3149350978965,"trajectory(x(t),y(t),z(t))",certified relay position at same global t,fixed G01,True,False
Q2-013,421,5082.3149350978965,5083.294596063614,"trajectory(x(t),y(t),z(t))",certified relay position at same global t,fixed G01,True,False
Q2-013,422,5083.294596063614,5084.274257029232,"trajectory(x(t),y(t),z(t))",certified relay position at same global t,fixed G01,True,False
Q2-013,423,5084.274257029232,5085.25391799485,"trajectory(x(t),y(t),z(t))",certified relay position at same global t,fixed G01,True,False
Q2-013,424,5085.25391799485,5085.655331008505,"trajectory(x(t),y(t),z(t))",certified relay position at same global t,fixed G01,True,False
Q2-013,425,5085.655331008505,5086.056744022159,"trajectory(x(t),y(t),z(t))",certified relay position at same global t,fixed G01,True,False
Q2-013,426,5086.056744022159,5086.634991974172,"trajectory(x(t),y(t),z(t))",certified relay position at same global t,fixed G01,True,False
Q2-013,427,5086.634991974172,5087.213239926185,"trajectory(x(t),y(t),z(t))",certified relay position at same global t,fixed G01,True,False
Q2-013,428,5087.213239926185,5088.192900891853,"trajectory(x(t),y(t),z(t))",certified relay position at same global t,fixed G01,True,False
Q2-013,429,5088.192900891853,5089.172561857521,"trajectory(x(t),y(t),z(t))",certified relay position at same global t,fixed G01,True,False
Q2-013,430,5089.172561857521,5090.152222823139,"trajectory(x(t),y(t),z(t))",certified relay position at same global t,fixed G01,True,False
Q2-013,431,5090.152222823139,5091.131883788757,"trajectory(x(t),y(t),z(t))",certified relay position at same global t,fixed G01,True,False
Q2-013,432,5091.131883788757,5092.111544754424,"trajectory(x(t),y(t),z(t))",certified relay position at same global t,fixed G01,True,False
Q2-013,433,5092.111544754424,5093.091205720092,"trajectory(x(t),y(t),z(t))",certified relay position at same global t,fixed G01,True,False
Q2-013,434,5093.091205720092,5093.6364907533725,"trajectory(x(t),y(t),z(t))",certified relay position at same global t,fixed G01,True,False
Q2-013,435,5093.6364907533725,5094.181775786653,"trajectory(x(t),y(t),z(t))",certified relay position at same global t,fixed G01,True,False
Q2-013,436,5094.181775786653,5094.61615171904,"trajectory(x(t),y(t),z(t))",certified relay position at same global t,fixed G01,True,False
Q2-013,437,5094.61615171904,5095.050527651428,"trajectory(x(t),y(t),z(t))",certified relay position at same global t,fixed G01,True,False
Q2-013,438,5095.050527651428,5096.0301886170455,"trajectory(x(t),y(t),z(t))",certified relay position at same global t,fixed G01,True,False
Q2-013,439,5096.0301886170455,5097.009849582663,"trajectory(x(t),y(t),z(t))",certified relay position at same global t,fixed G01,True,False
Q2-013,440,5097.009849582663,5097.989510548331,"trajectory(x(t),y(t),z(t))",certified relay position at same global t,fixed G01,True,False
Q2-013,441,5097.989510548331,5098.969171513999,"trajectory(x(t),y(t),z(t))",certified relay position at same global t,fixed G01,True,False
Q2-013,442,5098.969171513999,5099.948832479667,"trajectory(x(t),y(t),z(t))",certified relay position at same global t,fixed G01,True,False
Q2-013,443,5099.948832479667,5100.928493445334,"trajectory(x(t),y(t),z(t))",certified relay position at same global t,fixed G01,True,False
Q2-013,444,5100.928493445334,5101.61765049824,"trajectory(x(t),y(t),z(t))",certified relay position at same global t,fixed G01,True,False
Q2-013,445,5101.61765049824,5102.306807551146,"trajectory(x(t),y(t),z(t))",certified relay position at same global t,fixed G01,True,False
Q2-013,446,5102.306807551146,5102.597311463858,"trajectory(x(t),y(t),z(t))",certified relay position at same global t,fixed G01,True,False
Q2-013,447,5102.597311463858,5102.88781537657,"trajectory(x(t),y(t),z(t))",certified relay position at same global t,fixed G01,True,False
Q2-013,448,5102.88781537657,5103.867476342238,"trajectory(x(t),y(t),z(t))",certified relay position at same global t,fixed G01,True,False
Q2-013,449,5103.867476342238,5104.8471373079055,"trajectory(x(t),y(t),z(t))",certified relay position at same global t,fixed G01,True,False
Q2-013,450,5104.8471373079055,5105.826798273573,"trajectory(x(t),y(t),z(t))",certified relay position at same global t,fixed G01,True,False
Q2-013,451,5105.826798273573,5106.806459239241,"trajectory(x(t),y(t),z(t))",certified relay position at same global t,fixed G01,True,False
Q2-013,452,5106.806459239241,5107.786120204859,"trajectory(x(t),y(t),z(t))",certified relay position at same global t,fixed G01,True,False
Q2-013,453,5107.786120204859,5108.765781170477,"trajectory(x(t),y(t),z(t))",certified relay position at same global t,fixed G01,True,False
Q2-013,454,5108.765781170477,5109.598810243006,"trajectory(x(t),y(t),z(t))",certified relay position at same global t,fixed G01,True,False
Q2-013,455,5109.598810243006,5110.4318393155345,"trajectory(x(t),y(t),z(t))",certified relay position at same global t,fixed G01,True,False
Q2-013,456,5110.4318393155345,5110.578471208672,"trajectory(x(t),y(t),z(t))",certified relay position at same global t,fixed G01,True,False
Q2-013,457,5110.578471208672,5110.72510310181,"trajectory(x(t),y(t),z(t))",certified relay position at same global t,fixed G01,True,False
Q2-013,458,5110.72510310181,5111.704764067478,"trajectory(x(t),y(t),z(t))",certified relay position at same global t,fixed G01,True,False
Q2-013,459,5111.704764067478,5112.684425033146,"trajectory(x(t),y(t),z(t))",certified relay position at same global t,fixed G01,True,False
Q2-013,460,5112.684425033146,5113.664085998764,"trajectory(x(t),y(t),z(t))",certified relay position at same global t,fixed G01,True,False
Q2-013,461,5113.664085998764,5114.6437469643815,"trajectory(x(t),y(t),z(t))",certified relay position at same global t,fixed G01,True,False
Q2-013,462,5114.6437469643815,5115.623407930049,"trajectory(x(t),y(t),z(t))",certified relay position at same global t,fixed G01,True,False
Q2-013,463,5115.623407930049,5116.603068895717,"trajectory(x(t),y(t),z(t))",certified relay position at same global t,fixed G01,True,False
Q2-013,464,5116.603068895717,5117.5799699879235,"trajectory(x(t),y(t),z(t))",certified relay position at same global t,fixed G01,True,False
Q2-013,465,5117.5799699879235,5118.55687108013,"trajectory(x(t),y(t),z(t))",certified relay position at same global t,fixed G01,True,False
Q2-013,466,5118.55687108013,5118.55963095359,"trajectory(x(t),y(t),z(t))",certified relay position at same global t,fixed G01,True,False
Q2-013,467,5118.55963095359,5118.562390827051,"trajectory(x(t),y(t),z(t))",certified relay position at same global t,fixed G01,True,False
Q2-013,468,5118.562390827051,5119.542051792669,"trajectory(x(t),y(t),z(t))",certified relay position at same global t,fixed G01,True,False
Q2-013,469,5119.542051792669,5120.521712758286,"trajectory(x(t),y(t),z(t))",certified relay position at same global t,fixed G01,True,False
Q2-013,470,5120.521712758286,5121.501373724004,"trajectory(x(t),y(t),z(t))",certified relay position at same global t,fixed G01,True,False
Q2-013,471,5121.501373724004,5122.481034689722,"trajectory(x(t),y(t),z(t))",certified relay position at same global t,fixed G01,True,False
Q2-013,472,5122.481034689722,5123.46069565534,"trajectory(x(t),y(t),z(t))",certified relay position at same global t,fixed G01,True,False
Q2-013,473,5123.46069565534,5124.440356620958,"trajectory(x(t),y(t),z(t))",certified relay position at same global t,fixed G01,True,False
Q2-013,474,5124.440356620958,5125.420017586575,"trajectory(x(t),y(t),z(t))",certified relay position at same global t,fixed G01,True,False
Q2-013,475,5125.420017586575,5126.399678552193,"trajectory(x(t),y(t),z(t))",certified relay position at same global t,fixed G01,True,False
Q2-013,476,5126.399678552193,5126.5407906983555,"trajectory(x(t),y(t),z(t))",certified relay position at same global t,fixed G01,True,False
Q2-013,477,5126.5407906983555,5126.681902844518,"trajectory(x(t),y(t),z(t))",certified relay position at same global t,fixed G01,True,False
Q2-013,478,5126.681902844518,5127.520451664073,"trajectory(x(t),y(t),z(t))",certified relay position at same global t,fixed G01,True,False
Q2-013,479,5127.520451664073,5128.359000483629,"trajectory(x(t),y(t),z(t))",certified relay position at same global t,fixed G01,True,False
Q2-013,480,5128.359000483629,5129.3386614492465,"trajectory(x(t),y(t),z(t))",certified relay position at same global t,fixed G01,True,False
Q2-013,481,5129.3386614492465,5130.318322414864,"trajectory(x(t),y(t),z(t))",certified relay position at same global t,fixed G01,True,False
Q2-013,482,5130.318322414864,5131.297983380482,"trajectory(x(t),y(t),z(t))",certified relay position at same global t,fixed G01,True,False
Q2-015,378,5606.354366543971,5606.964944945035,"trajectory(x(t),y(t),z(t))",certified relay position at same global t,fixed G01,True,False
Q2-015,379,5606.964944945035,5607.84519485101,"trajectory(x(t),y(t),z(t))",certified relay position at same global t,fixed G01,True,False
Q2-015,380,5607.84519485101,5608.725444756985,"trajectory(x(t),y(t),z(t))",certified relay position at same global t,fixed G01,True,False
Q2-015,381,5608.725444756985,5609.15554351292,"trajectory(x(t),y(t),z(t))",certified relay position at same global t,fixed G01,True,False
Q2-015,382,5609.15554351292,5609.585642268857,"trajectory(x(t),y(t),z(t))",certified relay position at same global t,fixed G01,True,False
Q2-015,383,5609.585642268857,5610.646371819922,"trajectory(x(t),y(t),z(t))",certified relay position at same global t,fixed G01,True,False
Q2-015,384,5610.646371819922,5611.707101370987,"trajectory(x(t),y(t),z(t))",certified relay position at same global t,fixed G01,True,False
Q2-015,385,5611.707101370987,5611.9567204816985,"trajectory(x(t),y(t),z(t))",certified relay position at same global t,fixed G01,True,False
Q2-015,386,5611.9567204816985,5612.20633959241,"trajectory(x(t),y(t),z(t))",certified relay position at same global t,fixed G01,True,False
Q2-015,387,5612.20633959241,5613.447548788699,"trajectory(x(t),y(t),z(t))",certified relay position at same global t,fixed G01,True,False
Q2-015,388,5613.447548788699,5614.688757984989,"trajectory(x(t),y(t),z(t))",certified relay position at same global t,fixed G01,True,False
Q2-015,389,5614.688757984989,5614.757897450543,"trajectory(x(t),y(t),z(t))",certified relay position at same global t,fixed G01,True,False
Q2-015,390,5614.757897450543,5614.827036916097,"trajectory(x(t),y(t),z(t))",certified relay position at same global t,fixed G01,True,False
Q2-015,391,5614.827036916097,5616.137385577941,"trajectory(x(t),y(t),z(t))",certified relay position at same global t,fixed G01,True,False
Q2-015,392,5616.137385577941,5617.447734239785,"trajectory(x(t),y(t),z(t))",certified relay position at same global t,fixed G01,True,False
Q2-015,393,5617.447734239785,5617.559074419426,"trajectory(x(t),y(t),z(t))",certified relay position at same global t,fixed G01,True,False
Q2-015,394,5617.559074419426,5617.670414599067,"trajectory(x(t),y(t),z(t))",certified relay position at same global t,fixed G01,True,False
Q2-015,395,5617.670414599067,5618.869423081202,"trajectory(x(t),y(t),z(t))",certified relay position at same global t,fixed G01,True,False
Q2-015,396,5618.869423081202,5620.068431563336,"trajectory(x(t),y(t),z(t))",certified relay position at same global t,fixed G01,True,False
Q2-015,397,5620.068431563336,5620.360251388202,"trajectory(x(t),y(t),z(t))",certified relay position at same global t,fixed G01,True,False
Q2-015,398,5620.360251388202,5620.652071213069,"trajectory(x(t),y(t),z(t))",certified relay position at same global t,fixed G01,True,False
Q2-015,399,5620.652071213069,5621.670600050046,"trajectory(x(t),y(t),z(t))",certified relay position at same global t,fixed G01,True,False
Q2-015,400,5621.670600050046,5622.689128887024,"trajectory(x(t),y(t),z(t))",certified relay position at same global t,fixed G01,True,False
Q2-015,401,5622.689128887024,5623.161428357066,"trajectory(x(t),y(t),z(t))",certified relay position at same global t,fixed G01,True,False
Q2-015,402,5623.161428357066,5623.6337278271085,"trajectory(x(t),y(t),z(t))",certified relay position at same global t,fixed G01,True,False
Q2-015,403,5623.6337278271085,5624.47177701891,"trajectory(x(t),y(t),z(t))",certified relay position at same global t,fixed G01,True,False
Q2-015,404,5624.47177701891,5625.309826210711,"trajectory(x(t),y(t),z(t))",certified relay position at same global t,fixed G01,True,False
Q2-015,405,5625.309826210711,5625.96260532593,"trajectory(x(t),y(t),z(t))",certified relay position at same global t,fixed G01,True,False
Q2-015,406,5625.96260532593,5626.615384441148,"trajectory(x(t),y(t),z(t))",certified relay position at same global t,fixed G01,True,False
Q2-015,407,5626.615384441148,5627.272953987706,"trajectory(x(t),y(t),z(t))",certified relay position at same global t,fixed G01,True,False
Q2-015,408,5627.272953987706,5627.9305235342645,"trajectory(x(t),y(t),z(t))",certified relay position at same global t,fixed G01,True,False
Q2-015,409,5627.9305235342645,5628.763782294708,"trajectory(x(t),y(t),z(t))",certified relay position at same global t,fixed G01,True,False
Q2-015,410,5628.763782294708,5629.597041055152,"trajectory(x(t),y(t),z(t))",certified relay position at same global t,fixed G01,True,False
Q2-015,411,5629.597041055152,5630.074130956552,"trajectory(x(t),y(t),z(t))",certified relay position at same global t,fixed G01,True,False
Q2-015,412,5630.074130956552,5630.551220857952,"trajectory(x(t),y(t),z(t))",certified relay position at same global t,fixed G01,True,False
Q2-015,413,5630.551220857952,5631.564959263591,"trajectory(x(t),y(t),z(t))",certified relay position at same global t,fixed G01,True,False
Q2-015,414,5631.564959263591,5632.57869766923,"trajectory(x(t),y(t),z(t))",certified relay position at same global t,fixed G01,True,False
Q2-015,415,5632.57869766923,5632.875307925435,"trajectory(x(t),y(t),z(t))",certified relay position at same global t,fixed G01,True,False
Q2-015,416,5632.875307925435,5633.17191818164,"trajectory(x(t),y(t),z(t))",certified relay position at same global t,fixed G01,True,False
Q2-015,417,5633.17191818164,5634.366136232436,"trajectory(x(t),y(t),z(t))",certified relay position at same global t,fixed G01,True,False
Q2-015,418,5634.366136232436,5635.560354283231,"trajectory(x(t),y(t),z(t))",certified relay position at same global t,fixed G01,True,False
Q2-015,419,5635.560354283231,5635.676484894212,"trajectory(x(t),y(t),z(t))",certified relay position at same global t,fixed G01,True,False
Q2-015,420,5635.676484894212,5635.792615505193,"trajectory(x(t),y(t),z(t))",certified relay position at same global t,fixed G01,True,False
Q2-015,421,5635.792615505193,5637.102964167037,"trajectory(x(t),y(t),z(t))",certified relay position at same global t,fixed G01,True,False
Q2-015,422,5637.102964167037,5638.41331282888,"trajectory(x(t),y(t),z(t))",certified relay position at same global t,fixed G01,True,False
Q2-015,423,5638.41331282888,5638.477661863058,"trajectory(x(t),y(t),z(t))",certified relay position at same global t,fixed G01,True,False
Q2-015,424,5638.477661863058,5638.542010897235,"trajectory(x(t),y(t),z(t))",certified relay position at same global t,fixed G01,True,False
Q2-015,425,5638.542010897235,5639.788010524901,"trajectory(x(t),y(t),z(t))",certified relay position at same global t,fixed G01,True,False
Q2-015,426,5639.788010524901,5641.034010152568,"trajectory(x(t),y(t),z(t))",certified relay position at same global t,fixed G01,True,False
Q2-015,427,5641.034010152568,5641.27883883194,"trajectory(x(t),y(t),z(t))",certified relay position at same global t,fixed G01,True,False
Q2-015,428,5641.27883883194,5641.523667511313,"trajectory(x(t),y(t),z(t))",certified relay position at same global t,fixed G01,True,False
Q2-015,429,5641.523667511313,5642.589187493717,"trajectory(x(t),y(t),z(t))",certified relay position at same global t,fixed G01,True,False
Q2-015,430,5642.589187493717,5643.654707476121,"trajectory(x(t),y(t),z(t))",certified relay position at same global t,fixed G01,True,False
Q2-015,431,5643.654707476121,5644.080015800718,"trajectory(x(t),y(t),z(t))",certified relay position at same global t,fixed G01,True,False
Q2-015,432,5644.080015800718,5644.5053241253145,"trajectory(x(t),y(t),z(t))",certified relay position at same global t,fixed G01,True,False
Q2-015,433,5644.5053241253145,5645.390364462561,"trajectory(x(t),y(t),z(t))",certified relay position at same global t,fixed G01,True,False
Q2-015,434,5645.390364462561,5646.275404799807,"trajectory(x(t),y(t),z(t))",certified relay position at same global t,fixed G01,True,False
Q2-015,435,5646.275404799807,5646.881192769581,"trajectory(x(t),y(t),z(t))",certified relay position at same global t,fixed G01,True,False
Q2-015,436,5646.881192769581,5647.486980739354,"trajectory(x(t),y(t),z(t))",certified relay position at same global t,fixed G01,True,False
Q2-015,437,5647.486980739354,5648.191541431424,"trajectory(x(t),y(t),z(t))",certified relay position at same global t,fixed G01,True,False
Q2-015,438,5648.191541431424,5648.8961021234945,"trajectory(x(t),y(t),z(t))",certified relay position at same global t,fixed G01,True,False
Q2-015,439,5648.8961021234945,5649.682369738444,"trajectory(x(t),y(t),z(t))",certified relay position at same global t,fixed G01,True,False
Q2-015,440,5649.682369738444,5650.468637353394,"trajectory(x(t),y(t),z(t))",certified relay position at same global t,fixed G01,True,False
Q2-015,441,5650.468637353394,5650.992718400221,"trajectory(x(t),y(t),z(t))",certified relay position at same global t,fixed G01,True,False
Q2-015,442,5650.992718400221,5651.516799447048,"trajectory(x(t),y(t),z(t))",certified relay position at same global t,fixed G01,True,False
Q2-015,443,5651.516799447048,5652.483546707222,"trajectory(x(t),y(t),z(t))",certified relay position at same global t,fixed G01,True,False
Q2-015,444,5652.483546707222,5653.450293967396,"trajectory(x(t),y(t),z(t))",certified relay position at same global t,fixed G01,True,False
Q2-015,445,5653.450293967396,5653.793895369065,"trajectory(x(t),y(t),z(t))",certified relay position at same global t,fixed G01,True,False
Q2-015,446,5653.793895369065,5654.137496770733,"trajectory(x(t),y(t),z(t))",certified relay position at same global t,fixed G01,True,False
Q2-015,447,5654.137496770733,5655.2847236760845,"trajectory(x(t),y(t),z(t))",certified relay position at same global t,fixed G01,True,False
Q2-015,448,5655.2847236760845,5656.431950581436,"trajectory(x(t),y(t),z(t))",certified relay position at same global t,fixed G01,True,False
Q2-015,449,5656.431950581436,5656.595072337928,"trajectory(x(t),y(t),z(t))",certified relay position at same global t,fixed G01,True,False
Q2-015,450,5656.595072337928,5656.758194094421,"trajectory(x(t),y(t),z(t))",certified relay position at same global t,fixed G01,True,False
Q2-015,451,5656.758194094421,5658.0685427561975,"trajectory(x(t),y(t),z(t))",certified relay position at same global t,fixed G01,True,False
Q2-015,452,5658.0685427561975,5659.378891417974,"trajectory(x(t),y(t),z(t))",certified relay position at same global t,fixed G01,True,False
Q2-015,453,5659.378891417974,5659.396249306725,"trajectory(x(t),y(t),z(t))",certified relay position at same global t,fixed G01,True,False
Q2-015,454,5659.396249306725,5659.413607195475,"trajectory(x(t),y(t),z(t))",certified relay position at same global t,fixed G01,True,False
Q2-015,455,5659.413607195475,5660.706597968635,"trajectory(x(t),y(t),z(t))",certified relay position at same global t,fixed G01,True,False
Q2-015,456,5660.706597968635,5661.9995887417945,"trajectory(x(t),y(t),z(t))",certified relay position at same global t,fixed G01,True,False
Q2-015,457,5661.9995887417945,5662.197426275636,"trajectory(x(t),y(t),z(t))",certified relay position at same global t,fixed G01,True,False
Q2-015,458,5662.197426275636,5662.395263809477,"trajectory(x(t),y(t),z(t))",certified relay position at same global t,fixed G01,True,False
Q2-015,459,5662.395263809477,5663.507774937412,"trajectory(x(t),y(t),z(t))",certified relay position at same global t,fixed G01,True,False
Q2-015,460,5663.507774937412,5664.6202860653475,"trajectory(x(t),y(t),z(t))",certified relay position at same global t,fixed G01,True,False
Q2-015,461,5664.6202860653475,5664.998603244451,"trajectory(x(t),y(t),z(t))",certified relay position at same global t,fixed G01,True,False
Q2-015,462,5664.998603244451,5665.376920423555,"trajectory(x(t),y(t),z(t))",certified relay position at same global t,fixed G01,True,False
Q2-015,463,5665.376920423555,5666.308951906228,"trajectory(x(t),y(t),z(t))",certified relay position at same global t,fixed G01,True,False
Q2-015,464,5666.308951906228,5667.2409833889005,"trajectory(x(t),y(t),z(t))",certified relay position at same global t,fixed G01,True,False
Q2-015,465,5667.2409833889005,5667.799780213229,"trajectory(x(t),y(t),z(t))",certified relay position at same global t,fixed G01,True,False
Q2-015,466,5667.799780213229,5668.358577037557,"trajectory(x(t),y(t),z(t))",certified relay position at same global t,fixed G01,True,False
Q2-015,467,5668.358577037557,5669.110128875139,"trajectory(x(t),y(t),z(t))",certified relay position at same global t,fixed G01,True,False
Q2-015,468,5669.110128875139,5669.861680712721,"trajectory(x(t),y(t),z(t))",certified relay position at same global t,fixed G01,True,False
Q2-015,469,5669.861680712721,5670.60095718214,"trajectory(x(t),y(t),z(t))",certified relay position at same global t,fixed G01,True,False
Q2-015,470,5670.60095718214,5671.340233651558,"trajectory(x(t),y(t),z(t))",certified relay position at same global t,fixed G01,True,False
Q2-015,471,5671.340233651558,5671.911305843916,"trajectory(x(t),y(t),z(t))",certified relay position at same global t,fixed G01,True,False
Q2-015,472,5671.911305843916,5672.482378036274,"trajectory(x(t),y(t),z(t))",certified relay position at same global t,fixed G01,True,False
Q2-015,473,5672.482378036274,5673.402134150955,"trajectory(x(t),y(t),z(t))",certified relay position at same global t,fixed G01,True,False
Q2-015,474,5673.402134150955,5674.321890265636,"trajectory(x(t),y(t),z(t))",certified relay position at same global t,fixed G01,True,False
Q2-015,475,5674.321890265636,5674.712482812732,"trajectory(x(t),y(t),z(t))",certified relay position at same global t,fixed G01,True,False
Q2-015,476,5674.712482812732,5675.103075359827,"trajectory(x(t),y(t),z(t))",certified relay position at same global t,fixed G01,True,False
Q2-015,477,5675.103075359827,5676.2033111197325,"trajectory(x(t),y(t),z(t))",certified relay position at same global t,fixed G01,True,False
Q2-015,478,5676.2033111197325,5677.303546879638,"trajectory(x(t),y(t),z(t))",certified relay position at same global t,fixed G01,True,False
Q2-015,479,5677.303546879638,5677.513659781643,"trajectory(x(t),y(t),z(t))",certified relay position at same global t,fixed G01,True,False
Q2-015,480,5677.513659781643,5677.723772683647,"trajectory(x(t),y(t),z(t))",certified relay position at same global t,fixed G01,True,False
Q2-015,481,5677.723772683647,5679.004488088663,"trajectory(x(t),y(t),z(t))",certified relay position at same global t,fixed G01,True,False
Q2-015,482,5679.004488088663,5680.285203493678,"trajectory(x(t),y(t),z(t))",certified relay position at same global t,fixed G01,True,False
Q2-015,483,5680.285203493678,5680.314836750439,"trajectory(x(t),y(t),z(t))",certified relay position at same global t,fixed G01,True,False
Q2-015,484,5680.314836750439,5680.3444700072005,"trajectory(x(t),y(t),z(t))",certified relay position at same global t,fixed G01,True,False
Q2-015,485,5680.3444700072005,5681.654818668977,"trajectory(x(t),y(t),z(t))",certified relay position at same global t,fixed G01,True,False
Q2-015,486,5681.654818668977,5682.9651673307535,"trajectory(x(t),y(t),z(t))",certified relay position at same global t,fixed G01,True,False
Q2-015,487,5682.9651673307535,5683.1160137192355,"trajectory(x(t),y(t),z(t))",certified relay position at same global t,fixed G01,True,False
Q2-015,488,5683.1160137192355,5683.266860107718,"trajectory(x(t),y(t),z(t))",certified relay position at same global t,fixed G01,True,False
Q2-015,489,5683.266860107718,5684.426362381146,"trajectory(x(t),y(t),z(t))",certified relay position at same global t,fixed G01,True,False
Q2-015,490,5684.426362381146,5685.585864654574,"trajectory(x(t),y(t),z(t))",certified relay position at same global t,fixed G01,True,False
Q2-015,491,5685.585864654574,5685.917190688147,"trajectory(x(t),y(t),z(t))",certified relay position at same global t,fixed G01,True,False
Q2-015,492,5685.917190688147,5686.248516721719,"trajectory(x(t),y(t),z(t))",certified relay position at same global t,fixed G01,True,False
Q2-015,493,5686.248516721719,5687.227539349923,"trajectory(x(t),y(t),z(t))",certified relay position at same global t,fixed G01,True,False
Q2-015,494,5687.227539349923,5688.206561978127,"trajectory(x(t),y(t),z(t))",certified relay position at same global t,fixed G01,True,False
Q2-015,495,5688.206561978127,5688.718367656962,"trajectory(x(t),y(t),z(t))",certified relay position at same global t,fixed G01,True,False
Q2-015,496,5688.718367656962,5689.230173335797,"trajectory(x(t),y(t),z(t))",certified relay position at same global t,fixed G01,True,False
Q2-015,497,5689.230173335797,5690.028716318739,"trajectory(x(t),y(t),z(t))",certified relay position at same global t,fixed G01,True,False
Q2-015,498,5690.028716318739,5690.82725930168,"trajectory(x(t),y(t),z(t))",certified relay position at same global t,fixed G01,True,False
Q2-015,499,5690.82725930168,5691.519544625739,"trajectory(x(t),y(t),z(t))",certified relay position at same global t,fixed G01,True,False
Q2-015,500,5691.519544625739,5692.211829949799,"trajectory(x(t),y(t),z(t))",certified relay position at same global t,fixed G01,True,False
Q2-015,501,5692.211829949799,5692.82989328765,"trajectory(x(t),y(t),z(t))",certified relay position at same global t,fixed G01,True,False
Q2-015,502,5692.82989328765,5693.4479566255,"trajectory(x(t),y(t),z(t))",certified relay position at same global t,fixed G01,True,False
Q2-015,503,5693.4479566255,5694.32072159465,"trajectory(x(t),y(t),z(t))",certified relay position at same global t,fixed G01,True,False
Q2-015,504,5694.32072159465,5695.1934865638,"trajectory(x(t),y(t),z(t))",certified relay position at same global t,fixed G01,True,False
Q2-015,505,5695.1934865638,5695.631070256427,"trajectory(x(t),y(t),z(t))",certified relay position at same global t,fixed G01,True,False
Q2-015,506,5695.631070256427,5696.068653949053,"trajectory(x(t),y(t),z(t))",certified relay position at same global t,fixed G01,True,False
Q2-015,507,5696.068653949053,5697.121898563466,"trajectory(x(t),y(t),z(t))",certified relay position at same global t,fixed G01,True,False
Q2-015,508,5697.121898563466,5698.175143177878,"trajectory(x(t),y(t),z(t))",certified relay position at same global t,fixed G01,True,False
Q2-015,509,5698.175143177878,5698.4322472252425,"trajectory(x(t),y(t),z(t))",certified relay position at same global t,fixed G01,True,False
Q2-015,510,5698.4322472252425,5698.6893512726065,"trajectory(x(t),y(t),z(t))",certified relay position at same global t,fixed G01,True,False
Q2-015,511,5698.6893512726065,5699.923075532243,"trajectory(x(t),y(t),z(t))",certified relay position at same global t,fixed G01,True,False
Q2-015,512,5699.923075532243,5701.15679979188,"trajectory(x(t),y(t),z(t))",certified relay position at same global t,fixed G01,True,False
Q2-015,513,5701.15679979188,5701.2334241941535,"trajectory(x(t),y(t),z(t))",certified relay position at same global t,fixed G01,True,False
Q2-015,514,5701.2334241941535,5701.310048596427,"trajectory(x(t),y(t),z(t))",certified relay position at same global t,fixed G01,True,False
Q2-015,515,5701.310048596427,5702.620397258203,"trajectory(x(t),y(t),z(t))",certified relay position at same global t,fixed G01,True,False
Q2-015,516,5702.620397258203,5703.93074591998,"trajectory(x(t),y(t),z(t))",certified relay position at same global t,fixed G01,True,False
Q2-015,517,5703.93074591998,5704.03460116295,"trajectory(x(t),y(t),z(t))",certified relay position at same global t,fixed G01,True,False
Q2-015,518,5704.03460116295,5704.13845640592,"trajectory(x(t),y(t),z(t))",certified relay position at same global t,fixed G01,True,False
Q2-015,519,5704.13845640592,5705.344949824726,"trajectory(x(t),y(t),z(t))",certified relay position at same global t,fixed G01,True,False
Q2-015,520,5705.344949824726,5706.551443243533,"trajectory(x(t),y(t),z(t))",certified relay position at same global t,fixed G01,True,False
Q2-015,521,5706.551443243533,5706.835778131746,"trajectory(x(t),y(t),z(t))",certified relay position at same global t,fixed G01,True,False
Q2-015,522,5706.835778131746,5707.12011301996,"trajectory(x(t),y(t),z(t))",certified relay position at same global t,fixed G01,True,False
Q2-015,523,5707.12011301996,5708.1461267936575,"trajectory(x(t),y(t),z(t))",certified relay position at same global t,fixed G01,True,False
Q2-015,524,5708.1461267936575,5709.172140567355,"trajectory(x(t),y(t),z(t))",certified relay position at same global t,fixed G01,True,False
Q2-015,525,5709.172140567355,5709.636955100658,"trajectory(x(t),y(t),z(t))",certified relay position at same global t,fixed G01,True,False
Q2-015,526,5709.636955100658,5710.101769633961,"trajectory(x(t),y(t),z(t))",certified relay position at same global t,fixed G01,True,False
Q2-015,527,5710.101769633961,5710.947303762434,"trajectory(x(t),y(t),z(t))",certified relay position at same global t,fixed G01,True,False
Q2-015,528,5710.947303762434,5711.792837890906,"trajectory(x(t),y(t),z(t))",certified relay position at same global t,fixed G01,True,False
Q2-015,529,5711.792837890906,5712.438132069454,"trajectory(x(t),y(t),z(t))",certified relay position at same global t,fixed G01,True,False
Q2-015,530,5712.438132069454,5713.083426248001,"trajectory(x(t),y(t),z(t))",certified relay position at same global t,fixed G01,True,False
Q2-015,531,5713.083426248001,5713.748480731298,"trajectory(x(t),y(t),z(t))",certified relay position at same global t,fixed G01,True,False
Q2-015,532,5713.748480731298,5714.413535214594,"trajectory(x(t),y(t),z(t))",certified relay position at same global t,fixed G01,True,False
Q2-015,533,5714.413535214594,5715.2393090383175,"trajectory(x(t),y(t),z(t))",certified relay position at same global t,fixed G01,True,False
Q2-015,534,5715.2393090383175,5716.065082862041,"trajectory(x(t),y(t),z(t))",certified relay position at same global t,fixed G01,True,False
Q2-015,535,5716.065082862041,5716.549657700161,"trajectory(x(t),y(t),z(t))",certified relay position at same global t,fixed G01,True,False
Q2-015,536,5716.549657700161,5717.034232538282,"trajectory(x(t),y(t),z(t))",certified relay position at same global t,fixed G01,True,False
Q2-015,537,5717.034232538282,5718.040486007162,"trajectory(x(t),y(t),z(t))",certified relay position at same global t,fixed G01,True,False
Q2-015,538,5718.040486007162,5719.046739476043,"trajectory(x(t),y(t),z(t))",certified relay position at same global t,fixed G01,True,False
Q2-015,539,5719.046739476043,5719.350834668938,"trajectory(x(t),y(t),z(t))",certified relay position at same global t,fixed G01,True,False
Q2-015,540,5719.350834668938,5719.654929861833,"trajectory(x(t),y(t),z(t))",certified relay position at same global t,fixed G01,True,False
Q2-015,541,5719.654929861833,5720.841662975976,"trajectory(x(t),y(t),z(t))",certified relay position at same global t,fixed G01,True,False
Q2-015,542,5720.841662975976,5722.028396090119,"trajectory(x(t),y(t),z(t))",certified relay position at same global t,fixed G01,True,False
Q2-015,543,5722.028396090119,5722.152011637819,"trajectory(x(t),y(t),z(t))",certified relay position at same global t,fixed G01,True,False
Q2-015,544,5722.152011637819,5722.275627185519,"trajectory(x(t),y(t),z(t))",certified relay position at same global t,fixed G01,True,False
Q2-015,545,5722.275627185519,5723.5859758473625,"trajectory(x(t),y(t),z(t))",certified relay position at same global t,fixed G01,True,False
Q2-015,546,5723.5859758473625,5724.896324509206,"trajectory(x(t),y(t),z(t))",certified relay position at same global t,fixed G01,True,False
Q2-015,547,5724.896324509206,5724.953188606663,"trajectory(x(t),y(t),z(t))",certified relay position at same global t,fixed G01,True,False
Q2-015,548,5724.953188606663,5725.01005270412,"trajectory(x(t),y(t),z(t))",certified relay position at same global t,fixed G01,True,False
Q2-015,549,5725.01005270412,5726.26353726844,"trajectory(x(t),y(t),z(t))",certified relay position at same global t,fixed G01,True,False
Q2-015,550,5726.26353726844,5727.517021832759,"trajectory(x(t),y(t),z(t))",certified relay position at same global t,fixed G01,True,False
Q2-015,551,5727.517021832759,5727.754365575441,"trajectory(x(t),y(t),z(t))",certified relay position at same global t,fixed G01,True,False
Q2-015,552,5727.754365575441,5727.991709318122,"trajectory(x(t),y(t),z(t))",certified relay position at same global t,fixed G01,True,False
Q2-015,553,5727.991709318122,5729.064714237284,"trajectory(x(t),y(t),z(t))",certified relay position at same global t,fixed G01,True,False
Q2-015,554,5729.064714237284,5730.137719156445,"trajectory(x(t),y(t),z(t))",certified relay position at same global t,fixed G01,True,False
Q2-015,555,5730.137719156445,5730.555542544323,"trajectory(x(t),y(t),z(t))",certified relay position at same global t,fixed G01,True,False
Q2-015,556,5730.555542544323,5730.9733659322,"trajectory(x(t),y(t),z(t))",certified relay position at same global t,fixed G01,True,False
Q2-015,557,5730.9733659322,5731.865891206166,"trajectory(x(t),y(t),z(t))",certified relay position at same global t,fixed G01,True,False
Q2-015,558,5731.865891206166,5732.758416480133,"trajectory(x(t),y(t),z(t))",certified relay position at same global t,fixed G01,True,False
Q2-015,559,5732.758416480133,5733.356719513167,"trajectory(x(t),y(t),z(t))",certified relay position at same global t,fixed G01,True,False
Q2-015,560,5733.356719513167,5733.955022546202,"trajectory(x(t),y(t),z(t))",certified relay position at same global t,fixed G01,True,False
Q2-015,561,5733.955022546202,5734.667068174944,"trajectory(x(t),y(t),z(t))",certified relay position at same global t,fixed G01,True,False
Q2-015,562,5734.667068174944,5735.379113803686,"trajectory(x(t),y(t),z(t))",certified relay position at same global t,fixed G01,True,False
Q2-015,563,5735.379113803686,5736.157896481964,"trajectory(x(t),y(t),z(t))",certified relay position at same global t,fixed G01,True,False
Q2-015,564,5736.157896481964,5736.9366791602415,"trajectory(x(t),y(t),z(t))",certified relay position at same global t,fixed G01,True,False
Q2-015,565,5736.9366791602415,5737.468245143807,"trajectory(x(t),y(t),z(t))",certified relay position at same global t,fixed G01,True,False
Q2-015,566,5737.468245143807,5737.999811127372,"trajectory(x(t),y(t),z(t))",certified relay position at same global t,fixed G01,True,False
Q2-015,567,5737.999811127372,5738.9590734508265,"trajectory(x(t),y(t),z(t))",certified relay position at same global t,fixed G01,True,False
Q2-015,568,5738.9590734508265,5739.918335774281,"trajectory(x(t),y(t),z(t))",certified relay position at same global t,fixed G01,True,False
Q2-015,569,5739.918335774281,5740.26942211267,"trajectory(x(t),y(t),z(t))",certified relay position at same global t,fixed G01,True,False
Q2-015,570,5740.26942211267,5740.620508451059,"trajectory(x(t),y(t),z(t))",certified relay position at same global t,fixed G01,True,False
Q2-015,571,5740.620508451059,5741.760250419671,"trajectory(x(t),y(t),z(t))",certified relay position at same global t,fixed G01,True,False
Q2-015,572,5741.760250419671,5742.899992388283,"trajectory(x(t),y(t),z(t))",certified relay position at same global t,fixed G01,True,False
Q2-015,573,5742.899992388283,5743.070599081448,"trajectory(x(t),y(t),z(t))",certified relay position at same global t,fixed G01,True,False
Q2-015,574,5743.070599081448,5743.241205774612,"trajectory(x(t),y(t),z(t))",certified relay position at same global t,fixed G01,True,False
Q2-015,575,5743.241205774612,5744.551554436456,"trajectory(x(t),y(t),z(t))",certified relay position at same global t,fixed G01,True,False
Q2-015,576,5744.551554436456,5745.8619030983,"trajectory(x(t),y(t),z(t))",certified relay position at same global t,fixed G01,True,False
Q2-015,577,5745.8619030983,5745.871776050331,"trajectory(x(t),y(t),z(t))",certified relay position at same global t,fixed G01,True,False
Q2-015,578,5745.871776050331,5745.881649002363,"trajectory(x(t),y(t),z(t))",certified relay position at same global t,fixed G01,True,False
Q2-015,579,5745.881649002363,5747.182124712175,"trajectory(x(t),y(t),z(t))",certified relay position at same global t,fixed G01,True,False
Q2-015,580,5747.182124712175,5748.482600421988,"trajectory(x(t),y(t),z(t))",certified relay position at same global t,fixed G01,True,False
Q2-015,581,5748.482600421988,5748.672953019176,"trajectory(x(t),y(t),z(t))",certified relay position at same global t,fixed G01,True,False
Q2-015,582,5748.672953019176,5748.863305616364,"trajectory(x(t),y(t),z(t))",certified relay position at same global t,fixed G01,True,False
Q2-015,583,5748.863305616364,5749.9833016809525,"trajectory(x(t),y(t),z(t))",certified relay position at same global t,fixed G01,True,False
Q2-015,584,5749.9833016809525,5751.103297745541,"trajectory(x(t),y(t),z(t))",certified relay position at same global t,fixed G01,True,False
Q2-015,585,5751.103297745541,5751.474129987953,"trajectory(x(t),y(t),z(t))",certified relay position at same global t,fixed G01,True,False
Q2-015,586,5751.474129987953,5751.844962230366,"trajectory(x(t),y(t),z(t))",certified relay position at same global t,fixed G01,True,False
Q2-015,587,5751.844962230366,5752.784478649796,"trajectory(x(t),y(t),z(t))",certified relay position at same global t,fixed G01,True,False
Q2-015,588,5752.784478649796,5753.7239950692265,"trajectory(x(t),y(t),z(t))",certified relay position at same global t,fixed G01,True,False
Q2-015,589,5753.7239950692265,5754.275306956835,"trajectory(x(t),y(t),z(t))",certified relay position at same global t,fixed G01,True,False
Q2-015,590,5754.275306956835,5754.826618844444,"trajectory(x(t),y(t),z(t))",certified relay position at same global t,fixed G01,True,False
Q2-015,591,5754.826618844444,5755.585655618679,"trajectory(x(t),y(t),z(t))",certified relay position at same global t,fixed G01,True,False
Q2-015,592,5755.585655618679,5756.344692392914,"trajectory(x(t),y(t),z(t))",certified relay position at same global t,fixed G01,True,False
Q2-015,593,5756.344692392914,5757.07648392568,"trajectory(x(t),y(t),z(t))",certified relay position at same global t,fixed G01,True,False
Q2-015,594,5757.07648392568,5757.808275458446,"trajectory(x(t),y(t),z(t))",certified relay position at same global t,fixed G01,True,False
Q2-015,595,5757.808275458446,5758.386832587456,"trajectory(x(t),y(t),z(t))",certified relay position at same global t,fixed G01,True,False
Q2-015,596,5758.386832587456,5758.965389716467,"trajectory(x(t),y(t),z(t))",certified relay position at same global t,fixed G01,True,False
Q2-015,597,5758.965389716467,5759.877660894476,"trajectory(x(t),y(t),z(t))",certified relay position at same global t,fixed G01,True,False
Q2-015,598,5759.877660894476,5760.7899320724855,"trajectory(x(t),y(t),z(t))",certified relay position at same global t,fixed G01,True,False
Q2-015,599,5760.7899320724855,5761.1880095563865,"trajectory(x(t),y(t),z(t))",certified relay position at same global t,fixed G01,True,False
Q2-015,600,5761.1880095563865,5761.586087040288,"trajectory(x(t),y(t),z(t))",certified relay position at same global t,fixed G01,True,False
Q2-015,601,5761.586087040288,5762.678837863406,"trajectory(x(t),y(t),z(t))",certified relay position at same global t,fixed G01,True,False
Q2-015,602,5762.678837863406,5763.771588686525,"trajectory(x(t),y(t),z(t))",certified relay position at same global t,fixed G01,True,False
Q2-015,603,5763.771588686525,5763.989186525183,"trajectory(x(t),y(t),z(t))",certified relay position at same global t,fixed G01,True,False
Q2-015,604,5763.989186525183,5764.206784363841,"trajectory(x(t),y(t),z(t))",certified relay position at same global t,fixed G01,True,False
Q2-015,605,5764.206784363841,5765.480014832184,"trajectory(x(t),y(t),z(t))",certified relay position at same global t,fixed G01,True,False
Q2-015,606,5765.480014832184,5766.753245300527,"trajectory(x(t),y(t),z(t))",certified relay position at same global t,fixed G01,True,False
Q2-015,607,5766.753245300527,5766.79036349396,"trajectory(x(t),y(t),z(t))",certified relay position at same global t,fixed G01,True,False
Q2-015,608,5766.79036349396,5766.827481687394,"trajectory(x(t),y(t),z(t))",certified relay position at same global t,fixed G01,True,False
Q2-015,609,5766.827481687394,5768.137830349304,"trajectory(x(t),y(t),z(t))",certified relay position at same global t,fixed G01,True,False
Q2-015,610,5768.137830349304,5769.448179011214,"trajectory(x(t),y(t),z(t))",certified relay position at same global t,fixed G01,True,False
Q2-015,611,5769.448179011214,5769.5915404629095,"trajectory(x(t),y(t),z(t))",certified relay position at same global t,fixed G01,True,False
Q2-015,612,5769.5915404629095,5769.734901914605,"trajectory(x(t),y(t),z(t))",certified relay position at same global t,fixed G01,True,False
Q2-015,613,5769.734901914605,5770.901889124686,"trajectory(x(t),y(t),z(t))",certified relay position at same global t,fixed G01,True,False
Q2-015,614,5770.901889124686,5772.068876334767,"trajectory(x(t),y(t),z(t))",certified relay position at same global t,fixed G01,True,False
Q2-015,615,5772.068876334767,5772.392717431687,"trajectory(x(t),y(t),z(t))",certified relay position at same global t,fixed G01,True,False
Q2-015,616,5772.392717431687,5772.716558528607,"trajectory(x(t),y(t),z(t))",certified relay position at same global t,fixed G01,True,False
Q2-015,617,5772.716558528607,5773.703066093463,"trajectory(x(t),y(t),z(t))",certified relay position at same global t,fixed G01,True,False
Q2-015,618,5773.703066093463,5774.68957365832,"trajectory(x(t),y(t),z(t))",certified relay position at same global t,fixed G01,True,False
Q2-015,619,5774.68957365832,5775.193894400464,"trajectory(x(t),y(t),z(t))",certified relay position at same global t,fixed G01,True,False
Q2-015,620,5775.193894400464,5775.698215142608,"trajectory(x(t),y(t),z(t))",certified relay position at same global t,fixed G01,True,False
Q2-015,621,5775.698215142608,5776.504243062374,"trajectory(x(t),y(t),z(t))",certified relay position at same global t,fixed G01,True,False
Q2-015,622,5776.504243062374,5777.3102709821405,"trajectory(x(t),y(t),z(t))",certified relay position at same global t,fixed G01,True,False
Q2-015,623,5777.3102709821405,5777.995071369413,"trajectory(x(t),y(t),z(t))",certified relay position at same global t,fixed G01,True,False
Q2-015,624,5777.995071369413,5778.679871756686,"trajectory(x(t),y(t),z(t))",certified relay position at same global t,fixed G01,True,False
Q2-015,625,5778.679871756686,5779.30542003119,"trajectory(x(t),y(t),z(t))",certified relay position at same global t,fixed G01,True,False
Q2-015,626,5779.30542003119,5779.930968305694,"trajectory(x(t),y(t),z(t))",certified relay position at same global t,fixed G01,True,False
Q2-015,627,5779.930968305694,5780.796248338191,"trajectory(x(t),y(t),z(t))",certified relay position at same global t,fixed G01,True,False
Q2-015,628,5780.796248338191,5781.661528370688,"trajectory(x(t),y(t),z(t))",certified relay position at same global t,fixed G01,True,False
Q2-015,629,5781.661528370688,5782.106596999967,"trajectory(x(t),y(t),z(t))",certified relay position at same global t,fixed G01,True,False
Q2-015,630,5782.106596999967,5782.551665629247,"trajectory(x(t),y(t),z(t))",certified relay position at same global t,fixed G01,True,False
Q2-015,631,5782.551665629247,5783.597425306968,"trajectory(x(t),y(t),z(t))",certified relay position at same global t,fixed G01,True,False
Q2-015,632,5783.597425306968,5784.6431849846895,"trajectory(x(t),y(t),z(t))",certified relay position at same global t,fixed G01,True,False
Q2-015,633,5784.6431849846895,5784.907773968878,"trajectory(x(t),y(t),z(t))",certified relay position at same global t,fixed G01,True,False
Q2-015,634,5784.907773968878,5785.172362953067,"trajectory(x(t),y(t),z(t))",certified relay position at same global t,fixed G01,True,False
Q2-015,635,5785.172362953067,5786.398602275917,"trajectory(x(t),y(t),z(t))",certified relay position at same global t,fixed G01,True,False
Q2-015,636,5786.398602275917,5787.6248415987675,"trajectory(x(t),y(t),z(t))",certified relay position at same global t,fixed G01,True,False
Q2-015,637,5787.6248415987675,5787.708950937694,"trajectory(x(t),y(t),z(t))",certified relay position at same global t,fixed G01,True,False
Q2-015,638,5787.708950937694,5787.79306027662,"trajectory(x(t),y(t),z(t))",certified relay position at same global t,fixed G01,True,False
Q2-015,639,5787.79306027662,5789.103408938397,"trajectory(x(t),y(t),z(t))",certified relay position at same global t,fixed G01,True,False
Q2-015,640,5789.103408938397,5790.413757600173,"trajectory(x(t),y(t),z(t))",certified relay position at same global t,fixed G01,True,False
Q2-015,641,5790.413757600173,5790.510127906471,"trajectory(x(t),y(t),z(t))",certified relay position at same global t,fixed G01,True,False
Q2-015,642,5790.510127906471,5790.606498212769,"trajectory(x(t),y(t),z(t))",certified relay position at same global t,fixed G01,True,False
Q2-015,643,5790.606498212769,5791.820476568381,"trajectory(x(t),y(t),z(t))",certified relay position at same global t,fixed G01,True,False
Q2-015,644,5791.820476568381,5793.0344549239935,"trajectory(x(t),y(t),z(t))",certified relay position at same global t,fixed G01,True,False
Q2-015,645,5793.0344549239935,5793.311304875401,"trajectory(x(t),y(t),z(t))",certified relay position at same global t,fixed G01,True,False
Q2-015,646,5793.311304875401,5793.588154826809,"trajectory(x(t),y(t),z(t))",certified relay position at same global t,fixed G01,True,False
Q2-015,647,5793.588154826809,5794.621653537178,"trajectory(x(t),y(t),z(t))",certified relay position at same global t,fixed G01,True,False
Q2-015,648,5794.621653537178,5795.6551522475465,"trajectory(x(t),y(t),z(t))",certified relay position at same global t,fixed G01,True,False
Q2-015,649,5795.6551522475465,5796.112481844198,"trajectory(x(t),y(t),z(t))",certified relay position at same global t,fixed G01,True,False
Q2-015,650,5796.112481844198,5796.569811440849,"trajectory(x(t),y(t),z(t))",certified relay position at same global t,fixed G01,True,False
Q2-015,651,5796.569811440849,5797.422830505974,"trajectory(x(t),y(t),z(t))",certified relay position at same global t,fixed G01,True,False
Q2-015,652,5797.422830505974,5798.2758495711,"trajectory(x(t),y(t),z(t))",certified relay position at same global t,fixed G01,True,False
Q2-015,653,5798.2758495711,5798.913658812975,"trajectory(x(t),y(t),z(t))",certified relay position at same global t,fixed G01,True,False
Q2-015,654,5798.913658812975,5799.55146805485,"trajectory(x(t),y(t),z(t))",certified relay position at same global t,fixed G01,True,False
Q2-015,655,5799.55146805485,5800.224007474886,"trajectory(x(t),y(t),z(t))",certified relay position at same global t,fixed G01,True,False
Q2-015,656,5800.224007474886,5800.896546894922,"trajectory(x(t),y(t),z(t))",certified relay position at same global t,fixed G01,True,False
Q2-015,657,5800.896546894922,5801.714835781925,"trajectory(x(t),y(t),z(t))",certified relay position at same global t,fixed G01,True,False
Q2-015,658,5801.714835781925,5802.533124668928,"trajectory(x(t),y(t),z(t))",certified relay position at same global t,fixed G01,True,False
Q2-015,659,5802.533124668928,5803.025184443701,"trajectory(x(t),y(t),z(t))",certified relay position at same global t,fixed G01,True,False
Q2-015,660,5803.025184443701,5803.517244218473,"trajectory(x(t),y(t),z(t))",certified relay position at same global t,fixed G01,True,False
Q2-015,661,5803.517244218473,5804.5160127507015,"trajectory(x(t),y(t),z(t))",certified relay position at same global t,fixed G01,True,False
Q2-015,662,5804.5160127507015,5805.51478128293,"trajectory(x(t),y(t),z(t))",certified relay position at same global t,fixed G01,True,False
Q2-015,663,5805.51478128293,5805.826361412478,"trajectory(x(t),y(t),z(t))",certified relay position at same global t,fixed G01,True,False
Q2-015,664,5805.826361412478,5806.137941542026,"trajectory(x(t),y(t),z(t))",certified relay position at same global t,fixed G01,True,False
Q2-015,665,5806.137941542026,5807.317189719479,"trajectory(x(t),y(t),z(t))",certified relay position at same global t,fixed G01,True,False
Q2-015,666,5807.317189719479,5808.496437896932,"trajectory(x(t),y(t),z(t))",certified relay position at same global t,fixed G01,True,False
Q2-015,667,5808.496437896932,5808.62753838139,"trajectory(x(t),y(t),z(t))",certified relay position at same global t,fixed G01,True,False
Q2-015,668,5808.62753838139,5808.758638865848,"trajectory(x(t),y(t),z(t))",certified relay position at same global t,fixed G01,True,False
Q2-015,669,5808.758638865848,5810.068987527625,"trajectory(x(t),y(t),z(t))",certified relay position at same global t,fixed G01,True,False
Q2-015,670,5810.068987527625,5811.379336189401,"trajectory(x(t),y(t),z(t))",certified relay position at same global t,fixed G01,True,False
Q2-015,671,5811.379336189401,5811.4287153502055,"trajectory(x(t),y(t),z(t))",certified relay position at same global t,fixed G01,True,False
Q2-015,672,5811.4287153502055,5811.47809451101,"trajectory(x(t),y(t),z(t))",certified relay position at same global t,fixed G01,True,False
Q2-015,673,5811.47809451101,5812.739064012048,"trajectory(x(t),y(t),z(t))",certified relay position at same global t,fixed G01,True,False
Q2-015,674,5812.739064012048,5814.000033513087,"trajectory(x(t),y(t),z(t))",certified relay position at same global t,fixed G01,True,False
Q2-015,675,5814.000033513087,5814.229892319049,"trajectory(x(t),y(t),z(t))",certified relay position at same global t,fixed G01,True,False
Q2-015,676,5814.229892319049,5814.459751125011,"trajectory(x(t),y(t),z(t))",certified relay position at same global t,fixed G01,True,False
Q2-015,677,5814.459751125011,5815.540240980893,"trajectory(x(t),y(t),z(t))",certified relay position at same global t,fixed G01,True,False
Q2-015,678,5815.540240980893,5816.620730836775,"trajectory(x(t),y(t),z(t))",certified relay position at same global t,fixed G01,True,False
Q2-015,679,5816.620730836775,5817.031069287913,"trajectory(x(t),y(t),z(t))",certified relay position at same global t,fixed G01,True,False
Q2-015,680,5817.031069287913,5817.441407739051,"trajectory(x(t),y(t),z(t))",certified relay position at same global t,fixed G01,True,False
Q2-015,681,5817.441407739051,5818.3414179496895,"trajectory(x(t),y(t),z(t))",certified relay position at same global t,fixed G01,True,False
Q2-015,682,5818.3414179496895,5819.241428160328,"trajectory(x(t),y(t),z(t))",certified relay position at same global t,fixed G01,True,False
Q2-015,683,5819.241428160328,5819.832246256709,"trajectory(x(t),y(t),z(t))",certified relay position at same global t,fixed G01,True,False
Q2-015,684,5819.832246256709,5820.423064353091,"trajectory(x(t),y(t),z(t))",certified relay position at same global t,fixed G01,True,False
Q2-015,685,5820.423064353091,5821.142594918552,"trajectory(x(t),y(t),z(t))",certified relay position at same global t,fixed G01,True,False
Q2-015,686,5821.142594918552,5821.862125484014,"trajectory(x(t),y(t),z(t))",certified relay position at same global t,fixed G01,True,False
Q2-015,687,5821.862125484014,5822.633423225553,"trajectory(x(t),y(t),z(t))",certified relay position at same global t,fixed G01,True,False
Q2-015,688,5822.633423225553,5823.4047209670925,"trajectory(x(t),y(t),z(t))",certified relay position at same global t,fixed G01,True,False
Q2-015,689,5823.4047209670925,5823.943771887397,"trajectory(x(t),y(t),z(t))",certified relay position at same global t,fixed G01,True,False
Q2-015,690,5823.943771887397,5824.482822807701,"trajectory(x(t),y(t),z(t))",certified relay position at same global t,fixed G01,True,False
Q2-015,691,5824.482822807701,5825.434600194436,"trajectory(x(t),y(t),z(t))",certified relay position at same global t,fixed G01,True,False
Q2-015,692,5825.434600194436,5826.386377581171,"trajectory(x(t),y(t),z(t))",certified relay position at same global t,fixed G01,True,False
Q2-015,693,5826.386377581171,5826.744948856212,"trajectory(x(t),y(t),z(t))",certified relay position at same global t,fixed G01,True,False
Q2-015,694,5826.744948856212,5827.103520131254,"trajectory(x(t),y(t),z(t))",certified relay position at same global t,fixed G01,True,False
Q2-015,695,5827.103520131254,5828.235777163213,"trajectory(x(t),y(t),z(t))",certified relay position at same global t,fixed G01,True,False
Q2-015,696,5828.235777163213,5829.368034195172,"trajectory(x(t),y(t),z(t))",certified relay position at same global t,fixed G01,True,False
Q2-015,697,5829.368034195172,5829.546125825056,"trajectory(x(t),y(t),z(t))",certified relay position at same global t,fixed G01,True,False
Q2-015,698,5829.546125825056,5829.72421745494,"trajectory(x(t),y(t),z(t))",certified relay position at same global t,fixed G01,True,False
Q2-015,699,5829.72421745494,5831.034566116784,"trajectory(x(t),y(t),z(t))",certified relay position at same global t,fixed G01,True,False
Q2-015,700,5831.034566116784,5832.344914778628,"trajectory(x(t),y(t),z(t))",certified relay position at same global t,fixed G01,True,False
Q2-015,701,5832.344914778628,5832.347302793901,"trajectory(x(t),y(t),z(t))",certified relay position at same global t,fixed G01,True,False
Q2-015,702,5832.347302793901,5832.349690809174,"trajectory(x(t),y(t),z(t))",certified relay position at same global t,fixed G01,True,False
Q2-015,703,5832.349690809174,5833.657651455677,"trajectory(x(t),y(t),z(t))",certified relay position at same global t,fixed G01,True,False
Q2-015,704,5833.657651455677,5834.965612102181,"trajectory(x(t),y(t),z(t))",certified relay position at same global t,fixed G01,True,False
Q2-015,705,5834.965612102181,5835.148479762716,"trajectory(x(t),y(t),z(t))",certified relay position at same global t,fixed G01,True,False
Q2-015,706,5835.148479762716,5835.331347423252,"trajectory(x(t),y(t),z(t))",certified relay position at same global t,fixed G01,True,False
Q2-015,707,5835.331347423252,5836.181715889556,"trajectory(x(t),y(t),z(t))",certified relay position at same global t,fixed G01,True,False
Q2-015,708,5836.181715889556,5837.032084355859,"trajectory(x(t),y(t),z(t))",certified relay position at same global t,fixed G01,True,False
Q2-015,709,5837.032084355859,5890.432482305078,"trajectory(x(t),y(t),z(t))",certified relay position at same global t,fixed G01,True,False
Q2-015,710,5890.432482305078,6130.432482305078,"trajectory(x(t),y(t),z(t))",certified relay position at same global t,fixed G01,True,False
Q2-015,711,6130.432482305078,6174.9328139294275,"trajectory(x(t),y(t),z(t))",certified relay position at same global t,fixed G01,True,False
Q2-015,712,6174.9328139294275,6175.783182395731,"trajectory(x(t),y(t),z(t))",certified relay position at same global t,fixed G01,True,False
Q2-015,713,6175.783182395731,6176.633550862035,"trajectory(x(t),y(t),z(t))",certified relay position at same global t,fixed G01,True,False
Q2-015,714,6176.633550862035,6176.8164185225705,"trajectory(x(t),y(t),z(t))",certified relay position at same global t,fixed G01,True,False
Q2-015,715,6176.8164185225705,6176.999286183106,"trajectory(x(t),y(t),z(t))",certified relay position at same global t,fixed G01,True,False
Q2-015,716,6176.999286183106,6178.3072468296095,"trajectory(x(t),y(t),z(t))",certified relay position at same global t,fixed G01,True,False
Q2-015,717,6178.3072468296095,6179.615207476113,"trajectory(x(t),y(t),z(t))",certified relay position at same global t,fixed G01,True,False
Q2-015,718,6179.615207476113,6179.617595491386,"trajectory(x(t),y(t),z(t))",certified relay position at same global t,fixed G01,True,False
Q2-015,719,6179.617595491386,6179.619983506659,"trajectory(x(t),y(t),z(t))",certified relay position at same global t,fixed G01,True,False
Q2-015,720,6179.619983506659,6180.930332168503,"trajectory(x(t),y(t),z(t))",certified relay position at same global t,fixed G01,True,False
Q2-015,721,6180.930332168503,6182.240680830347,"trajectory(x(t),y(t),z(t))",certified relay position at same global t,fixed G01,True,False
Q2-015,722,6182.240680830347,6182.418772460231,"trajectory(x(t),y(t),z(t))",certified relay position at same global t,fixed G01,True,False
Q2-015,723,6182.418772460231,6182.596864090115,"trajectory(x(t),y(t),z(t))",certified relay position at same global t,fixed G01,True,False
Q2-015,724,6182.596864090115,6183.729121122074,"trajectory(x(t),y(t),z(t))",certified relay position at same global t,fixed G01,True,False
Q2-015,725,6183.729121122074,6184.8613781540325,"trajectory(x(t),y(t),z(t))",certified relay position at same global t,fixed G01,True,False
Q2-015,726,6184.8613781540325,6185.219949429074,"trajectory(x(t),y(t),z(t))",certified relay position at same global t,fixed G01,True,False
Q2-015,727,6185.219949429074,6185.578520704116,"trajectory(x(t),y(t),z(t))",certified relay position at same global t,fixed G01,True,False
Q2-015,728,6185.578520704116,6186.530298090851,"trajectory(x(t),y(t),z(t))",certified relay position at same global t,fixed G01,True,False
Q2-015,729,6186.530298090851,6187.482075477586,"trajectory(x(t),y(t),z(t))",certified relay position at same global t,fixed G01,True,False
Q2-015,730,6187.482075477586,6188.02112639789,"trajectory(x(t),y(t),z(t))",certified relay position at same global t,fixed G01,True,False
Q2-015,731,6188.02112639789,6188.560177318194,"trajectory(x(t),y(t),z(t))",certified relay position at same global t,fixed G01,True,False
Q2-015,732,6188.560177318194,6189.331475059734,"trajectory(x(t),y(t),z(t))",certified relay position at same global t,fixed G01,True,False
Q2-015,733,6189.331475059734,6190.102772801273,"trajectory(x(t),y(t),z(t))",certified relay position at same global t,fixed G01,True,False
Q2-015,734,6190.102772801273,6190.822303366735,"trajectory(x(t),y(t),z(t))",certified relay position at same global t,fixed G01,True,False
Q2-015,735,6190.822303366735,6191.541833932196,"trajectory(x(t),y(t),z(t))",certified relay position at same global t,fixed G01,True,False
Q2-015,736,6191.541833932196,6192.1326520285775,"trajectory(x(t),y(t),z(t))",certified relay position at same global t,fixed G01,True,False
Q2-015,737,6192.1326520285775,6192.723470124959,"trajectory(x(t),y(t),z(t))",certified relay position at same global t,fixed G01,True,False
Q2-015,738,6192.723470124959,6193.623480335597,"trajectory(x(t),y(t),z(t))",certified relay position at same global t,fixed G01,True,False
Q2-015,739,6193.623480335597,6194.523490546236,"trajectory(x(t),y(t),z(t))",certified relay position at same global t,fixed G01,True,False
Q2-015,740,6194.523490546236,6194.933828997374,"trajectory(x(t),y(t),z(t))",certified relay position at same global t,fixed G01,True,False
Q2-015,741,6194.933828997374,6195.344167448512,"trajectory(x(t),y(t),z(t))",certified relay position at same global t,fixed G01,True,False
Q2-015,742,6195.344167448512,6196.424657304394,"trajectory(x(t),y(t),z(t))",certified relay position at same global t,fixed G01,True,False
Q2-015,743,6196.424657304394,6197.505147160276,"trajectory(x(t),y(t),z(t))",certified relay position at same global t,fixed G01,True,False
Q2-015,744,6197.505147160276,6197.735005966238,"trajectory(x(t),y(t),z(t))",certified relay position at same global t,fixed G01,True,False
Q2-015,745,6197.735005966238,6197.9648647722,"trajectory(x(t),y(t),z(t))",certified relay position at same global t,fixed G01,True,False
Q2-015,746,6197.9648647722,6199.225834273238,"trajectory(x(t),y(t),z(t))",certified relay position at same global t,fixed G01,True,False
Q2-015,747,6199.225834273238,6200.486803774277,"trajectory(x(t),y(t),z(t))",certified relay position at same global t,fixed G01,True,False
Q2-015,748,6200.486803774277,6200.536182935081,"trajectory(x(t),y(t),z(t))",certified relay position at same global t,fixed G01,True,False
Q2-015,749,6200.536182935081,6200.5855620958855,"trajectory(x(t),y(t),z(t))",certified relay position at same global t,fixed G01,True,False
Q2-015,750,6200.5855620958855,6201.895910757662,"trajectory(x(t),y(t),z(t))",certified relay position at same global t,fixed G01,True,False
Q2-015,751,6201.895910757662,6203.2062594194385,"trajectory(x(t),y(t),z(t))",certified relay position at same global t,fixed G01,True,False
Q2-015,752,6203.2062594194385,6203.337359903897,"trajectory(x(t),y(t),z(t))",certified relay position at same global t,fixed G01,True,False
Q2-015,753,6203.337359903897,6203.468460388355,"trajectory(x(t),y(t),z(t))",certified relay position at same global t,fixed G01,True,False
Q2-015,754,6203.468460388355,6204.647708565808,"trajectory(x(t),y(t),z(t))",certified relay position at same global t,fixed G01,True,False
Q2-015,755,6204.647708565808,6205.826956743261,"trajectory(x(t),y(t),z(t))",certified relay position at same global t,fixed G01,True,False
Q2-015,756,6205.826956743261,6206.138536872809,"trajectory(x(t),y(t),z(t))",certified relay position at same global t,fixed G01,True,False
Q2-015,757,6206.138536872809,6206.450117002357,"trajectory(x(t),y(t),z(t))",certified relay position at same global t,fixed G01,True,False
Q2-015,758,6206.450117002357,6207.448885534585,"trajectory(x(t),y(t),z(t))",certified relay position at same global t,fixed G01,True,False
Q2-015,759,6207.448885534585,6208.447654066814,"trajectory(x(t),y(t),z(t))",certified relay position at same global t,fixed G01,True,False
Q2-015,760,6208.447654066814,6208.939713841586,"trajectory(x(t),y(t),z(t))",certified relay position at same global t,fixed G01,True,False
Q2-015,761,6208.939713841586,6209.431773616358,"trajectory(x(t),y(t),z(t))",certified relay position at same global t,fixed G01,True,False
Q2-015,762,6209.431773616358,6210.250062503362,"trajectory(x(t),y(t),z(t))",certified relay position at same global t,fixed G01,True,False
Q2-015,763,6210.250062503362,6211.068351390365,"trajectory(x(t),y(t),z(t))",certified relay position at same global t,fixed G01,True,False
Q2-015,764,6211.068351390365,6211.740890810401,"trajectory(x(t),y(t),z(t))",certified relay position at same global t,fixed G01,True,False
Q2-015,765,6211.740890810401,6212.4134302304365,"trajectory(x(t),y(t),z(t))",certified relay position at same global t,fixed G01,True,False
Q2-015,766,6212.4134302304365,6213.051239472312,"trajectory(x(t),y(t),z(t))",certified relay position at same global t,fixed G01,True,False
Q2-015,767,6213.051239472312,6213.689048714187,"trajectory(x(t),y(t),z(t))",certified relay position at same global t,fixed G01,True,False
Q2-015,768,6213.689048714187,6214.542067779313,"trajectory(x(t),y(t),z(t))",certified relay position at same global t,fixed G01,True,False
Q2-015,769,6214.542067779313,6215.395086844438,"trajectory(x(t),y(t),z(t))",certified relay position at same global t,fixed G01,True,False
Q2-015,770,6215.395086844438,6215.852416441089,"trajectory(x(t),y(t),z(t))",certified relay position at same global t,fixed G01,True,False
Q2-015,771,6215.852416441089,6216.30974603774,"trajectory(x(t),y(t),z(t))",certified relay position at same global t,fixed G01,True,False
Q2-015,772,6216.30974603774,6217.343244748109,"trajectory(x(t),y(t),z(t))",certified relay position at same global t,fixed G01,True,False
Q2-015,773,6217.343244748109,6218.376743458478,"trajectory(x(t),y(t),z(t))",certified relay position at same global t,fixed G01,True,False
Q2-015,774,6218.376743458478,6218.653593409886,"trajectory(x(t),y(t),z(t))",certified relay position at same global t,fixed G01,True,False
Q2-015,775,6218.653593409886,6218.930443361293,"trajectory(x(t),y(t),z(t))",certified relay position at same global t,fixed G01,True,False
Q2-015,776,6218.930443361293,6220.1444217169055,"trajectory(x(t),y(t),z(t))",certified relay position at same global t,fixed G01,True,False
Q2-015,777,6220.1444217169055,6221.358400072518,"trajectory(x(t),y(t),z(t))",certified relay position at same global t,fixed G01,True,False
Q2-015,778,6221.358400072518,6221.454770378816,"trajectory(x(t),y(t),z(t))",certified relay position at same global t,fixed G01,True,False
Q2-015,779,6221.454770378816,6221.551140685114,"trajectory(x(t),y(t),z(t))",certified relay position at same global t,fixed G01,True,False
Q2-015,780,6221.551140685114,6222.86148934689,"trajectory(x(t),y(t),z(t))",certified relay position at same global t,fixed G01,True,False
Q2-015,781,6222.86148934689,6224.171838008667,"trajectory(x(t),y(t),z(t))",certified relay position at same global t,fixed G01,True,False
Q2-015,782,6224.171838008667,6224.255947347593,"trajectory(x(t),y(t),z(t))",certified relay position at same global t,fixed G01,True,False
Q2-015,783,6224.255947347593,6224.340056686519,"trajectory(x(t),y(t),z(t))",certified relay position at same global t,fixed G01,True,False
Q2-015,784,6224.340056686519,6225.56629600937,"trajectory(x(t),y(t),z(t))",certified relay position at same global t,fixed G01,True,False
Q2-015,785,6225.56629600937,6226.79253533222,"trajectory(x(t),y(t),z(t))",certified relay position at same global t,fixed G01,True,False
Q2-015,786,6226.79253533222,6227.057124316409,"trajectory(x(t),y(t),z(t))",certified relay position at same global t,fixed G01,True,False
Q2-015,787,6227.057124316409,6227.321713300597,"trajectory(x(t),y(t),z(t))",certified relay position at same global t,fixed G01,True,False
Q2-015,788,6227.321713300597,6228.367472978319,"trajectory(x(t),y(t),z(t))",certified relay position at same global t,fixed G01,True,False
Q2-015,789,6228.367472978319,6229.41323265604,"trajectory(x(t),y(t),z(t))",certified relay position at same global t,fixed G01,True,False
Q2-015,790,6229.41323265604,6229.85830128532,"trajectory(x(t),y(t),z(t))",certified relay position at same global t,fixed G01,True,False
Q2-015,791,6229.85830128532,6230.303369914599,"trajectory(x(t),y(t),z(t))",certified relay position at same global t,fixed G01,True,False
Q2-015,792,6230.303369914599,6231.168649947096,"trajectory(x(t),y(t),z(t))",certified relay position at same global t,fixed G01,True,False
Q2-015,793,6231.168649947096,6232.033929979593,"trajectory(x(t),y(t),z(t))",certified relay position at same global t,fixed G01,True,False
Q2-015,794,6232.033929979593,6232.659478254097,"trajectory(x(t),y(t),z(t))",certified relay position at same global t,fixed G01,True,False
Q2-015,795,6232.659478254097,6233.285026528601,"trajectory(x(t),y(t),z(t))",certified relay position at same global t,fixed G01,True,False
Q2-015,796,6233.285026528601,6233.969826915873,"trajectory(x(t),y(t),z(t))",certified relay position at same global t,fixed G01,True,False
Q2-015,797,6233.969826915873,6234.654627303146,"trajectory(x(t),y(t),z(t))",certified relay position at same global t,fixed G01,True,False
Q2-015,798,6234.654627303146,6235.4606552229125,"trajectory(x(t),y(t),z(t))",certified relay position at same global t,fixed G01,True,False
Q2-015,799,6235.4606552229125,6236.266683142679,"trajectory(x(t),y(t),z(t))",certified relay position at same global t,fixed G01,True,False
Q2-015,800,6236.266683142679,6236.771003884823,"trajectory(x(t),y(t),z(t))",certified relay position at same global t,fixed G01,True,False
Q2-015,801,6236.771003884823,6237.275324626967,"trajectory(x(t),y(t),z(t))",certified relay position at same global t,fixed G01,True,False
Q2-015,802,6237.275324626967,6238.2618321918235,"trajectory(x(t),y(t),z(t))",certified relay position at same global t,fixed G01,True,False
Q2-015,803,6238.2618321918235,6239.24833975668,"trajectory(x(t),y(t),z(t))",certified relay position at same global t,fixed G01,True,False
Q2-015,804,6239.24833975668,6239.5721808536,"trajectory(x(t),y(t),z(t))",certified relay position at same global t,fixed G01,True,False
Q2-015,805,6239.5721808536,6239.89602195052,"trajectory(x(t),y(t),z(t))",certified relay position at same global t,fixed G01,True,False
Q2-015,806,6239.89602195052,6241.063009160601,"trajectory(x(t),y(t),z(t))",certified relay position at same global t,fixed G01,True,False
Q2-015,807,6241.063009160601,6242.229996370682,"trajectory(x(t),y(t),z(t))",certified relay position at same global t,fixed G01,True,False
Q2-015,808,6242.229996370682,6242.373357822377,"trajectory(x(t),y(t),z(t))",certified relay position at same global t,fixed G01,True,False
Q2-015,809,6242.373357822377,6242.516719274073,"trajectory(x(t),y(t),z(t))",certified relay position at same global t,fixed G01,True,False
Q2-015,810,6242.516719274073,6243.827067935983,"trajectory(x(t),y(t),z(t))",certified relay position at same global t,fixed G01,True,False
Q2-015,811,6243.827067935983,6245.137416597893,"trajectory(x(t),y(t),z(t))",certified relay position at same global t,fixed G01,True,False
Q2-015,812,6245.137416597893,6245.174534791327,"trajectory(x(t),y(t),z(t))",certified relay position at same global t,fixed G01,True,False
Q2-015,813,6245.174534791327,6245.21165298476,"trajectory(x(t),y(t),z(t))",certified relay position at same global t,fixed G01,True,False
Q2-015,814,6245.21165298476,6246.484883453103,"trajectory(x(t),y(t),z(t))",certified relay position at same global t,fixed G01,True,False
Q2-015,815,6246.484883453103,6247.758113921446,"trajectory(x(t),y(t),z(t))",certified relay position at same global t,fixed G01,True,False
Q2-015,816,6247.758113921446,6247.975711760104,"trajectory(x(t),y(t),z(t))",certified relay position at same global t,fixed G01,True,False
Q2-015,817,6247.975711760104,6248.1933095987615,"trajectory(x(t),y(t),z(t))",certified relay position at same global t,fixed G01,True,False
Q2-015,818,6248.1933095987615,6249.28606042188,"trajectory(x(t),y(t),z(t))",certified relay position at same global t,fixed G01,True,False
Q2-015,819,6249.28606042188,6250.378811244999,"trajectory(x(t),y(t),z(t))",certified relay position at same global t,fixed G01,True,False
Q2-015,820,6250.378811244999,6250.7768887289,"trajectory(x(t),y(t),z(t))",certified relay position at same global t,fixed G01,True,False
Q2-015,821,6250.7768887289,6251.174966212801,"trajectory(x(t),y(t),z(t))",certified relay position at same global t,fixed G01,True,False
Q2-015,822,6251.174966212801,6252.0872373908105,"trajectory(x(t),y(t),z(t))",certified relay position at same global t,fixed G01,True,False
Q2-015,823,6252.0872373908105,6252.99950856882,"trajectory(x(t),y(t),z(t))",certified relay position at same global t,fixed G01,True,False
Q2-015,824,6252.99950856882,6253.57806569783,"trajectory(x(t),y(t),z(t))",certified relay position at same global t,fixed G01,True,False
Q2-015,825,6253.57806569783,6254.156622826841,"trajectory(x(t),y(t),z(t))",certified relay position at same global t,fixed G01,True,False
Q2-015,826,6254.156622826841,6254.888414359607,"trajectory(x(t),y(t),z(t))",certified relay position at same global t,fixed G01,True,False
Q2-015,827,6254.888414359607,6255.620205892373,"trajectory(x(t),y(t),z(t))",certified relay position at same global t,fixed G01,True,False
Q2-015,828,6255.620205892373,6256.379242666608,"trajectory(x(t),y(t),z(t))",certified relay position at same global t,fixed G01,True,False
Q2-015,829,6256.379242666608,6257.138279440843,"trajectory(x(t),y(t),z(t))",certified relay position at same global t,fixed G01,True,False
Q2-015,830,6257.138279440843,6257.689591328452,"trajectory(x(t),y(t),z(t))",certified relay position at same global t,fixed G01,True,False
Q2-015,831,6257.689591328452,6258.24090321606,"trajectory(x(t),y(t),z(t))",certified relay position at same global t,fixed G01,True,False
Q2-015,832,6258.24090321606,6259.180419635491,"trajectory(x(t),y(t),z(t))",certified relay position at same global t,fixed G01,True,False
Q2-015,833,6259.180419635491,6260.119936054921,"trajectory(x(t),y(t),z(t))",certified relay position at same global t,fixed G01,True,False
Q2-015,834,6260.119936054921,6260.4907682973335,"trajectory(x(t),y(t),z(t))",certified relay position at same global t,fixed G01,True,False
Q2-015,835,6260.4907682973335,6260.861600539746,"trajectory(x(t),y(t),z(t))",certified relay position at same global t,fixed G01,True,False
Q2-015,836,6260.861600539746,6261.981596604334,"trajectory(x(t),y(t),z(t))",certified relay position at same global t,fixed G01,True,False
Q2-015,837,6261.981596604334,6263.101592668922,"trajectory(x(t),y(t),z(t))",certified relay position at same global t,fixed G01,True,False
Q2-015,838,6263.101592668922,6263.291945266111,"trajectory(x(t),y(t),z(t))",certified relay position at same global t,fixed G01,True,False
Q2-015,839,6263.291945266111,6263.482297863299,"trajectory(x(t),y(t),z(t))",certified relay position at same global t,fixed G01,True,False
Q2-015,840,6263.482297863299,6264.782773573112,"trajectory(x(t),y(t),z(t))",certified relay position at same global t,fixed G01,True,False
Q2-015,841,6264.782773573112,6266.083249282924,"trajectory(x(t),y(t),z(t))",certified relay position at same global t,fixed G01,True,False
Q2-015,842,6266.083249282924,6266.093122234955,"trajectory(x(t),y(t),z(t))",certified relay position at same global t,fixed G01,True,False
Q2-015,843,6266.093122234955,6266.102995186987,"trajectory(x(t),y(t),z(t))",certified relay position at same global t,fixed G01,True,False
Q2-015,844,6266.102995186987,6267.413343848831,"trajectory(x(t),y(t),z(t))",certified relay position at same global t,fixed G01,True,False
Q2-015,845,6267.413343848831,6268.7236925106745,"trajectory(x(t),y(t),z(t))",certified relay position at same global t,fixed G01,True,False
Q2-015,846,6268.7236925106745,6268.894299203839,"trajectory(x(t),y(t),z(t))",certified relay position at same global t,fixed G01,True,False
Q2-015,847,6268.894299203839,6269.064905897004,"trajectory(x(t),y(t),z(t))",certified relay position at same global t,fixed G01,True,False
Q2-015,848,6269.064905897004,6270.204647865616,"trajectory(x(t),y(t),z(t))",certified relay position at same global t,fixed G01,True,False
Q2-015,849,6270.204647865616,6271.3443898342275,"trajectory(x(t),y(t),z(t))",certified relay position at same global t,fixed G01,True,False
Q2-015,850,6271.3443898342275,6271.6954761726165,"trajectory(x(t),y(t),z(t))",certified relay position at same global t,fixed G01,True,False
Q2-015,851,6271.6954761726165,6272.0465625110055,"trajectory(x(t),y(t),z(t))",certified relay position at same global t,fixed G01,True,False
Q2-015,852,6272.0465625110055,6273.00582483446,"trajectory(x(t),y(t),z(t))",certified relay position at same global t,fixed G01,True,False
Q2-015,853,6273.00582483446,6273.965087157915,"trajectory(x(t),y(t),z(t))",certified relay position at same global t,fixed G01,True,False
Q2-015,854,6273.965087157915,6274.49665314148,"trajectory(x(t),y(t),z(t))",certified relay position at same global t,fixed G01,True,False
Q2-015,855,6274.49665314148,6275.028219125045,"trajectory(x(t),y(t),z(t))",certified relay position at same global t,fixed G01,True,False
Q2-015,856,6275.028219125045,6275.807001803323,"trajectory(x(t),y(t),z(t))",certified relay position at same global t,fixed G01,True,False
Q2-015,857,6275.807001803323,6276.585784481601,"trajectory(x(t),y(t),z(t))",certified relay position at same global t,fixed G01,True,False
Q2-015,858,6276.585784481601,6277.297830110343,"trajectory(x(t),y(t),z(t))",certified relay position at same global t,fixed G01,True,False
Q2-015,859,6277.297830110343,6278.009875739085,"trajectory(x(t),y(t),z(t))",certified relay position at same global t,fixed G01,True,False
Q2-015,860,6278.009875739085,6278.60817877212,"trajectory(x(t),y(t),z(t))",certified relay position at same global t,fixed G01,True,False
Q2-015,861,6278.60817877212,6279.206481805154,"trajectory(x(t),y(t),z(t))",certified relay position at same global t,fixed G01,True,False
Q2-015,862,6279.206481805154,6280.09900707912,"trajectory(x(t),y(t),z(t))",certified relay position at same global t,fixed G01,True,False
Q2-015,863,6280.09900707912,6280.991532353087,"trajectory(x(t),y(t),z(t))",certified relay position at same global t,fixed G01,True,False
Q2-015,864,6280.991532353087,6281.409355740964,"trajectory(x(t),y(t),z(t))",certified relay position at same global t,fixed G01,True,False
Q2-015,865,6281.409355740964,6281.827179128842,"trajectory(x(t),y(t),z(t))",certified relay position at same global t,fixed G01,True,False
Q2-015,866,6281.827179128842,6282.900184048003,"trajectory(x(t),y(t),z(t))",certified relay position at same global t,fixed G01,True,False
Q2-015,867,6282.900184048003,6283.973188967165,"trajectory(x(t),y(t),z(t))",certified relay position at same global t,fixed G01,True,False
Q2-015,868,6283.973188967165,6284.210532709846,"trajectory(x(t),y(t),z(t))",certified relay position at same global t,fixed G01,True,False
Q2-015,869,6284.210532709846,6284.447876452527,"trajectory(x(t),y(t),z(t))",certified relay position at same global t,fixed G01,True,False
Q2-015,870,6284.447876452527,6285.701361016847,"trajectory(x(t),y(t),z(t))",certified relay position at same global t,fixed G01,True,False
Q2-015,871,6285.701361016847,6286.954845581166,"trajectory(x(t),y(t),z(t))",certified relay position at same global t,fixed G01,True,False
Q2-015,872,6286.954845581166,6287.011709678623,"trajectory(x(t),y(t),z(t))",certified relay position at same global t,fixed G01,True,False
Q2-015,873,6287.011709678623,6287.0685737760805,"trajectory(x(t),y(t),z(t))",certified relay position at same global t,fixed G01,True,False
Q2-015,874,6287.0685737760805,6288.378922437924,"trajectory(x(t),y(t),z(t))",certified relay position at same global t,fixed G01,True,False
Q2-015,875,6288.378922437924,6289.689271099768,"trajectory(x(t),y(t),z(t))",certified relay position at same global t,fixed G01,True,False
Q2-015,876,6289.689271099768,6289.812886647468,"trajectory(x(t),y(t),z(t))",certified relay position at same global t,fixed G01,True,False
Q2-015,877,6289.812886647468,6289.936502195168,"trajectory(x(t),y(t),z(t))",certified relay position at same global t,fixed G01,True,False
Q2-015,878,6289.936502195168,6291.123235309311,"trajectory(x(t),y(t),z(t))",certified relay position at same global t,fixed G01,True,False
Q2-015,879,6291.123235309311,6292.309968423454,"trajectory(x(t),y(t),z(t))",certified relay position at same global t,fixed G01,True,False
Q2-015,880,6292.309968423454,6292.614063616349,"trajectory(x(t),y(t),z(t))",certified relay position at same global t,fixed G01,True,False
Q2-015,881,6292.614063616349,6292.918158809244,"trajectory(x(t),y(t),z(t))",certified relay position at same global t,fixed G01,True,False
Q2-015,882,6292.918158809244,6293.924412278125,"trajectory(x(t),y(t),z(t))",certified relay position at same global t,fixed G01,True,False
Q2-015,883,6293.924412278125,6294.930665747005,"trajectory(x(t),y(t),z(t))",certified relay position at same global t,fixed G01,True,False
Q2-015,884,6294.930665747005,6295.4152405851255,"trajectory(x(t),y(t),z(t))",certified relay position at same global t,fixed G01,True,False
Q2-015,885,6295.4152405851255,6295.899815423246,"trajectory(x(t),y(t),z(t))",certified relay position at same global t,fixed G01,True,False
Q2-015,886,6295.899815423246,6296.725589246969,"trajectory(x(t),y(t),z(t))",certified relay position at same global t,fixed G01,True,False
Q2-015,887,6296.725589246969,6297.551363070693,"trajectory(x(t),y(t),z(t))",certified relay position at same global t,fixed G01,True,False
Q2-015,888,6297.551363070693,6298.216417553989,"trajectory(x(t),y(t),z(t))",certified relay position at same global t,fixed G01,True,False
Q2-015,889,6298.216417553989,6298.881472037286,"trajectory(x(t),y(t),z(t))",certified relay position at same global t,fixed G01,True,False
Q2-015,890,6298.881472037286,6299.526766215833,"trajectory(x(t),y(t),z(t))",certified relay position at same global t,fixed G01,True,False
Q2-015,891,6299.526766215833,6300.17206039438,"trajectory(x(t),y(t),z(t))",certified relay position at same global t,fixed G01,True,False
Q2-015,892,6300.17206039438,6301.017594522853,"trajectory(x(t),y(t),z(t))",certified relay position at same global t,fixed G01,True,False
Q2-015,893,6301.017594522853,6301.8631286513255,"trajectory(x(t),y(t),z(t))",certified relay position at same global t,fixed G01,True,False
Q2-015,894,6301.8631286513255,6302.327943184629,"trajectory(x(t),y(t),z(t))",certified relay position at same global t,fixed G01,True,False
Q2-015,895,6302.327943184629,6302.792757717932,"trajectory(x(t),y(t),z(t))",certified relay position at same global t,fixed G01,True,False
Q2-015,896,6302.792757717932,6303.818771491629,"trajectory(x(t),y(t),z(t))",certified relay position at same global t,fixed G01,True,False
Q2-015,897,6303.818771491629,6304.844785265327,"trajectory(x(t),y(t),z(t))",certified relay position at same global t,fixed G01,True,False
Q2-015,898,6304.844785265327,6305.1291201535405,"trajectory(x(t),y(t),z(t))",certified relay position at same global t,fixed G01,True,False
Q2-015,899,6305.1291201535405,6305.413455041754,"trajectory(x(t),y(t),z(t))",certified relay position at same global t,fixed G01,True,False
Q2-015,900,6305.413455041754,6306.61994846056,"trajectory(x(t),y(t),z(t))",certified relay position at same global t,fixed G01,True,False
Q2-015,901,6306.61994846056,6307.826441879367,"trajectory(x(t),y(t),z(t))",certified relay position at same global t,fixed G01,True,False
Q2-015,902,6307.826441879367,6307.930297122337,"trajectory(x(t),y(t),z(t))",certified relay position at same global t,fixed G01,True,False
Q2-015,903,6307.930297122337,6308.034152365307,"trajectory(x(t),y(t),z(t))",certified relay position at same global t,fixed G01,True,False
Q2-015,904,6308.034152365307,6309.344501027083,"trajectory(x(t),y(t),z(t))",certified relay position at same global t,fixed G01,True,False
Q2-015,905,6309.344501027083,6310.65484968886,"trajectory(x(t),y(t),z(t))",certified relay position at same global t,fixed G01,True,False
Q2-015,906,6310.65484968886,6310.731474091133,"trajectory(x(t),y(t),z(t))",certified relay position at same global t,fixed G01,True,False
Q2-015,907,6310.731474091133,6310.808098493407,"trajectory(x(t),y(t),z(t))",certified relay position at same global t,fixed G01,True,False
Q2-015,908,6310.808098493407,6312.041822753044,"trajectory(x(t),y(t),z(t))",certified relay position at same global t,fixed G01,True,False
Q2-015,909,6312.041822753044,6313.27554701268,"trajectory(x(t),y(t),z(t))",certified relay position at same global t,fixed G01,True,False
Q2-015,910,6313.27554701268,6313.532651060044,"trajectory(x(t),y(t),z(t))",certified relay position at same global t,fixed G01,True,False
Q2-015,911,6313.532651060044,6313.789755107408,"trajectory(x(t),y(t),z(t))",certified relay position at same global t,fixed G01,True,False
Q2-015,912,6313.789755107408,6314.842999721821,"trajectory(x(t),y(t),z(t))",certified relay position at same global t,fixed G01,True,False
Q2-015,913,6314.842999721821,6315.896244336233,"trajectory(x(t),y(t),z(t))",certified relay position at same global t,fixed G01,True,False
Q2-015,914,6315.896244336233,6316.33382802886,"trajectory(x(t),y(t),z(t))",certified relay position at same global t,fixed G01,True,False
Q2-015,915,6316.33382802886,6316.771411721486,"trajectory(x(t),y(t),z(t))",certified relay position at same global t,fixed G01,True,False
Q2-015,916,6316.771411721486,6317.644176690636,"trajectory(x(t),y(t),z(t))",certified relay position at same global t,fixed G01,True,False
Q2-015,917,6317.644176690636,6318.516941659786,"trajectory(x(t),y(t),z(t))",certified relay position at same global t,fixed G01,True,False
Q2-015,918,6318.516941659786,6319.135004997637,"trajectory(x(t),y(t),z(t))",certified relay position at same global t,fixed G01,True,False
Q2-015,919,6319.135004997637,6319.753068335488,"trajectory(x(t),y(t),z(t))",certified relay position at same global t,fixed G01,True,False
Q2-015,920,6319.753068335488,6320.445353659547,"trajectory(x(t),y(t),z(t))",certified relay position at same global t,fixed G01,True,False
Q2-015,921,6320.445353659547,6321.137638983607,"trajectory(x(t),y(t),z(t))",certified relay position at same global t,fixed G01,True,False
Q2-015,922,6321.137638983607,6321.936181966548,"trajectory(x(t),y(t),z(t))",certified relay position at same global t,fixed G01,True,False
Q2-015,923,6321.936181966548,6322.73472494949,"trajectory(x(t),y(t),z(t))",certified relay position at same global t,fixed G01,True,False
Q2-015,924,6322.73472494949,6323.246530628325,"trajectory(x(t),y(t),z(t))",certified relay position at same global t,fixed G01,True,False
Q2-015,925,6323.246530628325,6323.75833630716,"trajectory(x(t),y(t),z(t))",certified relay position at same global t,fixed G01,True,False
Q2-015,926,6323.75833630716,6324.737358935364,"trajectory(x(t),y(t),z(t))",certified relay position at same global t,fixed G01,True,False
Q2-015,927,6324.737358935364,6325.716381563568,"trajectory(x(t),y(t),z(t))",certified relay position at same global t,fixed G01,True,False
Q2-015,928,6325.716381563568,6326.04770759714,"trajectory(x(t),y(t),z(t))",certified relay position at same global t,fixed G01,True,False
Q2-015,929,6326.04770759714,6326.379033630713,"trajectory(x(t),y(t),z(t))",certified relay position at same global t,fixed G01,True,False
Q2-015,930,6326.379033630713,6327.538535904141,"trajectory(x(t),y(t),z(t))",certified relay position at same global t,fixed G01,True,False
Q2-015,931,6327.538535904141,6328.698038177569,"trajectory(x(t),y(t),z(t))",certified relay position at same global t,fixed G01,True,False
Q2-015,932,6328.698038177569,6328.848884566051,"trajectory(x(t),y(t),z(t))",certified relay position at same global t,fixed G01,True,False
Q2-015,933,6328.848884566051,6328.999730954533,"trajectory(x(t),y(t),z(t))",certified relay position at same global t,fixed G01,True,False
Q2-015,934,6328.999730954533,6330.31007961631,"trajectory(x(t),y(t),z(t))",certified relay position at same global t,fixed G01,True,False
Q2-015,935,6330.31007961631,6331.620428278086,"trajectory(x(t),y(t),z(t))",certified relay position at same global t,fixed G01,True,False
Q2-015,936,6331.620428278086,6331.650061534848,"trajectory(x(t),y(t),z(t))",certified relay position at same global t,fixed G01,True,False
Q2-015,937,6331.650061534848,6331.679694791609,"trajectory(x(t),y(t),z(t))",certified relay position at same global t,fixed G01,True,False
Q2-015,938,6331.679694791609,6332.960410196624,"trajectory(x(t),y(t),z(t))",certified relay position at same global t,fixed G01,True,False
Q2-015,939,6332.960410196624,6334.241125601639,"trajectory(x(t),y(t),z(t))",certified relay position at same global t,fixed G01,True,False
Q2-015,940,6334.241125601639,6334.451238503644,"trajectory(x(t),y(t),z(t))",certified relay position at same global t,fixed G01,True,False
Q2-015,941,6334.451238503644,6334.661351405649,"trajectory(x(t),y(t),z(t))",certified relay position at same global t,fixed G01,True,False
Q2-015,942,6334.661351405649,6335.761587165554,"trajectory(x(t),y(t),z(t))",certified relay position at same global t,fixed G01,True,False
Q2-015,943,6335.761587165554,6336.86182292546,"trajectory(x(t),y(t),z(t))",certified relay position at same global t,fixed G01,True,False
Q2-015,944,6336.86182292546,6337.252415472555,"trajectory(x(t),y(t),z(t))",certified relay position at same global t,fixed G01,True,False
Q2-015,945,6337.252415472555,6337.643008019651,"trajectory(x(t),y(t),z(t))",certified relay position at same global t,fixed G01,True,False
Q2-015,946,6337.643008019651,6338.562764134332,"trajectory(x(t),y(t),z(t))",certified relay position at same global t,fixed G01,True,False
Q2-015,947,6338.562764134332,6339.482520249013,"trajectory(x(t),y(t),z(t))",certified relay position at same global t,fixed G01,True,False
Q2-015,948,6339.482520249013,6340.053592441371,"trajectory(x(t),y(t),z(t))",certified relay position at same global t,fixed G01,True,False
Q2-015,949,6340.053592441371,6340.624664633729,"trajectory(x(t),y(t),z(t))",certified relay position at same global t,fixed G01,True,False
Q2-015,950,6340.624664633729,6341.363941103147,"trajectory(x(t),y(t),z(t))",certified relay position at same global t,fixed G01,True,False
Q2-015,951,6341.363941103147,6342.103217572566,"trajectory(x(t),y(t),z(t))",certified relay position at same global t,fixed G01,True,False
Q2-015,952,6342.103217572566,6342.854769410148,"trajectory(x(t),y(t),z(t))",certified relay position at same global t,fixed G01,True,False
Q2-015,953,6342.854769410148,6343.60632124773,"trajectory(x(t),y(t),z(t))",certified relay position at same global t,fixed G01,True,False
Q2-015,954,6343.60632124773,6344.165118072058,"trajectory(x(t),y(t),z(t))",certified relay position at same global t,fixed G01,True,False
Q2-015,955,6344.165118072058,6344.723914896386,"trajectory(x(t),y(t),z(t))",certified relay position at same global t,fixed G01,True,False
Q2-015,956,6344.723914896386,6345.655946379059,"trajectory(x(t),y(t),z(t))",certified relay position at same global t,fixed G01,True,False
Q2-015,957,6345.655946379059,6346.587977861732,"trajectory(x(t),y(t),z(t))",certified relay position at same global t,fixed G01,True,False
Q2-015,958,6346.587977861732,6346.966295040836,"trajectory(x(t),y(t),z(t))",certified relay position at same global t,fixed G01,True,False
Q2-015,959,6346.966295040836,6347.344612219939,"trajectory(x(t),y(t),z(t))",certified relay position at same global t,fixed G01,True,False
Q2-015,960,6347.344612219939,6348.457123347875,"trajectory(x(t),y(t),z(t))",certified relay position at same global t,fixed G01,True,False
Q2-015,961,6348.457123347875,6349.56963447581,"trajectory(x(t),y(t),z(t))",certified relay position at same global t,fixed G01,True,False
Q2-015,962,6349.56963447581,6349.767472009651,"trajectory(x(t),y(t),z(t))",certified relay position at same global t,fixed G01,True,False
Q2-015,963,6349.767472009651,6349.965309543492,"trajectory(x(t),y(t),z(t))",certified relay position at same global t,fixed G01,True,False
Q2-015,964,6349.965309543492,6351.258300316652,"trajectory(x(t),y(t),z(t))",certified relay position at same global t,fixed G01,True,False
Q2-015,965,6351.258300316652,6352.5512910898115,"trajectory(x(t),y(t),z(t))",certified relay position at same global t,fixed G01,True,False
Q2-015,966,6352.5512910898115,6352.568648978562,"trajectory(x(t),y(t),z(t))",certified relay position at same global t,fixed G01,True,False
Q2-015,967,6352.568648978562,6352.586006867313,"trajectory(x(t),y(t),z(t))",certified relay position at same global t,fixed G01,True,False
Q2-015,968,6352.586006867313,6353.896355529089,"trajectory(x(t),y(t),z(t))",certified relay position at same global t,fixed G01,True,False
Q2-015,969,6353.896355529089,6355.206704190866,"trajectory(x(t),y(t),z(t))",certified relay position at same global t,fixed G01,True,False
Q2-015,970,6355.206704190866,6355.369825947359,"trajectory(x(t),y(t),z(t))",certified relay position at same global t,fixed G01,True,False
Q2-015,971,6355.369825947359,6355.532947703851,"trajectory(x(t),y(t),z(t))",certified relay position at same global t,fixed G01,True,False
Q2-015,972,6355.532947703851,6356.680174609202,"trajectory(x(t),y(t),z(t))",certified relay position at same global t,fixed G01,True,False
Q2-015,973,6356.680174609202,6357.8274015145535,"trajectory(x(t),y(t),z(t))",certified relay position at same global t,fixed G01,True,False
Q2-015,974,6357.8274015145535,6358.171002916222,"trajectory(x(t),y(t),z(t))",certified relay position at same global t,fixed G01,True,False
Q2-015,975,6358.171002916222,6358.514604317891,"trajectory(x(t),y(t),z(t))",certified relay position at same global t,fixed G01,True,False
Q2-015,976,6358.514604317891,6359.481351578065,"trajectory(x(t),y(t),z(t))",certified relay position at same global t,fixed G01,True,False
Q2-015,977,6359.481351578065,6360.448098838239,"trajectory(x(t),y(t),z(t))",certified relay position at same global t,fixed G01,True,False
Q2-015,978,6360.448098838239,6360.972179885066,"trajectory(x(t),y(t),z(t))",certified relay position at same global t,fixed G01,True,False
Q2-015,979,6360.972179885066,6361.496260931893,"trajectory(x(t),y(t),z(t))",certified relay position at same global t,fixed G01,True,False
Q2-015,980,6361.496260931893,6362.2825285468425,"trajectory(x(t),y(t),z(t))",certified relay position at same global t,fixed G01,True,False
Q2-015,981,6362.2825285468425,6363.068796161792,"trajectory(x(t),y(t),z(t))",certified relay position at same global t,fixed G01,True,False
Q2-015,982,6363.068796161792,6363.773356853862,"trajectory(x(t),y(t),z(t))",certified relay position at same global t,fixed G01,True,False
Q2-015,983,6363.773356853862,6364.4779175459325,"trajectory(x(t),y(t),z(t))",certified relay position at same global t,fixed G01,True,False
Q2-015,984,6364.4779175459325,6365.083705515706,"trajectory(x(t),y(t),z(t))",certified relay position at same global t,fixed G01,True,False
Q2-015,985,6365.083705515706,6365.68949348548,"trajectory(x(t),y(t),z(t))",certified relay position at same global t,fixed G01,True,False
Q2-015,986,6365.68949348548,6366.574533822726,"trajectory(x(t),y(t),z(t))",certified relay position at same global t,fixed G01,True,False
Q2-015,987,6366.574533822726,6367.459574159972,"trajectory(x(t),y(t),z(t))",certified relay position at same global t,fixed G01,True,False
Q2-015,988,6367.459574159972,6367.884882484569,"trajectory(x(t),y(t),z(t))",certified relay position at same global t,fixed G01,True,False
Q2-015,989,6367.884882484569,6368.310190809166,"trajectory(x(t),y(t),z(t))",certified relay position at same global t,fixed G01,True,False
Q2-015,990,6368.310190809166,6369.37571079157,"trajectory(x(t),y(t),z(t))",certified relay position at same global t,fixed G01,True,False
Q2-015,991,6369.37571079157,6370.441230773974,"trajectory(x(t),y(t),z(t))",certified relay position at same global t,fixed G01,True,False
Q2-015,992,6370.441230773974,6370.686059453346,"trajectory(x(t),y(t),z(t))",certified relay position at same global t,fixed G01,True,False
Q2-015,993,6370.686059453346,6370.930888132719,"trajectory(x(t),y(t),z(t))",certified relay position at same global t,fixed G01,True,False
Q2-015,994,6370.930888132719,6372.176887760385,"trajectory(x(t),y(t),z(t))",certified relay position at same global t,fixed G01,True,False
Q2-015,995,6372.176887760385,6373.422887388052,"trajectory(x(t),y(t),z(t))",certified relay position at same global t,fixed G01,True,False
Q2-015,996,6373.422887388052,6373.487236422229,"trajectory(x(t),y(t),z(t))",certified relay position at same global t,fixed G01,True,False
Q2-015,997,6373.487236422229,6373.551585456406,"trajectory(x(t),y(t),z(t))",certified relay position at same global t,fixed G01,True,False
Q2-015,998,6373.551585456406,6374.86193411825,"trajectory(x(t),y(t),z(t))",certified relay position at same global t,fixed G01,True,False
Q2-015,999,6374.86193411825,6376.172282780094,"trajectory(x(t),y(t),z(t))",certified relay position at same global t,fixed G01,True,False
Q2-015,1000,6376.172282780094,6376.288413391075,"trajectory(x(t),y(t),z(t))",certified relay position at same global t,fixed G01,True,False
Q2-015,1001,6376.288413391075,6376.404544002055,"trajectory(x(t),y(t),z(t))",certified relay position at same global t,fixed G01,True,False
Q2-015,1002,6376.404544002055,6377.598762052851,"trajectory(x(t),y(t),z(t))",certified relay position at same global t,fixed G01,True,False
Q2-015,1003,6377.598762052851,6378.792980103647,"trajectory(x(t),y(t),z(t))",certified relay position at same global t,fixed G01,True,False
Q2-015,1004,6378.792980103647,6379.089590359852,"trajectory(x(t),y(t),z(t))",certified relay position at same global t,fixed G01,True,False
Q2-015,1005,6379.089590359852,6379.386200616057,"trajectory(x(t),y(t),z(t))",certified relay position at same global t,fixed G01,True,False
Q2-015,1006,6379.386200616057,6380.399939021696,"trajectory(x(t),y(t),z(t))",certified relay position at same global t,fixed G01,True,False
Q2-015,1007,6380.399939021696,6381.413677427335,"trajectory(x(t),y(t),z(t))",certified relay position at same global t,fixed G01,True,False
Q2-015,1008,6381.413677427335,6381.890767328735,"trajectory(x(t),y(t),z(t))",certified relay position at same global t,fixed G01,True,False
Q2-015,1009,6381.890767328735,6382.367857230135,"trajectory(x(t),y(t),z(t))",certified relay position at same global t,fixed G01,True,False
Q2-015,1010,6382.367857230135,6383.201115990579,"trajectory(x(t),y(t),z(t))",certified relay position at same global t,fixed G01,True,False
Q2-015,1011,6383.201115990579,6384.034374751022,"trajectory(x(t),y(t),z(t))",certified relay position at same global t,fixed G01,True,False
Q2-015,1012,6384.034374751022,6384.69194429758,"trajectory(x(t),y(t),z(t))",certified relay position at same global t,fixed G01,True,False
Q2-015,1013,6384.69194429758,6385.3495138441385,"trajectory(x(t),y(t),z(t))",certified relay position at same global t,fixed G01,True,False
Q2-015,1014,6385.3495138441385,6386.002292959357,"trajectory(x(t),y(t),z(t))",certified relay position at same global t,fixed G01,True,False
Q2-015,1015,6386.002292959357,6386.655072074575,"trajectory(x(t),y(t),z(t))",certified relay position at same global t,fixed G01,True,False
Q2-015,1016,6386.655072074575,6387.493121266377,"trajectory(x(t),y(t),z(t))",certified relay position at same global t,fixed G01,True,False
Q2-015,1017,6387.493121266377,6388.331170458178,"trajectory(x(t),y(t),z(t))",certified relay position at same global t,fixed G01,True,False
Q2-015,1018,6388.331170458178,6388.803469928221,"trajectory(x(t),y(t),z(t))",certified relay position at same global t,fixed G01,True,False
Q2-015,1019,6388.803469928221,6389.275769398263,"trajectory(x(t),y(t),z(t))",certified relay position at same global t,fixed G01,True,False
Q2-015,1020,6389.275769398263,6390.294298235241,"trajectory(x(t),y(t),z(t))",certified relay position at same global t,fixed G01,True,False
Q2-015,1021,6390.294298235241,6391.312827072218,"trajectory(x(t),y(t),z(t))",certified relay position at same global t,fixed G01,True,False
Q2-015,1022,6391.312827072218,6391.604646897084,"trajectory(x(t),y(t),z(t))",certified relay position at same global t,fixed G01,True,False
Q2-015,1023,6391.604646897084,6391.896466721951,"trajectory(x(t),y(t),z(t))",certified relay position at same global t,fixed G01,True,False
Q2-015,1024,6391.896466721951,6393.095475204085,"trajectory(x(t),y(t),z(t))",certified relay position at same global t,fixed G01,True,False
Q2-015,1025,6393.095475204085,6394.29448368622,"trajectory(x(t),y(t),z(t))",certified relay position at same global t,fixed G01,True,False
Q2-015,1026,6394.29448368622,6394.405823865861,"trajectory(x(t),y(t),z(t))",certified relay position at same global t,fixed G01,True,False
Q2-015,1027,6394.405823865861,6394.517164045502,"trajectory(x(t),y(t),z(t))",certified relay position at same global t,fixed G01,True,False
Q2-015,1028,6394.517164045502,6395.827512707346,"trajectory(x(t),y(t),z(t))",certified relay position at same global t,fixed G01,True,False
Q2-015,1029,6395.827512707346,6397.1378613691895,"trajectory(x(t),y(t),z(t))",certified relay position at same global t,fixed G01,True,False
Q2-015,1030,6397.1378613691895,6397.207000834744,"trajectory(x(t),y(t),z(t))",certified relay position at same global t,fixed G01,True,False
Q2-015,1031,6397.207000834744,6397.276140300298,"trajectory(x(t),y(t),z(t))",certified relay position at same global t,fixed G01,True,False
Q2-015,1032,6397.276140300298,6398.5173494965875,"trajectory(x(t),y(t),z(t))",certified relay position at same global t,fixed G01,True,False
Q2-015,1033,6398.5173494965875,6399.758558692877,"trajectory(x(t),y(t),z(t))",certified relay position at same global t,fixed G01,True,False
Q2-015,1034,6399.758558692877,6400.008177803588,"trajectory(x(t),y(t),z(t))",certified relay position at same global t,fixed G01,True,False
Q2-015,1035,6400.008177803588,6400.257796914299,"trajectory(x(t),y(t),z(t))",certified relay position at same global t,fixed G01,True,False
Q2-015,1036,6400.257796914299,6401.318526465365,"trajectory(x(t),y(t),z(t))",certified relay position at same global t,fixed G01,True,False
Q2-015,1037,6401.318526465365,6402.37925601643,"trajectory(x(t),y(t),z(t))",certified relay position at same global t,fixed G01,True,False
Q2-015,1038,6402.37925601643,6402.8093547723665,"trajectory(x(t),y(t),z(t))",certified relay position at same global t,fixed G01,True,False
Q2-015,1039,6402.8093547723665,6403.239453528302,"trajectory(x(t),y(t),z(t))",certified relay position at same global t,fixed G01,True,False
Q2-015,1040,6403.239453528302,6404.119703434277,"trajectory(x(t),y(t),z(t))",certified relay position at same global t,fixed G01,True,False
Q2-015,1041,6404.119703434277,6404.9999533402515,"trajectory(x(t),y(t),z(t))",certified relay position at same global t,fixed G01,True,False
Q2-015,1042,6404.9999533402515,6405.610531741316,"trajectory(x(t),y(t),z(t))",certified relay position at same global t,fixed G01,True,False
Q2-016,371,6769.768448158733,6770.876164636707,"trajectory(x(t),y(t),z(t))",certified relay position at same global t,fixed G01,True,False
Q2-016,372,6770.876164636707,6771.98388111468,"trajectory(x(t),y(t),z(t))",certified relay position at same global t,fixed G01,True,False
Q2-016,373,6771.98388111468,6772.648953152167,"trajectory(x(t),y(t),z(t))",certified relay position at same global t,fixed G01,True,False
Q2-016,374,6772.648953152167,6773.314025189655,"trajectory(x(t),y(t),z(t))",certified relay position at same global t,fixed G01,True,False
Q2-016,375,6773.314025189655,6773.756669630084,"trajectory(x(t),y(t),z(t))",certified relay position at same global t,fixed G01,True,False
Q2-016,376,6773.756669630084,6774.199314070513,"trajectory(x(t),y(t),z(t))",certified relay position at same global t,fixed G01,True,False
Q2-016,377,6774.199314070513,6775.307030548543,"trajectory(x(t),y(t),z(t))",certified relay position at same global t,fixed G01,True,False
Q2-016,378,6775.307030548543,6776.4147470265725,"trajectory(x(t),y(t),z(t))",certified relay position at same global t,fixed G01,True,False
Q2-016,379,6776.4147470265725,6776.85290563439,"trajectory(x(t),y(t),z(t))",certified relay position at same global t,fixed G01,True,False
Q2-016,380,6776.85290563439,6777.291064242207,"trajectory(x(t),y(t),z(t))",certified relay position at same global t,fixed G01,True,False
Q2-016,381,6777.291064242207,6777.960622112306,"trajectory(x(t),y(t),z(t))",certified relay position at same global t,fixed G01,True,False
Q2-016,382,6777.960622112306,6778.630179982405,"trajectory(x(t),y(t),z(t))",certified relay position at same global t,fixed G01,True,False
Q2-016,383,6778.630179982405,6779.737896460322,"trajectory(x(t),y(t),z(t))",certified relay position at same global t,fixed G01,True,False
Q2-016,384,6779.737896460322,6780.845612938239,"trajectory(x(t),y(t),z(t))",certified relay position at same global t,fixed G01,True,False
Q2-016,385,6780.845612938239,6781.056858116474,"trajectory(x(t),y(t),z(t))",certified relay position at same global t,fixed G01,True,False
Q2-016,386,6781.056858116474,6781.268103294709,"trajectory(x(t),y(t),z(t))",certified relay position at same global t,fixed G01,True,False
Q2-016,387,6781.268103294709,6782.164574594504,"trajectory(x(t),y(t),z(t))",certified relay position at same global t,fixed G01,True,False
Q2-016,388,6782.164574594504,6783.061045894299,"trajectory(x(t),y(t),z(t))",certified relay position at same global t,fixed G01,True,False
Q2-016,389,6783.061045894299,6784.153094120807,"trajectory(x(t),y(t),z(t))",certified relay position at same global t,fixed G01,True,False
Q2-016,390,6784.153094120807,6785.245142347314,"trajectory(x(t),y(t),z(t))",certified relay position at same global t,fixed G01,True,False
Q2-016,391,6785.245142347314,6785.260810598724,"trajectory(x(t),y(t),z(t))",certified relay position at same global t,fixed G01,True,False
Q2-016,392,6785.260810598724,6785.276478850134,"trajectory(x(t),y(t),z(t))",certified relay position at same global t,fixed G01,True,False
Q2-016,393,6785.276478850134,6786.384195328051,"trajectory(x(t),y(t),z(t))",certified relay position at same global t,fixed G01,True,False
Q2-016,394,6786.384195328051,6787.491911805968,"trajectory(x(t),y(t),z(t))",certified relay position at same global t,fixed G01,True,False
Q2-016,395,6787.491911805968,6788.357046602892,"trajectory(x(t),y(t),z(t))",certified relay position at same global t,fixed G01,True,False
Q2-016,396,6788.357046602892,6789.222181399817,"trajectory(x(t),y(t),z(t))",certified relay position at same global t,fixed G01,True,False
Q2-016,397,6789.222181399817,6789.464763080922,"trajectory(x(t),y(t),z(t))",certified relay position at same global t,fixed G01,True,False
Q2-016,398,6789.464763080922,6789.707344762028,"trajectory(x(t),y(t),z(t))",certified relay position at same global t,fixed G01,True,False
Q2-016,399,6789.707344762028,6790.815061239945,"trajectory(x(t),y(t),z(t))",certified relay position at same global t,fixed G01,True,False
Q2-016,400,6790.815061239945,6791.922777717862,"trajectory(x(t),y(t),z(t))",certified relay position at same global t,fixed G01,True,False
Q2-016,401,6791.922777717862,6792.560999085091,"trajectory(x(t),y(t),z(t))",certified relay position at same global t,fixed G01,True,False
Q2-016,402,6792.560999085091,6793.199220452319,"trajectory(x(t),y(t),z(t))",certified relay position at same global t,fixed G01,True,False
Q2-016,403,6793.199220452319,6793.668715563007,"trajectory(x(t),y(t),z(t))",certified relay position at same global t,fixed G01,True,False
Q2-016,404,6793.668715563007,6794.138210673695,"trajectory(x(t),y(t),z(t))",certified relay position at same global t,fixed G01,True,False
Q2-016,405,6794.138210673695,6795.245927151725,"trajectory(x(t),y(t),z(t))",certified relay position at same global t,fixed G01,True,False
Q2-016,406,6795.245927151725,6796.3536436297545,"trajectory(x(t),y(t),z(t))",certified relay position at same global t,fixed G01,True,False
Q2-016,407,6796.3536436297545,6796.764951567338,"trajectory(x(t),y(t),z(t))",certified relay position at same global t,fixed G01,True,False
Q2-016,408,6796.764951567338,6797.176259504922,"trajectory(x(t),y(t),z(t))",certified relay position at same global t,fixed G01,True,False
Q2-016,409,6797.176259504922,6797.872668045255,"trajectory(x(t),y(t),z(t))",certified relay position at same global t,fixed G01,True,False
Q2-016,410,6797.872668045255,6798.569076585587,"trajectory(x(t),y(t),z(t))",certified relay position at same global t,fixed G01,True,False
Q2-016,411,6798.569076585587,6799.676793063504,"trajectory(x(t),y(t),z(t))",certified relay position at same global t,fixed G01,True,False
Q2-016,412,6799.676793063504,6800.784509541421,"trajectory(x(t),y(t),z(t))",certified relay position at same global t,fixed G01,True,False
Q2-016,413,6800.784509541421,6800.968904049423,"trajectory(x(t),y(t),z(t))",certified relay position at same global t,fixed G01,True,False
Q2-016,414,6800.968904049423,6801.153298557425,"trajectory(x(t),y(t),z(t))",certified relay position at same global t,fixed G01,True,False
Q2-016,415,6801.153298557425,6802.076620527453,"trajectory(x(t),y(t),z(t))",certified relay position at same global t,fixed G01,True,False
Q2-016,416,6802.076620527453,6802.999942497481,"trajectory(x(t),y(t),z(t))",certified relay position at same global t,fixed G01,True,False
Q2-016,417,6802.999942497481,6804.065140053729,"trajectory(x(t),y(t),z(t))",certified relay position at same global t,fixed G01,True,False
Q2-016,418,6804.065140053729,6805.130337609977,"trajectory(x(t),y(t),z(t))",certified relay position at same global t,fixed G01,True,False
Q2-016,419,6805.130337609977,6805.172856531645,"trajectory(x(t),y(t),z(t))",certified relay position at same global t,fixed G01,True,False
Q2-016,420,6805.172856531645,6805.215375453314,"trajectory(x(t),y(t),z(t))",certified relay position at same global t,fixed G01,True,False
Q2-016,421,6805.215375453314,6806.323091931231,"trajectory(x(t),y(t),z(t))",certified relay position at same global t,fixed G01,True,False
Q2-016,422,6806.323091931231,6807.430808409148,"trajectory(x(t),y(t),z(t))",certified relay position at same global t,fixed G01,True,False
Q2-016,423,6807.430808409148,6808.269092535839,"trajectory(x(t),y(t),z(t))",certified relay position at same global t,fixed G01,True,False
Q2-016,424,6808.269092535839,6809.10737666253,"trajectory(x(t),y(t),z(t))",certified relay position at same global t,fixed G01,True,False
Q2-016,425,6809.10737666253,6809.376809013869,"trajectory(x(t),y(t),z(t))",certified relay position at same global t,fixed G01,True,False
Q2-016,426,6809.376809013869,6809.646241365208,"trajectory(x(t),y(t),z(t))",certified relay position at same global t,fixed G01,True,False
Q2-016,427,6809.646241365208,6810.753957843125,"trajectory(x(t),y(t),z(t))",certified relay position at same global t,fixed G01,True,False
Q2-016,428,6810.753957843125,6811.861674321042,"trajectory(x(t),y(t),z(t))",certified relay position at same global t,fixed G01,True,False
Q2-016,429,6811.861674321042,6812.473045018038,"trajectory(x(t),y(t),z(t))",certified relay position at same global t,fixed G01,True,False
Q2-016,430,6812.473045018038,6813.084415715033,"trajectory(x(t),y(t),z(t))",certified relay position at same global t,fixed G01,True,False
Q2-016,431,6813.084415715033,6813.580761495955,"trajectory(x(t),y(t),z(t))",certified relay position at same global t,fixed G01,True,False
Q2-016,432,6813.580761495955,6814.077107276877,"trajectory(x(t),y(t),z(t))",certified relay position at same global t,fixed G01,True,False
Q2-016,433,6814.077107276877,6815.184823754907,"trajectory(x(t),y(t),z(t))",certified relay position at same global t,fixed G01,True,False
Q2-016,434,6815.184823754907,6816.2925402329365,"trajectory(x(t),y(t),z(t))",certified relay position at same global t,fixed G01,True,False
Q2-016,435,6816.2925402329365,6816.676997500287,"trajectory(x(t),y(t),z(t))",certified relay position at same global t,fixed G01,True,False
Q2-016,436,6816.676997500287,6817.061454767638,"trajectory(x(t),y(t),z(t))",certified relay position at same global t,fixed G01,True,False
Q2-016,437,6817.061454767638,6817.784713978204,"trajectory(x(t),y(t),z(t))",certified relay position at same global t,fixed G01,True,False
Q2-016,438,6817.784713978204,6818.507973188771,"trajectory(x(t),y(t),z(t))",certified relay position at same global t,fixed G01,True,False
Q2-016,439,6818.507973188771,6819.615689666744,"trajectory(x(t),y(t),z(t))",certified relay position at same global t,fixed G01,True,False
Q2-016,440,6819.615689666744,6820.723406144718,"trajectory(x(t),y(t),z(t))",certified relay position at same global t,fixed G01,True,False
Q2-016,441,6820.723406144718,6820.880949982429,"trajectory(x(t),y(t),z(t))",certified relay position at same global t,fixed G01,True,False
Q2-016,442,6820.880949982429,6821.0384938201405,"trajectory(x(t),y(t),z(t))",certified relay position at same global t,fixed G01,True,False
Q2-016,443,6821.0384938201405,6821.988666460403,"trajectory(x(t),y(t),z(t))",certified relay position at same global t,fixed G01,True,False
Q2-016,444,6821.988666460403,6822.938839100665,"trajectory(x(t),y(t),z(t))",certified relay position at same global t,fixed G01,True,False
Q2-016,445,6822.938839100665,6823.977185986654,"trajectory(x(t),y(t),z(t))",certified relay position at same global t,fixed G01,True,False
Q2-016,446,6823.977185986654,6825.015532872643,"trajectory(x(t),y(t),z(t))",certified relay position at same global t,fixed G01,True,False
Q2-016,447,6825.015532872643,6825.08490246457,"trajectory(x(t),y(t),z(t))",certified relay position at same global t,fixed G01,True,False
Q2-016,448,6825.08490246457,6825.154272056498,"trajectory(x(t),y(t),z(t))",certified relay position at same global t,fixed G01,True,False
Q2-016,449,6825.154272056498,6826.261988534471,"trajectory(x(t),y(t),z(t))",certified relay position at same global t,fixed G01,True,False
Q2-016,450,6826.261988534471,6827.369705012445,"trajectory(x(t),y(t),z(t))",certified relay position at same global t,fixed G01,True,False
Q2-016,451,6827.369705012445,6828.181138468845,"trajectory(x(t),y(t),z(t))",certified relay position at same global t,fixed G01,True,False
Q2-016,452,6828.181138468845,6828.992571925247,"trajectory(x(t),y(t),z(t))",certified relay position at same global t,fixed G01,True,False
Q2-016,453,6828.992571925247,6829.288854946819,"trajectory(x(t),y(t),z(t))",certified relay position at same global t,fixed G01,True,False
Q2-016,454,6829.288854946819,6829.585137968391,"trajectory(x(t),y(t),z(t))",certified relay position at same global t,fixed G01,True,False
Q2-016,455,6829.585137968391,6830.1191016194025,"trajectory(x(t),y(t),z(t))",certified relay position at same global t,fixed G01,True,False
Q2-016,456,6830.1191016194025,6830.653065270414,"trajectory(x(t),y(t),z(t))",certified relay position at same global t,fixed G01,True,False
Q2-016,457,6830.653065270414,6849.645794762601,"trajectory(x(t),y(t),z(t))",certified relay position at same global t,fixed G01,True,False
Q2-016,458,6849.645794762601,7089.645794762601,"trajectory(x(t),y(t),z(t))",certified relay position at same global t,fixed G01,True,False
Q2-016,459,7089.645794762601,7105.473069339424,"trajectory(x(t),y(t),z(t))",certified relay position at same global t,fixed G01,True,False
Q2-016,460,7105.473069339424,7106.007032990436,"trajectory(x(t),y(t),z(t))",certified relay position at same global t,fixed G01,True,False
Q2-016,461,7106.007032990436,7106.540996641447,"trajectory(x(t),y(t),z(t))",certified relay position at same global t,fixed G01,True,False
Q2-016,462,7106.540996641447,7106.837279663019,"trajectory(x(t),y(t),z(t))",certified relay position at same global t,fixed G01,True,False
Q2-016,463,7106.837279663019,7107.133562684591,"trajectory(x(t),y(t),z(t))",certified relay position at same global t,fixed G01,True,False
Q2-016,464,7107.133562684591,7107.944996140993,"trajectory(x(t),y(t),z(t))",certified relay position at same global t,fixed G01,True,False
Q2-016,465,7107.944996140993,7108.756429597393,"trajectory(x(t),y(t),z(t))",certified relay position at same global t,fixed G01,True,False
Q2-016,466,7108.756429597393,7109.864146075367,"trajectory(x(t),y(t),z(t))",certified relay position at same global t,fixed G01,True,False
Q2-016,467,7109.864146075367,7110.9718625533405,"trajectory(x(t),y(t),z(t))",certified relay position at same global t,fixed G01,True,False
Q2-016,468,7110.9718625533405,7111.041232145268,"trajectory(x(t),y(t),z(t))",certified relay position at same global t,fixed G01,True,False
Q2-016,469,7111.041232145268,7111.110601737195,"trajectory(x(t),y(t),z(t))",certified relay position at same global t,fixed G01,True,False
Q2-016,470,7111.110601737195,7112.148948623184,"trajectory(x(t),y(t),z(t))",certified relay position at same global t,fixed G01,True,False
Q2-016,471,7112.148948623184,7113.187295509173,"trajectory(x(t),y(t),z(t))",certified relay position at same global t,fixed G01,True,False
Q2-016,472,7113.187295509173,7114.137468149435,"trajectory(x(t),y(t),z(t))",certified relay position at same global t,fixed G01,True,False
Q2-016,473,7114.137468149435,7115.087640789698,"trajectory(x(t),y(t),z(t))",certified relay position at same global t,fixed G01,True,False
Q2-016,474,7115.087640789698,7115.245184627409,"trajectory(x(t),y(t),z(t))",certified relay position at same global t,fixed G01,True,False
Q2-016,475,7115.245184627409,7115.40272846512,"trajectory(x(t),y(t),z(t))",certified relay position at same global t,fixed G01,True,False
Q2-016,476,7115.40272846512,7116.510444943094,"trajectory(x(t),y(t),z(t))",certified relay position at same global t,fixed G01,True,False
Q2-016,477,7116.510444943094,7117.618161421067,"trajectory(x(t),y(t),z(t))",certified relay position at same global t,fixed G01,True,False
Q2-016,478,7117.618161421067,7118.341420631634,"trajectory(x(t),y(t),z(t))",certified relay position at same global t,fixed G01,True,False
Q2-016,479,7118.341420631634,7119.0646798422,"trajectory(x(t),y(t),z(t))",certified relay position at same global t,fixed G01,True,False
Q2-016,480,7119.0646798422,7119.449137109551,"trajectory(x(t),y(t),z(t))",certified relay position at same global t,fixed G01,True,False
Q2-016,481,7119.449137109551,7119.833594376902,"trajectory(x(t),y(t),z(t))",certified relay position at same global t,fixed G01,True,False
Q2-016,482,7119.833594376902,7120.9413108549315,"trajectory(x(t),y(t),z(t))",certified relay position at same global t,fixed G01,True,False
Q2-016,483,7120.9413108549315,7122.0490273329615,"trajectory(x(t),y(t),z(t))",certified relay position at same global t,fixed G01,True,False
Q2-016,484,7122.0490273329615,7122.545373113883,"trajectory(x(t),y(t),z(t))",certified relay position at same global t,fixed G01,True,False
Q2-016,485,7122.545373113883,7123.041718894805,"trajectory(x(t),y(t),z(t))",certified relay position at same global t,fixed G01,True,False
Q2-016,486,7123.041718894805,7123.6530895918,"trajectory(x(t),y(t),z(t))",certified relay position at same global t,fixed G01,True,False
Q2-016,487,7123.6530895918,7124.264460288796,"trajectory(x(t),y(t),z(t))",certified relay position at same global t,fixed G01,True,False
Q2-016,488,7124.264460288796,7125.372176766713,"trajectory(x(t),y(t),z(t))",certified relay position at same global t,fixed G01,True,False
Q2-016,489,7125.372176766713,7126.47989324463,"trajectory(x(t),y(t),z(t))",certified relay position at same global t,fixed G01,True,False
Q2-016,490,7126.47989324463,7126.749325595969,"trajectory(x(t),y(t),z(t))",certified relay position at same global t,fixed G01,True,False
Q2-016,491,7126.749325595969,7127.018757947308,"trajectory(x(t),y(t),z(t))",certified relay position at same global t,fixed G01,True,False
Q2-016,492,7127.018757947308,7127.857042073999,"trajectory(x(t),y(t),z(t))",certified relay position at same global t,fixed G01,True,False
Q2-016,493,7127.857042073999,7128.69532620069,"trajectory(x(t),y(t),z(t))",certified relay position at same global t,fixed G01,True,False
Q2-016,494,7128.69532620069,7129.803042678607,"trajectory(x(t),y(t),z(t))",certified relay position at same global t,fixed G01,True,False
Q2-016,495,7129.803042678607,7130.910759156524,"trajectory(x(t),y(t),z(t))",certified relay position at same global t,fixed G01,True,False
Q2-016,496,7130.910759156524,7130.953278078193,"trajectory(x(t),y(t),z(t))",certified relay position at same global t,fixed G01,True,False
Q2-016,497,7130.953278078193,7130.995796999861,"trajectory(x(t),y(t),z(t))",certified relay position at same global t,fixed G01,True,False
Q2-016,498,7130.995796999861,7132.060994556109,"trajectory(x(t),y(t),z(t))",certified relay position at same global t,fixed G01,True,False
Q2-016,499,7132.060994556109,7133.126192112357,"trajectory(x(t),y(t),z(t))",certified relay position at same global t,fixed G01,True,False
Q2-016,500,7133.126192112357,7134.049514082385,"trajectory(x(t),y(t),z(t))",certified relay position at same global t,fixed G01,True,False
Q2-016,501,7134.049514082385,7134.972836052413,"trajectory(x(t),y(t),z(t))",certified relay position at same global t,fixed G01,True,False
Q2-016,502,7134.972836052413,7135.157230560415,"trajectory(x(t),y(t),z(t))",certified relay position at same global t,fixed G01,True,False
Q2-016,503,7135.157230560415,7135.341625068417,"trajectory(x(t),y(t),z(t))",certified relay position at same global t,fixed G01,True,False
Q2-016,504,7135.341625068417,7136.449341546334,"trajectory(x(t),y(t),z(t))",certified relay position at same global t,fixed G01,True,False
Q2-016,505,7136.449341546334,7137.557058024251,"trajectory(x(t),y(t),z(t))",certified relay position at same global t,fixed G01,True,False
Q2-016,506,7137.557058024251,7138.2534665645835,"trajectory(x(t),y(t),z(t))",certified relay position at same global t,fixed G01,True,False
Q2-016,507,7138.2534665645835,7138.949875104916,"trajectory(x(t),y(t),z(t))",certified relay position at same global t,fixed G01,True,False
Q2-016,508,7138.949875104916,7139.3611830425,"trajectory(x(t),y(t),z(t))",certified relay position at same global t,fixed G01,True,False
Q2-016,509,7139.3611830425,7139.772490980084,"trajectory(x(t),y(t),z(t))",certified relay position at same global t,fixed G01,True,False
Q2-016,510,7139.772490980084,7140.880207458114,"trajectory(x(t),y(t),z(t))",certified relay position at same global t,fixed G01,True,False
Q2-016,511,7140.880207458114,7141.9879239361435,"trajectory(x(t),y(t),z(t))",certified relay position at same global t,fixed G01,True,False
Q2-016,512,7141.9879239361435,7142.457419046831,"trajectory(x(t),y(t),z(t))",certified relay position at same global t,fixed G01,True,False
Q2-016,513,7142.457419046831,7142.926914157519,"trajectory(x(t),y(t),z(t))",certified relay position at same global t,fixed G01,True,False
Q2-016,514,7142.926914157519,7143.565135524747,"trajectory(x(t),y(t),z(t))",certified relay position at same global t,fixed G01,True,False
Q2-016,515,7143.565135524747,7144.203356891976,"trajectory(x(t),y(t),z(t))",certified relay position at same global t,fixed G01,True,False
Q2-016,516,7144.203356891976,7145.311073369893,"trajectory(x(t),y(t),z(t))",certified relay position at same global t,fixed G01,True,False
Q2-016,517,7145.311073369893,7146.41878984781,"trajectory(x(t),y(t),z(t))",certified relay position at same global t,fixed G01,True,False
Q2-016,518,7146.41878984781,7146.661371528916,"trajectory(x(t),y(t),z(t))",certified relay position at same global t,fixed G01,True,False
Q2-016,519,7146.661371528916,7146.903953210021,"trajectory(x(t),y(t),z(t))",certified relay position at same global t,fixed G01,True,False
Q2-016,520,7146.903953210021,7147.769088006946,"trajectory(x(t),y(t),z(t))",certified relay position at same global t,fixed G01,True,False
Q2-016,521,7147.769088006946,7148.63422280387,"trajectory(x(t),y(t),z(t))",certified relay position at same global t,fixed G01,True,False
Q2-016,522,7148.63422280387,7149.741939281787,"trajectory(x(t),y(t),z(t))",certified relay position at same global t,fixed G01,True,False
Q2-016,523,7149.741939281787,7150.849655759705,"trajectory(x(t),y(t),z(t))",certified relay position at same global t,fixed G01,True,False
Q2-016,524,7150.849655759705,7150.865324011114,"trajectory(x(t),y(t),z(t))",certified relay position at same global t,fixed G01,True,False
Q2-016,525,7150.865324011114,7150.880992262524,"trajectory(x(t),y(t),z(t))",certified relay position at same global t,fixed G01,True,False
Q2-016,526,7150.880992262524,7151.9730404890315,"trajectory(x(t),y(t),z(t))",certified relay position at same global t,fixed G01,True,False
Q2-016,527,7151.9730404890315,7153.065088715539,"trajectory(x(t),y(t),z(t))",certified relay position at same global t,fixed G01,True,False
Q2-016,528,7153.065088715539,7153.961560015334,"trajectory(x(t),y(t),z(t))",certified relay position at same global t,fixed G01,True,False
Q2-016,529,7153.961560015334,7154.858031315129,"trajectory(x(t),y(t),z(t))",certified relay position at same global t,fixed G01,True,False
Q2-016,530,7154.858031315129,7155.069276493364,"trajectory(x(t),y(t),z(t))",certified relay position at same global t,fixed G01,True,False
Q2-016,531,7155.069276493364,7155.280521671599,"trajectory(x(t),y(t),z(t))",certified relay position at same global t,fixed G01,True,False
Q2-016,532,7155.280521671599,7156.388238149516,"trajectory(x(t),y(t),z(t))",certified relay position at same global t,fixed G01,True,False
Q2-016,533,7156.388238149516,7157.495954627433,"trajectory(x(t),y(t),z(t))",certified relay position at same global t,fixed G01,True,False
Q2-016,534,7157.495954627433,7158.165512497532,"trajectory(x(t),y(t),z(t))",certified relay position at same global t,fixed G01,True,False
Q2-016,535,7158.165512497532,7158.8350703676315,"trajectory(x(t),y(t),z(t))",certified relay position at same global t,fixed G01,True,False
Q2-016,536,7158.8350703676315,7159.273228975449,"trajectory(x(t),y(t),z(t))",certified relay position at same global t,fixed G01,True,False
Q2-016,537,7159.273228975449,7159.711387583266,"trajectory(x(t),y(t),z(t))",certified relay position at same global t,fixed G01,True,False
Q2-016,538,7159.711387583266,7160.819104061296,"trajectory(x(t),y(t),z(t))",certified relay position at same global t,fixed G01,True,False
Q2-016,539,7160.819104061296,7161.9268205393255,"trajectory(x(t),y(t),z(t))",certified relay position at same global t,fixed G01,True,False
Q2-016,540,7161.9268205393255,7162.369464979754,"trajectory(x(t),y(t),z(t))",certified relay position at same global t,fixed G01,True,False
Q2-016,541,7162.369464979754,7162.812109420183,"trajectory(x(t),y(t),z(t))",certified relay position at same global t,fixed G01,True,False
Q2-016,542,7162.812109420183,7163.477181457671,"trajectory(x(t),y(t),z(t))",certified relay position at same global t,fixed G01,True,False
Q2-016,543,7163.477181457671,7164.142253495158,"trajectory(x(t),y(t),z(t))",certified relay position at same global t,fixed G01,True,False
Q2-016,544,7164.142253495158,7165.249969973132,"trajectory(x(t),y(t),z(t))",certified relay position at same global t,fixed G01,True,False
Q2-016,545,7165.249969973132,7166.357686451105,"trajectory(x(t),y(t),z(t))",certified relay position at same global t,fixed G01,True,False
Q2-017,296,8099.23309834637,8100.182962213379,"trajectory(x(t),y(t),z(t))",certified relay position at same global t,fixed G01,True,True
Q2-017,297,8100.182962213379,8101.132826080486,"trajectory(x(t),y(t),z(t))",certified relay position at same global t,fixed G01,True,True
Q2-017,298,8101.132826080486,8102.082689947592,"trajectory(x(t),y(t),z(t))",certified relay position at same global t,fixed G01,True,True
Q2-017,299,8102.082689947592,8103.032553814602,"trajectory(x(t),y(t),z(t))",certified relay position at same global t,fixed G01,True,True
Q2-017,300,8103.032553814602,8103.982417681611,"trajectory(x(t),y(t),z(t))",certified relay position at same global t,fixed G01,True,True
Q2-017,301,8103.982417681611,8104.932281548669,"trajectory(x(t),y(t),z(t))",certified relay position at same global t,fixed G01,True,True
Q2-017,302,8104.932281548669,8105.882145415728,"trajectory(x(t),y(t),z(t))",certified relay position at same global t,fixed G01,True,True
Q2-017,303,8105.882145415728,8106.832009282786,"trajectory(x(t),y(t),z(t))",certified relay position at same global t,fixed G01,True,True
Q2-017,304,8106.832009282786,8107.781873149845,"trajectory(x(t),y(t),z(t))",certified relay position at same global t,fixed G01,True,True
Q2-017,305,8107.781873149845,8108.731737016854,"trajectory(x(t),y(t),z(t))",certified relay position at same global t,fixed G01,True,True
Q2-017,306,8108.731737016854,8109.681600883863,"trajectory(x(t),y(t),z(t))",certified relay position at same global t,fixed G01,True,True
Q2-017,307,8109.681600883863,8110.631464750922,"trajectory(x(t),y(t),z(t))",certified relay position at same global t,fixed G01,True,True
Q2-017,308,8110.631464750922,8111.58132861798,"trajectory(x(t),y(t),z(t))",certified relay position at same global t,fixed G01,True,True
Q2-017,309,8111.58132861798,8112.531192485038,"trajectory(x(t),y(t),z(t))",certified relay position at same global t,fixed G01,True,True
Q2-017,310,8112.531192485038,8113.481056352097,"trajectory(x(t),y(t),z(t))",certified relay position at same global t,fixed G01,True,True
Q2-017,311,8113.481056352097,8114.022151279811,"trajectory(x(t),y(t),z(t))",certified relay position at same global t,fixed G01,True,True
Q2-017,312,8114.022151279811,8114.563246207525,"trajectory(x(t),y(t),z(t))",certified relay position at same global t,fixed G01,True,True
Q2-017,313,8114.563246207525,8114.97201514682,"trajectory(x(t),y(t),z(t))",certified relay position at same global t,fixed G01,True,True
Q2-017,314,8114.97201514682,8115.380784086115,"trajectory(x(t),y(t),z(t))",certified relay position at same global t,fixed G01,True,True
Q2-017,315,8115.380784086115,8116.330647953174,"trajectory(x(t),y(t),z(t))",certified relay position at same global t,fixed G01,True,True
Q2-017,316,8116.330647953174,8117.280511820232,"trajectory(x(t),y(t),z(t))",certified relay position at same global t,fixed G01,True,True
Q2-017,317,8117.280511820232,8118.230375687291,"trajectory(x(t),y(t),z(t))",certified relay position at same global t,fixed G01,True,True
Q2-017,318,8118.230375687291,8119.180239554349,"trajectory(x(t),y(t),z(t))",certified relay position at same global t,fixed G01,True,True
Q2-017,319,8119.180239554349,8120.130103421358,"trajectory(x(t),y(t),z(t))",certified relay position at same global t,fixed G01,True,True
Q2-017,320,8120.130103421358,8121.079967288368,"trajectory(x(t),y(t),z(t))",certified relay position at same global t,fixed G01,True,True
Q2-017,321,8121.079967288368,8122.029831155426,"trajectory(x(t),y(t),z(t))",certified relay position at same global t,fixed G01,True,True
Q2-017,322,8122.029831155426,8122.9796950224845,"trajectory(x(t),y(t),z(t))",certified relay position at same global t,fixed G01,True,True
Q2-017,323,8122.9796950224845,8123.929558889543,"trajectory(x(t),y(t),z(t))",certified relay position at same global t,fixed G01,True,True
Q2-017,324,8123.929558889543,8124.879422756601,"trajectory(x(t),y(t),z(t))",certified relay position at same global t,fixed G01,True,True
Q2-017,325,8124.879422756601,8125.829286623611,"trajectory(x(t),y(t),z(t))",certified relay position at same global t,fixed G01,True,True
Q2-017,326,8125.829286623611,8126.77915049062,"trajectory(x(t),y(t),z(t))",certified relay position at same global t,fixed G01,True,True
Q2-017,327,8126.77915049062,8127.729014357678,"trajectory(x(t),y(t),z(t))",certified relay position at same global t,fixed G01,True,True
Q2-017,328,8127.729014357678,8128.678878224737,"trajectory(x(t),y(t),z(t))",certified relay position at same global t,fixed G01,True,True
Q2-017,329,8128.678878224737,8129.628742091795,"trajectory(x(t),y(t),z(t))",certified relay position at same global t,fixed G01,True,True
Q2-017,330,8129.628742091795,8130.578605958854,"trajectory(x(t),y(t),z(t))",certified relay position at same global t,fixed G01,True,True
Q2-017,331,8130.578605958854,8131.528469825863,"trajectory(x(t),y(t),z(t))",certified relay position at same global t,fixed G01,True,True
Q2-017,332,8131.528469825863,8132.478333692872,"trajectory(x(t),y(t),z(t))",certified relay position at same global t,fixed G01,True,True
Q2-017,333,8132.478333692872,8133.428197559931,"trajectory(x(t),y(t),z(t))",certified relay position at same global t,fixed G01,True,True
Q2-017,334,8133.428197559931,8134.378061426989,"trajectory(x(t),y(t),z(t))",certified relay position at same global t,fixed G01,True,True
Q2-017,335,8134.378061426989,8135.327925294047,"trajectory(x(t),y(t),z(t))",certified relay position at same global t,fixed G01,True,True
Q2-017,336,8135.327925294047,8136.277789161106,"trajectory(x(t),y(t),z(t))",certified relay position at same global t,fixed G01,True,True
Q2-017,337,8136.277789161106,8137.227653028115,"trajectory(x(t),y(t),z(t))",certified relay position at same global t,fixed G01,True,True
Q2-017,338,8137.227653028115,8138.177516895124,"trajectory(x(t),y(t),z(t))",certified relay position at same global t,fixed G01,True,True
Q2-017,339,8138.177516895124,8139.127380762231,"trajectory(x(t),y(t),z(t))",certified relay position at same global t,fixed G01,True,True
Q2-017,340,8139.127380762231,8140.077244629338,"trajectory(x(t),y(t),z(t))",certified relay position at same global t,fixed G01,True,True
Q2-017,341,8140.077244629338,8141.027108496347,"trajectory(x(t),y(t),z(t))",certified relay position at same global t,fixed G01,True,True
Q2-017,342,8141.027108496347,8141.976972363356,"trajectory(x(t),y(t),z(t))",certified relay position at same global t,fixed G01,True,True
Q2-017,343,8141.976972363356,8142.926836230366,"trajectory(x(t),y(t),z(t))",certified relay position at same global t,fixed G01,True,True
Q2-017,344,8142.926836230366,8143.876700097375,"trajectory(x(t),y(t),z(t))",certified relay position at same global t,fixed G01,True,True
Q2-017,345,8143.876700097375,8144.402855351672,"trajectory(x(t),y(t),z(t))",certified relay position at same global t,fixed G01,True,True
Q2-017,346,8144.402855351672,8144.929010605969,"trajectory(x(t),y(t),z(t))",certified relay position at same global t,fixed G01,True,True
Q2-017,347,8144.929010605969,8145.3527192187785,"trajectory(x(t),y(t),z(t))",certified relay position at same global t,fixed G01,True,True
Q2-017,348,8145.3527192187785,8145.776427831588,"trajectory(x(t),y(t),z(t))",certified relay position at same global t,fixed G01,True,True
Q2-017,349,8145.776427831588,8146.726291698597,"trajectory(x(t),y(t),z(t))",certified relay position at same global t,fixed G01,True,True
Q2-017,350,8146.726291698597,8147.676155565607,"trajectory(x(t),y(t),z(t))",certified relay position at same global t,fixed G01,True,True
Q2-017,351,8147.676155565607,8148.626019432616,"trajectory(x(t),y(t),z(t))",certified relay position at same global t,fixed G01,True,True
Q2-017,352,8148.626019432616,8149.575883299625,"trajectory(x(t),y(t),z(t))",certified relay position at same global t,fixed G01,True,True
Q2-017,353,8149.575883299625,8150.525747166732,"trajectory(x(t),y(t),z(t))",certified relay position at same global t,fixed G01,True,False
Q2-017,354,8150.525747166732,8151.4756110338385,"trajectory(x(t),y(t),z(t))",certified relay position at same global t,fixed G01,True,False
Q2-017,355,8151.4756110338385,8152.425474900848,"trajectory(x(t),y(t),z(t))",certified relay position at same global t,fixed G01,True,False
Q2-017,356,8152.425474900848,8153.375338767857,"trajectory(x(t),y(t),z(t))",certified relay position at same global t,fixed G01,True,False
Q2-017,357,8153.375338767857,8154.325202634866,"trajectory(x(t),y(t),z(t))",certified relay position at same global t,fixed G01,True,False
Q2-017,358,8154.325202634866,8155.275066501876,"trajectory(x(t),y(t),z(t))",certified relay position at same global t,fixed G01,True,False
Q2-017,359,8155.275066501876,8156.224930368982,"trajectory(x(t),y(t),z(t))",certified relay position at same global t,fixed G01,True,False
Q2-017,360,8156.224930368982,8157.174794236089,"trajectory(x(t),y(t),z(t))",certified relay position at same global t,fixed G01,True,False
Q2-017,361,8157.174794236089,8158.124658103098,"trajectory(x(t),y(t),z(t))",certified relay position at same global t,fixed G01,True,False
Q2-017,362,8158.124658103098,8159.0745219701075,"trajectory(x(t),y(t),z(t))",certified relay position at same global t,fixed G01,True,False
Q2-017,363,8159.0745219701075,8160.024385837117,"trajectory(x(t),y(t),z(t))",certified relay position at same global t,fixed G01,True,False
Q2-017,364,8160.024385837117,8160.974249704126,"trajectory(x(t),y(t),z(t))",certified relay position at same global t,fixed G01,True,False
Q2-017,365,8160.974249704126,8161.924113571233,"trajectory(x(t),y(t),z(t))",certified relay position at same global t,fixed G01,True,False
Q2-017,366,8161.924113571233,8162.873977438339,"trajectory(x(t),y(t),z(t))",certified relay position at same global t,fixed G01,True,False
Q2-017,367,8162.873977438339,8163.823841305349,"trajectory(x(t),y(t),z(t))",certified relay position at same global t,fixed G01,True,False
Q2-017,368,8163.823841305349,8164.773705172358,"trajectory(x(t),y(t),z(t))",certified relay position at same global t,fixed G01,True,False
Q2-017,369,8164.773705172358,8165.723569039367,"trajectory(x(t),y(t),z(t))",certified relay position at same global t,fixed G01,True,False
Q2-017,370,8165.723569039367,8166.673432906377,"trajectory(x(t),y(t),z(t))",certified relay position at same global t,fixed G01,True,False
Q2-017,371,8166.673432906377,8167.623296773483,"trajectory(x(t),y(t),z(t))",certified relay position at same global t,fixed G01,True,False
Q2-017,372,8167.623296773483,8168.57316064059,"trajectory(x(t),y(t),z(t))",certified relay position at same global t,fixed G01,True,False
Q2-017,373,8168.57316064059,8169.523024507599,"trajectory(x(t),y(t),z(t))",certified relay position at same global t,fixed G01,True,False
Q2-017,374,8169.523024507599,8170.472888374608,"trajectory(x(t),y(t),z(t))",certified relay position at same global t,fixed G01,True,False
Q2-017,375,8170.472888374608,8171.422752241618,"trajectory(x(t),y(t),z(t))",certified relay position at same global t,fixed G01,True,False
Q2-017,376,8171.422752241618,8172.372616108627,"trajectory(x(t),y(t),z(t))",certified relay position at same global t,fixed G01,True,False
Q2-017,377,8172.372616108627,8173.322479975734,"trajectory(x(t),y(t),z(t))",certified relay position at same global t,fixed G01,True,False
Q2-017,378,8173.322479975734,8174.27234384284,"trajectory(x(t),y(t),z(t))",certified relay position at same global t,fixed G01,True,False
Q2-017,379,8174.27234384284,8174.783559423429,"trajectory(x(t),y(t),z(t))",certified relay position at same global t,fixed G01,True,False
Q2-017,380,8174.783559423429,8175.294775004018,"trajectory(x(t),y(t),z(t))",certified relay position at same global t,fixed G01,True,False
Q2-017,381,8175.294775004018,8175.7334232904395,"trajectory(x(t),y(t),z(t))",certified relay position at same global t,fixed G01,True,False
Q2-017,382,8175.7334232904395,8176.172071576861,"trajectory(x(t),y(t),z(t))",certified relay position at same global t,fixed G01,True,False
Q2-017,383,8176.172071576861,8177.121935443919,"trajectory(x(t),y(t),z(t))",certified relay position at same global t,fixed G01,True,False
Q2-017,384,8177.121935443919,8178.071799310977,"trajectory(x(t),y(t),z(t))",certified relay position at same global t,fixed G01,True,False
Q2-017,385,8178.071799310977,8179.021663178036,"trajectory(x(t),y(t),z(t))",certified relay position at same global t,fixed G01,True,False
Q2-017,386,8179.021663178036,8179.971527045094,"trajectory(x(t),y(t),z(t))",certified relay position at same global t,fixed G01,True,False
Q2-017,387,8179.971527045094,8180.921390912104,"trajectory(x(t),y(t),z(t))",certified relay position at same global t,fixed G01,True,False
Q2-017,388,8180.921390912104,8181.871254779113,"trajectory(x(t),y(t),z(t))",certified relay position at same global t,fixed G01,True,False
Q2-017,389,8181.871254779113,8182.821118646171,"trajectory(x(t),y(t),z(t))",certified relay position at same global t,fixed G01,True,False
Q2-017,390,8182.821118646171,8183.77098251323,"trajectory(x(t),y(t),z(t))",certified relay position at same global t,fixed G01,True,False
Q2-017,391,8183.77098251323,8184.720846380288,"trajectory(x(t),y(t),z(t))",certified relay position at same global t,fixed G01,True,False
Q2-017,392,8184.720846380288,8185.6707102473465,"trajectory(x(t),y(t),z(t))",certified relay position at same global t,fixed G01,True,False
Q2-017,393,8185.6707102473465,8186.620574114356,"trajectory(x(t),y(t),z(t))",certified relay position at same global t,fixed G01,True,False
Q2-017,394,8186.620574114356,8187.570437981365,"trajectory(x(t),y(t),z(t))",certified relay position at same global t,fixed G01,True,False
Q2-017,395,8187.570437981365,8188.5203018484235,"trajectory(x(t),y(t),z(t))",certified relay position at same global t,fixed G01,True,False
Q2-017,396,8188.5203018484235,8189.470165715482,"trajectory(x(t),y(t),z(t))",certified relay position at same global t,fixed G01,True,False
Q2-017,397,8189.470165715482,8190.42002958254,"trajectory(x(t),y(t),z(t))",certified relay position at same global t,fixed G01,True,False
Q2-017,398,8190.42002958254,8191.369893449599,"trajectory(x(t),y(t),z(t))",certified relay position at same global t,fixed G01,True,False
Q2-017,399,8191.369893449599,8192.319757316609,"trajectory(x(t),y(t),z(t))",certified relay position at same global t,fixed G01,True,False
Q2-017,400,8192.319757316609,8193.26962118362,"trajectory(x(t),y(t),z(t))",certified relay position at same global t,fixed G01,True,False
Q2-017,401,8193.26962118362,8194.219485050677,"trajectory(x(t),y(t),z(t))",certified relay position at same global t,fixed G01,True,False
Q2-017,402,8194.219485050677,8195.169348917734,"trajectory(x(t),y(t),z(t))",certified relay position at same global t,fixed G01,True,False
Q2-017,403,8195.169348917734,8196.119212784792,"trajectory(x(t),y(t),z(t))",certified relay position at same global t,fixed G01,True,False
Q2-017,404,8196.119212784792,8197.06907665185,"trajectory(x(t),y(t),z(t))",certified relay position at same global t,fixed G01,True,False
Q2-017,405,8197.06907665185,8197.494387696916,"trajectory(x(t),y(t),z(t))",certified relay position at same global t,fixed G01,True,False
Q2-017,406,8197.494387696916,8197.919698741982,"trajectory(x(t),y(t),z(t))",certified relay position at same global t,fixed G01,True,False
Q2-017,407,8197.919698741982,8294.298653820108,"trajectory(x(t),y(t),z(t))",certified relay position at same global t,fixed G01,True,False
Q2-017,408,8294.298653820108,8534.298653820108,"trajectory(x(t),y(t),z(t))",certified relay position at same global t,fixed G01,True,False
Q2-017,409,8534.298653820108,8614.614449718545,"trajectory(x(t),y(t),z(t))",certified relay position at same global t,fixed G01,True,False
Q2-017,410,8614.614449718545,8615.039760763611,"trajectory(x(t),y(t),z(t))",certified relay position at same global t,fixed G01,True,False
Q2-017,411,8615.039760763611,8615.465071808678,"trajectory(x(t),y(t),z(t))",certified relay position at same global t,fixed G01,True,False
Q2-017,412,8615.465071808678,8616.414935675735,"trajectory(x(t),y(t),z(t))",certified relay position at same global t,fixed G01,True,False
Q2-017,413,8616.414935675735,8617.364799542793,"trajectory(x(t),y(t),z(t))",certified relay position at same global t,fixed G01,True,False
Q2-017,414,8617.364799542793,8618.31466340985,"trajectory(x(t),y(t),z(t))",certified relay position at same global t,fixed G01,True,False
Q2-017,415,8618.31466340985,8619.264527276908,"trajectory(x(t),y(t),z(t))",certified relay position at same global t,fixed G01,True,False
Q2-017,416,8619.264527276908,8620.214391143918,"trajectory(x(t),y(t),z(t))",certified relay position at same global t,fixed G01,True,False
Q2-017,417,8620.214391143918,8621.164255010928,"trajectory(x(t),y(t),z(t))",certified relay position at same global t,fixed G01,True,False
Q2-017,418,8621.164255010928,8622.114118877986,"trajectory(x(t),y(t),z(t))",certified relay position at same global t,fixed G01,True,False
Q2-017,419,8622.114118877986,8623.063982745043,"trajectory(x(t),y(t),z(t))",certified relay position at same global t,fixed G01,True,False
Q2-017,420,8623.063982745043,8624.0138466121,"trajectory(x(t),y(t),z(t))",certified relay position at same global t,fixed G01,True,False
Q2-017,421,8624.0138466121,8624.963710479158,"trajectory(x(t),y(t),z(t))",certified relay position at same global t,fixed G01,True,False
Q2-017,422,8624.963710479158,8625.913574346168,"trajectory(x(t),y(t),z(t))",certified relay position at same global t,fixed G01,True,False
Q2-017,423,8625.913574346168,8626.863438213179,"trajectory(x(t),y(t),z(t))",certified relay position at same global t,fixed G01,True,False
Q2-017,424,8626.863438213179,8627.813302080236,"trajectory(x(t),y(t),z(t))",certified relay position at same global t,fixed G01,True,False
Q2-017,425,8627.813302080236,8628.763165947294,"trajectory(x(t),y(t),z(t))",certified relay position at same global t,fixed G01,True,False
Q2-017,426,8628.763165947294,8629.713029814351,"trajectory(x(t),y(t),z(t))",certified relay position at same global t,fixed G01,True,False
Q2-017,427,8629.713029814351,8630.662893681409,"trajectory(x(t),y(t),z(t))",certified relay position at same global t,fixed G01,True,False
Q2-017,428,8630.662893681409,8631.612757548419,"trajectory(x(t),y(t),z(t))",certified relay position at same global t,fixed G01,True,False
Q2-017,429,8631.612757548419,8632.562621415429,"trajectory(x(t),y(t),z(t))",certified relay position at same global t,fixed G01,True,False
Q2-017,430,8632.562621415429,8633.512485282487,"trajectory(x(t),y(t),z(t))",certified relay position at same global t,fixed G01,True,False
Q2-017,431,8633.512485282487,8634.462349149544,"trajectory(x(t),y(t),z(t))",certified relay position at same global t,fixed G01,True,False
Q2-017,432,8634.462349149544,8635.412213016602,"trajectory(x(t),y(t),z(t))",certified relay position at same global t,fixed G01,True,False
Q2-017,433,8635.412213016602,8636.362076883659,"trajectory(x(t),y(t),z(t))",certified relay position at same global t,fixed G01,True,False
Q2-017,434,8636.362076883659,8636.80072517008,"trajectory(x(t),y(t),z(t))",certified relay position at same global t,fixed G01,True,False
Q2-017,435,8636.80072517008,8637.239373456501,"trajectory(x(t),y(t),z(t))",certified relay position at same global t,fixed G01,True,False
Q2-017,436,8637.239373456501,8637.75058903709,"trajectory(x(t),y(t),z(t))",certified relay position at same global t,fixed G01,True,False
Q2-017,437,8637.75058903709,8638.26180461768,"trajectory(x(t),y(t),z(t))",certified relay position at same global t,fixed G01,True,False
Q2-017,438,8638.26180461768,8639.211668484786,"trajectory(x(t),y(t),z(t))",certified relay position at same global t,fixed G01,True,False
Q2-017,439,8639.211668484786,8640.161532351893,"trajectory(x(t),y(t),z(t))",certified relay position at same global t,fixed G01,True,False
Q2-017,440,8640.161532351893,8641.111396218903,"trajectory(x(t),y(t),z(t))",certified relay position at same global t,fixed G01,True,False
Q2-017,441,8641.111396218903,8642.061260085913,"trajectory(x(t),y(t),z(t))",certified relay position at same global t,fixed G01,True,False
Q2-017,442,8642.061260085913,8643.011123952923,"trajectory(x(t),y(t),z(t))",certified relay position at same global t,fixed G01,True,False
Q2-017,443,8643.011123952923,8643.960987819934,"trajectory(x(t),y(t),z(t))",certified relay position at same global t,fixed G01,True,False
Q2-017,444,8643.960987819934,8644.91085168704,"trajectory(x(t),y(t),z(t))",certified relay position at same global t,fixed G01,True,False
Q2-017,445,8644.91085168704,8645.860715554147,"trajectory(x(t),y(t),z(t))",certified relay position at same global t,fixed G01,True,False
Q2-017,446,8645.860715554147,8646.810579421157,"trajectory(x(t),y(t),z(t))",certified relay position at same global t,fixed G01,True,False
Q2-017,447,8646.810579421157,8647.760443288167,"trajectory(x(t),y(t),z(t))",certified relay position at same global t,fixed G01,True,False
Q2-017,448,8647.760443288167,8648.710307155177,"trajectory(x(t),y(t),z(t))",certified relay position at same global t,fixed G01,True,False
Q2-017,449,8648.710307155177,8649.660171022188,"trajectory(x(t),y(t),z(t))",certified relay position at same global t,fixed G01,True,False
Q2-017,450,8649.660171022188,8650.610034889294,"trajectory(x(t),y(t),z(t))",certified relay position at same global t,fixed G01,True,False
Q2-017,451,8650.610034889294,8651.5598987564,"trajectory(x(t),y(t),z(t))",certified relay position at same global t,fixed G01,True,False
Q2-017,452,8651.5598987564,8652.509762623411,"trajectory(x(t),y(t),z(t))",certified relay position at same global t,fixed G01,True,False
Q2-017,453,8652.509762623411,8653.459626490421,"trajectory(x(t),y(t),z(t))",certified relay position at same global t,fixed G01,True,False
Q2-017,454,8653.459626490421,8654.409490357431,"trajectory(x(t),y(t),z(t))",certified relay position at same global t,fixed G01,True,False
Q2-017,455,8654.409490357431,8655.359354224442,"trajectory(x(t),y(t),z(t))",certified relay position at same global t,fixed G01,True,False
Q2-017,456,8655.359354224442,8656.309218091548,"trajectory(x(t),y(t),z(t))",certified relay position at same global t,fixed G01,True,False
Q2-017,457,8656.309218091548,8657.259081958655,"trajectory(x(t),y(t),z(t))",certified relay position at same global t,fixed G01,True,False
Q2-017,458,8657.259081958655,8658.208945825665,"trajectory(x(t),y(t),z(t))",certified relay position at same global t,fixed G01,True,False
Q2-017,459,8658.208945825665,8659.158809692675,"trajectory(x(t),y(t),z(t))",certified relay position at same global t,fixed G01,True,False
Q2-017,460,8659.158809692675,8660.108673559685,"trajectory(x(t),y(t),z(t))",certified relay position at same global t,fixed G01,True,False
Q2-017,461,8660.108673559685,8661.058537426696,"trajectory(x(t),y(t),z(t))",certified relay position at same global t,fixed G01,True,False
Q2-017,462,8661.058537426696,8662.008401293802,"trajectory(x(t),y(t),z(t))",certified relay position at same global t,fixed G01,True,False
Q2-017,463,8662.008401293802,8662.958265160909,"trajectory(x(t),y(t),z(t))",certified relay position at same global t,fixed G01,True,False
Q2-017,464,8662.958265160909,8663.90812902792,"trajectory(x(t),y(t),z(t))",certified relay position at same global t,fixed G01,True,True
Q2-017,465,8663.90812902792,8664.85799289493,"trajectory(x(t),y(t),z(t))",certified relay position at same global t,fixed G01,True,True
Q2-017,466,8664.85799289493,8665.80785676194,"trajectory(x(t),y(t),z(t))",certified relay position at same global t,fixed G01,True,True
Q2-017,467,8665.80785676194,8666.75772062895,"trajectory(x(t),y(t),z(t))",certified relay position at same global t,fixed G01,True,True
Q2-017,468,8666.75772062895,8667.18142924176,"trajectory(x(t),y(t),z(t))",certified relay position at same global t,fixed G01,True,True
Q2-017,469,8667.18142924176,8667.60513785457,"trajectory(x(t),y(t),z(t))",certified relay position at same global t,fixed G01,True,True
Q2-017,470,8667.60513785457,8668.131293108869,"trajectory(x(t),y(t),z(t))",certified relay position at same global t,fixed G01,True,True
Q2-017,471,8668.131293108869,8668.657448363167,"trajectory(x(t),y(t),z(t))",certified relay position at same global t,fixed G01,True,True
Q2-017,472,8668.657448363167,8669.607312230177,"trajectory(x(t),y(t),z(t))",certified relay position at same global t,fixed G01,True,True
Q2-017,473,8669.607312230177,8670.557176097187,"trajectory(x(t),y(t),z(t))",certified relay position at same global t,fixed G01,True,True
Q2-017,474,8670.557176097187,8671.507039964197,"trajectory(x(t),y(t),z(t))",certified relay position at same global t,fixed G01,True,True
Q2-017,475,8671.507039964197,8672.456903831207,"trajectory(x(t),y(t),z(t))",certified relay position at same global t,fixed G01,True,True
Q2-017,476,8672.456903831207,8673.406767698314,"trajectory(x(t),y(t),z(t))",certified relay position at same global t,fixed G01,True,True
Q2-017,477,8673.406767698314,8674.35663156542,"trajectory(x(t),y(t),z(t))",certified relay position at same global t,fixed G01,True,True
Q2-017,478,8674.35663156542,8675.30649543243,"trajectory(x(t),y(t),z(t))",certified relay position at same global t,fixed G01,True,True
Q2-017,479,8675.30649543243,8676.256359299441,"trajectory(x(t),y(t),z(t))",certified relay position at same global t,fixed G01,True,True
Q2-017,480,8676.256359299441,8677.206223166499,"trajectory(x(t),y(t),z(t))",certified relay position at same global t,fixed G01,True,True
Q2-017,481,8677.206223166499,8678.156087033556,"trajectory(x(t),y(t),z(t))",certified relay position at same global t,fixed G01,True,True
Q2-017,482,8678.156087033556,8679.105950900614,"trajectory(x(t),y(t),z(t))",certified relay position at same global t,fixed G01,True,True
Q2-017,483,8679.105950900614,8680.055814767671,"trajectory(x(t),y(t),z(t))",certified relay position at same global t,fixed G01,True,True
Q2-017,484,8680.055814767671,8681.005678634681,"trajectory(x(t),y(t),z(t))",certified relay position at same global t,fixed G01,True,True
Q2-017,485,8681.005678634681,8681.955542501692,"trajectory(x(t),y(t),z(t))",certified relay position at same global t,fixed G01,True,True
Q2-017,486,8681.955542501692,8682.905406368749,"trajectory(x(t),y(t),z(t))",certified relay position at same global t,fixed G01,True,True
Q2-017,487,8682.905406368749,8683.855270235807,"trajectory(x(t),y(t),z(t))",certified relay position at same global t,fixed G01,True,True
Q2-017,488,8683.855270235807,8684.805134102864,"trajectory(x(t),y(t),z(t))",certified relay position at same global t,fixed G01,True,True
Q2-017,489,8684.805134102864,8685.754997969922,"trajectory(x(t),y(t),z(t))",certified relay position at same global t,fixed G01,True,True
Q2-017,490,8685.754997969922,8686.704861836932,"trajectory(x(t),y(t),z(t))",certified relay position at same global t,fixed G01,True,True
Q2-017,491,8686.704861836932,8687.654725703942,"trajectory(x(t),y(t),z(t))",certified relay position at same global t,fixed G01,True,True
Q2-017,492,8687.654725703942,8688.604589571,"trajectory(x(t),y(t),z(t))",certified relay position at same global t,fixed G01,True,True
Q2-017,493,8688.604589571,8689.554453438057,"trajectory(x(t),y(t),z(t))",certified relay position at same global t,fixed G01,True,True
Q2-017,494,8689.554453438057,8690.504317305114,"trajectory(x(t),y(t),z(t))",certified relay position at same global t,fixed G01,True,True
Q2-017,495,8690.504317305114,8691.454181172172,"trajectory(x(t),y(t),z(t))",certified relay position at same global t,fixed G01,True,True
Q2-017,496,8691.454181172172,8692.404045039182,"trajectory(x(t),y(t),z(t))",certified relay position at same global t,fixed G01,True,True
Q2-017,497,8692.404045039182,8693.353908906192,"trajectory(x(t),y(t),z(t))",certified relay position at same global t,fixed G01,True,True
Q2-017,498,8693.353908906192,8694.30377277325,"trajectory(x(t),y(t),z(t))",certified relay position at same global t,fixed G01,True,True
Q2-017,499,8694.30377277325,8695.253636640307,"trajectory(x(t),y(t),z(t))",certified relay position at same global t,fixed G01,True,True
Q2-017,500,8695.253636640307,8696.203500507365,"trajectory(x(t),y(t),z(t))",certified relay position at same global t,fixed G01,True,True
Q2-017,501,8696.203500507365,8697.153364374422,"trajectory(x(t),y(t),z(t))",certified relay position at same global t,fixed G01,True,True
Q2-017,502,8697.153364374422,8697.562133313719,"trajectory(x(t),y(t),z(t))",certified relay position at same global t,fixed G01,True,True
Q2-017,503,8697.562133313719,8697.970902253015,"trajectory(x(t),y(t),z(t))",certified relay position at same global t,fixed G01,True,True
Q2-017,504,8697.970902253015,8698.511997180729,"trajectory(x(t),y(t),z(t))",certified relay position at same global t,fixed G01,True,True
Q2-017,505,8698.511997180729,8699.053092108443,"trajectory(x(t),y(t),z(t))",certified relay position at same global t,fixed G01,True,True
Q2-017,506,8699.053092108443,8700.0029559755,"trajectory(x(t),y(t),z(t))",certified relay position at same global t,fixed G01,True,True
Q2-017,507,8700.0029559755,8700.952819842558,"trajectory(x(t),y(t),z(t))",certified relay position at same global t,fixed G01,True,True
Q2-017,508,8700.952819842558,8701.902683709615,"trajectory(x(t),y(t),z(t))",certified relay position at same global t,fixed G01,True,True
Q2-017,509,8701.902683709615,8702.852547576673,"trajectory(x(t),y(t),z(t))",certified relay position at same global t,fixed G01,True,True
Q2-017,510,8702.852547576673,8703.802411443683,"trajectory(x(t),y(t),z(t))",certified relay position at same global t,fixed G01,True,True
Q2-017,511,8703.802411443683,8704.752275310693,"trajectory(x(t),y(t),z(t))",certified relay position at same global t,fixed G01,True,True
Q2-017,512,8704.752275310693,8705.70213917775,"trajectory(x(t),y(t),z(t))",certified relay position at same global t,fixed G01,True,True
Q2-017,513,8705.70213917775,8706.652003044808,"trajectory(x(t),y(t),z(t))",certified relay position at same global t,fixed G01,True,True
Q2-017,514,8706.652003044808,8707.601866911866,"trajectory(x(t),y(t),z(t))",certified relay position at same global t,fixed G01,True,True
Q2-017,515,8707.601866911866,8708.551730778923,"trajectory(x(t),y(t),z(t))",certified relay position at same global t,fixed G01,True,True
Q2-017,516,8708.551730778923,8709.501594645933,"trajectory(x(t),y(t),z(t))",certified relay position at same global t,fixed G01,True,True
Q2-017,517,8709.501594645933,8710.451458512944,"trajectory(x(t),y(t),z(t))",certified relay position at same global t,fixed G01,True,True
Q2-017,518,8710.451458512944,8711.40132238005,"trajectory(x(t),y(t),z(t))",certified relay position at same global t,fixed G01,True,True
Q2-017,519,8711.40132238005,8712.351186247157,"trajectory(x(t),y(t),z(t))",certified relay position at same global t,fixed G01,True,True
Q2-017,520,8712.351186247157,8713.301050114167,"trajectory(x(t),y(t),z(t))",certified relay position at same global t,fixed G01,True,True
Q2-018,374,13285.957280906769,13286.664996614181,"trajectory(x(t),y(t),z(t))",certified relay position at same global t,fixed G01,True,False
Q2-018,375,13286.664996614181,13287.318515473733,"trajectory(x(t),y(t),z(t))",certified relay position at same global t,fixed G01,True,False
Q2-018,376,13287.318515473733,13287.972034333285,"trajectory(x(t),y(t),z(t))",certified relay position at same global t,fixed G01,True,False
Q2-018,377,13287.972034333285,13288.767220093634,"trajectory(x(t),y(t),z(t))",certified relay position at same global t,fixed G01,True,False
Q2-018,378,13288.767220093634,13289.562405853983,"trajectory(x(t),y(t),z(t))",certified relay position at same global t,fixed G01,True,False
Q2-018,379,13289.562405853983,13290.128454660566,"trajectory(x(t),y(t),z(t))",certified relay position at same global t,fixed G01,True,False
Q2-018,380,13290.128454660566,13290.694503467148,"trajectory(x(t),y(t),z(t))",certified relay position at same global t,fixed G01,True,False
Q2-018,381,13290.694503467148,13291.577159280616,"trajectory(x(t),y(t),z(t))",certified relay position at same global t,fixed G01,True,False
Q2-018,382,13291.577159280616,13292.459815094084,"trajectory(x(t),y(t),z(t))",certified relay position at same global t,fixed G01,True,False
Q2-018,383,13292.459815094084,13292.938393847548,"trajectory(x(t),y(t),z(t))",certified relay position at same global t,fixed G01,True,False
Q2-018,384,13292.938393847548,13293.416972601011,"trajectory(x(t),y(t),z(t))",certified relay position at same global t,fixed G01,True,False
Q2-018,385,13293.416972601011,13294.387098467449,"trajectory(x(t),y(t),z(t))",certified relay position at same global t,fixed G01,True,False
Q2-018,386,13294.387098467449,13295.357224333886,"trajectory(x(t),y(t),z(t))",certified relay position at same global t,fixed G01,True,False
Q2-018,387,13295.357224333886,13295.748333034413,"trajectory(x(t),y(t),z(t))",certified relay position at same global t,fixed G01,True,False
Q2-018,388,13295.748333034413,13296.13944173494,"trajectory(x(t),y(t),z(t))",certified relay position at same global t,fixed G01,True,False
Q2-018,389,13296.13944173494,13297.197037654314,"trajectory(x(t),y(t),z(t))",certified relay position at same global t,fixed G01,True,False
Q2-018,390,13297.197037654314,13298.254633573688,"trajectory(x(t),y(t),z(t))",certified relay position at same global t,fixed G01,True,False
Q2-018,391,13298.254633573688,13298.558272221246,"trajectory(x(t),y(t),z(t))",certified relay position at same global t,fixed G01,True,False
Q2-018,392,13298.558272221246,13298.861910868804,"trajectory(x(t),y(t),z(t))",certified relay position at same global t,fixed G01,True,False
Q2-018,393,13298.861910868804,13300.006976841296,"trajectory(x(t),y(t),z(t))",certified relay position at same global t,fixed G01,True,False
Q2-018,394,13300.006976841296,13301.152042813788,"trajectory(x(t),y(t),z(t))",certified relay position at same global t,fixed G01,True,False
Q2-018,395,13301.152042813788,13301.368211408244,"trajectory(x(t),y(t),z(t))",certified relay position at same global t,fixed G01,True,False
Q2-018,396,13301.368211408244,13301.5843800027,"trajectory(x(t),y(t),z(t))",certified relay position at same global t,fixed G01,True,False
Q2-018,397,13301.5843800027,13302.816916028145,"trajectory(x(t),y(t),z(t))",certified relay position at same global t,fixed G01,True,False
Q2-018,398,13302.816916028145,13304.04945205359,"trajectory(x(t),y(t),z(t))",certified relay position at same global t,fixed G01,True,False
Q2-018,399,13304.04945205359,13304.178150595093,"trajectory(x(t),y(t),z(t))",certified relay position at same global t,fixed G01,True,False
Q2-018,400,13304.178150595093,13304.306849136596,"trajectory(x(t),y(t),z(t))",certified relay position at same global t,fixed G01,True,False
Q2-018,401,13304.306849136596,13305.626855214994,"trajectory(x(t),y(t),z(t))",certified relay position at same global t,fixed G01,True,False
Q2-018,402,13305.626855214994,13306.946861293392,"trajectory(x(t),y(t),z(t))",certified relay position at same global t,fixed G01,True,False
Q2-018,403,13306.946861293392,13306.988089781926,"trajectory(x(t),y(t),z(t))",certified relay position at same global t,fixed G01,True,False
Q2-018,404,13306.988089781926,13307.029318270459,"trajectory(x(t),y(t),z(t))",certified relay position at same global t,fixed G01,True,False
Q2-018,405,13307.029318270459,13308.390552837407,"trajectory(x(t),y(t),z(t))",certified relay position at same global t,fixed G01,True,False
Q2-018,406,13308.390552837407,13309.751787404355,"trajectory(x(t),y(t),z(t))",certified relay position at same global t,fixed G01,True,False
Q2-018,407,13309.751787404355,13309.798028968924,"trajectory(x(t),y(t),z(t))",certified relay position at same global t,fixed G01,True,False
Q2-018,408,13309.798028968924,13309.844270533493,"trajectory(x(t),y(t),z(t))",certified relay position at same global t,fixed G01,True,False
Q2-018,409,13309.844270533493,13311.159263535872,"trajectory(x(t),y(t),z(t))",certified relay position at same global t,fixed G01,True,False
Q2-018,410,13311.159263535872,13312.474256538251,"trajectory(x(t),y(t),z(t))",certified relay position at same global t,fixed G01,True,False
Q2-018,411,13312.474256538251,13312.607968155773,"trajectory(x(t),y(t),z(t))",certified relay position at same global t,fixed G01,True,False
Q2-018,412,13312.607968155773,13312.741679773295,"trajectory(x(t),y(t),z(t))",certified relay position at same global t,fixed G01,True,False
Q2-018,413,13312.741679773295,13313.969202722705,"trajectory(x(t),y(t),z(t))",certified relay position at same global t,fixed G01,True,False
Q2-018,414,13313.969202722705,13315.196725672115,"trajectory(x(t),y(t),z(t))",certified relay position at same global t,fixed G01,True,False
Q2-018,415,13315.196725672115,13315.417907342606,"trajectory(x(t),y(t),z(t))",certified relay position at same global t,fixed G01,True,False
Q2-018,416,13315.417907342606,13315.639089013097,"trajectory(x(t),y(t),z(t))",certified relay position at same global t,fixed G01,True,False
Q2-018,417,13315.639089013097,13316.77914190957,"trajectory(x(t),y(t),z(t))",certified relay position at same global t,fixed G01,True,False
Q2-018,418,13316.77914190957,13317.919194806043,"trajectory(x(t),y(t),z(t))",certified relay position at same global t,fixed G01,True,False
Q2-018,419,13317.919194806043,13318.227846529619,"trajectory(x(t),y(t),z(t))",certified relay position at same global t,fixed G01,True,False
Q2-018,420,13318.227846529619,13318.536498253194,"trajectory(x(t),y(t),z(t))",certified relay position at same global t,fixed G01,True,False
Q2-018,421,13318.536498253194,13319.589081096548,"trajectory(x(t),y(t),z(t))",certified relay position at same global t,fixed G01,True,False
Q2-018,422,13319.589081096548,13320.641663939903,"trajectory(x(t),y(t),z(t))",certified relay position at same global t,fixed G01,True,False
Q2-018,423,13320.641663939903,13321.03778571645,"trajectory(x(t),y(t),z(t))",certified relay position at same global t,fixed G01,True,False
Q2-018,424,13321.03778571645,13321.433907492996,"trajectory(x(t),y(t),z(t))",certified relay position at same global t,fixed G01,True,False
Q2-018,425,13321.433907492996,13322.399020283381,"trajectory(x(t),y(t),z(t))",certified relay position at same global t,fixed G01,True,False
Q2-018,426,13322.399020283381,13323.364133073766,"trajectory(x(t),y(t),z(t))",certified relay position at same global t,fixed G01,True,False
Q2-018,427,13323.364133073766,13323.847724903282,"trajectory(x(t),y(t),z(t))",certified relay position at same global t,fixed G01,True,False
Q2-018,428,13323.847724903282,13324.331316732798,"trajectory(x(t),y(t),z(t))",certified relay position at same global t,fixed G01,True,False
Q2-018,429,13324.331316732798,13325.208959470247,"trajectory(x(t),y(t),z(t))",certified relay position at same global t,fixed G01,True,False
Q2-018,430,13325.208959470247,13326.086602207695,"trajectory(x(t),y(t),z(t))",certified relay position at same global t,fixed G01,True,False
Q2-018,431,13326.086602207695,13326.657664090295,"trajectory(x(t),y(t),z(t))",certified relay position at same global t,fixed G01,True,False
Q2-018,432,13326.657664090295,13327.228725972895,"trajectory(x(t),y(t),z(t))",certified relay position at same global t,fixed G01,True,False
Q2-018,433,13327.228725972895,13328.018898657225,"trajectory(x(t),y(t),z(t))",certified relay position at same global t,fixed G01,True,False
Q2-018,434,13328.018898657225,13328.809071341555,"trajectory(x(t),y(t),z(t))",certified relay position at same global t,fixed G01,True,False
Q2-018,435,13328.809071341555,13329.467603277126,"trajectory(x(t),y(t),z(t))",certified relay position at same global t,fixed G01,True,False
Q2-018,436,13329.467603277126,13330.126135212697,"trajectory(x(t),y(t),z(t))",certified relay position at same global t,fixed G01,True,False
Q2-018,437,13330.126135212697,13330.828837844074,"trajectory(x(t),y(t),z(t))",certified relay position at same global t,fixed G01,True,False
Q2-018,438,13330.828837844074,13331.531540475451,"trajectory(x(t),y(t),z(t))",certified relay position at same global t,fixed G01,True,False
Q2-018,439,13331.531540475451,13332.277542464048,"trajectory(x(t),y(t),z(t))",certified relay position at same global t,fixed G01,True,False
Q2-018,440,13332.277542464048,13333.023544452644,"trajectory(x(t),y(t),z(t))",certified relay position at same global t,fixed G01,True,False
Q2-018,441,13333.023544452644,13333.638777030996,"trajectory(x(t),y(t),z(t))",certified relay position at same global t,fixed G01,True,False
Q2-018,442,13333.638777030996,13334.254009609347,"trajectory(x(t),y(t),z(t))",certified relay position at same global t,fixed G01,True,False
Q2-018,443,13334.254009609347,13335.087481650971,"trajectory(x(t),y(t),z(t))",certified relay position at same global t,fixed G01,True,False
Q2-018,444,13335.087481650971,13335.920953692596,"trajectory(x(t),y(t),z(t))",certified relay position at same global t,fixed G01,True,False
Q2-018,445,13335.920953692596,13336.448716217901,"trajectory(x(t),y(t),z(t))",certified relay position at same global t,fixed G01,True,False
Q2-018,446,13336.448716217901,13336.976478743207,"trajectory(x(t),y(t),z(t))",certified relay position at same global t,fixed G01,True,False
Q2-018,447,13336.976478743207,13337.897420837802,"trajectory(x(t),y(t),z(t))",certified relay position at same global t,fixed G01,True,False
Q2-018,448,13337.897420837802,13338.818362932398,"trajectory(x(t),y(t),z(t))",certified relay position at same global t,fixed G01,True,False
Q2-018,449,13338.818362932398,13339.258655404768,"trajectory(x(t),y(t),z(t))",certified relay position at same global t,fixed G01,True,False
Q2-018,450,13339.258655404768,13339.69894787714,"trajectory(x(t),y(t),z(t))",certified relay position at same global t,fixed G01,True,False
Q2-018,451,13339.69894787714,13340.707360024744,"trajectory(x(t),y(t),z(t))",certified relay position at same global t,fixed G01,True,False
Q2-018,452,13340.707360024744,13341.715772172349,"trajectory(x(t),y(t),z(t))",certified relay position at same global t,fixed G01,True,False
Q2-018,453,13341.715772172349,13342.068594591676,"trajectory(x(t),y(t),z(t))",certified relay position at same global t,fixed G01,True,False
Q2-018,454,13342.068594591676,13342.421417011003,"trajectory(x(t),y(t),z(t))",certified relay position at same global t,fixed G01,True,False
Q2-018,455,13342.421417011003,13343.517299211651,"trajectory(x(t),y(t),z(t))",certified relay position at same global t,fixed G01,True,False
Q2-018,456,13343.517299211651,13344.6131814123,"trajectory(x(t),y(t),z(t))",certified relay position at same global t,fixed G01,True,False
Q2-018,457,13344.6131814123,13344.878533778581,"trajectory(x(t),y(t),z(t))",certified relay position at same global t,fixed G01,True,False
Q2-018,458,13344.878533778581,13345.143886144862,"trajectory(x(t),y(t),z(t))",certified relay position at same global t,fixed G01,True,False
Q2-018,459,13345.143886144862,13346.327238398482,"trajectory(x(t),y(t),z(t))",certified relay position at same global t,fixed G01,True,False
Q2-018,460,13346.327238398482,13347.510590652102,"trajectory(x(t),y(t),z(t))",certified relay position at same global t,fixed G01,True,False
Q2-018,461,13347.510590652102,13347.688472965448,"trajectory(x(t),y(t),z(t))",certified relay position at same global t,fixed G01,True,False
Q2-018,462,13347.688472965448,13347.866355278795,"trajectory(x(t),y(t),z(t))",certified relay position at same global t,fixed G01,True,False
Q2-018,463,13347.866355278795,13349.137177585424,"trajectory(x(t),y(t),z(t))",certified relay position at same global t,fixed G01,True,False
Q2-018,464,13349.137177585424,13350.407999892053,"trajectory(x(t),y(t),z(t))",certified relay position at same global t,fixed G01,True,False
Q2-018,465,13350.407999892053,13350.498412152356,"trajectory(x(t),y(t),z(t))",certified relay position at same global t,fixed G01,True,False
Q2-018,466,13350.498412152356,13350.588824412658,"trajectory(x(t),y(t),z(t))",certified relay position at same global t,fixed G01,True,False
Q2-018,467,13350.588824412658,13351.947116772331,"trajectory(x(t),y(t),z(t))",certified relay position at same global t,fixed G01,True,False
Q2-018,468,13351.947116772331,13353.305409132005,"trajectory(x(t),y(t),z(t))",certified relay position at same global t,fixed G01,True,False
Q2-018,469,13353.305409132005,13353.30835133928,"trajectory(x(t),y(t),z(t))",certified relay position at same global t,fixed G01,True,False
Q2-018,470,13353.30835133928,13353.311293546554,"trajectory(x(t),y(t),z(t))",certified relay position at same global t,fixed G01,True,False
Q2-018,471,13353.311293546554,13354.672528113502,"trajectory(x(t),y(t),z(t))",certified relay position at same global t,fixed G01,True,False
Q2-018,472,13354.672528113502,13356.03376268045,"trajectory(x(t),y(t),z(t))",certified relay position at same global t,fixed G01,True,False
Q2-018,473,13356.03376268045,13356.118290526128,"trajectory(x(t),y(t),z(t))",certified relay position at same global t,fixed G01,True,False
Q2-018,474,13356.118290526128,13356.202818371807,"trajectory(x(t),y(t),z(t))",certified relay position at same global t,fixed G01,True,False
Q2-018,475,13356.202818371807,13357.479525093058,"trajectory(x(t),y(t),z(t))",certified relay position at same global t,fixed G01,True,False
Q2-018,476,13357.479525093058,13358.75623181431,"trajectory(x(t),y(t),z(t))",certified relay position at same global t,fixed G01,True,False
Q2-018,477,13358.75623181431,13358.928229713032,"trajectory(x(t),y(t),z(t))",certified relay position at same global t,fixed G01,True,False
Q2-018,478,13358.928229713032,13359.100227611754,"trajectory(x(t),y(t),z(t))",certified relay position at same global t,fixed G01,True,False
Q2-018,479,13359.100227611754,13360.28946427998,"trajectory(x(t),y(t),z(t))",certified relay position at same global t,fixed G01,True,False
Q2-018,480,13360.28946427998,13361.478700948206,"trajectory(x(t),y(t),z(t))",certified relay position at same global t,fixed G01,True,False
Q2-018,481,13361.478700948206,13361.738168899956,"trajectory(x(t),y(t),z(t))",certified relay position at same global t,fixed G01,True,False
Q2-018,482,13361.738168899956,13361.997636851705,"trajectory(x(t),y(t),z(t))",certified relay position at same global t,fixed G01,True,False
Q2-018,483,13361.997636851705,13363.099403466904,"trajectory(x(t),y(t),z(t))",certified relay position at same global t,fixed G01,True,False
Q2-018,484,13363.099403466904,13364.201170082102,"trajectory(x(t),y(t),z(t))",certified relay position at same global t,fixed G01,True,False
Q2-018,485,13364.201170082102,13364.548108086805,"trajectory(x(t),y(t),z(t))",certified relay position at same global t,fixed G01,True,False
Q2-018,486,13364.548108086805,13364.895046091508,"trajectory(x(t),y(t),z(t))",certified relay position at same global t,fixed G01,True,False
Q2-018,487,13364.895046091508,13365.909342653735,"trajectory(x(t),y(t),z(t))",certified relay position at same global t,fixed G01,True,False
Q2-018,488,13365.909342653735,13366.923639215962,"trajectory(x(t),y(t),z(t))",certified relay position at same global t,fixed G01,True,False
Q2-018,489,13366.923639215962,13367.358047273709,"trajectory(x(t),y(t),z(t))",certified relay position at same global t,fixed G01,True,False
Q2-018,490,13367.358047273709,13367.792455331455,"trajectory(x(t),y(t),z(t))",certified relay position at same global t,fixed G01,True,False
Q2-018,491,13367.792455331455,13368.719281840673,"trajectory(x(t),y(t),z(t))",certified relay position at same global t,fixed G01,True,False
Q2-018,492,13368.719281840673,13369.64610834989,"trajectory(x(t),y(t),z(t))",certified relay position at same global t,fixed G01,True,False
Q2-018,493,13369.64610834989,13370.167986460649,"trajectory(x(t),y(t),z(t))",certified relay position at same global t,fixed G01,True,False
Q2-018,494,13370.167986460649,13370.689864571406,"trajectory(x(t),y(t),z(t))",certified relay position at same global t,fixed G01,True,False
Q2-018,495,13370.689864571406,13371.52922102758,"trajectory(x(t),y(t),z(t))",certified relay position at same global t,fixed G01,True,False
Q2-018,496,13371.52922102758,13372.368577483754,"trajectory(x(t),y(t),z(t))",certified relay position at same global t,fixed G01,True,False
Q2-018,497,13372.368577483754,13372.977925647481,"trajectory(x(t),y(t),z(t))",certified relay position at same global t,fixed G01,True,False
Q2-018,498,13372.977925647481,13373.587273811208,"trajectory(x(t),y(t),z(t))",certified relay position at same global t,fixed G01,True,False
Q2-018,499,13373.587273811208,13374.339160214411,"trajectory(x(t),y(t),z(t))",certified relay position at same global t,fixed G01,True,False
Q2-018,500,13374.339160214411,13375.091046617614,"trajectory(x(t),y(t),z(t))",certified relay position at same global t,fixed G01,True,False
Q2-018,501,13375.091046617614,13375.787864834385,"trajectory(x(t),y(t),z(t))",certified relay position at same global t,fixed G01,True,False
Q2-018,502,13375.787864834385,13376.484683051156,"trajectory(x(t),y(t),z(t))",certified relay position at same global t,fixed G01,True,False
Q2-018,503,13376.484683051156,13377.14909940135,"trajectory(x(t),y(t),z(t))",certified relay position at same global t,fixed G01,True,False
Q2-018,504,13377.14909940135,13377.813515751543,"trajectory(x(t),y(t),z(t))",certified relay position at same global t,fixed G01,True,False
Q2-018,505,13377.813515751543,13378.597804021325,"trajectory(x(t),y(t),z(t))",certified relay position at same global t,fixed G01,True,False
Q2-018,506,13378.597804021325,13379.382092291107,"trajectory(x(t),y(t),z(t))",certified relay position at same global t,fixed G01,True,False
Q2-018,507,13379.382092291107,13379.959038588257,"trajectory(x(t),y(t),z(t))",certified relay position at same global t,fixed G01,True,False
Q2-018,508,13379.959038588257,13380.535984885406,"trajectory(x(t),y(t),z(t))",certified relay position at same global t,fixed G01,True,False
Q2-018,509,13380.535984885406,13381.407743208158,"trajectory(x(t),y(t),z(t))",certified relay position at same global t,fixed G01,True,False
Q2-018,510,13381.407743208158,13382.27950153091,"trajectory(x(t),y(t),z(t))",certified relay position at same global t,fixed G01,True,False
Q2-018,511,13382.27950153091,13382.768977775106,"trajectory(x(t),y(t),z(t))",certified relay position at same global t,fixed G01,True,False
Q2-018,512,13382.768977775106,13383.258454019302,"trajectory(x(t),y(t),z(t))",certified relay position at same global t,fixed G01,True,False
Q2-018,513,13383.258454019302,13384.217682395156,"trajectory(x(t),y(t),z(t))",certified relay position at same global t,fixed G01,True,False
Q2-018,514,13384.217682395156,13385.17691077101,"trajectory(x(t),y(t),z(t))",certified relay position at same global t,fixed G01,True,False
Q2-018,515,13385.17691077101,13385.578916962104,"trajectory(x(t),y(t),z(t))",certified relay position at same global t,fixed G01,True,False
Q2-018,516,13385.578916962104,13385.980923153198,"trajectory(x(t),y(t),z(t))",certified relay position at same global t,fixed G01,True,False
Q2-018,517,13385.980923153198,13387.027621582005,"trajectory(x(t),y(t),z(t))",certified relay position at same global t,fixed G01,True,False
Q2-018,518,13387.027621582005,13388.074320010812,"trajectory(x(t),y(t),z(t))",certified relay position at same global t,fixed G01,True,False
Q2-018,519,13388.074320010812,13388.388856148937,"trajectory(x(t),y(t),z(t))",certified relay position at same global t,fixed G01,True,False
Q2-018,520,13388.388856148937,13388.703392287061,"trajectory(x(t),y(t),z(t))",certified relay position at same global t,fixed G01,True,False
Q2-018,521,13388.703392287061,13389.837560768838,"trajectory(x(t),y(t),z(t))",certified relay position at same global t,fixed G01,True,False
Q2-018,522,13389.837560768838,13390.971729250614,"trajectory(x(t),y(t),z(t))",certified relay position at same global t,fixed G01,True,False
Q2-018,523,13390.971729250614,13391.198795335802,"trajectory(x(t),y(t),z(t))",certified relay position at same global t,fixed G01,True,False
Q2-018,524,13391.198795335802,13391.42586142099,"trajectory(x(t),y(t),z(t))",certified relay position at same global t,fixed G01,True,False
Q2-018,525,13391.42586142099,13392.64749995585,"trajectory(x(t),y(t),z(t))",certified relay position at same global t,fixed G01,True,False
Q2-018,526,13392.64749995585,13393.86913849071,"trajectory(x(t),y(t),z(t))",certified relay position at same global t,fixed G01,True,False
Q2-018,527,13393.86913849071,13394.00873452278,"trajectory(x(t),y(t),z(t))",certified relay position at same global t,fixed G01,True,False
Q2-018,528,13394.00873452278,13394.14833055485,"trajectory(x(t),y(t),z(t))",certified relay position at same global t,fixed G01,True,False
Q2-018,529,13394.14833055485,13395.457439142681,"trajectory(x(t),y(t),z(t))",certified relay position at same global t,fixed G01,True,False
Q2-018,530,13395.457439142681,13396.766547730513,"trajectory(x(t),y(t),z(t))",certified relay position at same global t,fixed G01,True,False
Q2-018,531,13396.766547730513,13396.818673709613,"trajectory(x(t),y(t),z(t))",certified relay position at same global t,fixed G01,True,False
Q2-018,532,13396.818673709613,13396.870799688713,"trajectory(x(t),y(t),z(t))",certified relay position at same global t,fixed G01,True,False
Q2-018,533,13396.870799688713,13398.23203425568,"trajectory(x(t),y(t),z(t))",certified relay position at same global t,fixed G01,True,False
Q2-018,534,13398.23203425568,13399.593268822646,"trajectory(x(t),y(t),z(t))",certified relay position at same global t,fixed G01,True,False
Q2-018,535,13399.593268822646,13399.628612896482,"trajectory(x(t),y(t),z(t))",certified relay position at same global t,fixed G01,True,False
Q2-018,536,13399.628612896482,13399.663956970318,"trajectory(x(t),y(t),z(t))",certified relay position at same global t,fixed G01,True,False
Q2-018,537,13399.663956970318,13400.989847463414,"trajectory(x(t),y(t),z(t))",certified relay position at same global t,fixed G01,True,False
Q2-018,538,13400.989847463414,13402.31573795651,"trajectory(x(t),y(t),z(t))",certified relay position at same global t,fixed G01,True,False
Q2-018,539,13402.31573795651,13402.438552083464,"trajectory(x(t),y(t),z(t))",certified relay position at same global t,fixed G01,True,False
Q2-018,540,13402.438552083464,13402.561366210419,"trajectory(x(t),y(t),z(t))",certified relay position at same global t,fixed G01,True,False
Q2-018,541,13402.561366210419,13403.799786650412,"trajectory(x(t),y(t),z(t))",certified relay position at same global t,fixed G01,True,False
Q2-018,542,13403.799786650412,13405.038207090405,"trajectory(x(t),y(t),z(t))",certified relay position at same global t,fixed G01,True,False
Q2-018,543,13405.038207090405,13405.248491270313,"trajectory(x(t),y(t),z(t))",certified relay position at same global t,fixed G01,True,False
Q2-018,544,13405.248491270313,13405.45877545022,"trajectory(x(t),y(t),z(t))",certified relay position at same global t,fixed G01,True,False
Q2-018,545,13405.45877545022,13406.609725837261,"trajectory(x(t),y(t),z(t))",certified relay position at same global t,fixed G01,True,False
Q2-018,546,13406.609725837261,13407.760676224301,"trajectory(x(t),y(t),z(t))",certified relay position at same global t,fixed G01,True,False
Q2-018,547,13407.760676224301,13408.058430457162,"trajectory(x(t),y(t),z(t))",certified relay position at same global t,fixed G01,True,False
Q2-018,548,13408.058430457162,13408.356184690023,"trajectory(x(t),y(t),z(t))",certified relay position at same global t,fixed G01,True,False
Q2-018,549,13408.356184690023,13409.419665024094,"trajectory(x(t),y(t),z(t))",certified relay position at same global t,fixed G01,True,False
Q2-018,550,13409.419665024094,13410.483145358165,"trajectory(x(t),y(t),z(t))",certified relay position at same global t,fixed G01,True,False
Q2-018,551,13410.483145358165,13410.868369644144,"trajectory(x(t),y(t),z(t))",certified relay position at same global t,fixed G01,True,False
Q2-018,552,13410.868369644144,13411.253593930123,"trajectory(x(t),y(t),z(t))",certified relay position at same global t,fixed G01,True,False
Q2-018,553,13411.253593930123,13412.22960421111,"trajectory(x(t),y(t),z(t))",certified relay position at same global t,fixed G01,True,False
Q2-018,554,13412.22960421111,13413.205614492097,"trajectory(x(t),y(t),z(t))",certified relay position at same global t,fixed G01,True,False
Q2-018,555,13413.205614492097,13413.678308831011,"trajectory(x(t),y(t),z(t))",certified relay position at same global t,fixed G01,True,False
Q2-018,556,13413.678308831011,13414.151003169925,"trajectory(x(t),y(t),z(t))",certified relay position at same global t,fixed G01,True,False
Q2-018,557,13414.151003169925,13415.039543397941,"trajectory(x(t),y(t),z(t))",certified relay position at same global t,fixed G01,True,False
Q2-018,558,13415.039543397941,13415.928083625957,"trajectory(x(t),y(t),z(t))",certified relay position at same global t,fixed G01,True,False
Q2-018,559,13415.928083625957,13416.488248017842,"trajectory(x(t),y(t),z(t))",certified relay position at same global t,fixed G01,True,False
Q2-018,560,13416.488248017842,13417.048412409727,"trajectory(x(t),y(t),z(t))",certified relay position at same global t,fixed G01,True,False
Q2-018,561,13417.048412409727,13417.849482584774,"trajectory(x(t),y(t),z(t))",certified relay position at same global t,fixed G01,True,False
Q2-018,562,13417.849482584774,13418.65055275982,"trajectory(x(t),y(t),z(t))",certified relay position at same global t,fixed G01,True,False
Q2-018,563,13418.65055275982,13419.298187204824,"trajectory(x(t),y(t),z(t))",certified relay position at same global t,fixed G01,True,False
Q2-018,564,13419.298187204824,13419.945821649828,"trajectory(x(t),y(t),z(t))",certified relay position at same global t,fixed G01,True,False
Q2-018,565,13419.945821649828,13420.65942177179,"trajectory(x(t),y(t),z(t))",certified relay position at same global t,fixed G01,True,False
Q2-018,566,13420.65942177179,13421.373021893753,"trajectory(x(t),y(t),z(t))",certified relay position at same global t,fixed G01,True,False
Q2-018,567,13421.373021893753,13422.108126391691,"trajectory(x(t),y(t),z(t))",certified relay position at same global t,fixed G01,True,False
Q2-018,568,13422.108126391691,13422.84323088963,"trajectory(x(t),y(t),z(t))",certified relay position at same global t,fixed G01,True,False
Q2-018,569,13422.84323088963,13423.469360958621,"trajectory(x(t),y(t),z(t))",certified relay position at same global t,fixed G01,True,False
Q2-018,570,13423.469360958621,13424.095491027612,"trajectory(x(t),y(t),z(t))",certified relay position at same global t,fixed G01,True,False
Q2-018,571,13424.095491027612,13424.826855135736,"trajectory(x(t),y(t),z(t))",certified relay position at same global t,fixed G01,True,False
Q2-018,572,13424.826855135736,13425.55821924386,"trajectory(x(t),y(t),z(t))",certified relay position at same global t,fixed G01,True,False
Q2-018,573,13425.55821924386,13464.477921392298,"trajectory(x(t),y(t),z(t))",certified relay position at same global t,fixed G01,True,False
Q2-018,574,13464.477921392298,13704.477921392298,"trajectory(x(t),y(t),z(t))",certified relay position at same global t,fixed G01,True,False
Q2-018,575,13704.477921392298,13736.911006515995,"trajectory(x(t),y(t),z(t))",certified relay position at same global t,fixed G01,True,False
Q2-018,576,13736.911006515995,13737.642370624118,"trajectory(x(t),y(t),z(t))",certified relay position at same global t,fixed G01,True,False
Q2-018,577,13737.642370624118,13738.373734732242,"trajectory(x(t),y(t),z(t))",certified relay position at same global t,fixed G01,True,False
Q2-018,578,13738.373734732242,13738.999864801233,"trajectory(x(t),y(t),z(t))",certified relay position at same global t,fixed G01,True,False
Q2-018,579,13738.999864801233,13739.625994870225,"trajectory(x(t),y(t),z(t))",certified relay position at same global t,fixed G01,True,False
Q2-018,580,13739.625994870225,13740.361099368163,"trajectory(x(t),y(t),z(t))",certified relay position at same global t,fixed G01,True,False
Q2-018,581,13740.361099368163,13741.096203866102,"trajectory(x(t),y(t),z(t))",certified relay position at same global t,fixed G01,True,False
Q2-018,582,13741.096203866102,13741.809803988064,"trajectory(x(t),y(t),z(t))",certified relay position at same global t,fixed G01,True,False
Q2-018,583,13741.809803988064,13742.523404110027,"trajectory(x(t),y(t),z(t))",certified relay position at same global t,fixed G01,True,False
Q2-018,584,13742.523404110027,13743.17103855503,"trajectory(x(t),y(t),z(t))",certified relay position at same global t,fixed G01,True,False
Q2-018,585,13743.17103855503,13743.818673000034,"trajectory(x(t),y(t),z(t))",certified relay position at same global t,fixed G01,True,False
Q2-018,586,13743.818673000034,13744.61974317508,"trajectory(x(t),y(t),z(t))",certified relay position at same global t,fixed G01,True,False
Q2-018,587,13744.61974317508,13745.420813350127,"trajectory(x(t),y(t),z(t))",certified relay position at same global t,fixed G01,True,False
Q2-018,588,13745.420813350127,13745.980977742012,"trajectory(x(t),y(t),z(t))",certified relay position at same global t,fixed G01,True,False
Q2-018,589,13745.980977742012,13746.541142133898,"trajectory(x(t),y(t),z(t))",certified relay position at same global t,fixed G01,True,False
Q2-018,590,13746.541142133898,13747.429682361913,"trajectory(x(t),y(t),z(t))",certified relay position at same global t,fixed G01,True,False
Q2-018,591,13747.429682361913,13748.318222589929,"trajectory(x(t),y(t),z(t))",certified relay position at same global t,fixed G01,True,False
Q2-018,592,13748.318222589929,13748.790916928843,"trajectory(x(t),y(t),z(t))",certified relay position at same global t,fixed G01,True,False
Q2-018,593,13748.790916928843,13749.263611267757,"trajectory(x(t),y(t),z(t))",certified relay position at same global t,fixed G01,True,False
Q2-018,594,13749.263611267757,13750.239621548744,"trajectory(x(t),y(t),z(t))",certified relay position at same global t,fixed G01,True,False
Q2-018,595,13750.239621548744,13751.215631829731,"trajectory(x(t),y(t),z(t))",certified relay position at same global t,fixed G01,True,False
Q2-018,596,13751.215631829731,13751.60085611571,"trajectory(x(t),y(t),z(t))",certified relay position at same global t,fixed G01,True,False
Q2-018,597,13751.60085611571,13751.98608040169,"trajectory(x(t),y(t),z(t))",certified relay position at same global t,fixed G01,True,False
Q2-018,598,13751.98608040169,13753.04956073576,"trajectory(x(t),y(t),z(t))",certified relay position at same global t,fixed G01,True,False
Q2-018,599,13753.04956073576,13754.113041069832,"trajectory(x(t),y(t),z(t))",certified relay position at same global t,fixed G01,True,False
Q2-018,600,13754.113041069832,13754.410795302692,"trajectory(x(t),y(t),z(t))",certified relay position at same global t,fixed G01,True,False
Q2-018,601,13754.410795302692,13754.708549535553,"trajectory(x(t),y(t),z(t))",certified relay position at same global t,fixed G01,True,False
Q2-018,602,13754.708549535553,13755.859499922593,"trajectory(x(t),y(t),z(t))",certified relay position at same global t,fixed G01,True,False
Q2-018,603,13755.859499922593,13757.010450309634,"trajectory(x(t),y(t),z(t))",certified relay position at same global t,fixed G01,True,False
Q2-018,604,13757.010450309634,13757.220734489541,"trajectory(x(t),y(t),z(t))",certified relay position at same global t,fixed G01,True,False
Q2-018,605,13757.220734489541,13757.43101866945,"trajectory(x(t),y(t),z(t))",certified relay position at same global t,fixed G01,True,False
Q2-018,606,13757.43101866945,13758.669439109442,"trajectory(x(t),y(t),z(t))",certified relay position at same global t,fixed G01,True,False
Q2-018,607,13758.669439109442,13759.907859549436,"trajectory(x(t),y(t),z(t))",certified relay position at same global t,fixed G01,True,False
Q2-018,608,13759.907859549436,13760.03067367639,"trajectory(x(t),y(t),z(t))",certified relay position at same global t,fixed G01,True,False
Q2-018,609,13760.03067367639,13760.153487803345,"trajectory(x(t),y(t),z(t))",certified relay position at same global t,fixed G01,True,False
Q2-018,610,13760.153487803345,13761.47937829644,"trajectory(x(t),y(t),z(t))",certified relay position at same global t,fixed G01,True,False
Q2-018,611,13761.47937829644,13762.805268789536,"trajectory(x(t),y(t),z(t))",certified relay position at same global t,fixed G01,True,False
Q2-018,612,13762.805268789536,13762.840612863372,"trajectory(x(t),y(t),z(t))",certified relay position at same global t,fixed G01,True,False
Q2-018,613,13762.840612863372,13762.875956937209,"trajectory(x(t),y(t),z(t))",certified relay position at same global t,fixed G01,True,False
Q2-018,614,13762.875956937209,13764.237191504175,"trajectory(x(t),y(t),z(t))",certified relay position at same global t,fixed G01,True,False
Q2-018,615,13764.237191504175,13765.598426071141,"trajectory(x(t),y(t),z(t))",certified relay position at same global t,fixed G01,True,False
Q2-018,616,13765.598426071141,13765.650552050241,"trajectory(x(t),y(t),z(t))",certified relay position at same global t,fixed G01,True,False
Q2-018,617,13765.650552050241,13765.702678029342,"trajectory(x(t),y(t),z(t))",certified relay position at same global t,fixed G01,True,False
Q2-018,618,13765.702678029342,13767.011786617173,"trajectory(x(t),y(t),z(t))",certified relay position at same global t,fixed G01,True,False
Q2-018,619,13767.011786617173,13768.320895205004,"trajectory(x(t),y(t),z(t))",certified relay position at same global t,fixed G01,True,False
Q2-018,620,13768.320895205004,13768.460491237074,"trajectory(x(t),y(t),z(t))",certified relay position at same global t,fixed G01,True,False
Q2-018,621,13768.460491237074,13768.600087269144,"trajectory(x(t),y(t),z(t))",certified relay position at same global t,fixed G01,True,False
Q2-018,622,13768.600087269144,13769.821725804004,"trajectory(x(t),y(t),z(t))",certified relay position at same global t,fixed G01,True,False
Q2-018,623,13769.821725804004,13771.043364338864,"trajectory(x(t),y(t),z(t))",certified relay position at same global t,fixed G01,True,False
Q2-018,624,13771.043364338864,13771.270430424052,"trajectory(x(t),y(t),z(t))",certified relay position at same global t,fixed G01,True,False
Q2-018,625,13771.270430424052,13771.49749650924,"trajectory(x(t),y(t),z(t))",certified relay position at same global t,fixed G01,True,False
Q2-018,626,13771.49749650924,13772.631664991017,"trajectory(x(t),y(t),z(t))",certified relay position at same global t,fixed G01,True,False
Q2-018,627,13772.631664991017,13773.765833472793,"trajectory(x(t),y(t),z(t))",certified relay position at same global t,fixed G01,True,False
Q2-018,628,13773.765833472793,13774.080369610918,"trajectory(x(t),y(t),z(t))",certified relay position at same global t,fixed G01,True,False
Q2-018,629,13774.080369610918,13774.394905749043,"trajectory(x(t),y(t),z(t))",certified relay position at same global t,fixed G01,True,False
Q2-018,630,13774.394905749043,13775.44160417785,"trajectory(x(t),y(t),z(t))",certified relay position at same global t,fixed G01,True,False
Q2-018,631,13775.44160417785,13776.488302606656,"trajectory(x(t),y(t),z(t))",certified relay position at same global t,fixed G01,True,False
Q2-018,632,13776.488302606656,13776.89030879775,"trajectory(x(t),y(t),z(t))",certified relay position at same global t,fixed G01,True,False
Q2-018,633,13776.89030879775,13777.292314988845,"trajectory(x(t),y(t),z(t))",certified relay position at same global t,fixed G01,True,False
Q2-018,634,13777.292314988845,13778.251543364699,"trajectory(x(t),y(t),z(t))",certified relay position at same global t,fixed G01,True,False
Q2-018,635,13778.251543364699,13779.210771740552,"trajectory(x(t),y(t),z(t))",certified relay position at same global t,fixed G01,True,False
Q2-018,636,13779.210771740552,13779.700247984749,"trajectory(x(t),y(t),z(t))",certified relay position at same global t,fixed G01,True,False
Q2-018,637,13779.700247984749,13780.189724228945,"trajectory(x(t),y(t),z(t))",certified relay position at same global t,fixed G01,True,False
Q2-018,638,13780.189724228945,13781.061482551697,"trajectory(x(t),y(t),z(t))",certified relay position at same global t,fixed G01,True,False
Q2-018,639,13781.061482551697,13781.933240874449,"trajectory(x(t),y(t),z(t))",certified relay position at same global t,fixed G01,True,False
Q2-018,640,13781.933240874449,13782.510187171598,"trajectory(x(t),y(t),z(t))",certified relay position at same global t,fixed G01,True,False
Q2-018,641,13782.510187171598,13783.087133468747,"trajectory(x(t),y(t),z(t))",certified relay position at same global t,fixed G01,True,False
Q2-018,642,13783.087133468747,13783.87142173853,"trajectory(x(t),y(t),z(t))",certified relay position at same global t,fixed G01,True,False
Q2-018,643,13783.87142173853,13784.655710008312,"trajectory(x(t),y(t),z(t))",certified relay position at same global t,fixed G01,True,False
Q2-018,644,13784.655710008312,13785.320126358505,"trajectory(x(t),y(t),z(t))",certified relay position at same global t,fixed G01,True,False
Q2-018,645,13785.320126358505,13785.984542708698,"trajectory(x(t),y(t),z(t))",certified relay position at same global t,fixed G01,True,False
Q2-018,646,13785.984542708698,13786.68136092547,"trajectory(x(t),y(t),z(t))",certified relay position at same global t,fixed G01,True,False
Q2-018,647,13786.68136092547,13787.37817914224,"trajectory(x(t),y(t),z(t))",certified relay position at same global t,fixed G01,True,False
Q2-018,648,13787.37817914224,13788.130065545443,"trajectory(x(t),y(t),z(t))",certified relay position at same global t,fixed G01,True,False
Q2-018,649,13788.130065545443,13788.881951948646,"trajectory(x(t),y(t),z(t))",certified relay position at same global t,fixed G01,True,False
Q2-018,650,13788.881951948646,13789.491300112373,"trajectory(x(t),y(t),z(t))",certified relay position at same global t,fixed G01,True,False
Q2-018,651,13789.491300112373,13790.1006482761,"trajectory(x(t),y(t),z(t))",certified relay position at same global t,fixed G01,True,False
Q2-018,652,13790.1006482761,13790.940004732274,"trajectory(x(t),y(t),z(t))",certified relay position at same global t,fixed G01,True,False
Q2-018,653,13790.940004732274,13791.779361188448,"trajectory(x(t),y(t),z(t))",certified relay position at same global t,fixed G01,True,False
Q2-018,654,13791.779361188448,13792.301239299206,"trajectory(x(t),y(t),z(t))",certified relay position at same global t,fixed G01,True,False
Q2-018,655,13792.301239299206,13792.823117409964,"trajectory(x(t),y(t),z(t))",certified relay position at same global t,fixed G01,True,False
Q2-018,656,13792.823117409964,13793.749943919182,"trajectory(x(t),y(t),z(t))",certified relay position at same global t,fixed G01,True,False
Q2-018,657,13793.749943919182,13794.6767704284,"trajectory(x(t),y(t),z(t))",certified relay position at same global t,fixed G01,True,False
Q2-018,658,13794.6767704284,13795.111178486146,"trajectory(x(t),y(t),z(t))",certified relay position at same global t,fixed G01,True,False
Q2-018,659,13795.111178486146,13795.545586543893,"trajectory(x(t),y(t),z(t))",certified relay position at same global t,fixed G01,True,False
Q2-018,660,13795.545586543893,13796.55988310612,"trajectory(x(t),y(t),z(t))",certified relay position at same global t,fixed G01,True,False
Q2-018,661,13796.55988310612,13797.574179668347,"trajectory(x(t),y(t),z(t))",certified relay position at same global t,fixed G01,True,False
Q2-018,662,13797.574179668347,13797.92111767305,"trajectory(x(t),y(t),z(t))",certified relay position at same global t,fixed G01,True,False
Q2-018,663,13797.92111767305,13798.268055677752,"trajectory(x(t),y(t),z(t))",certified relay position at same global t,fixed G01,True,False
Q2-018,664,13798.268055677752,13799.36982229295,"trajectory(x(t),y(t),z(t))",certified relay position at same global t,fixed G01,True,False
Q2-018,665,13799.36982229295,13800.471588908149,"trajectory(x(t),y(t),z(t))",certified relay position at same global t,fixed G01,True,False
Q2-018,666,13800.471588908149,13800.731056859899,"trajectory(x(t),y(t),z(t))",certified relay position at same global t,fixed G01,True,False
Q2-018,667,13800.731056859899,13800.990524811648,"trajectory(x(t),y(t),z(t))",certified relay position at same global t,fixed G01,True,False
Q2-018,668,13800.990524811648,13802.179761479874,"trajectory(x(t),y(t),z(t))",certified relay position at same global t,fixed G01,True,False
Q2-018,669,13802.179761479874,13803.3689981481,"trajectory(x(t),y(t),z(t))",certified relay position at same global t,fixed G01,True,False
Q2-018,670,13803.3689981481,13803.540996046822,"trajectory(x(t),y(t),z(t))",certified relay position at same global t,fixed G01,True,False
Q2-018,671,13803.540996046822,13803.712993945544,"trajectory(x(t),y(t),z(t))",certified relay position at same global t,fixed G01,True,False
Q2-018,672,13803.712993945544,13804.989700666796,"trajectory(x(t),y(t),z(t))",certified relay position at same global t,fixed G01,True,False
Q2-018,673,13804.989700666796,13806.266407388048,"trajectory(x(t),y(t),z(t))",certified relay position at same global t,fixed G01,True,False
Q2-018,674,13806.266407388048,13806.350935233726,"trajectory(x(t),y(t),z(t))",certified relay position at same global t,fixed G01,True,False
Q2-018,675,13806.350935233726,13806.435463079404,"trajectory(x(t),y(t),z(t))",certified relay position at same global t,fixed G01,True,False
Q2-018,676,13806.435463079404,13807.796697646352,"trajectory(x(t),y(t),z(t))",certified relay position at same global t,fixed G01,True,False
Q2-018,677,13807.796697646352,13809.1579322133,"trajectory(x(t),y(t),z(t))",certified relay position at same global t,fixed G01,True,False
Q2-018,678,13809.1579322133,13809.160874420575,"trajectory(x(t),y(t),z(t))",certified relay position at same global t,fixed G01,True,False
Q2-018,679,13809.160874420575,13809.16381662785,"trajectory(x(t),y(t),z(t))",certified relay position at same global t,fixed G01,True,False
Q2-018,680,13809.16381662785,13810.522108987523,"trajectory(x(t),y(t),z(t))",certified relay position at same global t,fixed G01,True,False
Q2-018,681,13810.522108987523,13811.880401347196,"trajectory(x(t),y(t),z(t))",certified relay position at same global t,fixed G01,True,False
Q2-018,682,13811.880401347196,13811.970813607499,"trajectory(x(t),y(t),z(t))",certified relay position at same global t,fixed G01,True,False
Q2-018,683,13811.970813607499,13812.061225867801,"trajectory(x(t),y(t),z(t))",certified relay position at same global t,fixed G01,True,False
Q2-018,684,13812.061225867801,13813.33204817443,"trajectory(x(t),y(t),z(t))",certified relay position at same global t,fixed G01,True,False
Q2-018,685,13813.33204817443,13814.60287048106,"trajectory(x(t),y(t),z(t))",certified relay position at same global t,fixed G01,True,False
Q2-018,686,13814.60287048106,13814.780752794406,"trajectory(x(t),y(t),z(t))",certified relay position at same global t,fixed G01,True,False
Q2-018,687,13814.780752794406,13814.958635107752,"trajectory(x(t),y(t),z(t))",certified relay position at same global t,fixed G01,True,False
Q2-018,688,13814.958635107752,13816.141987361372,"trajectory(x(t),y(t),z(t))",certified relay position at same global t,fixed G01,True,False
Q2-018,689,13816.141987361372,13817.325339614992,"trajectory(x(t),y(t),z(t))",certified relay position at same global t,fixed G01,True,False
Q2-018,690,13817.325339614992,13817.590691981273,"trajectory(x(t),y(t),z(t))",certified relay position at same global t,fixed G01,True,False
Q2-018,691,13817.590691981273,13817.856044347554,"trajectory(x(t),y(t),z(t))",certified relay position at same global t,fixed G01,True,False
Q2-018,692,13817.856044347554,13818.951926548203,"trajectory(x(t),y(t),z(t))",certified relay position at same global t,fixed G01,True,False
Q2-018,693,13818.951926548203,13820.047808748852,"trajectory(x(t),y(t),z(t))",certified relay position at same global t,fixed G01,True,False
Q2-018,694,13820.047808748852,13820.400631168179,"trajectory(x(t),y(t),z(t))",certified relay position at same global t,fixed G01,True,False
Q2-018,695,13820.400631168179,13820.753453587506,"trajectory(x(t),y(t),z(t))",certified relay position at same global t,fixed G01,True,False
Q2-018,696,13820.753453587506,13821.76186573511,"trajectory(x(t),y(t),z(t))",certified relay position at same global t,fixed G01,True,False
Q2-018,697,13821.76186573511,13822.770277882715,"trajectory(x(t),y(t),z(t))",certified relay position at same global t,fixed G01,True,False
Q2-018,698,13822.770277882715,13823.210570355086,"trajectory(x(t),y(t),z(t))",certified relay position at same global t,fixed G01,True,False
Q2-018,699,13823.210570355086,13823.650862827457,"trajectory(x(t),y(t),z(t))",certified relay position at same global t,fixed G01,True,False
Q2-018,700,13823.650862827457,13824.571804922052,"trajectory(x(t),y(t),z(t))",certified relay position at same global t,fixed G01,True,False
Q2-018,701,13824.571804922052,13825.492747016648,"trajectory(x(t),y(t),z(t))",certified relay position at same global t,fixed G01,True,False
Q2-018,702,13825.492747016648,13826.020509541953,"trajectory(x(t),y(t),z(t))",certified relay position at same global t,fixed G01,True,False
Q2-018,703,13826.020509541953,13826.548272067259,"trajectory(x(t),y(t),z(t))",certified relay position at same global t,fixed G01,True,False
Q2-018,704,13826.548272067259,13827.381744108883,"trajectory(x(t),y(t),z(t))",certified relay position at same global t,fixed G01,True,False
Q2-018,705,13827.381744108883,13828.215216150507,"trajectory(x(t),y(t),z(t))",certified relay position at same global t,fixed G01,True,False
Q2-018,706,13828.215216150507,13828.830448728859,"trajectory(x(t),y(t),z(t))",certified relay position at same global t,fixed G01,True,False
Q2-018,707,13828.830448728859,13829.44568130721,"trajectory(x(t),y(t),z(t))",certified relay position at same global t,fixed G01,True,False
Q2-018,708,13829.44568130721,13830.191683295807,"trajectory(x(t),y(t),z(t))",certified relay position at same global t,fixed G01,True,False
Q2-018,709,13830.191683295807,13830.937685284403,"trajectory(x(t),y(t),z(t))",certified relay position at same global t,fixed G01,True,False
Q2-018,710,13830.937685284403,13831.64038791578,"trajectory(x(t),y(t),z(t))",certified relay position at same global t,fixed G01,True,False
Q2-018,711,13831.64038791578,13832.343090547158,"trajectory(x(t),y(t),z(t))",certified relay position at same global t,fixed G01,True,False
Q2-018,712,13832.343090547158,13833.001622482729,"trajectory(x(t),y(t),z(t))",certified relay position at same global t,fixed G01,True,False
Q2-018,713,13833.001622482729,13833.6601544183,"trajectory(x(t),y(t),z(t))",certified relay position at same global t,fixed G01,True,False
Q2-018,714,13833.6601544183,13834.45032710263,"trajectory(x(t),y(t),z(t))",certified relay position at same global t,fixed G01,True,False
Q2-018,715,13834.45032710263,13835.24049978696,"trajectory(x(t),y(t),z(t))",certified relay position at same global t,fixed G01,True,False
Q2-018,716,13835.24049978696,13835.81156166956,"trajectory(x(t),y(t),z(t))",certified relay position at same global t,fixed G01,True,False
Q2-018,717,13835.81156166956,13836.38262355216,"trajectory(x(t),y(t),z(t))",certified relay position at same global t,fixed G01,True,False
Q2-018,718,13836.38262355216,13837.260266289608,"trajectory(x(t),y(t),z(t))",certified relay position at same global t,fixed G01,True,False
Q2-018,719,13837.260266289608,13838.137909027057,"trajectory(x(t),y(t),z(t))",certified relay position at same global t,fixed G01,True,False
Q2-018,720,13838.137909027057,13838.621500856572,"trajectory(x(t),y(t),z(t))",certified relay position at same global t,fixed G01,True,False
Q2-018,721,13838.621500856572,13839.105092686088,"trajectory(x(t),y(t),z(t))",certified relay position at same global t,fixed G01,True,False
Q2-018,722,13839.105092686088,13840.070205476473,"trajectory(x(t),y(t),z(t))",certified relay position at same global t,fixed G01,True,False
Q2-018,723,13840.070205476473,13841.035318266859,"trajectory(x(t),y(t),z(t))",certified relay position at same global t,fixed G01,True,False
Q2-018,724,13841.035318266859,13841.431440043405,"trajectory(x(t),y(t),z(t))",certified relay position at same global t,fixed G01,True,False
Q2-018,725,13841.431440043405,13841.827561819951,"trajectory(x(t),y(t),z(t))",certified relay position at same global t,fixed G01,True,False
Q2-018,726,13841.827561819951,13842.880144663306,"trajectory(x(t),y(t),z(t))",certified relay position at same global t,fixed G01,True,False
Q2-018,727,13842.880144663306,13843.93272750666,"trajectory(x(t),y(t),z(t))",certified relay position at same global t,fixed G01,True,False
Q2-018,728,13843.93272750666,13844.241379230236,"trajectory(x(t),y(t),z(t))",certified relay position at same global t,fixed G01,True,False
Q2-018,729,13844.241379230236,13844.550030953811,"trajectory(x(t),y(t),z(t))",certified relay position at same global t,fixed G01,True,False
Q2-018,730,13844.550030953811,13845.690083850284,"trajectory(x(t),y(t),z(t))",certified relay position at same global t,fixed G01,True,False
Q2-018,731,13845.690083850284,13846.830136746757,"trajectory(x(t),y(t),z(t))",certified relay position at same global t,fixed G01,True,False
Q2-018,732,13846.830136746757,13847.051318417249,"trajectory(x(t),y(t),z(t))",certified relay position at same global t,fixed G01,True,False
Q2-018,733,13847.051318417249,13847.27250008774,"trajectory(x(t),y(t),z(t))",certified relay position at same global t,fixed G01,True,False
Q2-018,734,13847.27250008774,13848.50002303715,"trajectory(x(t),y(t),z(t))",certified relay position at same global t,fixed G01,True,False
Q2-018,735,13848.50002303715,13849.72754598656,"trajectory(x(t),y(t),z(t))",certified relay position at same global t,fixed G01,True,False
Q2-018,736,13849.72754598656,13849.861257604081,"trajectory(x(t),y(t),z(t))",certified relay position at same global t,fixed G01,True,False
Q2-018,737,13849.861257604081,13849.994969221603,"trajectory(x(t),y(t),z(t))",certified relay position at same global t,fixed G01,True,False
Q2-018,738,13849.994969221603,13851.309962223982,"trajectory(x(t),y(t),z(t))",certified relay position at same global t,fixed G01,True,False
Q2-018,739,13851.309962223982,13852.624955226362,"trajectory(x(t),y(t),z(t))",certified relay position at same global t,fixed G01,True,False
Q2-018,740,13852.624955226362,13852.67119679093,"trajectory(x(t),y(t),z(t))",certified relay position at same global t,fixed G01,True,False
Q2-018,741,13852.67119679093,13852.7174383555,"trajectory(x(t),y(t),z(t))",certified relay position at same global t,fixed G01,True,False
Q2-018,742,13852.7174383555,13854.078672922447,"trajectory(x(t),y(t),z(t))",certified relay position at same global t,fixed G01,True,False
Q2-018,743,13854.078672922447,13855.439907489395,"trajectory(x(t),y(t),z(t))",certified relay position at same global t,fixed G01,True,False
Q2-018,744,13855.439907489395,13855.481135977929,"trajectory(x(t),y(t),z(t))",certified relay position at same global t,fixed G01,True,False
Q2-018,745,13855.481135977929,13855.522364466462,"trajectory(x(t),y(t),z(t))",certified relay position at same global t,fixed G01,True,False
Q2-018,746,13855.522364466462,13856.84237054486,"trajectory(x(t),y(t),z(t))",certified relay position at same global t,fixed G01,True,False
Q2-018,747,13856.84237054486,13858.162376623259,"trajectory(x(t),y(t),z(t))",certified relay position at same global t,fixed G01,True,False
Q2-018,748,13858.162376623259,13858.291075164761,"trajectory(x(t),y(t),z(t))",certified relay position at same global t,fixed G01,True,False
Q2-018,749,13858.291075164761,13858.419773706264,"trajectory(x(t),y(t),z(t))",certified relay position at same global t,fixed G01,True,False
Q2-018,750,13858.419773706264,13859.65230973171,"trajectory(x(t),y(t),z(t))",certified relay position at same global t,fixed G01,True,False
Q2-018,751,13859.65230973171,13860.884845757155,"trajectory(x(t),y(t),z(t))",certified relay position at same global t,fixed G01,True,False
Q2-018,752,13860.884845757155,13861.10101435161,"trajectory(x(t),y(t),z(t))",certified relay position at same global t,fixed G01,True,False
Q2-018,753,13861.10101435161,13861.317182946066,"trajectory(x(t),y(t),z(t))",certified relay position at same global t,fixed G01,True,False
Q2-018,754,13861.317182946066,13862.462248918559,"trajectory(x(t),y(t),z(t))",certified relay position at same global t,fixed G01,True,False
Q2-018,755,13862.462248918559,13863.607314891051,"trajectory(x(t),y(t),z(t))",certified relay position at same global t,fixed G01,True,False
Q2-018,756,13863.607314891051,13863.910953538609,"trajectory(x(t),y(t),z(t))",certified relay position at same global t,fixed G01,True,False
Q2-018,757,13863.910953538609,13864.214592186167,"trajectory(x(t),y(t),z(t))",certified relay position at same global t,fixed G01,True,False
Q2-018,758,13864.214592186167,13865.27218810554,"trajectory(x(t),y(t),z(t))",certified relay position at same global t,fixed G01,True,False
Q2-018,759,13865.27218810554,13866.329784024914,"trajectory(x(t),y(t),z(t))",certified relay position at same global t,fixed G01,True,False
Q2-018,760,13866.329784024914,13866.720892725441,"trajectory(x(t),y(t),z(t))",certified relay position at same global t,fixed G01,True,False
Q2-018,761,13866.720892725441,13867.112001425969,"trajectory(x(t),y(t),z(t))",certified relay position at same global t,fixed G01,True,False
Q2-018,762,13867.112001425969,13868.082127292406,"trajectory(x(t),y(t),z(t))",certified relay position at same global t,fixed G01,True,False
Q2-018,763,13868.082127292406,13869.052253158843,"trajectory(x(t),y(t),z(t))",certified relay position at same global t,fixed G01,True,False
Q2-018,764,13869.052253158843,13869.530831912307,"trajectory(x(t),y(t),z(t))",certified relay position at same global t,fixed G01,True,False
Q2-018,765,13869.530831912307,13870.00941066577,"trajectory(x(t),y(t),z(t))",certified relay position at same global t,fixed G01,True,False
Q2-018,766,13870.00941066577,13870.892066479239,"trajectory(x(t),y(t),z(t))",certified relay position at same global t,fixed G01,True,False
Q2-018,767,13870.892066479239,13871.774722292706,"trajectory(x(t),y(t),z(t))",certified relay position at same global t,fixed G01,True,False
Q2-018,768,13871.774722292706,13872.340771099289,"trajectory(x(t),y(t),z(t))",certified relay position at same global t,fixed G01,True,False
Q2-018,769,13872.340771099289,13872.906819905871,"trajectory(x(t),y(t),z(t))",certified relay position at same global t,fixed G01,True,False
Q2-018,770,13872.906819905871,13873.70200566622,"trajectory(x(t),y(t),z(t))",certified relay position at same global t,fixed G01,True,False
Q2-018,771,13873.70200566622,13874.49719142657,"trajectory(x(t),y(t),z(t))",certified relay position at same global t,fixed G01,True,False
Q2-018,772,13874.49719142657,13875.150710286121,"trajectory(x(t),y(t),z(t))",certified relay position at same global t,fixed G01,True,False
Q2-018,773,13875.150710286121,13875.804229145673,"trajectory(x(t),y(t),z(t))",certified relay position at same global t,fixed G01,True,False
Q2-018,774,13875.804229145673,13876.511944853086,"trajectory(x(t),y(t),z(t))",certified relay position at same global t,fixed G01,True,False
