route,visit_order,box_set,drone_type,hard_deadline_ok,payload_ok,volume_ok,transport_reserve_ok,relay_block_count,feasible_block_count,worst_block_joint_margin,communication_geometry_pass,relay_chain_ok,component_ok,route_feasible,transport_energy,relay_energy,total_energy,makespan
O01->S008->S011->O01,S008->S011,"[""S008-MED-01""]",B,True,True,True,True,4,0,-6.213629794260157,False,False,False,False,2.4594308882024096,0.0,2.4594308882024096,1790.0181399910343
O01->S011->S008->O01,S011->S008,"[""S008-MED-01""]",B,True,True,True,True,4,0,-6.213629794260157,False,False,False,False,2.460924143621523,0.0,2.460924143621523,1790.0106838293182
O01->S008->S005->O01,S008->S005,"[""S008-MED-01""]",B,True,True,True,True,7,2,-6.213629794260157,False,False,False,False,2.4862706644508115,0.0,2.4862706644508115,1803.7926758671667
O01->S005->S008->O01,S005->S008,"[""S008-MED-01""]",B,True,True,True,True,7,2,-6.213629794260157,False,False,False,False,2.488154226345098,0.0,2.488154226345098,1803.7877300461523
O01->S008->S001->O01,S008->S001,"[""S008-MED-01""]",B,True,True,True,True,4,0,-6.213629794260157,False,False,False,False,2.575356871032322,0.0,2.575356871032322,1819.1688430963745
O01->S001->S008->O01,S001->S008,"[""S008-MED-01""]",B,True,True,True,True,4,0,-6.213629794260157,False,False,False,False,2.578199500707028,0.0,2.578199500707028,1819.197444941673
O01->S008->S011->O01,S008->S011,"[""S008-MED-01"", ""S008-WAT-01""]",B,True,True,True,True,4,0,-6.213629794260157,False,False,False,False,2.715683450007871,0.0,2.715683450007871,1850.0181399910343
O01->S011->S008->O01,S011->S008,"[""S008-MED-01"", ""S011-FOD-01"", ""S011-MED-01"", ""S011-WAT-01""]",B,True,False,False,True,4,0,-6.213629794260157,False,False,False,False,2.724734636748288,0.0,2.724734636748288,1970.0106838293182
O01->S011->S008->O01,S011->S008,"[""S008-MED-01"", ""S008-WAT-01""]",B,True,True,True,True,4,0,-6.213629794260157,False,False,False,False,2.725383568871471,0.0,2.725383568871471,1850.0106838293182
O01->S008->S005->O01,S008->S005,"[""S008-MED-01"", ""S008-WAT-01""]",B,True,True,True,True,7,2,-6.213629794260157,False,False,False,False,2.7425232262562727,0.0,2.7425232262562727,1863.792675867167
O01->S005->S008->O01,S005->S008,"[""S008-MED-01"", ""S008-WAT-01""]",B,True,True,True,True,7,2,-6.213629794260157,False,False,False,False,2.7582531805352595,0.0,2.7582531805352595,1863.7877300461523
O01->S011->S008->O01,S011->S008,"[""S008-MED-01"", ""S008-WAT-01"", ""S011-MED-01""]",B,True,True,True,True,4,0,-6.213629794260157,False,False,False,False,2.759705095307755,0.0,2.759705095307755,1910.0106838293182
O01->S008->S004->O01,S008->S004,"[""S008-MED-01""]",B,True,True,True,True,7,0,-6.213629794260157,False,False,False,False,2.786868124910886,0.0,2.786868124910886,1980.3016455336208
O01->S008->S015->O01,S008->S015,"[""S008-MED-01""]",B,True,True,True,True,7,2,-6.213629794260157,False,False,False,False,2.792056516884522,0.0,2.792056516884522,2137.9600442706824
O01->S004->S008->O01,S004->S008,"[""S008-MED-01""]",B,True,True,True,True,7,0,-6.213629794260157,False,False,False,False,2.793337135204638,0.0,2.793337135204638,1980.2914069632657
O01->S015->S008->O01,S015->S008,"[""S008-MED-01""]",B,True,True,True,True,7,2,-6.213629794260157,False,False,False,False,2.800737076150314,0.0,2.800737076150314,2138.0137430226714
O01->S008->S009->O01,S008->S009,"[""S008-MED-01""]",B,True,True,True,True,7,2,-6.213629794260157,False,False,False,False,2.816400664091526,0.0,2.816400664091526,1929.1852238409092
O01->S005->S008->O01,S005->S008,"[""S005-MED-01"", ""S008-MED-01"", ""S008-WAT-01""]",B,True,True,True,True,7,2,-6.213629794260157,False,False,False,False,2.8215206735663934,0.0,2.8215206735663934,1923.7877300461523
O01->S009->S008->O01,S009->S008,"[""S008-MED-01""]",B,True,True,True,True,7,2,-6.213629794260157,False,False,False,False,2.822571709174676,0.0,2.822571709174676,1929.236204160101
O01->S008->S011->O01,S008->S011,"[""S008-MED-01"", ""S008-WAT-01"", ""S011-MED-01""]",B,True,True,True,True,4,0,-6.213629794260157,False,False,False,False,2.8238953451317967,0.0,2.8238953451317967,1910.0181399910343
O01->S008->S001->O01,S008->S001,"[""S008-MED-01"", ""S008-WAT-01""]",B,True,True,True,True,4,0,-6.213629794260157,False,False,False,False,2.8316094328377828,0.0,2.8316094328377828,1879.168843096375
O01->S008->S005->O01,S008->S005,"[""S005-MED-01"", ""S008-MED-01"", ""S008-WAT-01""]",B,True,True,True,True,7,2,-6.213629794260157,False,False,False,False,2.845696194549911,0.0,2.845696194549911,1923.792675867167
O01->S001->S008->O01,S001->S008,"[""S008-MED-01"", ""S008-WAT-01""]",B,True,True,True,True,4,0,-6.213629794260157,False,False,False,False,2.8669631718704647,0.0,2.8669631718704647,1879.197444941673
O01->S008->S007->O01,S008->S007,"[""S008-MED-01""]",B,True,True,True,True,7,2,-6.213629794260157,False,False,False,False,2.8676634915705246,0.0,2.8676634915705246,2180.951726627877
O01->S007->S008->O01,S007->S008,"[""S008-MED-01""]",B,True,True,True,True,7,2,-6.213629794260157,False,False,False,False,2.8774460244721,0.0,2.8774460244721,2180.9887809811994
O01->S001->S008->O01,S001->S008,"[""S001-MED-01"", ""S008-MED-01"", ""S008-WAT-01""]",B,True,True,True,True,4,0,-6.213629794260157,False,False,False,False,2.9038653442371087,0.0,2.9038653442371087,1939.197444941673
O01->S008->S006->O01,S008->S006,"[""S008-MED-01""]",B,True,True,True,True,4,0,-6.213629794260157,False,False,False,False,2.9337680548822385,0.0,2.9337680548822385,2087.4309850741543
O01->S008->S001->O01,S008->S001,"[""S001-MED-01"", ""S008-MED-01"", ""S008-WAT-01""]",B,True,True,True,True,4,0,-6.213629794260157,False,False,False,False,2.9405432726128264,0.0,2.9405432726128264,1939.168843096375
O01->S006->S008->O01,S006->S008,"[""S008-MED-01""]",B,True,True,True,True,4,0,-6.213629794260157,False,False,False,False,2.942756638030299,0.0,2.942756638030299,2087.4225901821924
O01->S011->S008->O01,S011->S008,"[""S008-MED-01"", ""S008-WAT-01"", ""S011-MED-01"", ""S011-WAT-01""]",B,True,False,False,True,4,0,-6.213629794260157,False,False,False,False,2.947977210991607,0.0,2.947977210991607,1970.0106838293182
O01->S001->S008->O01,S001->S008,"[""S001-MED-01"", ""S001-MED-02"", ""S008-MED-01"", ""S008-WAT-01""]",B,True,True,True,True,4,0,-6.213629794260157,False,False,False,False,2.949117033502914,0.0,2.949117033502914,1999.197444941673
O01->S011->S008->O01,S011->S008,"[""S008-MED-01"", ""S008-WAT-01"", ""S011-FOD-01"", ""S011-MED-01"", ""S011-WAT-01""]",B,True,False,False,True,4,0,-6.213629794260157,False,False,False,False,2.9530536363625655,0.0,2.9530536363625655,2030.0106838293182
O01->S001->S008->O01,S001->S008,"[""S001-FOD-01"", ""S001-FOD-02"", ""S001-FOD-03"", ""S001-HYG-01"", ""S001-HYG-02"", ""S001-MED-01"", ""S001-MED-02"", ""S001-WAT-01"", ""S001-WAT-02"", ""S001-WAT-03"", ""S001-WAT-04"", ""S001-WAT-05"", ""S001-WAT-06"", ""S001-WAT-07"", ""S001-WAT-08"", ""S008-MED-01""]",B,True,False,False,True,4,0,-6.213629794260157,False,False,False,False,2.985135444618956,0.0,2.985135444618956,2719.1974449416734
O01->S008->S002->O01,S008->S002,"[""S008-MED-01""]",B,True,True,True,True,7,0,-6.213629794260157,False,False,False,False,3.0340681366831026,0.0,3.0340681366831026,2042.7922288569653
O01->S008->S004->O01,S008->S004,"[""S008-MED-01"", ""S008-WAT-01""]",B,True,True,True,True,7,0,-6.213629794260157,False,False,False,False,3.043120686716347,0.0,3.043120686716347,2040.3016455336212
O01->S002->S008->O01,S002->S008,"[""S008-MED-01""]",B,True,True,True,True,7,0,-6.213629794260157,False,False,False,False,3.043358785055847,0.0,3.043358785055847,2042.8312538962368
O01->S008->S015->O01,S008->S015,"[""S008-MED-01"", ""S008-WAT-01""]",B,True,True,True,True,7,2,-6.213629794260157,False,False,False,False,3.0483090786899827,0.0,3.0483090786899827,2197.9600442706824
O01->S008->S009->O01,S008->S009,"[""S008-MED-01"", ""S008-WAT-01""]",B,True,True,True,True,7,2,-6.213629794260157,False,False,False,False,3.0726532258969868,0.0,3.0726532258969868,1989.1852238409092
O01->S008->S001->O01,S008->S001,"[""S001-MED-01"", ""S001-MED-02"", ""S008-MED-01"", ""S008-WAT-01""]",B,True,True,True,True,4,0,-6.213629794260157,False,False,False,False,3.082163619906477,0.0,3.082163619906477,1999.168843096375
O01->S005->S008->O01,S005->S008,"[""S005-FOD-01"", ""S005-HYG-01"", ""S005-MED-01"", ""S005-WAT-01"", ""S005-WAT-02"", ""S005-WAT-03"", ""S008-MED-01""]",B,True,False,False,True,7,2,-6.213629794260157,False,False,False,False,3.0901937052894954,0.0,3.0901937052894954,2163.787730046153
O01->S008->S013->O01,S008->S013,"[""S008-MED-01""]",B,True,True,True,True,7,2,-6.213629794260157,False,False,False,False,3.1217475723692503,0.0,3.1217475723692503,2060.5504056550753
O01->S008->S007->O01,S008->S007,"[""S008-MED-01"", ""S008-WAT-01""]",B,True,True,True,True,7,2,-6.213629794260157,False,False,False,False,3.1239160533759853,0.0,3.1239160533759853,2240.951726627877
O01->S004->S008->O01,S004->S008,"[""S008-MED-01"", ""S008-WAT-01""]",B,True,True,True,True,7,0,-6.213629794260157,False,False,False,False,3.126629930800461,0.0,3.126629930800461,2040.2914069632657
O01->S013->S008->O01,S013->S008,"[""S008-MED-01""]",B,True,True,True,True,7,2,-6.213629794260157,False,False,False,False,3.1321458111567977,0.0,3.1321458111567977,2060.682213563506
O01->S015->S008->O01,S015->S008,"[""S008-MED-01"", ""S008-WAT-01""]",B,True,True,True,True,7,2,-6.213629794260157,False,False,False,False,3.135482011291878,0.0,3.135482011291878,2198.013743022672
O01->S008->S004->O01,S008->S004,"[""S004-MED-01"", ""S008-MED-01"", ""S008-WAT-01""]",B,True,True,True,True,7,0,-6.213629794260157,False,False,False,False,3.145657069227539,0.0,3.145657069227539,2100.301645533621
O01->S008->S015->O01,S008->S015,"[""S008-MED-01"", ""S008-WAT-01"", ""S015-MED-01""]",B,True,True,True,True,7,2,-6.213629794260157,False,False,False,False,3.1571322920275553,0.0,3.1571322920275553,2257.9600442706824
O01->S009->S008->O01,S009->S008,"[""S008-MED-01"", ""S008-WAT-01""]",B,True,True,True,True,7,2,-6.213629794260157,False,False,False,False,3.1619535745525265,0.0,3.1619535745525265,1989.236204160101
O01->S005->S008->O01,S005->S008,"[""S005-MED-01"", ""S005-WAT-01"", ""S008-MED-01"", ""S008-WAT-01""]",B,True,False,False,True,7,2,-6.213629794260157,False,False,False,False,3.1696633249801813,0.0,3.1696633249801813,1983.7877300461523
O01->S008->S009->O01,S008->S009,"[""S008-MED-01"", ""S008-WAT-01"", ""S009-MED-01""]",B,True,True,True,True,7,2,-6.213629794260157,False,False,False,False,3.179941047651047,0.0,3.179941047651047,2049.185223840909
O01->S001->S008->O01,S001->S008,"[""S001-FOD-01"", ""S001-FOD-02"", ""S001-FOD-03"", ""S001-HYG-01"", ""S001-HYG-02"", ""S001-MED-01"", ""S001-MED-02"", ""S001-WAT-01"", ""S001-WAT-02"", ""S001-WAT-03"", ""S001-WAT-04"", ""S001-WAT-05"", ""S001-WAT-06"", ""S001-WAT-07"", ""S001-WAT-08"", ""S008-MED-01"", ""S008-WAT-01""]",B,True,False,False,True,4,0,-6.213629794260157,False,False,False,False,3.1820057657946275,0.0,3.1820057657946275,2779.1974449416734
O01->S008->S006->O01,S008->S006,"[""S008-MED-01"", ""S008-WAT-01""]",B,True,True,True,True,4,0,-6.213629794260157,False,False,False,False,3.190020616687699,0.0,3.190020616687699,2147.4309850741543
O01->S005->S008->O01,S005->S008,"[""S005-FOD-01"", ""S005-HYG-01"", ""S005-MED-01"", ""S005-WAT-01"", ""S005-WAT-02"", ""S005-WAT-03"", ""S008-MED-01"", ""S008-WAT-01""]",B,True,False,False,False,7,2,-6.213629794260157,False,False,False,False,3.2012500766586482,0.0,3.2012500766586482,2223.787730046153
O01->S015->S008->O01,S015->S008,"[""S008-MED-01"", ""S008-WAT-01"", ""S015-MED-01""]",B,True,True,True,False,7,2,-6.213629794260157,False,False,False,False,3.209791882499778,0.0,3.209791882499778,2258.013743022672
O01->S004->S008->O01,S004->S008,"[""S004-MED-01"", ""S008-MED-01"", ""S008-WAT-01""]",B,True,True,True,False,7,0,-6.213629794260157,False,False,False,False,3.218832580610054,0.0,3.218832580610054,2100.2914069632657
O01->S007->S008->O01,S007->S008,"[""S008-MED-01"", ""S008-WAT-01""]",B,True,True,True,False,7,2,-6.213629794260157,False,False,False,False,3.228075711194818,0.0,3.228075711194818,2240.9887809811994
O01->S009->S008->O01,S009->S008,"[""S008-MED-01"", ""S008-WAT-01"", ""S009-MED-01""]",B,True,True,True,False,7,2,-6.213629794260157,False,False,False,False,3.2296868812135595,0.0,3.2296868812135595,2049.236204160101
O01->S008->S007->O01,S008->S007,"[""S007-MED-01"", ""S008-MED-01"", ""S008-WAT-01""]",B,True,True,True,False,7,2,-6.213629794260157,False,False,False,False,3.2360409408841946,0.0,3.2360409408841946,2300.951726627877
O01->S007->S008->O01,S007->S008,"[""S007-MED-01"", ""S008-MED-01"", ""S008-WAT-01""]",B,True,True,True,False,7,2,-6.213629794260157,False,False,False,False,3.28461334196528,0.0,3.28461334196528,2300.9887809811994
O01->S008->S002->O01,S008->S002,"[""S008-MED-01"", ""S008-WAT-01""]",B,True,True,True,False,7,0,-6.213629794260157,False,False,False,False,3.290320698488564,0.0,3.290320698488564,2102.7922288569657
O01->S008->S006->O01,S008->S006,"[""S006-MED-01"", ""S008-MED-01"", ""S008-WAT-01""]",B,True,True,True,False,4,0,-6.213629794260157,False,False,False,False,3.3053785279205026,0.0,3.3053785279205026,2207.4309850741543
O01->S006->S008->O01,S006->S008,"[""S008-MED-01"", ""S008-WAT-01""]",B,True,True,True,False,4,0,-6.213629794260157,False,False,False,False,3.3069787215763373,0.0,3.3069787215763373,2147.4225901821924
O01->S006->S008->O01,S006->S008,"[""S006-FOD-01"", ""S006-HYG-01"", ""S006-MED-01"", ""S006-WAT-01"", ""S006-WAT-02"", ""S006-WAT-03"", ""S008-MED-01""]",B,True,False,False,False,4,0,-6.213629794260157,False,False,False,False,3.330571181179641,0.0,3.330571181179641,2447.4225901821924
O01->S008->S011->O01,S008->S011,"[""S008-MED-01"", ""S008-WAT-01"", ""S008-WAT-02""]",B,True,False,True,False,4,0,-6.213629794260157,False,False,False,False,3.3383837566521986,0.0,3.3383837566521986,1910.0181399910343
O01->S009->S008->O01,S009->S008,"[""S008-MED-01"", ""S009-FOD-01"", ""S009-MED-01"", ""S009-WAT-01""]",B,True,False,False,False,7,2,-6.213629794260157,False,False,False,False,3.34191418396992,0.0,3.34191418396992,2109.236204160101
O01->S006->S008->O01,S006->S008,"[""S006-MED-01"", ""S008-MED-01"", ""S008-WAT-01""]",B,True,True,True,False,4,0,-6.213629794260157,False,False,False,False,3.3462901276876735,0.0,3.3462901276876735,2207.4225901821924
O01->S008->S011->O01,S008->S011,"[""S008-FOD-01"", ""S008-HYG-01"", ""S008-MED-01"", ""S008-WAT-01"", ""S008-WAT-02""]",B,True,False,False,False,4,0,-6.213629794260157,False,False,False,False,3.351376445577624,0.0,3.351376445577624,2030.0181399910343
O01->S008->S003->O01,S008->S003,"[""S008-MED-01""]",B,True,True,True,False,7,0,-6.213629794260157,False,False,False,False,3.353246341010089,0.0,3.353246341010089,2530.7498164697076
O01->S011->S008->O01,S011->S008,"[""S008-MED-01"", ""S008-WAT-01"", ""S008-WAT-02""]",B,True,False,True,False,4,0,-6.213629794260157,False,False,False,False,3.358814451981367,0.0,3.358814451981367,1910.0106838293182
O01->S008->S005->O01,S008->S005,"[""S008-MED-01"", ""S008-WAT-01"", ""S008-WAT-02""]",B,True,False,True,False,7,2,-6.213629794260157,False,False,False,False,3.3652235329006004,0.0,3.3652235329006004,1923.792675867167
O01->S008->S011->O01,S008->S011,"[""S008-FOD-01"", ""S008-HYG-01"", ""S008-MED-01"", ""S008-WAT-01"", ""S008-WAT-02"", ""S011-MED-01""]",B,True,False,False,False,4,0,-6.213629794260157,False,False,False,False,3.366269935257115,0.0,3.366269935257115,2090.0181399910343
O01->S003->S008->O01,S003->S008,"[""S008-MED-01""]",B,True,True,True,False,7,0,-6.213629794260157,False,False,False,False,3.371500750505614,0.0,3.371500750505614,2530.88459962141
O01->S015->S008->O01,S015->S008,"[""S008-MED-01"", ""S015-FOD-01"", ""S015-MED-01"", ""S015-WAT-01""]",B,True,False,False,False,7,2,-6.213629794260157,False,False,False,False,3.372546341080778,0.0,3.372546341080778,2318.013743022672
O01->S008->S013->O01,S008->S013,"[""S008-MED-01"", ""S008-WAT-01""]",B,True,True,True,False,7,2,-6.213629794260157,False,False,False,False,3.3780001341747115,0.0,3.3780001341747115,2120.5504056550753
O01->S008->S005->O01,S008->S005,"[""S008-FOD-01"", ""S008-HYG-01"", ""S008-MED-01"", ""S008-WAT-01"", ""S008-WAT-02""]",B,True,False,False,False,7,2,-6.213629794260157,False,False,False,False,3.3782162218260257,0.0,3.3782162218260257,2043.792675867167
O01->S011->S008->O01,S011->S008,"[""S008-FOD-01"", ""S008-HYG-01"", ""S008-MED-01"", ""S008-WAT-01"", ""S008-WAT-02""]",B,True,False,False,False,4,0,-6.213629794260157,False,False,False,False,3.3783386819694656,0.0,3.3783386819694656,2030.0106838293182
O01->S011->S008->O01,S011->S008,"[""S008-FOD-01"", ""S008-HYG-01"", ""S008-MED-01"", ""S008-WAT-01"", ""S008-WAT-02"", ""S011-MED-01""]",B,True,False,False,False,4,0,-6.213629794260157,False,False,False,False,3.380242341483575,0.0,3.380242341483575,2090.010683829318
O01->S008->S005->O01,S008->S005,"[""S005-MED-01"", ""S008-FOD-01"", ""S008-HYG-01"", ""S008-MED-01"", ""S008-WAT-01"", ""S008-WAT-02""]",B,True,False,False,False,7,2,-6.213629794260157,False,False,False,False,3.388070784675229,0.0,3.388070784675229,2103.792675867167
O01->S011->S008->O01,S011->S008,"[""S008-FOD-01"", ""S008-HYG-01"", ""S008-MED-01"", ""S008-WAT-01"", ""S008-WAT-02"", ""S011-MED-01"", ""S011-WAT-01""]",B,True,False,False,False,4,0,-6.213629794260157,False,False,False,False,3.3891260858827517,0.0,3.3891260858827517,2150.010683829318
O01->S011->S008->O01,S011->S008,"[""S008-FOD-01"", ""S008-HYG-01"", ""S008-MED-01"", ""S008-WAT-01"", ""S008-WAT-02"", ""S011-FOD-01"", ""S011-MED-01"", ""S011-WAT-01""]",B,True,False,False,False,4,0,-6.213629794260157,False,False,False,False,3.39420251125371,0.0,3.39420251125371,2210.010683829318
O01->S008->S002->O01,S008->S002,"[""S002-MED-01"", ""S008-MED-01"", ""S008-WAT-01""]",B,True,True,True,False,7,0,-6.213629794260157,False,False,False,False,3.3970951798115694,0.0,3.3970951798115694,2162.7922288569657
O01->S005->S008->O01,S005->S008,"[""S008-MED-01"", ""S008-WAT-01"", ""S008-WAT-02""]",B,True,False,True,False,7,2,-6.213629794260157,False,False,False,False,3.4056577864273083,0.0,3.4056577864273083,1923.7877300461523
O01->S007->S008->O01,S007->S008,"[""S007-FOD-01"", ""S007-HYG-01"", ""S007-MED-01"", ""S007-WAT-01"", ""S007-WAT-02"", ""S008-MED-01""]",B,True,False,False,False,7,2,-6.213629794260157,False,False,False,False,3.419788580383378,0.0,3.419788580383378,2480.9887809811994
O01->S005->S008->O01,S005->S008,"[""S008-FOD-01"", ""S008-HYG-01"", ""S008-MED-01"", ""S008-WAT-01"", ""S008-WAT-02""]",B,True,False,False,False,7,2,-6.213629794260157,False,False,False,False,3.4252890377522798,0.0,3.4252890377522798,2043.7877300461523
O01->S005->S008->O01,S005->S008,"[""S005-MED-01"", ""S008-FOD-01"", ""S008-HYG-01"", ""S008-MED-01"", ""S008-WAT-01"", ""S008-WAT-02""]",B,True,False,False,False,7,2,-6.213629794260157,False,False,False,False,3.4275452343007413,0.0,3.4275452343007413,2103.7877300461523
O01->S002->S008->O01,S002->S008,"[""S008-MED-01"", ""S008-WAT-01""]",B,True,True,True,False,7,0,-6.213629794260157,False,False,False,False,3.428466117418213,0.0,3.428466117418213,2102.831253896237
O01->S005->S008->O01,S005->S008,"[""S005-MED-01"", ""S005-WAT-01"", ""S008-FOD-01"", ""S008-HYG-01"", ""S008-MED-01"", ""S008-WAT-01"", ""S008-WAT-02""]",B,True,False,False,False,7,2,-6.213629794260157,False,False,False,False,3.438074151526897,0.0,3.438074151526897,2163.787730046153
O01->S008->S012->O01,S008->S012,"[""S008-MED-01""]",B,True,True,True,False,7,0,-6.213629794260157,False,False,False,False,3.451814504135573,0.0,3.451814504135573,2250.950753123625
O01->S008->S001->O01,S008->S001,"[""S008-MED-01"", ""S008-WAT-01"", ""S008-WAT-02""]",B,True,False,True,False,4,0,-6.213629794260157,False,False,False,False,3.454309739482111,0.0,3.454309739482111,1939.168843096375
O01->S012->S008->O01,S012->S008,"[""S008-MED-01""]",B,True,True,True,False,7,0,-6.213629794260157,False,False,False,False,3.467269856344634,0.0,3.467269856344634,2251.1071895517657
O01->S008->S001->O01,S008->S001,"[""S008-FOD-01"", ""S008-HYG-01"", ""S008-MED-01"", ""S008-WAT-01"", ""S008-WAT-02""]",B,True,False,False,False,4,0,-6.213629794260157,False,False,False,False,3.467302428407536,0.0,3.467302428407536,2059.168843096375
O01->S005->S008->O01,S005->S008,"[""S005-FOD-01"", ""S005-HYG-01"", ""S005-MED-01"", ""S005-WAT-01"", ""S005-WAT-02"", ""S005-WAT-03"", ""S008-FOD-01"", ""S008-HYG-01"", ""S008-MED-01"", ""S008-WAT-01"", ""S008-WAT-02""]",B,True,False,False,False,7,2,-6.213629794260157,False,False,False,False,3.469660903205364,0.0,3.469660903205364,2403.787730046153
O01->S008->S005->O01,S008->S005,"[""S005-MED-01"", ""S005-WAT-01"", ""S008-MED-01"", ""S008-WAT-01""]",B,True,False,False,False,7,2,-6.213629794260157,False,False,False,False,3.47157957430165,0.0,3.47157957430165,1983.792675867167
O01->S008->S001->O01,S008->S001,"[""S001-MED-01"", ""S008-FOD-01"", ""S008-HYG-01"", ""S008-MED-01"", ""S008-WAT-01"", ""S008-WAT-02""]",B,True,False,False,False,4,0,-6.213629794260157,False,False,False,False,3.4829178627381445,0.0,3.4829178627381445,2119.1688430963745
O01->S008->S013->O01,S008->S013,"[""S008-MED-01"", ""S008-WAT-01"", ""S013-MED-01""]",B,True,True,True,False,7,2,-6.213629794260157,False,False,False,False,3.491233945051778,0.0,3.491233945051778,2180.5504056550753
O01->S008->S005->O01,S008->S005,"[""S005-MED-01"", ""S005-WAT-01"", ""S008-FOD-01"", ""S008-HYG-01"", ""S008-MED-01"", ""S008-WAT-01"", ""S008-WAT-02""]",B,True,False,False,False,7,2,-6.213629794260157,False,False,False,False,3.4975649521525,0.0,3.4975649521525,2163.792675867167
O01->S008->S001->O01,S008->S001,"[""S001-MED-01"", ""S001-MED-02"", ""S008-FOD-01"", ""S008-HYG-01"", ""S008-MED-01"", ""S008-WAT-01"", ""S008-WAT-02""]",B,True,False,False,False,4,0,-6.213629794260157,False,False,False,False,3.509116981915535,0.0,3.509116981915535,2179.1688430963745
O01->S002->S008->O01,S002->S008,"[""S002-MED-01"", ""S008-MED-01"", ""S008-WAT-01""]",B,True,True,True,False,7,0,-6.213629794260157,False,False,False,False,3.516086007154428,0.0,3.516086007154428,2162.831253896237
O01->S008->S011->O01,S008->S011,"[""S008-MED-01"", ""S008-WAT-01"", ""S011-MED-01"", ""S011-WAT-01""]",B,True,False,False,False,4,0,-6.213629794260157,False,False,False,False,3.5212301377949493,0.0,3.5212301377949493,1970.0181399910343
O01->S013->S008->O01,S013->S008,"[""S008-MED-01"", ""S008-WAT-01""]",B,True,True,True,False,7,2,-6.213629794260157,False,False,False,False,3.535655661173209,0.0,3.535655661173209,2120.682213563506
O01->S008->S011->O01,S008->S011,"[""S008-FOD-01"", ""S008-HYG-01"", ""S008-MED-01"", ""S008-WAT-01"", ""S008-WAT-02"", ""S011-MED-01"", ""S011-WAT-01""]",B,True,False,False,False,4,0,-6.213629794260157,False,False,False,False,3.5472155156457994,0.0,3.5472155156457994,2150.0181399910343
O01->S006->S008->O01,S006->S008,"[""S006-MED-01"", ""S006-WAT-01"", ""S008-MED-01"", ""S008-WAT-01""]",B,True,False,False,False,4,0,-6.213629794260157,False,False,False,False,3.5614780760934317,0.0,3.5614780760934317,2267.4225901821924
O01->S001->S008->O01,S001->S008,"[""S008-MED-01"", ""S008-WAT-01"", ""S008-WAT-02""]",B,True,False,True,False,4,0,-6.213629794260157,False,False,False,False,3.5645297621260053,0.0,3.5645297621260053,1939.197444941673
O01->S008->S011->O01,S008->S011,"[""S008-MED-01"", ""S011-FOD-01"", ""S011-MED-01"", ""S011-WAT-01""]",B,True,False,False,False,4,0,-6.213629794260157,False,False,False,False,3.579399389490541,0.0,3.579399389490541,1970.0181399910343
O01->S001->S008->O01,S001->S008,"[""S008-FOD-01"", ""S008-HYG-01"", ""S008-MED-01"", ""S008-WAT-01"", ""S008-WAT-02""]",B,True,False,False,False,4,0,-6.213629794260157,False,False,False,False,3.5819168249409294,0.0,3.5819168249409294,2059.197444941673
O01->S001->S008->O01,S001->S008,"[""S001-MED-01"", ""S008-FOD-01"", ""S008-HYG-01"", ""S008-MED-01"", ""S008-WAT-01"", ""S008-WAT-02""]",B,True,False,False,False,4,0,-6.213629794260157,False,False,False,False,3.583567228118191,0.0,3.583567228118191,2119.197444941673
O01->S013->S008->O01,S013->S008,"[""S008-MED-01"", ""S013-FOD-01"", ""S013-MED-01"", ""S013-WAT-01""]",B,True,False,False,False,7,2,-6.213629794260157,False,False,False,False,3.5846040678730673,0.0,3.5846040678730673,2240.682213563506
O01->S001->S008->O01,S001->S008,"[""S001-MED-01"", ""S001-MED-02"", ""S008-FOD-01"", ""S008-HYG-01"", ""S008-MED-01"", ""S008-WAT-01"", ""S008-WAT-02""]",B,True,False,False,False,4,0,-6.213629794260157,False,False,False,False,3.585217631295452,0.0,3.585217631295452,2179.1974449416734
O01->S007->S008->O01,S007->S008,"[""S007-MED-01"", ""S007-WAT-01"", ""S008-MED-01"", ""S008-WAT-01""]",B,True,False,False,False,7,2,-6.213629794260157,False,False,False,False,3.5936888460759335,0.0,3.5936888460759335,2360.9887809811994
O01->S013->S008->O01,S013->S008,"[""S008-MED-01"", ""S008-WAT-01"", ""S013-MED-01""]",B,True,True,True,False,7,2,-6.213629794260157,False,False,False,False,3.5945364465625547,0.0,3.5945364465625547,2180.682213563506
O01->S006->S008->O01,S006->S008,"[""S006-FOD-01"", ""S006-HYG-01"", ""S006-MED-01"", ""S006-WAT-01"", ""S006-WAT-02"", ""S006-WAT-03"", ""S008-MED-01"", ""S008-WAT-01""]",B,True,False,False,False,4,0,-6.213629794260157,False,False,False,False,3.5993733993076447,0.0,3.5993733993076447,2507.4225901821924
O01->S009->S008->O01,S009->S008,"[""S008-MED-01"", ""S008-WAT-01"", ""S009-MED-01"", ""S009-WAT-01""]",B,True,False,False,False,7,2,-6.213629794260157,False,False,False,False,3.6028683081588637,0.0,3.6028683081588637,2109.236204160101
O01->S009->S008->O01,S009->S008,"[""S008-MED-01"", ""S008-WAT-01"", ""S009-FOD-01"", ""S009-MED-01"", ""S009-WAT-01""]",B,True,False,False,False,7,2,-6.213629794260157,False,False,False,False,3.6078801557829006,0.0,3.6078801557829006,2169.2362041601014
O01->S008->S003->O01,S008->S003,"[""S008-MED-01"", ""S008-WAT-01""]",B,True,True,True,False,7,0,-6.213629794260157,False,False,False,False,3.60949890281555,0.0,3.60949890281555,2590.7498164697076
O01->S015->S008->O01,S015->S008,"[""S008-MED-01"", ""S008-WAT-01"", ""S015-MED-01"", ""S015-WAT-01""]",B,True,False,False,False,7,2,-6.213629794260157,False,False,False,False,3.616623424879061,0.0,3.616623424879061,2318.013743022672
O01->S015->S008->O01,S015->S008,"[""S008-MED-01"", ""S008-WAT-01"", ""S015-FOD-01"", ""S015-MED-01"", ""S015-WAT-01""]",B,True,False,False,False,7,2,-6.213629794260157,False,False,False,False,3.6300697634444634,0.0,3.6300697634444634,2378.013743022672
O01->S007->S008->O01,S007->S008,"[""S007-FOD-01"", ""S007-HYG-01"", ""S007-MED-01"", ""S007-WAT-01"", ""S007-WAT-02"", ""S008-MED-01"", ""S008-WAT-01""]",B,True,False,False,False,7,2,-6.213629794260157,False,False,False,False,3.634411128376247,0.0,3.634411128376247,2540.9887809811994
O01->S008->S004->O01,S008->S004,"[""S008-MED-01"", ""S008-WAT-01"", ""S008-WAT-02""]",B,True,False,True,False,7,0,-6.213629794260157,False,False,False,False,3.665820993360675,0.0,3.665820993360675,2100.301645533621
O01->S001->S008->O01,S001->S008,"[""S001-FOD-01"", ""S001-FOD-02"", ""S001-FOD-03"", ""S001-HYG-01"", ""S001-HYG-02"", ""S001-MED-01"", ""S001-MED-02"", ""S001-WAT-01"", ""S001-WAT-02"", ""S001-WAT-03"", ""S001-WAT-04"", ""S001-WAT-05"", ""S001-WAT-06"", ""S001-WAT-07"", ""S001-WAT-08"", ""S008-FOD-01"", ""S008-HYG-01"", ""S008-MED-01"", ""S008-WAT-01"", ""S008-WAT-02""]",B,True,False,False,False,4,0,-6.213629794260157,False,False,False,False,3.666637521373679,0.0,3.666637521373679,2959.1974449416734
O01->S004->S008->O01,S004->S008,"[""S004-FOD-01"", ""S004-HYG-01"", ""S004-MED-01"", ""S004-WAT-01"", ""S004-WAT-02"", ""S004-WAT-03"", ""S008-MED-01""]",B,True,False,False,False,7,0,-6.213629794260157,False,False,False,False,3.6684402015809687,0.0,3.6684402015809687,2340.2914069632657
O01->S008->S015->O01,S008->S015,"[""S008-MED-01"", ""S008-WAT-01"", ""S008-WAT-02""]",B,True,False,True,False,7,2,-6.213629794260157,False,False,False,False,3.671009385334311,0.0,3.671009385334311,2257.9600442706824
O01->S008->S004->O01,S008->S004,"[""S008-FOD-01"", ""S008-HYG-01"", ""S008-MED-01"", ""S008-WAT-01"", ""S008-WAT-02""]",B,True,False,False,False,7,0,-6.213629794260157,False,False,False,False,3.6788136822861004,0.0,3.6788136822861004,2220.301645533621
O01->S008->S015->O01,S008->S015,"[""S008-FOD-01"", ""S008-HYG-01"", ""S008-MED-01"", ""S008-WAT-01"", ""S008-WAT-02""]",B,True,False,False,False,7,2,-6.213629794260157,False,False,False,False,3.684002074259736,0.0,3.684002074259736,2377.9600442706824
O01->S008->S004->O01,S008->S004,"[""S004-MED-01"", ""S008-FOD-01"", ""S008-HYG-01"", ""S008-MED-01"", ""S008-WAT-01"", ""S008-WAT-02""]",B,True,False,False,False,7,0,-6.213629794260157,False,False,False,False,3.6880316593528573,0.0,3.6880316593528573,2280.301645533621
O01->S008->S009->O01,S008->S009,"[""S008-MED-01"", ""S008-WAT-01"", ""S008-WAT-02""]",B,True,False,True,False,7,2,-6.213629794260157,False,False,False,False,3.695353532541315,0.0,3.695353532541315,2049.185223840909
O01->S008->S015->O01,S008->S015,"[""S008-FOD-01"", ""S008-HYG-01"", ""S008-MED-01"", ""S008-WAT-01"", ""S008-WAT-02"", ""S015-MED-01""]",B,True,False,False,False,7,2,-6.213629794260157,False,False,False,False,3.6995068821528734,0.0,3.6995068821528734,2437.9600442706824
O01->S008->S012->O01,S008->S012,"[""S008-MED-01"", ""S008-WAT-01""]",B,True,True,True,False,7,0,-6.213629794260157,False,False,False,False,3.7080670659410337,0.0,3.7080670659410337,2310.950753123625
O01->S008->S009->O01,S008->S009,"[""S008-FOD-01"", ""S008-HYG-01"", ""S008-MED-01"", ""S008-WAT-01"", ""S008-WAT-02""]",B,True,False,False,False,7,2,-6.213629794260157,False,False,False,False,3.70834622146674,0.0,3.70834622146674,2169.185223840909
O01->S008->S009->O01,S008->S009,"[""S008-FOD-01"", ""S008-HYG-01"", ""S008-MED-01"", ""S008-WAT-01"", ""S008-WAT-02"", ""S009-MED-01""]",B,True,False,False,False,7,2,-6.213629794260157,False,False,False,False,3.722315637776365,0.0,3.722315637776365,2229.185223840909
O01->S008->S003->O01,S008->S003,"[""S003-MED-01"", ""S008-MED-01"", ""S008-WAT-01""]",B,True,True,True,False,7,0,-6.213629794260157,False,False,False,False,3.7238520772843615,0.0,3.7238520772843615,2650.7498164697076
O01->S004->S008->O01,S004->S008,"[""S004-MED-01"", ""S004-WAT-01"", ""S008-MED-01"", ""S008-WAT-01""]",B,True,False,False,False,7,0,-6.213629794260157,False,False,False,False,3.7263845363642756,0.0,3.7263845363642756,2160.2914069632657
O01->S008->S011->O01,S008->S011,"[""S008-MED-01"", ""S008-WAT-01"", ""S011-FOD-01"", ""S011-MED-01"", ""S011-WAT-01""]",B,True,False,False,False,4,0,-6.213629794260157,False,False,False,False,3.7316177500174144,0.0,3.7316177500174144,2030.0181399910343
O01->S008->S005->O01,S008->S005,"[""S005-FOD-01"", ""S005-HYG-01"", ""S005-MED-01"", ""S005-WAT-01"", ""S005-WAT-02"", ""S005-WAT-03"", ""S008-MED-01""]",B,True,False,False,False,7,2,-6.213629794260157,False,False,False,False,3.7419444887216398,0.0,3.7419444887216398,2163.792675867167
O01->S008->S007->O01,S008->S007,"[""S008-MED-01"", ""S008-WAT-01"", ""S008-WAT-02""]",B,True,False,True,False,7,2,-6.213629794260157,False,False,False,False,3.746616360020313,0.0,3.746616360020313,2300.951726627877
O01->S008->S005->O01,S008->S005,"[""S005-FOD-01"", ""S005-HYG-01"", ""S005-MED-01"", ""S005-WAT-01"", ""S005-WAT-02"", ""S005-WAT-03"", ""S008-MED-01"", ""S008-WAT-01""]",B,True,False,False,False,7,2,-6.213629794260157,False,False,False,False,3.754937177647065,0.0,3.754937177647065,2223.792675867167
O01->S008->S011->O01,S008->S011,"[""S008-FOD-01"", ""S008-HYG-01"", ""S008-MED-01"", ""S008-WAT-01"", ""S008-WAT-02"", ""S011-FOD-01"", ""S011-MED-01"", ""S011-WAT-01""]",B,True,False,False,False,4,0,-6.213629794260157,False,False,False,False,3.757603127868265,0.0,3.757603127868265,2210.0181399910343
O01->S008->S004->O01,S008->S004,"[""S004-MED-01"", ""S004-WAT-01"", ""S008-MED-01"", ""S008-WAT-01""]",B,True,False,False,False,7,0,-6.213629794260157,False,False,False,False,3.7593947671422225,0.0,3.7593947671422225,2160.301645533621
O01->S008->S007->O01,S008->S007,"[""S008-FOD-01"", ""S008-HYG-01"", ""S008-MED-01"", ""S008-WAT-01"", ""S008-WAT-02""]",B,True,False,False,False,7,2,-6.213629794260157,False,False,False,False,3.7596090489457388,0.0,3.7596090489457388,2420.951726627877
O01->S004->S008->O01,S004->S008,"[""S004-FOD-01"", ""S004-HYG-01"", ""S004-MED-01"", ""S004-WAT-01"", ""S004-WAT-02"", ""S004-WAT-03"", ""S008-MED-01"", ""S008-WAT-01""]",B,True,False,False,False,7,0,-6.213629794260157,False,False,False,False,3.7693889913343175,0.0,3.7693889913343175,2400.2914069632657
O01->S008->S007->O01,S008->S007,"[""S007-MED-01"", ""S008-FOD-01"", ""S008-HYG-01"", ""S008-MED-01"", ""S008-WAT-01"", ""S008-WAT-02""]",B,True,False,False,False,7,2,-6.213629794260157,False,False,False,False,3.7784155310095127,0.0,3.7784155310095127,2480.951726627877
O01->S008->S005->O01,S008->S005,"[""S005-FOD-01"", ""S005-HYG-01"", ""S005-MED-01"", ""S005-WAT-01"", ""S005-WAT-02"", ""S005-WAT-03"", ""S008-FOD-01"", ""S008-HYG-01"", ""S008-MED-01"", ""S008-WAT-01"", ""S008-WAT-02""]",B,True,False,False,False,7,2,-6.213629794260157,False,False,False,False,3.7809225554979156,0.0,3.7809225554979156,2403.792675867167
O01->S008->S004->O01,S008->S004,"[""S004-MED-01"", ""S004-WAT-01"", ""S008-FOD-01"", ""S008-HYG-01"", ""S008-MED-01"", ""S008-WAT-01"", ""S008-WAT-02""]",B,True,False,False,False,7,0,-6.213629794260157,False,False,False,False,3.7853801449930726,0.0,3.7853801449930726,2340.301645533621
O01->S008->S006->O01,S008->S006,"[""S008-MED-01"", ""S008-WAT-01"", ""S008-WAT-02""]",B,True,False,True,False,4,0,-6.213629794260157,False,False,False,False,3.8127209233320274,0.0,3.8127209233320274,2207.4309850741543
O01->S008->S012->O01,S008->S012,"[""S008-MED-01"", ""S008-WAT-01"", ""S012-MED-01""]",B,True,True,True,False,7,0,-6.213629794260157,False,False,False,False,3.8203241765737124,0.0,3.8203241765737124,2370.950753123625
O01->S003->S008->O01,S003->S008,"[""S008-MED-01"", ""S008-WAT-01""]",B,True,True,True,False,7,0,-6.213629794260157,False,False,False,False,3.824400213231464,0.0,3.824400213231464,2590.88459962141
O01->S008->S006->O01,S008->S006,"[""S008-FOD-01"", ""S008-HYG-01"", ""S008-MED-01"", ""S008-WAT-01"", ""S008-WAT-02""]",B,True,False,False,False,4,0,-6.213629794260157,False,False,False,False,3.8257136122574527,0.0,3.8257136122574527,2327.4309850741543
O01->S008->S015->O01,S008->S015,"[""S008-MED-01"", ""S008-WAT-01"", ""S015-MED-01"", ""S015-WAT-01""]",B,True,False,False,False,7,2,-6.213629794260157,False,False,False,False,3.8279440068801303,0.0,3.8279440068801303,2317.9600442706824
O01->S008->S015->O01,S008->S015,"[""S008-MED-01"", ""S015-FOD-01"", ""S015-MED-01"", ""S015-WAT-01""]",B,True,False,False,False,7,2,-6.213629794260157,False,False,False,False,3.8427549793440945,0.0,3.8427549793440945,2317.9600442706824
O01->S008->S006->O01,S008->S006,"[""S006-MED-01"", ""S008-FOD-01"", ""S008-HYG-01"", ""S008-MED-01"", ""S008-WAT-01"", ""S008-WAT-02""]",B,True,False,False,False,4,0,-6.213629794260157,False,False,False,False,3.8477531180458207,0.0,3.8477531180458207,2387.4309850741543
O01->S008->S015->O01,S008->S015,"[""S008-FOD-01"", ""S008-HYG-01"", ""S008-MED-01"", ""S008-WAT-01"", ""S008-WAT-02"", ""S015-MED-01"", ""S015-WAT-01""]",B,True,False,False,False,7,2,-6.213629794260157,False,False,False,False,3.85392938473098,0.0,3.85392938473098,2497.9600442706824
O01->S008->S009->O01,S008->S009,"[""S008-MED-01"", ""S008-WAT-01"", ""S009-MED-01"", ""S009-WAT-01""]",B,True,False,False,False,7,2,-6.213629794260157,False,False,False,False,3.8660816010599044,0.0,3.8660816010599044,2109.185223840909
O01->S002->S008->O01,S002->S008,"[""S002-FOD-01"", ""S002-FOD-02"", ""S002-HYG-01"", ""S002-MED-01"", ""S002-WAT-01"", ""S002-WAT-02"", ""S002-WAT-03"", ""S002-WAT-04"", ""S008-MED-01""]",B,True,False,False,False,7,0,-6.213629794260157,False,False,False,False,3.8809944641264944,0.0,3.8809944641264944,2522.831253896237
O01->S008->S009->O01,S008->S009,"[""S008-FOD-01"", ""S008-HYG-01"", ""S008-MED-01"", ""S008-WAT-01"", ""S008-WAT-02"", ""S009-MED-01"", ""S009-WAT-01""]",B,True,False,False,False,7,2,-6.213629794260157,False,False,False,False,3.8920669789107545,0.0,3.8920669789107545,2289.185223840909
O01->S008->S009->O01,S008->S009,"[""S008-MED-01"", ""S009-FOD-01"", ""S009-MED-01"", ""S009-WAT-01""]",B,True,False,False,False,7,2,-6.213629794260157,False,False,False,False,3.9112472016249704,0.0,3.9112472016249704,2109.185223840909
O01->S003->S008->O01,S003->S008,"[""S003-MED-01"", ""S008-MED-01"", ""S008-WAT-01""]",B,True,True,True,False,7,0,-6.213629794260157,False,False,False,False,3.9128910799698247,0.0,3.9128910799698247,2650.88459962141
O01->S008->S002->O01,S008->S002,"[""S008-MED-01"", ""S008-WAT-01"", ""S008-WAT-02""]",B,True,False,True,False,7,0,-6.213629794260157,False,False,False,False,3.9130210051328915,0.0,3.9130210051328915,2162.7922288569657
O01->S013->S008->O01,S013->S008,"[""S008-MED-01"", ""S008-WAT-01"", ""S013-MED-01"", ""S013-WAT-01""]",B,True,False,False,False,7,2,-6.213629794260157,False,False,False,False,3.917688367264161,0.0,3.917688367264161,2240.682213563506
O01->S015->S008->O01,S015->S008,"[""S008-MED-01"", ""S008-WAT-01"", ""S008-WAT-02""]",B,True,False,True,False,7,2,-6.213629794260157,False,False,False,False,3.9202075990866496,0.0,3.9202075990866496,2258.013743022672
O01->S013->S008->O01,S013->S008,"[""S008-MED-01"", ""S008-WAT-01"", ""S013-FOD-01"", ""S013-MED-01"", ""S013-WAT-01""]",B,True,False,False,False,7,2,-6.213629794260157,False,False,False,False,3.925908233593778,0.0,3.925908233593778,2300.682213563506
O01->S008->S002->O01,S008->S002,"[""S008-FOD-01"", ""S008-HYG-01"", ""S008-MED-01"", ""S008-WAT-01"", ""S008-WAT-02""]",B,True,False,False,False,7,0,-6.213629794260157,False,False,False,False,3.9260136940583172,0.0,3.9260136940583172,2282.7922288569657
O01->S004->S008->O01,S004->S008,"[""S008-MED-01"", ""S008-WAT-01"", ""S008-WAT-02""]",B,True,False,True,False,7,0,-6.213629794260157,False,False,False,False,3.927748521725207,0.0,3.927748521725207,2100.2914069632657
O01->S008->S002->O01,S008->S002,"[""S002-MED-01"", ""S008-FOD-01"", ""S008-HYG-01"", ""S008-MED-01"", ""S008-WAT-01"", ""S008-WAT-02""]",B,True,False,False,False,7,0,-6.213629794260157,False,False,False,False,3.9394697699368875,0.0,3.9394697699368875,2342.7922288569657
O01->S012->S008->O01,S012->S008,"[""S008-MED-01"", ""S008-WAT-01""]",B,True,True,True,False,7,0,-6.213629794260157,False,False,False,False,3.9401751948945565,0.0,3.9401751948945565,2311.1071895517657
O01->S004->S008->O01,S004->S008,"[""S008-FOD-01"", ""S008-HYG-01"", ""S008-MED-01"", ""S008-WAT-01"", ""S008-WAT-02""]",B,True,False,False,False,7,0,-6.213629794260157,False,False,False,False,3.9504834134874103,0.0,3.9504834134874103,2220.2914069632657
O01->S004->S008->O01,S004->S008,"[""S004-MED-01"", ""S008-FOD-01"", ""S008-HYG-01"", ""S008-MED-01"", ""S008-WAT-01"", ""S008-WAT-02""]",B,True,False,False,False,7,0,-6.213629794260157,False,False,False,False,3.953555160270985,0.0,3.953555160270985,2280.2914069632657
O01->S015->S008->O01,S015->S008,"[""S008-FOD-01"", ""S008-HYG-01"", ""S008-MED-01"", ""S008-WAT-01"", ""S008-WAT-02""]",B,True,False,False,False,7,2,-6.213629794260157,False,False,False,False,3.9562408136498077,0.0,3.9562408136498077,2378.013743022672
O01->S015->S008->O01,S015->S008,"[""S008-FOD-01"", ""S008-HYG-01"", ""S008-MED-01"", ""S008-WAT-01"", ""S008-WAT-02"", ""S015-MED-01""]",B,True,False,False,False,7,2,-6.213629794260157,False,False,False,False,3.9612831906118333,0.0,3.9612831906118333,2438.013743022672
O01->S008->S007->O01,S008->S007,"[""S007-MED-01"", ""S007-WAT-01"", ""S008-MED-01"", ""S008-WAT-01""]",B,True,False,False,False,7,2,-6.213629794260157,False,False,False,False,3.963788148368326,0.0,3.963788148368326,2360.951726627877
O01->S004->S008->O01,S004->S008,"[""S004-MED-01"", ""S004-WAT-01"", ""S008-FOD-01"", ""S008-HYG-01"", ""S008-MED-01"", ""S008-WAT-01"", ""S008-WAT-02""]",B,True,False,False,False,7,0,-6.213629794260157,False,False,False,False,3.9678899785943322,0.0,3.9678899785943322,2340.2914069632657
O01->S015->S008->O01,S015->S008,"[""S008-FOD-01"", ""S008-HYG-01"", ""S008-MED-01"", ""S008-WAT-01"", ""S008-WAT-02"", ""S015-MED-01"", ""S015-WAT-01""]",B,True,False,False,False,7,2,-6.213629794260157,False,False,False,False,3.984814283101288,0.0,3.984814283101288,2498.013743022672
O01->S009->S008->O01,S009->S008,"[""S008-MED-01"", ""S008-WAT-01"", ""S008-WAT-02""]",B,True,False,True,False,7,2,-6.213629794260157,False,False,False,False,3.986708665510214,0.0,3.986708665510214,2049.236204160101
O01->S008->S007->O01,S008->S007,"[""S007-MED-01"", ""S007-WAT-01"", ""S008-FOD-01"", ""S008-HYG-01"", ""S008-MED-01"", ""S008-WAT-01"", ""S008-WAT-02""]",B,True,False,False,False,7,2,-6.213629794260157,False,False,False,False,3.9897735262191762,0.0,3.9897735262191762,2540.951726627877
O01->S008->S015->O01,S008->S015,"[""S008-MED-01"", ""S008-WAT-01"", ""S015-FOD-01"", ""S015-MED-01"", ""S015-WAT-01""]",B,True,False,False,False,7,2,-6.213629794260157,False,False,False,False,3.994973339870968,0.0,3.994973339870968,2377.9600442706824
O01->S015->S008->O01,S015->S008,"[""S008-FOD-01"", ""S008-HYG-01"", ""S008-MED-01"", ""S008-WAT-01"", ""S008-WAT-02"", ""S015-FOD-01"", ""S015-MED-01"", ""S015-WAT-01""]",B,True,False,False,False,7,2,-6.213629794260157,False,False,False,False,3.9982606216666903,0.0,3.9982606216666903,2558.013743022672
O01->S002->S008->O01,S002->S008,"[""S002-MED-01"", ""S002-WAT-01"", ""S008-MED-01"", ""S008-WAT-01""]",B,True,False,False,False,7,0,-6.213629794260157,False,False,False,False,3.9991575654398557,0.0,3.9991575654398557,2222.831253896237
O01->S008->S004->O01,S008->S004,"[""S004-FOD-01"", ""S004-HYG-01"", ""S004-MED-01"", ""S004-WAT-01"", ""S004-WAT-02"", ""S004-WAT-03"", ""S008-MED-01""]",B,True,False,False,False,7,0,-6.213629794260157,False,False,False,False,3.9998419768714912,0.0,3.9998419768714912,2340.301645533621
O01->S008->S013->O01,S008->S013,"[""S008-MED-01"", ""S008-WAT-01"", ""S008-WAT-02""]",B,True,False,True,False,7,2,-6.213629794260157,False,False,False,False,4.000700440819039,0.0,4.000700440819039,2180.5504056550753
O01->S009->S008->O01,S009->S008,"[""S008-FOD-01"", ""S008-HYG-01"", ""S008-MED-01"", ""S008-WAT-01"", ""S008-WAT-02""]",B,True,False,False,False,7,2,-6.213629794260157,False,False,False,False,4.003884074942096,0.0,4.003884074942096,2169.2362041601014
O01->S009->S008->O01,S009->S008,"[""S008-FOD-01"", ""S008-HYG-01"", ""S008-MED-01"", ""S008-WAT-01"", ""S008-WAT-02"", ""S009-MED-01""]",B,True,False,False,False,7,2,-6.213629794260157,False,False,False,False,4.0057635178011095,0.0,4.0057635178011095,2229.2362041601014
O01->S004->S008->O01,S004->S008,"[""S004-FOD-01"", ""S004-HYG-01"", ""S004-MED-01"", ""S004-WAT-01"", ""S004-WAT-02"", ""S004-WAT-03"", ""S008-FOD-01"", ""S008-HYG-01"", ""S008-MED-01"", ""S008-WAT-01"", ""S008-WAT-02""]",B,True,False,False,False,7,0,-6.213629794260157,False,False,False,False,4.010894433564374,0.0,4.010894433564374,2580.2914069632657
O01->S008->S004->O01,S008->S004,"[""S004-FOD-01"", ""S004-HYG-01"", ""S004-MED-01"", ""S004-WAT-01"", ""S004-WAT-02"", ""S004-WAT-03"", ""S008-MED-01"", ""S008-WAT-01""]",B,True,False,False,False,7,0,-6.213629794260157,False,False,False,False,4.012834665796916,0.0,4.012834665796916,2400.301645533621
O01->S008->S013->O01,S008->S013,"[""S008-FOD-01"", ""S008-HYG-01"", ""S008-MED-01"", ""S008-WAT-01"", ""S008-WAT-02""]",B,True,False,False,False,7,2,-6.213629794260157,False,False,False,False,4.013693129744464,0.0,4.013693129744464,2300.5504056550753
O01->S009->S008->O01,S009->S008,"[""S008-FOD-01"", ""S008-HYG-01"", ""S008-MED-01"", ""S008-WAT-01"", ""S008-WAT-02"", ""S009-MED-01"", ""S009-WAT-01""]",B,True,False,False,False,7,2,-6.213629794260157,False,False,False,False,4.014534251143175,0.0,4.014534251143175,2289.2362041601014
O01->S009->S008->O01,S009->S008,"[""S008-FOD-01"", ""S008-HYG-01"", ""S008-MED-01"", ""S008-WAT-01"", ""S008-WAT-02"", ""S009-FOD-01"", ""S009-MED-01"", ""S009-WAT-01""]",B,True,False,False,False,7,2,-6.213629794260157,False,False,False,False,4.019546098767211,0.0,4.019546098767211,2349.2362041601014
O01->S008->S015->O01,S008->S015,"[""S008-FOD-01"", ""S008-HYG-01"", ""S008-MED-01"", ""S008-WAT-01"", ""S008-WAT-02"", ""S015-FOD-01"", ""S015-MED-01"", ""S015-WAT-01""]",B,True,False,False,False,7,2,-6.213629794260157,False,False,False,False,4.020958717721818,0.0,4.020958717721818,2557.9600442706824
O01->S012->S008->O01,S012->S008,"[""S008-MED-01"", ""S008-WAT-01"", ""S012-MED-01""]",B,True,True,True,False,7,0,-6.213629794260157,False,False,False,False,4.028560795031584,0.0,4.028560795031584,2371.1071895517657
O01->S008->S013->O01,S008->S013,"[""S008-FOD-01"", ""S008-HYG-01"", ""S008-MED-01"", ""S008-WAT-01"", ""S008-WAT-02"", ""S013-MED-01""]",B,True,False,False,False,7,2,-6.213629794260157,False,False,False,False,4.033608535177096,0.0,4.033608535177096,2360.5504056550753
O01->S008->S004->O01,S008->S004,"[""S004-FOD-01"", ""S004-HYG-01"", ""S004-MED-01"", ""S004-WAT-01"", ""S004-WAT-02"", ""S004-WAT-03"", ""S008-FOD-01"", ""S008-HYG-01"", ""S008-MED-01"", ""S008-WAT-01"", ""S008-WAT-02""]",B,True,False,False,False,7,0,-6.213629794260157,False,False,False,False,4.0388200436477675,0.0,4.0388200436477675,2580.301645533621
O01->S002->S008->O01,S002->S008,"[""S002-FOD-01"", ""S002-FOD-02"", ""S002-HYG-01"", ""S002-MED-01"", ""S002-WAT-01"", ""S002-WAT-02"", ""S002-WAT-03"", ""S002-WAT-04"", ""S008-MED-01"", ""S008-WAT-01""]",B,True,False,False,False,7,0,-6.213629794260157,False,False,False,False,4.043061373667395,0.0,4.043061373667395,2582.831253896237
O01->S007->S008->O01,S007->S008,"[""S008-MED-01"", ""S008-WAT-01"", ""S008-WAT-02""]",B,True,False,True,False,7,2,-6.213629794260157,False,False,False,False,4.051620172664853,0.0,4.051620172664853,2300.9887809811994
O01->S008->S009->O01,S008->S009,"[""S008-MED-01"", ""S008-WAT-01"", ""S009-FOD-01"", ""S009-MED-01"", ""S009-WAT-01""]",B,True,False,False,False,7,2,-6.213629794260157,False,False,False,False,4.063465562151844,0.0,4.063465562151844,2169.185223840909
O01->S008->S002->O01,S008->S002,"[""S002-MED-01"", ""S002-WAT-01"", ""S008-MED-01"", ""S008-WAT-01""]",B,True,False,False,False,7,0,-6.213629794260157,False,False,False,False,4.076207168124583,0.0,4.076207168124583,2222.7922288569657
O01->S007->S008->O01,S007->S008,"[""S008-FOD-01"", ""S008-HYG-01"", ""S008-MED-01"", ""S008-WAT-01"", ""S008-WAT-02""]",B,True,False,False,False,7,2,-6.213629794260157,False,False,False,False,4.088313726314331,0.0,4.088313726314331,2420.9887809811994
O01->S008->S009->O01,S008->S009,"[""S008-FOD-01"", ""S008-HYG-01"", ""S008-MED-01"", ""S008-WAT-01"", ""S008-WAT-02"", ""S009-FOD-01"", ""S009-MED-01"", ""S009-WAT-01""]",B,True,False,False,False,7,2,-6.213629794260157,False,False,False,False,4.089450940002695,0.0,4.089450940002695,2349.185223840909
O01->S007->S008->O01,S007->S008,"[""S007-MED-01"", ""S008-FOD-01"", ""S008-HYG-01"", ""S008-MED-01"", ""S008-WAT-01"", ""S008-WAT-02""]",B,True,False,False,False,7,2,-6.213629794260157,False,False,False,False,4.092676827989365,0.0,4.092676827989365,2480.9887809811994
O01->S008->S006->O01,S008->S006,"[""S006-MED-01"", ""S006-WAT-01"", ""S008-MED-01"", ""S008-WAT-01""]",B,True,False,False,False,4,0,-6.213629794260157,False,False,False,False,4.093253486846036,0.0,4.093253486846036,2267.4309850741543
O01->S008->S002->O01,S008->S002,"[""S002-MED-01"", ""S002-WAT-01"", ""S008-FOD-01"", ""S008-HYG-01"", ""S008-MED-01"", ""S008-WAT-01"", ""S008-WAT-02""]",B,True,False,False,False,7,0,-6.213629794260157,False,False,False,False,4.102192545975433,0.0,4.102192545975433,2402.7922288569657
O01->S007->S008->O01,S007->S008,"[""S007-MED-01"", ""S007-WAT-01"", ""S008-FOD-01"", ""S008-HYG-01"", ""S008-MED-01"", ""S008-WAT-01"", ""S008-WAT-02""]",B,True,False,False,False,7,2,-6.213629794260157,False,False,False,False,4.113037969139521,0.0,4.113037969139521,2540.9887809811994
O01->S008->S006->O01,S008->S006,"[""S006-MED-01"", ""S006-WAT-01"", ""S008-FOD-01"", ""S008-HYG-01"", ""S008-MED-01"", ""S008-WAT-01"", ""S008-WAT-02""]",B,True,False,False,False,4,0,-6.213629794260157,False,False,False,False,4.119238864696887,0.0,4.119238864696887,2447.4309850741543
O01->S012->S008->O01,S012->S008,"[""S008-MED-01"", ""S012-FOD-01"", ""S012-MED-01"", ""S012-WAT-01""]",B,True,False,False,False,7,0,-6.213629794260157,False,False,False,False,4.14550421585534,0.0,4.14550421585534,2431.1071895517657
O01->S007->S008->O01,S007->S008,"[""S007-FOD-01"", ""S007-HYG-01"", ""S007-MED-01"", ""S007-WAT-01"", ""S007-WAT-02"", ""S008-FOD-01"", ""S008-HYG-01"", ""S008-MED-01"", ""S008-WAT-01"", ""S008-WAT-02""]",B,True,False,False,False,7,2,-6.213629794260157,False,False,False,False,4.153760251439834,0.0,4.153760251439834,2720.9887809811994
O01->S006->S008->O01,S006->S008,"[""S008-MED-01"", ""S008-WAT-01"", ""S008-WAT-02""]",B,True,False,True,False,4,0,-6.213629794260157,False,False,False,False,4.180640552790322,0.0,4.180640552790322,2207.4225901821924
O01->S006->S008->O01,S006->S008,"[""S008-FOD-01"", ""S008-HYG-01"", ""S008-MED-01"", ""S008-WAT-01"", ""S008-WAT-02""]",B,True,False,False,False,4,0,-6.213629794260157,False,False,False,False,4.2066800441301115,0.0,4.2066800441301115,2327.4225901821924
O01->S006->S008->O01,S006->S008,"[""S006-MED-01"", ""S008-FOD-01"", ""S008-HYG-01"", ""S008-MED-01"", ""S008-WAT-01"", ""S008-WAT-02""]",B,True,False,False,False,4,0,-6.213629794260157,False,False,False,False,4.209386852931127,0.0,4.209386852931127,2387.4225901821924
O01->S006->S008->O01,S006->S008,"[""S006-MED-01"", ""S006-WAT-01"", ""S008-FOD-01"", ""S008-HYG-01"", ""S008-MED-01"", ""S008-WAT-01"", ""S008-WAT-02""]",B,True,False,False,False,4,0,-6.213629794260157,False,False,False,False,4.222018627335865,0.0,4.222018627335865,2447.4225901821924
O01->S008->S003->O01,S008->S003,"[""S008-MED-01"", ""S008-WAT-01"", ""S008-WAT-02""]",B,True,False,True,False,7,0,-6.213629794260157,False,False,False,False,4.232199209459878,0.0,4.232199209459878,2650.7498164697076
O01->S008->S003->O01,S008->S003,"[""S008-FOD-01"", ""S008-HYG-01"", ""S008-MED-01"", ""S008-WAT-01"", ""S008-WAT-02""]",B,True,False,False,False,7,0,-6.213629794260157,False,False,False,False,4.245191898385303,0.0,4.245191898385303,2770.7498164697076
O01->S006->S008->O01,S006->S008,"[""S006-FOD-01"", ""S006-HYG-01"", ""S006-MED-01"", ""S006-WAT-01"", ""S006-WAT-02"", ""S006-WAT-03"", ""S008-FOD-01"", ""S008-HYG-01"", ""S008-MED-01"", ""S008-WAT-01"", ""S008-WAT-02""]",B,True,False,False,False,4,0,-6.213629794260157,False,False,False,False,4.259913950550078,0.0,4.259913950550078,2687.4225901821924
O01->S008->S003->O01,S008->S003,"[""S003-MED-01"", ""S008-FOD-01"", ""S008-HYG-01"", ""S008-MED-01"", ""S008-WAT-01"", ""S008-WAT-02""]",B,True,False,False,False,7,0,-6.213629794260157,False,False,False,False,4.266226667409679,0.0,4.266226667409679,2830.7498164697076
O01->S008->S001->O01,S008->S001,"[""S001-FOD-01"", ""S001-FOD-02"", ""S001-FOD-03"", ""S001-HYG-01"", ""S001-HYG-02"", ""S001-MED-01"", ""S001-MED-02"", ""S001-WAT-01"", ""S001-WAT-02"", ""S001-WAT-03"", ""S001-WAT-04"", ""S001-WAT-05"", ""S001-WAT-06"", ""S001-WAT-07"", ""S001-WAT-08"", ""S008-MED-01""]",B,True,False,False,False,4,0,-6.213629794260157,False,False,False,False,4.268156631290631,0.0,4.268156631290631,2719.168843096375
O01->S003->S008->O01,S003->S008,"[""S003-FOD-01"", ""S003-FOD-02"", ""S003-HYG-01"", ""S003-MED-01"", ""S003-WAT-01"", ""S003-WAT-02"", ""S003-WAT-03"", ""S003-WAT-04"", ""S008-MED-01""]",B,True,False,False,False,7,0,-6.213629794260157,False,False,False,False,4.268370629834564,0.0,4.268370629834564,3010.88459962141
O01->S008->S013->O01,S008->S013,"[""S008-MED-01"", ""S008-WAT-01"", ""S013-MED-01"", ""S013-WAT-01""]",B,True,False,False,False,7,2,-6.213629794260157,False,False,False,False,4.268520454599827,0.0,4.268520454599827,2240.5504056550753
O01->S008->S001->O01,S008->S001,"[""S001-FOD-01"", ""S001-FOD-02"", ""S001-FOD-03"", ""S001-HYG-01"", ""S001-HYG-02"", ""S001-MED-01"", ""S001-MED-02"", ""S001-WAT-01"", ""S001-WAT-02"", ""S001-WAT-03"", ""S001-WAT-04"", ""S001-WAT-05"", ""S001-WAT-06"", ""S001-WAT-07"", ""S001-WAT-08"", ""S008-MED-01"", ""S008-WAT-01""]",B,True,False,False,False,4,0,-6.213629794260157,False,False,False,False,4.281149320216056,0.0,4.281149320216056,2779.168843096375
O01->S008->S013->O01,S008->S013,"[""S008-FOD-01"", ""S008-HYG-01"", ""S008-MED-01"", ""S008-WAT-01"", ""S008-WAT-02"", ""S013-MED-01"", ""S013-WAT-01""]",B,True,False,False,False,7,2,-6.213629794260157,False,False,False,False,4.294505832450676,0.0,4.294505832450676,2420.5504056550753
O01->S008->S001->O01,S008->S001,"[""S001-FOD-01"", ""S001-FOD-02"", ""S001-FOD-03"", ""S001-HYG-01"", ""S001-HYG-02"", ""S001-MED-01"", ""S001-MED-02"", ""S001-WAT-01"", ""S001-WAT-02"", ""S001-WAT-03"", ""S001-WAT-04"", ""S001-WAT-05"", ""S001-WAT-06"", ""S001-WAT-07"", ""S001-WAT-08"", ""S008-FOD-01"", ""S008-HYG-01"", ""S008-MED-01"", ""S008-WAT-01"", ""S008-WAT-02""]",B,True,False,False,False,4,0,-6.213629794260157,False,False,False,False,4.307134698066907,0.0,4.307134698066907,2959.168843096375
O01->S008->S012->O01,S008->S012,"[""S008-MED-01"", ""S008-WAT-01"", ""S008-WAT-02""]",B,True,False,True,False,7,0,-6.213629794260157,False,False,False,False,4.3307673725853615,0.0,4.3307673725853615,2370.950753123625
O01->S008->S012->O01,S008->S012,"[""S008-FOD-01"", ""S008-HYG-01"", ""S008-MED-01"", ""S008-WAT-01"", ""S008-WAT-02""]",B,True,False,False,False,7,0,-6.213629794260157,False,False,False,False,4.343760061510787,0.0,4.343760061510787,2490.950753123625
O01->S008->S012->O01,S008->S012,"[""S008-FOD-01"", ""S008-HYG-01"", ""S008-MED-01"", ""S008-WAT-01"", ""S008-WAT-02"", ""S012-MED-01""]",B,True,False,False,False,7,0,-6.213629794260157,False,False,False,False,4.3626987666990305,0.0,4.3626987666990305,2550.950753123625
O01->S002->S008->O01,S002->S008,"[""S008-MED-01"", ""S008-WAT-01"", ""S008-WAT-02""]",B,True,False,True,False,7,0,-6.213629794260157,False,False,False,False,4.366275451548718,0.0,4.366275451548718,2162.831253896237
O01->S002->S008->O01,S002->S008,"[""S008-FOD-01"", ""S008-HYG-01"", ""S008-MED-01"", ""S008-WAT-01"", ""S008-WAT-02""]",B,True,False,False,False,7,0,-6.213629794260157,False,False,False,False,4.384481307276867,0.0,4.384481307276867,2282.831253896237
O01->S002->S008->O01,S002->S008,"[""S002-MED-01"", ""S008-FOD-01"", ""S008-HYG-01"", ""S008-MED-01"", ""S008-WAT-01"", ""S008-WAT-02""]",B,True,False,False,False,7,0,-6.213629794260157,False,False,False,False,4.386539298287532,0.0,4.386539298287532,2342.831253896237
O01->S002->S008->O01,S002->S008,"[""S002-MED-01"", ""S002-WAT-01"", ""S008-FOD-01"", ""S008-HYG-01"", ""S008-MED-01"", ""S008-WAT-01"", ""S008-WAT-02""]",B,True,False,False,False,7,0,-6.213629794260157,False,False,False,False,4.396143256337307,0.0,4.396143256337307,2402.831253896237
O01->S003->S008->O01,S003->S008,"[""S003-MED-01"", ""S003-WAT-01"", ""S008-MED-01"", ""S008-WAT-01""]",B,True,False,False,False,7,0,-6.213629794260157,False,False,False,False,4.398293344693059,0.0,4.398293344693059,2710.88459962141
O01->S008->S013->O01,S008->S013,"[""S008-MED-01"", ""S013-FOD-01"", ""S013-MED-01"", ""S013-WAT-01""]",B,True,False,False,False,7,2,-6.213629794260157,False,False,False,False,4.42663451163428,0.0,4.42663451163428,2240.5504056550753
O01->S002->S008->O01,S002->S008,"[""S002-FOD-01"", ""S002-FOD-02"", ""S002-HYG-01"", ""S002-MED-01"", ""S002-WAT-01"", ""S002-WAT-02"", ""S002-WAT-03"", ""S002-WAT-04"", ""S008-FOD-01"", ""S008-HYG-01"", ""S008-MED-01"", ""S008-WAT-01"", ""S008-WAT-02""]",B,True,False,False,False,7,0,-6.213629794260157,False,False,False,False,4.440047064564846,0.0,4.440047064564846,2762.831253896237
O01->S008->S007->O01,S008->S007,"[""S007-FOD-01"", ""S007-HYG-01"", ""S007-MED-01"", ""S007-WAT-01"", ""S007-WAT-02"", ""S008-MED-01""]",B,True,False,False,False,7,2,-6.213629794260157,False,False,False,False,4.463611515449449,0.0,4.463611515449449,2480.951726627877
O01->S008->S003->O01,S008->S003,"[""S003-MED-01"", ""S003-WAT-01"", ""S008-MED-01"", ""S008-WAT-01""]",B,True,False,False,False,7,0,-6.213629794260157,False,False,False,False,4.46885856925611,0.0,4.46885856925611,2710.7498164697076
O01->S008->S007->O01,S008->S007,"[""S007-FOD-01"", ""S007-HYG-01"", ""S007-MED-01"", ""S007-WAT-01"", ""S007-WAT-02"", ""S008-MED-01"", ""S008-WAT-01""]",B,True,False,False,False,7,2,-6.213629794260157,False,False,False,False,4.476604204374874,0.0,4.476604204374874,2540.951726627877
O01->S008->S003->O01,S008->S003,"[""S003-MED-01"", ""S003-WAT-01"", ""S008-FOD-01"", ""S008-HYG-01"", ""S008-MED-01"", ""S008-WAT-01"", ""S008-WAT-02""]",B,True,False,False,False,7,0,-6.213629794260157,False,False,False,False,4.4948439471069594,0.0,4.4948439471069594,2890.7498164697076
O01->S008->S007->O01,S008->S007,"[""S007-FOD-01"", ""S007-HYG-01"", ""S007-MED-01"", ""S007-WAT-01"", ""S007-WAT-02"", ""S008-FOD-01"", ""S008-HYG-01"", ""S008-MED-01"", ""S008-WAT-01"", ""S008-WAT-02""]",B,True,False,False,False,7,2,-6.213629794260157,False,False,False,False,4.502589582225724,0.0,4.502589582225724,2720.951726627877
O01->S003->S008->O01,S003->S008,"[""S003-FOD-01"", ""S003-FOD-02"", ""S003-HYG-01"", ""S003-MED-01"", ""S003-WAT-01"", ""S003-WAT-02"", ""S003-WAT-03"", ""S003-WAT-04"", ""S008-MED-01"", ""S008-WAT-01""]",B,True,False,False,False,7,0,-6.213629794260157,False,False,False,False,4.503443013719751,0.0,4.503443013719751,3070.88459962141
O01->S008->S002->O01,S008->S002,"[""S002-FOD-01"", ""S002-FOD-02"", ""S002-HYG-01"", ""S002-MED-01"", ""S002-WAT-01"", ""S002-WAT-02"", ""S002-WAT-03"", ""S002-WAT-04"", ""S008-MED-01""]",B,True,False,False,False,7,0,-6.213629794260157,False,False,False,False,4.510032840877404,0.0,4.510032840877404,2522.7922288569657
O01->S012->S008->O01,S012->S008,"[""S008-MED-01"", ""S008-WAT-01"", ""S012-MED-01"", ""S012-WAT-01""]",B,True,False,False,False,7,0,-6.213629794260157,False,False,False,False,4.514842360383945,0.0,4.514842360383945,2431.1071895517657
O01->S013->S008->O01,S013->S008,"[""S008-MED-01"", ""S008-WAT-01"", ""S008-WAT-02""]",B,True,False,True,False,7,2,-6.213629794260157,False,False,False,False,4.522577697110874,0.0,4.522577697110874,2180.682213563506
O01->S008->S002->O01,S008->S002,"[""S002-FOD-01"", ""S002-FOD-02"", ""S002-HYG-01"", ""S002-MED-01"", ""S002-WAT-01"", ""S002-WAT-02"", ""S002-WAT-03"", ""S002-WAT-04"", ""S008-MED-01"", ""S008-WAT-01""]",B,True,False,False,False,7,0,-6.213629794260157,False,False,False,False,4.52302552980283,0.0,4.52302552980283,2582.7922288569657
O01->S012->S008->O01,S012->S008,"[""S008-MED-01"", ""S008-WAT-01"", ""S012-FOD-01"", ""S012-MED-01"", ""S012-WAT-01""]",B,True,False,False,False,7,0,-6.213629794260157,False,False,False,False,4.523489723839823,0.0,4.523489723839823,2491.1071895517657
O01->S013->S008->O01,S013->S008,"[""S008-FOD-01"", ""S008-HYG-01"", ""S008-MED-01"", ""S008-WAT-01"", ""S008-WAT-02""]",B,True,False,False,False,7,2,-6.213629794260157,False,False,False,False,4.538799656336,0.0,4.538799656336,2300.682213563506
O01->S013->S008->O01,S013->S008,"[""S008-FOD-01"", ""S008-HYG-01"", ""S008-MED-01"", ""S008-WAT-01"", ""S008-WAT-02"", ""S013-MED-01""]",B,True,False,False,False,7,2,-6.213629794260157,False,False,False,False,4.541882106209606,0.0,4.541882106209606,2360.682213563506
O01->S008->S002->O01,S008->S002,"[""S002-FOD-01"", ""S002-FOD-02"", ""S002-HYG-01"", ""S002-MED-01"", ""S002-WAT-01"", ""S002-WAT-02"", ""S002-WAT-03"", ""S002-WAT-04"", ""S008-FOD-01"", ""S008-HYG-01"", ""S008-MED-01"", ""S008-WAT-01"", ""S008-WAT-02""]",B,True,False,False,False,7,0,-6.213629794260157,False,False,False,False,4.549010907653679,0.0,4.549010907653679,2762.7922288569657
O01->S013->S008->O01,S013->S008,"[""S008-FOD-01"", ""S008-HYG-01"", ""S008-MED-01"", ""S008-WAT-01"", ""S008-WAT-02"", ""S013-MED-01"", ""S013-WAT-01""]",B,True,False,False,False,7,2,-6.213629794260157,False,False,False,False,4.556266872286436,0.0,4.556266872286436,2420.682213563506
O01->S013->S008->O01,S013->S008,"[""S008-FOD-01"", ""S008-HYG-01"", ""S008-MED-01"", ""S008-WAT-01"", ""S008-WAT-02"", ""S013-FOD-01"", ""S013-MED-01"", ""S013-WAT-01""]",B,True,False,False,False,7,2,-6.213629794260157,False,False,False,False,4.564486738616052,0.0,4.564486738616052,2480.682213563506
O01->S008->S013->O01,S008->S013,"[""S008-MED-01"", ""S008-WAT-01"", ""S013-FOD-01"", ""S013-MED-01"", ""S013-WAT-01""]",B,True,False,False,False,7,2,-6.213629794260157,False,False,False,False,4.5788528721611526,0.0,4.5788528721611526,2300.5504056550753
O01->S008->S012->O01,S008->S012,"[""S008-MED-01"", ""S008-WAT-01"", ""S012-MED-01"", ""S012-WAT-01""]",B,True,False,False,False,7,0,-6.213629794260157,False,False,False,False,4.5859645719086926,0.0,4.5859645719086926,2430.950753123625
O01->S008->S013->O01,S008->S013,"[""S008-FOD-01"", ""S008-HYG-01"", ""S008-MED-01"", ""S008-WAT-01"", ""S008-WAT-02"", ""S013-FOD-01"", ""S013-MED-01"", ""S013-WAT-01""]",B,True,False,False,False,7,2,-6.213629794260157,False,False,False,False,4.604838250012003,0.0,4.604838250012003,2480.5504056550753
O01->S008->S012->O01,S008->S012,"[""S008-FOD-01"", ""S008-HYG-01"", ""S008-MED-01"", ""S008-WAT-01"", ""S008-WAT-02"", ""S012-MED-01"", ""S012-WAT-01""]",B,True,False,False,False,7,0,-6.213629794260157,False,False,False,False,4.611949949759542,0.0,4.611949949759542,2610.950753123625
O01->S008->S012->O01,S008->S012,"[""S008-MED-01"", ""S012-FOD-01"", ""S012-MED-01"", ""S012-WAT-01""]",B,True,False,False,False,7,0,-6.213629794260157,False,False,False,False,4.7306187223360965,0.0,4.7306187223360965,2430.950753123625
O01->S008->S006->O01,S008->S006,"[""S006-FOD-01"", ""S006-HYG-01"", ""S006-MED-01"", ""S006-WAT-01"", ""S006-WAT-02"", ""S006-WAT-03"", ""S008-MED-01""]",B,True,False,False,False,4,0,-6.213629794260157,False,False,False,False,4.774893141946235,0.0,4.774893141946235,2447.4309850741543
O01->S008->S006->O01,S008->S006,"[""S006-FOD-01"", ""S006-HYG-01"", ""S006-MED-01"", ""S006-WAT-01"", ""S006-WAT-02"", ""S006-WAT-03"", ""S008-MED-01"", ""S008-WAT-01""]",B,True,False,False,False,4,0,-6.213629794260157,False,False,False,False,4.7878858308716605,0.0,4.7878858308716605,2507.4309850741543
O01->S008->S006->O01,S008->S006,"[""S006-FOD-01"", ""S006-HYG-01"", ""S006-MED-01"", ""S006-WAT-01"", ""S006-WAT-02"", ""S006-WAT-03"", ""S008-FOD-01"", ""S008-HYG-01"", ""S008-MED-01"", ""S008-WAT-01"", ""S008-WAT-02""]",B,True,False,False,False,4,0,-6.213629794260157,False,False,False,False,4.81387120872251,0.0,4.81387120872251,2687.4309850741543
O01->S008->S012->O01,S008->S012,"[""S008-MED-01"", ""S008-WAT-01"", ""S012-FOD-01"", ""S012-MED-01"", ""S012-WAT-01""]",B,True,False,False,False,7,0,-6.213629794260157,False,False,False,False,4.882837082862969,0.0,4.882837082862969,2490.950753123625
O01->S003->S008->O01,S003->S008,"[""S008-MED-01"", ""S008-WAT-01"", ""S008-WAT-02""]",B,True,False,True,False,7,0,-6.213629794260157,False,False,False,False,4.888376623506396,0.0,4.888376623506396,2650.88459962141
O01->S008->S012->O01,S008->S012,"[""S008-FOD-01"", ""S008-HYG-01"", ""S008-MED-01"", ""S008-WAT-01"", ""S008-WAT-02"", ""S012-FOD-01"", ""S012-MED-01"", ""S012-WAT-01""]",B,True,False,False,False,7,0,-6.213629794260157,False,False,False,False,4.90882246071382,0.0,4.90882246071382,2670.950753123625
O01->S003->S008->O01,S003->S008,"[""S008-FOD-01"", ""S008-HYG-01"", ""S008-MED-01"", ""S008-WAT-01"", ""S008-WAT-02""]",B,True,False,False,False,7,0,-6.213629794260157,False,False,False,False,4.935623431319405,0.0,4.935623431319405,2770.88459962141
O01->S003->S008->O01,S003->S008,"[""S003-MED-01"", ""S008-FOD-01"", ""S008-HYG-01"", ""S008-MED-01"", ""S008-WAT-01"", ""S008-WAT-02""]",B,True,False,False,False,7,0,-6.213629794260157,False,False,False,False,4.940552322055031,0.0,4.940552322055031,2830.88459962141
O01->S003->S008->O01,S003->S008,"[""S003-MED-01"", ""S003-WAT-01"", ""S008-FOD-01"", ""S008-HYG-01"", ""S008-MED-01"", ""S008-WAT-01"", ""S008-WAT-02""]",B,True,False,False,False,7,0,-6.213629794260157,False,False,False,False,4.96355381215462,0.0,4.96355381215462,2890.88459962141
O01->S003->S008->O01,S003->S008,"[""S003-FOD-01"", ""S003-FOD-02"", ""S003-HYG-01"", ""S003-MED-01"", ""S003-WAT-01"", ""S003-WAT-02"", ""S003-WAT-03"", ""S003-WAT-04"", ""S008-FOD-01"", ""S008-HYG-01"", ""S008-MED-01"", ""S008-WAT-01"", ""S008-WAT-02""]",B,True,False,False,False,7,0,-6.213629794260157,False,False,False,False,5.068703481181313,0.0,5.068703481181313,3250.88459962141
O01->S012->S008->O01,S012->S008,"[""S008-MED-01"", ""S008-WAT-01"", ""S008-WAT-02""]",B,True,False,True,False,7,0,-6.213629794260157,False,False,False,False,5.096337119680779,0.0,5.096337119680779,2371.1071895517657
O01->S008->S003->O01,S008->S003,"[""S003-FOD-01"", ""S003-FOD-02"", ""S003-HYG-01"", ""S003-MED-01"", ""S003-WAT-01"", ""S003-WAT-02"", ""S003-WAT-03"", ""S003-WAT-04"", ""S008-MED-01""]",B,True,False,False,False,7,0,-6.213629794260157,False,False,False,False,5.113167251193621,0.0,5.113167251193621,3010.7498164697076
O01->S012->S008->O01,S012->S008,"[""S008-FOD-01"", ""S008-HYG-01"", ""S008-MED-01"", ""S008-WAT-01"", ""S008-WAT-02""]",B,True,False,False,False,7,0,-6.213629794260157,False,False,False,False,5.115674623107649,0.0,5.115674623107649,2491.1071895517657
O01->S012->S008->O01,S012->S008,"[""S008-FOD-01"", ""S008-HYG-01"", ""S008-MED-01"", ""S008-WAT-01"", ""S008-WAT-02"", ""S012-MED-01""]",B,True,False,False,False,7,0,-6.213629794260157,False,False,False,False,5.118917384403604,0.0,5.118917384403604,2551.1071895517657
O01->S008->S003->O01,S008->S003,"[""S003-FOD-01"", ""S003-FOD-02"", ""S003-HYG-01"", ""S003-MED-01"", ""S003-WAT-01"", ""S003-WAT-02"", ""S003-WAT-03"", ""S003-WAT-04"", ""S008-MED-01"", ""S008-WAT-01""]",B,True,False,False,False,7,0,-6.213629794260157,False,False,False,False,5.126159940119047,0.0,5.126159940119047,3070.7498164697076
O01->S012->S008->O01,S012->S008,"[""S008-FOD-01"", ""S008-HYG-01"", ""S008-MED-01"", ""S008-WAT-01"", ""S008-WAT-02"", ""S012-MED-01"", ""S012-WAT-01""]",B,True,False,False,False,7,0,-6.213629794260157,False,False,False,False,5.134050270451391,0.0,5.134050270451391,2611.1071895517657
O01->S012->S008->O01,S012->S008,"[""S008-FOD-01"", ""S008-HYG-01"", ""S008-MED-01"", ""S008-WAT-01"", ""S008-WAT-02"", ""S012-FOD-01"", ""S012-MED-01"", ""S012-WAT-01""]",B,True,False,False,False,7,0,-6.213629794260157,False,False,False,False,5.142697633907269,0.0,5.142697633907269,2671.1071895517657
O01->S008->S011->O01,S008->S011,"[""S008-MED-01""]",C,True,True,True,True,4,0,-6.213629794260157,False,False,False,False,5.144712116487151,0.0,5.144712116487151,1874.4327385831566
O01->S011->S008->O01,S011->S008,"[""S008-MED-01""]",C,True,True,True,True,4,0,-6.213629794260157,False,False,False,False,5.1461447793654225,0.0,5.1461447793654225,1874.425282421441
O01->S008->S003->O01,S008->S003,"[""S003-FOD-01"", ""S003-FOD-02"", ""S003-HYG-01"", ""S003-MED-01"", ""S003-WAT-01"", ""S003-WAT-02"", ""S003-WAT-03"", ""S003-WAT-04"", ""S008-FOD-01"", ""S008-HYG-01"", ""S008-MED-01"", ""S008-WAT-01"", ""S008-WAT-02""]",B,True,False,False,False,7,0,-6.213629794260157,False,False,False,False,5.152145317969897,0.0,5.152145317969897,3250.7498164697076
O01->S008->S005->O01,S008->S005,"[""S008-MED-01""]",C,True,True,True,True,7,2,-6.213629794260157,False,False,False,False,5.201984994207375,0.0,5.201984994207375,1888.5439077600704
O01->S005->S008->O01,S005->S008,"[""S008-MED-01""]",C,True,True,True,True,7,2,-6.213629794260157,False,False,False,False,5.2036749531874555,0.0,5.2036749531874555,1888.5389619390562
O01->S011->S008->O01,S011->S008,"[""S008-MED-01"", ""S011-FOD-01"", ""S011-MED-01"", ""S011-WAT-01""]",C,True,True,True,True,4,0,-6.213629794260157,False,False,False,False,5.267380900127497,0.0,5.267380900127497,2072.425282421441
O01->S008->S011->O01,S008->S011,"[""S008-MED-01"", ""S008-WAT-01""]",C,True,True,True,True,4,0,-6.213629794260157,False,False,False,False,5.286854225742186,0.0,5.286854225742186,1940.4327385831566
O01->S011->S008->O01,S011->S008,"[""S008-MED-01"", ""S008-WAT-01""]",C,True,True,True,True,4,0,-6.213629794260157,False,False,False,False,5.2957078773010835,0.0,5.2957078773010835,1940.425282421441
O01->S011->S008->O01,S011->S008,"[""S008-MED-01"", ""S008-WAT-01"", ""S011-MED-01""]",C,True,True,True,True,4,0,-6.213629794260157,False,False,False,False,5.311898064689922,0.0,5.311898064689922,2006.425282421441
O01->S008->S011->O01,S008->S011,"[""S008-MED-01"", ""S008-WAT-01"", ""S011-MED-01""]",C,True,True,True,True,4,0,-6.213629794260157,False,False,False,False,5.3388361317921005,0.0,5.3388361317921005,2006.4327385831566
O01->S008->S005->O01,S008->S005,"[""S008-MED-01"", ""S008-WAT-01""]",C,True,True,True,True,7,2,-6.213629794260157,False,False,False,False,5.34412710346241,0.0,5.34412710346241,1954.5439077600704
O01->S005->S008->O01,S005->S008,"[""S008-MED-01"", ""S008-WAT-01""]",C,True,True,True,True,7,2,-6.213629794260157,False,False,False,False,5.356282343377223,0.0,5.356282343377223,1954.5389619390562
O01->S005->S008->O01,S005->S008,"[""S005-MED-01"", ""S008-MED-01"", ""S008-WAT-01""]",C,True,True,True,True,7,2,-6.213629794260157,False,False,False,False,5.385426169206342,0.0,5.385426169206342,2020.5389619390562
O01->S008->S005->O01,S008->S005,"[""S005-MED-01"", ""S008-MED-01"", ""S008-WAT-01""]",C,True,True,True,True,7,2,-6.213629794260157,False,False,False,False,5.392806545389939,0.0,5.392806545389939,2020.5439077600704
O01->S008->S001->O01,S008->S001,"[""S008-MED-01""]",C,True,True,True,True,4,0,-6.213629794260157,False,False,False,False,5.405099950081869,0.0,5.405099950081869,1896.8610285618695
O01->S001->S008->O01,S001->S008,"[""S008-MED-01""]",C,True,True,True,True,4,0,-6.213629794260157,False,False,False,False,5.40730578310831,0.0,5.40730578310831,1896.889630407168
O01->S011->S008->O01,S011->S008,"[""S008-MED-01"", ""S008-WAT-01"", ""S011-MED-01"", ""S011-WAT-01""]",C,True,True,True,True,4,0,-6.213629794260157,False,False,False,False,5.410225191434531,0.0,5.410225191434531,2072.425282421441
O01->S011->S008->O01,S011->S008,"[""S008-MED-01"", ""S008-WAT-01"", ""S011-FOD-01"", ""S011-MED-01"", ""S011-WAT-01""]",C,True,True,True,True,4,0,-6.213629794260157,False,False,False,False,5.486592061174508,0.0,5.486592061174508,2138.425282421441
O01->S008->S011->O01,S008->S011,"[""S008-MED-01"", ""S008-WAT-01"", ""S008-WAT-02""]",C,True,True,True,True,4,0,-6.213629794260157,False,False,False,False,5.533380783883348,0.0,5.533380783883348,2006.4327385831566
O01->S008->S001->O01,S008->S001,"[""S008-MED-01"", ""S008-WAT-01""]",C,True,True,True,True,4,0,-6.213629794260157,False,False,False,False,5.547242059336904,0.0,5.547242059336904,1962.8610285618695
O01->S011->S008->O01,S011->S008,"[""S008-MED-01"", ""S008-WAT-01"", ""S008-WAT-02""]",C,True,True,True,True,4,0,-6.213629794260157,False,False,False,False,5.550374316233853,0.0,5.550374316233853,2006.425282421441
O01->S005->S008->O01,S005->S008,"[""S005-MED-01"", ""S005-WAT-01"", ""S008-MED-01"", ""S008-WAT-01""]",C,True,True,True,True,7,2,-6.213629794260157,False,False,False,False,5.56428993498348,0.0,5.56428993498348,2086.538961939056
O01->S001->S008->O01,S001->S008,"[""S008-MED-01"", ""S008-WAT-01""]",C,True,True,True,True,4,0,-6.213629794260157,False,False,False,False,5.568769759407893,0.0,5.568769759407893,1962.889630407168
O01->S001->S008->O01,S001->S008,"[""S001-MED-01"", ""S008-MED-01"", ""S008-WAT-01""]",C,True,True,True,True,4,0,-6.213629794260157,False,False,False,False,5.5859555889093695,0.0,5.5859555889093695,2028.889630407168
O01->S008->S005->O01,S008->S005,"[""S008-MED-01"", ""S008-WAT-01"", ""S008-WAT-02""]",C,True,True,True,True,7,2,-6.213629794260157,False,False,False,False,5.590653661603572,0.0,5.590653661603572,2020.5439077600704
O01->S008->S001->O01,S008->S001,"[""S001-MED-01"", ""S008-MED-01"", ""S008-WAT-01""]",C,True,True,True,True,4,0,-6.213629794260157,False,False,False,False,5.599466831398134,0.0,5.599466831398134,2028.8610285618695
O01->S001->S008->O01,S001->S008,"[""S001-MED-01"", ""S001-MED-02"", ""S008-MED-01"", ""S008-WAT-01""]",C,True,True,True,True,4,0,-6.213629794260157,False,False,False,False,5.604907638510561,0.0,5.604907638510561,2094.8896304071677
O01->S005->S008->O01,S005->S008,"[""S008-MED-01"", ""S008-WAT-01"", ""S008-WAT-02""]",C,True,True,True,True,7,2,-6.213629794260157,False,False,False,False,5.616367110817164,0.0,5.616367110817164,2020.5389619390562
O01->S008->S011->O01,S008->S011,"[""S008-MED-01"", ""S011-FOD-01"", ""S011-MED-01"", ""S011-WAT-01""]",C,True,True,True,True,4,0,-6.213629794260157,False,False,False,False,5.655543268846174,0.0,5.655543268846174,2072.4327385831566
O01->S008->S001->O01,S008->S001,"[""S001-MED-01"", ""S001-MED-02"", ""S008-MED-01"", ""S008-WAT-01""]",C,True,True,True,True,4,0,-6.213629794260157,False,False,False,False,5.662501584980742,0.0,5.662501584980742,2094.8610285618693
O01->S008->S011->O01,S008->S011,"[""S008-MED-01"", ""S008-WAT-01"", ""S011-MED-01"", ""S011-WAT-01""]",C,True,True,True,True,4,0,-6.213629794260157,False,False,False,False,5.70199939974959,0.0,5.70199939974959,2072.4327385831566
O01->S008->S005->O01,S008->S005,"[""S005-MED-01"", ""S005-WAT-01"", ""S008-MED-01"", ""S008-WAT-01""]",C,True,True,True,True,7,2,-6.213629794260157,False,False,False,False,5.716888896255648,0.0,5.716888896255648,2086.5439077600704
O01->S008->S015->O01,S008->S015,"[""S008-MED-01""]",C,True,True,True,True,7,2,-6.213629794260157,False,False,False,False,5.778473703301085,0.0,5.778473703301085,2274.3032968341586
O01->S015->S008->O01,S015->S008,"[""S008-MED-01""]",C,True,True,True,True,7,2,-6.213629794260157,False,False,False,False,5.78589167159037,0.0,5.78589167159037,2274.356995586148
O01->S008->S001->O01,S008->S001,"[""S008-MED-01"", ""S008-WAT-01"", ""S008-WAT-02""]",C,True,True,True,True,4,0,-6.213629794260157,False,False,False,False,5.793768617478066,0.0,5.793768617478066,2028.8610285618695
O01->S008->S004->O01,S008->S004,"[""S008-MED-01""]",C,True,True,True,True,7,0,-6.213629794260157,False,False,False,False,5.833885307228801,0.0,5.833885307228801,2074.8153113051053
O01->S004->S008->O01,S004->S008,"[""S008-MED-01""]",C,True,True,True,True,7,0,-6.213629794260157,False,False,False,False,5.838635548317757,0.0,5.838635548317757,2074.80507273475
O01->S001->S008->O01,S001->S008,"[""S008-MED-01"", ""S008-WAT-01"", ""S008-WAT-02""]",C,True,True,True,True,4,0,-6.213629794260157,False,False,False,False,5.846683265042778,0.0,5.846683265042778,2028.889630407168
O01->S008->S011->O01,S008->S011,"[""S008-FOD-01"", ""S008-HYG-01"", ""S008-MED-01"", ""S008-WAT-01"", ""S008-WAT-02""]",C,True,True,True,True,4,0,-6.213629794260157,False,False,False,False,5.907337389966736,0.0,5.907337389966736,2138.4327385831566
O01->S008->S015->O01,S008->S015,"[""S008-MED-01"", ""S008-WAT-01""]",C,True,True,True,True,7,2,-6.213629794260157,False,False,False,False,5.92061581255612,0.0,5.92061581255612,2340.3032968341586
O01->S008->S009->O01,S008->S009,"[""S008-MED-01""]",C,True,True,True,True,7,2,-6.213629794260157,False,False,False,False,5.925330975396019,0.0,5.925330975396019,2006.211658167081
O01->S009->S008->O01,S009->S008,"[""S008-MED-01""]",C,True,True,True,True,7,2,-6.213629794260157,False,False,False,False,5.929641498309771,0.0,5.929641498309771,2006.262638486273
O01->S011->S008->O01,S011->S008,"[""S008-FOD-01"", ""S008-HYG-01"", ""S008-MED-01"", ""S008-WAT-01"", ""S008-WAT-02""]",C,True,True,True,True,4,0,-6.213629794260157,False,False,False,False,5.9333484094682785,0.0,5.9333484094682785,2138.425282421441
O01->S008->S007->O01,S008->S007,"[""S008-MED-01""]",C,True,True,True,True,7,2,-6.213629794260157,False,False,False,False,5.938013082793113,0.0,5.938013082793113,2319.372061507435
O01->S007->S008->O01,S007->S008,"[""S008-MED-01""]",C,True,True,True,True,7,2,-6.213629794260157,False,False,False,False,5.946108771468637,0.0,5.946108771468637,2319.4091158607566
O01->S008->S005->O01,S008->S005,"[""S008-FOD-01"", ""S008-HYG-01"", ""S008-MED-01"", ""S008-WAT-01"", ""S008-WAT-02""]",C,True,True,True,True,7,2,-6.213629794260157,False,False,False,False,5.96461026768696,0.0,5.96461026768696,2152.5439077600704
O01->S011->S008->O01,S011->S008,"[""S008-FOD-01"", ""S008-HYG-01"", ""S008-MED-01"", ""S008-WAT-01"", ""S008-WAT-02"", ""S011-MED-01""]",C,True,True,True,True,4,0,-6.213629794260157,False,False,False,False,5.969795909250231,0.0,5.969795909250231,2204.425282421441
O01->S008->S015->O01,S008->S015,"[""S008-MED-01"", ""S008-WAT-01"", ""S015-MED-01""]",C,True,True,True,True,7,2,-6.213629794260157,False,False,False,False,5.974273157733523,0.0,5.974273157733523,2406.3032968341586
O01->S008->S004->O01,S008->S004,"[""S008-MED-01"", ""S008-WAT-01""]",C,True,True,True,True,7,0,-6.213629794260157,False,False,False,False,5.976027416483836,0.0,5.976027416483836,2140.8153113051053
O01->S015->S008->O01,S015->S008,"[""S008-MED-01"", ""S008-WAT-01""]",C,True,True,True,True,7,2,-6.213629794260157,False,False,False,False,5.980514320167524,0.0,5.980514320167524,2340.356995586148
O01->S008->S011->O01,S008->S011,"[""S008-MED-01"", ""S008-WAT-01"", ""S011-FOD-01"", ""S011-MED-01"", ""S011-WAT-01""]",C,True,True,True,True,4,0,-6.213629794260157,False,False,False,False,5.998175009558081,0.0,5.998175009558081,2138.4327385831566
O01->S005->S008->O01,S005->S008,"[""S008-FOD-01"", ""S008-HYG-01"", ""S008-MED-01"", ""S008-WAT-01"", ""S008-WAT-02""]",C,True,True,True,True,7,2,-6.213629794260157,False,False,False,False,6.0076576994483,0.0,6.0076576994483,2152.538961939056
O01->S015->S008->O01,S015->S008,"[""S008-MED-01"", ""S008-WAT-01"", ""S015-MED-01""]",C,True,True,True,True,7,2,-6.213629794260157,False,False,False,False,6.0160828261229256,0.0,6.0160828261229256,2406.356995586148
O01->S008->S011->O01,S008->S011,"[""S008-FOD-01"", ""S008-HYG-01"", ""S008-MED-01"", ""S008-WAT-01"", ""S008-WAT-02"", ""S011-MED-01""]",C,True,True,True,True,4,0,-6.213629794260157,False,False,False,False,6.017632204008203,0.0,6.017632204008203,2204.4327385831566
O01->S008->S004->O01,S008->S004,"[""S004-MED-01"", ""S008-MED-01"", ""S008-WAT-01""]",C,True,True,True,True,7,0,-6.213629794260157,False,False,False,False,6.024402628591812,0.0,6.024402628591812,2206.8153113051053
O01->S004->S008->O01,S004->S008,"[""S008-MED-01"", ""S008-WAT-01""]",C,True,True,True,True,7,0,-6.213629794260157,False,False,False,False,6.026249146888586,0.0,6.026249146888586,2140.80507273475
O01->S015->S008->O01,S015->S008,"[""S008-MED-01"", ""S015-FOD-01"", ""S015-MED-01"", ""S015-WAT-01""]",C,True,True,True,True,7,2,-6.213629794260157,False,False,False,False,6.053061228390465,0.0,6.053061228390465,2472.356995586148
O01->S008->S009->O01,S008->S009,"[""S008-MED-01"", ""S008-WAT-01""]",C,True,True,True,True,7,2,-6.213629794260157,False,False,False,False,6.067473084651054,0.0,6.067473084651054,2072.2116581670807
O01->S004->S008->O01,S004->S008,"[""S004-MED-01"", ""S008-MED-01"", ""S008-WAT-01""]",C,True,True,True,True,7,0,-6.213629794260157,False,False,False,False,6.068600810936243,0.0,6.068600810936243,2206.8050727347504
O01->S008->S005->O01,S008->S005,"[""S005-MED-01"", ""S008-FOD-01"", ""S008-HYG-01"", ""S008-MED-01"", ""S008-WAT-01"", ""S008-WAT-02""]",C,True,True,True,True,7,2,-6.213629794260157,False,False,False,False,6.071602617606042,0.0,6.071602617606042,2218.5439077600704
O01->S005->S008->O01,S005->S008,"[""S005-MED-01"", ""S008-FOD-01"", ""S008-HYG-01"", ""S008-MED-01"", ""S008-WAT-01"", ""S008-WAT-02""]",C,True,True,True,True,7,2,-6.213629794260157,False,False,False,False,6.0749263314321675,0.0,6.0749263314321675,2218.538961939056
O01->S008->S007->O01,S008->S007,"[""S008-MED-01"", ""S008-WAT-01""]",C,True,True,True,True,7,2,-6.213629794260157,False,False,False,False,6.080155192048148,0.0,6.080155192048148,2385.372061507435
O01->S009->S008->O01,S009->S008,"[""S008-MED-01"", ""S008-WAT-01""]",C,True,True,True,True,7,2,-6.213629794260157,False,False,False,False,6.1178799627338805,0.0,6.1178799627338805,2072.262638486273
O01->S008->S009->O01,S008->S009,"[""S008-MED-01"", ""S008-WAT-01"", ""S009-MED-01""]",C,True,True,True,True,7,2,-6.213629794260157,False,False,False,False,6.118780209143076,0.0,6.118780209143076,2138.211658167081
O01->S008->S006->O01,S008->S006,"[""S008-MED-01""]",C,True,True,True,True,4,0,-6.213629794260157,False,False,False,False,6.133738554227241,0.0,6.133738554227241,2192.3391973544276
O01->S008->S007->O01,S008->S007,"[""S007-MED-01"", ""S008-MED-01"", ""S008-WAT-01""]",C,True,True,True,True,7,2,-6.213629794260157,False,False,False,False,6.135609900773491,0.0,6.135609900773491,2451.372061507435
O01->S006->S008->O01,S006->S008,"[""S008-MED-01""]",C,True,True,True,True,4,0,-6.213629794260157,False,False,False,False,6.140317792846963,0.0,6.140317792846963,2192.330802462466
O01->S009->S008->O01,S009->S008,"[""S008-MED-01"", ""S008-WAT-01"", ""S009-MED-01""]",C,True,True,True,True,7,2,-6.213629794260157,False,False,False,False,6.148781150395686,0.0,6.148781150395686,2138.262638486273
O01->S007->S008->O01,S007->S008,"[""S008-MED-01"", ""S008-WAT-01""]",C,True,True,True,True,7,2,-6.213629794260157,False,False,False,False,6.149474572073217,0.0,6.149474572073217,2385.4091158607566
O01->S009->S008->O01,S009->S008,"[""S008-MED-01"", ""S009-FOD-01"", ""S009-MED-01"", ""S009-WAT-01""]",C,True,True,True,True,7,2,-6.213629794260157,False,False,False,False,6.1593574741776465,0.0,6.1593574741776465,2204.262638486273
O01->S008->S015->O01,S008->S015,"[""S008-MED-01"", ""S008-WAT-01"", ""S008-WAT-02""]",C,True,True,True,True,7,2,-6.213629794260157,False,False,False,False,6.167142370697282,0.0,6.167142370697282,2406.3032968341586
O01->S008->S001->O01,S008->S001,"[""S008-FOD-01"", ""S008-HYG-01"", ""S008-MED-01"", ""S008-WAT-01"", ""S008-WAT-02""]",C,True,True,True,True,4,0,-6.213629794260157,False,False,False,False,6.167725223561455,0.0,6.167725223561455,2160.8610285618693
O01->S007->S008->O01,S007->S008,"[""S007-MED-01"", ""S008-MED-01"", ""S008-WAT-01""]",C,True,True,True,True,7,2,-6.213629794260157,False,False,False,False,6.176830946749901,0.0,6.176830946749901,2451.409115860756
O01->S005->S008->O01,S005->S008,"[""S005-FOD-01"", ""S005-HYG-01"", ""S005-MED-01"", ""S005-WAT-01"", ""S005-WAT-02"", ""S005-WAT-03"", ""S008-MED-01""]",C,True,True,True,True,7,2,-6.213629794260157,False,False,False,False,6.1890085082951884,0.0,6.1890085082951884,2284.538961939056
O01->S011->S008->O01,S011->S008,"[""S008-FOD-01"", ""S008-HYG-01"", ""S008-MED-01"", ""S008-WAT-01"", ""S008-WAT-02"", ""S011-MED-01"", ""S011-WAT-01""]",C,True,True,True,True,4,0,-6.213629794260157,False,False,False,False,6.192720624996133,0.0,6.192720624996133,2270.425282421441
O01->S008->S004->O01,S008->S004,"[""S008-MED-01"", ""S008-WAT-01"", ""S008-WAT-02""]",C,True,True,True,True,7,0,-6.213629794260157,False,False,False,False,6.222553974624998,0.0,6.222553974624998,2206.8153113051053
O01->S015->S008->O01,S015->S008,"[""S008-MED-01"", ""S008-WAT-01"", ""S015-MED-01"", ""S015-WAT-01""]",C,True,True,True,True,7,2,-6.213629794260157,False,False,False,False,6.230728250311541,0.0,6.230728250311541,2472.356995586148
O01->S001->S008->O01,S001->S008,"[""S008-FOD-01"", ""S008-HYG-01"", ""S008-MED-01"", ""S008-WAT-01"", ""S008-WAT-02""]",C,True,True,True,True,4,0,-6.213629794260157,False,False,False,False,6.266755581347206,0.0,6.266755581347206,2160.8896304071677
O01->S008->S015->O01,S008->S015,"[""S008-MED-01"", ""S015-FOD-01"", ""S015-MED-01"", ""S015-WAT-01""]",C,True,True,True,True,7,2,-6.213629794260157,False,False,False,False,6.272417070712403,0.0,6.272417070712403,2472.3032968341586
O01->S008->S006->O01,S008->S006,"[""S008-MED-01"", ""S008-WAT-01""]",C,True,True,True,True,4,0,-6.213629794260157,False,False,False,False,6.275880663482276,0.0,6.275880663482276,2258.3391973544276
O01->S008->S001->O01,S008->S001,"[""S001-MED-01"", ""S008-FOD-01"", ""S008-HYG-01"", ""S008-MED-01"", ""S008-WAT-01"", ""S008-WAT-02""]",C,True,True,True,True,4,0,-6.213629794260157,False,False,False,False,6.278262903614237,0.0,6.278262903614237,2226.8610285618693
O01->S015->S008->O01,S015->S008,"[""S008-MED-01"", ""S008-WAT-01"", ""S008-WAT-02""]",C,True,True,True,True,7,2,-6.213629794260157,False,False,False,False,6.30331617873621,0.0,6.30331617873621,2406.356995586148
O01->S001->S008->O01,S001->S008,"[""S001-MED-01"", ""S008-FOD-01"", ""S008-HYG-01"", ""S008-MED-01"", ""S008-WAT-01"", ""S008-WAT-02""]",C,True,True,True,True,4,0,-6.213629794260157,False,False,False,False,6.305969575212291,0.0,6.305969575212291,2226.889630407168
O01->S008->S009->O01,S008->S009,"[""S008-MED-01"", ""S008-WAT-01"", ""S008-WAT-02""]",C,True,True,True,True,7,2,-6.213629794260157,False,False,False,False,6.313999642792215,0.0,6.313999642792215,2138.211658167081
O01->S008->S007->O01,S008->S007,"[""S008-MED-01"", ""S008-WAT-01"", ""S008-WAT-02""]",C,True,True,True,True,7,2,-6.213629794260157,False,False,False,False,6.326681750189309,0.0,6.326681750189309,2451.372061507435
O01->S004->S008->O01,S004->S008,"[""S004-MED-01"", ""S004-WAT-01"", ""S008-MED-01"", ""S008-WAT-01""]",C,True,True,True,True,7,0,-6.213629794260157,False,False,False,False,6.328854629954133,0.0,6.328854629954133,2272.8050727347504
O01->S008->S015->O01,S008->S015,"[""S008-MED-01"", ""S008-WAT-01"", ""S015-MED-01"", ""S015-WAT-01""]",C,True,True,True,True,7,2,-6.213629794260157,False,False,False,False,6.330750296544148,0.0,6.330750296544148,2472.3032968341586
O01->S008->S006->O01,S008->S006,"[""S006-MED-01"", ""S008-MED-01"", ""S008-WAT-01""]",C,True,True,True,True,4,0,-6.213629794260157,False,False,False,False,6.332936842878201,0.0,6.332936842878201,2324.3391973544276
O01->S009->S008->O01,S009->S008,"[""S008-MED-01"", ""S008-WAT-01"", ""S009-MED-01"", ""S009-WAT-01""]",C,True,True,True,True,7,2,-6.213629794260157,False,False,False,False,6.339247747105583,0.0,6.339247747105583,2204.262638486273
O01->S007->S008->O01,S007->S008,"[""S007-MED-01"", ""S007-WAT-01"", ""S008-MED-01"", ""S008-WAT-01""]",C,True,True,True,True,7,2,-6.213629794260157,False,False,False,False,6.341145617161514,0.0,6.341145617161514,2517.409115860756
O01->S008->S004->O01,S008->S004,"[""S004-MED-01"", ""S004-WAT-01"", ""S008-MED-01"", ""S008-WAT-01""]",C,True,True,True,True,7,0,-6.213629794260157,False,False,False,False,6.342534954606641,0.0,6.342534954606641,2272.8153113051053
O01->S006->S008->O01,S006->S008,"[""S008-MED-01"", ""S008-WAT-01""]",C,True,True,True,True,4,0,-6.213629794260157,False,False,False,False,6.345902250777033,0.0,6.345902250777033,2258.330802462466
O01->S004->S008->O01,S004->S008,"[""S008-MED-01"", ""S008-WAT-01"", ""S008-WAT-02""]",C,True,True,True,True,7,0,-6.213629794260157,False,False,False,False,6.347125232424905,0.0,6.347125232424905,2206.8050727347504
O01->S001->S008->O01,S001->S008,"[""S001-MED-01"", ""S001-MED-02"", ""S008-FOD-01"", ""S008-HYG-01"", ""S008-MED-01"", ""S008-WAT-01"", ""S008-WAT-02""]",C,True,True,True,True,4,0,-6.213629794260157,False,False,False,False,6.348881327614219,0.0,6.348881327614219,2292.889630407168
O01->S006->S008->O01,S006->S008,"[""S006-MED-01"", ""S008-MED-01"", ""S008-WAT-01""]",C,True,True,True,True,4,0,-6.213629794260157,False,False,False,False,6.364740676166907,0.0,6.364740676166907,2324.330802462466
O01->S011->S008->O01,S011->S008,"[""S008-FOD-01"", ""S008-HYG-01"", ""S008-MED-01"", ""S008-WAT-01"", ""S008-WAT-02"", ""S011-FOD-01"", ""S011-MED-01"", ""S011-WAT-01""]",C,True,True,True,True,4,0,-6.213629794260157,False,False,False,False,6.377504024520854,0.0,6.377504024520854,2336.425282421441
O01->S008->S002->O01,S008->S002,"[""S008-MED-01""]",C,True,True,True,True,7,0,-6.213629794260157,False,False,False,False,6.388993632242771,0.0,6.388993632242771,2123.059909724478
O01->S002->S008->O01,S002->S008,"[""S008-MED-01""]",C,True,True,True,True,7,0,-6.213629794260157,False,False,False,False,6.395269515497518,0.0,6.395269515497518,2123.0989347637496
O01->S015->S008->O01,S015->S008,"[""S008-MED-01"", ""S008-WAT-01"", ""S015-FOD-01"", ""S015-MED-01"", ""S015-WAT-01""]",C,True,True,True,True,7,2,-6.213629794260157,False,False,False,False,6.396501404733515,0.0,6.396501404733515,2538.356995586148
O01->S008->S001->O01,S008->S001,"[""S001-MED-01"", ""S001-MED-02"", ""S008-FOD-01"", ""S008-HYG-01"", ""S008-MED-01"", ""S008-WAT-01"", ""S008-WAT-02""]",C,True,True,True,False,4,0,-6.213629794260157,False,False,False,False,6.404723729467869,0.0,6.404723729467869,2292.8610285618693
O01->S008->S009->O01,S008->S009,"[""S008-MED-01"", ""S009-FOD-01"", ""S009-MED-01"", ""S009-WAT-01""]",C,True,True,True,False,7,2,-6.213629794260157,False,False,False,False,6.423311764732334,0.0,6.423311764732334,2204.211658167081
O01->S009->S008->O01,S009->S008,"[""S008-MED-01"", ""S008-WAT-01"", ""S008-WAT-02""]",C,True,True,True,False,7,2,-6.213629794260157,False,False,False,False,6.444379386243742,0.0,6.444379386243742,2138.262638486273
O01->S007->S008->O01,S007->S008,"[""S007-FOD-01"", ""S007-HYG-01"", ""S007-MED-01"", ""S007-WAT-01"", ""S007-WAT-02"", ""S008-MED-01""]",C,True,True,True,False,7,2,-6.213629794260157,False,False,False,False,6.471744217778015,0.0,6.471744217778015,2649.409115860756
O01->S008->S009->O01,S008->S009,"[""S008-MED-01"", ""S008-WAT-01"", ""S009-MED-01"", ""S009-WAT-01""]",C,True,True,True,False,7,2,-6.213629794260157,False,False,False,False,6.475396443640346,0.0,6.475396443640346,2204.211658167081
O01->S006->S008->O01,S006->S008,"[""S006-MED-01"", ""S006-WAT-01"", ""S008-MED-01"", ""S008-WAT-01""]",C,True,True,True,False,4,0,-6.213629794260157,False,False,False,False,6.4783673433166715,0.0,6.4783673433166715,2390.330802462466
O01->S007->S008->O01,S007->S008,"[""S008-MED-01"", ""S008-WAT-01"", ""S008-WAT-02""]",C,True,True,True,False,7,2,-6.213629794260157,False,False,False,False,6.4875524805495814,0.0,6.4875524805495814,2451.409115860756
O01->S005->S008->O01,S005->S008,"[""S005-MED-01"", ""S005-WAT-01"", ""S008-FOD-01"", ""S008-HYG-01"", ""S008-MED-01"", ""S008-WAT-01"", ""S008-WAT-02""]",C,True,True,True,False,7,2,-6.213629794260157,False,False,False,False,6.488286107135988,0.0,6.488286107135988,2284.538961939056
O01->S009->S008->O01,S009->S008,"[""S008-MED-01"", ""S008-WAT-01"", ""S009-FOD-01"", ""S009-MED-01"", ""S009-WAT-01""]",C,True,True,True,False,7,2,-6.213629794260157,False,False,False,False,6.489079462894714,0.0,6.489079462894714,2270.262638486273
O01->S008->S007->O01,S008->S007,"[""S007-MED-01"", ""S007-WAT-01"", ""S008-MED-01"", ""S008-WAT-01""]",C,True,True,True,False,7,2,-6.213629794260157,False,False,False,False,6.520979729740373,0.0,6.520979729740373,2517.372061507435
O01->S008->S006->O01,S008->S006,"[""S008-MED-01"", ""S008-WAT-01"", ""S008-WAT-02""]",C,True,True,True,False,4,0,-6.213629794260157,False,False,False,False,6.522407221623438,0.0,6.522407221623438,2324.3391973544276
O01->S008->S002->O01,S008->S002,"[""S008-MED-01"", ""S008-WAT-01""]",C,True,True,True,False,7,0,-6.213629794260157,False,False,False,False,6.531135741497806,0.0,6.531135741497806,2189.059909724478
O01->S008->S015->O01,S008->S015,"[""S008-FOD-01"", ""S008-HYG-01"", ""S008-MED-01"", ""S008-WAT-01"", ""S008-WAT-02""]",C,True,True,True,False,7,2,-6.213629794260157,False,False,False,False,6.54109897678067,0.0,6.54109897678067,2538.3032968341586
O01->S008->S002->O01,S008->S002,"[""S002-MED-01"", ""S008-MED-01"", ""S008-WAT-01""]",C,True,True,True,False,7,0,-6.213629794260157,False,False,False,False,6.582097351829525,0.0,6.582097351829525,2255.059909724478
O01->S008->S013->O01,S008->S013,"[""S008-MED-01""]",C,True,True,True,False,7,2,-6.213629794260157,False,False,False,False,6.587775300771212,0.0,6.587775300771212,2134.577782974411
O01->S001->S008->O01,S001->S008,"[""S001-FOD-01"", ""S001-FOD-02"", ""S001-FOD-03"", ""S001-HYG-01"", ""S001-HYG-02"", ""S001-MED-01"", ""S001-MED-02"", ""S001-WAT-01"", ""S001-WAT-02"", ""S001-WAT-03"", ""S001-WAT-04"", ""S001-WAT-05"", ""S001-WAT-06"", ""S001-WAT-07"", ""S001-WAT-08"", ""S008-MED-01""]",C,True,False,False,False,4,0,-6.213629794260157,False,False,False,False,6.588029833056976,0.0,6.588029833056976,2886.889630407168
O01->S013->S008->O01,S013->S008,"[""S008-MED-01""]",C,True,True,True,False,7,2,-6.213629794260157,False,False,False,False,6.59487518908401,0.0,6.59487518908401,2134.7095908828423
O01->S008->S004->O01,S008->S004,"[""S008-FOD-01"", ""S008-HYG-01"", ""S008-MED-01"", ""S008-WAT-01"", ""S008-WAT-02""]",C,True,True,True,False,7,0,-6.213629794260157,False,False,False,False,6.596510580708387,0.0,6.596510580708387,2338.8153113051053
O01->S002->S008->O01,S002->S008,"[""S008-MED-01"", ""S008-WAT-01""]",C,True,True,True,False,7,0,-6.213629794260157,False,False,False,False,6.608267518670203,0.0,6.608267518670203,2189.0989347637496
O01->S008->S015->O01,S008->S015,"[""S008-MED-01"", ""S008-WAT-01"", ""S015-FOD-01"", ""S015-MED-01"", ""S015-WAT-01""]",C,True,True,True,False,7,2,-6.213629794260157,False,False,False,False,6.61504881142431,0.0,6.61504881142431,2538.3032968341586
O01->S002->S008->O01,S002->S008,"[""S002-MED-01"", ""S008-MED-01"", ""S008-WAT-01""]",C,True,True,True,False,7,0,-6.213629794260157,False,False,False,False,6.648032569620746,0.0,6.648032569620746,2255.09893476375
O01->S008->S015->O01,S008->S015,"[""S008-FOD-01"", ""S008-HYG-01"", ""S008-MED-01"", ""S008-WAT-01"", ""S008-WAT-02"", ""S015-MED-01""]",C,True,True,True,False,7,2,-6.213629794260157,False,False,False,False,6.653069229949626,0.0,6.653069229949626,2604.3032968341586
O01->S008->S009->O01,S008->S009,"[""S008-FOD-01"", ""S008-HYG-01"", ""S008-MED-01"", ""S008-WAT-01"", ""S008-WAT-02""]",C,True,True,True,False,7,2,-6.213629794260157,False,False,False,False,6.687956248875604,0.0,6.687956248875604,2270.211658167081
O01->S006->S008->O01,S006->S008,"[""S008-MED-01"", ""S008-WAT-01"", ""S008-WAT-02""]",C,True,True,True,False,4,0,-6.213629794260157,False,False,False,False,6.696603135400871,0.0,6.696603135400871,2324.330802462466
O01->S008->S007->O01,S008->S007,"[""S008-FOD-01"", ""S008-HYG-01"", ""S008-MED-01"", ""S008-WAT-01"", ""S008-WAT-02""]",C,True,True,True,False,7,2,-6.213629794260157,False,False,False,False,6.700638356272698,0.0,6.700638356272698,2583.3720615074344
O01->S001->S008->O01,S001->S008,"[""S001-FOD-01"", ""S001-FOD-02"", ""S001-FOD-03"", ""S001-HYG-01"", ""S001-HYG-02"", ""S001-MED-01"", ""S001-MED-02"", ""S001-WAT-01"", ""S001-WAT-02"", ""S001-WAT-03"", ""S001-WAT-04"", ""S001-WAT-05"", ""S001-WAT-06"", ""S001-WAT-07"", ""S001-WAT-08"", ""S008-MED-01"", ""S008-WAT-01""]",C,True,False,False,False,4,0,-6.213629794260157,False,False,False,False,6.700706589571574,0.0,6.700706589571574,2952.889630407168
O01->S008->S004->O01,S008->S004,"[""S004-MED-01"", ""S008-FOD-01"", ""S008-HYG-01"", ""S008-MED-01"", ""S008-WAT-01"", ""S008-WAT-02""]",C,True,True,True,False,7,0,-6.213629794260157,False,False,False,False,6.703198700807914,0.0,6.703198700807914,2404.8153113051053
O01->S008->S013->O01,S008->S013,"[""S008-MED-01"", ""S008-WAT-01""]",C,True,True,True,False,7,2,-6.213629794260157,False,False,False,False,6.729917410026247,0.0,6.729917410026247,2200.577782974411
O01->S008->S011->O01,S008->S011,"[""S008-FOD-01"", ""S008-HYG-01"", ""S008-MED-01"", ""S008-WAT-01"", ""S008-WAT-02"", ""S011-MED-01"", ""S011-WAT-01""]",C,True,True,True,False,4,0,-6.213629794260157,False,False,False,False,6.739463374321368,0.0,6.739463374321368,2270.4327385831566
O01->S008->S006->O01,S008->S006,"[""S006-MED-01"", ""S006-WAT-01"", ""S008-MED-01"", ""S008-WAT-01""]",C,True,True,True,False,4,0,-6.213629794260157,False,False,False,False,6.748019614448914,0.0,6.748019614448914,2390.3391973544276
O01->S008->S005->O01,S008->S005,"[""S005-MED-01"", ""S005-WAT-01"", ""S008-FOD-01"", ""S008-HYG-01"", ""S008-MED-01"", ""S008-WAT-01"", ""S008-WAT-02""]",C,True,True,True,False,7,2,-6.213629794260157,False,False,False,False,6.754352870827427,0.0,6.754352870827427,2284.5439077600704
O01->S006->S008->O01,S006->S008,"[""S006-FOD-01"", ""S006-HYG-01"", ""S006-MED-01"", ""S006-WAT-01"", ""S006-WAT-02"", ""S006-WAT-03"", ""S008-MED-01""]",C,True,True,True,False,4,0,-6.213629794260157,False,False,False,False,6.758095082540711,0.0,6.758095082540711,2588.3308024624657
O01->S008->S009->O01,S008->S009,"[""S008-MED-01"", ""S008-WAT-01"", ""S009-FOD-01"", ""S009-MED-01"", ""S009-WAT-01""]",C,True,True,True,False,7,2,-6.213629794260157,False,False,False,False,6.76594350544424,0.0,6.76594350544424,2270.211658167081
O01->S008->S002->O01,S008->S002,"[""S008-MED-01"", ""S008-WAT-01"", ""S008-WAT-02""]",C,True,True,True,False,7,0,-6.213629794260157,False,False,False,False,6.777662299638968,0.0,6.777662299638968,2255.059909724478
O01->S015->S008->O01,S015->S008,"[""S008-FOD-01"", ""S008-HYG-01"", ""S008-MED-01"", ""S008-WAT-01"", ""S008-WAT-02""]",C,True,True,True,False,7,2,-6.213629794260157,False,False,False,False,6.782596162626385,0.0,6.782596162626385,2538.356995586148
O01->S008->S013->O01,S008->S013,"[""S008-MED-01"", ""S008-WAT-01"", ""S013-MED-01""]",C,True,True,True,False,7,2,-6.213629794260157,False,False,False,False,6.784873975998509,0.0,6.784873975998509,2266.577782974411
O01->S008->S009->O01,S008->S009,"[""S008-FOD-01"", ""S008-HYG-01"", ""S008-MED-01"", ""S008-WAT-01"", ""S008-WAT-02"", ""S009-MED-01""]",C,True,True,True,False,7,2,-6.213629794260157,False,False,False,False,6.797576281359178,0.0,6.797576281359178,2336.211658167081
O01->S013->S008->O01,S013->S008,"[""S008-MED-01"", ""S013-FOD-01"", ""S013-MED-01"", ""S013-WAT-01""]",C,True,True,True,False,7,2,-6.213629794260157,False,False,False,False,6.801931344414348,0.0,6.801931344414348,2332.709590882842
O01->S008->S007->O01,S008->S007,"[""S007-MED-01"", ""S008-FOD-01"", ""S008-HYG-01"", ""S008-MED-01"", ""S008-WAT-01"", ""S008-WAT-02""]",C,True,True,True,False,7,2,-6.213629794260157,False,False,False,False,6.814405972989594,0.0,6.814405972989594,2649.3720615074344
O01->S013->S008->O01,S013->S008,"[""S008-MED-01"", ""S008-WAT-01""]",C,True,True,True,False,7,2,-6.213629794260157,False,False,False,False,6.816712673813575,0.0,6.816712673813575,2200.7095908828423
O01->S004->S008->O01,S004->S008,"[""S008-FOD-01"", ""S008-HYG-01"", ""S008-MED-01"", ""S008-WAT-01"", ""S008-WAT-02""]",C,True,True,True,False,7,0,-6.213629794260157,False,False,False,False,6.830684986688916,0.0,6.830684986688916,2338.8050727347504
O01->S013->S008->O01,S013->S008,"[""S008-MED-01"", ""S008-WAT-01"", ""S013-MED-01""]",C,True,True,True,False,7,2,-6.213629794260157,False,False,False,False,6.844385405263168,0.0,6.844385405263168,2266.7095908828423
O01->S015->S008->O01,S015->S008,"[""S008-FOD-01"", ""S008-HYG-01"", ""S008-MED-01"", ""S008-WAT-01"", ""S008-WAT-02"", ""S015-MED-01""]",C,True,True,True,False,7,2,-6.213629794260157,False,False,False,False,6.861448616689645,0.0,6.861448616689645,2604.356995586148
O01->S002->S008->O01,S002->S008,"[""S002-MED-01"", ""S002-WAT-01"", ""S008-MED-01"", ""S008-WAT-01""]",C,True,True,True,False,7,0,-6.213629794260157,False,False,False,False,6.893708371641095,0.0,6.893708371641095,2321.09893476375
O01->S008->S006->O01,S008->S006,"[""S008-FOD-01"", ""S008-HYG-01"", ""S008-MED-01"", ""S008-WAT-01"", ""S008-WAT-02""]",C,True,True,True,False,4,0,-6.213629794260157,False,False,False,False,6.896363827706827,0.0,6.896363827706827,2456.339197354428
O01->S004->S008->O01,S004->S008,"[""S004-MED-01"", ""S008-FOD-01"", ""S008-HYG-01"", ""S008-MED-01"", ""S008-WAT-01"", ""S008-WAT-02""]",C,True,True,True,False,7,0,-6.213629794260157,False,False,False,False,6.928732867604047,0.0,6.928732867604047,2404.8050727347504
O01->S008->S003->O01,S008->S003,"[""S008-MED-01""]",C,True,True,True,False,7,0,-6.213629794260157,False,False,False,False,6.931042184227643,0.0,6.931042184227643,2702.365184104799
O01->S005->S008->O01,S005->S008,"[""S005-FOD-01"", ""S005-HYG-01"", ""S005-MED-01"", ""S005-WAT-01"", ""S005-WAT-02"", ""S005-WAT-03"", ""S008-MED-01"", ""S008-WAT-01""]",C,True,True,True,False,7,2,-6.213629794260157,False,False,False,False,6.932003052308482,0.0,6.932003052308482,2350.538961939056
O01->S008->S002->O01,S008->S002,"[""S002-MED-01"", ""S002-WAT-01"", ""S008-MED-01"", ""S008-WAT-01""]",C,True,True,True,False,7,0,-6.213629794260157,False,False,False,False,6.934813576523869,0.0,6.934813576523869,2321.059909724478
O01->S009->S008->O01,S009->S008,"[""S008-FOD-01"", ""S008-HYG-01"", ""S008-MED-01"", ""S008-WAT-01"", ""S008-WAT-02""]",C,True,True,True,False,7,2,-6.213629794260157,False,False,False,False,6.939664494142818,0.0,6.939664494142818,2270.262638486273
O01->S003->S008->O01,S003->S008,"[""S008-MED-01""]",C,True,True,True,False,7,0,-6.213629794260157,False,False,False,False,6.945543477861772,0.0,6.945543477861772,2702.4999672565004
O01->S007->S008->O01,S007->S008,"[""S007-FOD-01"", ""S007-HYG-01"", ""S007-MED-01"", ""S007-WAT-01"", ""S007-WAT-02"", ""S008-MED-01"", ""S008-WAT-01""]",C,True,True,True,False,7,2,-6.213629794260157,False,False,False,False,6.947387844028841,0.0,6.947387844028841,2715.4091158607566
O01->S008->S013->O01,S008->S013,"[""S008-MED-01"", ""S008-WAT-01"", ""S008-WAT-02""]",C,True,True,True,False,7,2,-6.213629794260157,False,False,False,False,6.976443968167408,0.0,6.976443968167408,2266.577782974411
O01->S002->S008->O01,S002->S008,"[""S008-MED-01"", ""S008-WAT-01"", ""S008-WAT-02""]",C,True,True,True,False,7,0,-6.213629794260157,False,False,False,False,6.978705415157541,0.0,6.978705415157541,2255.0989347637496
O01->S007->S008->O01,S007->S008,"[""S008-FOD-01"", ""S008-HYG-01"", ""S008-MED-01"", ""S008-WAT-01"", ""S008-WAT-02""]",C,True,True,True,False,7,2,-6.213629794260157,False,False,False,False,6.990083720414674,0.0,6.990083720414674,2583.409115860756
O01->S009->S008->O01,S009->S008,"[""S008-FOD-01"", ""S008-HYG-01"", ""S008-MED-01"", ""S008-WAT-01"", ""S008-WAT-02"", ""S009-MED-01""]",C,True,True,True,False,7,2,-6.213629794260157,False,False,False,False,7.011716516760348,0.0,7.011716516760348,2336.262638486273
O01->S008->S006->O01,S008->S006,"[""S006-MED-01"", ""S008-FOD-01"", ""S008-HYG-01"", ""S008-MED-01"", ""S008-WAT-01"", ""S008-WAT-02""]",C,True,True,True,False,4,0,-6.213629794260157,False,False,False,False,7.011732915094305,0.0,7.011732915094305,2522.339197354428
O01->S013->S008->O01,S013->S008,"[""S008-MED-01"", ""S008-WAT-01"", ""S013-MED-01"", ""S013-WAT-01""]",C,True,True,True,False,7,2,-6.213629794260157,False,False,False,False,7.012722060579176,0.0,7.012722060579176,2332.709590882842
O01->S007->S008->O01,S007->S008,"[""S007-MED-01"", ""S008-FOD-01"", ""S008-HYG-01"", ""S008-MED-01"", ""S008-WAT-01"", ""S008-WAT-02""]",C,True,True,True,False,7,2,-6.213629794260157,False,False,False,False,7.050042972306784,0.0,7.050042972306784,2649.409115860756
O01->S008->S003->O01,S008->S003,"[""S008-MED-01"", ""S008-WAT-01""]",C,True,True,True,False,7,0,-6.213629794260157,False,False,False,False,7.073184293482678,0.0,7.073184293482678,2768.365184104799
O01->S008->S003->O01,S008->S003,"[""S003-MED-01"", ""S008-MED-01"", ""S008-WAT-01""]",C,True,True,True,False,7,0,-6.213629794260157,False,False,False,False,7.130618768385425,0.0,7.130618768385425,2834.365184104799
O01->S013->S008->O01,S013->S008,"[""S008-MED-01"", ""S008-WAT-01"", ""S013-FOD-01"", ""S013-MED-01"", ""S013-WAT-01""]",C,True,True,True,False,7,2,-6.213629794260157,False,False,False,False,7.143648585663314,0.0,7.143648585663314,2398.7095908828423
O01->S008->S002->O01,S008->S002,"[""S008-FOD-01"", ""S008-HYG-01"", ""S008-MED-01"", ""S008-WAT-01"", ""S008-WAT-02""]",C,True,True,True,False,7,0,-6.213629794260157,False,False,False,False,7.151618905722357,0.0,7.151618905722357,2387.059909724478
O01->S001->S008->O01,S001->S008,"[""S001-FOD-01"", ""S001-FOD-02"", ""S001-FOD-03"", ""S001-HYG-01"", ""S001-HYG-02"", ""S001-MED-01"", ""S001-MED-02"", ""S001-WAT-01"", ""S001-WAT-02"", ""S001-WAT-03"", ""S001-WAT-04"", ""S001-WAT-05"", ""S001-WAT-06"", ""S001-WAT-07"", ""S001-WAT-08"", ""S008-FOD-01"", ""S008-HYG-01"", ""S008-MED-01"", ""S008-WAT-01"", ""S008-WAT-02""]",C,True,False,False,False,4,0,-6.213629794260157,False,False,False,False,7.1741161486714695,0.0,7.1741161486714695,3150.889630407168
O01->S008->S013->O01,S008->S013,"[""S008-MED-01"", ""S013-FOD-01"", ""S013-MED-01"", ""S013-WAT-01""]",C,True,True,True,False,7,2,-6.213629794260157,False,False,False,False,7.182746987682193,0.0,7.182746987682193,2332.577782974411
O01->S008->S013->O01,S008->S013,"[""S008-MED-01"", ""S008-WAT-01"", ""S013-MED-01"", ""S013-WAT-01""]",C,True,True,True,False,7,2,-6.213629794260157,False,False,False,False,7.189824774526495,0.0,7.189824774526495,2332.577782974411
O01->S008->S005->O01,S008->S005,"[""S005-FOD-01"", ""S005-HYG-01"", ""S005-MED-01"", ""S005-WAT-01"", ""S005-WAT-02"", ""S005-WAT-03"", ""S008-MED-01""]",C,True,True,True,False,7,2,-6.213629794260157,False,False,False,False,7.202693240160591,0.0,7.202693240160591,2284.5439077600704
O01->S013->S008->O01,S013->S008,"[""S008-MED-01"", ""S008-WAT-01"", ""S008-WAT-02""]",C,True,True,True,False,7,2,-6.213629794260157,False,False,False,False,7.204737999397826,0.0,7.204737999397826,2266.7095908828423
O01->S003->S008->O01,S003->S008,"[""S008-MED-01"", ""S008-WAT-01""]",C,True,True,True,False,7,0,-6.213629794260157,False,False,False,False,7.20815587234923,0.0,7.20815587234923,2768.4999672565004
O01->S006->S008->O01,S006->S008,"[""S008-FOD-01"", ""S008-HYG-01"", ""S008-MED-01"", ""S008-WAT-01"", ""S008-WAT-02""]",C,True,True,True,False,4,0,-6.213629794260157,False,False,False,False,7.22445869591867,0.0,7.22445869591867,2456.330802462466
O01->S003->S008->O01,S003->S008,"[""S003-MED-01"", ""S008-MED-01"", ""S008-WAT-01""]",C,True,True,True,False,7,0,-6.213629794260157,False,False,False,False,7.249910458689584,0.0,7.249910458689584,2834.4999672565004
O01->S008->S002->O01,S008->S002,"[""S002-MED-01"", ""S008-FOD-01"", ""S008-HYG-01"", ""S008-MED-01"", ""S008-WAT-01"", ""S008-WAT-02""]",C,True,True,True,False,7,0,-6.213629794260157,False,False,False,False,7.260893424045627,0.0,7.260893424045627,2453.059909724478
O01->S006->S008->O01,S006->S008,"[""S006-MED-01"", ""S008-FOD-01"", ""S008-HYG-01"", ""S008-MED-01"", ""S008-WAT-01"", ""S008-WAT-02""]",C,True,True,True,False,4,0,-6.213629794260157,False,False,False,False,7.266170642398609,0.0,7.266170642398609,2522.330802462466
O01->S004->S008->O01,S004->S008,"[""S004-FOD-01"", ""S004-HYG-01"", ""S004-MED-01"", ""S004-WAT-01"", ""S004-WAT-02"", ""S004-WAT-03"", ""S008-MED-01""]",C,True,True,True,False,7,0,-6.213629794260157,False,False,False,False,7.273689789353432,0.0,7.273689789353432,2470.8050727347504
O01->S008->S012->O01,S008->S012,"[""S008-MED-01""]",C,True,True,True,False,7,0,-6.213629794260157,False,False,False,False,7.283088717372026,0.0,7.283088717372026,2334.778007355396
O01->S012->S008->O01,S012->S008,"[""S008-MED-01""]",C,True,True,True,False,7,0,-6.213629794260157,False,False,False,False,7.293638778363174,0.0,7.293638778363174,2334.9344437835366
O01->S006->S008->O01,S006->S008,"[""S006-FOD-01"", ""S006-HYG-01"", ""S006-MED-01"", ""S006-WAT-01"", ""S006-WAT-02"", ""S006-WAT-03"", ""S008-MED-01"", ""S008-WAT-01""]",C,True,True,True,False,4,0,-6.213629794260157,False,False,False,False,7.3178907319840505,0.0,7.3178907319840505,2654.3308024624657
O01->S008->S003->O01,S008->S003,"[""S008-MED-01"", ""S008-WAT-01"", ""S008-WAT-02""]",C,True,True,True,False,7,0,-6.213629794260157,False,False,False,False,7.319710851623839,0.0,7.319710851623839,2834.365184104799
O01->S015->S008->O01,S015->S008,"[""S008-FOD-01"", ""S008-HYG-01"", ""S008-MED-01"", ""S008-WAT-01"", ""S008-WAT-02"", ""S015-MED-01"", ""S015-WAT-01""]",C,True,True,True,False,7,2,-6.213629794260157,False,False,False,False,7.342322624020893,0.0,7.342322624020893,2670.356995586148
O01->S008->S011->O01,S008->S011,"[""S008-FOD-01"", ""S008-HYG-01"", ""S008-MED-01"", ""S008-WAT-01"", ""S008-WAT-02"", ""S011-FOD-01"", ""S011-MED-01"", ""S011-WAT-01""]",C,True,True,True,False,4,0,-6.213629794260157,False,False,False,False,7.347727922850589,0.0,7.347727922850589,2336.4327385831566
O01->S008->S013->O01,S008->S013,"[""S008-FOD-01"", ""S008-HYG-01"", ""S008-MED-01"", ""S008-WAT-01"", ""S008-WAT-02""]",C,True,True,True,False,7,2,-6.213629794260157,False,False,False,False,7.350400574250798,0.0,7.350400574250798,2398.577782974411
O01->S008->S015->O01,S008->S015,"[""S008-FOD-01"", ""S008-HYG-01"", ""S008-MED-01"", ""S008-WAT-01"", ""S008-WAT-02"", ""S015-MED-01"", ""S015-WAT-01""]",C,True,True,True,False,7,2,-6.213629794260157,False,False,False,False,7.368214271115925,0.0,7.368214271115925,2670.3032968341586
O01->S008->S004->O01,S008->S004,"[""S004-MED-01"", ""S004-WAT-01"", ""S008-FOD-01"", ""S008-HYG-01"", ""S008-MED-01"", ""S008-WAT-01"", ""S008-WAT-02""]",C,True,True,True,False,7,0,-6.213629794260157,False,False,False,False,7.37999892917842,0.0,7.37999892917842,2470.8153113051053
O01->S008->S007->O01,S008->S007,"[""S007-FOD-01"", ""S007-HYG-01"", ""S007-MED-01"", ""S007-WAT-01"", ""S007-WAT-02"", ""S008-MED-01""]",C,True,True,True,False,7,2,-6.213629794260157,False,False,False,False,7.405016623049793,0.0,7.405016623049793,2649.3720615074344
O01->S007->S008->O01,S007->S008,"[""S007-MED-01"", ""S007-WAT-01"", ""S008-FOD-01"", ""S008-HYG-01"", ""S008-MED-01"", ""S008-WAT-01"", ""S008-WAT-02""]",C,True,True,True,False,7,2,-6.213629794260157,False,False,False,False,7.414889668720438,0.0,7.414889668720438,2715.4091158607566
O01->S008->S012->O01,S008->S012,"[""S008-MED-01"", ""S008-WAT-01""]",C,True,True,True,False,7,0,-6.213629794260157,False,False,False,False,7.425230826627061,0.0,7.425230826627061,2400.778007355396
O01->S009->S008->O01,S009->S008,"[""S008-FOD-01"", ""S008-HYG-01"", ""S008-MED-01"", ""S008-WAT-01"", ""S008-WAT-02"", ""S009-MED-01"", ""S009-WAT-01""]",C,True,True,True,False,7,2,-6.213629794260157,False,False,False,False,7.455291458811086,0.0,7.455291458811086,2402.262638486273
O01->S008->S013->O01,S008->S013,"[""S008-FOD-01"", ""S008-HYG-01"", ""S008-MED-01"", ""S008-WAT-01"", ""S008-WAT-02"", ""S013-MED-01""]",C,True,True,True,False,7,2,-6.213629794260157,False,False,False,False,7.463670048214612,0.0,7.463670048214612,2464.577782974411
O01->S005->S008->O01,S005->S008,"[""S005-FOD-01"", ""S005-HYG-01"", ""S005-MED-01"", ""S005-WAT-01"", ""S005-WAT-02"", ""S005-WAT-03"", ""S008-FOD-01"", ""S008-HYG-01"", ""S008-MED-01"", ""S008-WAT-01"", ""S008-WAT-02""]",C,True,False,False,False,7,2,-6.213629794260157,False,False,False,False,7.475797115170765,0.0,7.475797115170765,2548.538961939056
O01->S008->S012->O01,S008->S012,"[""S008-MED-01"", ""S008-WAT-01"", ""S012-MED-01""]",C,True,True,True,False,7,0,-6.213629794260157,False,False,False,False,7.479467456617222,0.0,7.479467456617222,2466.778007355396
O01->S003->S008->O01,S003->S008,"[""S003-MED-01"", ""S003-WAT-01"", ""S008-MED-01"", ""S008-WAT-01""]",C,True,True,True,False,7,0,-6.213629794260157,False,False,False,False,7.503465852508235,0.0,7.503465852508235,2900.4999672565004
O01->S008->S009->O01,S008->S009,"[""S008-FOD-01"", ""S008-HYG-01"", ""S008-MED-01"", ""S008-WAT-01"", ""S008-WAT-02"", ""S009-MED-01"", ""S009-WAT-01""]",C,True,True,True,False,7,2,-6.213629794260157,False,False,False,False,7.5128604182121235,0.0,7.5128604182121235,2402.211658167081
O01->S006->S008->O01,S006->S008,"[""S006-MED-01"", ""S006-WAT-01"", ""S008-FOD-01"", ""S008-HYG-01"", ""S008-MED-01"", ""S008-WAT-01"", ""S008-WAT-02""]",C,True,True,True,False,4,0,-6.213629794260157,False,False,False,False,7.5204865344803675,0.0,7.5204865344803675,2588.330802462466
O01->S008->S013->O01,S008->S013,"[""S008-MED-01"", ""S008-WAT-01"", ""S013-FOD-01"", ""S013-MED-01"", ""S013-WAT-01""]",C,True,True,True,False,7,2,-6.213629794260157,False,False,False,False,7.525378728394099,0.0,7.525378728394099,2398.577782974411
O01->S008->S003->O01,S008->S003,"[""S003-MED-01"", ""S003-WAT-01"", ""S008-MED-01"", ""S008-WAT-01""]",C,True,True,True,False,7,0,-6.213629794260157,False,False,False,False,7.528615049279237,0.0,7.528615049279237,2900.365184104799
O01->S004->S008->O01,S004->S008,"[""S004-MED-01"", ""S004-WAT-01"", ""S008-FOD-01"", ""S008-HYG-01"", ""S008-MED-01"", ""S008-WAT-01"", ""S008-WAT-02""]",C,True,True,True,False,7,0,-6.213629794260157,False,False,False,False,7.5315599857600635,0.0,7.5315599857600635,2470.8050727347504
O01->S002->S008->O01,S002->S008,"[""S008-FOD-01"", ""S008-HYG-01"", ""S008-MED-01"", ""S008-WAT-01"", ""S008-WAT-02""]",C,True,True,True,False,7,0,-6.213629794260157,False,False,False,False,7.541342181947788,0.0,7.541342181947788,2387.09893476375
O01->S012->S008->O01,S012->S008,"[""S008-MED-01"", ""S008-WAT-01""]",C,True,True,True,False,7,0,-6.213629794260157,False,False,False,False,7.553780580060751,0.0,7.553780580060751,2400.9344437835366
O01->S008->S007->O01,S008->S007,"[""S007-MED-01"", ""S007-WAT-01"", ""S008-FOD-01"", ""S008-HYG-01"", ""S008-MED-01"", ""S008-WAT-01"", ""S008-WAT-02""]",C,True,True,True,False,7,2,-6.213629794260157,False,False,False,False,7.55844370431215,0.0,7.55844370431215,2715.3720615074344
O01->S012->S008->O01,S012->S008,"[""S008-MED-01"", ""S008-WAT-01"", ""S012-MED-01""]",C,True,True,True,False,7,0,-6.213629794260157,False,False,False,False,7.5945457219425965,0.0,7.5945457219425965,2466.9344437835366
O01->S012->S008->O01,S012->S008,"[""S008-MED-01"", ""S012-FOD-01"", ""S012-MED-01"", ""S012-WAT-01""]",C,True,True,True,False,7,0,-6.213629794260157,False,False,False,False,7.59741337350207,0.0,7.59741337350207,2532.9344437835366
O01->S002->S008->O01,S002->S008,"[""S002-MED-01"", ""S008-FOD-01"", ""S008-HYG-01"", ""S008-MED-01"", ""S008-WAT-01"", ""S008-WAT-02""]",C,True,True,True,False,7,0,-6.213629794260157,False,False,False,False,7.634573246426993,0.0,7.634573246426993,2453.09893476375
O01->S003->S008->O01,S003->S008,"[""S008-MED-01"", ""S008-WAT-01"", ""S008-WAT-02""]",C,True,True,True,False,7,0,-6.213629794260157,False,False,False,False,7.644836551593019,0.0,7.644836551593019,2834.4999672565004
O01->S008->S012->O01,S008->S012,"[""S008-MED-01"", ""S008-WAT-01"", ""S008-WAT-02""]",C,True,True,True,False,7,0,-6.213629794260157,False,False,False,False,7.671757384768222,0.0,7.671757384768222,2466.778007355396
O01->S008->S003->O01,S008->S003,"[""S008-FOD-01"", ""S008-HYG-01"", ""S008-MED-01"", ""S008-WAT-01"", ""S008-WAT-02""]",C,True,True,True,False,7,0,-6.213629794260157,False,False,False,False,7.693667457707228,0.0,7.693667457707228,2966.365184104799
O01->S015->S008->O01,S015->S008,"[""S008-FOD-01"", ""S008-HYG-01"", ""S008-MED-01"", ""S008-WAT-01"", ""S008-WAT-02"", ""S015-FOD-01"", ""S015-MED-01"", ""S015-WAT-01""]",C,True,True,True,False,7,2,-6.213629794260157,False,False,False,False,7.7397501735655005,0.0,7.7397501735655005,2736.356995586148
O01->S008->S004->O01,S008->S004,"[""S004-FOD-01"", ""S004-HYG-01"", ""S004-MED-01"", ""S004-WAT-01"", ""S004-WAT-02"", ""S004-WAT-03"", ""S008-MED-01""]",C,True,True,True,False,7,0,-6.213629794260157,False,False,False,False,7.76895470946806,0.0,7.76895470946806,2470.8153113051053
O01->S008->S006->O01,S008->S006,"[""S006-MED-01"", ""S006-WAT-01"", ""S008-FOD-01"", ""S008-HYG-01"", ""S008-MED-01"", ""S008-WAT-01"", ""S008-WAT-02""]",C,True,True,True,False,4,0,-6.213629794260157,False,False,False,False,7.785483589020693,0.0,7.785483589020693,2588.339197354428
O01->S013->S008->O01,S013->S008,"[""S008-FOD-01"", ""S008-HYG-01"", ""S008-MED-01"", ""S008-WAT-01"", ""S008-WAT-02""]",C,True,True,True,False,7,2,-6.213629794260157,False,False,False,False,7.7956414811969985,0.0,7.7956414811969985,2398.709590882842
O01->S008->S003->O01,S008->S003,"[""S003-MED-01"", ""S008-FOD-01"", ""S008-HYG-01"", ""S008-MED-01"", ""S008-WAT-01"", ""S008-WAT-02""]",C,True,True,True,False,7,0,-6.213629794260157,False,False,False,False,7.809414840601528,0.0,7.809414840601528,3032.365184104799
O01->S009->S008->O01,S009->S008,"[""S008-FOD-01"", ""S008-HYG-01"", ""S008-MED-01"", ""S008-WAT-01"", ""S008-WAT-02"", ""S009-FOD-01"", ""S009-MED-01"", ""S009-WAT-01""]",C,True,True,True,False,7,2,-6.213629794260157,False,False,False,False,7.825361211960052,0.0,7.825361211960052,2468.262638486273
O01->S012->S008->O01,S012->S008,"[""S008-MED-01"", ""S008-WAT-01"", ""S012-MED-01"", ""S012-WAT-01""]",C,True,True,True,False,7,0,-6.213629794260157,False,False,False,False,7.844594233584138,0.0,7.844594233584138,2532.9344437835366
O01->S013->S008->O01,S013->S008,"[""S008-FOD-01"", ""S008-HYG-01"", ""S008-MED-01"", ""S008-WAT-01"", ""S008-WAT-02"", ""S013-MED-01""]",C,True,True,True,False,7,2,-6.213629794260157,False,False,False,False,7.858181538009845,0.0,7.858181538009845,2464.709590882842
O01->S008->S012->O01,S008->S012,"[""S008-MED-01"", ""S012-FOD-01"", ""S012-MED-01"", ""S012-WAT-01""]",C,True,True,True,False,7,0,-6.213629794260157,False,False,False,False,7.864617121650399,0.0,7.864617121650399,2532.778007355396
O01->S008->S012->O01,S008->S012,"[""S008-MED-01"", ""S008-WAT-01"", ""S012-MED-01"", ""S012-WAT-01""]",C,True,True,True,False,7,0,-6.213629794260157,False,False,False,False,7.877558645382329,0.0,7.877558645382329,2532.778007355396
O01->S008->S015->O01,S008->S015,"[""S008-FOD-01"", ""S008-HYG-01"", ""S008-MED-01"", ""S008-WAT-01"", ""S008-WAT-02"", ""S015-FOD-01"", ""S015-MED-01"", ""S015-WAT-01""]",C,True,True,True,False,7,2,-6.213629794260157,False,False,False,False,7.964601724716818,0.0,7.964601724716818,2736.3032968341586
O01->S008->S002->O01,S008->S002,"[""S002-MED-01"", ""S002-WAT-01"", ""S008-FOD-01"", ""S008-HYG-01"", ""S008-MED-01"", ""S008-WAT-01"", ""S008-WAT-02""]",C,True,True,True,False,7,0,-6.213629794260157,False,False,False,False,7.972277551095647,0.0,7.972277551095647,2519.059909724478
O01->S012->S008->O01,S012->S008,"[""S008-MED-01"", ""S008-WAT-01"", ""S008-WAT-02""]",C,True,True,True,False,7,0,-6.213629794260157,False,False,False,False,8.008551392870004,0.0,8.008551392870004,2466.9344437835366
O01->S008->S007->O01,S008->S007,"[""S007-FOD-01"", ""S007-HYG-01"", ""S007-MED-01"", ""S007-WAT-01"", ""S007-WAT-02"", ""S008-MED-01"", ""S008-WAT-01""]",C,True,True,True,False,7,2,-6.213629794260157,False,False,False,False,8.034149855515786,0.0,8.034149855515786,2715.3720615074344
O01->S012->S008->O01,S012->S008,"[""S008-MED-01"", ""S008-WAT-01"", ""S012-FOD-01"", ""S012-MED-01"", ""S012-WAT-01""]",C,True,True,True,False,7,0,-6.213629794260157,False,False,False,False,8.040480036582998,0.0,8.040480036582998,2598.9344437835366
O01->S008->S012->O01,S008->S012,"[""S008-FOD-01"", ""S008-HYG-01"", ""S008-MED-01"", ""S008-WAT-01"", ""S008-WAT-02""]",C,True,True,True,False,7,0,-6.213629794260157,False,False,False,False,8.045713990851612,0.0,8.045713990851612,2598.778007355396
O01->S008->S009->O01,S008->S009,"[""S008-FOD-01"", ""S008-HYG-01"", ""S008-MED-01"", ""S008-WAT-01"", ""S008-WAT-02"", ""S009-FOD-01"", ""S009-MED-01"", ""S009-WAT-01""]",C,True,True,True,False,7,2,-6.213629794260157,False,False,False,False,8.115496418736749,0.0,8.115496418736749,2468.211658167081
O01->S006->S008->O01,S006->S008,"[""S006-FOD-01"", ""S006-HYG-01"", ""S006-MED-01"", ""S006-WAT-01"", ""S006-WAT-02"", ""S006-WAT-03"", ""S008-FOD-01"", ""S008-HYG-01"", ""S008-MED-01"", ""S008-WAT-01"", ""S008-WAT-02""]",C,True,False,False,False,4,0,-6.213629794260157,False,False,False,False,8.131902246218509,0.0,8.131902246218509,2852.3308024624653
O01->S008->S012->O01,S008->S012,"[""S008-FOD-01"", ""S008-HYG-01"", ""S008-MED-01"", ""S008-WAT-01"", ""S008-WAT-02"", ""S012-MED-01""]",C,True,True,True,False,7,0,-6.213629794260157,False,False,False,False,8.158263528833325,0.0,8.158263528833325,2664.778007355396
O01->S008->S012->O01,S008->S012,"[""S008-MED-01"", ""S008-WAT-01"", ""S012-FOD-01"", ""S012-MED-01"", ""S012-WAT-01""]",C,True,True,True,False,7,0,-6.213629794260157,False,False,False,False,8.207248862362306,0.0,8.207248862362306,2598.778007355396
O01->S002->S008->O01,S002->S008,"[""S002-MED-01"", ""S002-WAT-01"", ""S008-FOD-01"", ""S008-HYG-01"", ""S008-MED-01"", ""S008-WAT-01"", ""S008-WAT-02""]",C,True,True,True,False,7,0,-6.213629794260157,False,False,False,False,8.209104932678397,0.0,8.209104932678397,2519.09893476375
O01->S008->S013->O01,S008->S013,"[""S008-FOD-01"", ""S008-HYG-01"", ""S008-MED-01"", ""S008-WAT-01"", ""S008-WAT-02"", ""S013-MED-01"", ""S013-WAT-01""]",C,True,True,True,False,7,2,-6.213629794260157,False,False,False,False,8.227288749098273,0.0,8.227288749098273,2530.577782974411
O01->S013->S008->O01,S013->S008,"[""S008-FOD-01"", ""S008-HYG-01"", ""S008-MED-01"", ""S008-WAT-01"", ""S008-WAT-02"", ""S013-MED-01"", ""S013-WAT-01""]",C,True,True,True,False,7,2,-6.213629794260157,False,False,False,False,8.240978265366895,0.0,8.240978265366895,2530.709590882842
O01->S008->S005->O01,S008->S005,"[""S005-FOD-01"", ""S005-HYG-01"", ""S005-MED-01"", ""S005-WAT-01"", ""S005-WAT-02"", ""S005-WAT-03"", ""S008-MED-01"", ""S008-WAT-01""]",C,True,True,True,False,7,2,-6.213629794260157,False,False,False,False,8.24784824974527,0.0,8.24784824974527,2350.5439077600704
O01->S007->S008->O01,S007->S008,"[""S007-FOD-01"", ""S007-HYG-01"", ""S007-MED-01"", ""S007-WAT-01"", ""S007-WAT-02"", ""S008-FOD-01"", ""S008-HYG-01"", ""S008-MED-01"", ""S008-WAT-01"", ""S008-WAT-02""]",C,True,False,False,False,7,2,-6.213629794260157,False,False,False,False,8.273081842689956,0.0,8.273081842689956,2913.4091158607557
O01->S003->S008->O01,S003->S008,"[""S008-FOD-01"", ""S008-HYG-01"", ""S008-MED-01"", ""S008-WAT-01"", ""S008-WAT-02""]",C,True,True,True,False,7,0,-6.213629794260157,False,False,False,False,8.294015645192749,0.0,8.294015645192749,2966.4999672565004
O01->S004->S008->O01,S004->S008,"[""S004-FOD-01"", ""S004-HYG-01"", ""S004-MED-01"", ""S004-WAT-01"", ""S004-WAT-02"", ""S004-WAT-03"", ""S008-MED-01"", ""S008-WAT-01""]",C,True,True,True,False,7,0,-6.213629794260157,False,False,False,False,8.3237951425487,0.0,8.3237951425487,2536.8050727347504
O01->S003->S008->O01,S003->S008,"[""S003-MED-01"", ""S008-FOD-01"", ""S008-HYG-01"", ""S008-MED-01"", ""S008-WAT-01"", ""S008-WAT-02""]",C,True,True,True,False,7,0,-6.213629794260157,False,False,False,False,8.387986531147664,0.0,8.387986531147664,3032.4999672565004
O01->S013->S008->O01,S013->S008,"[""S008-FOD-01"", ""S008-HYG-01"", ""S008-MED-01"", ""S008-WAT-01"", ""S008-WAT-02"", ""S013-FOD-01"", ""S013-MED-01"", ""S013-WAT-01""]",C,True,True,True,False,7,2,-6.213629794260157,False,False,False,False,8.558513672488344,0.0,8.558513672488344,2596.709590882842
O01->S008->S003->O01,S008->S003,"[""S003-MED-01"", ""S003-WAT-01"", ""S008-FOD-01"", ""S008-HYG-01"", ""S008-MED-01"", ""S008-WAT-01"", ""S008-WAT-02""]",C,True,True,True,False,7,0,-6.213629794260157,False,False,False,False,8.566079023851016,0.0,8.566079023851016,3098.365184104799
O01->S012->S008->O01,S012->S008,"[""S008-FOD-01"", ""S008-HYG-01"", ""S008-MED-01"", ""S008-WAT-01"", ""S008-WAT-02""]",C,True,True,True,False,7,0,-6.213629794260157,False,False,False,False,8.700920664851708,0.0,8.700920664851708,2598.9344437835366
O01->S008->S005->O01,S008->S005,"[""S005-FOD-01"", ""S005-HYG-01"", ""S005-MED-01"", ""S005-WAT-01"", ""S005-WAT-02"", ""S005-WAT-03"", ""S008-FOD-01"", ""S008-HYG-01"", ""S008-MED-01"", ""S008-WAT-01"", ""S008-WAT-02""]",C,True,False,False,False,7,2,-6.213629794260157,False,False,False,False,8.70378295627976,0.0,8.70378295627976,2548.543907760071
O01->S012->S008->O01,S012->S008,"[""S008-FOD-01"", ""S008-HYG-01"", ""S008-MED-01"", ""S008-WAT-01"", ""S008-WAT-02"", ""S012-MED-01""]",C,True,True,True,False,7,0,-6.213629794260157,False,False,False,False,8.79488995765998,0.0,8.79488995765998,2664.9344437835366
O01->S008->S004->O01,S008->S004,"[""S004-FOD-01"", ""S004-HYG-01"", ""S004-MED-01"", ""S004-WAT-01"", ""S004-WAT-02"", ""S004-WAT-03"", ""S008-MED-01"", ""S008-WAT-01""]",C,True,True,True,False,7,0,-6.213629794260157,False,False,False,False,8.814109719052741,0.0,8.814109719052741,2536.8153113051053
O01->S008->S013->O01,S008->S013,"[""S008-FOD-01"", ""S008-HYG-01"", ""S008-MED-01"", ""S008-WAT-01"", ""S008-WAT-02"", ""S013-FOD-01"", ""S013-MED-01"", ""S013-WAT-01""]",C,True,True,True,False,7,2,-6.213629794260157,False,False,False,False,8.874931641686608,0.0,8.874931641686608,2596.577782974411
O01->S008->S012->O01,S008->S012,"[""S008-FOD-01"", ""S008-HYG-01"", ""S008-MED-01"", ""S008-WAT-01"", ""S008-WAT-02"", ""S012-MED-01"", ""S012-WAT-01""]",C,True,True,True,False,7,0,-6.213629794260157,False,False,False,False,8.915022619954108,0.0,8.915022619954108,2730.778007355396
O01->S003->S008->O01,S003->S008,"[""S003-MED-01"", ""S003-WAT-01"", ""S008-FOD-01"", ""S008-HYG-01"", ""S008-MED-01"", ""S008-WAT-01"", ""S008-WAT-02""]",C,True,True,True,False,7,0,-6.213629794260157,False,False,False,False,8.962711135979482,0.0,8.962711135979482,3098.4999672565004
O01->S004->S008->O01,S004->S008,"[""S004-FOD-01"", ""S004-HYG-01"", ""S004-MED-01"", ""S004-WAT-01"", ""S004-WAT-02"", ""S004-WAT-03"", ""S008-FOD-01"", ""S008-HYG-01"", ""S008-MED-01"", ""S008-WAT-01"", ""S008-WAT-02""]",C,True,False,False,False,7,0,-6.213629794260157,False,False,False,False,8.97106635276064,0.0,8.97106635276064,2734.8050727347504
O01->S008->S006->O01,S008->S006,"[""S006-FOD-01"", ""S006-HYG-01"", ""S006-MED-01"", ""S006-WAT-01"", ""S006-WAT-02"", ""S006-WAT-03"", ""S008-MED-01""]",C,True,True,True,False,4,0,-6.213629794260157,False,False,False,False,8.982736541370853,0.0,8.982736541370853,2588.339197354428
O01->S002->S008->O01,S002->S008,"[""S002-FOD-01"", ""S002-FOD-02"", ""S002-HYG-01"", ""S002-MED-01"", ""S002-WAT-01"", ""S002-WAT-02"", ""S002-WAT-03"", ""S002-WAT-04"", ""S008-MED-01""]",C,True,False,True,False,7,0,-6.213629794260157,False,False,False,False,9.111017444993607,0.0,9.111017444993607,2651.09893476375
O01->S002->S008->O01,S002->S008,"[""S002-FOD-01"", ""S002-FOD-02"", ""S002-HYG-01"", ""S002-MED-01"", ""S002-WAT-01"", ""S002-WAT-02"", ""S002-WAT-03"", ""S002-WAT-04"", ""S008-MED-01"", ""S008-WAT-01""]",C,True,False,True,False,7,0,-6.213629794260157,False,False,False,False,9.20560076276658,0.0,9.20560076276658,2717.09893476375
O01->S008->S004->O01,S008->S004,"[""S004-FOD-01"", ""S004-HYG-01"", ""S004-MED-01"", ""S004-WAT-01"", ""S004-WAT-02"", ""S004-WAT-03"", ""S008-FOD-01"", ""S008-HYG-01"", ""S008-MED-01"", ""S008-WAT-01"", ""S008-WAT-02""]",C,True,False,False,False,7,0,-6.213629794260157,False,False,False,False,9.27004442558723,0.0,9.27004442558723,2734.815311305105
O01->S012->S008->O01,S012->S008,"[""S008-FOD-01"", ""S008-HYG-01"", ""S008-MED-01"", ""S008-WAT-01"", ""S008-WAT-02"", ""S012-MED-01"", ""S012-WAT-01""]",C,True,True,True,False,7,0,-6.213629794260157,False,False,False,False,9.372183703103964,0.0,9.372183703103964,2730.9344437835366
O01->S008->S007->O01,S008->S007,"[""S007-FOD-01"", ""S007-HYG-01"", ""S007-MED-01"", ""S007-WAT-01"", ""S007-WAT-02"", ""S008-FOD-01"", ""S008-HYG-01"", ""S008-MED-01"", ""S008-WAT-01"", ""S008-WAT-02""]",C,True,False,False,False,7,2,-6.213629794260157,False,False,False,False,9.52224688270953,0.0,9.52224688270953,2913.3720615074344
O01->S008->S012->O01,S008->S012,"[""S008-FOD-01"", ""S008-HYG-01"", ""S008-MED-01"", ""S008-WAT-01"", ""S008-WAT-02"", ""S012-FOD-01"", ""S012-MED-01"", ""S012-WAT-01""]",C,True,True,True,False,7,0,-6.213629794260157,False,False,False,False,9.556801775654815,0.0,9.556801775654815,2796.778007355396
O01->S002->S008->O01,S002->S008,"[""S002-FOD-01"", ""S002-FOD-02"", ""S002-HYG-01"", ""S002-MED-01"", ""S002-WAT-01"", ""S002-WAT-02"", ""S002-WAT-03"", ""S002-WAT-04"", ""S008-FOD-01"", ""S008-HYG-01"", ""S008-MED-01"", ""S008-WAT-01"", ""S008-WAT-02""]",C,True,False,False,False,7,0,-6.213629794260157,False,False,False,False,9.593591536665475,0.0,9.593591536665475,2915.09893476375
O01->S003->S008->O01,S003->S008,"[""S003-FOD-01"", ""S003-FOD-02"", ""S003-HYG-01"", ""S003-MED-01"", ""S003-WAT-01"", ""S003-WAT-02"", ""S003-WAT-03"", ""S003-WAT-04"", ""S008-MED-01""]",C,True,False,True,False,7,0,-6.213629794260157,False,False,False,False,9.676626635976099,0.0,9.676626635976099,3230.4999672565004
O01->S003->S008->O01,S003->S008,"[""S003-FOD-01"", ""S003-FOD-02"", ""S003-HYG-01"", ""S003-MED-01"", ""S003-WAT-01"", ""S003-WAT-02"", ""S003-WAT-03"", ""S003-WAT-04"", ""S008-MED-01"", ""S008-WAT-01""]",C,True,False,True,False,7,0,-6.213629794260157,False,False,False,False,9.823592168400788,0.0,9.823592168400788,3296.4999672565004
O01->S012->S008->O01,S012->S008,"[""S008-FOD-01"", ""S008-HYG-01"", ""S008-MED-01"", ""S008-WAT-01"", ""S008-WAT-02"", ""S012-FOD-01"", ""S012-MED-01"", ""S012-WAT-01""]",C,True,True,True,False,7,0,-6.213629794260157,False,False,False,False,9.852816529876208,0.0,9.852816529876208,2796.9344437835366
O01->S008->S006->O01,S008->S006,"[""S006-FOD-01"", ""S006-HYG-01"", ""S006-MED-01"", ""S006-WAT-01"", ""S006-WAT-02"", ""S006-WAT-03"", ""S008-MED-01"", ""S008-WAT-01""]",C,True,True,True,False,4,0,-6.213629794260157,False,False,False,False,10.027891550955534,0.0,10.027891550955534,2654.339197354428
O01->S003->S008->O01,S003->S008,"[""S003-FOD-01"", ""S003-FOD-02"", ""S003-HYG-01"", ""S003-MED-01"", ""S003-WAT-01"", ""S003-WAT-02"", ""S003-WAT-03"", ""S003-WAT-04"", ""S008-FOD-01"", ""S008-HYG-01"", ""S008-MED-01"", ""S008-WAT-01"", ""S008-WAT-02""]",C,True,False,False,False,7,0,-6.213629794260157,False,False,False,False,10.377108835701021,0.0,10.377108835701021,3494.4999672565004
O01->S008->S006->O01,S008->S006,"[""S006-FOD-01"", ""S006-HYG-01"", ""S006-MED-01"", ""S006-WAT-01"", ""S006-WAT-02"", ""S006-WAT-03"", ""S008-FOD-01"", ""S008-HYG-01"", ""S008-MED-01"", ""S008-WAT-01"", ""S008-WAT-02""]",C,True,False,False,False,4,0,-6.213629794260157,False,False,False,False,10.483826257490023,0.0,10.483826257490023,2852.3391973544276
O01->S008->S001->O01,S008->S001,"[""S001-FOD-01"", ""S001-FOD-02"", ""S001-FOD-03"", ""S001-HYG-01"", ""S001-HYG-02"", ""S001-MED-01"", ""S001-MED-02"", ""S001-WAT-01"", ""S001-WAT-02"", ""S001-WAT-03"", ""S001-WAT-04"", ""S001-WAT-05"", ""S001-WAT-06"", ""S001-WAT-07"", ""S001-WAT-08"", ""S008-MED-01""]",C,True,False,False,False,4,0,-6.213629794260157,False,False,False,False,10.65295284920466,0.0,10.65295284920466,2886.8610285618693
O01->S008->S001->O01,S008->S001,"[""S001-FOD-01"", ""S001-FOD-02"", ""S001-FOD-03"", ""S001-HYG-01"", ""S001-HYG-02"", ""S001-MED-01"", ""S001-MED-02"", ""S001-WAT-01"", ""S001-WAT-02"", ""S001-WAT-03"", ""S001-WAT-04"", ""S001-WAT-05"", ""S001-WAT-06"", ""S001-WAT-07"", ""S001-WAT-08"", ""S008-MED-01"", ""S008-WAT-01""]",C,True,False,False,False,4,0,-6.213629794260157,False,False,False,False,10.665945538130085,0.0,10.665945538130085,2952.8610285618693
O01->S008->S001->O01,S008->S001,"[""S001-FOD-01"", ""S001-FOD-02"", ""S001-FOD-03"", ""S001-HYG-01"", ""S001-HYG-02"", ""S001-MED-01"", ""S001-MED-02"", ""S001-WAT-01"", ""S001-WAT-02"", ""S001-WAT-03"", ""S001-WAT-04"", ""S001-WAT-05"", ""S001-WAT-06"", ""S001-WAT-07"", ""S001-WAT-08"", ""S008-FOD-01"", ""S008-HYG-01"", ""S008-MED-01"", ""S008-WAT-01"", ""S008-WAT-02""]",C,True,False,False,False,4,0,-6.213629794260157,False,False,False,False,10.691930915980937,0.0,10.691930915980937,3150.8610285618697
O01->S008->S002->O01,S008->S002,"[""S002-FOD-01"", ""S002-FOD-02"", ""S002-HYG-01"", ""S002-MED-01"", ""S002-WAT-01"", ""S002-WAT-02"", ""S002-WAT-03"", ""S002-WAT-04"", ""S008-MED-01""]",C,True,False,True,False,7,0,-6.213629794260157,False,False,False,False,11.121011960474851,0.0,11.121011960474851,2651.059909724478
O01->S008->S002->O01,S008->S002,"[""S002-FOD-01"", ""S002-FOD-02"", ""S002-HYG-01"", ""S002-MED-01"", ""S002-WAT-01"", ""S002-WAT-02"", ""S002-WAT-03"", ""S002-WAT-04"", ""S008-MED-01"", ""S008-WAT-01""]",C,True,False,True,False,7,0,-6.213629794260157,False,False,False,False,11.134004649400277,0.0,11.134004649400277,2717.059909724478
O01->S008->S002->O01,S008->S002,"[""S002-FOD-01"", ""S002-FOD-02"", ""S002-HYG-01"", ""S002-MED-01"", ""S002-WAT-01"", ""S002-WAT-02"", ""S002-WAT-03"", ""S002-WAT-04"", ""S008-FOD-01"", ""S008-HYG-01"", ""S008-MED-01"", ""S008-WAT-01"", ""S008-WAT-02""]",C,True,False,False,False,7,0,-6.213629794260157,False,False,False,False,11.159990027251128,0.0,11.159990027251128,2915.059909724478
O01->S008->S003->O01,S008->S003,"[""S003-FOD-01"", ""S003-FOD-02"", ""S003-HYG-01"", ""S003-MED-01"", ""S003-WAT-01"", ""S003-WAT-02"", ""S003-WAT-03"", ""S003-WAT-04"", ""S008-MED-01""]",C,True,False,True,False,7,0,-6.213629794260157,False,False,False,False,12.315956036155258,0.0,12.315956036155258,3230.365184104799
O01->S008->S003->O01,S008->S003,"[""S003-FOD-01"", ""S003-FOD-02"", ""S003-HYG-01"", ""S003-MED-01"", ""S003-WAT-01"", ""S003-WAT-02"", ""S003-WAT-03"", ""S003-WAT-04"", ""S008-MED-01"", ""S008-WAT-01""]",C,True,False,True,False,7,0,-6.213629794260157,False,False,False,False,12.328948725080682,0.0,12.328948725080682,3296.365184104799
O01->S008->S003->O01,S008->S003,"[""S003-FOD-01"", ""S003-FOD-02"", ""S003-HYG-01"", ""S003-MED-01"", ""S003-WAT-01"", ""S003-WAT-02"", ""S003-WAT-03"", ""S003-WAT-04"", ""S008-FOD-01"", ""S008-HYG-01"", ""S008-MED-01"", ""S008-WAT-01"", ""S008-WAT-02""]",C,True,False,False,False,7,0,-6.213629794260157,False,False,False,False,12.354934102931532,0.0,12.354934102931532,3494.365184104799
O01->S008->S010->O01,S008->S010,"[""S008-MED-01""]",B,True,True,True,False,7,2,-7.409252030180156,False,False,False,False,3.318719170674572,0.0,3.318719170674572,2226.2437476277078
O01->S010->S008->O01,S010->S008,"[""S008-MED-01""]",B,True,True,True,False,7,2,-7.409252030180156,False,False,False,False,3.3327994897069426,0.0,3.3327994897069426,2226.3869771510485
O01->S008->S010->O01,S008->S010,"[""S008-MED-01"", ""S008-WAT-01""]",B,True,True,True,False,7,2,-7.409252030180156,False,False,False,False,3.574971732480033,0.0,3.574971732480033,2286.243747627708
O01->S008->S010->O01,S008->S010,"[""S008-MED-01"", ""S008-WAT-01"", ""S010-MED-01""]",B,True,True,True,False,7,2,-7.409252030180156,False,False,False,False,3.6915854477145436,0.0,3.6915854477145436,2346.243747627708
O01->S010->S008->O01,S010->S008,"[""S008-MED-01"", ""S008-WAT-01""]",B,True,True,True,False,7,2,-7.409252030180156,False,False,False,False,3.7778325049747132,0.0,3.7778325049747132,2286.3869771510485
O01->S010->S008->O01,S010->S008,"[""S008-MED-01"", ""S010-FOD-01"", ""S010-MED-01"", ""S010-WAT-01""]",B,True,False,False,False,7,2,-7.409252030180156,False,False,False,False,3.7825124065493814,0.0,3.7825124065493814,2406.3869771510485
O01->S010->S008->O01,S010->S008,"[""S008-MED-01"", ""S008-WAT-01"", ""S010-MED-01""]",B,True,True,True,False,7,2,-7.409252030180156,False,False,False,False,3.8363172864459476,0.0,3.8363172864459476,2346.3869771510485
O01->S010->S008->O01,S010->S008,"[""S008-MED-01"", ""S008-WAT-01"", ""S010-MED-01"", ""S010-WAT-01""]",B,True,False,False,False,7,2,-7.409252030180156,False,False,False,False,4.156919023439979,0.0,4.156919023439979,2406.3869771510485
O01->S010->S008->O01,S010->S008,"[""S008-MED-01"", ""S008-WAT-01"", ""S010-FOD-01"", ""S010-MED-01"", ""S010-WAT-01""]",B,True,False,False,False,7,2,-7.409252030180156,False,False,False,False,4.166242657435882,0.0,4.166242657435882,2466.3869771510485
O01->S008->S010->O01,S008->S010,"[""S008-MED-01"", ""S008-WAT-01"", ""S008-WAT-02""]",B,True,False,True,False,7,2,-7.409252030180156,False,False,False,False,4.1976720391243605,0.0,4.1976720391243605,2346.243747627708
O01->S008->S010->O01,S008->S010,"[""S008-FOD-01"", ""S008-HYG-01"", ""S008-MED-01"", ""S008-WAT-01"", ""S008-WAT-02""]",B,True,False,False,False,7,2,-7.409252030180156,False,False,False,False,4.210664728049786,0.0,4.210664728049786,2466.243747627708
O01->S008->S010->O01,S008->S010,"[""S008-FOD-01"", ""S008-HYG-01"", ""S008-MED-01"", ""S008-WAT-01"", ""S008-WAT-02"", ""S010-MED-01""]",B,True,False,False,False,7,2,-7.409252030180156,False,False,False,False,4.233960037839862,0.0,4.233960037839862,2526.243747627708
O01->S008->S010->O01,S008->S010,"[""S008-MED-01"", ""S008-WAT-01"", ""S010-MED-01"", ""S010-WAT-01""]",B,True,False,False,False,7,2,-7.409252030180156,False,False,False,False,4.5105573671605015,0.0,4.5105573671605015,2406.243747627708
O01->S008->S010->O01,S008->S010,"[""S008-FOD-01"", ""S008-HYG-01"", ""S008-MED-01"", ""S008-WAT-01"", ""S008-WAT-02"", ""S010-MED-01"", ""S010-WAT-01""]",B,True,False,False,False,7,2,-7.409252030180156,False,False,False,False,4.536542745011352,0.0,4.536542745011352,2586.2437476277078
O01->S008->S010->O01,S008->S010,"[""S008-MED-01"", ""S010-FOD-01"", ""S010-MED-01"", ""S010-WAT-01""]",B,True,False,False,False,7,2,-7.409252030180156,False,False,False,False,4.717368892827839,0.0,4.717368892827839,2406.243747627708
O01->S010->S008->O01,S010->S008,"[""S008-MED-01"", ""S008-WAT-01"", ""S008-WAT-02""]",B,True,False,True,False,7,2,-7.409252030180156,False,False,False,False,4.859308279395538,0.0,4.859308279395538,2346.3869771510485
O01->S008->S010->O01,S008->S010,"[""S008-MED-01"", ""S008-WAT-01"", ""S010-FOD-01"", ""S010-MED-01"", ""S010-WAT-01""]",B,True,False,False,False,7,2,-7.409252030180156,False,False,False,False,4.8695872533547115,0.0,4.8695872533547115,2466.243747627708
O01->S010->S008->O01,S010->S008,"[""S008-FOD-01"", ""S008-HYG-01"", ""S008-MED-01"", ""S008-WAT-01"", ""S008-WAT-02""]",B,True,False,False,False,7,2,-7.409252030180156,False,False,False,False,4.881849993058851,0.0,4.881849993058851,2466.3869771510485
O01->S010->S008->O01,S010->S008,"[""S008-FOD-01"", ""S008-HYG-01"", ""S008-MED-01"", ""S008-WAT-01"", ""S008-WAT-02"", ""S010-MED-01""]",B,True,False,False,False,7,2,-7.409252030180156,False,False,False,False,4.8853463558073145,0.0,4.8853463558073145,2526.3869771510485
O01->S008->S010->O01,S008->S010,"[""S008-FOD-01"", ""S008-HYG-01"", ""S008-MED-01"", ""S008-WAT-01"", ""S008-WAT-02"", ""S010-FOD-01"", ""S010-MED-01"", ""S010-WAT-01""]",B,True,False,False,False,7,2,-7.409252030180156,False,False,False,False,4.895572631205562,0.0,4.895572631205562,2646.2437476277078
O01->S010->S008->O01,S010->S008,"[""S008-FOD-01"", ""S008-HYG-01"", ""S008-MED-01"", ""S008-WAT-01"", ""S008-WAT-02"", ""S010-MED-01"", ""S010-WAT-01""]",B,True,False,False,False,7,2,-7.409252030180156,False,False,False,False,4.901662715300146,0.0,4.901662715300146,2586.3869771510485
O01->S010->S008->O01,S010->S008,"[""S008-FOD-01"", ""S008-HYG-01"", ""S008-MED-01"", ""S008-WAT-01"", ""S008-WAT-02"", ""S010-FOD-01"", ""S010-MED-01"", ""S010-WAT-01""]",B,True,False,False,False,7,2,-7.409252030180156,False,False,False,False,4.910986349296051,0.0,4.910986349296051,2646.3869771510485
O01->S008->S010->O01,S008->S010,"[""S008-MED-01""]",C,True,True,True,False,7,2,-7.409252030180156,False,False,False,False,6.980377906903986,0.0,6.980377906903986,2320.14977586664
O01->S010->S008->O01,S010->S008,"[""S008-MED-01""]",C,True,True,True,False,7,2,-7.409252030180156,False,False,False,False,6.990302274660746,0.0,6.990302274660746,2320.293005389981
O01->S008->S010->O01,S008->S010,"[""S008-MED-01"", ""S008-WAT-01""]",C,True,True,True,False,7,2,-7.409252030180156,False,False,False,False,7.122520016159021,0.0,7.122520016159021,2386.14977586664
O01->S008->S010->O01,S008->S010,"[""S008-MED-01"", ""S008-WAT-01"", ""S010-MED-01""]",C,True,True,True,False,7,2,-7.409252030180156,False,False,False,False,7.179917823803774,0.0,7.179917823803774,2452.14977586664
O01->S010->S008->O01,S010->S008,"[""S008-MED-01"", ""S010-FOD-01"", ""S010-MED-01"", ""S010-WAT-01""]",C,True,True,True,False,7,2,-7.409252030180156,False,False,False,False,7.1981751190040555,0.0,7.1981751190040555,2518.2930053899813
O01->S010->S008->O01,S010->S008,"[""S008-MED-01"", ""S008-WAT-01""]",C,True,True,True,False,7,2,-7.409252030180156,False,False,False,False,7.237149403148585,0.0,7.237149403148585,2386.293005389981
O01->S010->S008->O01,S010->S008,"[""S008-MED-01"", ""S008-WAT-01"", ""S010-MED-01""]",C,True,True,True,False,7,2,-7.409252030180156,False,False,False,False,7.264879117793895,0.0,7.264879117793895,2452.293005389981
O01->S008->S010->O01,S008->S010,"[""S008-MED-01"", ""S008-WAT-01"", ""S008-WAT-02""]",C,True,True,True,False,7,2,-7.409252030180156,False,False,False,False,7.369046574300183,0.0,7.369046574300183,2452.14977586664
O01->S010->S008->O01,S010->S008,"[""S008-MED-01"", ""S008-WAT-01"", ""S010-MED-01"", ""S010-WAT-01""]",C,True,True,True,False,7,2,-7.409252030180156,False,False,False,False,7.432912743947082,0.0,7.432912743947082,2518.293005389981
O01->S010->S008->O01,S010->S008,"[""S008-MED-01"", ""S008-WAT-01"", ""S010-FOD-01"", ""S010-MED-01"", ""S010-WAT-01""]",C,True,True,True,False,7,2,-7.409252030180156,False,False,False,False,7.563161940852694,0.0,7.563161940852694,2584.2930053899813
O01->S008->S010->O01,S008->S010,"[""S008-MED-01"", ""S008-WAT-01"", ""S010-MED-01"", ""S010-WAT-01""]",C,True,True,True,False,7,2,-7.409252030180156,False,False,False,False,7.609055829486196,0.0,7.609055829486196,2518.14977586664
O01->S008->S010->O01,S008->S010,"[""S008-MED-01"", ""S010-FOD-01"", ""S010-MED-01"", ""S010-WAT-01""]",C,True,True,True,False,7,2,-7.409252030180156,False,False,False,False,7.622905910471633,0.0,7.622905910471633,2518.14977586664
O01->S010->S008->O01,S010->S008,"[""S008-MED-01"", ""S008-WAT-01"", ""S008-WAT-02""]",C,True,True,True,False,7,2,-7.409252030180156,False,False,False,False,7.665290393032597,0.0,7.665290393032597,2452.293005389981
O01->S008->S010->O01,S008->S010,"[""S008-FOD-01"", ""S008-HYG-01"", ""S008-MED-01"", ""S008-WAT-01"", ""S008-WAT-02""]",C,True,True,True,False,7,2,-7.409252030180156,False,False,False,False,7.743003180383572,0.0,7.743003180383572,2584.14977586664
O01->S008->S010->O01,S008->S010,"[""S008-FOD-01"", ""S008-HYG-01"", ""S008-MED-01"", ""S008-WAT-01"", ""S008-WAT-02"", ""S010-MED-01""]",C,True,True,True,False,7,2,-7.409252030180156,False,False,False,False,7.858713896019878,0.0,7.858713896019878,2650.14977586664
O01->S008->S010->O01,S008->S010,"[""S008-MED-01"", ""S008-WAT-01"", ""S010-FOD-01"", ""S010-MED-01"", ""S010-WAT-01""]",C,True,True,True,False,7,2,-7.409252030180156,False,False,False,False,7.965537651183539,0.0,7.965537651183539,2584.14977586664
O01->S010->S008->O01,S010->S008,"[""S008-FOD-01"", ""S008-HYG-01"", ""S008-MED-01"", ""S008-WAT-01"", ""S008-WAT-02""]",C,True,True,True,False,7,2,-7.409252030180156,False,False,False,False,8.314750609064443,0.0,8.314750609064443,2584.293005389981
O01->S010->S008->O01,S010->S008,"[""S008-FOD-01"", ""S008-HYG-01"", ""S008-MED-01"", ""S008-WAT-01"", ""S008-WAT-02"", ""S010-MED-01""]",C,True,True,True,False,7,2,-7.409252030180156,False,False,False,False,8.37684154737523,0.0,8.37684154737523,2650.2930053899813
O01->S008->S010->O01,S008->S010,"[""S008-FOD-01"", ""S008-HYG-01"", ""S008-MED-01"", ""S008-WAT-01"", ""S008-WAT-02"", ""S010-MED-01"", ""S010-WAT-01""]",C,True,True,True,False,7,2,-7.409252030180156,False,False,False,False,8.646519804057974,0.0,8.646519804057974,2716.14977586664
O01->S010->S008->O01,S010->S008,"[""S008-FOD-01"", ""S008-HYG-01"", ""S008-MED-01"", ""S008-WAT-01"", ""S008-WAT-02"", ""S010-MED-01"", ""S010-WAT-01""]",C,True,True,True,False,7,2,-7.409252030180156,False,False,False,False,8.756222342430643,0.0,8.756222342430643,2716.2930053899813
O01->S010->S008->O01,S010->S008,"[""S008-FOD-01"", ""S008-HYG-01"", ""S008-MED-01"", ""S008-WAT-01"", ""S008-WAT-02"", ""S010-FOD-01"", ""S010-MED-01"", ""S010-WAT-01""]",C,True,True,True,False,7,2,-7.409252030180156,False,False,False,False,9.070371780230738,0.0,9.070371780230738,2782.2930053899813
O01->S008->S010->O01,S008->S010,"[""S008-FOD-01"", ""S008-HYG-01"", ""S008-MED-01"", ""S008-WAT-01"", ""S008-WAT-02"", ""S010-FOD-01"", ""S010-MED-01"", ""S010-WAT-01""]",C,True,True,True,False,7,2,-7.409252030180156,False,False,False,False,9.315090564476048,0.0,9.315090564476048,2782.14977586664
O01->S008->S014->O01,S008->S014,"[""S008-MED-01""]",B,True,True,True,False,7,2,-8.85715207797773,False,False,False,False,3.7189686567008002,0.0,3.7189686567008002,2586.4087426716715
O01->S014->S008->O01,S014->S008,"[""S008-MED-01""]",B,True,True,True,False,7,2,-8.85715207797773,False,False,False,False,3.7408026680839686,0.0,3.7408026680839686,2586.5609183994716
O01->S008->S014->O01,S008->S014,"[""S008-MED-01"", ""S008-WAT-01""]",B,True,True,True,False,7,2,-8.85715207797773,False,False,False,False,3.9752212185062614,0.0,3.9752212185062614,2646.408742671672
O01->S008->S014->O01,S008->S014,"[""S008-MED-01"", ""S008-WAT-01"", ""S014-MED-01""]",B,True,True,True,False,7,2,-8.85715207797773,False,False,False,False,4.09654576135599,0.0,4.09654576135599,2706.408742671672
O01->S014->S008->O01,S014->S008,"[""S008-MED-01"", ""S014-FOD-01"", ""S014-MED-01"", ""S014-WAT-01""]",B,True,False,False,False,7,2,-8.85715207797773,False,False,False,False,4.260949395863761,0.0,4.260949395863761,2766.5609183994716
O01->S014->S008->O01,S014->S008,"[""S008-MED-01"", ""S008-WAT-01""]",B,True,True,True,False,7,2,-8.85715207797773,False,False,False,False,4.270255505880707,0.0,4.270255505880707,2646.5609183994716
O01->S014->S008->O01,S014->S008,"[""S008-MED-01"", ""S008-WAT-01"", ""S014-MED-01""]",B,True,True,True,False,7,2,-8.85715207797773,False,False,False,False,4.337790257285487,0.0,4.337790257285487,2706.5609183994716
O01->S008->S014->O01,S008->S014,"[""S008-MED-01"", ""S008-WAT-01"", ""S008-WAT-02""]",B,True,False,True,False,7,2,-8.85715207797773,False,False,False,False,4.597921525150589,0.0,4.597921525150589,2706.408742671672
O01->S008->S014->O01,S008->S014,"[""S008-FOD-01"", ""S008-HYG-01"", ""S008-MED-01"", ""S008-WAT-01"", ""S008-WAT-02""]",B,True,False,False,False,7,2,-8.85715207797773,False,False,False,False,4.610914214076015,0.0,4.610914214076015,2826.408742671672
O01->S008->S014->O01,S008->S014,"[""S008-FOD-01"", ""S008-HYG-01"", ""S008-MED-01"", ""S008-WAT-01"", ""S008-WAT-02"", ""S014-MED-01""]",B,True,False,False,False,7,2,-8.85715207797773,False,False,False,False,4.638920351481308,0.0,4.638920351481308,2886.408742671672
O01->S014->S008->O01,S014->S008,"[""S008-MED-01"", ""S008-WAT-01"", ""S014-MED-01"", ""S014-WAT-01""]",B,True,False,False,False,7,2,-8.85715207797773,False,False,False,False,4.706932486073143,0.0,4.706932486073143,2766.5609183994716
O01->S014->S008->O01,S014->S008,"[""S008-MED-01"", ""S008-WAT-01"", ""S014-FOD-01"", ""S014-MED-01"", ""S014-WAT-01""]",B,True,False,False,False,7,2,-8.85715207797773,False,False,False,False,4.720988865311695,0.0,4.720988865311695,2826.5609183994716
O01->S008->S014->O01,S008->S014,"[""S008-MED-01"", ""S008-WAT-01"", ""S014-MED-01"", ""S014-WAT-01""]",B,True,False,False,False,7,2,-8.85715207797773,False,False,False,False,4.9726398331143695,0.0,4.9726398331143695,2766.408742671672
O01->S008->S014->O01,S008->S014,"[""S008-FOD-01"", ""S008-HYG-01"", ""S008-MED-01"", ""S008-WAT-01"", ""S008-WAT-02"", ""S014-MED-01"", ""S014-WAT-01""]",B,True,False,False,False,7,2,-8.85715207797773,False,False,False,False,4.99862521096522,0.0,4.99862521096522,2946.408742671672
O01->S008->S014->O01,S008->S014,"[""S008-MED-01"", ""S014-FOD-01"", ""S014-MED-01"", ""S014-WAT-01""]",B,True,False,False,False,7,2,-8.85715207797773,False,False,False,False,5.245826991268921,0.0,5.245826991268921,2766.408742671672
O01->S008->S014->O01,S008->S014,"[""S008-MED-01"", ""S008-WAT-01"", ""S014-FOD-01"", ""S014-MED-01"", ""S014-WAT-01""]",B,True,False,False,False,7,2,-8.85715207797773,False,False,False,False,5.398045351795795,0.0,5.398045351795795,2826.408742671672
O01->S008->S014->O01,S008->S014,"[""S008-FOD-01"", ""S008-HYG-01"", ""S008-MED-01"", ""S008-WAT-01"", ""S008-WAT-02"", ""S014-FOD-01"", ""S014-MED-01"", ""S014-WAT-01""]",B,True,False,False,False,7,2,-8.85715207797773,False,False,False,False,5.424030729646645,0.0,5.424030729646645,3006.408742671672
O01->S014->S008->O01,S014->S008,"[""S008-MED-01"", ""S008-WAT-01"", ""S008-WAT-02""]",B,True,False,True,False,7,2,-8.85715207797773,False,False,False,False,5.5409473452913165,0.0,5.5409473452913165,2706.5609183994716
O01->S014->S008->O01,S014->S008,"[""S008-FOD-01"", ""S008-HYG-01"", ""S008-MED-01"", ""S008-WAT-01"", ""S008-WAT-02""]",B,True,False,False,False,7,2,-8.85715207797773,False,False,False,False,5.578341744072139,0.0,5.578341744072139,2826.5609183994716
O01->S014->S008->O01,S014->S008,"[""S008-FOD-01"", ""S008-HYG-01"", ""S008-MED-01"", ""S008-WAT-01"", ""S008-WAT-02"", ""S014-MED-01""]",B,True,False,False,False,7,2,-8.85715207797773,False,False,False,False,5.583612886286597,0.0,5.583612886286597,2886.5609183994716
O01->S014->S008->O01,S014->S008,"[""S008-FOD-01"", ""S008-HYG-01"", ""S008-MED-01"", ""S008-WAT-01"", ""S008-WAT-02"", ""S014-MED-01"", ""S014-WAT-01""]",B,True,False,False,False,7,2,-8.85715207797773,False,False,False,False,5.6082115499540635,0.0,5.6082115499540635,2946.5609183994716
O01->S014->S008->O01,S014->S008,"[""S008-FOD-01"", ""S008-HYG-01"", ""S008-MED-01"", ""S008-WAT-01"", ""S008-WAT-02"", ""S014-FOD-01"", ""S014-MED-01"", ""S014-WAT-01""]",B,True,False,False,False,7,2,-8.85715207797773,False,False,False,False,5.622267929192615,0.0,5.622267929192615,3006.5609183994716
O01->S008->S014->O01,S008->S014,"[""S008-MED-01""]",C,True,True,True,False,7,2,-8.85715207797773,False,False,False,False,7.768084206764948,0.0,7.768084206764948,2727.0335707559816
O01->S014->S008->O01,S014->S008,"[""S008-MED-01""]",C,True,True,True,False,7,2,-8.85715207797773,False,False,False,False,7.784033833888236,0.0,7.784033833888236,2727.1857464837817
O01->S008->S014->O01,S008->S014,"[""S008-MED-01"", ""S008-WAT-01""]",C,True,True,True,False,7,2,-8.85715207797773,False,False,False,False,7.910226316019983,0.0,7.910226316019983,2793.0335707559816
O01->S008->S014->O01,S008->S014,"[""S008-MED-01"", ""S008-WAT-01"", ""S014-MED-01""]",C,True,True,True,False,7,2,-8.85715207797773,False,False,False,False,7.97106209174909,0.0,7.97106209174909,2859.0335707559816
O01->S014->S008->O01,S014->S008,"[""S008-MED-01"", ""S014-FOD-01"", ""S014-MED-01"", ""S014-WAT-01""]",C,True,True,True,False,7,2,-8.85715207797773,False,False,False,False,8.030344068268189,0.0,8.030344068268189,2925.1857464837817
O01->S014->S008->O01,S014->S008,"[""S008-MED-01"", ""S008-WAT-01""]",C,True,True,True,False,7,2,-8.85715207797773,False,False,False,False,8.08266762827845,0.0,8.08266762827845,2793.185746483781
O01->S014->S008->O01,S014->S008,"[""S008-MED-01"", ""S008-WAT-01"", ""S014-MED-01""]",C,True,True,True,False,7,2,-8.85715207797773,False,False,False,False,8.11537829297643,0.0,8.11537829297643,2859.1857464837817
O01->S008->S014->O01,S008->S014,"[""S008-MED-01"", ""S008-WAT-01"", ""S008-WAT-02""]",C,True,True,True,False,7,2,-8.85715207797773,False,False,False,False,8.156752874161146,0.0,8.156752874161146,2859.0335707559816
O01->S014->S008->O01,S014->S008,"[""S008-MED-01"", ""S008-WAT-01"", ""S014-MED-01"", ""S014-WAT-01""]",C,True,True,True,False,7,2,-8.85715207797773,False,False,False,False,8.3117670320485,0.0,8.3117670320485,2925.1857464837817
O01->S008->S014->O01,S008->S014,"[""S008-MED-01"", ""S008-WAT-01"", ""S014-MED-01"", ""S014-WAT-01""]",C,True,True,True,False,7,2,-8.85715207797773,False,False,False,False,8.433594072953667,0.0,8.433594072953667,2925.0335707559816
O01->S014->S008->O01,S014->S008,"[""S008-MED-01"", ""S008-WAT-01"", ""S014-FOD-01"", ""S014-MED-01"", ""S014-WAT-01""]",C,True,True,True,False,7,2,-8.85715207797773,False,False,False,False,8.462747915846634,0.0,8.462747915846634,2991.1857464837817
O01->S008->S014->O01,S008->S014,"[""S008-MED-01"", ""S014-FOD-01"", ""S014-MED-01"", ""S014-WAT-01""]",C,True,True,True,False,7,2,-8.85715207797773,False,False,False,False,8.476163233527025,0.0,8.476163233527025,2925.0335707559816
O01->S008->S014->O01,S008->S014,"[""S008-FOD-01"", ""S008-HYG-01"", ""S008-MED-01"", ""S008-WAT-01"", ""S008-WAT-02""]",C,True,True,True,False,7,2,-8.85715207797773,False,False,False,False,8.530709480244534,0.0,8.530709480244534,2991.0335707559816
O01->S014->S008->O01,S014->S008,"[""S008-MED-01"", ""S008-WAT-01"", ""S008-WAT-02""]",C,True,True,True,False,7,2,-8.85715207797773,False,False,False,False,8.59244701099911,0.0,8.59244701099911,2859.185746483781
O01->S008->S014->O01,S008->S014,"[""S008-FOD-01"", ""S008-HYG-01"", ""S008-MED-01"", ""S008-WAT-01"", ""S008-WAT-02"", ""S014-MED-01""]",C,True,True,True,False,7,2,-8.85715207797773,False,False,False,False,8.649858163965192,0.0,8.649858163965192,3057.0335707559816
O01->S008->S014->O01,S008->S014,"[""S008-MED-01"", ""S008-WAT-01"", ""S014-FOD-01"", ""S014-MED-01"", ""S014-WAT-01""]",C,True,True,True,False,7,2,-8.85715207797773,False,False,False,False,8.81879497423893,0.0,8.81879497423893,2991.0335707559816
O01->S014->S008->O01,S014->S008,"[""S008-FOD-01"", ""S008-HYG-01"", ""S008-MED-01"", ""S008-WAT-01"", ""S008-WAT-02""]",C,True,True,True,False,7,2,-8.85715207797773,False,False,False,False,9.359987896806212,0.0,9.359987896806212,2991.1857464837817
O01->S014->S008->O01,S014->S008,"[""S008-FOD-01"", ""S008-HYG-01"", ""S008-MED-01"", ""S008-WAT-01"", ""S008-WAT-02"", ""S014-MED-01""]",C,True,True,True,False,7,2,-8.85715207797773,False,False,False,False,9.431605914203217,0.0,9.431605914203217,3057.1857464837817
O01->S008->S014->O01,S008->S014,"[""S008-FOD-01"", ""S008-HYG-01"", ""S008-MED-01"", ""S008-WAT-01"", ""S008-WAT-02"", ""S014-MED-01"", ""S014-WAT-01""]",C,True,True,True,False,7,2,-8.85715207797773,False,False,False,False,9.471058047525444,0.0,9.471058047525444,3123.0335707559816
O01->S014->S008->O01,S014->S008,"[""S008-FOD-01"", ""S008-HYG-01"", ""S008-MED-01"", ""S008-WAT-01"", ""S008-WAT-02"", ""S014-MED-01"", ""S014-WAT-01""]",C,True,True,True,False,7,2,-8.85715207797773,False,False,False,False,9.86730390845415,0.0,9.86730390845415,3123.1857464837817
O01->S008->S014->O01,S008->S014,"[""S008-FOD-01"", ""S008-HYG-01"", ""S008-MED-01"", ""S008-WAT-01"", ""S008-WAT-02"", ""S014-FOD-01"", ""S014-MED-01"", ""S014-WAT-01""]",C,True,True,True,False,7,2,-8.85715207797773,False,False,False,False,10.16834788753144,0.0,10.16834788753144,3189.0335707559816
O01->S014->S008->O01,S014->S008,"[""S008-FOD-01"", ""S008-HYG-01"", ""S008-MED-01"", ""S008-WAT-01"", ""S008-WAT-02"", ""S014-FOD-01"", ""S014-MED-01"", ""S014-WAT-01""]",C,True,True,True,False,7,2,-8.85715207797773,False,False,False,False,10.226515779704176,0.0,10.226515779704176,3189.1857464837817
