service,sortie,candidate_id,candidate_hover_x,candidate_hover_y,candidate_altitude,required_interval_count,min_access_margin_db,min_backhaul_margin_db,access_pass,backhaul_pass,rejection_reason
S002,Q2-003,S002-H000-Z100,109.2308517,23.0085095,228.7255401611328,1,-11.480964783662245,37.773336466538254,False,True,ACCESS_LINK_FAIL
S002,Q2-003,S002-H000-Z200,109.2308517,23.0085095,328.7255401611328,1,-11.481396246673157,30.79097812489792,False,True,ACCESS_LINK_FAIL
S002,Q2-003,S002-H000-Z300,109.2308517,23.0085095,428.7255401611328,1,-11.483896504973274,26.970859340833385,False,True,ACCESS_LINK_FAIL
S002,Q2-003,S002-H001-Z100,109.2308517,23.029115366666666,270.18287658691406,1,-8.684192036026857,8.731853409903152,False,True,ACCESS_LINK_FAIL
S002,Q2-003,S002-H001-Z200,109.2308517,23.029115366666666,370.18287658691406,1,-8.687202425410902,8.703490603162393,False,True,ACCESS_LINK_FAIL
S002,Q2-003,S002-H001-Z300,109.2308517,23.029115366666666,470.18287658691406,1,-8.693196568745606,8.659058021986539,False,True,ACCESS_LINK_FAIL
S002,Q2-003,S002-H002-Z100,109.2308517,23.049721233333333,263.80718994140625,1,-5.289379348223633,2.7208590095785326,False,True,ACCESS_LINK_FAIL
S002,Q2-003,S002-H002-Z200,109.2308517,23.049721233333333,363.80718994140625,1,-5.295514192058832,2.7139983156833125,False,True,ACCESS_LINK_FAIL
S002,Q2-003,S002-H002-Z300,109.2308517,23.049721233333333,463.80718994140625,1,-5.30817731817308,2.7030298799830774,False,True,ACCESS_LINK_FAIL
S002,Q2-003,S002-H003-Z100,109.2308517,23.0703271,377.7903747558594,1,-5.096765333275556,-0.8030425153341696,False,False,ACCESS_AND_BACKHAUL_FAIL
S002,Q2-003,S002-H003-Z200,109.2308517,23.0703271,477.7903747558594,1,-5.104876868958627,-0.8081826404689991,False,False,ACCESS_AND_BACKHAUL_FAIL
S002,Q2-003,S002-H003-Z300,109.2308517,23.0703271,577.7903747558594,1,-5.119774698688488,-0.8151482170741815,False,False,ACCESS_AND_BACKHAUL_FAIL
S002,Q2-003,S002-H004-Z100,109.2400851,23.0085095,299.92372131347656,1,-11.115264033333645,16.325611116944202,False,True,ACCESS_LINK_FAIL
S002,Q2-003,S002-H004-Z200,109.2400851,23.0085095,399.92372131347656,1,-11.117492240463122,16.13801813421783,False,True,ACCESS_LINK_FAIL
S002,Q2-003,S002-H004-Z300,109.2400851,23.0085095,499.92372131347656,1,-11.121426092718849,15.871948238019186,False,True,ACCESS_LINK_FAIL
S002,Q2-003,S002-H005-Z100,109.2400851,23.029115366666666,266.5621795654297,1,-7.959025458722365,8.051989084092597,False,True,ACCESS_LINK_FAIL
S002,Q2-003,S002-H005-Z200,109.2400851,23.029115366666666,366.5621795654297,1,-7.96245481656446,8.028232733255791,False,True,ACCESS_LINK_FAIL
S002,Q2-003,S002-H005-Z300,109.2400851,23.029115366666666,466.5621795654297,1,-7.96940901108573,7.99067403855598,False,True,ACCESS_LINK_FAIL
S002,Q2-003,S002-H006-Z100,109.2400851,23.049721233333333,401.51104736328125,1,-3.526298307649668,2.5300067321397677,False,True,ACCESS_LINK_FAIL
S002,Q2-003,S002-H006-Z200,109.2400851,23.049721233333333,501.51104736328125,1,-3.5489959239024955,2.5180050863518346,False,True,ACCESS_LINK_FAIL
S002,Q2-003,S002-H006-Z300,109.2400851,23.049721233333333,601.5110473632812,1,-3.5812715704570337,2.5021042411269576,False,True,ACCESS_LINK_FAIL
S002,Q2-003,S002-H007-Z100,109.2400851,23.0703271,341.7190856933594,1,-4.374191135009696,-0.8828956294429418,False,False,ACCESS_AND_BACKHAUL_FAIL
S002,Q2-003,S002-H007-Z200,109.2400851,23.0703271,441.7190856933594,1,-4.380864268504652,-0.8872925756976571,False,False,ACCESS_AND_BACKHAUL_FAIL
S002,Q2-003,S002-H007-Z300,109.2400851,23.0703271,541.7190856933594,1,-4.395563945872041,-0.8934838560387846,False,False,ACCESS_AND_BACKHAUL_FAIL
S002,Q2-003,S002-H008-Z100,109.2493185,23.0085095,399.7026672363281,1,-10.882429544532854,10.339730521745238,False,True,ACCESS_LINK_FAIL
S002,Q2-003,S002-H008-Z200,109.2493185,23.0085095,499.7026672363281,1,-10.886578098489807,10.268175853010462,False,True,ACCESS_LINK_FAIL
S002,Q2-003,S002-H008-Z300,109.2493185,23.0085095,599.7026672363281,1,-10.892521873133092,10.174720929832432,False,True,ACCESS_LINK_FAIL
S002,Q2-003,S002-H009-Z100,109.2493185,23.029115366666666,293.3226318359375,1,-7.458313763723567,6.479552571928295,False,True,ACCESS_LINK_FAIL
S002,Q2-003,S002-H009-Z200,109.2493185,23.029115366666666,393.3226318359375,1,-7.463222390252582,6.460381242674629,False,True,ACCESS_LINK_FAIL
S002,Q2-003,S002-H009-Z300,109.2493185,23.029115366666666,493.3226318359375,1,-7.472081203237224,6.431569388727098,False,True,ACCESS_LINK_FAIL
S002,Q2-003,S002-H010-Z100,109.2493185,23.049721233333333,265.9472351074219,1,-1.9395590223464012,2.0388953870629365,False,True,ACCESS_LINK_FAIL
S002,Q2-003,S002-H010-Z200,109.2493185,23.049721233333333,365.9472351074219,1,-1.9531700194828403,2.0329555129954286,False,True,ACCESS_LINK_FAIL
S002,Q2-003,S002-H010-Z300,109.2493185,23.049721233333333,465.9472351074219,1,-1.9807621586469821,2.023501965013537,False,True,ACCESS_LINK_FAIL
S002,Q2-003,S002-H011-Z100,109.2493185,23.0703271,360.90936279296875,1,-4.3103217666375,-1.1185942307031098,False,False,ACCESS_AND_BACKHAUL_FAIL
S002,Q2-003,S002-H011-Z200,109.2493185,23.0703271,460.90936279296875,1,-4.318662351576478,-1.1230863788901502,False,False,ACCESS_AND_BACKHAUL_FAIL
S002,Q2-003,S002-H011-Z300,109.2493185,23.0703271,560.9093627929688,1,-4.335136441562099,-1.1292775896781677,False,False,ACCESS_AND_BACKHAUL_FAIL
S002,Q2-003,S002-H012-Z100,109.2585519,23.0085095,432.3111267089844,1,-10.802339815794028,6.850883032631629,False,True,ACCESS_LINK_FAIL
S002,Q2-003,S002-H012-Z200,109.2585519,23.0085095,532.3111267089844,1,-10.807163793984898,6.815231216202292,False,True,ACCESS_LINK_FAIL
S002,Q2-003,S002-H012-Z300,109.2585519,23.0085095,632.3111267089844,1,-10.813814510404114,6.769357381850909,False,True,ACCESS_LINK_FAIL
S002,Q2-003,S002-H013-Z100,109.2585519,23.029115366666666,306.2164611816406,1,-7.277908784602502,4.703081873679608,False,True,ACCESS_LINK_FAIL
S002,Q2-003,S002-H013-Z200,109.2585519,23.029115366666666,406.2164611816406,1,-7.2835579492352736,4.689498552167834,False,True,ACCESS_LINK_FAIL
S002,Q2-003,S002-H013-Z300,109.2585519,23.029115366666666,506.2164611816406,1,-7.293321800859999,4.669478573825245,False,True,ACCESS_LINK_FAIL
S002,Q2-003,S002-H014-Z100,109.2585519,23.049721233333333,349.1667175292969,1,-1.2696405275619043,1.3101257638464574,False,True,ACCESS_LINK_FAIL
S002,Q2-003,S002-H014-Z200,109.2585519,23.049721233333333,449.1667175292969,1,-1.2991704996058786,1.3026206968713154,False,True,ACCESS_LINK_FAIL
S002,Q2-003,S002-H014-Z300,109.2585519,23.049721233333333,549.1667175292969,1,-1.3447406044668355,1.292152796867498,False,True,ACCESS_LINK_FAIL
S002,Q2-003,S002-H015-Z100,109.2585519,23.0703271,288.7942352294922,1,-4.929382494592048,-1.4820227094738385,False,False,ACCESS_AND_BACKHAUL_FAIL
S002,Q2-003,S002-H015-Z200,109.2585519,23.0703271,388.7942352294922,1,-4.931500812629025,-1.4850227843421493,False,False,ACCESS_AND_BACKHAUL_FAIL
S002,Q2-003,S002-H015-Z300,109.2585519,23.0703271,488.7942352294922,1,-4.940706046137237,-1.4895888252150087,False,False,ACCESS_AND_BACKHAUL_FAIL
S002,Q2-003,S002-H016-Z100,109.25542956029962,23.008630757806817,367.0286865234375,1,-10.792541722098463,7.900193811396406,False,True,ACCESS_LINK_FAIL
S002,Q2-003,S002-H016-Z200,109.25542956029962,23.008630757806817,467.0286865234375,1,-10.796176108192327,7.863658673815209,False,True,ACCESS_LINK_FAIL
S002,Q2-003,S002-H016-Z300,109.25542956029962,23.008630757806817,567.0286865234375,1,-10.801644688155733,7.814052806754205,False,True,ACCESS_LINK_FAIL
S002,Q2-003,S002-H017-Z100,109.2452181451498,23.013206448903407,370.28289794921875,1,-10.310141451121382,11.993604977988667,False,True,ACCESS_LINK_FAIL
S002,Q2-003,S002-H017-Z200,109.2452181451498,23.013206448903407,470.28289794921875,1,-10.314269482079325,11.899334900812406,False,True,ACCESS_LINK_FAIL
S002,Q2-003,S002-H017-Z300,109.2452181451498,23.013206448903407,570.2828979492188,1,-10.320446147992072,11.773703989862526,False,True,ACCESS_LINK_FAIL
S002,Q2-003,S002-H018-Z100,109.23500673000001,23.017782139999998,293.2533721923828,1,-10.069429078876738,14.92437397469729,False,True,ACCESS_LINK_FAIL
S002,Q2-003,S002-H018-Z200,109.23500673000001,23.017782139999998,393.2533721923828,1,-10.072118856824261,14.792149605033217,False,True,ACCESS_LINK_FAIL
S002,Q2-003,S002-H018-Z300,109.23500673000001,23.017782139999998,493.2533721923828,1,-10.076977908511026,14.599651172641956,False,True,ACCESS_LINK_FAIL
S002,Q2-003,S002-H019-Z100,109.22479531485021,23.02235783109659,295.2512969970703,1,-10.117335468278142,11.509714043756318,False,True,ACCESS_LINK_FAIL
S002,Q2-003,S002-H019-Z200,109.22479531485021,23.02235783109659,395.2512969970703,1,-10.120038683030515,11.448363706827621,False,True,ACCESS_LINK_FAIL
S002,Q2-003,S002-H019-Z300,109.22479531485021,23.02235783109659,495.2512969970703,1,-10.124887331752575,11.357563448147971,False,True,ACCESS_LINK_FAIL
S002,Q2-003,S002-H020-Z100,109.2145838997004,23.02693352219318,396.08453369140625,1,-10.445509048166457,7.475656226927697,False,True,ACCESS_LINK_FAIL
S002,Q2-003,S002-H020-Z200,109.2145838997004,23.02693352219318,496.08453369140625,1,-10.45002438716385,7.438949800342698,False,True,ACCESS_LINK_FAIL
S002,Q2-003,S002-H020-Z300,109.2145838997004,23.02693352219318,596.0845336914062,1,-10.456524261061944,7.390420334927882,False,True,ACCESS_LINK_FAIL
S002,Q2-003,S002-H021-Z100,109.26027709529961,23.019448837806816,409.3917541503906,1,-9.115695454344333,5.685251688118058,False,True,ACCESS_LINK_FAIL
S002,Q2-003,S002-H021-Z200,109.26027709529961,23.019448837806816,509.3917541503906,1,-9.122187146846528,5.65982934738625,False,True,ACCESS_LINK_FAIL
S002,Q2-003,S002-H021-Z300,109.26027709529961,23.019448837806816,609.3917541503906,1,-9.131368349284585,5.626477244543054,False,True,ACCESS_LINK_FAIL
S002,Q2-003,S002-H022-Z100,109.2500656801498,23.024024528903407,390.14532470703125,1,-8.41454349833721,7.555814359920021,False,True,ACCESS_LINK_FAIL
S002,Q2-003,S002-H022-Z200,109.2500656801498,23.024024528903407,490.14532470703125,1,-8.421560091455959,7.519168129401251,False,True,ACCESS_LINK_FAIL
S002,Q2-003,S002-H022-Z300,109.2500656801498,23.024024528903407,590.1453247070312,1,-8.431736552413284,7.470471861896186,False,True,ACCESS_LINK_FAIL
S002,Q2-003,S002-H023-Z100,109.239854265,23.028600219999998,249.8846435546875,1,-8.067136175963924,8.274115088822782,False,True,ACCESS_LINK_FAIL
S002,Q2-003,S002-H023-Z200,109.239854265,23.028600219999998,349.8846435546875,1,-8.06946460067465,8.251578311969354,False,True,ACCESS_LINK_FAIL
S002,Q2-003,S002-H023-Z300,109.239854265,23.028600219999998,449.8846435546875,1,-8.075675854728061,8.214488260461962,False,True,ACCESS_LINK_FAIL
S002,Q2-003,S002-H024-Z100,109.22964284985021,23.03317591109659,318.4639129638672,1,-8.175434522664787,7.156348546882242,False,True,ACCESS_LINK_FAIL
S002,Q2-003,S002-H024-Z200,109.22964284985021,23.03317591109659,418.4639129638672,1,-8.180440905614262,7.131082586096156,False,True,ACCESS_LINK_FAIL
S002,Q2-003,S002-H024-Z300,109.22964284985021,23.03317591109659,518.4639129638672,1,-8.188795229684033,7.094631813458136,False,True,ACCESS_LINK_FAIL
S002,Q2-003,S002-H025-Z100,109.2194314347004,23.03775160219318,365.0448913574219,1,-8.704089221995346,5.158953246021085,False,True,ACCESS_LINK_FAIL
S002,Q2-003,S002-H025-Z200,109.2194314347004,23.03775160219318,465.0448913574219,1,-8.709907351764542,5.139623010995209,False,True,ACCESS_LINK_FAIL
S002,Q2-003,S002-H025-Z300,109.2194314347004,23.03775160219318,565.0448913574219,1,-8.718686057724838,5.113201882097087,False,True,ACCESS_LINK_FAIL
S002,Q2-003,S002-H026-Z100,109.26512463029961,23.03026691780682,337.4042663574219,1,-7.131104240568618,3.3465443330144637,False,True,ACCESS_LINK_FAIL
S002,Q2-003,S002-H026-Z200,109.26512463029961,23.03026691780682,437.4042663574219,1,-7.138279362608955,3.335115669953055,False,True,ACCESS_LINK_FAIL
S002,Q2-003,S002-H026-Z300,109.26512463029961,23.03026691780682,537.4042663574219,1,-7.149703335399877,3.318970528608446,False,True,ACCESS_LINK_FAIL
S002,Q2-003,S002-H027-Z100,109.2549132151498,23.03484260890341,283.7828369140625,1,-6.016368515196433,4.285285347693147,False,True,ACCESS_LINK_FAIL
S002,Q2-003,S002-H027-Z200,109.2549132151498,23.03484260890341,383.7828369140625,1,-6.022681943338952,4.274271961764725,False,True,ACCESS_LINK_FAIL
S002,Q2-003,S002-H027-Z300,109.2549132151498,23.03484260890341,483.7828369140625,1,-6.034495079038109,4.257394325026624,False,True,ACCESS_LINK_FAIL
S002,Q2-003,S002-H028-Z100,109.2447018,23.0394183,284.5447540283203,1,-5.461188449314264,4.534260637209215,False,True,ACCESS_LINK_FAIL
S002,Q2-003,S002-H028-Z200,109.2447018,23.0394183,384.5447540283203,1,-5.468409886591033,4.522550603919157,False,True,ACCESS_LINK_FAIL
S002,Q2-003,S002-H028-Z300,109.2447018,23.0394183,484.5447540283203,1,-5.481876275749855,4.5046345380199,False,True,ACCESS_LINK_FAIL
S002,Q2-003,S002-H029-Z100,109.2344903848502,23.043993991096592,329.3142547607422,1,-5.712800303519359,3.9756636705251225,False,True,ACCESS_LINK_FAIL
S002,Q2-003,S002-H029-Z200,109.2344903848502,23.043993991096592,429.3142547607422,1,-5.722264831546653,3.962901334680353,False,True,ACCESS_LINK_FAIL
S002,Q2-003,S002-H029-Z300,109.2344903848502,23.043993991096592,529.3142547607422,1,-5.7376076771301285,3.944693872206784,False,True,ACCESS_LINK_FAIL
S002,Q2-003,S002-H030-Z100,109.22427896970039,23.048569682193182,304.15309143066406,1,-6.646570365312712,2.866634704723211,False,True,ACCESS_LINK_FAIL
S002,Q2-003,S002-H030-Z200,109.22427896970039,23.048569682193182,404.15309143066406,1,-6.653004265922974,2.8578185182522873,False,True,ACCESS_LINK_FAIL
S002,Q2-003,S002-H030-Z300,109.22427896970039,23.048569682193182,504.15309143066406,1,-6.6641935695471375,2.8447649331087064,False,True,ACCESS_LINK_FAIL
S002,Q2-003,S002-H031-Z100,109.2699721652996,23.04108499780682,463.4280090332031,1,-4.845487377179154,1.2842403002785545,False,True,ACCESS_LINK_FAIL
S002,Q2-003,S002-H031-Z200,109.2699721652996,23.04108499780682,563.4280090332031,1,-4.866713334928804,1.2733941249496326,False,True,ACCESS_LINK_FAIL
S002,Q2-003,S002-H031-Z300,109.2699721652996,23.04108499780682,663.4280090332031,1,-4.89499905664124,1.2596214041937372,False,True,ACCESS_LINK_FAIL
S002,Q2-003,S002-H032-Z100,109.2597607501498,23.04566068890341,325.7554626464844,1,-2.8333835515115453,1.8208831749835497,False,True,ACCESS_LINK_FAIL
S002,Q2-003,S002-H032-Z200,109.2597607501498,23.04566068890341,425.7554626464844,1,-2.8513241243925904,1.813227513035855,False,True,ACCESS_LINK_FAIL
S002,Q2-003,S002-H032-Z300,109.2597607501498,23.04566068890341,525.7554626464844,1,-2.8805867678857737,1.8022385363787663,False,True,ACCESS_LINK_FAIL
S002,Q2-003,S002-H033-Z100,109.249549335,23.05023638,274.8787384033203,1,-1.7204065818847738,1.9306776656914764,False,True,ACCESS_LINK_FAIL
S002,Q2-003,S002-H033-Z200,109.249549335,23.05023638,374.8787384033203,1,-1.7360440709144456,1.9245765245885735,False,True,ACCESS_LINK_FAIL
S002,Q2-003,S002-H033-Z300,109.249549335,23.05023638,474.8787384033203,1,-1.7663600211706836,1.9150490478822917,False,True,ACCESS_LINK_FAIL
S002,Q2-003,S002-H034-Z100,109.2393379198502,23.054812071096592,370.2748107910156,1,-2.421445656421028,1.5822083238240907,False,True,ACCESS_LINK_FAIL
S002,Q2-003,S002-H034-Z200,109.2393379198502,23.054812071096592,470.2748107910156,1,-2.4467697918854725,1.5735484756551301,False,True,ACCESS_LINK_FAIL
S002,Q2-003,S002-H034-Z300,109.2393379198502,23.054812071096592,570.2748107910156,1,-2.4844329518257666,1.5617394370652988,False,True,ACCESS_LINK_FAIL
S002,Q2-003,S002-H035-Z100,109.22912650470039,23.059387762193182,310.83213806152344,1,-4.290080221218517,0.8855838833371479,False,True,ACCESS_LINK_FAIL
S002,Q2-003,S002-H035-Z200,109.22912650470039,23.059387762193182,410.83213806152344,1,-4.301691739011375,0.8798141518565643,False,True,ACCESS_LINK_FAIL
S002,Q2-003,S002-H035-Z300,109.22912650470039,23.059387762193182,510.83213806152344,1,-4.321447538632768,0.871351185159142,False,True,ACCESS_LINK_FAIL
S002,Q2-003,S002-H036-Z100,109.2748197002996,23.05190307780682,395.88800048828125,1,-4.225385257500136,-0.4485401100632487,False,False,ACCESS_AND_BACKHAUL_FAIL
S002,Q2-003,S002-H036-Z200,109.2748197002996,23.05190307780682,495.88800048828125,1,-4.236804509761157,-0.4544772331439333,False,False,ACCESS_AND_BACKHAUL_FAIL
S002,Q2-003,S002-H036-Z300,109.2748197002996,23.05190307780682,595.8880004882812,1,-4.2564923690162,-0.46239278862898914,False,False,ACCESS_AND_BACKHAUL_FAIL
S002,Q2-003,S002-H037-Z100,109.26460828514979,23.05647876890341,385.88763427734375,1,-2.3079644386568674,-0.12281480028433123,False,False,ACCESS_AND_BACKHAUL_FAIL
S002,Q2-003,S002-H037-Z200,109.26460828514979,23.05647876890341,485.88763427734375,1,-2.3244154794746947,-0.12899953930974561,False,False,ACCESS_AND_BACKHAUL_FAIL
S002,Q2-003,S002-H037-Z300,109.26460828514979,23.05647876890341,585.8876342773438,1,-2.353672490312121,-0.13731646116289653,False,False,ACCESS_AND_BACKHAUL_FAIL
S002,Q2-003,S002-H038-Z100,109.25439687,23.06105446,340.9429016113281,1,-1.5942595899880416,-0.07289585333039383,False,False,ACCESS_AND_BACKHAUL_FAIL
S002,Q2-003,S002-H038-Z200,109.25439687,23.06105446,440.9429016113281,1,-1.606789210621244,-0.07817694005446185,False,False,ACCESS_AND_BACKHAUL_FAIL
S002,Q2-003,S002-H038-Z300,109.25439687,23.06105446,540.9429016113281,1,-1.634472472958521,-0.08561823541822378,False,False,ACCESS_AND_BACKHAUL_FAIL
S002,Q2-003,S002-H039-Z100,109.2441854548502,23.06563015109659,281.9665832519531,1,-2.7281468849019745,-0.30965722271218965,False,False,ACCESS_AND_BACKHAUL_FAIL
S002,Q2-003,S002-H039-Z200,109.2441854548502,23.06563015109659,381.9665832519531,1,-2.730858618889812,-0.31344625395082915,False,False,ACCESS_AND_BACKHAUL_FAIL
S002,Q2-003,S002-H039-Z300,109.2441854548502,23.06563015109659,481.9665832519531,1,-2.745325537003481,-0.3192850862286747,False,False,ACCESS_AND_BACKHAUL_FAIL
S002,Q2-003,S002-H040-Z100,109.23397403970039,23.070205842193182,336.3565673828125,1,-4.7599990054252,-0.7938140644881457,False,False,ACCESS_AND_BACKHAUL_FAIL
S002,Q2-003,S002-H040-Z200,109.23397403970039,23.070205842193182,436.3565673828125,1,-4.7657099145992134,-0.7982035061684769,False,False,ACCESS_AND_BACKHAUL_FAIL
S002,Q2-003,S002-H040-Z300,109.23397403970039,23.070205842193182,536.3565673828125,1,-4.778770777497371,-0.8044245727776058,False,False,ACCESS_AND_BACKHAUL_FAIL
S003,Q2-005,S003-H000-Z100,109.1688578,23.0085095,375.31549072265625,1,-5.026157825998325,-0.1084746591136252,False,False,ACCESS_AND_BACKHAUL_FAIL
S003,Q2-005,S003-H000-Z200,109.1688578,23.0085095,475.31549072265625,1,-5.020578227020465,-0.11445235891306993,False,False,ACCESS_AND_BACKHAUL_FAIL
S003,Q2-005,S003-H000-Z300,109.1688578,23.0085095,575.3154907226562,1,-5.033548322899591,-0.12257010393176415,False,False,ACCESS_AND_BACKHAUL_FAIL
S003,Q2-005,S003-H001-Z100,109.1688578,23.0190968,600.45263671875,1,-3.6060642401045584,-0.271204154618772,False,False,ACCESS_AND_BACKHAUL_FAIL
S003,Q2-005,S003-H001-Z200,109.1688578,23.0190968,700.45263671875,1,-3.6145927911522193,-0.2816261176792807,False,False,ACCESS_AND_BACKHAUL_FAIL
S003,Q2-005,S003-H001-Z300,109.1688578,23.0190968,800.45263671875,1,-3.6326864279520095,-0.29408818362767875,False,False,ACCESS_AND_BACKHAUL_FAIL
S003,Q2-005,S003-H002-Z100,109.1688578,23.0296841,483.547119140625,1,-3.4408039313890697,-0.6738500863152126,False,False,ACCESS_AND_BACKHAUL_FAIL
S003,Q2-005,S003-H002-Z200,109.1688578,23.0296841,583.547119140625,1,-3.4379762913937526,-0.6811430213682996,False,False,ACCESS_AND_BACKHAUL_FAIL
S003,Q2-005,S003-H002-Z300,109.1688578,23.0296841,683.547119140625,1,-3.44515191662785,-0.6903086816526809,False,False,ACCESS_AND_BACKHAUL_FAIL
S003,Q2-005,S003-H003-Z100,109.1688578,23.0402714,408.51068115234375,1,-4.519410565342824,-1.2806234955839813,False,False,ACCESS_AND_BACKHAUL_FAIL
S003,Q2-005,S003-H003-Z200,109.1688578,23.0402714,508.51068115234375,1,-4.511342453876779,-1.285733424449674,False,False,ACCESS_AND_BACKHAUL_FAIL
S003,Q2-005,S003-H003-Z300,109.1688578,23.0402714,608.5106811523438,1,-4.511084959694415,-1.2924782060574387,False,False,ACCESS_AND_BACKHAUL_FAIL
S003,Q2-005,S003-H004-Z100,109.18952243333334,23.0085095,440.8286437988281,1,-6.348808858004105,3.3981303601482864,False,True,ACCESS_LINK_FAIL
S003,Q2-005,S003-H004-Z200,109.18952243333334,23.0085095,540.8286437988281,1,-6.355538237651842,3.381584884234911,False,True,ACCESS_LINK_FAIL
S003,Q2-005,S003-H004-Z300,109.18952243333334,23.0085095,640.8286437988281,1,-6.368420888258385,3.360310306960841,False,True,ACCESS_LINK_FAIL
S003,Q2-005,S003-H005-Z100,109.18952243333334,23.0190968,568.8877563476562,1,-4.084545506649434,3.055158763292809,False,True,ACCESS_LINK_FAIL
S003,Q2-005,S003-H005-Z200,109.18952243333334,23.0190968,668.8877563476562,1,-4.108663148691477,3.034174340874557,False,True,ACCESS_LINK_FAIL
S003,Q2-005,S003-H005-Z300,109.18952243333334,23.0190968,768.8877563476562,1,-4.14116968264095,3.0088716119166747,False,True,ACCESS_LINK_FAIL
S003,Q2-005,S003-H006-Z100,109.18952243333334,23.0296841,428.4970703125,1,-1.7457519659910332,2.232214019925067,False,True,ACCESS_LINK_FAIL
S003,Q2-005,S003-H006-Z200,109.18952243333334,23.0296841,528.4970703125,1,-1.759274964865753,2.220012620787699,False,True,ACCESS_LINK_FAIL
S003,Q2-005,S003-H006-Z300,109.18952243333334,23.0296841,628.4970703125,1,-1.794492032455608,2.204173954096433,False,True,ACCESS_LINK_FAIL
S003,Q2-005,S003-H007-Z100,109.18952243333334,23.0402714,603.8018798828125,1,-0.6282669401652612,1.0921901591227083,False,True,ACCESS_LINK_FAIL
S003,Q2-005,S003-H007-Z200,109.18952243333334,23.0402714,703.8018798828125,1,-0.6881274201192156,1.0778360628642787,False,True,ACCESS_LINK_FAIL
S003,Q2-005,S003-H007-Z300,109.18952243333334,23.0402714,803.8018798828125,1,-0.7657345833147531,1.0607079569062705,False,True,ACCESS_LINK_FAIL
S003,Q2-005,S003-H008-Z100,109.21018706666666,23.0085095,351.0184326171875,1,-8.884509131597113,9.399585857996072,False,True,ACCESS_LINK_FAIL
S003,Q2-005,S003-H008-Z200,109.21018706666666,23.0085095,451.0184326171875,1,-8.879969684056647,9.351119920496345,False,True,ACCESS_LINK_FAIL
S003,Q2-005,S003-H008-Z300,109.21018706666666,23.0085095,551.0184326171875,1,-8.884613876600213,9.284412303363979,False,True,ACCESS_LINK_FAIL
S003,Q2-005,S003-H009-Z100,109.21018706666666,23.0190968,353.09954833984375,1,-7.761263715582089,8.236240900737158,False,True,ACCESS_LINK_FAIL
S003,Q2-005,S003-H009-Z200,109.21018706666666,23.0190968,453.09954833984375,1,-7.7556327081939,8.198811901837047,False,True,ACCESS_LINK_FAIL
S003,Q2-005,S003-H009-Z300,109.21018706666666,23.0190968,553.0995483398438,1,-7.761725235674419,8.147258818145446,False,True,ACCESS_LINK_FAIL
S003,Q2-005,S003-H010-Z100,109.21018706666666,23.0296841,427.85040283203125,1,-6.909101776851813,5.904511486883251,False,True,ACCESS_LINK_FAIL
S003,Q2-005,S003-H010-Z200,109.21018706666666,23.0296841,527.8504028320312,1,-6.913130709967874,5.876198651768831,False,True,ACCESS_LINK_FAIL
S003,Q2-005,S003-H010-Z300,109.21018706666666,23.0296841,627.8504028320312,1,-6.923881001866931,5.839584834269161,False,True,ACCESS_LINK_FAIL
S003,Q2-005,S003-H011-Z100,109.21018706666666,23.0402714,471.8526916503906,1,-6.585378313742709,3.628095466246222,False,True,ACCESS_LINK_FAIL
S003,Q2-005,S003-H011-Z200,109.21018706666666,23.0402714,571.8526916503906,1,-6.594260953334356,3.609078378536168,False,True,ACCESS_LINK_FAIL
S003,Q2-005,S003-H011-Z300,109.21018706666666,23.0402714,671.8526916503906,1,-6.6079525242171115,3.585097601128794,False,True,ACCESS_LINK_FAIL
S003,Q2-005,S003-H012-Z100,109.2308517,23.0085095,228.7255401611328,1,-11.284152230366658,37.773336466538254,False,True,ACCESS_LINK_FAIL
S003,Q2-005,S003-H012-Z200,109.2308517,23.0085095,328.7255401611328,1,-11.279496783707998,30.79097812489792,False,True,ACCESS_LINK_FAIL
S003,Q2-005,S003-H012-Z300,109.2308517,23.0085095,428.7255401611328,1,-11.276483254828577,26.970859340833385,False,True,ACCESS_LINK_FAIL
S003,Q2-005,S003-H013-Z100,109.2308517,23.0190968,242.08505249023438,1,-10.672849925660614,14.500532922447547,False,True,ACCESS_LINK_FAIL
S003,Q2-005,S003-H013-Z200,109.2308517,23.0190968,342.0850524902344,1,-10.667743479304619,14.41154008022015,False,True,ACCESS_LINK_FAIL
S003,Q2-005,S003-H013-Z300,109.2308517,23.0190968,442.0850524902344,1,-10.664527198712875,14.264946436993839,False,True,ACCESS_LINK_FAIL
S003,Q2-005,S003-H014-Z100,109.2308517,23.0296841,265.83277893066406,1,-10.259005494800107,8.496840548977815,False,True,ACCESS_LINK_FAIL
S003,Q2-005,S003-H014-Z200,109.2308517,23.0296841,365.83277893066406,1,-10.253883054815788,8.470642877340083,False,True,ACCESS_LINK_FAIL
S003,Q2-005,S003-H014-Z300,109.2308517,23.0296841,465.83277893066406,1,-10.251570384780706,8.4291879087736,False,True,ACCESS_LINK_FAIL
S003,Q2-005,S003-H015-Z100,109.2308517,23.0402714,314.4264678955078,1,-10.10948584492317,4.9762664738981215,False,True,ACCESS_LINK_FAIL
S003,Q2-005,S003-H015-Z200,109.2308517,23.0402714,414.4264678955078,1,-10.105231830992281,4.961234238695866,False,True,ACCESS_LINK_FAIL
S003,Q2-005,S003-H015-Z300,109.2308517,23.0402714,514.4264678955078,1,-10.106226853591693,4.939359123084472,False,True,ACCESS_LINK_FAIL
S003,Q2-005,S003-H016-Z100,109.2322402463115,23.034134248220447,263.29844665527344,1,-10.352171597467901,6.83295639241085,False,True,ACCESS_LINK_FAIL
S003,Q2-005,S003-H016-Z200,109.2322402463115,23.034134248220447,363.29844665527344,1,-10.347106250336182,6.815348474898997,False,True,ACCESS_LINK_FAIL
S003,Q2-005,S003-H016-Z300,109.2322402463115,23.034134248220447,463.29844665527344,1,-10.34467550678329,6.787255884829463,False,True,ACCESS_LINK_FAIL
S003,Q2-005,S003-H017-Z100,109.22689643065576,23.023704016610225,240.2158660888672,1,-9.940660888927766,11.135600803694842,False,True,ACCESS_LINK_FAIL
S003,Q2-005,S003-H017-Z200,109.22689643065576,23.023704016610225,340.2158660888672,1,-9.934574131199213,11.094898090284644,False,True,ACCESS_LINK_FAIL
S003,Q2-005,S003-H017-Z300,109.22689643065576,23.023704016610225,440.2158660888672,1,-9.93072414242343,11.026500252038403,False,True,ACCESS_LINK_FAIL
S003,Q2-005,S003-H018-Z100,109.22155261500001,23.013273785,278.2791748046875,1,-9.872557052551628,15.141181859116742,False,True,ACCESS_LINK_FAIL
S003,Q2-005,S003-H018-Z200,109.22155261500001,23.013273785,378.2791748046875,1,-9.867241111361537,15.01277550827156,False,True,ACCESS_LINK_FAIL
S003,Q2-005,S003-H018-Z300,109.22155261500001,23.013273785,478.2791748046875,1,-9.86563005495212,14.820501488621673,False,True,ACCESS_LINK_FAIL
S003,Q2-005,S003-H019-Z100,109.21620879934426,23.002843553389773,264.9961700439453,1,-10.170987779540653,11.702255650140216,False,True,ACCESS_LINK_FAIL
S003,Q2-005,S003-H019-Z200,109.21620879934426,23.002843553389773,364.9961700439453,1,-10.165742611321349,11.64790210913361,False,True,ACCESS_LINK_FAIL
S003,Q2-005,S003-H019-Z300,109.21620879934426,23.002843553389773,464.9961700439453,1,-10.163324964386845,11.562446621501621,False,True,ACCESS_LINK_FAIL
S003,Q2-005,S003-H020-Z100,109.21086498368851,22.99241332177955,337.0365905761719,1,-10.761747503198421,7.239474607002052,False,True,ACCESS_LINK_FAIL
S003,Q2-005,S003-H020-Z200,109.21086498368851,22.99241332177955,437.0365905761719,1,-10.758506459591757,7.2115622195891405,False,True,ACCESS_LINK_FAIL
S003,Q2-005,S003-H020-Z300,109.21086498368851,22.99241332177955,537.0365905761719,1,-10.760718183795277,7.172292415499868,False,True,ACCESS_LINK_FAIL
S003,Q2-005,S003-H021-Z100,109.2213913138115,23.03969258072045,366.1546630859375,1,-8.67100731332657,4.803618677429569,False,True,ACCESS_LINK_FAIL
S003,Q2-005,S003-H021-Z200,109.2213913138115,23.03969258072045,466.1546630859375,1,-8.667708497765005,4.785730138259623,False,True,ACCESS_LINK_FAIL
S003,Q2-005,S003-H021-Z300,109.2213913138115,23.03969258072045,566.1546630859375,1,-8.673039096535177,4.761297427531062,False,True,ACCESS_LINK_FAIL
S003,Q2-005,S003-H022-Z100,109.21604749815575,23.029262349110226,363.89959716796875,1,-8.01009770241096,7.0991514069450545,False,True,ACCESS_LINK_FAIL
S003,Q2-005,S003-H022-Z200,109.21604749815575,23.029262349110226,463.89959716796875,1,-8.006001506665257,7.0691006151839275,False,True,ACCESS_LINK_FAIL
S003,Q2-005,S003-H022-Z300,109.21604749815575,23.029262349110226,563.8995971679688,1,-8.012130071248237,7.028097867213788,False,True,ACCESS_LINK_FAIL
S003,Q2-005,S003-H023-Z100,109.2107036825,23.0188321175,381.89190673828125,1,-7.866947309503843,8.444752705849552,False,True,ACCESS_LINK_FAIL
S003,Q2-005,S003-H023-Z200,109.2107036825,23.0188321175,481.89190673828125,1,-7.86481542070598,8.40108718333488,False,True,ACCESS_LINK_FAIL
S003,Q2-005,S003-H023-Z300,109.2107036825,23.0188321175,581.8919067382812,1,-7.871795245250567,8.342746245222358,False,True,ACCESS_LINK_FAIL
S003,Q2-005,S003-H024-Z100,109.20535986684425,23.008401885889775,383.44830322265625,1,-8.29441551999922,7.5806640391823805,False,True,ACCESS_LINK_FAIL
S003,Q2-005,S003-H024-Z200,109.20535986684425,23.008401885889775,483.44830322265625,1,-8.292648224149104,7.544648920178446,False,True,ACCESS_LINK_FAIL
S003,Q2-005,S003-H024-Z300,109.20535986684425,23.008401885889775,583.4483032226562,1,-8.299024580361106,7.496498954242128,False,True,ACCESS_LINK_FAIL
S003,Q2-005,S003-H025-Z100,109.2000160511885,22.997971654279553,353.54351806640625,1,-9.15113617981774,5.385979388315718,False,True,ACCESS_LINK_FAIL
S003,Q2-005,S003-H025-Z200,109.2000160511885,22.997971654279553,453.54351806640625,1,-9.147086669616243,5.366488383317574,False,True,ACCESS_LINK_FAIL
S003,Q2-005,S003-H025-Z300,109.2000160511885,22.997971654279553,553.5435180664062,1,-9.151521783962636,5.339523673255684,False,True,ACCESS_LINK_FAIL
S003,Q2-005,S003-H026-Z100,109.2105423813115,23.045250913220446,437.60894775390625,1,-6.731576912928148,2.7038115485482876,False,True,ACCESS_LINK_FAIL
S003,Q2-005,S003-H026-Z200,109.2105423813115,23.045250913220446,537.6089477539062,1,-6.737251551214612,2.6898388040482217,False,True,ACCESS_LINK_FAIL
S003,Q2-005,S003-H026-Z300,109.2105423813115,23.045250913220446,637.6089477539062,1,-6.748901347804818,2.671821811233869,False,True,ACCESS_LINK_FAIL
S003,Q2-005,S003-H027-Z100,109.20519856565575,23.034820681610224,510.33026123046875,1,-5.586627379279676,4.018784662013047,False,True,ACCESS_LINK_FAIL
S003,Q2-005,S003-H027-Z200,109.20519856565575,23.034820681610224,610.3302612304688,1,-5.600145575869959,3.9958480643378778,False,True,ACCESS_LINK_FAIL
S003,Q2-005,S003-H027-Z300,109.20519856565575,23.034820681610224,710.3302612304688,1,-5.619683205065556,3.9675205355171386,False,True,ACCESS_LINK_FAIL
S003,Q2-005,S003-H028-Z100,109.19985475,23.02439045,547.5720520019531,1,-5.268801011693256,4.6932166243123845,False,True,ACCESS_LINK_FAIL
S003,Q2-005,S003-H028-Z200,109.19985475,23.02439045,647.5720520019531,1,-5.285780632863734,4.664029768911945,False,True,ACCESS_LINK_FAIL
S003,Q2-005,S003-H028-Z300,109.19985475,23.02439045,747.5720520019531,1,-5.30920503871134,4.6286194616236855,False,True,ACCESS_LINK_FAIL
S003,Q2-005,S003-H029-Z100,109.19451093434425,23.013960218389773,521.1932678222656,1,-5.95378502578005,4.379941425848443,False,True,ACCESS_LINK_FAIL
S003,Q2-005,S003-H029-Z200,109.19451093434425,23.013960218389773,621.1932678222656,1,-5.966816404742744,4.354367457818455,False,True,ACCESS_LINK_FAIL
S003,Q2-005,S003-H029-Z300,109.19451093434425,23.013960218389773,721.1932678222656,1,-5.985380365175786,4.322961402733412,False,True,ACCESS_LINK_FAIL
S003,Q2-005,S003-H030-Z100,109.1891671186885,23.00352998677955,358.0,1,-7.2874279705133205,3.2616758031756774,False,True,ACCESS_LINK_FAIL
S003,Q2-005,S003-H030-Z200,109.1891671186885,23.00352998677955,458.0,1,-7.281801896676683,3.2495063818975467,False,True,ACCESS_LINK_FAIL
S003,Q2-005,S003-H030-Z300,109.1891671186885,23.00352998677955,558.0,1,-7.288798325734476,3.2327178780289074,False,True,ACCESS_LINK_FAIL
S003,Q2-005,S003-H031-Z100,109.1996934488115,23.050809245720448,590.6868591308594,1,-4.6221168164357636,0.8283816316061632,False,True,ACCESS_LINK_FAIL
S003,Q2-005,S003-H031-Z200,109.1996934488115,23.050809245720448,690.6868591308594,1,-4.645086324913109,0.8152217453337585,False,True,ACCESS_LINK_FAIL
S003,Q2-005,S003-H031-Z300,109.1996934488115,23.050809245720448,790.6868591308594,1,-4.67546969755486,0.7994450890980289,False,True,ACCESS_LINK_FAIL
S003,Q2-005,S003-H032-Z100,109.19434963315575,23.040379014110226,530.8698425292969,1,-2.4075680536517723,1.686810537501188,False,True,ACCESS_LINK_FAIL
S003,Q2-005,S003-H032-Z200,109.19434963315575,23.040379014110226,630.8698425292969,1,-2.438217679911986,1.6727218209693433,False,True,ACCESS_LINK_FAIL
S003,Q2-005,S003-H032-Z300,109.19434963315575,23.040379014110226,730.8698425292969,1,-2.4811478145538786,1.6554431502185878,False,True,ACCESS_LINK_FAIL
S003,Q2-005,S003-H033-Z100,109.1890058175,23.0299487825,416.4599304199219,1,-1.5291325099061055,2.1258627081493273,False,True,ACCESS_LINK_FAIL
S003,Q2-005,S003-H033-Z200,109.1890058175,23.0299487825,516.4599304199219,1,-1.5373156990413293,2.1143887579455907,False,True,ACCESS_LINK_FAIL
S003,Q2-005,S003-H033-Z300,109.1890058175,23.0299487825,616.4599304199219,1,-1.5725205334131118,2.099361173079984,False,True,ACCESS_LINK_FAIL
S003,Q2-005,S003-H034-Z100,109.18366200184425,23.019518550889774,517.8198852539062,1,-2.8925788739881995,1.9728499967394555,False,True,ACCESS_LINK_FAIL
S003,Q2-005,S003-H034-Z200,109.18366200184425,23.019518550889774,617.8198852539062,1,-2.9185279869790293,1.9582563059773008,False,True,ACCESS_LINK_FAIL
S003,Q2-005,S003-H034-Z300,109.18366200184425,23.019518550889774,717.8198852539062,1,-2.9555236530415954,1.9402565928905773,False,True,ACCESS_LINK_FAIL
S003,Q2-005,S003-H035-Z100,109.1783181861885,23.009088319279552,468.3494873046875,1,-5.186065542120986,1.3193225241464575,False,True,ACCESS_LINK_FAIL
S003,Q2-005,S003-H035-Z200,109.1783181861885,23.009088319279552,568.3494873046875,1,-5.198086477288996,1.3082415413764465,False,True,ACCESS_LINK_FAIL
S003,Q2-005,S003-H035-Z300,109.1783181861885,23.009088319279552,668.3494873046875,1,-5.2167253816424335,1.294211567998886,False,True,ACCESS_LINK_FAIL
S003,Q2-005,S003-H036-Z100,109.18884451631149,23.05636757822045,514.3757629394531,1,-4.983454419317496,-0.7695200620848937,False,False,ACCESS_AND_BACKHAUL_FAIL
S003,Q2-005,S003-H036-Z200,109.18884451631149,23.05636757822045,614.3757629394531,1,-4.983634758430526,-0.7772237340746528,False,False,ACCESS_AND_BACKHAUL_FAIL
S003,Q2-005,S003-H036-Z300,109.18884451631149,23.05636757822045,714.3757629394531,1,-4.990821651036825,-0.786757308043704,False,False,ACCESS_AND_BACKHAUL_FAIL
S003,Q2-005,S003-H037-Z100,109.18350070065574,23.045937346610227,444.5500793457031,1,-2.553232656602603,-0.17099043440248352,False,False,ACCESS_AND_BACKHAUL_FAIL
S003,Q2-005,S003-H037-Z200,109.18350070065574,23.045937346610227,544.5500793457031,1,-2.5449714207616125,-0.17835100469712017,False,False,ACCESS_AND_BACKHAUL_FAIL
S003,Q2-005,S003-H037-Z300,109.18350070065574,23.045937346610227,644.5500793457031,1,-2.548995772131434,-0.18781534236202901,False,False,ACCESS_AND_BACKHAUL_FAIL
S003,Q2-005,S003-H038-Z100,109.17815688499999,23.035507115,423.78759765625,1,-1.0890451519752418,0.12791640533377802,False,True,ACCESS_LINK_FAIL
S003,Q2-005,S003-H038-Z200,109.17815688499999,23.035507115,523.78759765625,1,-1.0738867202835394,0.12050343928348184,False,True,ACCESS_LINK_FAIL
S003,Q2-005,S003-H038-Z300,109.17815688499999,23.035507115,623.78759765625,1,-1.075953656043012,0.11083619761048169,False,True,ACCESS_LINK_FAIL
S003,Q2-005,S003-H039-Z100,109.17281306934424,23.025076883389776,539.1664428710938,1,-2.0416022712698805,0.053763066232463075,False,True,ACCESS_LINK_FAIL
S003,Q2-005,S003-H039-Z200,109.17281306934424,23.025076883389776,639.1664428710938,1,-2.0453783446081246,0.04389987300839948,False,True,ACCESS_LINK_FAIL
S003,Q2-005,S003-H039-Z300,109.17281306934424,23.025076883389776,739.1664428710938,1,-2.062911614046186,0.03183299726173061,False,True,ACCESS_LINK_FAIL
S003,Q2-005,S003-H040-Z100,109.1674692536885,23.014646651779554,560.1470336914062,1,-4.403249737162426,-0.36041486624503705,False,False,ACCESS_AND_BACKHAUL_FAIL
S003,Q2-005,S003-H040-Z200,109.1674692536885,23.014646651779554,660.1470336914062,1,-4.407122766706024,-0.36980750426002373,False,False,ACCESS_AND_BACKHAUL_FAIL
S003,Q2-005,S003-H040-Z300,109.1674692536885,23.014646651779554,760.1470336914062,1,-4.418985860818083,-0.38120390536025184,False,False,ACCESS_AND_BACKHAUL_FAIL
S004,Q2-007,S004-H000-Z100,109.2308517,23.0085095,228.7255401611328,1,-11.837496612802141,37.773336466538254,False,True,ACCESS_LINK_FAIL
S004,Q2-007,S004-H000-Z200,109.2308517,23.0085095,328.7255401611328,1,-11.836147048217441,30.79097812489792,False,True,ACCESS_LINK_FAIL
S004,Q2-007,S004-H000-Z300,109.2308517,23.0085095,428.7255401611328,1,-11.83832392985795,26.970859340833385,False,True,ACCESS_LINK_FAIL
S004,Q2-007,S004-H001-Z100,109.2308517,23.031620133333334,305.02532958984375,1,-8.365480220121825,7.731579733397069,False,True,ACCESS_LINK_FAIL
S004,Q2-007,S004-H001-Z200,109.2308517,23.031620133333334,405.02532958984375,1,-8.369106736006174,7.704497012852016,False,True,ACCESS_LINK_FAIL
S004,Q2-007,S004-H001-Z300,109.2308517,23.031620133333334,505.02532958984375,1,-8.376392277410972,7.664659570045359,False,True,ACCESS_LINK_FAIL
S004,Q2-007,S004-H002-Z100,109.2308517,23.054730766666665,317.14564514160156,1,-2.6112065262195188,1.7225088956196828,False,True,ACCESS_LINK_FAIL
S004,Q2-007,S004-H002-Z200,109.2308517,23.054730766666665,417.14564514160156,1,-2.6279871885066655,1.7153068727550362,False,True,ACCESS_LINK_FAIL
S004,Q2-007,S004-H002-Z300,109.2308517,23.054730766666665,517.1456451416016,1,-2.6567028499630254,1.7048442344322297,False,True,ACCESS_LINK_FAIL
S004,Q2-007,S004-H003-Z100,109.2308517,23.0778414,394.42803955078125,1,-5.659270109898259,-1.7990442442837633,False,False,ACCESS_AND_BACKHAUL_FAIL
S004,Q2-007,S004-H003-Z200,109.2308517,23.0778414,494.42803955078125,1,-5.662041569595601,-1.8033741101426983,False,False,ACCESS_AND_BACKHAUL_FAIL
S004,Q2-007,S004-H003-Z300,109.2308517,23.0778414,594.4280395507812,1,-5.670801665764529,-1.8091564435166703,False,False,ACCESS_AND_BACKHAUL_FAIL
S004,Q2-007,S004-H004-Z100,109.2332916,23.0085095,267.42921447753906,1,-11.814032301163081,27.098047086991926,False,True,ACCESS_LINK_FAIL
S004,Q2-007,S004-H004-Z200,109.2332916,23.0085095,367.42921447753906,1,-11.81419566131811,25.506580508064914,False,True,ACCESS_LINK_FAIL
S004,Q2-007,S004-H004-Z300,109.2332916,23.0085095,467.42921447753906,1,-11.816946330123997,23.78180134183863,False,True,ACCESS_LINK_FAIL
S004,Q2-007,S004-H005-Z100,109.2332916,23.031620133333334,308.95465087890625,1,-8.314890057272777,7.690100262231624,False,True,ACCESS_LINK_FAIL
S004,Q2-007,S004-H005-Z200,109.2332916,23.031620133333334,408.95465087890625,1,-8.318904148516125,7.662767360893014,False,True,ACCESS_LINK_FAIL
S004,Q2-007,S004-H005-Z300,109.2332916,23.031620133333334,508.95465087890625,1,-8.326401944997485,7.622806961152065,False,True,ACCESS_LINK_FAIL
S004,Q2-007,S004-H006-Z100,109.2332916,23.054730766666665,326.84812927246094,1,-2.419345564233069,1.7117251671662643,False,True,ACCESS_LINK_FAIL
S004,Q2-007,S004-H006-Z200,109.2332916,23.054730766666665,426.84812927246094,1,-2.438105488767661,1.7042236260819266,False,True,ACCESS_LINK_FAIL
S004,Q2-007,S004-H006-Z300,109.2332916,23.054730766666665,526.8481292724609,1,-2.469314166735117,1.693471043071213,False,True,ACCESS_LINK_FAIL
S004,Q2-007,S004-H007-Z100,109.2332916,23.0778414,350.5910339355469,1,-5.621335808998737,-1.80215650335046,False,False,ACCESS_AND_BACKHAUL_FAIL
S004,Q2-007,S004-H007-Z200,109.2332916,23.0778414,450.5910339355469,1,-5.621478208665394,-1.805844327193384,False,False,ACCESS_AND_BACKHAUL_FAIL
S004,Q2-007,S004-H007-Z300,109.2332916,23.0778414,550.5910339355469,1,-5.62767083782137,-1.810985188808445,False,False,ACCESS_AND_BACKHAUL_FAIL
S004,Q2-007,S004-H008-Z100,109.2357315,23.0085095,286.5278015136719,1,-11.800063567926415,21.65282559568061,False,True,ACCESS_LINK_FAIL
S004,Q2-007,S004-H008-Z200,109.2357315,23.0085095,386.5278015136719,1,-11.800979845305974,21.081719120478155,False,True,ACCESS_LINK_FAIL
S004,Q2-007,S004-H008-Z300,109.2357315,23.0085095,486.5278015136719,1,-11.804017410673268,20.331803336534463,False,True,ACCESS_LINK_FAIL
S004,Q2-007,S004-H009-Z100,109.2357315,23.031620133333334,329.5594482421875,1,-8.284695332814678,7.565896422911905,False,True,ACCESS_LINK_FAIL
S004,Q2-007,S004-H009-Z200,109.2357315,23.031620133333334,429.5594482421875,1,-8.289652594923666,7.536749476109463,False,True,ACCESS_LINK_FAIL
S004,Q2-007,S004-H009-Z300,109.2357315,23.031620133333334,529.5594482421875,1,-8.297874695079955,7.495369021342555,False,True,ACCESS_LINK_FAIL
S004,Q2-007,S004-H010-Z100,109.2357315,23.054730766666665,365.5665283203125,1,-2.305250083192334,1.678684120981302,False,True,ACCESS_LINK_FAIL
S004,Q2-007,S004-H010-Z200,109.2357315,23.054730766666665,465.5665283203125,1,-2.3295138480365836,1.6699827334823851,False,True,ACCESS_LINK_FAIL
S004,Q2-007,S004-H010-Z300,109.2357315,23.054730766666665,565.5665283203125,1,-2.3664729292976006,1.6580612821938558,False,True,ACCESS_LINK_FAIL
S004,Q2-007,S004-H011-Z100,109.2357315,23.0778414,321.2729187011719,1,-5.62141706932664,-1.8149790706717113,False,False,ACCESS_AND_BACKHAUL_FAIL
S004,Q2-007,S004-H011-Z200,109.2357315,23.0778414,421.2729187011719,1,-5.61978402771885,-1.8182299101686539,False,False,ACCESS_AND_BACKHAUL_FAIL
S004,Q2-007,S004-H011-Z300,109.2357315,23.0778414,521.2729187011719,1,-5.624205438983353,-1.8229304844041962,False,False,ACCESS_AND_BACKHAUL_FAIL
S004,Q2-007,S004-H012-Z100,109.2381714,23.0085095,311.61004638671875,1,-11.79514666082882,18.251153424129598,False,True,ACCESS_LINK_FAIL
S004,Q2-007,S004-H012-Z200,109.2381714,23.0085095,411.61004638671875,1,-11.79705301466781,17.946191244911873,False,True,ACCESS_LINK_FAIL
S004,Q2-007,S004-H012-Z300,109.2381714,23.0085095,511.61004638671875,1,-11.800459406464483,17.534190274703107,False,True,ACCESS_LINK_FAIL
S004,Q2-007,S004-H013-Z100,109.2381714,23.031620133333334,278.68272399902344,1,-8.275122548414018,7.383188752261816,False,True,ACCESS_LINK_FAIL
S004,Q2-007,S004-H013-Z200,109.2381714,23.031620133333334,378.68272399902344,1,-8.276489689158296,7.361356390910785,False,True,ACCESS_LINK_FAIL
S004,Q2-007,S004-H013-Z300,109.2381714,23.031620133333334,478.68272399902344,1,-8.283068071885324,7.327676786679589,False,True,ACCESS_LINK_FAIL
S004,Q2-007,S004-H014-Z100,109.2381714,23.054730766666665,368.69244384765625,1,-2.265116071315987,1.6280631051162544,False,True,ACCESS_LINK_FAIL
S004,Q2-007,S004-H014-Z200,109.2381714,23.054730766666665,468.69244384765625,1,-2.2900120668420243,1.619362185352827,False,True,ACCESS_LINK_FAIL
S004,Q2-007,S004-H014-Z300,109.2381714,23.054730766666665,568.6924438476562,1,-2.3277114775133185,1.6074787019617105,False,True,ACCESS_LINK_FAIL
S004,Q2-007,S004-H015-Z100,109.2381714,23.0778414,295.1157531738281,1,-5.659409594750571,-1.8369898608357005,False,False,ACCESS_AND_BACKHAUL_FAIL
S004,Q2-007,S004-H015-Z200,109.2381714,23.0778414,395.1157531738281,1,-5.656219957659573,-1.8398459831050076,False,False,ACCESS_AND_BACKHAUL_FAIL
S004,Q2-007,S004-H015-Z300,109.2381714,23.0778414,495.1157531738281,1,-5.6590346441967085,-1.8441453170102307,False,False,ACCESS_AND_BACKHAUL_FAIL
S004,Q2-007,S004-H016-Z100,109.25100664462686,23.01689734753728,370.2498474121094,1,-10.836609958802526,8.806881744656138,False,True,ACCESS_LINK_FAIL
S004,Q2-007,S004-H016-Z200,109.25100664462686,23.01689734753728,470.2498474121094,1,-10.840106098253145,8.761373143011497,False,True,ACCESS_LINK_FAIL
S004,Q2-007,S004-H016-Z300,109.25100664462686,23.01689734753728,570.2498474121094,1,-10.84541822953571,8.699928694593197,False,True,ACCESS_LINK_FAIL
S004,Q2-007,S004-H017-Z100,109.24147814981343,23.01790331626864,250.99423217773438,1,-10.54329173845747,12.357601351453695,False,True,ACCESS_LINK_FAIL
S004,Q2-007,S004-H017-Z200,109.24147814981343,23.01790331626864,350.9942321777344,1,-10.54264572772037,12.299708507803842,False,True,ACCESS_LINK_FAIL
S004,Q2-007,S004-H017-Z300,109.24147814981343,23.01790331626864,450.9942321777344,1,-10.546011476926864,12.205709233502304,False,True,ACCESS_LINK_FAIL
S004,Q2-007,S004-H018-Z100,109.23194965500001,23.018909285,236.5840301513672,1,-10.426413004251415,14.617414513024755,False,True,ACCESS_LINK_FAIL
S004,Q2-007,S004-H018-Z200,109.23194965500001,23.018909285,336.5840301513672,1,-10.424970192278977,14.529466560436887,False,True,ACCESS_LINK_FAIL
S004,Q2-007,S004-H018-Z300,109.23194965500001,23.018909285,436.5840301513672,1,-10.428139893856354,14.382239242023232,False,True,ACCESS_LINK_FAIL
S004,Q2-007,S004-H019-Z100,109.22242116018658,23.01991525373136,277.99229431152344,1,-10.498697501063347,12.198302814245736,False,True,ACCESS_LINK_FAIL
S004,Q2-007,S004-H019-Z200,109.22242116018658,23.01991525373136,377.99229431152344,1,-10.499480176313341,12.13272435807498,False,True,ACCESS_LINK_FAIL
S004,Q2-007,S004-H019-Z300,109.22242116018658,23.01991525373136,477.99229431152344,1,-10.503410728230321,12.03269913591177,False,True,ACCESS_LINK_FAIL
S004,Q2-007,S004-H020-Z100,109.21289266537316,23.020921222462718,384.91204833984375,1,-10.754618396092283,8.670696044455426,False,True,ACCESS_LINK_FAIL
S004,Q2-007,S004-H020-Z200,109.21289266537316,23.020921222462718,484.91204833984375,1,-10.758453161858526,8.624224894474324,False,True,ACCESS_LINK_FAIL
S004,Q2-007,S004-H020-Z300,109.21289266537316,23.020921222462718,584.9120483398438,1,-10.764137716324129,8.562350530066027,False,True,ACCESS_LINK_FAIL
S004,Q2-007,S004-H021-Z100,109.25228759212685,23.02903043003728,298.4038391113281,1,-9.04498166358566,5.927209525053627,False,True,ACCESS_LINK_FAIL
S004,Q2-007,S004-H021-Z200,109.25228759212685,23.02903043003728,398.4038391113281,1,-9.04759144895172,5.909885574428472,False,True,ACCESS_LINK_FAIL
S004,Q2-007,S004-H021-Z300,109.25228759212685,23.02903043003728,498.4038391113281,1,-9.053642108191866,5.884058671184917,False,True,ACCESS_LINK_FAIL
S004,Q2-007,S004-H022-Z100,109.24275909731342,23.03003639876864,251.3377685546875,1,-8.602447640645337,7.356958516271632,False,True,ACCESS_LINK_FAIL
S004,Q2-007,S004-H022-Z200,109.24275909731342,23.03003639876864,351.3377685546875,1,-8.601465862156843,7.338529216176326,False,True,ACCESS_LINK_FAIL
S004,Q2-007,S004-H022-Z300,109.24275909731342,23.03003639876864,451.3377685546875,1,-8.606737766095804,7.308274712527478,False,True,ACCESS_LINK_FAIL
S004,Q2-007,S004-H023-Z100,109.2332306025,23.0310423675,296.6715087890625,1,-8.423131165835883,7.9117331467498815,False,True,ACCESS_LINK_FAIL
S004,Q2-007,S004-H023-Z200,109.2332306025,23.0310423675,396.6715087890625,1,-8.425994143266138,7.884640858998878,False,True,ACCESS_LINK_FAIL
S004,Q2-007,S004-H023-Z300,109.2332306025,23.0310423675,496.6715087890625,1,-8.43292021525437,7.844247548444983,False,True,ACCESS_LINK_FAIL
S004,Q2-007,S004-H024-Z100,109.22370210768658,23.03204833623136,316.907958984375,1,-8.545778002024292,7.2447258875118195,False,True,ACCESS_LINK_FAIL
S004,Q2-007,S004-H024-Z200,109.22370210768658,23.03204833623136,416.907958984375,1,-8.55005592779824,7.219123236516907,False,True,ACCESS_LINK_FAIL
S004,Q2-007,S004-H024-Z300,109.22370210768658,23.03204833623136,516.907958984375,1,-8.557410346485653,7.1821088299825675,False,True,ACCESS_LINK_FAIL
S004,Q2-007,S004-H025-Z100,109.21417361287315,23.033054304962718,353.78399658203125,1,-8.946759242480795,5.773292613507749,False,True,ACCESS_LINK_FAIL
S004,Q2-007,S004-H025-Z200,109.21417361287315,23.033054304962718,453.78399658203125,1,-8.951697246729552,5.751967967910176,False,True,ACCESS_LINK_FAIL
S004,Q2-007,S004-H025-Z300,109.21417361287315,23.033054304962718,553.7839965820312,1,-8.959437877492022,5.722489068568066,False,True,ACCESS_LINK_FAIL
S004,Q2-007,S004-H026-Z100,109.25356853962685,23.04116351253728,325.4932403564453,1,-6.870513922196267,3.245657499834749,False,True,ACCESS_LINK_FAIL
S004,Q2-007,S004-H026-Z200,109.25356853962685,23.04116351253728,425.4932403564453,1,-6.877193349846863,3.2350451234145794,False,True,ACCESS_LINK_FAIL
S004,Q2-007,S004-H026-Z300,109.25356853962685,23.04116351253728,525.4932403564453,1,-6.888387579548635,3.219819335209124,False,True,ACCESS_LINK_FAIL
S004,Q2-007,S004-H027-Z100,109.24404004481343,23.04216948126864,259.64886474609375,1,-6.126108328659853,3.9473270429135567,False,True,ACCESS_LINK_FAIL
S004,Q2-007,S004-H027-Z200,109.24404004481343,23.04216948126864,359.64886474609375,1,-6.125581447158851,3.9384574467357965,False,True,ACCESS_LINK_FAIL
S004,Q2-007,S004-H027-Z300,109.24404004481343,23.04216948126864,459.64886474609375,1,-6.135347186053963,3.9241492978108568,False,True,ACCESS_LINK_FAIL
S004,Q2-007,S004-H028-Z100,109.23451155000001,23.04317545,299.1041564941406,1,-5.817661847976822,4.178550481003171,False,True,ACCESS_LINK_FAIL
S004,Q2-007,S004-H028-Z200,109.23451155000001,23.04317545,399.1041564941406,1,-5.823256318532756,4.166920509803219,False,True,ACCESS_LINK_FAIL
S004,Q2-007,S004-H028-Z300,109.23451155000001,23.04317545,499.1041564941406,1,-5.835999594357304,4.149574065436369,False,True,ACCESS_LINK_FAIL
S004,Q2-007,S004-H029-Z100,109.22498305518658,23.04418141873136,353.59010314941406,1,-6.053540474682862,3.867647683741396,False,True,ACCESS_LINK_FAIL
S004,Q2-007,S004-H029-Z200,109.22498305518658,23.04418141873136,453.59010314941406,1,-6.063138020054069,3.8538956393852573,False,True,ACCESS_LINK_FAIL
S004,Q2-007,S004-H029-Z300,109.22498305518658,23.04418141873136,553.5901031494141,1,-6.078168119883742,3.8348415055958895,False,True,ACCESS_LINK_FAIL
S004,Q2-007,S004-H030-Z100,109.21545456037316,23.045187387462718,368.2539367675781,1,-6.751537469426395,3.1205946957694266,False,True,ACCESS_LINK_FAIL
S004,Q2-007,S004-H030-Z200,109.21545456037316,23.045187387462718,468.2539367675781,1,-6.760394505531451,3.108350288869701,False,True,ACCESS_LINK_FAIL
S004,Q2-007,S004-H030-Z300,109.21545456037316,23.045187387462718,568.2539367675781,1,-6.7738795357343236,3.0916360244048207,False,True,ACCESS_LINK_FAIL
S004,Q2-007,S004-H031-Z100,109.25484948712685,23.05329659503728,323.0622100830078,1,-4.212706335806473,1.0511288217833794,False,True,ACCESS_LINK_FAIL
S004,Q2-007,S004-H031-Z200,109.25484948712685,23.05329659503728,423.0622100830078,1,-4.224812760358361,1.044791381864826,False,True,ACCESS_LINK_FAIL
S004,Q2-007,S004-H031-Z300,109.25484948712685,23.05329659503728,523.0622100830078,1,-4.245205700026219,1.0356581119085888,False,True,ACCESS_LINK_FAIL
S004,Q2-007,S004-H032-Z100,109.24532099231342,23.05430256376864,331.15753173828125,1,-2.744688262121457,1.4502396546401712,False,True,ACCESS_LINK_FAIL
S004,Q2-007,S004-H032-Z200,109.24532099231342,23.05430256376864,431.15753173828125,1,-2.7626008720393145,1.4430433625742722,False,True,ACCESS_LINK_FAIL
S004,Q2-007,S004-H032-Z300,109.24532099231342,23.05430256376864,531.1575317382812,1,-2.7920707454662477,1.4327852219140595,False,True,ACCESS_LINK_FAIL
S004,Q2-007,S004-H033-Z100,109.2357924975,23.0553085325,372.1981201171875,1,-2.087251999824133,1.5705076156539377,False,True,ACCESS_LINK_FAIL
S004,Q2-007,S004-H033-Z200,109.2357924975,23.0553085325,472.1981201171875,1,-2.1136617341920783,1.5618101648399403,False,True,ACCESS_LINK_FAIL
S004,Q2-007,S004-H033-Z300,109.2357924975,23.0553085325,572.1981201171875,1,-2.1533881687815892,1.5499722443578179,False,True,ACCESS_LINK_FAIL
S004,Q2-007,S004-H034-Z100,109.22626400268658,23.05631450123136,314.0453643798828,1,-2.641004373663236,1.3966242757848732,False,True,ACCESS_LINK_FAIL
S004,Q2-007,S004-H034-Z200,109.22626400268658,23.05631450123136,414.0453643798828,1,-2.6572990737300017,1.3900368247844028,False,True,ACCESS_LINK_FAIL
S004,Q2-007,S004-H034-Z300,109.22626400268658,23.05631450123136,514.0453643798828,1,-2.685453169230243,1.380422447951645,False,True,ACCESS_LINK_FAIL
S004,Q2-007,S004-H035-Z100,109.21673550787315,23.05732046996272,390.5611572265625,1,-4.07435435119892,0.9482777810044354,False,True,ACCESS_LINK_FAIL
S004,Q2-007,S004-H035-Z200,109.21673550787315,23.05732046996272,490.5611572265625,1,-4.092667200379324,0.9402365189123145,False,True,ACCESS_LINK_FAIL
S004,Q2-007,S004-H035-Z300,109.21673550787315,23.05732046996272,590.5611572265625,1,-4.119467972585696,0.9294728275050517,False,True,ACCESS_LINK_FAIL
S004,Q2-007,S004-H036-Z100,109.25613043462684,23.06542967753728,344.904052734375,1,-4.328520029716714,-0.7559515994002197,False,False,ACCESS_AND_BACKHAUL_FAIL
S004,Q2-007,S004-H036-Z200,109.25613043462684,23.06542967753728,444.904052734375,1,-4.3282480672277615,-0.760537956630742,False,False,ACCESS_AND_BACKHAUL_FAIL
S004,Q2-007,S004-H036-Z300,109.25613043462684,23.06542967753728,544.904052734375,1,-4.336123725913126,-0.766971438283548,False,False,ACCESS_AND_BACKHAUL_FAIL
S004,Q2-007,S004-H037-Z100,109.24660193981342,23.06643564626864,306.5963897705078,1,-3.0065582803193394,-0.49975982057085844,False,False,ACCESS_AND_BACKHAUL_FAIL
S004,Q2-007,S004-H037-Z200,109.24660193981342,23.06643564626864,406.5963897705078,1,-3.0019519939496604,-0.5038711867426855,False,False,ACCESS_AND_BACKHAUL_FAIL
S004,Q2-007,S004-H037-Z300,109.24660193981342,23.06643564626864,506.5963897705078,1,-3.0084057639450634,-0.5099435654662159,False,False,ACCESS_AND_BACKHAUL_FAIL
S004,Q2-007,S004-H038-Z100,109.237073445,23.067441615,347.68048095703125,1,-2.490901124346834,-0.4278005693980731,False,False,ACCESS_AND_BACKHAUL_FAIL
S004,Q2-007,S004-H038-Z200,109.237073445,23.067441615,447.68048095703125,1,-2.490831571100969,-0.43280221281858644,False,False,ACCESS_AND_BACKHAUL_FAIL
S004,Q2-007,S004-H038-Z300,109.237073445,23.067441615,547.6804809570312,1,-2.50319395496885,-0.4397950063606686,False,False,ACCESS_AND_BACKHAUL_FAIL
S004,Q2-007,S004-H039-Z100,109.22754495018657,23.06844758373136,331.27154541015625,1,-3.1026479512356673,-0.5444629385081186,False,False,ACCESS_AND_BACKHAUL_FAIL
S004,Q2-007,S004-H039-Z200,109.22754495018657,23.06844758373136,431.27154541015625,1,-3.1008127457302948,-0.5490126402356879,False,False,ACCESS_AND_BACKHAUL_FAIL
S004,Q2-007,S004-H039-Z300,109.22754495018657,23.06844758373136,531.2715454101562,1,-3.109786088416442,-0.5555019725753709,False,False,ACCESS_AND_BACKHAUL_FAIL
S004,Q2-007,S004-H040-Z100,109.21801645537315,23.06945355246272,342.3701629638672,1,-4.472728873596935,-0.8382264855694217,False,False,ACCESS_AND_BACKHAUL_FAIL
S004,Q2-007,S004-H040-Z200,109.21801645537315,23.06945355246272,442.3701629638672,1,-4.472265905137789,-0.8426807133541274,False,False,ACCESS_AND_BACKHAUL_FAIL
S004,Q2-007,S004-H040-Z300,109.21801645537315,23.06945355246272,542.3701629638672,1,-4.479685357174915,-0.848947703637549,False,False,ACCESS_AND_BACKHAUL_FAIL
S005,Q2-008,S005-H000-Z100,109.2283003,23.0085095,261.9410095214844,1,-8.533202305458488,26.84798054484925,False,True,ACCESS_LINK_FAIL
S005,Q2-008,S005-H000-Z200,109.2283003,23.0085095,361.9410095214844,1,-8.536822253929529,25.373299826114106,False,True,ACCESS_LINK_FAIL
S005,Q2-008,S005-H000-Z300,109.2283003,23.0085095,461.9410095214844,1,-8.543529755816536,23.72021816734481,False,True,ACCESS_LINK_FAIL
S005,Q2-008,S005-H001-Z100,109.2283003,23.024384266666665,238.2535400390625,1,-5.0133904089340575,10.904728018059828,False,True,ACCESS_LINK_FAIL
S005,Q2-008,S005-H001-Z200,109.2283003,23.024384266666665,338.2535400390625,1,-5.01782804029682,10.866652465723135,False,True,ACCESS_LINK_FAIL
S005,Q2-008,S005-H001-Z300,109.2283003,23.024384266666665,438.2535400390625,1,-5.031252908419333,10.802251885333916,False,True,ACCESS_LINK_FAIL
S005,Q2-008,S005-H004-Z100,109.22915076666666,23.0085095,238.67237854003906,1,-8.534873293626191,30.081816815094953,False,True,ACCESS_LINK_FAIL
S005,Q2-008,S005-H004-Z200,109.22915076666666,23.0085095,338.67237854003906,1,-8.53687627983328,27.69947609774279,False,True,ACCESS_LINK_FAIL
S005,Q2-008,S005-H004-Z300,109.22915076666666,23.0085095,438.67237854003906,1,-8.54286477067508,25.33985666867376,False,True,ACCESS_LINK_FAIL
S005,Q2-008,S005-H005-Z100,109.22915076666666,23.024384266666665,243.4317626953125,1,-5.015719649930816,10.955247007805383,False,True,ACCESS_LINK_FAIL
S005,Q2-008,S005-H005-Z200,109.22915076666666,23.024384266666665,343.4317626953125,1,-5.020988093317385,10.915315326603675,False,True,ACCESS_LINK_FAIL
S005,Q2-008,S005-H005-Z300,109.22915076666666,23.024384266666665,443.4317626953125,1,-5.034762099988626,10.848803361928063,False,True,ACCESS_LINK_FAIL
S005,Q2-008,S005-H008-Z100,109.23000123333334,23.0085095,230.71424865722656,1,-8.538615857913044,34.34165457644767,False,True,ACCESS_LINK_FAIL
S005,Q2-008,S005-H008-Z200,109.23000123333334,23.0085095,330.71424865722656,1,-8.54004774421827,29.810425746614357,False,True,ACCESS_LINK_FAIL
S005,Q2-008,S005-H008-Z300,109.23000123333334,23.0085095,430.71424865722656,1,-8.545786137248712,26.517075969420617,False,True,ACCESS_LINK_FAIL
S005,Q2-008,S005-H009-Z100,109.23000123333334,23.024384266666665,252.8723602294922,1,-5.023110222999378,10.984016592404828,False,True,ACCESS_LINK_FAIL
S005,Q2-008,S005-H009-Z200,109.23000123333334,23.024384266666665,352.8723602294922,1,-5.029885742131029,10.941229604946358,False,True,ACCESS_LINK_FAIL
S005,Q2-008,S005-H009-Z300,109.23000123333334,23.024384266666665,452.8723602294922,1,-5.044284493310641,10.87177262369164,False,True,ACCESS_LINK_FAIL
S005,Q2-008,S005-H012-Z100,109.2308517,23.0085095,228.7255401611328,1,-8.544529964668385,37.773336466538254,False,True,ACCESS_LINK_FAIL
S005,Q2-008,S005-H012-Z200,109.2308517,23.0085095,328.7255401611328,1,-8.54581779985486,30.79097812489792,False,True,ACCESS_LINK_FAIL
S005,Q2-008,S005-H012-Z300,109.2308517,23.0085095,428.7255401611328,1,-8.551487251295697,26.970859340833385,False,True,ACCESS_LINK_FAIL
S005,Q2-008,S005-H013-Z100,109.2308517,23.024384266666665,317.50782775878906,1,-5.03957741746828,10.969911903244238,False,True,ACCESS_LINK_FAIL
S005,Q2-008,S005-H013-Z200,109.2308517,23.024384266666665,417.50782775878906,1,-5.051503324605932,10.909620819089469,False,True,ACCESS_LINK_FAIL
S005,Q2-008,S005-H013-Z300,109.2308517,23.024384266666665,517.5078277587891,1,-5.070276012821068,10.823369005866098,False,True,ACCESS_LINK_FAIL
S005,Q2-008,S005-H016-Z100,109.24299495262831,23.016324204544176,262.7069549560547,1,-7.451048142225687,12.304032691767333,False,True,ACCESS_LINK_FAIL
S005,Q2-008,S005-H016-Z200,109.24299495262831,23.016324204544176,362.7069549560547,1,-7.455722267776395,12.242506171777194,False,True,ACCESS_LINK_FAIL
S005,Q2-008,S005-H016-Z300,109.24299495262831,23.016324204544176,462.7069549560547,1,-7.464354143951425,12.145481006886996,False,True,ACCESS_LINK_FAIL
S005,Q2-008,S005-H017-Z100,109.23673197131416,23.01598867477209,242.6424560546875,1,-7.209416445088877,15.68099861433393,False,True,ACCESS_LINK_FAIL
S005,Q2-008,S005-H017-Z200,109.23673197131416,23.01598867477209,342.6424560546875,1,-7.212519704216589,15.564135883942356,False,True,ACCESS_LINK_FAIL
S005,Q2-008,S005-H017-Z300,109.23673197131416,23.01598867477209,442.6424560546875,1,-7.220807720494562,15.37352442020702,False,True,ACCESS_LINK_FAIL
S005,Q2-008,S005-H018-Z100,109.23046899,23.015653144999998,261.41465759277344,1,-7.132377587017956,17.847226773600326,False,True,ACCESS_LINK_FAIL
S005,Q2-008,S005-H018-Z200,109.23046899,23.015653144999998,361.41465759277344,1,-7.137352184471155,17.632316485375284,False,True,ACCESS_LINK_FAIL
S005,Q2-008,S005-H018-Z300,109.23046899,23.015653144999998,461.41465759277344,1,-7.146584837811247,17.307051033668074,False,True,ACCESS_LINK_FAIL
S005,Q2-008,S005-H019-Z100,109.22420600868585,23.015317615227907,309.1187438964844,1,-7.232172443842018,15.685368986519237,False,True,ACCESS_LINK_FAIL
S005,Q2-008,S005-H019-Z200,109.22420600868585,23.015317615227907,409.1187438964844,1,-7.239024723375394,15.515775216508388,False,True,ACCESS_LINK_FAIL
S005,Q2-008,S005-H019-Z300,109.22420600868585,23.015317615227907,509.1187438964844,1,-7.250029549464699,15.277440221838233,False,True,ACCESS_LINK_FAIL
S005,Q2-008,S005-H020-Z100,109.2179430273717,23.01498208545582,307.96604919433594,1,-7.493242647852554,12.348882264169802,False,True,ACCESS_LINK_FAIL
S005,Q2-008,S005-H020-Z200,109.2179430273717,23.01498208545582,407.96604919433594,1,-7.499650157190402,12.269826166998683,False,True,ACCESS_LINK_FAIL
S005,Q2-008,S005-H020-Z300,109.2179430273717,23.01498208545582,507.96604919433594,1,-7.509969579432962,12.155738994576211,False,True,ACCESS_LINK_FAIL
S005,Q2-008,S005-H021-Z100,109.2425484576283,23.02465845704418,320.2642822265625,1,-5.6353201280753495,9.236420256742946,False,True,ACCESS_LINK_FAIL
S005,Q2-008,S005-H021-Z200,109.2425484576283,23.02465845704418,420.2642822265625,1,-5.645885136280356,9.195373360503964,False,True,ACCESS_LINK_FAIL
S005,Q2-008,S005-H021-Z300,109.2425484576283,23.02465845704418,520.2642822265625,1,-5.662426480864866,9.136563978567608,False,True,ACCESS_LINK_FAIL
S005,Q2-008,S005-H022-Z100,109.23628547631415,23.02432292727209,280.9505310058594,1,-5.255750845490141,10.60686818765977,False,True,ACCESS_LINK_FAIL
S005,Q2-008,S005-H022-Z200,109.23628547631415,23.02432292727209,380.9505310058594,1,-5.2646961529416245,10.560560678837248,False,True,ACCESS_LINK_FAIL
S005,Q2-008,S005-H022-Z300,109.23628547631415,23.02432292727209,480.9505310058594,1,-5.2801776811276255,10.489940663836919,False,True,ACCESS_LINK_FAIL
S005,Q2-008,S005-H023-Z100,109.230022495,23.0239873975,269.0928497314453,1,-5.130992488276846,11.197776443034613,False,True,ACCESS_LINK_FAIL
S005,Q2-008,S005-H023-Z200,109.230022495,23.0239873975,369.0928497314453,1,-5.139396062748887,11.14817154868227,False,True,ACCESS_LINK_FAIL
S005,Q2-008,S005-H023-Z300,109.230022495,23.0239873975,469.0928497314453,1,-5.15453056835365,11.070765253231073,False,True,ACCESS_LINK_FAIL
S005,Q2-008,S005-H024-Z100,109.22375951368585,23.02365186772791,325.6109161376953,1,-5.2856729445221475,10.639181473410943,False,True,ACCESS_LINK_FAIL
S005,Q2-008,S005-H024-Z200,109.22375951368585,23.02365186772791,425.6109161376953,1,-5.297471353258544,10.58123599282085,False,True,ACCESS_LINK_FAIL
S005,Q2-008,S005-H024-Z300,109.22375951368585,23.02365186772791,525.6109161376953,1,-5.3157389122550285,10.499199332074355,False,True,ACCESS_LINK_FAIL
S005,Q2-008,S005-H025-Z100,109.2174965323717,23.023316337955823,310.4042510986328,1,-5.683523533770398,9.3128650604978,False,True,ACCESS_LINK_FAIL
S005,Q2-008,S005-H025-Z200,109.2174965323717,23.023316337955823,410.4042510986328,1,-5.693384919388279,9.272934865893149,False,True,ACCESS_LINK_FAIL
S005,Q2-008,S005-H025-Z300,109.2174965323717,23.023316337955823,510.4042510986328,1,-5.709161653190549,9.214890693760722,False,True,ACCESS_LINK_FAIL
S005,Q2-008,S005-H026-Z100,109.24210196262831,23.032992709544178,250.19261169433594,1,-3.410530316692217,6.526745674464067,False,True,ACCESS_LINK_FAIL
S005,Q2-008,S005-H026-Z200,109.24210196262831,23.032992709544178,350.19261169433594,1,-3.4197255697449407,6.511630812058357,False,True,ACCESS_LINK_FAIL
S005,Q2-008,S005-H026-Z300,109.24210196262831,23.032992709544178,450.19261169433594,1,-3.4403032617078395,6.4867191692276265,False,True,ACCESS_LINK_FAIL
S005,Q2-008,S005-H027-Z100,109.23583898131416,23.03265717977209,307.10931396484375,1,-2.7597449320866616,7.197627947820706,False,True,ACCESS_LINK_FAIL
S005,Q2-008,S005-H027-Z200,109.23583898131416,23.03265717977209,407.10931396484375,1,-2.778673749429359,7.173429634163838,False,True,ACCESS_LINK_FAIL
S005,Q2-008,S005-H027-Z300,109.23583898131416,23.03265717977209,507.10931396484375,1,-2.809105671599781,7.137920794168792,False,True,ACCESS_LINK_FAIL
S005,Q2-008,S005-H028-Z100,109.22957600000001,23.03232165,312.18304443359375,1,-2.5309335696014443,7.460857272307791,False,True,ACCESS_LINK_FAIL
S005,Q2-008,S005-H028-Z200,109.22957600000001,23.03232165,412.18304443359375,1,-2.5515069940309445,7.434530447892826,False,True,ACCESS_LINK_FAIL
S005,Q2-008,S005-H028-Z300,109.22957600000001,23.03232165,512.1830444335938,1,-2.584185338269293,7.396215352857823,False,True,ACCESS_LINK_FAIL
S005,Q2-008,S005-H029-Z100,109.22331301868586,23.03198612022791,320.8176727294922,1,-2.7968172430908993,7.23008547243154,False,True,ACCESS_LINK_FAIL
S005,Q2-008,S005-H029-Z200,109.22331301868586,23.03198612022791,420.8176727294922,1,-2.817168892533175,7.20411498281635,False,True,ACCESS_LINK_FAIL
S005,Q2-008,S005-H029-Z300,109.22331301868586,23.03198612022791,520.8176727294922,1,-2.848905040849729,7.166777863522171,False,True,ACCESS_LINK_FAIL
S005,Q2-008,S005-H030-Z100,109.2170500373717,23.031650590455822,299.79205322265625,1,-3.4734909496905004,6.5807533238134255,False,True,ACCESS_LINK_FAIL
S005,Q2-008,S005-H030-Z200,109.2170500373717,23.031650590455822,399.79205322265625,1,-3.488832493103999,6.56048361641615,False,True,ACCESS_LINK_FAIL
S005,Q2-008,S005-H030-Z300,109.2170500373717,23.031650590455822,499.79205322265625,1,-3.5139676762671996,6.530359288533802,False,True,ACCESS_LINK_FAIL
S005,Q2-008,S005-H031-Z100,109.2416554676283,23.041326962044177,333.02317810058594,1,-0.6801303843419078,4.310205872404197,False,True,ACCESS_LINK_FAIL
S005,Q2-008,S005-H031-Z200,109.2416554676283,23.041326962044177,433.02317810058594,1,-0.7155028486851052,4.296202851296229,False,True,ACCESS_LINK_FAIL
S005,Q2-008,S005-H031-Z300,109.2416554676283,23.041326962044177,533.0231781005859,1,-0.7691355349417819,4.276326966269409,False,True,ACCESS_LINK_FAIL
S005,Q2-008,S005-H035-Z100,109.2166035423717,23.03998484295582,320.4107360839844,1,-0.7505422304813862,4.360415597311132,False,True,ACCESS_LINK_FAIL
S005,Q2-008,S005-H035-Z200,109.2166035423717,23.03998484295582,420.4107360839844,1,-0.783022059532172,4.347008061852847,False,True,ACCESS_LINK_FAIL
S005,Q2-008,S005-H035-Z300,109.2166035423717,23.03998484295582,520.4107360839844,1,-0.8335332313587571,4.327653518729562,False,True,ACCESS_LINK_FAIL
S007,Q2-010,S007-H000-Z100,109.1928191,23.0085095,537.8374633789062,1,-1.411349528410284,4.097561728826804,False,True,ACCESS_LINK_FAIL
S007,Q2-010,S007-H000-Z200,109.1928191,23.0085095,637.8374633789062,1,-1.4493867923460328,4.072653932007455,False,True,ACCESS_LINK_FAIL
S007,Q2-010,S007-H000-Z300,109.1928191,23.0085095,737.8374633789062,1,-1.5027520884079877,4.042280983655402,False,True,ACCESS_LINK_FAIL
S007,Q2-010,S007-H004-Z100,109.20549663333333,23.0085095,401.3205261230469,1,-2.567673638464754,7.62150991327637,False,True,ACCESS_LINK_FAIL
S007,Q2-010,S007-H004-Z200,109.20549663333333,23.0085095,501.3205261230469,1,-2.574462830148292,7.582892196457379,False,True,ACCESS_LINK_FAIL
S007,Q2-010,S007-H004-Z300,109.20549663333333,23.0085095,601.3205261230469,1,-2.599161121674044,7.5320813726745115,False,True,ACCESS_LINK_FAIL
S007,Q2-010,S007-H005-Z100,109.20549663333333,23.015479199999998,386.3368225097656,1,-0.18403164214828394,7.258182821345073,False,True,ACCESS_LINK_FAIL
S007,Q2-010,S007-H005-Z200,109.20549663333333,23.015479199999998,486.3368225097656,1,-0.1874337374877797,7.22439839949493,False,True,ACCESS_LINK_FAIL
S007,Q2-010,S007-H005-Z300,109.20549663333333,23.015479199999998,586.3368225097656,1,-0.22699721647239812,7.179320390381562,False,True,ACCESS_LINK_FAIL
S007,Q2-010,S007-H008-Z100,109.21817416666667,23.0085095,283.14190673828125,1,-4.915090000976448,13.636329646989594,False,True,ACCESS_LINK_FAIL
S007,Q2-010,S007-H008-Z200,109.21817416666667,23.0085095,383.14190673828125,1,-4.9023312244823956,13.54270546836625,False,True,ACCESS_LINK_FAIL
S007,Q2-010,S007-H008-Z300,109.21817416666667,23.0085095,483.14190673828125,1,-4.902878122795784,13.402426601731705,False,True,ACCESS_LINK_FAIL
S007,Q2-010,S007-H009-Z100,109.21817416666667,23.015479199999998,317.4547882080078,1,-3.6801442865807985,12.303957397992406,False,True,ACCESS_LINK_FAIL
S007,Q2-010,S007-H009-Z200,109.21817416666667,23.015479199999998,417.4547882080078,1,-3.66644081952316,12.222209411214592,False,True,ACCESS_LINK_FAIL
S007,Q2-010,S007-H009-Z300,109.21817416666667,23.015479199999998,517.4547882080078,1,-3.6757437389128427,12.105944523915241,False,True,ACCESS_LINK_FAIL
S007,Q2-010,S007-H010-Z100,109.21817416666667,23.0224489,291.84613037109375,1,-2.736825288048948,9.810684460611725,False,True,ACCESS_LINK_FAIL
S007,Q2-010,S007-H010-Z200,109.21817416666667,23.0224489,391.84613037109375,1,-2.7167653202411373,9.769815937217928,False,True,ACCESS_LINK_FAIL
S007,Q2-010,S007-H010-Z300,109.21817416666667,23.0224489,491.84613037109375,1,-2.720378845487488,9.708620623577943,False,True,ACCESS_LINK_FAIL
S007,Q2-010,S007-H011-Z100,109.21817416666667,23.0294186,331.7740936279297,1,-2.3580957678150014,7.419112764643188,False,True,ACCESS_LINK_FAIL
S007,Q2-010,S007-H011-Z200,109.21817416666667,23.0294186,431.7740936279297,1,-2.341675125110612,7.390663034309611,False,True,ACCESS_LINK_FAIL
S007,Q2-010,S007-H011-Z300,109.21817416666667,23.0294186,531.7740936279297,1,-2.3588130343404856,7.350379260661896,False,True,ACCESS_LINK_FAIL
S007,Q2-010,S007-H012-Z100,109.2308517,23.0085095,228.7255401611328,1,-7.2009374323126565,37.773336466538254,False,True,ACCESS_LINK_FAIL
S007,Q2-010,S007-H012-Z200,109.2308517,23.0085095,328.7255401611328,1,-7.191109739166407,30.79097812489792,False,True,ACCESS_LINK_FAIL
S007,Q2-010,S007-H012-Z300,109.2308517,23.0085095,428.7255401611328,1,-7.1854854646643105,26.970859340833385,False,True,ACCESS_LINK_FAIL
S007,Q2-010,S007-H013-Z100,109.2308517,23.015479199999998,274.9866638183594,1,-6.51206751978259,18.044181976484495,False,True,ACCESS_LINK_FAIL
S007,Q2-010,S007-H013-Z200,109.2308517,23.015479199999998,374.9866638183594,1,-6.502835391260547,17.801444053896176,False,True,ACCESS_LINK_FAIL
S007,Q2-010,S007-H013-Z300,109.2308517,23.015479199999998,474.9866638183594,1,-6.502151673543466,17.447062883625023,False,True,ACCESS_LINK_FAIL
S007,Q2-010,S007-H014-Z100,109.2308517,23.0224489,292.3286590576172,1,-6.041134680399978,12.101533407097136,False,True,ACCESS_LINK_FAIL
S007,Q2-010,S007-H014-Z200,109.2308517,23.0224489,392.3286590576172,1,-6.031799347052726,12.032329260184909,False,True,ACCESS_LINK_FAIL
S007,Q2-010,S007-H014-Z300,109.2308517,23.0224489,492.3286590576172,1,-6.033554060602853,11.929622449240284,False,True,ACCESS_LINK_FAIL
S007,Q2-010,S007-H015-Z100,109.2308517,23.0294186,269.8041076660156,1,-5.875807086891712,8.605394893697238,False,True,ACCESS_LINK_FAIL
S007,Q2-010,S007-H015-Z200,109.2308517,23.0294186,369.8041076660156,1,-5.8648198418455735,8.577903786252563,False,True,ACCESS_LINK_FAIL
S007,Q2-010,S007-H015-Z300,109.2308517,23.0294186,469.8041076660156,1,-5.8632460131656075,8.534791123137808,False,True,ACCESS_LINK_FAIL
S007,Q2-010,S007-H016-Z100,109.23224578592954,23.02455854473932,315.6311340332031,1,-6.259005474296515,10.849359829073464,False,True,ACCESS_LINK_FAIL
S007,Q2-010,S007-H016-Z200,109.23224578592954,23.02455854473932,415.6311340332031,1,-6.25134795375439,10.791205627516092,False,True,ACCESS_LINK_FAIL
S007,Q2-010,S007-H016-Z300,109.23224578592954,23.02455854473932,515.6311340332031,1,-6.256229199438579,10.70773946999951,False,True,ACCESS_LINK_FAIL
S007,Q2-010,S007-H017-Z100,109.22869629796476,23.01810220486966,288.44989013671875,1,-5.848864247765022,15.13142561309381,False,True,ACCESS_LINK_FAIL
S007,Q2-010,S007-H017-Z200,109.22869629796476,23.01810220486966,388.44989013671875,1,-5.838882487878976,14.996198202016956,False,True,ACCESS_LINK_FAIL
S007,Q2-010,S007-H017-Z300,109.22869629796476,23.01810220486966,488.44989013671875,1,-5.840128552215447,14.797853237894842,False,True,ACCESS_LINK_FAIL
S007,Q2-010,S007-H018-Z100,109.22514681,23.011645865,298.71807861328125,1,-5.7856772508545475,19.08513349396557,False,True,ACCESS_LINK_FAIL
S007,Q2-010,S007-H018-Z200,109.22514681,23.011645865,398.71807861328125,1,-5.776149022928976,18.739520537112455,False,True,ACCESS_LINK_FAIL
S007,Q2-010,S007-H018-Z300,109.22514681,23.011645865,498.71807861328125,1,-5.778993176777334,18.268522900392526,False,True,ACCESS_LINK_FAIL
S007,Q2-010,S007-H019-Z100,109.22159732203524,23.005189525130337,275.2454833984375,1,-6.092721482662611,15.73513846525853,False,True,ACCESS_LINK_FAIL
S007,Q2-010,S007-H019-Z200,109.22159732203524,23.005189525130337,375.2454833984375,1,-6.082566457054611,15.590655682143819,False,True,ACCESS_LINK_FAIL
S007,Q2-010,S007-H019-Z300,109.22159732203524,23.005189525130337,475.2454833984375,1,-6.081850397766274,15.37400553694117,False,True,ACCESS_LINK_FAIL
S007,Q2-010,S007-H020-Z100,109.21804783407046,22.998733185260676,275.4598693847656,1,-6.694272752969567,11.298824057929266,False,True,ACCESS_LINK_FAIL
S007,Q2-010,S007-H020-Z200,109.21804783407046,22.998733185260676,375.4598693847656,1,-6.685442751828333,11.246183771246933,False,True,ACCESS_LINK_FAIL
S007,Q2-010,S007-H020-Z300,109.21804783407046,22.998733185260676,475.4598693847656,1,-6.6848462821666885,11.165186847193382,False,True,ACCESS_LINK_FAIL
S007,Q2-010,S007-H021-Z100,109.22559008092954,23.028217637239322,250.3572235107422,1,-4.598878400098272,8.867529138686052,False,True,ACCESS_LINK_FAIL
S007,Q2-010,S007-H021-Z200,109.22559008092954,23.028217637239322,350.3572235107422,1,-4.582633788599736,8.841622498837381,False,True,ACCESS_LINK_FAIL
S007,Q2-010,S007-H021-Z300,109.22559008092954,23.028217637239322,450.3572235107422,1,-4.576575024145697,8.799082056517648,False,True,ACCESS_LINK_FAIL
S007,Q2-010,S007-H022-Z100,109.22204059296476,23.02176129736966,289.1280059814453,1,-3.9306597473969305,11.167957009259212,False,True,ACCESS_LINK_FAIL
S007,Q2-010,S007-H022-Z200,109.22204059296476,23.02176129736966,389.1280059814453,1,-3.915185785262821,11.112966776994384,False,True,ACCESS_LINK_FAIL
S007,Q2-010,S007-H022-Z300,109.22204059296476,23.02176129736966,489.1280059814453,1,-3.917286275358663,11.030564704503746,False,True,ACCESS_LINK_FAIL
S007,Q2-010,S007-H023-Z100,109.218491105,23.0153049575,345.685791015625,1,-3.782899072631892,12.500612133076459,False,True,ACCESS_LINK_FAIL
S007,Q2-010,S007-H023-Z200,109.218491105,23.0153049575,445.685791015625,1,-3.7744742158535587,12.404251891357035,False,True,ACCESS_LINK_FAIL
S007,Q2-010,S007-H023-Z300,109.218491105,23.0153049575,545.685791015625,1,-3.7880878600255414,12.272541115378559,False,True,ACCESS_LINK_FAIL
S007,Q2-010,S007-H024-Z100,109.21494161703524,23.00884861763034,282.84596252441406,1,-4.229086531568569,11.678516936223687,False,True,ACCESS_LINK_FAIL
S007,Q2-010,S007-H024-Z200,109.21494161703524,23.00884861763034,382.84596252441406,1,-4.214115972544789,11.618729500276231,False,True,ACCESS_LINK_FAIL
S007,Q2-010,S007-H024-Z300,109.21494161703524,23.00884861763034,482.84596252441406,1,-4.2146915043363435,11.528230422094595,False,True,ACCESS_LINK_FAIL
S007,Q2-010,S007-H025-Z100,109.21139212907046,23.002392277760677,273.60693359375,1,-5.092795285298607,9.466780498898203,False,True,ACCESS_LINK_FAIL
S007,Q2-010,S007-H025-Z200,109.21139212907046,23.002392277760677,373.60693359375,1,-5.079894825271367,9.432544353153958,False,True,ACCESS_LINK_FAIL
S007,Q2-010,S007-H025-Z300,109.21139212907046,23.002392277760677,473.60693359375,1,-5.078696611019268,9.379383360809243,False,True,ACCESS_LINK_FAIL
S007,Q2-010,S007-H026-Z100,109.21893437592954,23.031876729739324,291.3379364013672,1,-2.668170213506812,6.776163779689796,False,True,ACCESS_LINK_FAIL
S007,Q2-010,S007-H026-Z200,109.21893437592954,23.031876729739324,391.3379364013672,1,-2.6477288358839104,6.755848283070151,False,True,ACCESS_LINK_FAIL
S007,Q2-010,S007-H026-Z300,109.21893437592954,23.031876729739324,491.3379364013672,1,-2.6512395908069095,6.725221488721147,False,True,ACCESS_LINK_FAIL
S007,Q2-010,S007-H027-Z100,109.21538488796476,23.025420389869662,358.49664306640625,1,-1.5013865227173397,8.10223761647778,False,True,ACCESS_LINK_FAIL
S007,Q2-010,S007-H027-Z200,109.21538488796476,23.025420389869662,458.49664306640625,1,-1.4924217117422387,8.065177377175402,False,True,ACCESS_LINK_FAIL
S007,Q2-010,S007-H027-Z300,109.21538488796476,23.025420389869662,558.4966430664062,1,-1.5174168264855723,8.014422613894837,False,True,ACCESS_LINK_FAIL
S007,Q2-010,S007-H028-Z100,109.2118354,23.01896405,386.2146301269531,1,-1.1767653505671518,8.788770063020564,False,True,ACCESS_LINK_FAIL
S007,Q2-010,S007-H028-Z200,109.2118354,23.01896405,486.2146301269531,1,-1.1794182636025,8.740809815265592,False,True,ACCESS_LINK_FAIL
S007,Q2-010,S007-H028-Z300,109.2118354,23.01896405,586.2146301269531,1,-1.2109115129729275,8.6770520099777,False,True,ACCESS_LINK_FAIL
S007,Q2-010,S007-H029-Z100,109.20828591203524,23.01250771013034,313.8253936767578,1,-1.8940697950575327,8.495454321753101,False,True,ACCESS_LINK_FAIL
S007,Q2-010,S007-H029-Z200,109.20828591203524,23.01250771013034,413.8253936767578,1,-1.8728576230674605,8.461818260753446,False,True,ACCESS_LINK_FAIL
S007,Q2-010,S007-H029-Z300,109.20828591203524,23.01250771013034,513.8253936767578,1,-1.8855413726555383,8.413083483869244,False,True,ACCESS_LINK_FAIL
S007,Q2-010,S007-H030-Z100,109.20473642407046,23.00605137026068,330.3540344238281,1,-3.230326958326941,7.340992692649081,False,True,ACCESS_LINK_FAIL
S007,Q2-010,S007-H030-Z200,109.20473642407046,23.00605137026068,430.3540344238281,1,-3.2165046650164726,7.313217495667715,False,True,ACCESS_LINK_FAIL
S007,Q2-010,S007-H030-Z300,109.20473642407046,23.00605137026068,530.3540344238281,1,-3.230371782859976,7.273809942758334,False,True,ACCESS_LINK_FAIL
S007,Q2-010,S007-H031-Z100,109.21227867092954,23.03553582223932,362.3011169433594,1,-0.5396131873601888,4.910887007924984,False,True,ACCESS_LINK_FAIL
S007,Q2-010,S007-H031-Z200,109.21227867092954,23.03553582223932,462.3011169433594,1,-0.5303835198922116,4.892814715869548,False,True,ACCESS_LINK_FAIL
S007,Q2-010,S007-H031-Z300,109.21227867092954,23.03553582223932,562.3011169433594,1,-0.5622929354288004,4.868034979546309,False,True,ACCESS_LINK_FAIL
S007,Q2-010,S007-H035-Z100,109.19808071907046,23.009710462760676,438.4009094238281,1,-1.1303798743560804,5.394971698343269,False,True,ACCESS_LINK_FAIL
S007,Q2-010,S007-H035-Z200,109.19808071907046,23.009710462760676,538.4009094238281,1,-1.1541390211966984,5.368981649090642,False,True,ACCESS_LINK_FAIL
S007,Q2-010,S007-H035-Z300,109.19808071907046,23.009710462760676,638.4009094238281,1,-1.194580881103164,5.33559226843191,False,True,ACCESS_LINK_FAIL
S008,Q2-011,S008-H000-Z100,109.2127472,23.0085095,342.0583953857422,1,-12.001676246565637,10.540839625111985,False,True,ACCESS_LINK_FAIL
S008,Q2-011,S008-H000-Z200,109.2127472,23.0085095,442.0583953857422,1,-12.003364113800075,10.480122857590871,False,True,ACCESS_LINK_FAIL
S008,Q2-011,S008-H000-Z300,109.2127472,23.0085095,542.0583953857422,1,-12.006443398442002,10.395974519882728,False,True,ACCESS_LINK_FAIL
S008,Q2-011,S008-H001-Z100,109.2127472,23.032176766666666,378.8902282714844,1,-8.48132610575692,5.770123408852783,False,True,ACCESS_LINK_FAIL
S008,Q2-011,S008-H001-Z200,109.2127472,23.032176766666666,478.8902282714844,1,-8.486274758166303,5.746730770933851,False,True,ACCESS_LINK_FAIL
S008,Q2-011,S008-H001-Z300,109.2127472,23.032176766666666,578.8902282714844,1,-8.494343560358047,5.715218835563604,False,True,ACCESS_LINK_FAIL
S008,Q2-011,S008-H002-Z100,109.2127472,23.055844033333333,372.8826904296875,1,-2.46541531215442,1.0060004626513717,False,True,ACCESS_LINK_FAIL
S008,Q2-011,S008-H002-Z200,109.2127472,23.055844033333333,472.8826904296875,1,-2.4844059481542615,0.9983431738298378,False,True,ACCESS_LINK_FAIL
S008,Q2-011,S008-H002-Z300,109.2127472,23.055844033333333,572.8826904296875,1,-2.515710014884462,0.9879249691186089,False,True,ACCESS_LINK_FAIL
S008,Q2-011,S008-H003-Z100,109.2127472,23.0795113,348.2891845703125,1,-6.444281191875547,-2.236853364295314,False,False,ACCESS_AND_BACKHAUL_FAIL
S008,Q2-011,S008-H003-Z200,109.2127472,23.0795113,448.2891845703125,1,-6.4455524513332705,-2.2401597114349556,False,False,ACCESS_AND_BACKHAUL_FAIL
S008,Q2-011,S008-H003-Z300,109.2127472,23.0795113,548.2891845703125,1,-6.451827188290537,-2.244781267599052,False,False,ACCESS_AND_BACKHAUL_FAIL
S008,Q2-011,S008-H004-Z100,109.21878203333333,23.0085095,287.0246276855469,1,-12.028334360311703,14.055289159129401,False,True,ACCESS_LINK_FAIL
S008,Q2-011,S008-H004-Z200,109.21878203333333,23.0085095,387.0246276855469,1,-12.028757325208858,13.950164169583573,False,True,ACCESS_LINK_FAIL
S008,Q2-011,S008-H004-Z300,109.21878203333333,23.0085095,487.0246276855469,1,-12.031057072341582,13.794273274659531,False,True,ACCESS_LINK_FAIL
S008,Q2-011,S008-H005-Z100,109.21878203333333,23.032176766666666,302.2667694091797,1,-8.539669404277873,6.664037048153773,False,True,ACCESS_LINK_FAIL
S008,Q2-011,S008-H005-Z200,109.21878203333333,23.032176766666666,402.2667694091797,1,-8.54156557887471,6.643123415248908,False,True,ACCESS_LINK_FAIL
S008,Q2-011,S008-H005-Z300,109.21878203333333,23.032176766666666,502.2667694091797,1,-8.547167768567022,6.6121718120314625,False,True,ACCESS_LINK_FAIL
S008,Q2-011,S008-H006-Z100,109.21878203333333,23.055844033333333,405.5211181640625,1,-2.70252968205628,1.277762702614723,False,True,ACCESS_LINK_FAIL
S008,Q2-011,S008-H006-Z200,109.21878203333333,23.055844033333333,505.5211181640625,1,-2.7243656748367044,1.2686456273815736,False,True,ACCESS_LINK_FAIL
S008,Q2-011,S008-H006-Z300,109.21878203333333,23.055844033333333,605.5211181640625,1,-2.757815494363598,1.2565961433442538,False,True,ACCESS_LINK_FAIL
S008,Q2-011,S008-H007-Z100,109.21878203333333,23.0795113,342.931640625,1,-6.240831199217524,-2.1089587824133105,False,False,ACCESS_AND_BACKHAUL_FAIL
S008,Q2-011,S008-H007-Z200,109.21878203333333,23.0795113,442.931640625,1,-6.24188222958243,-2.112291133779422,False,False,ACCESS_AND_BACKHAUL_FAIL
S008,Q2-011,S008-H007-Z300,109.21878203333333,23.0795113,542.931640625,1,-6.2481772298738605,-2.116978014532492,False,False,ACCESS_AND_BACKHAUL_FAIL
S008,Q2-011,S008-H008-Z100,109.22481686666667,23.0085095,288.0133514404297,1,-12.106857483638578,19.91225423057989,False,True,ACCESS_LINK_FAIL
S008,Q2-011,S008-H008-Z200,109.22481686666667,23.0085095,388.0133514404297,1,-12.10730003170221,19.518612848651728,False,True,ACCESS_LINK_FAIL
S008,Q2-011,S008-H008-Z300,109.22481686666667,23.0085095,488.0133514404297,1,-12.10957201080413,18.97944051813346,False,True,ACCESS_LINK_FAIL
S008,Q2-011,S008-H009-Z100,109.22481686666667,23.032176766666666,306.86363220214844,1,-8.713020007616336,7.293197754918069,False,True,ACCESS_LINK_FAIL
S008,Q2-011,S008-H009-Z200,109.22481686666667,23.032176766666666,406.86363220214844,1,-8.715117787464408,7.268491504295568,False,True,ACCESS_LINK_FAIL
S008,Q2-011,S008-H009-Z300,109.22481686666667,23.032176766666666,506.86363220214844,1,-8.720636999029608,7.232228820253894,False,True,ACCESS_LINK_FAIL
S008,Q2-011,S008-H010-Z100,109.22481686666667,23.055844033333333,298.35162353515625,1,-3.3265594145350406,1.4575939902358215,False,True,ACCESS_LINK_FAIL
S008,Q2-011,S008-H010-Z200,109.22481686666667,23.055844033333333,398.35162353515625,1,-3.3320428633812895,1.4513977390059978,False,True,ACCESS_LINK_FAIL
S008,Q2-011,S008-H010-Z300,109.22481686666667,23.055844033333333,498.35162353515625,1,-3.350206549164966,1.4421299391726734,False,True,ACCESS_LINK_FAIL
S008,Q2-011,S008-H011-Z100,109.22481686666667,23.0795113,355.6263732910156,1,-6.232585405867141,-2.0308164961755324,False,False,ACCESS_AND_BACKHAUL_FAIL
S008,Q2-011,S008-H011-Z200,109.22481686666667,23.0795113,455.6263732910156,1,-6.234305951668432,-2.034384887382629,False,False,ACCESS_AND_BACKHAUL_FAIL
S008,Q2-011,S008-H011-Z300,109.22481686666667,23.0795113,555.6263732910156,1,-6.241278382543925,-2.039331918322574,False,False,ACCESS_AND_BACKHAUL_FAIL
S008,Q2-011,S008-H012-Z100,109.2308517,23.0085095,228.7255401611328,1,-12.235569735408461,37.773336466538254,False,True,ACCESS_LINK_FAIL
S008,Q2-011,S008-H012-Z200,109.2308517,23.0085095,328.7255401611328,1,-12.234417920523526,30.79097812489792,False,True,ACCESS_LINK_FAIL
S008,Q2-011,S008-H012-Z300,109.2308517,23.0085095,428.7255401611328,1,-12.235841708920702,26.970859340833385,False,True,ACCESS_LINK_FAIL
S008,Q2-011,S008-H013-Z100,109.2308517,23.032176766666666,303.15248107910156,1,-8.987611279506808,7.525974531265277,False,True,ACCESS_LINK_FAIL
S008,Q2-011,S008-H013-Z200,109.2308517,23.032176766666666,403.15248107910156,1,-8.989371547260163,7.500373059570919,False,True,ACCESS_LINK_FAIL
S008,Q2-011,S008-H013-Z300,109.2308517,23.032176766666666,503.15248107910156,1,-8.994449856515644,7.462587391928466,False,True,ACCESS_LINK_FAIL
S008,Q2-011,S008-H014-Z100,109.2308517,23.055844033333333,298.26438903808594,1,-4.209861991771859,1.516949302329678,False,True,ACCESS_LINK_FAIL
S008,Q2-011,S008-H014-Z200,109.2308517,23.055844033333333,398.26438903808594,1,-4.214322042960774,1.510670575747497,False,True,ACCESS_LINK_FAIL
S008,Q2-011,S008-H014-Z300,109.2308517,23.055844033333333,498.26438903808594,1,-4.229144822984097,1.501278281875642,False,True,ACCESS_LINK_FAIL
S008,Q2-011,S008-H015-Z100,109.2308517,23.0795113,380.21044921875,1,-6.420948125940896,-2.0050885157204448,False,False,ACCESS_AND_BACKHAUL_FAIL
S008,Q2-011,S008-H015-Z200,109.2308517,23.0795113,480.21044921875,1,-6.423833225486561,-2.0090200843512775,False,False,ACCESS_AND_BACKHAUL_FAIL
S008,Q2-011,S008-H015-Z300,109.2308517,23.0795113,580.21044921875,1,-6.4317434662480935,-2.0143376416762635,False,False,ACCESS_AND_BACKHAUL_FAIL
S008,Q2-011,S008-H016-Z100,109.24972191340203,23.0246638799884,386.013427734375,1,-11.174769264661066,7.48639193934622,False,True,ACCESS_LINK_FAIL
S008,Q2-011,S008-H016-Z200,109.24972191340203,23.0246638799884,486.013427734375,1,-11.177551559403938,7.450831948457818,False,True,ACCESS_LINK_FAIL
S008,Q2-011,S008-H016-Z300,109.24972191340203,23.0246638799884,586.013427734375,1,-11.182015209650302,7.4033937350967705,False,True,ACCESS_LINK_FAIL
S008,Q2-011,S008-H017-Z100,109.23892896920101,23.0219118249942,280.236328125,1,-10.885638337555747,11.289100869953913,False,True,ACCESS_LINK_FAIL
S008,Q2-011,S008-H017-Z200,109.23892896920101,23.0219118249942,380.236328125,1,-10.88594155966959,11.235175006916094,False,True,ACCESS_LINK_FAIL
S008,Q2-011,S008-H017-Z300,109.23892896920101,23.0219118249942,480.236328125,1,-10.88881111070853,11.153004946378914,False,True,ACCESS_LINK_FAIL
S008,Q2-011,S008-H018-Z100,109.228136025,23.019159769999998,301.4271697998047,1,-10.823042631179845,14.175166256057452,False,True,ACCESS_LINK_FAIL
S008,Q2-011,S008-H018-Z200,109.228136025,23.019159769999998,401.4271697998047,1,-10.824132571320959,14.059026096324644,False,True,ACCESS_LINK_FAIL
S008,Q2-011,S008-H018-Z300,109.228136025,23.019159769999998,501.4271697998047,1,-10.82743019592806,13.89144802130268,False,True,ACCESS_LINK_FAIL
S008,Q2-011,S008-H019-Z100,109.21734308079898,23.016407715005798,328.73216247558594,1,-10.99678381683141,11.607030941629716,False,True,ACCESS_LINK_FAIL
S008,Q2-011,S008-H019-Z200,109.21734308079898,23.016407715005798,428.73216247558594,1,-10.9986770846659,11.533758016316341,False,True,ACCESS_LINK_FAIL
S008,Q2-011,S008-H019-Z300,109.21734308079898,23.016407715005798,528.7321624755859,1,-11.002323780079365,11.430878561107491,False,True,ACCESS_LINK_FAIL
S008,Q2-011,S008-H020-Z100,109.20655013659797,23.013655660011597,359.7143249511719,1,-11.38088945160213,7.777544564012842,False,True,ACCESS_LINK_FAIL
S008,Q2-011,S008-H020-Z200,109.20655013659797,23.013655660011597,459.7143249511719,1,-11.383120302699368,7.742983501657321,False,True,ACCESS_LINK_FAIL
S008,Q2-011,S008-H020-Z300,109.20655013659797,23.013655660011597,559.7143249511719,1,-11.386955549863217,7.695679969243741,False,True,ACCESS_LINK_FAIL
S008,Q2-011,S008-H021-Z100,109.24655362590202,23.0370891949884,285.0949249267578,1,-9.398424570960913,4.90747642531386,False,True,ACCESS_LINK_FAIL
S008,Q2-011,S008-H021-Z200,109.24655362590202,23.0370891949884,385.0949249267578,1,-9.39910063102046,4.894679599469214,False,True,ACCESS_LINK_FAIL
S008,Q2-011,S008-H021-Z300,109.24655362590202,23.0370891949884,485.0949249267578,1,-9.403264319757227,4.875126939611292,False,True,ACCESS_LINK_FAIL
S008,Q2-011,S008-H022-Z100,109.23576068170101,23.0343371399942,300.76788330078125,1,-8.937636435377257,6.63948709791832,False,True,ACCESS_LINK_FAIL
S008,Q2-011,S008-H022-Z200,109.23576068170101,23.0343371399942,400.76788330078125,1,-8.939281212570933,6.618843084505926,False,True,ACCESS_LINK_FAIL
S008,Q2-011,S008-H022-Z300,109.23576068170101,23.0343371399942,500.76788330078125,1,-8.944351222009928,6.588214376389033,False,True,ACCESS_LINK_FAIL
S008,Q2-011,S008-H023-Z100,109.2249677375,23.031585085,303.07904052734375,1,-8.820979263652987,7.513067806662946,False,True,ACCESS_LINK_FAIL
S008,Q2-011,S008-H023-Z200,109.2249677375,23.031585085,403.07904052734375,1,-8.822804070073829,7.487551181392689,False,True,ACCESS_LINK_FAIL
S008,Q2-011,S008-H023-Z300,109.2249677375,23.031585085,503.07904052734375,1,-8.828078688362197,7.449885442909363,False,True,ACCESS_LINK_FAIL
S008,Q2-011,S008-H024-Z100,109.21417479329898,23.0288330300058,400.3970642089844,1,-9.077581988360095,6.86935419770694,False,True,ACCESS_LINK_FAIL
S008,Q2-011,S008-H024-Z200,109.21417479329898,23.0288330300058,500.3970642089844,1,-9.082483057902195,6.83695312726968,False,True,ACCESS_LINK_FAIL
S008,Q2-011,S008-H024-Z300,109.21417479329898,23.0288330300058,600.3970642089844,1,-9.09010357871125,6.794219267402809,False,True,ACCESS_LINK_FAIL
S008,Q2-011,S008-H025-Z100,109.20338184909797,23.0260809750116,480.71435546875,1,-9.648567853096509,5.214791170314413,False,True,ACCESS_LINK_FAIL
S008,Q2-011,S008-H025-Z200,109.20338184909797,23.0260809750116,580.71435546875,1,-9.654787019154242,5.186767242264125,False,True,ACCESS_LINK_FAIL
S008,Q2-011,S008-H025-Z300,109.20338184909797,23.0260809750116,680.71435546875,1,-9.663385200384624,5.151682512515819,False,True,ACCESS_LINK_FAIL
S008,Q2-011,S008-H026-Z100,109.24338533840202,23.0495145099884,353.86302185058594,1,-7.269293035964111,2.428267462969643,False,True,ACCESS_LINK_FAIL
S008,Q2-011,S008-H026-Z200,109.24338533840202,23.0495145099884,453.86302185058594,1,-7.27479810894539,2.418379985501673,False,True,ACCESS_LINK_FAIL
S008,Q2-011,S008-H026-Z300,109.24338533840202,23.0495145099884,553.8630218505859,1,-7.284426693584535,2.4046699703336856,False,True,ACCESS_LINK_FAIL
S008,Q2-011,S008-H027-Z100,109.232592394201,23.046762454994198,277.5915832519531,1,-6.458521356790129,3.359110687045529,False,True,ACCESS_LINK_FAIL
S008,Q2-011,S008-H027-Z200,109.232592394201,23.046762454994198,377.5915832519531,1,-6.459094950402573,3.3505061322537415,False,True,ACCESS_LINK_FAIL
S008,Q2-011,S008-H027-Z300,109.232592394201,23.046762454994198,477.5915832519531,1,-6.466910906436496,3.3371521936744273,False,True,ACCESS_LINK_FAIL
S008,Q2-011,S008-H028-Z100,109.22179944999999,23.044010399999998,384.017822265625,1,-6.216975825572192,3.771676167306211,False,True,ACCESS_LINK_FAIL
S008,Q2-011,S008-H028-Z200,109.22179944999999,23.044010399999998,484.017822265625,1,-6.225578043497748,3.756627427440236,False,True,ACCESS_LINK_FAIL
S008,Q2-011,S008-H028-Z300,109.22179944999999,23.044010399999998,584.017822265625,1,-6.239418074619053,3.7364050242582323,False,True,ACCESS_LINK_FAIL
S008,Q2-011,S008-H029-Z100,109.21100650579898,23.041258345005797,470.7282409667969,1,-6.646406172462235,3.5177601635612206,False,True,ACCESS_LINK_FAIL
S008,Q2-011,S008-H029-Z200,109.21100650579898,23.041258345005797,570.7282409667969,1,-6.658336189553836,3.4992747181716624,False,True,ACCESS_LINK_FAIL
S008,Q2-011,S008-H029-Z300,109.21100650579898,23.041258345005797,670.7282409667969,1,-6.6749866117691,3.4759463483468096,False,True,ACCESS_LINK_FAIL
S008,Q2-011,S008-H030-Z100,109.20021356159796,23.038506290011597,590.75439453125,1,-7.583271959566304,2.6916466391406857,False,True,ACCESS_LINK_FAIL
S008,Q2-011,S008-H030-Z200,109.20021356159796,23.038506290011597,690.75439453125,1,-7.597502737591952,2.6714496771201084,False,True,ACCESS_LINK_FAIL
S008,Q2-011,S008-H030-Z300,109.20021356159796,23.038506290011597,790.75439453125,1,-7.615514197906222,2.6472802001588605,False,True,ACCESS_LINK_FAIL
S008,Q2-011,S008-H031-Z100,109.24021705090203,23.0619398249884,437.0089111328125,1,-4.754525854026397,0.3466825395474018,False,True,ACCESS_LINK_FAIL
S008,Q2-011,S008-H031-Z200,109.24021705090203,23.0619398249884,537.0089111328125,1,-4.770472131702377,0.33857116085150096,False,True,ACCESS_LINK_FAIL
S008,Q2-011,S008-H031-Z300,109.24021705090203,23.0619398249884,637.0089111328125,1,-4.793692269454908,0.32809167827915076,False,True,ACCESS_LINK_FAIL
S008,Q2-011,S008-H032-Z100,109.22942410670102,23.0591877699942,314.0303192138672,1,-3.0980825565171415,0.9209298412558695,False,True,ACCESS_LINK_FAIL
S008,Q2-011,S008-H032-Z200,109.22942410670102,23.0591877699942,414.0303192138672,1,-3.1072846455100205,0.9150257654039677,False,True,ACCESS_LINK_FAIL
S008,Q2-011,S008-H032-Z300,109.22942410670102,23.0591877699942,514.0303192138672,1,-3.1280968344130144,0.9064069183715731,False,True,ACCESS_LINK_FAIL
S008,Q2-011,S008-H033-Z100,109.2186311625,23.056435715,375.5279235839844,1,-2.4787030324424677,1.1722108983082222,False,True,ACCESS_LINK_FAIL
S008,Q2-011,S008-H033-Z200,109.2186311625,23.056435715,475.5279235839844,1,-2.4979645711720337,1.1641787428823847,False,True,ACCESS_LINK_FAIL
S008,Q2-011,S008-H033-Z300,109.2186311625,23.056435715,575.5279235839844,1,-2.5294978219918107,1.15327931678722,False,True,ACCESS_LINK_FAIL
S008,Q2-011,S008-H034-Z100,109.20783821829899,23.0536836600058,488.28167724609375,1,-3.372635130576157,1.0467619609462275,False,True,ACCESS_LINK_FAIL
S008,Q2-011,S008-H034-Z200,109.20783821829899,23.0536836600058,588.2816772460938,1,-3.3997214440924637,1.0357952498780207,False,True,ACCESS_LINK_FAIL
S008,Q2-011,S008-H034-Z300,109.20783821829899,23.0536836600058,688.2816772460938,1,-3.4366645727753564,1.0220598695607919,False,True,ACCESS_LINK_FAIL
S008,Q2-011,S008-H035-Z100,109.19704527409797,23.0509316050116,540.8557739257812,1,-5.110948960264906,0.582982912462569,False,True,ACCESS_LINK_FAIL
S008,Q2-011,S008-H035-Z200,109.19704527409797,23.0509316050116,640.8557739257812,1,-5.132683211375891,0.5718005836762075,False,True,ACCESS_LINK_FAIL
S008,Q2-011,S008-H035-Z300,109.19704527409797,23.0509316050116,740.8557739257812,1,-5.161046272512479,0.5581340698688564,False,True,ACCESS_LINK_FAIL
S008,Q2-011,S008-H036-Z100,109.23704876340203,23.0743651399884,390.0216979980469,1,-5.6618288976945195,-1.3849731091831643,False,False,ACCESS_AND_BACKHAUL_FAIL
S008,Q2-011,S008-H036-Z200,109.23704876340203,23.0743651399884,490.0216979980469,1,-5.6658528723285855,-1.3896651945692753,False,False,ACCESS_AND_BACKHAUL_FAIL
S008,Q2-011,S008-H036-Z300,109.23704876340203,23.0743651399884,590.0216979980469,1,-5.675856552777418,-1.3959544335743317,False,False,ACCESS_AND_BACKHAUL_FAIL
S008,Q2-011,S008-H037-Z100,109.22625581920101,23.0716130849942,375.2186279296875,1,-4.169697872932417,-1.0010333595749614,False,False,ACCESS_AND_BACKHAUL_FAIL
S008,Q2-011,S008-H037-Z200,109.22625581920101,23.0716130849942,475.2186279296875,1,-4.174119934180936,-1.0058994734249325,False,False,ACCESS_AND_BACKHAUL_FAIL
S008,Q2-011,S008-H037-Z300,109.22625581920101,23.0716130849942,575.2186279296875,1,-4.186970094331983,-1.0125102829863835,False,False,ACCESS_AND_BACKHAUL_FAIL
S008,Q2-011,S008-H038-Z100,109.215462875,23.06886103,317.213134765625,1,-3.4445974121779983,-0.8252012028683424,False,False,ACCESS_AND_BACKHAUL_FAIL
S008,Q2-011,S008-H038-Z200,109.215462875,23.06886103,417.213134765625,1,-3.444028047453301,-0.8292096553888655,False,False,ACCESS_AND_BACKHAUL_FAIL
S008,Q2-011,S008-H038-Z300,109.215462875,23.06886103,517.213134765625,1,-3.4534446074357277,-0.8350375690971958,False,False,ACCESS_AND_BACKHAUL_FAIL
S008,Q2-011,S008-H039-Z100,109.20466993079899,23.0661089750058,505.22357177734375,1,-3.944423797030254,-0.8963661101178388,False,False,ACCESS_AND_BACKHAUL_FAIL
S008,Q2-011,S008-H039-Z200,109.20466993079899,23.0661089750058,605.2235717773438,1,-3.960634588126524,-0.9036840184776054,False,False,ACCESS_AND_BACKHAUL_FAIL
S008,Q2-011,S008-H039-Z300,109.20466993079899,23.0661089750058,705.2235717773438,1,-3.985618263762632,-0.9127804217701083,False,False,ACCESS_AND_BACKHAUL_FAIL
S008,Q2-011,S008-H040-Z100,109.19387698659797,23.0633569200116,820.57763671875,1,-5.391727139366466,-1.2116548110503942,False,False,ACCESS_AND_BACKHAUL_FAIL
S008,Q2-011,S008-H040-Z200,109.19387698659797,23.0633569200116,920.57763671875,1,-5.4233805438321525,-1.2237199603816578,False,False,ACCESS_AND_BACKHAUL_FAIL
S008,Q2-011,S008-H040-Z300,109.19387698659797,23.0633569200116,1020.57763671875,1,-5.461091889453286,-1.2374134834575017,False,False,ACCESS_AND_BACKHAUL_FAIL
S009,Q2-012,S009-H000-Z100,109.2308517,23.0085095,228.7255401611328,1,-9.207027840811236,37.773336466538254,False,True,ACCESS_LINK_FAIL
S009,Q2-012,S009-H000-Z200,109.2308517,23.0085095,328.7255401611328,1,-9.207768420141292,30.79097812489792,False,True,ACCESS_LINK_FAIL
S009,Q2-012,S009-H000-Z300,109.2308517,23.0085095,428.7255401611328,1,-9.211709801147379,26.970859340833385,False,True,ACCESS_LINK_FAIL
S009,Q2-012,S009-H001-Z100,109.2308517,23.024105966666667,324.20152282714844,1,-6.53930193080852,11.11878670656418,False,True,ACCESS_LINK_FAIL
S009,Q2-012,S009-H001-Z200,109.2308517,23.024105966666667,424.20152282714844,1,-6.546363859042515,11.054522461106885,False,True,ACCESS_LINK_FAIL
S009,Q2-012,S009-H001-Z300,109.2308517,23.024105966666667,524.2015228271484,1,-6.558296923389875,10.963527663393833,False,True,ACCESS_LINK_FAIL
S009,Q2-012,S009-H002-Z100,109.2308517,23.039702433333332,325.04798889160156,1,-3.448959222293837,5.131600075912559,False,True,ACCESS_LINK_FAIL
S009,Q2-012,S009-H002-Z200,109.2308517,23.039702433333332,425.04798889160156,1,-3.4634179288573392,5.115259377159916,False,True,ACCESS_LINK_FAIL
S009,Q2-012,S009-H002-Z300,109.2308517,23.039702433333332,525.0479888916016,1,-3.4877360304055003,5.091838624840122,False,True,ACCESS_LINK_FAIL
S009,Q2-012,S009-H003-Z100,109.2308517,23.0552989,295.2538757324219,1,-1.6028141986126059,1.6176224292966879,False,True,ACCESS_LINK_FAIL
S009,Q2-012,S009-H003-Z200,109.2308517,23.0552989,395.2538757324219,1,-1.6203825978903126,1.611292948665735,False,True,ACCESS_LINK_FAIL
S009,Q2-012,S009-H003-Z300,109.2308517,23.0552989,495.2538757324219,1,-1.6530051072154635,1.6017769185383202,False,True,ACCESS_LINK_FAIL
S009,Q2-012,S009-H004-Z100,109.23861526666667,23.0085095,327.4236602783203,1,-8.767674796182206,17.726181179669638,False,True,ACCESS_LINK_FAIL
S009,Q2-012,S009-H004-Z200,109.23861526666667,23.0085095,427.4236602783203,1,-8.771998145381616,17.43548148354931,False,True,ACCESS_LINK_FAIL
S009,Q2-012,S009-H004-Z300,109.23861526666667,23.0085095,527.4236602783203,1,-8.77924443750932,17.049562431376827,False,True,ACCESS_LINK_FAIL
S009,Q2-012,S009-H005-Z100,109.23861526666667,23.024105966666667,319.9192657470703,1,-5.687062686492084,10.300695522239167,False,True,ACCESS_LINK_FAIL
S009,Q2-012,S009-H005-Z200,109.23861526666667,23.024105966666667,419.9192657470703,1,-5.695399328269289,10.248399264290413,False,True,ACCESS_LINK_FAIL
S009,Q2-012,S009-H005-Z300,109.23861526666667,23.024105966666667,519.9192657470703,1,-5.709657009547541,10.173670734790164,False,True,ACCESS_LINK_FAIL
S009,Q2-012,S009-H006-Z100,109.23861526666667,23.039702433333332,249.33755493164062,1,-1.485457955514633,4.917252273462424,False,True,ACCESS_LINK_FAIL
S009,Q2-012,S009-H006-Z200,109.23861526666667,23.039702433333332,349.3375549316406,1,-1.4951098542739345,4.906871024056812,False,True,ACCESS_LINK_FAIL
S009,Q2-012,S009-H006-Z300,109.23861526666667,23.039702433333332,449.3375549316406,1,-1.5215434800889938,4.88969825110928,False,True,ACCESS_LINK_FAIL
S009,Q2-012,S009-H008-Z100,109.24637883333334,23.0085095,426.10174560546875,1,-8.485047541980265,11.79098469905692,False,True,ACCESS_LINK_FAIL
S009,Q2-012,S009-H008-Z200,109.24637883333334,23.0085095,526.1017456054688,1,-8.492747027370058,11.682762003790785,False,True,ACCESS_LINK_FAIL
S009,Q2-012,S009-H008-Z300,109.24637883333334,23.0085095,626.1017456054688,1,-8.5035520458608,11.545520932789074,False,True,ACCESS_LINK_FAIL
S009,Q2-012,S009-H009-Z100,109.24637883333334,23.024105966666667,399.4731140136719,1,-5.089045993831675,8.466582358966974,False,True,ACCESS_LINK_FAIL
S009,Q2-012,S009-H009-Z200,109.24637883333334,23.024105966666667,499.4731140136719,1,-5.1040415825829655,8.41999755754452,False,True,ACCESS_LINK_FAIL
S009,Q2-012,S009-H009-Z300,109.24637883333334,23.024105966666667,599.4731140136719,1,-5.125777585999543,8.358741223760745,False,True,ACCESS_LINK_FAIL
S009,Q2-012,S009-H012-Z100,109.2541424,23.0085095,430.30194091796875,1,-8.385318115542105,8.33982578513617,False,True,ACCESS_LINK_FAIL
S009,Q2-012,S009-H012-Z200,109.2541424,23.0085095,530.3019409179688,1,-8.393330624149812,8.289977599579316,False,True,ACCESS_LINK_FAIL
S009,Q2-012,S009-H012-Z300,109.2541424,23.0085095,630.3019409179688,1,-8.404519506501273,8.225986506218007,False,True,ACCESS_LINK_FAIL
S009,Q2-012,S009-H013-Z100,109.2541424,23.024105966666667,299.1774139404297,1,-4.85878782733171,6.54410123022781,False,True,ACCESS_LINK_FAIL
S009,Q2-012,S009-H013-Z200,109.2541424,23.024105966666667,399.1774139404297,1,-4.867380381258641,6.524062464972985,False,True,ACCESS_LINK_FAIL
S009,Q2-012,S009-H013-Z300,109.2541424,23.024105966666667,499.1774139404297,1,-4.883138573807543,6.494249421509764,False,True,ACCESS_LINK_FAIL
S009,Q2-012,S009-H016-Z100,109.25002961191683,23.00772061845303,367.5867919921875,1,-8.55443644154073,10.025342812058625,False,True,ACCESS_LINK_FAIL
S009,Q2-012,S009-H016-Z200,109.25002961191683,23.00772061845303,467.5867919921875,1,-8.560213496748517,9.965780549606421,False,True,ACCESS_LINK_FAIL
S009,Q2-012,S009-H016-Z300,109.25002961191683,23.00772061845303,567.5867919921875,1,-8.569055327764588,9.88545362638898,False,True,ACCESS_LINK_FAIL
S009,Q2-012,S009-H017-Z100,109.24218745845842,23.011624264226516,363.38336181640625,1,-8.050892947281085,14.148673243548302,False,True,ACCESS_LINK_FAIL
S009,Q2-012,S009-H017-Z200,109.24218745845842,23.011624264226516,463.38336181640625,1,-8.057234422699622,13.998722249001489,False,True,ACCESS_LINK_FAIL
S009,Q2-012,S009-H017-Z300,109.24218745845842,23.011624264226516,563.3833618164062,1,-8.067015766797255,13.800449573666938,False,True,ACCESS_LINK_FAIL
S009,Q2-012,S009-H018-Z100,109.234345305,23.01552791,296.62066650390625,1,-7.79566917740722,17.14292355701116,False,True,ACCESS_LINK_FAIL
S009,Q2-012,S009-H018-Z200,109.234345305,23.01552791,396.62066650390625,1,-7.799947085784964,16.921068626720384,False,True,ACCESS_LINK_FAIL
S009,Q2-012,S009-H018-Z300,109.234345305,23.01552791,496.62066650390625,1,-7.807882053439414,16.607643301817006,False,True,ACCESS_LINK_FAIL
S009,Q2-012,S009-H019-Z100,109.22650315154159,23.019431555773483,284.64564514160156,1,-7.840332123095578,13.662283482175937,False,True,ACCESS_LINK_FAIL
S009,Q2-012,S009-H019-Z200,109.22650315154159,23.019431555773483,384.64564514160156,1,-7.8441316956797635,13.567348754642296,False,True,ACCESS_LINK_FAIL
S009,Q2-012,S009-H019-Z300,109.22650315154159,23.019431555773483,484.64564514160156,1,-7.851552569233689,13.425553321839487,False,True,ACCESS_LINK_FAIL
S009,Q2-012,S009-H020-Z100,109.21866099808318,23.02333520154697,317.07298278808594,1,-8.175081022603067,9.607896706617481,False,True,ACCESS_LINK_FAIL
S009,Q2-012,S009-H020-Z200,109.21866099808318,23.02333520154697,417.07298278808594,1,-8.179688361562029,9.563840719156445,False,True,ACCESS_LINK_FAIL
S009,Q2-012,S009-H020-Z300,109.21866099808318,23.02333520154697,517.0729827880859,1,-8.187645411888553,9.500490564618516,False,True,ACCESS_LINK_FAIL
S009,Q2-012,S009-H021-Z100,109.25410548441683,23.015908763453027,454.3470764160156,1,-6.8950683875519445,7.860023648249495,False,True,ACCESS_LINK_FAIL
S009,Q2-012,S009-H021-Z200,109.25410548441683,23.015908763453027,554.3470764160156,1,-6.907439580533847,7.8121515985966,False,True,ACCESS_LINK_FAIL
S009,Q2-012,S009-H021-Z300,109.25410548441683,23.015908763453027,654.3470764160156,1,-6.92426344702119,7.751617177289987,False,True,ACCESS_LINK_FAIL
S009,Q2-012,S009-H022-Z100,109.24626333095841,23.019812409226514,318.979248046875,1,-6.157017732904478,9.821072081866674,False,True,ACCESS_LINK_FAIL
S009,Q2-012,S009-H022-Z200,109.24626333095841,23.019812409226514,418.979248046875,1,-6.164449863205704,9.774411562263708,False,True,ACCESS_LINK_FAIL
S009,Q2-012,S009-H022-Z300,109.24626333095841,23.019812409226514,518.979248046875,1,-6.177199984969036,9.707544387682262,False,True,ACCESS_LINK_FAIL
S009,Q2-012,S009-H023-Z100,109.2384211775,23.023716054999998,282.5525360107422,1,-5.793355314705124,10.533086178121621,False,True,ACCESS_LINK_FAIL
S009,Q2-012,S009-H023-Z200,109.2384211775,23.023716054999998,382.5525360107422,1,-5.799319476565103,10.487158718440412,False,True,ACCESS_LINK_FAIL
S009,Q2-012,S009-H023-Z300,109.2384211775,23.023716054999998,482.5525360107422,1,-5.811075341883338,10.417323210212302,False,True,ACCESS_LINK_FAIL
S009,Q2-012,S009-H024-Z100,109.23057902404159,23.02761970077348,270.0989532470703,1,-5.898487351383295,9.38362686144454,False,True,ACCESS_LINK_FAIL
S009,Q2-012,S009-H024-Z200,109.23057902404159,23.02761970077348,370.0989532470703,1,-5.903602426570416,9.350704804753548,False,True,ACCESS_LINK_FAIL
S009,Q2-012,S009-H024-Z300,109.23057902404159,23.02761970077348,470.0989532470703,1,-5.9143749521897035,9.299189721622355,False,True,ACCESS_LINK_FAIL
S009,Q2-012,S009-H025-Z100,109.22273687058318,23.03152334654697,301.0358581542969,1,-6.44126800021084,7.335251497979726,False,True,ACCESS_LINK_FAIL
S009,Q2-012,S009-H025-Z200,109.22273687058318,23.03152334654697,401.0358581542969,1,-6.447331464659953,7.310998652123828,False,True,ACCESS_LINK_FAIL
S009,Q2-012,S009-H025-Z300,109.22273687058318,23.03152334654697,501.0358581542969,1,-6.458382772977757,7.275068202902403,False,True,ACCESS_LINK_FAIL
S009,Q2-012,S009-H026-Z100,109.25818135691682,23.02409690845303,377.62933349609375,1,-4.928548371524911,5.57902941006752,False,True,ACCESS_LINK_FAIL
S009,Q2-012,S009-H026-Z200,109.25818135691682,23.02409690845303,477.62933349609375,1,-4.942561416586884,5.5567412992016045,False,True,ACCESS_LINK_FAIL
S009,Q2-012,S009-H026-Z300,109.25818135691682,23.02409690845303,577.6293334960938,1,-4.963580076520714,5.526672958564191,False,True,ACCESS_LINK_FAIL
S009,Q2-012,S009-H027-Z100,109.25033920345841,23.028000554226516,293.2117614746094,1,-3.771352362732827,6.552304392624606,False,True,ACCESS_LINK_FAIL
S009,Q2-012,S009-H027-Z200,109.25033920345841,23.028000554226516,393.2117614746094,1,-3.7818349591714764,6.532820955151124,False,True,ACCESS_LINK_FAIL
S009,Q2-012,S009-H027-Z300,109.25033920345841,23.028000554226516,493.2117614746094,1,-3.8015084038789695,6.503537073721233,False,True,ACCESS_LINK_FAIL
S009,Q2-012,S009-H028-Z100,109.24249705,23.0319042,256.3206329345703,1,-3.18659872386543,6.807870149575322,False,True,ACCESS_LINK_FAIL
S009,Q2-012,S009-H028-Z200,109.24249705,23.0319042,356.3206329345703,1,-3.1943318451611873,6.791099700525351,False,True,ACCESS_LINK_FAIL
S009,Q2-012,S009-H028-Z300,109.24249705,23.0319042,456.3206329345703,1,-3.212960220948503,6.76389468551514,False,True,ACCESS_LINK_FAIL
S009,Q2-012,S009-H029-Z100,109.23465489654158,23.035807845773483,299.88690185546875,1,-3.4395532178483137,6.219773228107272,False,True,ACCESS_LINK_FAIL
S009,Q2-012,S009-H029-Z200,109.23465489654158,23.035807845773483,399.88690185546875,1,-3.4515331420960678,6.201107989995023,False,True,ACCESS_LINK_FAIL
S009,Q2-012,S009-H029-Z300,109.23465489654158,23.035807845773483,499.88690185546875,1,-3.473420232023969,6.1733597733905015,False,True,ACCESS_LINK_FAIL
S009,Q2-012,S009-H030-Z100,109.22681274308317,23.03971149154697,378.41082763671875,1,-4.4086433853017155,5.060304032980099,False,True,ACCESS_LINK_FAIL
S009,Q2-012,S009-H030-Z200,109.22681274308317,23.03971149154697,478.41082763671875,1,-4.424497604866076,5.040464383349274,False,True,ACCESS_LINK_FAIL
S009,Q2-012,S009-H030-Z300,109.22681274308317,23.03971149154697,578.4108276367188,1,-4.448233971864312,5.013701086862724,False,True,ACCESS_LINK_FAIL
S009,Q2-012,S009-H031-Z100,109.26225722941683,23.03228505345303,367.56793212890625,1,-2.6620044452368887,3.547893133666051,False,True,ACCESS_LINK_FAIL
S009,Q2-012,S009-H031-Z200,109.26225722941683,23.03228505345303,467.56793212890625,1,-2.6843955180231944,3.5344189178222223,False,True,ACCESS_LINK_FAIL
S009,Q2-012,S009-H031-Z300,109.26225722941683,23.03228505345303,567.5679321289062,1,-2.7185015563003105,3.5160194583977784,False,True,ACCESS_LINK_FAIL
S009,Q2-012,S009-H032-Z100,109.25441507595842,23.036188699226518,286.9644317626953,1,-0.605109641332362,4.096463712313991,False,True,ACCESS_LINK_FAIL
S009,Q2-012,S009-H032-Z200,109.25441507595842,23.036188699226518,386.9644317626953,1,-0.625618399929408,4.085738255868222,False,True,ACCESS_LINK_FAIL
S009,Q2-012,S009-H032-Z300,109.25441507595842,23.036188699226518,486.9644317626953,1,-0.6650276990174717,4.06939689099228,False,True,ACCESS_LINK_FAIL
S009,Q2-012,S009-H034-Z100,109.2387307690416,23.043995990773485,277.9567413330078,1,-0.15017346417565136,3.840561187174771,False,True,ACCESS_LINK_FAIL
S009,Q2-012,S009-H034-Z200,109.2387307690416,23.043995990773485,377.9567413330078,1,-0.17102848390283043,3.83092949152406,False,True,ACCESS_LINK_FAIL
S009,Q2-012,S009-H034-Z300,109.2387307690416,23.043995990773485,477.9567413330078,1,-0.2128702943658709,3.8159967702966924,False,True,ACCESS_LINK_FAIL
S009,Q2-012,S009-H035-Z100,109.23088861558318,23.047899636546973,301.67103576660156,1,-2.079566626554083,3.110947263932843,False,True,ACCESS_LINK_FAIL
S009,Q2-012,S009-H035-Z200,109.23088861558318,23.047899636546973,401.67103576660156,1,-2.096186819383874,3.101733454065183,False,True,ACCESS_LINK_FAIL
S009,Q2-012,S009-H035-Z300,109.23088861558318,23.047899636546973,501.67103576660156,1,-2.1263044157713438,3.0880385997548814,False,True,ACCESS_LINK_FAIL
S009,Q2-012,S009-H036-Z100,109.26633310191683,23.04047319845303,403.43963623046875,1,-0.39351005363099034,1.8152071928141567,False,True,ACCESS_LINK_FAIL
S009,Q2-012,S009-H036-Z200,109.26633310191683,23.04047319845303,503.43963623046875,1,-0.43836407333122906,1.8049601912295117,False,True,ACCESS_LINK_FAIL
S009,Q2-012,S009-H036-Z300,109.26633310191683,23.04047319845303,603.4396362304688,1,-0.502482631922561,1.7913988700249632,False,True,ACCESS_LINK_FAIL
S009,Q2-012,S009-H040-Z100,109.23496448808318,23.05608778154697,354.3583984375,1,-0.47257554781917577,1.4419013128787697,False,True,ACCESS_LINK_FAIL
S009,Q2-012,S009-H040-Z200,109.23496448808318,23.05608778154697,454.3583984375,1,-0.49453946930967163,1.434005668860351,False,True,ACCESS_LINK_FAIL
S009,Q2-012,S009-H040-Z300,109.23496448808318,23.05608778154697,554.3583984375,1,-0.5359641200182352,1.4230574798150997,False,True,ACCESS_LINK_FAIL
S010,Q2-013,S010-H000-Z100,109.2308517,23.0085095,228.7255401611328,1,-7.64841021086589,37.773336466538254,False,True,ACCESS_LINK_FAIL
S010,Q2-013,S010-H000-Z200,109.2308517,23.0085095,328.7255401611328,1,-7.642448825705614,30.79097812489792,False,True,ACCESS_LINK_FAIL
S010,Q2-013,S010-H000-Z300,109.2308517,23.0085095,428.7255401611328,1,-7.641406694716295,26.970859340833385,False,True,ACCESS_LINK_FAIL
S010,Q2-013,S010-H001-Z100,109.2308517,23.012139966666666,227.1265106201172,1,-7.4910400513222015,23.659867138778438,False,True,ACCESS_LINK_FAIL
S010,Q2-013,S010-H001-Z200,109.2308517,23.012139966666666,327.1265106201172,1,-7.484795493227907,23.041877866883368,False,True,ACCESS_LINK_FAIL
S010,Q2-013,S010-H001-Z300,109.2308517,23.012139966666666,427.1265106201172,1,-7.483598785606816,22.124797189484966,False,True,ACCESS_LINK_FAIL
S010,Q2-013,S010-H002-Z100,109.2308517,23.015770433333334,280.2816619873047,1,-7.389830674108126,17.6886555590263,False,True,ACCESS_LINK_FAIL
S010,Q2-013,S010-H002-Z200,109.2308517,23.015770433333334,380.2816619873047,1,-7.3855832981435725,17.457993918642174,False,True,ACCESS_LINK_FAIL
S010,Q2-013,S010-H002-Z300,109.2308517,23.015770433333334,480.2816619873047,1,-7.388303988618986,17.123529727637802,False,True,ACCESS_LINK_FAIL
S010,Q2-013,S010-H003-Z100,109.2308517,23.0194009,237.0884552001953,1,-7.359974392447995,14.258794095921687,False,True,ACCESS_LINK_FAIL
S010,Q2-013,S010-H003-Z200,109.2308517,23.0194009,337.0884552001953,1,-7.3539431342177295,14.177460499116464,False,True,ACCESS_LINK_FAIL
S010,Q2-013,S010-H003-Z300,109.2308517,23.0194009,437.0884552001953,1,-7.35345485115576,14.041235445989031,False,True,ACCESS_LINK_FAIL
S010,Q2-013,S010-H004-Z100,109.24590673333333,23.0085095,437.39483642578125,1,-4.456755318323545,12.03959706737092,False,True,ACCESS_LINK_FAIL
S010,Q2-013,S010-H004-Z200,109.24590673333333,23.0085095,537.3948364257812,1,-4.467492925799718,11.9211969892051,False,True,ACCESS_LINK_FAIL
S010,Q2-013,S010-H004-Z300,109.24590673333333,23.0085095,637.3948364257812,1,-4.486074921582215,11.772584253479621,False,True,ACCESS_LINK_FAIL
S010,Q2-013,S010-H005-Z100,109.24590673333333,23.012139966666666,364.3828125,1,-4.1206224087032695,11.822518388046461,False,True,ACCESS_LINK_FAIL
S010,Q2-013,S010-H005-Z200,109.24590673333333,23.012139966666666,464.3828125,1,-4.123890074390729,11.73379463267699,False,True,ACCESS_LINK_FAIL
S010,Q2-013,S010-H005-Z300,109.24590673333333,23.012139966666666,564.3828125,1,-4.137781971266591,11.614687480951858,False,True,ACCESS_LINK_FAIL
S010,Q2-013,S010-H006-Z100,109.24590673333333,23.015770433333334,295.66957092285156,1,-3.9128337072670547,11.105571630188393,False,True,ACCESS_LINK_FAIL
S010,Q2-013,S010-H006-Z200,109.24590673333333,23.015770433333334,395.66957092285156,1,-3.9049081374487713,11.04952018575544,False,True,ACCESS_LINK_FAIL
S010,Q2-013,S010-H006-Z300,109.24590673333333,23.015770433333334,495.66957092285156,1,-3.9133565021439836,10.966496326255992,False,True,ACCESS_LINK_FAIL
S010,Q2-013,S010-H007-Z100,109.24590673333333,23.0194009,320.75518798828125,1,-3.8361755942810163,10.06763416058729,False,True,ACCESS_LINK_FAIL
S010,Q2-013,S010-H007-Z200,109.24590673333333,23.0194009,420.75518798828125,1,-3.8323310025405988,10.017869399750495,False,True,ACCESS_LINK_FAIL
S010,Q2-013,S010-H007-Z300,109.24590673333333,23.0194009,520.7551879882812,1,-3.8432095923954677,9.94679034392506,False,True,ACCESS_LINK_FAIL
S010,Q2-013,S010-H008-Z300,109.26096176666667,23.0085095,695.3457336425781,1,-0.030224849631352413,6.034827710369711,False,True,ACCESS_LINK_FAIL
S010,Q2-013,S010-H016-Z100,109.24091174799678,22.996519604671242,525.4748840332031,1,-6.93516983111553,11.20312335753502,False,True,ACCESS_LINK_FAIL
S010,Q2-013,S010-H016-Z200,109.24091174799678,22.996519604671242,625.4748840332031,1,-6.945175009270798,11.080208558980118,False,True,ACCESS_LINK_FAIL
S010,Q2-013,S010-H016-Z300,109.24091174799678,22.996519604671242,725.4748840332031,1,-6.9596086097552785,10.9332024687197,False,True,ACCESS_LINK_FAIL
S010,Q2-013,S010-H017-Z100,109.2392691064984,23.00333140733562,374.64544677734375,1,-6.44531346966906,15.433353645611916,False,True,ACCESS_LINK_FAIL
S010,Q2-013,S010-H017-Z200,109.2392691064984,23.00333140733562,474.64544677734375,1,-6.448172434594142,15.224669058624912,False,True,ACCESS_LINK_FAIL
S010,Q2-013,S010-H017-Z300,109.2392691064984,23.00333140733562,574.6454467773438,1,-6.45682504244337,14.955842880916208,False,True,ACCESS_LINK_FAIL
S010,Q2-013,S010-H018-Z100,109.237626465,23.01014321,296.00819396972656,1,-6.233783054432607,18.655848436075942,False,True,ACCESS_LINK_FAIL
S010,Q2-013,S010-H018-Z200,109.237626465,23.01014321,396.00819396972656,1,-6.229173150614471,18.345704829997217,False,True,ACCESS_LINK_FAIL
S010,Q2-013,S010-H018-Z300,109.237626465,23.01014321,496.00819396972656,1,-6.234139997807347,17.91727953202583,False,True,ACCESS_LINK_FAIL
S010,Q2-013,S010-H019-Z100,109.23598382350161,23.01695501266438,266.99253845214844,1,-6.330679565169504,15.256330392540349,False,True,ACCESS_LINK_FAIL
S010,Q2-013,S010-H019-Z200,109.23598382350161,23.01695501266438,366.99253845214844,1,-6.324574084760229,15.132647726808472,False,True,ACCESS_LINK_FAIL
S010,Q2-013,S010-H019-Z300,109.23598382350161,23.01695501266438,466.99253845214844,1,-6.326788763622972,14.942888297636657,False,True,ACCESS_LINK_FAIL
S010,Q2-013,S010-H020-Z100,109.23434118200323,23.023766815328756,276.224609375,1,-6.715430744837093,11.14237924593698,False,True,ACCESS_LINK_FAIL
S010,Q2-013,S010-H020-Z200,109.23434118200323,23.023766815328756,376.224609375,1,-6.710278268827068,11.09137339259864,False,True,ACCESS_LINK_FAIL
S010,Q2-013,S010-H020-Z300,109.23434118200323,23.023766815328756,476.224609375,1,-6.713104929949182,11.012974154056508,False,True,ACCESS_LINK_FAIL
S010,Q2-013,S010-H021-Z100,109.24881564049677,22.998425599671243,468.0911865234375,1,-5.26133635111897,9.187672813504449,False,True,ACCESS_LINK_FAIL
S010,Q2-013,S010-H021-Z200,109.24881564049677,22.998425599671243,568.0911865234375,1,-5.272274589325619,9.120329697279615,False,True,ACCESS_LINK_FAIL
S010,Q2-013,S010-H021-Z300,109.24881564049677,22.998425599671243,668.0911865234375,1,-5.289725550075772,9.03628315866466,False,True,ACCESS_LINK_FAIL
S010,Q2-013,S010-H022-Z100,109.2471729989984,23.00523740233562,499.6669006347656,1,-4.553143924228863,11.10742819582164,False,True,ACCESS_LINK_FAIL
S010,Q2-013,S010-H022-Z200,109.2471729989984,23.00523740233562,599.6669006347656,1,-4.568453691556115,10.994317906267781,False,True,ACCESS_LINK_FAIL
S010,Q2-013,S010-H022-Z300,109.2471729989984,23.00523740233562,699.6669006347656,1,-4.591391808487032,10.857083230850435,False,True,ACCESS_LINK_FAIL
S010,Q2-013,S010-H023-Z100,109.2455303575,23.012049205,354.3456573486328,1,-4.229108516355552,12.045840787755822,False,True,ACCESS_LINK_FAIL
S010,Q2-013,S010-H023-Z200,109.2455303575,23.012049205,454.3456573486328,1,-4.230755319532392,11.955962841153465,False,True,ACCESS_LINK_FAIL
S010,Q2-013,S010-H023-Z300,109.2455303575,23.012049205,554.3456573486328,1,-4.243475520270735,11.834074727624483,False,True,ACCESS_LINK_FAIL
S010,Q2-013,S010-H024-Z100,109.24388771600161,23.01886100766438,294.9640197753906,1,-4.403262060410881,10.99487239713082,False,True,ACCESS_LINK_FAIL
S010,Q2-013,S010-H024-Z200,109.24388771600161,23.01886100766438,394.9640197753906,1,-4.396079248572946,10.940416331563554,False,True,ACCESS_LINK_FAIL
S010,Q2-013,S010-H024-Z300,109.24388771600161,23.01886100766438,494.9640197753906,1,-4.403568422125829,10.859623124643235,False,True,ACCESS_LINK_FAIL
S010,Q2-013,S010-H025-Z100,109.24224507450323,23.025672810328757,343.4394226074219,1,-5.003238467977496,8.92113562911301,False,True,ACCESS_LINK_FAIL
S010,Q2-013,S010-H025-Z200,109.24224507450323,23.025672810328757,443.4394226074219,1,-5.003215490864164,8.878993509352696,False,True,ACCESS_LINK_FAIL
S010,Q2-013,S010-H025-Z300,109.24224507450323,23.025672810328757,543.4394226074219,1,-5.013105975619908,8.820386253703134,False,True,ACCESS_LINK_FAIL
S010,Q2-013,S010-H026-Z100,109.25671953299677,23.00033159467124,340.04139709472656,1,-3.3001949244012962,6.98413799374444,False,True,ACCESS_LINK_FAIL
S010,Q2-013,S010-H026-Z200,109.25671953299677,23.00033159467124,440.04139709472656,1,-3.2995146899819616,6.957485069232945,False,True,ACCESS_LINK_FAIL
S010,Q2-013,S010-H026-Z300,109.25671953299677,23.00033159467124,540.0413970947266,1,-3.3137982650066533,6.920110632684327,False,True,ACCESS_LINK_FAIL
S010,Q2-013,S010-H027-Z100,109.25507689149839,23.007143397335618,368.3278503417969,1,-2.1534951558904822,8.00835010917045,False,True,ACCESS_LINK_FAIL
S010,Q2-013,S010-H027-Z200,109.25507689149839,23.007143397335618,468.3278503417969,1,-2.1596095155067303,7.9707177614386495,False,True,ACCESS_LINK_FAIL
S010,Q2-013,S010-H027-Z300,109.25507689149839,23.007143397335618,568.3278503417969,1,-2.181953791998893,7.919703289353919,False,True,ACCESS_LINK_FAIL
S010,Q2-013,S010-H028-Z100,109.25343425,23.013955199999998,433.7569885253906,1,-1.624807456892995,8.318515574420658,False,True,ACCESS_LINK_FAIL
S010,Q2-013,S010-H028-Z200,109.25343425,23.013955199999998,533.7569885253906,1,-1.6448449745189748,8.268397661913596,False,True,ACCESS_LINK_FAIL
S010,Q2-013,S010-H028-Z300,109.25343425,23.013955199999998,633.7569885253906,1,-1.6798220927360887,8.204216614059149,False,True,ACCESS_LINK_FAIL
S010,Q2-013,S010-H029-Z100,109.2517916085016,23.02076700266438,321.9893798828125,1,-1.9666059470809785,7.829151300237697,False,True,ACCESS_LINK_FAIL
S010,Q2-013,S010-H029-Z200,109.2517916085016,23.02076700266438,421.9893798828125,1,-1.9610110235939118,7.799196802299363,False,True,ACCESS_LINK_FAIL
S010,Q2-013,S010-H029-Z300,109.2517916085016,23.02076700266438,521.9893798828125,1,-1.9779107084972196,7.756249089366349,False,True,ACCESS_LINK_FAIL
S010,Q2-013,S010-H030-Z100,109.25014896700323,23.027578805328755,312.8986053466797,1,-3.00374830331063,6.690437076107031,False,True,ACCESS_LINK_FAIL
S010,Q2-013,S010-H030-Z200,109.25014896700323,23.027578805328755,412.8986053466797,1,-2.997489441618768,6.66830547162337,False,True,ACCESS_LINK_FAIL
S010,Q2-013,S010-H030-Z300,109.25014896700323,23.027578805328755,512.8986053466797,1,-3.0098023819844855,6.636091820819459,False,True,ACCESS_LINK_FAIL
S010,Q2-013,S010-H031-Z100,109.26462342549677,23.002237589671243,436.00469970703125,1,-1.0519068665837068,4.970793739254162,False,True,ACCESS_LINK_FAIL
S010,Q2-013,S010-H031-Z200,109.26462342549677,23.002237589671243,536.0046997070312,1,-1.0751501712612423,4.947380956772307,False,True,ACCESS_LINK_FAIL
S010,Q2-013,S010-H031-Z300,109.26462342549677,23.002237589671243,636.0046997070312,1,-1.115391698819792,4.917234047353901,False,True,ACCESS_LINK_FAIL
S010,Q2-013,S010-H035-Z100,109.25805285950322,23.029484800328756,285.8714141845703,1,-0.7382025323541086,4.736848085613985,False,True,ACCESS_LINK_FAIL
S010,Q2-013,S010-H035-Z200,109.25805285950322,23.029484800328756,385.8714141845703,1,-0.7195676487776979,4.72449267080512,False,True,ACCESS_LINK_FAIL
S010,Q2-013,S010-H035-Z300,109.25805285950322,23.029484800328756,485.8714141845703,1,-0.7340993460338154,4.705639086164609,False,True,ACCESS_LINK_FAIL
S012,Q2-015,S012-H000-Z100,109.2308517,23.0085095,228.7255401611328,1,-11.440515160998089,37.773336466538254,False,True,ACCESS_LINK_FAIL
S012,Q2-015,S012-H000-Z200,109.2308517,23.0085095,328.7255401611328,1,-11.438380849316331,30.79097812489792,False,True,ACCESS_LINK_FAIL
S012,Q2-015,S012-H000-Z300,109.2308517,23.0085095,428.7255401611328,1,-11.439572494575117,26.970859340833385,False,True,ACCESS_LINK_FAIL
S012,Q2-015,S012-H001-Z100,109.2308517,23.023827666666666,318.5518341064453,1,-10.101835896533771,11.276450542368096,False,True,ACCESS_LINK_FAIL
S012,Q2-015,S012-H001-Z200,109.2308517,23.023827666666666,418.5518341064453,1,-10.102944396225382,11.211477952968522,False,True,ACCESS_LINK_FAIL
S012,Q2-015,S012-H001-Z300,109.2308517,23.023827666666666,518.5518341064453,1,-10.10701472976531,11.1187851049269,False,True,ACCESS_LINK_FAIL
S012,Q2-015,S012-H002-Z100,109.2308517,23.039145833333333,348.03125,1,-9.043047410724398,5.284335040609378,False,True,ACCESS_LINK_FAIL
S012,Q2-015,S012-H002-Z200,109.2308517,23.039145833333333,448.03125,1,-9.046302040466315,5.265703299443359,False,True,ACCESS_LINK_FAIL
S012,Q2-015,S012-H002-Z300,109.2308517,23.039145833333333,548.03125,1,-9.052303037915621,5.239762204771864,False,True,ACCESS_LINK_FAIL
S012,Q2-015,S012-H003-Z100,109.2308517,23.054464,321.9502258300781,1,-8.624551799211801,1.772455600692851,False,True,ACCESS_LINK_FAIL
S012,Q2-015,S012-H003-Z200,109.2308517,23.054464,421.9502258300781,1,-8.626349881285037,1.7650109734884296,False,True,ACCESS_LINK_FAIL
S012,Q2-015,S012-H003-Z300,109.2308517,23.054464,521.9502258300781,1,-8.632170265440251,1.7542690768432436,False,True,ACCESS_LINK_FAIL
S012,Q2-015,S012-H004-Z100,109.2482797,23.0085095,407.6015319824219,1,-9.948636620112978,10.827902245510188,False,True,ACCESS_LINK_FAIL
S012,Q2-015,S012-H004-Z200,109.2482797,23.0085095,507.6015319824219,1,-9.952609541446364,10.745840417720956,False,True,ACCESS_LINK_FAIL
S012,Q2-015,S012-H004-Z300,109.2482797,23.0085095,607.6015319824219,1,-9.958809666220404,10.6396271218441,False,True,ACCESS_LINK_FAIL
S012,Q2-015,S012-H005-Z100,109.2482797,23.023827666666666,423.1469421386719,1,-7.919654349313831,8.050778534907082,False,True,ACCESS_LINK_FAIL
S012,Q2-015,S012-H005-Z200,109.2482797,23.023827666666666,523.1469421386719,1,-7.926545061051172,8.005121261173187,False,True,ACCESS_LINK_FAIL
S012,Q2-015,S012-H005-Z300,109.2482797,23.023827666666666,623.1469421386719,1,-7.936978850195544,7.94614972921724,False,True,ACCESS_LINK_FAIL
S012,Q2-015,S012-H006-Z100,109.2482797,23.039145833333333,284.23976135253906,1,-5.997934247701053,4.241584262391882,False,True,ACCESS_LINK_FAIL
S012,Q2-015,S012-H006-Z200,109.2482797,23.039145833333333,384.23976135253906,1,-5.996338016001857,4.230654265989301,False,True,ACCESS_LINK_FAIL
S012,Q2-015,S012-H006-Z300,109.2482797,23.039145833333333,484.23976135253906,1,-6.004907083954606,4.2139183284543265,False,True,ACCESS_LINK_FAIL
S012,Q2-015,S012-H007-Z100,109.2482797,23.054464,339.36790466308594,1,-5.103326040015872,1.2726999588749806,False,True,ACCESS_LINK_FAIL
S012,Q2-015,S012-H007-Z200,109.2482797,23.054464,439.36790466308594,1,-5.110141144010768,1.2655489360754615,False,True,ACCESS_LINK_FAIL
S012,Q2-015,S012-H007-Z300,109.2482797,23.054464,539.3679046630859,1,-5.124391795518065,1.2554589336533013,False,True,ACCESS_LINK_FAIL
S012,Q2-015,S012-H008-Z100,109.26570770000001,23.0085095,381.94403076171875,1,-8.723403494257923,4.8798551008897135,False,True,ACCESS_LINK_FAIL
S012,Q2-015,S012-H008-Z200,109.26570770000001,23.0085095,481.94403076171875,1,-8.727910892898777,4.860582086463509,False,True,ACCESS_LINK_FAIL
S012,Q2-015,S012-H008-Z300,109.26570770000001,23.0085095,581.9440307617188,1,-8.735370592755928,4.834663842600065,False,True,ACCESS_LINK_FAIL
S012,Q2-015,S012-H009-Z100,109.26570770000001,23.023827666666666,440.2064208984375,1,-5.760494145010583,3.982980488110911,False,True,ACCESS_LINK_FAIL
S012,Q2-015,S012-H009-Z200,109.26570770000001,23.023827666666666,540.2064208984375,1,-5.772814697733139,3.964089326807965,False,True,ACCESS_LINK_FAIL
S012,Q2-015,S012-H009-Z300,109.26570770000001,23.023827666666666,640.2064208984375,1,-5.790927267596416,3.939803636670547,False,True,ACCESS_LINK_FAIL
S012,Q2-015,S012-H010-Z100,109.26570770000001,23.039145833333333,348.419921875,1,-1.8987488322166257,2.0768266799554596,False,True,ACCESS_LINK_FAIL
S012,Q2-015,S012-H010-Z200,109.26570770000001,23.039145833333333,448.419921875,1,-1.9156405835517063,2.067900576408306,False,True,ACCESS_LINK_FAIL
S012,Q2-015,S012-H010-Z300,109.26570770000001,23.039145833333333,548.419921875,1,-1.9466014782570653,2.055444984940152,False,True,ACCESS_LINK_FAIL
S012,Q2-015,S012-H011-Z100,109.26570770000001,23.054464,408.5195617675781,1,-1.9969791527076381,0.04558918720799454,False,True,ACCESS_LINK_FAIL
S012,Q2-015,S012-H011-Z200,109.26570770000001,23.054464,508.5195617675781,1,-2.003282053714244,0.03865561044727883,False,True,ACCESS_LINK_FAIL
S012,Q2-015,S012-H011-Z300,109.26570770000001,23.054464,608.5195617675781,1,-2.0234620620110775,0.029508245254859844,False,True,ACCESS_LINK_FAIL
S012,Q2-015,S012-H012-Z100,109.2831357,23.0085095,461.039794921875,1,-8.22795717064416,1.3618486037207163,False,True,ACCESS_LINK_FAIL
S012,Q2-015,S012-H012-Z200,109.2831357,23.0085095,561.039794921875,1,-8.2356329026955,1.3508791240389542,False,True,ACCESS_LINK_FAIL
S012,Q2-015,S012-H012-Z300,109.2831357,23.0085095,661.039794921875,1,-8.246604435729722,1.3369306501256801,False,True,ACCESS_LINK_FAIL
S012,Q2-015,S012-H013-Z100,109.2831357,23.023827666666666,465.4867248535156,1,-4.7135561925934155,0.9437087371559869,False,True,ACCESS_LINK_FAIL
S012,Q2-015,S012-H013-Z200,109.2831357,23.023827666666666,565.4867248535156,1,-4.731108667999209,0.93362319291559,False,True,ACCESS_LINK_FAIL
S012,Q2-015,S012-H013-Z300,109.2831357,23.023827666666666,665.4867248535156,1,-4.755986675606806,0.9208291694057493,False,True,ACCESS_LINK_FAIL
S012,Q2-015,S012-H014-Z100,109.2831357,23.039145833333333,381.308349609375,1,-2.3372612445357106,-0.10675288184310716,False,False,ACCESS_AND_BACKHAUL_FAIL
S012,Q2-015,S012-H014-Z200,109.2831357,23.039145833333333,481.308349609375,1,-2.339583149743177,-0.11286195077525463,False,False,ACCESS_AND_BACKHAUL_FAIL
S012,Q2-015,S012-H014-Z300,109.2831357,23.039145833333333,581.308349609375,1,-2.3547686133838397,-0.12111142192220825,False,False,ACCESS_AND_BACKHAUL_FAIL
S012,Q2-015,S012-H015-Z100,109.2831357,23.054464,353.31507873535156,1,-4.837467977571805,-1.441165945860277,False,False,ACCESS_AND_BACKHAUL_FAIL
S012,Q2-015,S012-H015-Z200,109.2831357,23.054464,453.31507873535156,1,-4.836743684849779,-1.4452164037968203,False,False,ACCESS_AND_BACKHAUL_FAIL
S012,Q2-015,S012-H015-Z300,109.2831357,23.054464,553.3150787353516,1,-4.843268175637192,-1.4508451782729992,False,False,ACCESS_AND_BACKHAUL_FAIL
S012,Q2-015,S012-H016-Z100,109.25490805091319,22.996955738296418,420.8652038574219,1,-10.978994936256868,7.031907506834145,False,True,ACCESS_LINK_FAIL
S012,Q2-015,S012-H016-Z200,109.25490805091319,22.996955738296418,520.8652038574219,1,-10.982362768855026,6.996010680304877,False,True,ACCESS_LINK_FAIL
S012,Q2-015,S012-H016-Z300,109.25490805091319,22.996955738296418,620.8652038574219,1,-10.987488248392367,6.949450173126877,False,True,ACCESS_LINK_FAIL
S012,Q2-015,S012-H017-Z100,109.2468011754566,23.00617920664821,474.4301452636719,1,-10.35788439006592,11.414619615861795,False,True,ACCESS_LINK_FAIL
S012,Q2-015,S012-H017-Z200,109.2468011754566,23.00617920664821,574.4301452636719,1,-10.362858433790763,11.30084949982556,False,True,ACCESS_LINK_FAIL
S012,Q2-015,S012-H017-Z300,109.2468011754566,23.00617920664821,674.4301452636719,1,-10.369856117019893,11.161024651975154,False,True,ACCESS_LINK_FAIL
S012,Q2-015,S012-H018-Z100,109.2386943,23.015402674999997,271.4521026611328,1,-10.028400629239528,14.986699931393986,False,True,ACCESS_LINK_FAIL
S012,Q2-015,S012-H018-Z200,109.2386943,23.015402674999997,371.4521026611328,1,-10.027114170889547,14.867340914416658,False,True,ACCESS_LINK_FAIL
S012,Q2-015,S012-H018-Z300,109.2386943,23.015402674999997,471.4521026611328,1,-10.030222972079358,14.685699604141604,False,True,ACCESS_LINK_FAIL
S012,Q2-015,S012-H019-Z100,109.23058742454342,23.024626143351785,284.75807189941406,1,-10.069422929893733,10.85226002114051,False,True,ACCESS_LINK_FAIL
S012,Q2-015,S012-H019-Z200,109.23058742454342,23.024626143351785,384.75807189941406,1,-10.068824220171678,10.802263816426446,False,True,ACCESS_LINK_FAIL
S012,Q2-015,S012-H019-Z300,109.23058742454342,23.024626143351785,484.75807189941406,1,-10.072192437846823,10.726642128893232,False,True,ACCESS_LINK_FAIL
S012,Q2-015,S012-H020-Z100,109.22248054908682,23.033849611703577,309.04345703125,1,-10.469406549931279,6.550825525032266,False,True,ACCESS_LINK_FAIL
S012,Q2-015,S012-H020-Z200,109.22248054908682,23.033849611703577,409.04345703125,1,-10.469984940611198,6.529775373946762,False,True,ACCESS_LINK_FAIL
S012,Q2-015,S012-H020-Z300,109.22248054908682,23.033849611703577,509.04345703125,1,-10.473537194374302,6.498949749838459,False,True,ACCESS_LINK_FAIL
S012,Q2-015,S012-H021-Z100,109.26405775091318,23.00499777579642,353.8922424316406,1,-9.378276555194034,5.247040166447604,False,True,ACCESS_LINK_FAIL
S012,Q2-015,S012-H021-Z200,109.26405775091318,23.00499777579642,453.8922424316406,1,-9.381438801148235,5.228135839364285,False,True,ACCESS_LINK_FAIL
S012,Q2-015,S012-H021-Z300,109.26405775091318,23.00499777579642,553.8922424316406,1,-9.38714352288605,5.201988541748591,False,True,ACCESS_LINK_FAIL
S012,Q2-015,S012-H022-Z100,109.25595087545659,23.01422124414821,428.5579528808594,1,-8.492699242391836,7.444585422242056,False,True,ACCESS_LINK_FAIL
S012,Q2-015,S012-H022-Z200,109.25595087545659,23.01422124414821,528.5579528808594,1,-8.498907660019498,7.4041915347877705,False,True,ACCESS_LINK_FAIL
S012,Q2-015,S012-H022-Z300,109.25595087545659,23.01422124414821,628.5579528808594,1,-8.508223020123296,7.352145796705969,False,True,ACCESS_LINK_FAIL
S012,Q2-015,S012-H023-Z100,109.247844,23.023444712499998,436.56707763671875,1,-8.028165659711647,8.262297889449272,False,True,ACCESS_LINK_FAIL
S012,Q2-015,S012-H023-Z200,109.247844,23.023444712499998,536.5670776367188,1,-8.035352569921457,8.212409538195857,False,True,ACCESS_LINK_FAIL
S012,Q2-015,S012-H023-Z300,109.247844,23.023444712499998,636.5670776367188,1,-8.045993464220686,8.148639257105629,False,True,ACCESS_LINK_FAIL
S012,Q2-015,S012-H024-Z100,109.23973712454341,23.032668180851786,268.5291290283203,1,-8.140760518017814,6.883509841536721,False,True,ACCESS_LINK_FAIL
S012,Q2-015,S012-H024-Z200,109.23973712454341,23.032668180851786,368.5291290283203,1,-8.138542067574619,6.865134703073977,False,True,ACCESS_LINK_FAIL
S012,Q2-015,S012-H024-Z300,109.23973712454341,23.032668180851786,468.5291290283203,1,-8.143244419237874,6.83616152275124,False,True,ACCESS_LINK_FAIL
S012,Q2-015,S012-H025-Z100,109.23163024908682,23.041891649203578,292.6101531982422,1,-8.790269947932927,4.545166175770589,False,True,ACCESS_LINK_FAIL
S012,Q2-015,S012-H025-Z200,109.23163024908682,23.041891649203578,392.6101531982422,1,-8.79000138496761,4.5329207059179595,False,True,ACCESS_LINK_FAIL
S012,Q2-015,S012-H025-Z300,109.23163024908682,23.041891649203578,492.6101531982422,1,-8.794751242923752,4.514458009702665,False,True,ACCESS_LINK_FAIL
S012,Q2-015,S012-H026-Z100,109.27320745091319,23.01303981329642,454.65911865234375,1,-7.533356303242442,3.126159499432177,False,True,ACCESS_LINK_FAIL
S012,Q2-015,S012-H026-Z200,109.27320745091319,23.01303981329642,554.6591186523438,1,-7.5421136737054155,3.1099912664555944,False,True,ACCESS_LINK_FAIL
S012,Q2-015,S012-H026-Z300,109.27320745091319,23.01303981329642,654.6591186523438,1,-7.554734543562361,3.089381059758395,False,True,ACCESS_LINK_FAIL
S012,Q2-015,S012-H027-Z100,109.2651005754566,23.02226328164821,433.1734313964844,1,-6.16308346253733,4.27028367671916,False,True,ACCESS_LINK_FAIL
S012,Q2-015,S012-H027-Z200,109.2651005754566,23.02226328164821,533.1734313964844,1,-6.17393971001691,4.250516958187646,False,True,ACCESS_LINK_FAIL
S012,Q2-015,S012-H027-Z300,109.2651005754566,23.02226328164821,633.1734313964844,1,-6.190083775477774,4.224991517278255,False,True,ACCESS_LINK_FAIL
S012,Q2-015,S012-H028-Z100,109.25699370000001,23.03148675,320.26963806152344,1,-5.4199589485602075,4.573347107678487,False,True,ACCESS_LINK_FAIL
S012,Q2-015,S012-H028-Z200,109.25699370000001,23.03148675,420.26963806152344,1,-5.423470127880279,4.559275825681453,False,True,ACCESS_LINK_FAIL
S012,Q2-015,S012-H028-Z300,109.25699370000001,23.03148675,520.2696380615234,1,-5.435523615339463,4.5389629308842245,False,True,ACCESS_LINK_FAIL
S012,Q2-015,S012-H029-Z100,109.24888682454342,23.040710218351787,289.48394775390625,1,-5.710135166040061,3.837830780984362,False,True,ACCESS_LINK_FAIL
S012,Q2-015,S012-H029-Z200,109.24888682454342,23.040710218351787,389.48394775390625,1,-5.70915619831689,3.8275903084214065,False,True,ACCESS_LINK_FAIL
S012,Q2-015,S012-H029-Z300,109.24888682454342,23.040710218351787,489.48394775390625,1,-5.7186209474647995,3.812056416078093,False,True,ACCESS_LINK_FAIL
S012,Q2-015,S012-H030-Z100,109.24077994908683,23.04993368670358,383.3281555175781,1,-6.854852091800936,2.4617839883959363,False,True,ACCESS_LINK_FAIL
S012,Q2-015,S012-H030-Z200,109.24077994908683,23.04993368670358,483.3281555175781,1,-6.861843907562601,2.450675354489178,False,True,ACCESS_LINK_FAIL
S012,Q2-015,S012-H030-Z300,109.24077994908683,23.04993368670358,583.3281555175781,1,-6.8733652319066465,2.4357224623067566,False,True,ACCESS_LINK_FAIL
S012,Q2-015,S012-H031-Z100,109.28235715091319,23.02108185079642,533.4088134765625,1,-5.468439375526572,1.190187959945007,False,True,ACCESS_LINK_FAIL
S012,Q2-015,S012-H031-Z200,109.28235715091319,23.02108185079642,633.4088134765625,1,-5.487439518715121,1.177545846817381,False,True,ACCESS_LINK_FAIL
S012,Q2-015,S012-H031-Z300,109.28235715091319,23.02108185079642,733.4088134765625,1,-5.5125697428833575,1.16205249906578,False,True,ACCESS_LINK_FAIL
S012,Q2-015,S012-H032-Z100,109.2742502754566,23.030305319148212,423.907470703125,1,-3.1198128163891283,1.849871715034297,False,True,ACCESS_LINK_FAIL
S012,Q2-015,S012-H032-Z200,109.2742502754566,23.030305319148212,523.907470703125,1,-3.140669943391515,1.8388520912660482,False,True,ACCESS_LINK_FAIL
S012,Q2-015,S012-H032-Z300,109.2742502754566,23.030305319148212,623.907470703125,1,-3.1720825716049177,1.8244963681438264,False,True,ACCESS_LINK_FAIL
S012,Q2-015,S012-H033-Z100,109.2661434,23.0395287875,362.1891174316406,1,-1.680575667287485,1.9681085422922422,False,True,ACCESS_LINK_FAIL
S012,Q2-015,S012-H033-Z200,109.2661434,23.0395287875,462.1891174316406,1,-1.7003927753888348,1.9589252964925663,False,True,ACCESS_LINK_FAIL
S012,Q2-015,S012-H033-Z300,109.2661434,23.0395287875,562.1891174316406,1,-1.734961528530448,1.9463017159822158,False,True,ACCESS_LINK_FAIL
S012,Q2-015,S012-H034-Z100,109.25803652454341,23.048752255851788,358.0594482421875,1,-2.5105629018067646,1.5038446141892052,False,True,ACCESS_LINK_FAIL
S012,Q2-015,S012-H034-Z200,109.25803652454341,23.048752255851788,458.0594482421875,1,-2.526429225485316,1.4957202700056484,False,True,ACCESS_LINK_FAIL
S012,Q2-015,S012-H034-Z300,109.25803652454341,23.048752255851788,558.0594482421875,1,-2.5545234573342412,1.4845005085917364,False,True,ACCESS_LINK_FAIL
S012,Q2-015,S012-H035-Z100,109.24992964908682,23.05797572420358,320.91795349121094,1,-4.740377215354073,0.6185998744796848,False,True,ACCESS_LINK_FAIL
S012,Q2-015,S012-H035-Z200,109.24992964908682,23.05797572420358,420.91795349121094,1,-4.744595026091275,0.612917344410647,False,True,ACCESS_LINK_FAIL
S012,Q2-015,S012-H035-Z300,109.24992964908682,23.05797572420358,520.9179534912109,1,-4.758732496496592,0.6047022382334859,False,True,ACCESS_LINK_FAIL
S012,Q2-015,S012-H036-Z100,109.29150685091318,23.02912388829642,434.42315673828125,1,-4.649219555675828,-0.4764737777063033,False,False,ACCESS_AND_BACKHAUL_FAIL
S012,Q2-015,S012-H036-Z200,109.29150685091318,23.02912388829642,534.4231567382812,1,-4.654602880555657,-0.4831346224674462,False,False,ACCESS_AND_BACKHAUL_FAIL
S012,Q2-015,S012-H036-Z300,109.29150685091318,23.02912388829642,634.4231567382812,1,-4.667528052869869,-0.4917584147571006,False,False,ACCESS_AND_BACKHAUL_FAIL
S012,Q2-015,S012-H037-Z100,109.28339997545659,23.038347356648213,414.85968017578125,1,-2.3508444784401235,-0.07538162514946123,False,False,ACCESS_AND_BACKHAUL_FAIL
S012,Q2-015,S012-H037-Z200,109.28339997545659,23.038347356648213,514.8596801757812,1,-2.3574685182397843,-0.08226232349926477,False,False,ACCESS_AND_BACKHAUL_FAIL
S012,Q2-015,S012-H037-Z300,109.28339997545659,23.038347356648213,614.8596801757812,1,-2.376881834984161,-0.09129592909094697,False,False,ACCESS_AND_BACKHAUL_FAIL
S012,Q2-015,S012-H038-Z100,109.2752931,23.047570825,455.53253173828125,1,-1.4780906164170347,-0.03658391531637051,False,False,ACCESS_AND_BACKHAUL_FAIL
S012,Q2-015,S012-H038-Z200,109.2752931,23.047570825,555.5325317382812,1,-1.4925644402375156,-0.04441580509241305,False,False,ACCESS_AND_BACKHAUL_FAIL
S012,Q2-015,S012-H038-Z300,109.2752931,23.047570825,655.5325317382812,1,-1.5225770312945741,-0.05441584563098445,False,False,ACCESS_AND_BACKHAUL_FAIL
S012,Q2-015,S012-H039-Z100,109.26718622454341,23.05679429335179,377.8257141113281,1,-2.960750833181976,-0.3594177891621939,False,False,ACCESS_AND_BACKHAUL_FAIL
S012,Q2-015,S012-H039-Z200,109.26718622454341,23.05679429335179,477.8257141113281,1,-2.9623733467048794,-0.36511107898459727,False,False,ACCESS_AND_BACKHAUL_FAIL
S012,Q2-015,S012-H039-Z300,109.26718622454341,23.05679429335179,577.8257141113281,1,-2.9751453768076033,-0.372824857866064,False,False,ACCESS_AND_BACKHAUL_FAIL
S012,Q2-015,S012-H040-Z100,109.25907934908682,23.06601776170358,370.1032409667969,1,-5.358967728449656,-0.9816007142148067,False,False,ACCESS_AND_BACKHAUL_FAIL
S012,Q2-015,S012-H040-Z200,109.25907934908682,23.06601776170358,470.1032409667969,1,-5.359405220819113,-0.9863985908100972,False,False,ACCESS_AND_BACKHAUL_FAIL
S012,Q2-015,S012-H040-Z300,109.25907934908682,23.06601776170358,570.1032409667969,1,-5.366268528108861,-0.9929492169025451,False,False,ACCESS_AND_BACKHAUL_FAIL
S013,Q2-016,S013-H000-Z100,109.2308517,23.0085095,228.7255401611328,1,-7.7726391671950665,37.773336466538254,False,True,ACCESS_LINK_FAIL
S013,Q2-016,S013-H000-Z200,109.2308517,23.0085095,328.7255401611328,1,-7.768192602220651,30.79097812489792,False,True,ACCESS_LINK_FAIL
S013,Q2-016,S013-H000-Z300,109.2308517,23.0085095,428.7255401611328,1,-7.768371511684364,26.970859340833385,False,True,ACCESS_LINK_FAIL
S013,Q2-016,S013-H001-Z100,109.2308517,23.016035733333332,288.9120178222656,1,-7.069550626209008,17.37058574030867,False,True,ACCESS_LINK_FAIL
S013,Q2-016,S013-H001-Z200,109.2308517,23.016035733333332,388.9120178222656,1,-7.067213007758539,17.145924040312437,False,True,ACCESS_LINK_FAIL
S013,Q2-016,S013-H001-Z300,109.2308517,23.016035733333332,488.9120178222656,1,-7.070996585238575,16.824649908674417,False,True,ACCESS_LINK_FAIL
S013,Q2-016,S013-H002-Z100,109.2308517,23.023561966666666,308.3682098388672,1,-6.587154308835892,11.432075265401295,False,True,ACCESS_LINK_FAIL
S013,Q2-016,S013-H002-Z200,109.2308517,23.023561966666666,408.3682098388672,1,-6.585933568893083,11.36783206000132,False,True,ACCESS_LINK_FAIL
S013,Q2-016,S013-H002-Z300,109.2308517,23.023561966666666,508.3682098388672,1,-6.591102728672439,11.274794856795992,False,True,ACCESS_LINK_FAIL
S013,Q2-016,S013-H003-Z100,109.2308517,23.0310882,284.3648223876953,1,-6.415239320071407,7.93723555319292,False,True,ACCESS_LINK_FAIL
S013,Q2-016,S013-H003-Z200,109.2308517,23.0310882,384.3648223876953,1,-6.412183039264988,7.911664791683478,False,True,ACCESS_LINK_FAIL
S013,Q2-016,S013-H003-Z300,109.2308517,23.0310882,484.3648223876953,1,-6.416352987937415,7.8726860980518865,False,True,ACCESS_LINK_FAIL
S013,Q2-016,S013-H004-Z100,109.24436243333334,23.0085095,380.6549987792969,1,-5.500848292557606,13.008973630463032,False,True,ACCESS_LINK_FAIL
S013,Q2-016,S013-H004-Z200,109.24436243333334,23.0085095,480.6549987792969,1,-5.505760604679722,12.885755098259509,False,True,ACCESS_LINK_FAIL
S013,Q2-016,S013-H004-Z300,109.24436243333334,23.0085095,580.6549987792969,1,-5.516874051436801,12.724369135670088,False,True,ACCESS_LINK_FAIL
S013,Q2-016,S013-H005-Z100,109.24436243333334,23.016035733333332,273.689453125,1,-4.2519904982836465,11.748842121364447,False,True,ACCESS_LINK_FAIL
S013,Q2-016,S013-H005-Z200,109.24436243333334,23.016035733333332,373.689453125,1,-4.245720690069049,11.6910703275652,False,True,ACCESS_LINK_FAIL
S013,Q2-016,S013-H005-Z300,109.24436243333334,23.016035733333332,473.689453125,1,-4.251630749821132,11.601991446719964,False,True,ACCESS_LINK_FAIL
S013,Q2-016,S013-H006-Z100,109.24436243333334,23.023561966666666,333.97645568847656,1,-3.272804612332095,9.180355479193878,False,True,ACCESS_LINK_FAIL
S013,Q2-016,S013-H006-Z200,109.24436243333334,23.023561966666666,433.97645568847656,1,-3.2741133740563413,9.137348330167,False,True,ACCESS_LINK_FAIL
S013,Q2-016,S013-H006-Z300,109.24436243333334,23.023561966666666,533.9764556884766,1,-3.2878418206772437,9.076864348115876,False,True,ACCESS_LINK_FAIL
S013,Q2-016,S013-H007-Z100,109.24436243333334,23.0310882,248.4303436279297,1,-2.9029733749591884,6.794082877793386,False,True,ACCESS_LINK_FAIL
S013,Q2-016,S013-H007-Z200,109.24436243333334,23.0310882,348.4303436279297,1,-2.8915508559734917,6.778195538947443,False,True,ACCESS_LINK_FAIL
S013,Q2-016,S013-H007-Z300,109.24436243333334,23.0310882,448.4303436279297,1,-2.895398156055421,6.751896032324012,False,True,ACCESS_LINK_FAIL
S013,Q2-016,S013-H008-Z100,109.25787316666667,23.0085095,427.3861083984375,1,-3.2035837791111277,7.065720955563307,False,True,ACCESS_LINK_FAIL
S013,Q2-016,S013-H008-Z200,109.25787316666667,23.0085095,527.3861083984375,1,-3.216842529230007,7.028817836738966,False,True,ACCESS_LINK_FAIL
S013,Q2-016,S013-H008-Z300,109.25787316666667,23.0085095,627.3861083984375,1,-3.2405492503114175,6.981187222726504,False,True,ACCESS_LINK_FAIL
S013,Q2-016,S013-H009-Z100,109.25787316666667,23.016035733333332,431.3151550292969,1,-0.793627710889595,6.687765325387943,False,True,ACCESS_LINK_FAIL
S013,Q2-016,S013-H009-Z200,109.25787316666667,23.016035733333332,531.3151550292969,1,-0.8174147238629672,6.653524366273146,False,True,ACCESS_LINK_FAIL
S013,Q2-016,S013-H009-Z300,109.25787316666667,23.016035733333332,631.3151550292969,1,-0.8592365600929384,6.609419493900987,False,True,ACCESS_LINK_FAIL
S013,Q2-016,S013-H012-Z100,109.2713839,23.0085095,452.4908142089844,1,-2.056908656822344,3.5647059393791523,False,True,ACCESS_LINK_FAIL
S013,Q2-016,S013-H012-Z200,109.2713839,23.0085095,552.4908142089844,1,-2.0776046180426704,3.546931711782463,False,True,ACCESS_LINK_FAIL
S013,Q2-016,S013-H012-Z300,109.2713839,23.0085095,652.4908142089844,1,-2.1118085971604614,3.52425358149992,False,True,ACCESS_LINK_FAIL
S013,Q2-016,S013-H016-Z100,109.24460966796369,22.99811287975534,501.7486267089844,1,-7.271556980096932,10.574386074463646,False,True,ACCESS_LINK_FAIL
S013,Q2-016,S013-H016-Z200,109.24460966796369,22.99811287975534,601.7486267089844,1,-7.279832643493151,10.473678090228248,False,True,ACCESS_LINK_FAIL
S013,Q2-016,S013-H016-Z300,109.24460966796369,22.99811287975534,701.7486267089844,1,-7.2922156434756715,10.351233272164563,False,True,ACCESS_LINK_FAIL
S013,Q2-016,S013-H017-Z100,109.24077059898185,23.00500459237767,302.3444366455078,1,-6.664174258083378,15.130804787589625,False,True,ACCESS_LINK_FAIL
S013,Q2-016,S013-H017-Z200,109.24077059898185,23.00500459237767,402.3444366455078,1,-6.662551758129325,14.985910141846944,False,True,ACCESS_LINK_FAIL
S013,Q2-016,S013-H017-Z300,109.24077059898185,23.00500459237767,502.3444366455078,1,-6.667343923070078,14.778789274675972,False,True,ACCESS_LINK_FAIL
S013,Q2-016,S013-H018-Z100,109.23693153,23.011896305,257.5170135498047,1,-6.360781858723186,18.61301036534026,False,True,ACCESS_LINK_FAIL
S013,Q2-016,S013-H018-Z200,109.23693153,23.011896305,357.5170135498047,1,-6.356098090289592,18.363758374939863,False,True,ACCESS_LINK_FAIL
S013,Q2-016,S013-H018-Z300,109.23693153,23.011896305,457.5170135498047,1,-6.358515922533982,17.986797856949693,False,True,ACCESS_LINK_FAIL
S013,Q2-016,S013-H019-Z100,109.23309246101816,23.01878801762233,237.17755126953125,1,-6.423681565866332,14.588501309020486,False,True,ACCESS_LINK_FAIL
S013,Q2-016,S013-H019-Z200,109.23309246101816,23.01878801762233,337.17755126953125,1,-6.4180401870737,14.500761465119425,False,True,ACCESS_LINK_FAIL
S013,Q2-016,S013-H019-Z300,109.23309246101816,23.01878801762233,437.17755126953125,1,-6.418912498208812,14.354130540996806,False,True,ACCESS_LINK_FAIL
S013,Q2-016,S013-H020-Z100,109.22925339203633,23.02567973024466,255.4002685546875,1,-6.836244754785639,10.283078205638901,False,True,ACCESS_LINK_FAIL
S013,Q2-016,S013-H020-Z200,109.22925339203633,23.02567973024466,355.4002685546875,1,-6.831949939715756,10.246050708791643,False,True,ACCESS_LINK_FAIL
S013,Q2-016,S013-H020-Z300,109.22925339203633,23.02567973024466,455.4002685546875,1,-6.833973944688694,10.186214853302928,False,True,ACCESS_LINK_FAIL
S013,Q2-016,S013-H021-Z100,109.25170280296368,23.00206415225534,367.3999938964844,1,-5.660187940034902,8.856243873561212,False,True,ACCESS_LINK_FAIL
S013,Q2-016,S013-H021-Z200,109.25170280296368,23.00206415225534,467.3999938964844,1,-5.663899845145011,8.810696560884793,False,True,ACCESS_LINK_FAIL
S013,Q2-016,S013-H021-Z300,109.25170280296368,23.00206415225534,567.3999938964844,1,-5.673823531268496,8.74902729510245,False,True,ACCESS_LINK_FAIL
S013,Q2-016,S013-H022-Z100,109.24786373398184,23.00895586487767,424.71807861328125,1,-4.793911079297203,11.016961826028066,False,True,ACCESS_LINK_FAIL
S013,Q2-016,S013-H022-Z200,109.24786373398184,23.00895586487767,524.7180786132812,1,-4.80291360599486,10.92660127422863,False,True,ACCESS_LINK_FAIL
S013,Q2-016,S013-H022-Z300,109.24786373398184,23.00895586487767,624.7180786132812,1,-4.81918675451665,10.811370389453742,False,True,ACCESS_LINK_FAIL
S013,Q2-016,S013-H023-Z100,109.244024665,23.0158475775,284.6043395996094,1,-4.3586699475866055,11.962404711507759,False,True,ACCESS_LINK_FAIL
S013,Q2-016,S013-H023-Z200,109.244024665,23.0158475775,384.6043395996094,1,-4.353790152975549,11.898006654384034,False,True,ACCESS_LINK_FAIL
S013,Q2-016,S013-H023-Z300,109.244024665,23.0158475775,484.6043395996094,1,-4.360505975408714,11.800974884825365,False,True,ACCESS_LINK_FAIL
S013,Q2-016,S013-H024-Z100,109.24018559601815,23.02273929012233,314.2716979980469,1,-4.493767997802934,10.575151386459694,False,True,ACCESS_LINK_FAIL
S013,Q2-016,S013-H024-Z200,109.24018559601815,23.02273929012233,414.2716979980469,1,-4.492474738062086,10.520871763439018,False,True,ACCESS_LINK_FAIL
S013,Q2-016,S013-H024-Z300,109.24018559601815,23.02273929012233,514.2716979980469,1,-4.501305068228518,10.442730018162564,False,True,ACCESS_LINK_FAIL
S013,Q2-016,S013-H025-Z100,109.23634652703632,23.02963100274466,264.36358642578125,1,-5.161520103263214,8.277298729515522,False,True,ACCESS_LINK_FAIL
S013,Q2-016,S013-H025-Z200,109.23634652703632,23.02963100274466,364.36358642578125,1,-5.155807163585379,8.252605826177657,False,True,ACCESS_LINK_FAIL
S013,Q2-016,S013-H025-Z300,109.23634652703632,23.02963100274466,464.36358642578125,1,-5.159674428035345,8.213386633150705,False,True,ACCESS_LINK_FAIL
S013,Q2-016,S013-H026-Z100,109.25879593796368,23.00601542475534,490.946533203125,1,-3.809486074968646,6.716069436297474,False,True,ACCESS_LINK_FAIL
S013,Q2-016,S013-H026-Z200,109.25879593796368,23.00601542475534,590.946533203125,1,-3.8268420105505783,6.675473993447866,False,True,ACCESS_LINK_FAIL
S013,Q2-016,S013-H026-Z300,109.25879593796368,23.00601542475534,690.946533203125,1,-3.853235717960956,6.6250860771198745,False,True,ACCESS_LINK_FAIL
S013,Q2-016,S013-H027-Z100,109.25495686898185,23.01290713737767,394.6454162597656,1,-2.452546776539137,7.892876074008228,False,True,ACCESS_LINK_FAIL
S013,Q2-016,S013-H027-Z200,109.25495686898185,23.01290713737767,494.6454162597656,1,-2.4642048571797517,7.852679444231029,False,True,ACCESS_LINK_FAIL
S013,Q2-016,S013-H027-Z300,109.25495686898185,23.01290713737767,594.6454162597656,1,-2.488306416146486,7.799520679966037,False,True,ACCESS_LINK_FAIL
S013,Q2-016,S013-H028-Z100,109.2511178,23.01979885,344.6664123535156,1,-1.7488710620215926,8.224755154376751,False,True,ACCESS_LINK_FAIL
S013,Q2-016,S013-H028-Z200,109.2511178,23.01979885,444.6664123535156,1,-1.7530566506433871,8.188652112421465,False,True,ACCESS_LINK_FAIL
S013,Q2-016,S013-H028-Z300,109.2511178,23.01979885,544.6664123535156,1,-1.7740998881821923,8.138432191857333,False,True,ACCESS_LINK_FAIL
S013,Q2-016,S013-H029-Z100,109.24727873101816,23.02669056262233,347.67364501953125,1,-2.06727934741825,7.523564307100045,False,True,ACCESS_LINK_FAIL
S013,Q2-016,S013-H029-Z200,109.24727873101816,23.02669056262233,447.67364501953125,1,-2.071777304355024,7.492452094005415,False,True,ACCESS_LINK_FAIL
S013,Q2-016,S013-H029-Z300,109.24727873101816,23.02669056262233,547.6736450195312,1,-2.091745311789822,7.449264780883524,False,True,ACCESS_LINK_FAIL
S013,Q2-016,S013-H030-Z100,109.24343966203632,23.03358227524466,253.96136474609375,1,-3.23347703193015,6.1942363715802315,False,True,ACCESS_LINK_FAIL
S013,Q2-016,S013-H030-Z200,109.24343966203632,23.03358227524466,353.96136474609375,1,-3.2234742822834193,6.1798882701559705,False,True,ACCESS_LINK_FAIL
S013,Q2-016,S013-H030-Z300,109.24343966203632,23.03358227524466,453.96136474609375,1,-3.2278957167105204,6.156460183530129,False,True,ACCESS_LINK_FAIL
S013,Q2-016,S013-H031-Z100,109.26588907296369,23.009966697255336,409.37896728515625,1,-1.715054798217011,4.821584162887021,False,True,ACCESS_LINK_FAIL
S013,Q2-016,S013-H031-Z200,109.26588907296369,23.009966697255336,509.37896728515625,1,-1.7310526641683168,4.80073637898505,False,True,ACCESS_LINK_FAIL
S013,Q2-016,S013-H031-Z300,109.26588907296369,23.009966697255336,609.3789672851562,1,-1.761742083050251,4.7733522342827825,False,True,ACCESS_LINK_FAIL
S013,Q2-016,S013-H035-Z100,109.25053279703633,23.03753354774466,282.46299743652344,1,-1.1142478491655226,4.334669021367816,False,True,ACCESS_LINK_FAIL
S013,Q2-016,S013-H035-Z200,109.25053279703633,23.03753354774466,382.46299743652344,1,-1.1034001379670144,4.323608755642169,False,True,ACCESS_LINK_FAIL
S013,Q2-016,S013-H035-Z300,109.25053279703633,23.03753354774466,482.46299743652344,1,-1.1172172782008545,4.306617269315495,False,True,ACCESS_LINK_FAIL
S014,Q2-017,S014-H000-Z100,109.2308517,23.0052097,263.61614990234375,1,-8.715555016502606,24.241164240040575,False,True,ACCESS_LINK_FAIL
S014,Q2-017,S014-H000-Z200,109.2308517,23.0052097,363.61614990234375,1,-8.707282134724807,23.36296650333037,False,True,ACCESS_LINK_FAIL
S014,Q2-017,S014-H000-Z300,109.2308517,23.0052097,463.61614990234375,1,-8.701973272961283,22.245561411193407,False,True,ACCESS_LINK_FAIL
S014,Q2-017,S014-H001-Z100,109.2308517,23.006309633333334,235.95516967773438,1,-8.720583616529396,27.644692401686513,False,True,ACCESS_LINK_FAIL
S014,Q2-017,S014-H001-Z200,109.2308517,23.006309633333334,335.9551696777344,1,-8.711498238547733,26.155931375744117,False,True,ACCESS_LINK_FAIL
S014,Q2-017,S014-H001-Z300,109.2308517,23.006309633333334,435.9551696777344,1,-8.705371291996869,24.394625599292638,False,True,ACCESS_LINK_FAIL
S014,Q2-017,S014-H002-Z100,109.2308517,23.007409566666666,237.04075622558594,1,-8.727119635267286,32.33968657983486,False,True,ACCESS_LINK_FAIL
S014,Q2-017,S014-H002-Z200,109.2308517,23.007409566666666,337.04075622558594,1,-8.71808015226135,28.88637150506483,False,True,ACCESS_LINK_FAIL
S014,Q2-017,S014-H002-Z300,109.2308517,23.007409566666666,437.04075622558594,1,-8.71199475375694,26.00361058279536,False,True,ACCESS_LINK_FAIL
S014,Q2-017,S014-H003-Z100,109.2308517,23.0085095,228.7255401611328,1,-8.739063075091607,37.773336466538254,False,True,ACCESS_LINK_FAIL
S014,Q2-017,S014-H003-Z200,109.2308517,23.0085095,328.7255401611328,1,-8.729802339506534,30.79097812489792,False,True,ACCESS_LINK_FAIL
S014,Q2-017,S014-H003-Z300,109.2308517,23.0085095,428.7255401611328,1,-8.72348689399368,26.970859340833385,False,True,ACCESS_LINK_FAIL
S014,Q2-017,S014-H004-Z100,109.24843333333334,23.0052097,483.2794189453125,1,-5.183557649600658,10.52334794679713,False,True,ACCESS_LINK_FAIL
S014,Q2-017,S014-H004-Z200,109.24843333333334,23.0052097,583.2794189453125,1,-5.19574779851348,10.428303977688756,False,True,ACCESS_LINK_FAIL
S014,Q2-017,S014-H004-Z300,109.24843333333334,23.0052097,683.2794189453125,1,-5.2145582994304505,10.311495611185876,False,True,ACCESS_LINK_FAIL
S014,Q2-017,S014-H005-Z100,109.24843333333334,23.006309633333334,426.3799743652344,1,-5.191878668446776,10.662298493094525,False,True,ACCESS_LINK_FAIL
S014,Q2-017,S014-H005-Z200,109.24843333333334,23.006309633333334,526.3799743652344,1,-5.1929966451823475,10.578536872397805,False,True,ACCESS_LINK_FAIL
S014,Q2-017,S014-H005-Z300,109.24843333333334,23.006309633333334,626.3799743652344,1,-5.2080315432913835,10.47166361351384,False,True,ACCESS_LINK_FAIL
S014,Q2-017,S014-H006-Z100,109.24843333333334,23.007409566666666,403.129150390625,1,-5.2095946613147674,10.736646634287709,False,True,ACCESS_LINK_FAIL
S014,Q2-017,S014-H006-Z200,109.24843333333334,23.007409566666666,503.129150390625,1,-5.205429039261588,10.657424812454565,False,True,ACCESS_LINK_FAIL
S014,Q2-017,S014-H006-Z300,109.24843333333334,23.007409566666666,603.129150390625,1,-5.2188768093334374,10.554448987904138,False,True,ACCESS_LINK_FAIL
S014,Q2-017,S014-H007-Z100,109.24843333333334,23.0085095,407.6015319824219,1,-5.23386672598501,10.753240158813767,False,True,ACCESS_LINK_FAIL
S014,Q2-017,S014-H007-Z200,109.24843333333334,23.0085095,507.6015319824219,1,-5.230734607163811,10.672564135309514,False,True,ACCESS_LINK_FAIL
S014,Q2-017,S014-H007-Z300,109.24843333333334,23.0085095,607.6015319824219,1,-5.244399726607043,10.568106688929078,False,True,ACCESS_LINK_FAIL
S014,Q2-017,S014-H016-Z100,109.23788858525913,22.994030693980616,437.09478759765625,1,-7.756485111673726,10.901780257841196,False,True,ACCESS_LINK_FAIL
S014,Q2-017,S014-H016-Z200,109.23788858525913,22.994030693980616,537.0947875976562,1,-7.758457028013879,10.810464402492045,False,True,ACCESS_LINK_FAIL
S014,Q2-017,S014-H016-Z300,109.23788858525913,22.994030693980616,637.0947875976562,1,-7.767187563596082,10.695025182107415,False,True,ACCESS_LINK_FAIL
S014,Q2-017,S014-H017-Z100,109.23832601012957,23.001022611990308,353.1153106689453,1,-7.4272730098070525,14.73849337416037,False,True,ACCESS_LINK_FAIL
S014,Q2-017,S014-H017-Z200,109.23832601012957,23.001022611990308,453.1153106689453,1,-7.419722735702095,14.57365248770347,False,True,ACCESS_LINK_FAIL
S014,Q2-017,S014-H017-Z300,109.23832601012957,23.001022611990308,553.1153106689453,1,-7.424037874566778,14.354210428741908,False,True,ACCESS_LINK_FAIL
S014,Q2-017,S014-H018-Z100,109.238763435,23.00801453,292.2019500732422,1,-7.326322979272021,17.623111608947582,False,True,ACCESS_LINK_FAIL
S014,Q2-017,S014-H018-Z200,109.238763435,23.00801453,392.2019500732422,1,-7.316099160410658,17.381382259170707,False,True,ACCESS_LINK_FAIL
S014,Q2-017,S014-H018-Z300,109.238763435,23.00801453,492.2019500732422,1,-7.312006860675794,17.03921192648903,False,True,ACCESS_LINK_FAIL
S014,Q2-017,S014-H019-Z100,109.23920085987042,23.015006448009693,272.52903747558594,1,-7.4656874317958,14.915589449588467,False,True,ACCESS_LINK_FAIL
S014,Q2-017,S014-H019-Z200,109.23920085987042,23.015006448009693,372.52903747558594,1,-7.455006007140938,14.79742477263649,False,True,ACCESS_LINK_FAIL
S014,Q2-017,S014-H019-Z300,109.23920085987042,23.015006448009693,472.52903747558594,1,-7.448376820325876,14.617936303683976,False,True,ACCESS_LINK_FAIL
S014,Q2-017,S014-H020-Z100,109.23963828474086,23.021998366019385,287.6388854980469,1,-7.823547429666547,11.063076047520482,False,True,ACCESS_LINK_FAIL
S014,Q2-017,S014-H020-Z200,109.23963828474086,23.021998366019385,387.6388854980469,1,-7.81426403071157,11.00980490628686,False,True,ACCESS_LINK_FAIL
S014,Q2-017,S014-H020-Z300,109.23963828474086,23.021998366019385,487.6388854980469,1,-7.810046363186089,10.929726819288575,False,True,ACCESS_LINK_FAIL
S014,Q2-017,S014-H021-Z100,109.24711894275913,22.993453228980616,520.5750122070312,1,-6.006686437677601,8.376413947098925,False,True,ACCESS_LINK_FAIL
S014,Q2-017,S014-H021-Z200,109.24711894275913,22.993453228980616,620.5750122070312,1,-6.01883551976546,8.312602917746531,False,True,ACCESS_LINK_FAIL
S014,Q2-017,S014-H021-Z300,109.24711894275913,22.993453228980616,720.5750122070312,1,-6.036457092873562,8.234976797146402,False,True,ACCESS_LINK_FAIL
S014,Q2-017,S014-H022-Z100,109.24755636762957,23.00044514699031,442.08685302734375,1,-5.4873573675200475,10.132119087078564,False,True,ACCESS_LINK_FAIL
S014,Q2-017,S014-H022-Z200,109.24755636762957,23.00044514699031,542.0868530273438,1,-5.491743822099522,10.054386550642093,False,True,ACCESS_LINK_FAIL
S014,Q2-017,S014-H022-Z300,109.24755636762957,23.00044514699031,642.0868530273438,1,-5.506757428965784,9.956095757633264,False,True,ACCESS_LINK_FAIL
S014,Q2-017,S014-H023-Z100,109.2479937925,23.007437065,406.7596435546875,1,-5.316763176814007,10.949553194600156,False,True,ACCESS_LINK_FAIL
S014,Q2-017,S014-H023-Z200,109.2479937925,23.007437065,506.7596435546875,1,-5.3135037364611435,10.865409719793746,False,True,ACCESS_LINK_FAIL
S014,Q2-017,S014-H023-Z300,109.2479937925,23.007437065,606.7596435546875,1,-5.3268567347903115,10.756489872534232,False,True,ACCESS_LINK_FAIL
S014,Q2-017,S014-H024-Z100,109.24843121737042,23.014428983009694,410.6454162597656,1,-5.527166239681748,10.217423065150996,False,True,ACCESS_LINK_FAIL
S014,Q2-017,S014-H024-Z200,109.24843121737042,23.014428983009694,510.6454162597656,1,-5.524881266233123,10.145339126302076,False,True,ACCESS_LINK_FAIL
S014,Q2-017,S014-H024-Z300,109.24843121737042,23.014428983009694,610.6454162597656,1,-5.537840696300293,10.05201609318648,False,True,ACCESS_LINK_FAIL
S014,Q2-017,S014-H025-Z100,109.24886864224086,23.021420901019386,338.79115295410156,1,-6.081034675276442,8.54364037759045,False,True,ACCESS_LINK_FAIL
S014,Q2-017,S014-H025-Z200,109.24886864224086,23.021420901019386,438.79115295410156,1,-6.069955247479982,8.505718952387554,False,True,ACCESS_LINK_FAIL
S014,Q2-017,S014-H025-Z300,109.24886864224086,23.021420901019386,538.7911529541016,1,-6.073178183223234,8.452627833215118,False,True,ACCESS_LINK_FAIL
S014,Q2-017,S014-H026-Z100,109.25634930025913,22.992875763980614,582.4468078613281,1,-3.9271176604120654,5.93651950767601,False,True,ACCESS_LINK_FAIL
S014,Q2-017,S014-H026-Z200,109.25634930025913,22.992875763980614,682.4468078613281,1,-3.952217200873548,5.894706503535417,False,True,ACCESS_LINK_FAIL
S014,Q2-017,S014-H026-Z300,109.25634930025913,22.992875763980614,782.4468078613281,1,-3.986004896645454,5.844797664372095,False,True,ACCESS_LINK_FAIL
S014,Q2-017,S014-H027-Z100,109.25678672512957,22.999867681990306,331.63714599609375,1,-3.057877332980496,6.913137040310573,False,True,ACCESS_LINK_FAIL
S014,Q2-017,S014-H027-Z200,109.25678672512957,22.999867681990306,431.63714599609375,1,-3.0348384768286962,6.887821727323143,False,True,ACCESS_LINK_FAIL
S014,Q2-017,S014-H027-Z300,109.25678672512957,22.999867681990306,531.6371459960938,1,-3.038642921921692,6.851938763212829,False,True,ACCESS_LINK_FAIL
S014,Q2-017,S014-H028-Z100,109.25722415,23.0068596,455.21295166015625,1,-2.710016207574185,7.245312572206373,False,True,ACCESS_LINK_FAIL
S014,Q2-017,S014-H028-Z200,109.25722415,23.0068596,555.2129516601562,1,-2.7236111738978366,7.203628135381834,False,True,ACCESS_LINK_FAIL
S014,Q2-017,S014-H028-Z300,109.25722415,23.0068596,655.2129516601562,1,-2.7535047457645874,7.150861187079855,False,True,ACCESS_LINK_FAIL
S014,Q2-017,S014-H029-Z100,109.25766157487043,23.01385151800969,427.67236328125,1,-3.08314606159864,6.936323302285047,False,True,ACCESS_LINK_FAIL
S014,Q2-017,S014-H029-Z200,109.25766157487043,23.01385151800969,527.67236328125,1,-3.085441117510868,6.900468057468004,False,True,ACCESS_LINK_FAIL
S014,Q2-017,S014-H029-Z300,109.25766157487043,23.01385151800969,627.67236328125,1,-3.1099805041951925,6.854186495785314,False,True,ACCESS_LINK_FAIL
S014,Q2-017,S014-H030-Z100,109.25809899974087,23.020843436019383,350.1282501220703,1,-4.0065418349731345,6.078516344308042,False,True,ACCESS_LINK_FAIL
S014,Q2-017,S014-H030-Z200,109.25809899974087,23.020843436019383,450.1282501220703,1,-3.9896639445815083,6.055968837930351,False,True,ACCESS_LINK_FAIL
S014,Q2-017,S014-H030-Z300,109.25809899974087,23.020843436019383,550.1282501220703,1,-3.9982683558281735,6.024683619770698,False,True,ACCESS_LINK_FAIL
S014,Q2-017,S014-H031-Z100,109.26557965775913,22.992298298980614,364.8006591796875,1,-1.4682548220539218,3.923585324029787,False,True,ACCESS_LINK_FAIL
S014,Q2-017,S014-H031-Z200,109.26557965775913,22.992298298980614,464.8006591796875,1,-1.4402557494941846,3.90904603682894,False,True,ACCESS_LINK_FAIL
S014,Q2-017,S014-H031-Z300,109.26557965775913,22.992298298980614,564.8006591796875,1,-1.46361658058143,3.889142465946648,False,True,ACCESS_LINK_FAIL
S014,Q2-017,S014-H035-Z100,109.26732935724087,23.020265971019384,419.52325439453125,1,-1.5397021915792948,3.9808282270675335,False,True,ACCESS_LINK_FAIL
S014,Q2-017,S014-H035-Z200,109.26732935724087,23.020265971019384,519.5232543945312,1,-1.5386714781220263,3.9630843084317746,False,True,ACCESS_LINK_FAIL
S014,Q2-017,S014-H035-Z300,109.26732935724087,23.020265971019384,619.5232543945312,1,-1.5724141196271262,3.9399360771151493,False,True,ACCESS_LINK_FAIL
S015,Q2-018,S015-H000-Z100,109.1923786,23.0085095,536.5359497070312,1,-7.2208236509293755,3.9988031342946897,False,True,ACCESS_LINK_FAIL
S015,Q2-018,S015-H000-Z200,109.1923786,23.0085095,636.5359497070312,1,-7.225514778547733,3.974525584203434,False,True,ACCESS_LINK_FAIL
S015,Q2-018,S015-H000-Z300,109.1923786,23.0085095,736.5359497070312,1,-7.234379222832402,3.944900212967468,False,True,ACCESS_LINK_FAIL
S015,Q2-018,S015-H001-Z100,109.1923786,23.022157933333332,500.14794921875,1,-3.7006116932195283,3.4092834416692597,False,True,ACCESS_LINK_FAIL
S015,Q2-018,S015-H001-Z200,109.1923786,23.022157933333332,600.14794921875,1,-3.7056280335273897,3.389834228799373,False,True,ACCESS_LINK_FAIL
S015,Q2-018,S015-H001-Z300,109.1923786,23.022157933333332,700.14794921875,1,-3.722128331781647,3.36567390696635,False,True,ACCESS_LINK_FAIL
S015,Q2-018,S015-H003-Z100,109.1923786,23.0494548,536.229248046875,1,-0.4750697043759544,0.336504128025922,False,True,ACCESS_LINK_FAIL
S015,Q2-018,S015-H003-Z200,109.1923786,23.0494548,636.229248046875,1,-0.4779263284480919,0.32604819324080836,False,True,ACCESS_LINK_FAIL
S015,Q2-018,S015-H003-Z300,109.1923786,23.0494548,736.229248046875,1,-0.5005131020920288,0.3132422830396564,False,True,ACCESS_LINK_FAIL
S015,Q2-018,S015-H004-Z100,109.20520296666666,23.0085095,381.94195556640625,1,-7.573715991429211,7.528329174416797,False,True,ACCESS_LINK_FAIL
S015,Q2-018,S015-H004-Z200,109.20520296666666,23.0085095,481.94195556640625,1,-7.568310681907008,7.492930519878641,False,True,ACCESS_LINK_FAIL
S015,Q2-018,S015-H004-Z300,109.20520296666666,23.0085095,581.9419555664062,1,-7.568981494956702,7.445532242621468,False,True,ACCESS_LINK_FAIL
S015,Q2-018,S015-H005-Z100,109.20520296666666,23.022157933333332,443.57672119140625,1,-4.449227042187573,6.2693324605912295,False,True,ACCESS_LINK_FAIL
S015,Q2-018,S015-H005-Z200,109.20520296666666,23.022157933333332,543.5767211914062,1,-4.4445972125217,6.237086296180195,False,True,ACCESS_LINK_FAIL
S015,Q2-018,S015-H005-Z300,109.20520296666666,23.022157933333332,643.5767211914062,1,-4.454040684103234,6.195867278469464,False,True,ACCESS_LINK_FAIL
S015,Q2-018,S015-H006-Z100,109.20520296666666,23.035806366666666,467.0697326660156,1,-0.1148308915435905,3.8489651111327987,False,True,ACCESS_LINK_FAIL
S015,Q2-018,S015-H006-Z200,109.20520296666666,23.035806366666666,567.0697326660156,1,-0.11224920027451901,3.8292133128180126,False,True,ACCESS_LINK_FAIL
S015,Q2-018,S015-H006-Z300,109.20520296666666,23.035806366666666,667.0697326660156,1,-0.14283424050765348,3.804242993955569,False,True,ACCESS_LINK_FAIL
S015,Q2-018,S015-H008-Z100,109.21802733333334,23.0085095,283.14190673828125,1,-8.479595410380469,13.537372256943314,False,True,ACCESS_LINK_FAIL
S015,Q2-018,S015-H008-Z200,109.21802733333334,23.0085095,383.14190673828125,1,-8.47210636505028,13.44583518678391,False,True,ACCESS_LINK_FAIL
S015,Q2-018,S015-H008-Z300,109.21802733333334,23.0085095,483.14190673828125,1,-8.467749371903636,13.308602259222738,False,True,ACCESS_LINK_FAIL
S015,Q2-018,S015-H009-Z100,109.21802733333334,23.022157933333332,303.69004821777344,1,-6.142957286323835,9.870815453172881,False,True,ACCESS_LINK_FAIL
S015,Q2-018,S015-H009-Z200,109.21802733333334,23.022157933333332,403.69004821777344,1,-6.131229898208545,9.826864814567244,False,True,ACCESS_LINK_FAIL
S015,Q2-018,S015-H009-Z300,109.21802733333334,23.022157933333332,503.69004821777344,1,-6.124866110180122,9.762388122114686,False,True,ACCESS_LINK_FAIL
S015,Q2-018,S015-H010-Z100,109.21802733333334,23.035806366666666,313.0589294433594,1,-3.721020028310136,5.546451837152432,False,True,ACCESS_LINK_FAIL
S015,Q2-018,S015-H010-Z200,109.21802733333334,23.035806366666666,413.0589294433594,1,-3.701398997171765,5.5294226812397085,False,True,ACCESS_LINK_FAIL
S015,Q2-018,S015-H010-Z300,109.21802733333334,23.035806366666666,513.0589294433594,1,-3.691142472090661,5.504606053343679,False,True,ACCESS_LINK_FAIL
S015,Q2-018,S015-H011-Z100,109.21802733333334,23.0494548,451.1092834472656,1,-2.446398657539021,2.4154803383190995,False,True,ACCESS_LINK_FAIL
S015,Q2-018,S015-H011-Z200,109.21802733333334,23.0494548,551.1092834472656,1,-2.440925797291044,2.401885224599795,False,True,ACCESS_LINK_FAIL
S015,Q2-018,S015-H011-Z300,109.21802733333334,23.0494548,651.1092834472656,1,-2.456841057936572,2.3845053580397746,False,True,ACCESS_LINK_FAIL
S015,Q2-018,S015-H012-Z100,109.2308517,23.0085095,228.7255401611328,1,-9.659524706724,37.773336466538254,False,True,ACCESS_LINK_FAIL
S015,Q2-018,S015-H012-Z200,109.2308517,23.0085095,328.7255401611328,1,-9.652516424921416,30.79097812489792,False,True,ACCESS_LINK_FAIL
S015,Q2-018,S015-H012-Z300,109.2308517,23.0085095,428.7255401611328,1,-9.647893259435989,26.970859340833385,False,True,ACCESS_LINK_FAIL
S015,Q2-018,S015-H013-Z100,109.2308517,23.022157933333332,287.6864929199219,1,-7.9985710216209895,12.28561350591525,False,True,ACCESS_LINK_FAIL
S015,Q2-018,S015-H013-Z200,109.2308517,23.022157933333332,387.6864929199219,1,-7.99036344223407,12.215145384068919,False,True,ACCESS_LINK_FAIL
S015,Q2-018,S015-H013-Z300,109.2308517,23.022157933333332,487.6864929199219,1,-7.985654688574201,12.109743506789414,False,True,ACCESS_LINK_FAIL
S015,Q2-018,S015-H014-Z100,109.2308517,23.035806366666666,312.7041778564453,1,-6.576868717995865,6.288992218176219,False,True,ACCESS_LINK_FAIL
S015,Q2-018,S015-H014-Z200,109.2308517,23.035806366666666,412.7041778564453,1,-6.56669681468513,6.268828327849434,False,True,ACCESS_LINK_FAIL
S015,Q2-018,S015-H014-Z300,109.2308517,23.035806366666666,512.7041778564453,1,-6.561380164706478,6.2394541041457785,False,True,ACCESS_LINK_FAIL
S015,Q2-018,S015-H015-Z100,109.2308517,23.0494548,264.38336181640625,1,-5.985443538562507,2.7771310197595085,False,True,ACCESS_LINK_FAIL
S015,Q2-018,S015-H015-Z200,109.2308517,23.0494548,364.38336181640625,1,-5.97108714298281,2.770156835977488,False,True,ACCESS_LINK_FAIL
S015,Q2-018,S015-H015-Z300,109.2308517,23.0494548,464.38336181640625,1,-5.962284426456307,2.7590218025642628,False,True,ACCESS_LINK_FAIL
S015,Q2-018,S015-H016-Z100,109.2395500761091,23.028247004578983,248.57763671875,1,-8.674428854042617,8.4487779244985,False,True,ACCESS_LINK_FAIL
S015,Q2-018,S015-H016-Z200,109.2395500761091,23.028247004578983,348.57763671875,1,-8.666230648347238,8.42551972845358,False,True,ACCESS_LINK_FAIL
S015,Q2-018,S015-H016-Z300,109.2395500761091,23.028247004578983,448.57763671875,1,-8.661024985041024,8.387119897988924,False,True,ACCESS_LINK_FAIL
S015,Q2-018,S015-H017-Z100,109.23231540555456,23.021449149789493,245.0550994873047,1,-8.28864394524247,12.71916028656544,False,True,ACCESS_LINK_FAIL
S015,Q2-018,S015-H017-Z200,109.23231540555456,23.021449149789493,345.0550994873047,1,-8.279567734195837,12.65869705984801,False,True,ACCESS_LINK_FAIL
S015,Q2-018,S015-H017-Z300,109.23231540555456,23.021449149789493,445.0550994873047,1,-8.273761221595137,12.559056578850075,False,True,ACCESS_LINK_FAIL
S015,Q2-018,S015-H018-Z100,109.225080735,23.014651295,311.2505187988281,1,-8.245066081845238,16.692532055951915,False,True,ACCESS_LINK_FAIL
S015,Q2-018,S015-H018-Z200,109.225080735,23.014651295,411.2505187988281,1,-8.238092892872245,16.47764899867846,False,True,ACCESS_LINK_FAIL
S015,Q2-018,S015-H018-Z300,109.225080735,23.014651295,511.2505187988281,1,-8.234427128381952,16.180240131944686,False,True,ACCESS_LINK_FAIL
S015,Q2-018,S015-H019-Z100,109.21784606444545,23.007853440210507,268.5019836425781,1,-8.569764554370508,13.412917934322763,False,True,ACCESS_LINK_FAIL
S015,Q2-018,S015-H019-Z200,109.21784606444545,23.007853440210507,368.5019836425781,1,-8.561979170015348,13.330899005417493,False,True,ACCESS_LINK_FAIL
S015,Q2-018,S015-H019-Z300,109.21784606444545,23.007853440210507,468.5019836425781,1,-8.55726061301678,13.203953941627475,False,True,ACCESS_LINK_FAIL
S015,Q2-018,S015-H020-Z100,109.21061139389091,23.001055585421017,283.571533203125,1,-9.176895621428699,8.958793718835807,False,True,ACCESS_LINK_FAIL
S015,Q2-018,S015-H020-Z200,109.21061139389091,23.001055585421017,383.571533203125,1,-9.170529751199652,8.926603898076422,False,True,ACCESS_LINK_FAIL
S015,Q2-018,S015-H020-Z300,109.21061139389091,23.001055585421017,483.571533203125,1,-9.166831777209055,8.877556787507288,False,True,ACCESS_LINK_FAIL
S015,Q2-018,S015-H021-Z100,109.2328172836091,23.03541243207898,243.5,1,-6.993612229163446,6.4040429725426975,False,True,ACCESS_LINK_FAIL
S015,Q2-018,S015-H021-Z200,109.2328172836091,23.03541243207898,343.5,1,-6.9813094676705845,6.389992339531972,False,True,ACCESS_LINK_FAIL
S015,Q2-018,S015-H021-Z300,109.2328172836091,23.03541243207898,443.5,1,-6.973409044858769,6.366407218288785,False,True,ACCESS_LINK_FAIL
S015,Q2-018,S015-H022-Z100,109.22558261305456,23.028614577289492,258.8268737792969,1,-6.363083505761608,8.702178632312808,False,True,ACCESS_LINK_FAIL
S015,Q2-018,S015-H022-Z200,109.22558261305456,23.028614577289492,358.8268737792969,1,-6.349640060653428,8.67585741873691,False,True,ACCESS_LINK_FAIL
S015,Q2-018,S015-H022-Z300,109.22558261305456,23.028614577289492,458.8268737792969,1,-6.34128779415866,8.633536378762429,False,True,ACCESS_LINK_FAIL
S015,Q2-018,S015-H023-Z100,109.2183479425,23.0218167225,301.2081298828125,1,-6.250734496857092,10.090234452150014,False,True,ACCESS_LINK_FAIL
S015,Q2-018,S015-H023-Z200,109.2183479425,23.0218167225,401.2081298828125,1,-6.239164593162599,10.044572246221776,False,True,ACCESS_LINK_FAIL
S015,Q2-018,S015-H023-Z300,109.2183479425,23.0218167225,501.2081298828125,1,-6.232826588691182,9.977352169350283,False,True,ACCESS_LINK_FAIL
S015,Q2-018,S015-H024-Z100,109.21111327194545,23.015018867710506,304.0850830078125,1,-6.704868169170126,9.290330032758334,False,True,ACCESS_LINK_FAIL
S015,Q2-018,S015-H024-Z200,109.21111327194545,23.015018867710506,404.0850830078125,1,-6.6945844369488725,9.251780493183844,False,True,ACCESS_LINK_FAIL
S015,Q2-018,S015-H024-Z300,109.21111327194545,23.015018867710506,504.0850830078125,1,-6.6890140471107316,9.195176226381975,False,True,ACCESS_LINK_FAIL
S015,Q2-018,S015-H025-Z100,109.20387860139091,23.008221012921016,396.9182434082031,1,-7.564089715130692,7.089642085126201,False,True,ACCESS_LINK_FAIL
S015,Q2-018,S015-H025-Z200,109.20387860139091,23.008221012921016,496.9182434082031,1,-7.559252826919874,7.055951894412544,False,True,ACCESS_LINK_FAIL
S015,Q2-018,S015-H025-Z300,109.20387860139091,23.008221012921016,596.9182434082031,1,-7.561069806267568,7.011405441048964,False,True,ACCESS_LINK_FAIL
S015,Q2-018,S015-H026-Z100,109.22608449110909,23.04257785957898,300.7164306640625,1,-5.043821876831771,4.298620147099484,False,True,ACCESS_LINK_FAIL
S015,Q2-018,S015-H026-Z200,109.22608449110909,23.04257785957898,400.7164306640625,1,-5.028504823126795,4.286569030238496,False,True,ACCESS_LINK_FAIL
S015,Q2-018,S015-H026-Z300,109.22608449110909,23.04257785957898,500.7164306640625,1,-5.02009301467713,4.268643859345829,False,True,ACCESS_LINK_FAIL
S015,Q2-018,S015-H027-Z100,109.21884982055455,23.03578000478949,350.75193786621094,1,-3.9225420535686055,5.633599777949172,False,True,ACCESS_LINK_FAIL
S015,Q2-018,S015-H027-Z200,109.21884982055455,23.03578000478949,450.75193786621094,1,-3.907200628680144,5.61319247222157,False,True,ACCESS_LINK_FAIL
S015,Q2-018,S015-H027-Z300,109.21884982055455,23.03578000478949,550.7519378662109,1,-3.9032283107521266,5.584879970673256,False,True,ACCESS_LINK_FAIL
S015,Q2-018,S015-H028-Z100,109.21161515,23.028982149999997,370.958984375,1,-3.6441361996930084,6.351328097766654,False,True,ACCESS_LINK_FAIL
S015,Q2-018,S015-H028-Z200,109.21161515,23.028982149999997,470.958984375,1,-3.6297130060437865,6.325347784300149,False,True,ACCESS_LINK_FAIL
S015,Q2-018,S015-H028-Z300,109.21161515,23.028982149999997,570.958984375,1,-3.6292990222837602,6.2901091785171275,False,True,ACCESS_LINK_FAIL
S015,Q2-018,S015-H029-Z100,109.20438047944545,23.022184295210504,470.2703857421875,1,-4.353884391286243,6.052821474796815,False,True,ACCESS_LINK_FAIL
S015,Q2-018,S015-H029-Z200,109.20438047944545,23.022184295210504,570.2703857421875,1,-4.353423843196879,6.019778883982923,False,True,ACCESS_LINK_FAIL
S015,Q2-018,S015-H029-Z300,109.20438047944545,23.022184295210504,670.2703857421875,1,-4.365226328035419,5.978225932477017,False,True,ACCESS_LINK_FAIL
S015,Q2-018,S015-H030-Z100,109.19714580889091,23.015386440421015,420.4094543457031,1,-5.701232683207664,4.955872257285151,False,True,ACCESS_LINK_FAIL
S015,Q2-018,S015-H030-Z200,109.19714580889091,23.015386440421015,520.4094543457031,1,-5.695201405555892,4.9336124070924825,False,True,ACCESS_LINK_FAIL
S015,Q2-018,S015-H030-Z300,109.19714580889091,23.015386440421015,620.4094543457031,1,-5.700748388643305,4.904626300756831,False,True,ACCESS_LINK_FAIL
S015,Q2-018,S015-H031-Z100,109.21935169860909,23.049743287078982,413.47998046875,1,-2.889371102842304,2.4281643465935048,False,True,ACCESS_LINK_FAIL
S015,Q2-018,S015-H031-Z200,109.21935169860909,23.049743287078982,513.47998046875,1,-2.8770508025419588,2.415979265548799,False,True,ACCESS_LINK_FAIL
S015,Q2-018,S015-H031-Z300,109.21935169860909,23.049743287078982,613.47998046875,1,-2.8861047173322305,2.3999874248828093,False,True,ACCESS_LINK_FAIL
S015,Q2-018,S015-H032-Z100,109.21211702805455,23.042945432289493,432.552490234375,1,-0.7049144587258667,3.292898458261604,False,True,ACCESS_LINK_FAIL
S015,Q2-018,S015-H032-Z200,109.21211702805455,23.042945432289493,532.552490234375,1,-0.6898442420787632,3.2771371644030296,False,True,ACCESS_LINK_FAIL
S015,Q2-018,S015-H032-Z300,109.21211702805455,23.042945432289493,632.552490234375,1,-0.7101617704106644,3.2567539389364555,False,True,ACCESS_LINK_FAIL
S015,Q2-018,S015-H034-Z100,109.19764768694544,23.029349722710506,444.0325622558594,1,-1.3010768469661826,3.6395047736654647,False,True,ACCESS_LINK_FAIL
S015,Q2-018,S015-H034-Z200,109.19764768694544,23.029349722710506,544.0325622558594,1,-1.2916607076353586,3.6218526205016843,False,True,ACCESS_LINK_FAIL
S015,Q2-018,S015-H034-Z300,109.19764768694544,23.029349722710506,644.0325622558594,1,-1.311230134648568,3.5992088916335945,False,True,ACCESS_LINK_FAIL
S015,Q2-018,S015-H035-Z100,109.1904130163909,23.022551867921017,536.6343688964844,1,-3.5933901635794,2.9967992659329354,False,True,ACCESS_LINK_FAIL
S015,Q2-018,S015-H035-Z200,109.1904130163909,23.022551867921017,636.6343688964844,1,-3.6042068831104928,2.9775084141105452,False,True,ACCESS_LINK_FAIL
S015,Q2-018,S015-H035-Z300,109.1904130163909,23.022551867921017,736.6343688964844,1,-3.6245964153632144,2.9539392315686968,False,True,ACCESS_LINK_FAIL
S015,Q2-018,S015-H036-Z100,109.21261890610909,23.05690871457898,361.83203125,1,-2.087111087996391,0.8280768651982697,False,True,ACCESS_LINK_FAIL
S015,Q2-018,S015-H036-Z200,109.21261890610909,23.05690871457898,461.83203125,1,-2.0652006149885125,0.8210216098342045,False,True,ACCESS_LINK_FAIL
S015,Q2-018,S015-H036-Z300,109.21261890610909,23.05690871457898,561.83203125,1,-2.056958423139463,0.8113139988548994,False,True,ACCESS_LINK_FAIL
S015,Q2-018,S015-H040-Z100,109.1836802238909,23.029717295421015,452.27484130859375,1,-1.5543970865667944,1.327326134571834,False,True,ACCESS_LINK_FAIL
S015,Q2-018,S015-H040-Z200,109.1836802238909,23.029717295421015,552.2748413085938,1,-1.5480311423886803,1.3167056046624595,False,True,ACCESS_LINK_FAIL
S015,Q2-018,S015-H040-Z300,109.1836802238909,23.029717295421015,652.2748413085938,1,-1.5677504964858997,1.3031276712944333,False,True,ACCESS_LINK_FAIL
