sortie,service,candidate_hover_x,candidate_hover_y,candidate_altitude,required_interval_start,required_interval_end,min_access_margin_db,min_backhaul_margin_db,access_pass,backhaul_pass,rejection_reason,raw_reason,candidate_relay
K18-002,S002,,,100.0,,,,,,,OTHER_TRUE_UNKNOWN,strict_dynamic_link_certificate_failed,R01
K18-002,S002,,,100.0,,,,,,,OTHER_TRUE_UNKNOWN,strict_dynamic_link_certificate_failed,R02
K18-002,S002,,,100.0,,,,,,,OTHER_TRUE_UNKNOWN,strict_dynamic_link_certificate_failed,R01
K18-002,S002,,,100.0,,,,,,,OTHER_TRUE_UNKNOWN,strict_dynamic_link_certificate_failed,R02
K18-002,S002,,,100.0,,,,,,,OTHER_TRUE_UNKNOWN,strict_dynamic_link_certificate_failed,R01
K18-002,S002,,,100.0,,,,,,,OTHER_TRUE_UNKNOWN,strict_dynamic_link_certificate_failed,R02
K18-002,S002,,,100.0,,,,,,,OTHER_TRUE_UNKNOWN,strict_dynamic_link_certificate_failed,R01
K18-002,S002,,,100.0,,,,,,,OTHER_TRUE_UNKNOWN,strict_dynamic_link_certificate_failed,R02
K18-002,S002,,,100.0,,,,,,,OTHER_TRUE_UNKNOWN,strict_dynamic_link_certificate_failed,R01
K18-002,S002,,,100.0,,,,,,,OTHER_TRUE_UNKNOWN,strict_dynamic_link_certificate_failed,R02
K18-002,S002,,,100.0,,,,,,,OTHER_TRUE_UNKNOWN,strict_dynamic_link_certificate_failed,R01
K18-002,S002,,,100.0,,,,,,,OTHER_TRUE_UNKNOWN,strict_dynamic_link_certificate_failed,R02
K18-002,S002,,,100.0,,,,,,,OTHER_TRUE_UNKNOWN,strict_dynamic_link_certificate_failed,R01
K18-002,S002,,,100.0,,,,,,,OTHER_TRUE_UNKNOWN,strict_dynamic_link_certificate_failed,R02
K18-002,S002,,,100.0,,,,,,,OTHER_TRUE_UNKNOWN,strict_dynamic_link_certificate_failed,R01
K18-002,S002,,,100.0,,,,,,,OTHER_TRUE_UNKNOWN,strict_dynamic_link_certificate_failed,R02
K18-004,S007,,,100.0,,,,,,,OTHER_TRUE_UNKNOWN,strict_dynamic_link_certificate_failed,R01
K18-004,S007,,,100.0,,,,,,,OTHER_TRUE_UNKNOWN,strict_dynamic_link_certificate_failed,R02
K18-004,S007,,,100.0,,,,,,,OTHER_TRUE_UNKNOWN,strict_dynamic_link_certificate_failed,R01
K18-004,S007,,,100.0,,,,,,,OTHER_TRUE_UNKNOWN,strict_dynamic_link_certificate_failed,R02
K18-004,S007,,,100.0,,,,,,,OTHER_TRUE_UNKNOWN,strict_dynamic_link_certificate_failed,R01
K18-004,S007,,,100.0,,,,,,,OTHER_TRUE_UNKNOWN,strict_dynamic_link_certificate_failed,R02
K18-004,S007,,,100.0,,,,,,,OTHER_TRUE_UNKNOWN,strict_dynamic_link_certificate_failed,R01
K18-004,S007,,,100.0,,,,,,,OTHER_TRUE_UNKNOWN,strict_dynamic_link_certificate_failed,R02
K18-004,S007,,,100.0,,,,,,,OTHER_TRUE_UNKNOWN,strict_dynamic_link_certificate_failed,R01
K18-004,S007,,,100.0,,,,,,,OTHER_TRUE_UNKNOWN,strict_dynamic_link_certificate_failed,R02
K18-004,S007,,,100.0,,,,,,,OTHER_TRUE_UNKNOWN,strict_dynamic_link_certificate_failed,R01
K18-004,S007,,,100.0,,,,,,,OTHER_TRUE_UNKNOWN,strict_dynamic_link_certificate_failed,R02
K18-004,S007,,,100.0,,,,,,,OTHER_TRUE_UNKNOWN,strict_dynamic_link_certificate_failed,R01
K18-004,S007,,,100.0,,,,,,,OTHER_TRUE_UNKNOWN,strict_dynamic_link_certificate_failed,R02
K18-004,S007,,,100.0,,,,,,,OTHER_TRUE_UNKNOWN,strict_dynamic_link_certificate_failed,R01
K18-004,S007,,,100.0,,,,,,,OTHER_TRUE_UNKNOWN,strict_dynamic_link_certificate_failed,R02
K18-005,S010,,,100.0,,,,,,,OTHER_TRUE_UNKNOWN,strict_dynamic_link_certificate_failed,R01
K18-005,S010,,,100.0,,,,,,,OTHER_TRUE_UNKNOWN,strict_dynamic_link_certificate_failed,R02
K18-005,S010,,,100.0,,,,,,,OTHER_TRUE_UNKNOWN,strict_dynamic_link_certificate_failed,R01
K18-005,S010,,,100.0,,,,,,,OTHER_TRUE_UNKNOWN,strict_dynamic_link_certificate_failed,R02
K18-005,S010,,,100.0,,,,,,,OTHER_TRUE_UNKNOWN,strict_dynamic_link_certificate_failed,R01
K18-005,S010,,,100.0,,,,,,,OTHER_TRUE_UNKNOWN,strict_dynamic_link_certificate_failed,R02
K18-005,S010,,,100.0,,,,,,,OTHER_TRUE_UNKNOWN,strict_dynamic_link_certificate_failed,R01
K18-005,S010,,,100.0,,,,,,,OTHER_TRUE_UNKNOWN,strict_dynamic_link_certificate_failed,R02
K18-005,S010,,,100.0,,,,,,,OTHER_TRUE_UNKNOWN,strict_dynamic_link_certificate_failed,R01
K18-005,S010,,,100.0,,,,,,,OTHER_TRUE_UNKNOWN,strict_dynamic_link_certificate_failed,R02
K18-005,S010,,,100.0,,,,,,,OTHER_TRUE_UNKNOWN,strict_dynamic_link_certificate_failed,R01
K18-005,S010,,,100.0,,,,,,,OTHER_TRUE_UNKNOWN,strict_dynamic_link_certificate_failed,R02
K18-005,S010,,,100.0,,,,,,,OTHER_TRUE_UNKNOWN,strict_dynamic_link_certificate_failed,R01
K18-005,S010,,,100.0,,,,,,,OTHER_TRUE_UNKNOWN,strict_dynamic_link_certificate_failed,R02
K18-005,S010,,,100.0,,,,,,,OTHER_TRUE_UNKNOWN,strict_dynamic_link_certificate_failed,R01
K18-005,S010,,,100.0,,,,,,,OTHER_TRUE_UNKNOWN,strict_dynamic_link_certificate_failed,R02
K18-006,S012,,,100.0,,,,,,,OTHER_TRUE_UNKNOWN,strict_dynamic_link_certificate_failed,R01
K18-006,S012,,,100.0,,,,,,,OTHER_TRUE_UNKNOWN,strict_dynamic_link_certificate_failed,R02
K18-006,S012,,,100.0,,,,,,,OTHER_TRUE_UNKNOWN,strict_dynamic_link_certificate_failed,R01
K18-006,S012,,,100.0,,,,,,,OTHER_TRUE_UNKNOWN,strict_dynamic_link_certificate_failed,R02
K18-006,S012,,,100.0,,,,,,,OTHER_TRUE_UNKNOWN,strict_dynamic_link_certificate_failed,R01
K18-006,S012,,,100.0,,,,,,,OTHER_TRUE_UNKNOWN,strict_dynamic_link_certificate_failed,R02
K18-006,S012,,,100.0,,,,,,,OTHER_TRUE_UNKNOWN,strict_dynamic_link_certificate_failed,R01
K18-006,S012,,,100.0,,,,,,,OTHER_TRUE_UNKNOWN,strict_dynamic_link_certificate_failed,R02
K18-006,S012,,,100.0,,,,,,,OTHER_TRUE_UNKNOWN,strict_dynamic_link_certificate_failed,R01
K18-006,S012,,,100.0,,,,,,,OTHER_TRUE_UNKNOWN,strict_dynamic_link_certificate_failed,R02
K18-006,S012,,,100.0,,,,,,,OTHER_TRUE_UNKNOWN,strict_dynamic_link_certificate_failed,R01
K18-006,S012,,,100.0,,,,,,,OTHER_TRUE_UNKNOWN,strict_dynamic_link_certificate_failed,R02
K18-006,S012,,,100.0,,,,,,,OTHER_TRUE_UNKNOWN,strict_dynamic_link_certificate_failed,R01
K18-006,S012,,,100.0,,,,,,,OTHER_TRUE_UNKNOWN,strict_dynamic_link_certificate_failed,R02
K18-006,S012,,,100.0,,,,,,,OTHER_TRUE_UNKNOWN,strict_dynamic_link_certificate_failed,R01
K18-006,S012,,,100.0,,,,,,,OTHER_TRUE_UNKNOWN,strict_dynamic_link_certificate_failed,R02
K18-007,S013,,,100.0,,,,,,,OTHER_TRUE_UNKNOWN,strict_dynamic_link_certificate_failed,R01
K18-007,S013,,,100.0,,,,,,,OTHER_TRUE_UNKNOWN,strict_dynamic_link_certificate_failed,R02
K18-007,S013,,,100.0,,,,,,,OTHER_TRUE_UNKNOWN,strict_dynamic_link_certificate_failed,R01
K18-007,S013,,,100.0,,,,,,,OTHER_TRUE_UNKNOWN,strict_dynamic_link_certificate_failed,R02
K18-007,S013,,,100.0,,,,,,,OTHER_TRUE_UNKNOWN,strict_dynamic_link_certificate_failed,R01
K18-007,S013,,,100.0,,,,,,,OTHER_TRUE_UNKNOWN,strict_dynamic_link_certificate_failed,R02
K18-007,S013,,,100.0,,,,,,,OTHER_TRUE_UNKNOWN,strict_dynamic_link_certificate_failed,R01
K18-007,S013,,,100.0,,,,,,,OTHER_TRUE_UNKNOWN,strict_dynamic_link_certificate_failed,R02
K18-007,S013,,,100.0,,,,,,,OTHER_TRUE_UNKNOWN,strict_dynamic_link_certificate_failed,R01
K18-007,S013,,,100.0,,,,,,,OTHER_TRUE_UNKNOWN,strict_dynamic_link_certificate_failed,R02
K18-007,S013,,,100.0,,,,,,,OTHER_TRUE_UNKNOWN,strict_dynamic_link_certificate_failed,R01
K18-007,S013,,,100.0,,,,,,,OTHER_TRUE_UNKNOWN,strict_dynamic_link_certificate_failed,R02
K18-007,S013,,,100.0,,,,,,,OTHER_TRUE_UNKNOWN,strict_dynamic_link_certificate_failed,R01
K18-007,S013,,,100.0,,,,,,,OTHER_TRUE_UNKNOWN,strict_dynamic_link_certificate_failed,R02
K18-007,S013,,,100.0,,,,,,,OTHER_TRUE_UNKNOWN,strict_dynamic_link_certificate_failed,R01
K18-007,S013,,,100.0,,,,,,,OTHER_TRUE_UNKNOWN,strict_dynamic_link_certificate_failed,R02
K18-008,S014,,,200.0,,,,,,,OTHER_TRUE_UNKNOWN,strict_dynamic_link_certificate_failed,R01
K18-008,S014,,,200.0,,,,,,,OTHER_TRUE_UNKNOWN,strict_dynamic_link_certificate_failed,R02
K18-008,S014,,,200.0,,,,,,,OTHER_TRUE_UNKNOWN,strict_dynamic_link_certificate_failed,R01
K18-008,S014,,,200.0,,,,,,,OTHER_TRUE_UNKNOWN,strict_dynamic_link_certificate_failed,R02
K18-008,S014,,,200.0,,,,,,,OTHER_TRUE_UNKNOWN,strict_dynamic_link_certificate_failed,R01
K18-008,S014,,,200.0,,,,,,,OTHER_TRUE_UNKNOWN,strict_dynamic_link_certificate_failed,R02
K18-008,S014,,,200.0,,,,,,,OTHER_TRUE_UNKNOWN,strict_dynamic_link_certificate_failed,R01
K18-008,S014,,,200.0,,,,,,,OTHER_TRUE_UNKNOWN,strict_dynamic_link_certificate_failed,R02
K18-008,S014,,,200.0,,,,,,,OTHER_TRUE_UNKNOWN,strict_dynamic_link_certificate_failed,R01
K18-008,S014,,,200.0,,,,,,,OTHER_TRUE_UNKNOWN,strict_dynamic_link_certificate_failed,R02
K18-008,S014,,,200.0,,,,,,,OTHER_TRUE_UNKNOWN,strict_dynamic_link_certificate_failed,R01
K18-008,S014,,,200.0,,,,,,,OTHER_TRUE_UNKNOWN,strict_dynamic_link_certificate_failed,R02
K18-008,S014,,,200.0,,,,,,,OTHER_TRUE_UNKNOWN,strict_dynamic_link_certificate_failed,R01
K18-008,S014,,,200.0,,,,,,,OTHER_TRUE_UNKNOWN,strict_dynamic_link_certificate_failed,R02
K18-008,S014,,,200.0,,,,,,,OTHER_TRUE_UNKNOWN,strict_dynamic_link_certificate_failed,R01
K18-008,S014,,,200.0,,,,,,,OTHER_TRUE_UNKNOWN,strict_dynamic_link_certificate_failed,R02
K18-009,S003,,,100.0,,,,,,,OTHER_TRUE_UNKNOWN,strict_dynamic_link_certificate_failed,R01
K18-009,S003,,,100.0,,,,,,,OTHER_TRUE_UNKNOWN,strict_dynamic_link_certificate_failed,R02
K18-009,S003,,,100.0,,,,,,,OTHER_TRUE_UNKNOWN,strict_dynamic_link_certificate_failed,R01
K18-009,S003,,,100.0,,,,,,,OTHER_TRUE_UNKNOWN,strict_dynamic_link_certificate_failed,R02
K18-009,S003,,,100.0,,,,,,,OTHER_TRUE_UNKNOWN,strict_dynamic_link_certificate_failed,R01
K18-009,S003,,,100.0,,,,,,,OTHER_TRUE_UNKNOWN,strict_dynamic_link_certificate_failed,R02
K18-009,S003,,,100.0,,,,,,,OTHER_TRUE_UNKNOWN,strict_dynamic_link_certificate_failed,R01
K18-009,S003,,,100.0,,,,,,,OTHER_TRUE_UNKNOWN,strict_dynamic_link_certificate_failed,R02
K18-009,S003,,,100.0,,,,,,,OTHER_TRUE_UNKNOWN,strict_dynamic_link_certificate_failed,R01
K18-009,S003,,,100.0,,,,,,,OTHER_TRUE_UNKNOWN,strict_dynamic_link_certificate_failed,R02
K18-009,S003,,,100.0,,,,,,,OTHER_TRUE_UNKNOWN,strict_dynamic_link_certificate_failed,R01
K18-009,S003,,,100.0,,,,,,,OTHER_TRUE_UNKNOWN,strict_dynamic_link_certificate_failed,R02
K18-009,S003,,,100.0,,,,,,,OTHER_TRUE_UNKNOWN,strict_dynamic_link_certificate_failed,R01
K18-009,S003,,,100.0,,,,,,,OTHER_TRUE_UNKNOWN,strict_dynamic_link_certificate_failed,R02
K18-009,S003,,,100.0,,,,,,,OTHER_TRUE_UNKNOWN,strict_dynamic_link_certificate_failed,R01
K18-009,S003,,,100.0,,,,,,,OTHER_TRUE_UNKNOWN,strict_dynamic_link_certificate_failed,R02
K18-011,S008,,,100.0,,,,,,,OTHER_TRUE_UNKNOWN,strict_dynamic_link_certificate_failed,R01
K18-011,S008,,,100.0,,,,,,,OTHER_TRUE_UNKNOWN,strict_dynamic_link_certificate_failed,R02
K18-011,S008,,,100.0,,,,,,,OTHER_TRUE_UNKNOWN,strict_dynamic_link_certificate_failed,R01
K18-011,S008,,,100.0,,,,,,,OTHER_TRUE_UNKNOWN,strict_dynamic_link_certificate_failed,R02
K18-011,S008,,,100.0,,,,,,,OTHER_TRUE_UNKNOWN,strict_dynamic_link_certificate_failed,R01
K18-011,S008,,,100.0,,,,,,,OTHER_TRUE_UNKNOWN,strict_dynamic_link_certificate_failed,R02
K18-011,S008,,,100.0,,,,,,,OTHER_TRUE_UNKNOWN,strict_dynamic_link_certificate_failed,R01
K18-011,S008,,,100.0,,,,,,,OTHER_TRUE_UNKNOWN,strict_dynamic_link_certificate_failed,R02
K18-011,S008,,,100.0,,,,,,,OTHER_TRUE_UNKNOWN,strict_dynamic_link_certificate_failed,R01
K18-011,S008,,,100.0,,,,,,,OTHER_TRUE_UNKNOWN,strict_dynamic_link_certificate_failed,R02
K18-011,S008,,,100.0,,,,,,,OTHER_TRUE_UNKNOWN,strict_dynamic_link_certificate_failed,R01
K18-011,S008,,,100.0,,,,,,,OTHER_TRUE_UNKNOWN,strict_dynamic_link_certificate_failed,R02
K18-011,S008,,,100.0,,,,,,,OTHER_TRUE_UNKNOWN,strict_dynamic_link_certificate_failed,R01
K18-011,S008,,,100.0,,,,,,,OTHER_TRUE_UNKNOWN,strict_dynamic_link_certificate_failed,R02
K18-011,S008,,,100.0,,,,,,,OTHER_TRUE_UNKNOWN,strict_dynamic_link_certificate_failed,R01
K18-011,S008,,,100.0,,,,,,,OTHER_TRUE_UNKNOWN,strict_dynamic_link_certificate_failed,R02
K18-012,S015,,,100.0,,,,,,,OTHER_TRUE_UNKNOWN,strict_dynamic_link_certificate_failed,R01
K18-012,S015,,,100.0,,,,,,,OTHER_TRUE_UNKNOWN,strict_dynamic_link_certificate_failed,R02
K18-012,S015,,,100.0,,,,,,,OTHER_TRUE_UNKNOWN,strict_dynamic_link_certificate_failed,R01
K18-012,S015,,,100.0,,,,,,,OTHER_TRUE_UNKNOWN,strict_dynamic_link_certificate_failed,R02
K18-012,S015,,,100.0,,,,,,,OTHER_TRUE_UNKNOWN,strict_dynamic_link_certificate_failed,R01
K18-012,S015,,,100.0,,,,,,,OTHER_TRUE_UNKNOWN,strict_dynamic_link_certificate_failed,R02
K18-012,S015,,,100.0,,,,,,,OTHER_TRUE_UNKNOWN,strict_dynamic_link_certificate_failed,R01
K18-012,S015,,,100.0,,,,,,,OTHER_TRUE_UNKNOWN,strict_dynamic_link_certificate_failed,R02
K18-012,S015,,,100.0,,,,,,,OTHER_TRUE_UNKNOWN,strict_dynamic_link_certificate_failed,R01
K18-012,S015,,,100.0,,,,,,,OTHER_TRUE_UNKNOWN,strict_dynamic_link_certificate_failed,R02
K18-012,S015,,,100.0,,,,,,,OTHER_TRUE_UNKNOWN,strict_dynamic_link_certificate_failed,R01
K18-012,S015,,,100.0,,,,,,,OTHER_TRUE_UNKNOWN,strict_dynamic_link_certificate_failed,R02
K18-012,S015,,,100.0,,,,,,,OTHER_TRUE_UNKNOWN,strict_dynamic_link_certificate_failed,R01
K18-012,S015,,,100.0,,,,,,,OTHER_TRUE_UNKNOWN,strict_dynamic_link_certificate_failed,R02
K18-012,S015,,,100.0,,,,,,,OTHER_TRUE_UNKNOWN,strict_dynamic_link_certificate_failed,R01
K18-012,S015,,,100.0,,,,,,,OTHER_TRUE_UNKNOWN,strict_dynamic_link_certificate_failed,R02
K18-013,S005,,,100.0,,,,,,,OTHER_TRUE_UNKNOWN,strict_dynamic_link_certificate_failed,R01
K18-013,S005,,,100.0,,,,,,,OTHER_TRUE_UNKNOWN,strict_dynamic_link_certificate_failed,R02
K18-013,S005,,,100.0,,,,,,,OTHER_TRUE_UNKNOWN,strict_dynamic_link_certificate_failed,R01
K18-013,S005,,,100.0,,,,,,,OTHER_TRUE_UNKNOWN,strict_dynamic_link_certificate_failed,R02
K18-013,S005,,,100.0,,,,,,,OTHER_TRUE_UNKNOWN,strict_dynamic_link_certificate_failed,R01
K18-013,S005,,,100.0,,,,,,,OTHER_TRUE_UNKNOWN,strict_dynamic_link_certificate_failed,R02
K18-013,S005,,,100.0,,,,,,,OTHER_TRUE_UNKNOWN,strict_dynamic_link_certificate_failed,R01
K18-013,S005,,,100.0,,,,,,,OTHER_TRUE_UNKNOWN,strict_dynamic_link_certificate_failed,R02
K18-013,S005,,,100.0,,,,,,,OTHER_TRUE_UNKNOWN,strict_dynamic_link_certificate_failed,R01
K18-013,S005,,,100.0,,,,,,,OTHER_TRUE_UNKNOWN,strict_dynamic_link_certificate_failed,R02
K18-013,S005,,,100.0,,,,,,,OTHER_TRUE_UNKNOWN,strict_dynamic_link_certificate_failed,R01
K18-013,S005,,,100.0,,,,,,,OTHER_TRUE_UNKNOWN,strict_dynamic_link_certificate_failed,R02
K18-013,S005,,,100.0,,,,,,,OTHER_TRUE_UNKNOWN,strict_dynamic_link_certificate_failed,R01
K18-013,S005,,,100.0,,,,,,,OTHER_TRUE_UNKNOWN,strict_dynamic_link_certificate_failed,R02
K18-013,S005,,,100.0,,,,,,,OTHER_TRUE_UNKNOWN,strict_dynamic_link_certificate_failed,R01
K18-013,S005,,,100.0,,,,,,,OTHER_TRUE_UNKNOWN,strict_dynamic_link_certificate_failed,R02
K18-014,S009,,,100.0,,,,,,,OTHER_TRUE_UNKNOWN,strict_dynamic_link_certificate_failed,R01
K18-014,S009,,,100.0,,,,,,,OTHER_TRUE_UNKNOWN,strict_dynamic_link_certificate_failed,R02
K18-014,S009,,,100.0,,,,,,,OTHER_TRUE_UNKNOWN,strict_dynamic_link_certificate_failed,R01
K18-014,S009,,,100.0,,,,,,,OTHER_TRUE_UNKNOWN,strict_dynamic_link_certificate_failed,R02
K18-014,S009,,,100.0,,,,,,,OTHER_TRUE_UNKNOWN,strict_dynamic_link_certificate_failed,R01
K18-014,S009,,,100.0,,,,,,,OTHER_TRUE_UNKNOWN,strict_dynamic_link_certificate_failed,R02
K18-014,S009,,,100.0,,,,,,,OTHER_TRUE_UNKNOWN,strict_dynamic_link_certificate_failed,R01
K18-014,S009,,,100.0,,,,,,,OTHER_TRUE_UNKNOWN,strict_dynamic_link_certificate_failed,R02
K18-014,S009,,,100.0,,,,,,,OTHER_TRUE_UNKNOWN,strict_dynamic_link_certificate_failed,R01
K18-014,S009,,,100.0,,,,,,,OTHER_TRUE_UNKNOWN,strict_dynamic_link_certificate_failed,R02
K18-014,S009,,,100.0,,,,,,,OTHER_TRUE_UNKNOWN,strict_dynamic_link_certificate_failed,R01
K18-014,S009,,,100.0,,,,,,,OTHER_TRUE_UNKNOWN,strict_dynamic_link_certificate_failed,R02
K18-014,S009,,,100.0,,,,,,,OTHER_TRUE_UNKNOWN,strict_dynamic_link_certificate_failed,R01
K18-014,S009,,,100.0,,,,,,,OTHER_TRUE_UNKNOWN,strict_dynamic_link_certificate_failed,R02
K18-014,S009,,,100.0,,,,,,,OTHER_TRUE_UNKNOWN,strict_dynamic_link_certificate_failed,R01
K18-014,S009,,,100.0,,,,,,,OTHER_TRUE_UNKNOWN,strict_dynamic_link_certificate_failed,R02
K18-017,S002,,,100.0,,,,,,,OTHER_TRUE_UNKNOWN,strict_dynamic_link_certificate_failed,R01
K18-017,S002,,,100.0,,,,,,,OTHER_TRUE_UNKNOWN,strict_dynamic_link_certificate_failed,R02
K18-017,S002,,,100.0,,,,,,,OTHER_TRUE_UNKNOWN,strict_dynamic_link_certificate_failed,R01
K18-017,S002,,,100.0,,,,,,,OTHER_TRUE_UNKNOWN,strict_dynamic_link_certificate_failed,R02
K18-017,S002,,,100.0,,,,,,,OTHER_TRUE_UNKNOWN,strict_dynamic_link_certificate_failed,R01
K18-017,S002,,,100.0,,,,,,,OTHER_TRUE_UNKNOWN,strict_dynamic_link_certificate_failed,R02
K18-017,S002,,,100.0,,,,,,,OTHER_TRUE_UNKNOWN,strict_dynamic_link_certificate_failed,R01
K18-017,S002,,,100.0,,,,,,,OTHER_TRUE_UNKNOWN,strict_dynamic_link_certificate_failed,R02
K18-017,S002,,,100.0,,,,,,,OTHER_TRUE_UNKNOWN,strict_dynamic_link_certificate_failed,R01
K18-017,S002,,,100.0,,,,,,,OTHER_TRUE_UNKNOWN,strict_dynamic_link_certificate_failed,R02
K18-017,S002,,,100.0,,,,,,,OTHER_TRUE_UNKNOWN,strict_dynamic_link_certificate_failed,R01
K18-017,S002,,,100.0,,,,,,,OTHER_TRUE_UNKNOWN,strict_dynamic_link_certificate_failed,R02
K18-017,S002,,,100.0,,,,,,,OTHER_TRUE_UNKNOWN,strict_dynamic_link_certificate_failed,R01
K18-017,S002,,,100.0,,,,,,,OTHER_TRUE_UNKNOWN,strict_dynamic_link_certificate_failed,R02
K18-017,S002,,,100.0,,,,,,,OTHER_TRUE_UNKNOWN,strict_dynamic_link_certificate_failed,R01
K18-017,S002,,,100.0,,,,,,,OTHER_TRUE_UNKNOWN,strict_dynamic_link_certificate_failed,R02
K18-018,S003,,,100.0,,,,,,,OTHER_TRUE_UNKNOWN,strict_dynamic_link_certificate_failed,R01
K18-018,S003,,,100.0,,,,,,,OTHER_TRUE_UNKNOWN,strict_dynamic_link_certificate_failed,R02
K18-018,S003,,,100.0,,,,,,,OTHER_TRUE_UNKNOWN,strict_dynamic_link_certificate_failed,R01
K18-018,S003,,,100.0,,,,,,,OTHER_TRUE_UNKNOWN,strict_dynamic_link_certificate_failed,R02
K18-018,S003,,,100.0,,,,,,,OTHER_TRUE_UNKNOWN,strict_dynamic_link_certificate_failed,R01
K18-018,S003,,,100.0,,,,,,,OTHER_TRUE_UNKNOWN,strict_dynamic_link_certificate_failed,R02
K18-018,S003,,,100.0,,,,,,,OTHER_TRUE_UNKNOWN,strict_dynamic_link_certificate_failed,R01
K18-018,S003,,,100.0,,,,,,,OTHER_TRUE_UNKNOWN,strict_dynamic_link_certificate_failed,R02
K18-018,S003,,,100.0,,,,,,,OTHER_TRUE_UNKNOWN,strict_dynamic_link_certificate_failed,R01
K18-018,S003,,,100.0,,,,,,,OTHER_TRUE_UNKNOWN,strict_dynamic_link_certificate_failed,R02
K18-018,S003,,,100.0,,,,,,,OTHER_TRUE_UNKNOWN,strict_dynamic_link_certificate_failed,R01
K18-018,S003,,,100.0,,,,,,,OTHER_TRUE_UNKNOWN,strict_dynamic_link_certificate_failed,R02
K18-018,S003,,,100.0,,,,,,,OTHER_TRUE_UNKNOWN,strict_dynamic_link_certificate_failed,R01
K18-018,S003,,,100.0,,,,,,,OTHER_TRUE_UNKNOWN,strict_dynamic_link_certificate_failed,R02
K18-018,S003,,,100.0,,,,,,,OTHER_TRUE_UNKNOWN,strict_dynamic_link_certificate_failed,R01
K18-018,S003,,,100.0,,,,,,,OTHER_TRUE_UNKNOWN,strict_dynamic_link_certificate_failed,R02
K19-002,S002,,,100.0,,,,,,,OTHER_TRUE_UNKNOWN,strict_dynamic_link_certificate_failed,R01
K19-002,S002,,,100.0,,,,,,,OTHER_TRUE_UNKNOWN,strict_dynamic_link_certificate_failed,R02
K19-002,S002,,,100.0,,,,,,,OTHER_TRUE_UNKNOWN,strict_dynamic_link_certificate_failed,R01
K19-002,S002,,,100.0,,,,,,,OTHER_TRUE_UNKNOWN,strict_dynamic_link_certificate_failed,R02
K19-002,S002,,,100.0,,,,,,,OTHER_TRUE_UNKNOWN,strict_dynamic_link_certificate_failed,R01
K19-002,S002,,,100.0,,,,,,,OTHER_TRUE_UNKNOWN,strict_dynamic_link_certificate_failed,R02
K19-002,S002,,,100.0,,,,,,,OTHER_TRUE_UNKNOWN,strict_dynamic_link_certificate_failed,R01
K19-002,S002,,,100.0,,,,,,,OTHER_TRUE_UNKNOWN,strict_dynamic_link_certificate_failed,R02
K19-002,S002,,,100.0,,,,,,,OTHER_TRUE_UNKNOWN,strict_dynamic_link_certificate_failed,R01
K19-002,S002,,,100.0,,,,,,,OTHER_TRUE_UNKNOWN,strict_dynamic_link_certificate_failed,R02
K19-002,S002,,,100.0,,,,,,,OTHER_TRUE_UNKNOWN,strict_dynamic_link_certificate_failed,R01
K19-002,S002,,,100.0,,,,,,,OTHER_TRUE_UNKNOWN,strict_dynamic_link_certificate_failed,R02
K19-002,S002,,,100.0,,,,,,,OTHER_TRUE_UNKNOWN,strict_dynamic_link_certificate_failed,R01
K19-002,S002,,,100.0,,,,,,,OTHER_TRUE_UNKNOWN,strict_dynamic_link_certificate_failed,R02
K19-002,S002,,,100.0,,,,,,,OTHER_TRUE_UNKNOWN,strict_dynamic_link_certificate_failed,R01
K19-002,S002,,,100.0,,,,,,,OTHER_TRUE_UNKNOWN,strict_dynamic_link_certificate_failed,R02
K19-004,S007,,,100.0,,,,,,,OTHER_TRUE_UNKNOWN,strict_dynamic_link_certificate_failed,R01
K19-004,S007,,,100.0,,,,,,,OTHER_TRUE_UNKNOWN,strict_dynamic_link_certificate_failed,R02
K19-004,S007,,,100.0,,,,,,,OTHER_TRUE_UNKNOWN,strict_dynamic_link_certificate_failed,R01
K19-004,S007,,,100.0,,,,,,,OTHER_TRUE_UNKNOWN,strict_dynamic_link_certificate_failed,R02
K19-004,S007,,,100.0,,,,,,,OTHER_TRUE_UNKNOWN,strict_dynamic_link_certificate_failed,R01
K19-004,S007,,,100.0,,,,,,,OTHER_TRUE_UNKNOWN,strict_dynamic_link_certificate_failed,R02
K19-004,S007,,,100.0,,,,,,,OTHER_TRUE_UNKNOWN,strict_dynamic_link_certificate_failed,R01
K19-004,S007,,,100.0,,,,,,,OTHER_TRUE_UNKNOWN,strict_dynamic_link_certificate_failed,R02
K19-004,S007,,,100.0,,,,,,,OTHER_TRUE_UNKNOWN,strict_dynamic_link_certificate_failed,R01
K19-004,S007,,,100.0,,,,,,,OTHER_TRUE_UNKNOWN,strict_dynamic_link_certificate_failed,R02
K19-004,S007,,,100.0,,,,,,,OTHER_TRUE_UNKNOWN,strict_dynamic_link_certificate_failed,R01
K19-004,S007,,,100.0,,,,,,,OTHER_TRUE_UNKNOWN,strict_dynamic_link_certificate_failed,R02
K19-004,S007,,,100.0,,,,,,,OTHER_TRUE_UNKNOWN,strict_dynamic_link_certificate_failed,R01
K19-004,S007,,,100.0,,,,,,,OTHER_TRUE_UNKNOWN,strict_dynamic_link_certificate_failed,R02
K19-004,S007,,,100.0,,,,,,,OTHER_TRUE_UNKNOWN,strict_dynamic_link_certificate_failed,R01
K19-004,S007,,,100.0,,,,,,,OTHER_TRUE_UNKNOWN,strict_dynamic_link_certificate_failed,R02
K19-005,S010,,,100.0,,,,,,,OTHER_TRUE_UNKNOWN,strict_dynamic_link_certificate_failed,R01
K19-005,S010,,,100.0,,,,,,,OTHER_TRUE_UNKNOWN,strict_dynamic_link_certificate_failed,R02
K19-005,S010,,,100.0,,,,,,,OTHER_TRUE_UNKNOWN,strict_dynamic_link_certificate_failed,R01
K19-005,S010,,,100.0,,,,,,,OTHER_TRUE_UNKNOWN,strict_dynamic_link_certificate_failed,R02
K19-005,S010,,,100.0,,,,,,,OTHER_TRUE_UNKNOWN,strict_dynamic_link_certificate_failed,R01
K19-005,S010,,,100.0,,,,,,,OTHER_TRUE_UNKNOWN,strict_dynamic_link_certificate_failed,R02
K19-005,S010,,,100.0,,,,,,,OTHER_TRUE_UNKNOWN,strict_dynamic_link_certificate_failed,R01
K19-005,S010,,,100.0,,,,,,,OTHER_TRUE_UNKNOWN,strict_dynamic_link_certificate_failed,R02
K19-005,S010,,,100.0,,,,,,,OTHER_TRUE_UNKNOWN,strict_dynamic_link_certificate_failed,R01
K19-005,S010,,,100.0,,,,,,,OTHER_TRUE_UNKNOWN,strict_dynamic_link_certificate_failed,R02
K19-005,S010,,,100.0,,,,,,,OTHER_TRUE_UNKNOWN,strict_dynamic_link_certificate_failed,R01
K19-005,S010,,,100.0,,,,,,,OTHER_TRUE_UNKNOWN,strict_dynamic_link_certificate_failed,R02
K19-005,S010,,,100.0,,,,,,,OTHER_TRUE_UNKNOWN,strict_dynamic_link_certificate_failed,R01
K19-005,S010,,,100.0,,,,,,,OTHER_TRUE_UNKNOWN,strict_dynamic_link_certificate_failed,R02
K19-005,S010,,,100.0,,,,,,,OTHER_TRUE_UNKNOWN,strict_dynamic_link_certificate_failed,R01
K19-005,S010,,,100.0,,,,,,,OTHER_TRUE_UNKNOWN,strict_dynamic_link_certificate_failed,R02
K19-006,S012,,,100.0,,,,,,,OTHER_TRUE_UNKNOWN,strict_dynamic_link_certificate_failed,R01
K19-006,S012,,,100.0,,,,,,,OTHER_TRUE_UNKNOWN,strict_dynamic_link_certificate_failed,R02
K19-006,S012,,,100.0,,,,,,,OTHER_TRUE_UNKNOWN,strict_dynamic_link_certificate_failed,R01
K19-006,S012,,,100.0,,,,,,,OTHER_TRUE_UNKNOWN,strict_dynamic_link_certificate_failed,R02
K19-006,S012,,,100.0,,,,,,,OTHER_TRUE_UNKNOWN,strict_dynamic_link_certificate_failed,R01
K19-006,S012,,,100.0,,,,,,,OTHER_TRUE_UNKNOWN,strict_dynamic_link_certificate_failed,R02
K19-006,S012,,,100.0,,,,,,,OTHER_TRUE_UNKNOWN,strict_dynamic_link_certificate_failed,R01
K19-006,S012,,,100.0,,,,,,,OTHER_TRUE_UNKNOWN,strict_dynamic_link_certificate_failed,R02
K19-006,S012,,,100.0,,,,,,,OTHER_TRUE_UNKNOWN,strict_dynamic_link_certificate_failed,R01
K19-006,S012,,,100.0,,,,,,,OTHER_TRUE_UNKNOWN,strict_dynamic_link_certificate_failed,R02
K19-006,S012,,,100.0,,,,,,,OTHER_TRUE_UNKNOWN,strict_dynamic_link_certificate_failed,R01
K19-006,S012,,,100.0,,,,,,,OTHER_TRUE_UNKNOWN,strict_dynamic_link_certificate_failed,R02
K19-006,S012,,,100.0,,,,,,,OTHER_TRUE_UNKNOWN,strict_dynamic_link_certificate_failed,R01
K19-006,S012,,,100.0,,,,,,,OTHER_TRUE_UNKNOWN,strict_dynamic_link_certificate_failed,R02
K19-006,S012,,,100.0,,,,,,,OTHER_TRUE_UNKNOWN,strict_dynamic_link_certificate_failed,R01
K19-006,S012,,,100.0,,,,,,,OTHER_TRUE_UNKNOWN,strict_dynamic_link_certificate_failed,R02
K19-007,S013,,,100.0,,,,,,,OTHER_TRUE_UNKNOWN,strict_dynamic_link_certificate_failed,R01
K19-007,S013,,,100.0,,,,,,,OTHER_TRUE_UNKNOWN,strict_dynamic_link_certificate_failed,R02
K19-007,S013,,,100.0,,,,,,,OTHER_TRUE_UNKNOWN,strict_dynamic_link_certificate_failed,R01
K19-007,S013,,,100.0,,,,,,,OTHER_TRUE_UNKNOWN,strict_dynamic_link_certificate_failed,R02
K19-007,S013,,,100.0,,,,,,,OTHER_TRUE_UNKNOWN,strict_dynamic_link_certificate_failed,R01
K19-007,S013,,,100.0,,,,,,,OTHER_TRUE_UNKNOWN,strict_dynamic_link_certificate_failed,R02
K19-007,S013,,,100.0,,,,,,,OTHER_TRUE_UNKNOWN,strict_dynamic_link_certificate_failed,R01
K19-007,S013,,,100.0,,,,,,,OTHER_TRUE_UNKNOWN,strict_dynamic_link_certificate_failed,R02
K19-007,S013,,,100.0,,,,,,,OTHER_TRUE_UNKNOWN,strict_dynamic_link_certificate_failed,R01
K19-007,S013,,,100.0,,,,,,,OTHER_TRUE_UNKNOWN,strict_dynamic_link_certificate_failed,R02
K19-007,S013,,,100.0,,,,,,,OTHER_TRUE_UNKNOWN,strict_dynamic_link_certificate_failed,R01
K19-007,S013,,,100.0,,,,,,,OTHER_TRUE_UNKNOWN,strict_dynamic_link_certificate_failed,R02
K19-007,S013,,,100.0,,,,,,,OTHER_TRUE_UNKNOWN,strict_dynamic_link_certificate_failed,R01
K19-007,S013,,,100.0,,,,,,,OTHER_TRUE_UNKNOWN,strict_dynamic_link_certificate_failed,R02
K19-007,S013,,,100.0,,,,,,,OTHER_TRUE_UNKNOWN,strict_dynamic_link_certificate_failed,R01
K19-007,S013,,,100.0,,,,,,,OTHER_TRUE_UNKNOWN,strict_dynamic_link_certificate_failed,R02
K19-008,S014,,,200.0,,,,,,,OTHER_TRUE_UNKNOWN,strict_dynamic_link_certificate_failed,R01
K19-008,S014,,,200.0,,,,,,,OTHER_TRUE_UNKNOWN,strict_dynamic_link_certificate_failed,R02
K19-008,S014,,,200.0,,,,,,,OTHER_TRUE_UNKNOWN,strict_dynamic_link_certificate_failed,R01
K19-008,S014,,,200.0,,,,,,,OTHER_TRUE_UNKNOWN,strict_dynamic_link_certificate_failed,R02
K19-008,S014,,,200.0,,,,,,,OTHER_TRUE_UNKNOWN,strict_dynamic_link_certificate_failed,R01
K19-008,S014,,,200.0,,,,,,,OTHER_TRUE_UNKNOWN,strict_dynamic_link_certificate_failed,R02
K19-008,S014,,,200.0,,,,,,,OTHER_TRUE_UNKNOWN,strict_dynamic_link_certificate_failed,R01
K19-008,S014,,,200.0,,,,,,,OTHER_TRUE_UNKNOWN,strict_dynamic_link_certificate_failed,R02
K19-008,S014,,,200.0,,,,,,,OTHER_TRUE_UNKNOWN,strict_dynamic_link_certificate_failed,R01
K19-008,S014,,,200.0,,,,,,,OTHER_TRUE_UNKNOWN,strict_dynamic_link_certificate_failed,R02
K19-008,S014,,,200.0,,,,,,,OTHER_TRUE_UNKNOWN,strict_dynamic_link_certificate_failed,R01
K19-008,S014,,,200.0,,,,,,,OTHER_TRUE_UNKNOWN,strict_dynamic_link_certificate_failed,R02
K19-008,S014,,,200.0,,,,,,,OTHER_TRUE_UNKNOWN,strict_dynamic_link_certificate_failed,R01
K19-008,S014,,,200.0,,,,,,,OTHER_TRUE_UNKNOWN,strict_dynamic_link_certificate_failed,R02
K19-008,S014,,,200.0,,,,,,,OTHER_TRUE_UNKNOWN,strict_dynamic_link_certificate_failed,R01
K19-008,S014,,,200.0,,,,,,,OTHER_TRUE_UNKNOWN,strict_dynamic_link_certificate_failed,R02
K19-009,S003,,,100.0,,,,,,,OTHER_TRUE_UNKNOWN,strict_dynamic_link_certificate_failed,R01
K19-009,S003,,,100.0,,,,,,,OTHER_TRUE_UNKNOWN,strict_dynamic_link_certificate_failed,R02
K19-009,S003,,,100.0,,,,,,,OTHER_TRUE_UNKNOWN,strict_dynamic_link_certificate_failed,R01
K19-009,S003,,,100.0,,,,,,,OTHER_TRUE_UNKNOWN,strict_dynamic_link_certificate_failed,R02
K19-009,S003,,,100.0,,,,,,,OTHER_TRUE_UNKNOWN,strict_dynamic_link_certificate_failed,R01
K19-009,S003,,,100.0,,,,,,,OTHER_TRUE_UNKNOWN,strict_dynamic_link_certificate_failed,R02
K19-009,S003,,,100.0,,,,,,,OTHER_TRUE_UNKNOWN,strict_dynamic_link_certificate_failed,R01
K19-009,S003,,,100.0,,,,,,,OTHER_TRUE_UNKNOWN,strict_dynamic_link_certificate_failed,R02
K19-009,S003,,,100.0,,,,,,,OTHER_TRUE_UNKNOWN,strict_dynamic_link_certificate_failed,R01
K19-009,S003,,,100.0,,,,,,,OTHER_TRUE_UNKNOWN,strict_dynamic_link_certificate_failed,R02
K19-009,S003,,,100.0,,,,,,,OTHER_TRUE_UNKNOWN,strict_dynamic_link_certificate_failed,R01
K19-009,S003,,,100.0,,,,,,,OTHER_TRUE_UNKNOWN,strict_dynamic_link_certificate_failed,R02
K19-009,S003,,,100.0,,,,,,,OTHER_TRUE_UNKNOWN,strict_dynamic_link_certificate_failed,R01
K19-009,S003,,,100.0,,,,,,,OTHER_TRUE_UNKNOWN,strict_dynamic_link_certificate_failed,R02
K19-009,S003,,,100.0,,,,,,,OTHER_TRUE_UNKNOWN,strict_dynamic_link_certificate_failed,R01
K19-009,S003,,,100.0,,,,,,,OTHER_TRUE_UNKNOWN,strict_dynamic_link_certificate_failed,R02
K19-011,S008,,,100.0,,,,,,,OTHER_TRUE_UNKNOWN,strict_dynamic_link_certificate_failed,R01
K19-011,S008,,,100.0,,,,,,,OTHER_TRUE_UNKNOWN,strict_dynamic_link_certificate_failed,R02
K19-011,S008,,,100.0,,,,,,,OTHER_TRUE_UNKNOWN,strict_dynamic_link_certificate_failed,R01
K19-011,S008,,,100.0,,,,,,,OTHER_TRUE_UNKNOWN,strict_dynamic_link_certificate_failed,R02
K19-011,S008,,,100.0,,,,,,,OTHER_TRUE_UNKNOWN,strict_dynamic_link_certificate_failed,R01
K19-011,S008,,,100.0,,,,,,,OTHER_TRUE_UNKNOWN,strict_dynamic_link_certificate_failed,R02
K19-011,S008,,,100.0,,,,,,,OTHER_TRUE_UNKNOWN,strict_dynamic_link_certificate_failed,R01
K19-011,S008,,,100.0,,,,,,,OTHER_TRUE_UNKNOWN,strict_dynamic_link_certificate_failed,R02
K19-011,S008,,,100.0,,,,,,,OTHER_TRUE_UNKNOWN,strict_dynamic_link_certificate_failed,R01
K19-011,S008,,,100.0,,,,,,,OTHER_TRUE_UNKNOWN,strict_dynamic_link_certificate_failed,R02
K19-011,S008,,,100.0,,,,,,,OTHER_TRUE_UNKNOWN,strict_dynamic_link_certificate_failed,R01
K19-011,S008,,,100.0,,,,,,,OTHER_TRUE_UNKNOWN,strict_dynamic_link_certificate_failed,R02
K19-011,S008,,,100.0,,,,,,,OTHER_TRUE_UNKNOWN,strict_dynamic_link_certificate_failed,R01
K19-011,S008,,,100.0,,,,,,,OTHER_TRUE_UNKNOWN,strict_dynamic_link_certificate_failed,R02
K19-011,S008,,,100.0,,,,,,,OTHER_TRUE_UNKNOWN,strict_dynamic_link_certificate_failed,R01
K19-011,S008,,,100.0,,,,,,,OTHER_TRUE_UNKNOWN,strict_dynamic_link_certificate_failed,R02
K19-012,S015,,,100.0,,,,,,,OTHER_TRUE_UNKNOWN,strict_dynamic_link_certificate_failed,R01
K19-012,S015,,,100.0,,,,,,,OTHER_TRUE_UNKNOWN,strict_dynamic_link_certificate_failed,R02
K19-012,S015,,,100.0,,,,,,,OTHER_TRUE_UNKNOWN,strict_dynamic_link_certificate_failed,R01
K19-012,S015,,,100.0,,,,,,,OTHER_TRUE_UNKNOWN,strict_dynamic_link_certificate_failed,R02
K19-012,S015,,,100.0,,,,,,,OTHER_TRUE_UNKNOWN,strict_dynamic_link_certificate_failed,R01
K19-012,S015,,,100.0,,,,,,,OTHER_TRUE_UNKNOWN,strict_dynamic_link_certificate_failed,R02
K19-012,S015,,,100.0,,,,,,,OTHER_TRUE_UNKNOWN,strict_dynamic_link_certificate_failed,R01
K19-012,S015,,,100.0,,,,,,,OTHER_TRUE_UNKNOWN,strict_dynamic_link_certificate_failed,R02
K19-012,S015,,,100.0,,,,,,,OTHER_TRUE_UNKNOWN,strict_dynamic_link_certificate_failed,R01
K19-012,S015,,,100.0,,,,,,,OTHER_TRUE_UNKNOWN,strict_dynamic_link_certificate_failed,R02
K19-012,S015,,,100.0,,,,,,,OTHER_TRUE_UNKNOWN,strict_dynamic_link_certificate_failed,R01
K19-012,S015,,,100.0,,,,,,,OTHER_TRUE_UNKNOWN,strict_dynamic_link_certificate_failed,R02
K19-012,S015,,,100.0,,,,,,,OTHER_TRUE_UNKNOWN,strict_dynamic_link_certificate_failed,R01
K19-012,S015,,,100.0,,,,,,,OTHER_TRUE_UNKNOWN,strict_dynamic_link_certificate_failed,R02
K19-012,S015,,,100.0,,,,,,,OTHER_TRUE_UNKNOWN,strict_dynamic_link_certificate_failed,R01
K19-012,S015,,,100.0,,,,,,,OTHER_TRUE_UNKNOWN,strict_dynamic_link_certificate_failed,R02
K19-013,S005,,,100.0,,,,,,,OTHER_TRUE_UNKNOWN,strict_dynamic_link_certificate_failed,R01
K19-013,S005,,,100.0,,,,,,,OTHER_TRUE_UNKNOWN,strict_dynamic_link_certificate_failed,R02
K19-013,S005,,,100.0,,,,,,,OTHER_TRUE_UNKNOWN,strict_dynamic_link_certificate_failed,R01
K19-013,S005,,,100.0,,,,,,,OTHER_TRUE_UNKNOWN,strict_dynamic_link_certificate_failed,R02
K19-013,S005,,,100.0,,,,,,,OTHER_TRUE_UNKNOWN,strict_dynamic_link_certificate_failed,R01
K19-013,S005,,,100.0,,,,,,,OTHER_TRUE_UNKNOWN,strict_dynamic_link_certificate_failed,R02
K19-013,S005,,,100.0,,,,,,,OTHER_TRUE_UNKNOWN,strict_dynamic_link_certificate_failed,R01
K19-013,S005,,,100.0,,,,,,,OTHER_TRUE_UNKNOWN,strict_dynamic_link_certificate_failed,R02
K19-013,S005,,,100.0,,,,,,,OTHER_TRUE_UNKNOWN,strict_dynamic_link_certificate_failed,R01
K19-013,S005,,,100.0,,,,,,,OTHER_TRUE_UNKNOWN,strict_dynamic_link_certificate_failed,R02
K19-013,S005,,,100.0,,,,,,,OTHER_TRUE_UNKNOWN,strict_dynamic_link_certificate_failed,R01
K19-013,S005,,,100.0,,,,,,,OTHER_TRUE_UNKNOWN,strict_dynamic_link_certificate_failed,R02
K19-013,S005,,,100.0,,,,,,,OTHER_TRUE_UNKNOWN,strict_dynamic_link_certificate_failed,R01
K19-013,S005,,,100.0,,,,,,,OTHER_TRUE_UNKNOWN,strict_dynamic_link_certificate_failed,R02
K19-013,S005,,,100.0,,,,,,,OTHER_TRUE_UNKNOWN,strict_dynamic_link_certificate_failed,R01
K19-013,S005,,,100.0,,,,,,,OTHER_TRUE_UNKNOWN,strict_dynamic_link_certificate_failed,R02
K19-014,S009,,,100.0,,,,,,,OTHER_TRUE_UNKNOWN,strict_dynamic_link_certificate_failed,R01
K19-014,S009,,,100.0,,,,,,,OTHER_TRUE_UNKNOWN,strict_dynamic_link_certificate_failed,R02
K19-014,S009,,,100.0,,,,,,,OTHER_TRUE_UNKNOWN,strict_dynamic_link_certificate_failed,R01
K19-014,S009,,,100.0,,,,,,,OTHER_TRUE_UNKNOWN,strict_dynamic_link_certificate_failed,R02
K19-014,S009,,,100.0,,,,,,,OTHER_TRUE_UNKNOWN,strict_dynamic_link_certificate_failed,R01
K19-014,S009,,,100.0,,,,,,,OTHER_TRUE_UNKNOWN,strict_dynamic_link_certificate_failed,R02
K19-014,S009,,,100.0,,,,,,,OTHER_TRUE_UNKNOWN,strict_dynamic_link_certificate_failed,R01
K19-014,S009,,,100.0,,,,,,,OTHER_TRUE_UNKNOWN,strict_dynamic_link_certificate_failed,R02
K19-014,S009,,,100.0,,,,,,,OTHER_TRUE_UNKNOWN,strict_dynamic_link_certificate_failed,R01
K19-014,S009,,,100.0,,,,,,,OTHER_TRUE_UNKNOWN,strict_dynamic_link_certificate_failed,R02
K19-014,S009,,,100.0,,,,,,,OTHER_TRUE_UNKNOWN,strict_dynamic_link_certificate_failed,R01
K19-014,S009,,,100.0,,,,,,,OTHER_TRUE_UNKNOWN,strict_dynamic_link_certificate_failed,R02
K19-014,S009,,,100.0,,,,,,,OTHER_TRUE_UNKNOWN,strict_dynamic_link_certificate_failed,R01
K19-014,S009,,,100.0,,,,,,,OTHER_TRUE_UNKNOWN,strict_dynamic_link_certificate_failed,R02
K19-014,S009,,,100.0,,,,,,,OTHER_TRUE_UNKNOWN,strict_dynamic_link_certificate_failed,R01
K19-014,S009,,,100.0,,,,,,,OTHER_TRUE_UNKNOWN,strict_dynamic_link_certificate_failed,R02
K19-018,S002,,,100.0,,,,,,,OTHER_TRUE_UNKNOWN,strict_dynamic_link_certificate_failed,R01
K19-018,S002,,,100.0,,,,,,,OTHER_TRUE_UNKNOWN,strict_dynamic_link_certificate_failed,R02
K19-018,S002,,,100.0,,,,,,,OTHER_TRUE_UNKNOWN,strict_dynamic_link_certificate_failed,R01
K19-018,S002,,,100.0,,,,,,,OTHER_TRUE_UNKNOWN,strict_dynamic_link_certificate_failed,R02
K19-018,S002,,,100.0,,,,,,,OTHER_TRUE_UNKNOWN,strict_dynamic_link_certificate_failed,R01
K19-018,S002,,,100.0,,,,,,,OTHER_TRUE_UNKNOWN,strict_dynamic_link_certificate_failed,R02
K19-018,S002,,,100.0,,,,,,,OTHER_TRUE_UNKNOWN,strict_dynamic_link_certificate_failed,R01
K19-018,S002,,,100.0,,,,,,,OTHER_TRUE_UNKNOWN,strict_dynamic_link_certificate_failed,R02
K19-018,S002,,,100.0,,,,,,,OTHER_TRUE_UNKNOWN,strict_dynamic_link_certificate_failed,R01
K19-018,S002,,,100.0,,,,,,,OTHER_TRUE_UNKNOWN,strict_dynamic_link_certificate_failed,R02
K19-018,S002,,,100.0,,,,,,,OTHER_TRUE_UNKNOWN,strict_dynamic_link_certificate_failed,R01
K19-018,S002,,,100.0,,,,,,,OTHER_TRUE_UNKNOWN,strict_dynamic_link_certificate_failed,R02
K19-018,S002,,,100.0,,,,,,,OTHER_TRUE_UNKNOWN,strict_dynamic_link_certificate_failed,R01
K19-018,S002,,,100.0,,,,,,,OTHER_TRUE_UNKNOWN,strict_dynamic_link_certificate_failed,R02
K19-018,S002,,,100.0,,,,,,,OTHER_TRUE_UNKNOWN,strict_dynamic_link_certificate_failed,R01
K19-018,S002,,,100.0,,,,,,,OTHER_TRUE_UNKNOWN,strict_dynamic_link_certificate_failed,R02
K19-019,S003,,,100.0,,,,,,,OTHER_TRUE_UNKNOWN,strict_dynamic_link_certificate_failed,R01
K19-019,S003,,,100.0,,,,,,,OTHER_TRUE_UNKNOWN,strict_dynamic_link_certificate_failed,R02
K19-019,S003,,,100.0,,,,,,,OTHER_TRUE_UNKNOWN,strict_dynamic_link_certificate_failed,R01
K19-019,S003,,,100.0,,,,,,,OTHER_TRUE_UNKNOWN,strict_dynamic_link_certificate_failed,R02
K19-019,S003,,,100.0,,,,,,,OTHER_TRUE_UNKNOWN,strict_dynamic_link_certificate_failed,R01
K19-019,S003,,,100.0,,,,,,,OTHER_TRUE_UNKNOWN,strict_dynamic_link_certificate_failed,R02
K19-019,S003,,,100.0,,,,,,,OTHER_TRUE_UNKNOWN,strict_dynamic_link_certificate_failed,R01
K19-019,S003,,,100.0,,,,,,,OTHER_TRUE_UNKNOWN,strict_dynamic_link_certificate_failed,R02
K19-019,S003,,,100.0,,,,,,,OTHER_TRUE_UNKNOWN,strict_dynamic_link_certificate_failed,R01
K19-019,S003,,,100.0,,,,,,,OTHER_TRUE_UNKNOWN,strict_dynamic_link_certificate_failed,R02
K19-019,S003,,,100.0,,,,,,,OTHER_TRUE_UNKNOWN,strict_dynamic_link_certificate_failed,R01
K19-019,S003,,,100.0,,,,,,,OTHER_TRUE_UNKNOWN,strict_dynamic_link_certificate_failed,R02
K19-019,S003,,,100.0,,,,,,,OTHER_TRUE_UNKNOWN,strict_dynamic_link_certificate_failed,R01
K19-019,S003,,,100.0,,,,,,,OTHER_TRUE_UNKNOWN,strict_dynamic_link_certificate_failed,R02
K19-019,S003,,,100.0,,,,,,,OTHER_TRUE_UNKNOWN,strict_dynamic_link_certificate_failed,R01
K19-019,S003,,,100.0,,,,,,,OTHER_TRUE_UNKNOWN,strict_dynamic_link_certificate_failed,R02
K20-002,S002,,,100.0,,,,,,,OTHER_TRUE_UNKNOWN,strict_dynamic_link_certificate_failed,R01
K20-002,S002,,,100.0,,,,,,,OTHER_TRUE_UNKNOWN,strict_dynamic_link_certificate_failed,R02
K20-002,S002,,,100.0,,,,,,,OTHER_TRUE_UNKNOWN,strict_dynamic_link_certificate_failed,R01
K20-002,S002,,,100.0,,,,,,,OTHER_TRUE_UNKNOWN,strict_dynamic_link_certificate_failed,R02
K20-002,S002,,,100.0,,,,,,,OTHER_TRUE_UNKNOWN,strict_dynamic_link_certificate_failed,R01
K20-002,S002,,,100.0,,,,,,,OTHER_TRUE_UNKNOWN,strict_dynamic_link_certificate_failed,R02
K20-002,S002,,,100.0,,,,,,,OTHER_TRUE_UNKNOWN,strict_dynamic_link_certificate_failed,R01
K20-002,S002,,,100.0,,,,,,,OTHER_TRUE_UNKNOWN,strict_dynamic_link_certificate_failed,R02
K20-002,S002,,,100.0,,,,,,,OTHER_TRUE_UNKNOWN,strict_dynamic_link_certificate_failed,R01
K20-002,S002,,,100.0,,,,,,,OTHER_TRUE_UNKNOWN,strict_dynamic_link_certificate_failed,R02
K20-002,S002,,,100.0,,,,,,,OTHER_TRUE_UNKNOWN,strict_dynamic_link_certificate_failed,R01
K20-002,S002,,,100.0,,,,,,,OTHER_TRUE_UNKNOWN,strict_dynamic_link_certificate_failed,R02
K20-002,S002,,,100.0,,,,,,,OTHER_TRUE_UNKNOWN,strict_dynamic_link_certificate_failed,R01
K20-002,S002,,,100.0,,,,,,,OTHER_TRUE_UNKNOWN,strict_dynamic_link_certificate_failed,R02
K20-002,S002,,,100.0,,,,,,,OTHER_TRUE_UNKNOWN,strict_dynamic_link_certificate_failed,R01
K20-002,S002,,,100.0,,,,,,,OTHER_TRUE_UNKNOWN,strict_dynamic_link_certificate_failed,R02
K20-004,S007,,,100.0,,,,,,,OTHER_TRUE_UNKNOWN,strict_dynamic_link_certificate_failed,R01
K20-004,S007,,,100.0,,,,,,,OTHER_TRUE_UNKNOWN,strict_dynamic_link_certificate_failed,R02
K20-004,S007,,,100.0,,,,,,,OTHER_TRUE_UNKNOWN,strict_dynamic_link_certificate_failed,R01
K20-004,S007,,,100.0,,,,,,,OTHER_TRUE_UNKNOWN,strict_dynamic_link_certificate_failed,R02
K20-004,S007,,,100.0,,,,,,,OTHER_TRUE_UNKNOWN,strict_dynamic_link_certificate_failed,R01
K20-004,S007,,,100.0,,,,,,,OTHER_TRUE_UNKNOWN,strict_dynamic_link_certificate_failed,R02
K20-004,S007,,,100.0,,,,,,,OTHER_TRUE_UNKNOWN,strict_dynamic_link_certificate_failed,R01
K20-004,S007,,,100.0,,,,,,,OTHER_TRUE_UNKNOWN,strict_dynamic_link_certificate_failed,R02
K20-004,S007,,,100.0,,,,,,,OTHER_TRUE_UNKNOWN,strict_dynamic_link_certificate_failed,R01
K20-004,S007,,,100.0,,,,,,,OTHER_TRUE_UNKNOWN,strict_dynamic_link_certificate_failed,R02
K20-004,S007,,,100.0,,,,,,,OTHER_TRUE_UNKNOWN,strict_dynamic_link_certificate_failed,R01
K20-004,S007,,,100.0,,,,,,,OTHER_TRUE_UNKNOWN,strict_dynamic_link_certificate_failed,R02
K20-004,S007,,,100.0,,,,,,,OTHER_TRUE_UNKNOWN,strict_dynamic_link_certificate_failed,R01
K20-004,S007,,,100.0,,,,,,,OTHER_TRUE_UNKNOWN,strict_dynamic_link_certificate_failed,R02
K20-004,S007,,,100.0,,,,,,,OTHER_TRUE_UNKNOWN,strict_dynamic_link_certificate_failed,R01
K20-004,S007,,,100.0,,,,,,,OTHER_TRUE_UNKNOWN,strict_dynamic_link_certificate_failed,R02
K20-005,S010,,,100.0,,,,,,,OTHER_TRUE_UNKNOWN,strict_dynamic_link_certificate_failed,R01
K20-005,S010,,,100.0,,,,,,,OTHER_TRUE_UNKNOWN,strict_dynamic_link_certificate_failed,R02
K20-005,S010,,,100.0,,,,,,,OTHER_TRUE_UNKNOWN,strict_dynamic_link_certificate_failed,R01
K20-005,S010,,,100.0,,,,,,,OTHER_TRUE_UNKNOWN,strict_dynamic_link_certificate_failed,R02
K20-005,S010,,,100.0,,,,,,,OTHER_TRUE_UNKNOWN,strict_dynamic_link_certificate_failed,R01
K20-005,S010,,,100.0,,,,,,,OTHER_TRUE_UNKNOWN,strict_dynamic_link_certificate_failed,R02
K20-005,S010,,,100.0,,,,,,,OTHER_TRUE_UNKNOWN,strict_dynamic_link_certificate_failed,R01
K20-005,S010,,,100.0,,,,,,,OTHER_TRUE_UNKNOWN,strict_dynamic_link_certificate_failed,R02
K20-005,S010,,,100.0,,,,,,,OTHER_TRUE_UNKNOWN,strict_dynamic_link_certificate_failed,R01
K20-005,S010,,,100.0,,,,,,,OTHER_TRUE_UNKNOWN,strict_dynamic_link_certificate_failed,R02
K20-005,S010,,,100.0,,,,,,,OTHER_TRUE_UNKNOWN,strict_dynamic_link_certificate_failed,R01
K20-005,S010,,,100.0,,,,,,,OTHER_TRUE_UNKNOWN,strict_dynamic_link_certificate_failed,R02
K20-005,S010,,,100.0,,,,,,,OTHER_TRUE_UNKNOWN,strict_dynamic_link_certificate_failed,R01
K20-005,S010,,,100.0,,,,,,,OTHER_TRUE_UNKNOWN,strict_dynamic_link_certificate_failed,R02
K20-005,S010,,,100.0,,,,,,,OTHER_TRUE_UNKNOWN,strict_dynamic_link_certificate_failed,R01
K20-005,S010,,,100.0,,,,,,,OTHER_TRUE_UNKNOWN,strict_dynamic_link_certificate_failed,R02
K20-006,S012,,,100.0,,,,,,,OTHER_TRUE_UNKNOWN,strict_dynamic_link_certificate_failed,R01
K20-006,S012,,,100.0,,,,,,,OTHER_TRUE_UNKNOWN,strict_dynamic_link_certificate_failed,R02
K20-006,S012,,,100.0,,,,,,,OTHER_TRUE_UNKNOWN,strict_dynamic_link_certificate_failed,R01
K20-006,S012,,,100.0,,,,,,,OTHER_TRUE_UNKNOWN,strict_dynamic_link_certificate_failed,R02
K20-006,S012,,,100.0,,,,,,,OTHER_TRUE_UNKNOWN,strict_dynamic_link_certificate_failed,R01
K20-006,S012,,,100.0,,,,,,,OTHER_TRUE_UNKNOWN,strict_dynamic_link_certificate_failed,R02
K20-006,S012,,,100.0,,,,,,,OTHER_TRUE_UNKNOWN,strict_dynamic_link_certificate_failed,R01
K20-006,S012,,,100.0,,,,,,,OTHER_TRUE_UNKNOWN,strict_dynamic_link_certificate_failed,R02
K20-006,S012,,,100.0,,,,,,,OTHER_TRUE_UNKNOWN,strict_dynamic_link_certificate_failed,R01
K20-006,S012,,,100.0,,,,,,,OTHER_TRUE_UNKNOWN,strict_dynamic_link_certificate_failed,R02
K20-006,S012,,,100.0,,,,,,,OTHER_TRUE_UNKNOWN,strict_dynamic_link_certificate_failed,R01
K20-006,S012,,,100.0,,,,,,,OTHER_TRUE_UNKNOWN,strict_dynamic_link_certificate_failed,R02
K20-006,S012,,,100.0,,,,,,,OTHER_TRUE_UNKNOWN,strict_dynamic_link_certificate_failed,R01
K20-006,S012,,,100.0,,,,,,,OTHER_TRUE_UNKNOWN,strict_dynamic_link_certificate_failed,R02
K20-006,S012,,,100.0,,,,,,,OTHER_TRUE_UNKNOWN,strict_dynamic_link_certificate_failed,R01
K20-006,S012,,,100.0,,,,,,,OTHER_TRUE_UNKNOWN,strict_dynamic_link_certificate_failed,R02
K20-007,S013,,,100.0,,,,,,,OTHER_TRUE_UNKNOWN,strict_dynamic_link_certificate_failed,R01
K20-007,S013,,,100.0,,,,,,,OTHER_TRUE_UNKNOWN,strict_dynamic_link_certificate_failed,R02
K20-007,S013,,,100.0,,,,,,,OTHER_TRUE_UNKNOWN,strict_dynamic_link_certificate_failed,R01
K20-007,S013,,,100.0,,,,,,,OTHER_TRUE_UNKNOWN,strict_dynamic_link_certificate_failed,R02
K20-007,S013,,,100.0,,,,,,,OTHER_TRUE_UNKNOWN,strict_dynamic_link_certificate_failed,R01
K20-007,S013,,,100.0,,,,,,,OTHER_TRUE_UNKNOWN,strict_dynamic_link_certificate_failed,R02
K20-007,S013,,,100.0,,,,,,,OTHER_TRUE_UNKNOWN,strict_dynamic_link_certificate_failed,R01
K20-007,S013,,,100.0,,,,,,,OTHER_TRUE_UNKNOWN,strict_dynamic_link_certificate_failed,R02
K20-007,S013,,,100.0,,,,,,,OTHER_TRUE_UNKNOWN,strict_dynamic_link_certificate_failed,R01
K20-007,S013,,,100.0,,,,,,,OTHER_TRUE_UNKNOWN,strict_dynamic_link_certificate_failed,R02
K20-007,S013,,,100.0,,,,,,,OTHER_TRUE_UNKNOWN,strict_dynamic_link_certificate_failed,R01
K20-007,S013,,,100.0,,,,,,,OTHER_TRUE_UNKNOWN,strict_dynamic_link_certificate_failed,R02
K20-007,S013,,,100.0,,,,,,,OTHER_TRUE_UNKNOWN,strict_dynamic_link_certificate_failed,R01
K20-007,S013,,,100.0,,,,,,,OTHER_TRUE_UNKNOWN,strict_dynamic_link_certificate_failed,R02
K20-007,S013,,,100.0,,,,,,,OTHER_TRUE_UNKNOWN,strict_dynamic_link_certificate_failed,R01
K20-007,S013,,,100.0,,,,,,,OTHER_TRUE_UNKNOWN,strict_dynamic_link_certificate_failed,R02
K20-008,S014,,,200.0,,,,,,,OTHER_TRUE_UNKNOWN,strict_dynamic_link_certificate_failed,R01
K20-008,S014,,,200.0,,,,,,,OTHER_TRUE_UNKNOWN,strict_dynamic_link_certificate_failed,R02
K20-008,S014,,,200.0,,,,,,,OTHER_TRUE_UNKNOWN,strict_dynamic_link_certificate_failed,R01
K20-008,S014,,,200.0,,,,,,,OTHER_TRUE_UNKNOWN,strict_dynamic_link_certificate_failed,R02
K20-008,S014,,,200.0,,,,,,,OTHER_TRUE_UNKNOWN,strict_dynamic_link_certificate_failed,R01
K20-008,S014,,,200.0,,,,,,,OTHER_TRUE_UNKNOWN,strict_dynamic_link_certificate_failed,R02
K20-008,S014,,,200.0,,,,,,,OTHER_TRUE_UNKNOWN,strict_dynamic_link_certificate_failed,R01
K20-008,S014,,,200.0,,,,,,,OTHER_TRUE_UNKNOWN,strict_dynamic_link_certificate_failed,R02
K20-008,S014,,,200.0,,,,,,,OTHER_TRUE_UNKNOWN,strict_dynamic_link_certificate_failed,R01
K20-008,S014,,,200.0,,,,,,,OTHER_TRUE_UNKNOWN,strict_dynamic_link_certificate_failed,R02
K20-008,S014,,,200.0,,,,,,,OTHER_TRUE_UNKNOWN,strict_dynamic_link_certificate_failed,R01
K20-008,S014,,,200.0,,,,,,,OTHER_TRUE_UNKNOWN,strict_dynamic_link_certificate_failed,R02
K20-008,S014,,,200.0,,,,,,,OTHER_TRUE_UNKNOWN,strict_dynamic_link_certificate_failed,R01
K20-008,S014,,,200.0,,,,,,,OTHER_TRUE_UNKNOWN,strict_dynamic_link_certificate_failed,R02
K20-008,S014,,,200.0,,,,,,,OTHER_TRUE_UNKNOWN,strict_dynamic_link_certificate_failed,R01
K20-008,S014,,,200.0,,,,,,,OTHER_TRUE_UNKNOWN,strict_dynamic_link_certificate_failed,R02
K20-009,S003,,,100.0,,,,,,,OTHER_TRUE_UNKNOWN,strict_dynamic_link_certificate_failed,R01
K20-009,S003,,,100.0,,,,,,,OTHER_TRUE_UNKNOWN,strict_dynamic_link_certificate_failed,R02
K20-009,S003,,,100.0,,,,,,,OTHER_TRUE_UNKNOWN,strict_dynamic_link_certificate_failed,R01
K20-009,S003,,,100.0,,,,,,,OTHER_TRUE_UNKNOWN,strict_dynamic_link_certificate_failed,R02
K20-009,S003,,,100.0,,,,,,,OTHER_TRUE_UNKNOWN,strict_dynamic_link_certificate_failed,R01
K20-009,S003,,,100.0,,,,,,,OTHER_TRUE_UNKNOWN,strict_dynamic_link_certificate_failed,R02
K20-009,S003,,,100.0,,,,,,,OTHER_TRUE_UNKNOWN,strict_dynamic_link_certificate_failed,R01
K20-009,S003,,,100.0,,,,,,,OTHER_TRUE_UNKNOWN,strict_dynamic_link_certificate_failed,R02
K20-009,S003,,,100.0,,,,,,,OTHER_TRUE_UNKNOWN,strict_dynamic_link_certificate_failed,R01
K20-009,S003,,,100.0,,,,,,,OTHER_TRUE_UNKNOWN,strict_dynamic_link_certificate_failed,R02
K20-009,S003,,,100.0,,,,,,,OTHER_TRUE_UNKNOWN,strict_dynamic_link_certificate_failed,R01
K20-009,S003,,,100.0,,,,,,,OTHER_TRUE_UNKNOWN,strict_dynamic_link_certificate_failed,R02
K20-009,S003,,,100.0,,,,,,,OTHER_TRUE_UNKNOWN,strict_dynamic_link_certificate_failed,R01
K20-009,S003,,,100.0,,,,,,,OTHER_TRUE_UNKNOWN,strict_dynamic_link_certificate_failed,R02
K20-009,S003,,,100.0,,,,,,,OTHER_TRUE_UNKNOWN,strict_dynamic_link_certificate_failed,R01
K20-009,S003,,,100.0,,,,,,,OTHER_TRUE_UNKNOWN,strict_dynamic_link_certificate_failed,R02
K20-011,S008,,,100.0,,,,,,,OTHER_TRUE_UNKNOWN,strict_dynamic_link_certificate_failed,R01
K20-011,S008,,,100.0,,,,,,,OTHER_TRUE_UNKNOWN,strict_dynamic_link_certificate_failed,R02
K20-011,S008,,,100.0,,,,,,,OTHER_TRUE_UNKNOWN,strict_dynamic_link_certificate_failed,R01
K20-011,S008,,,100.0,,,,,,,OTHER_TRUE_UNKNOWN,strict_dynamic_link_certificate_failed,R02
K20-011,S008,,,100.0,,,,,,,OTHER_TRUE_UNKNOWN,strict_dynamic_link_certificate_failed,R01
K20-011,S008,,,100.0,,,,,,,OTHER_TRUE_UNKNOWN,strict_dynamic_link_certificate_failed,R02
K20-011,S008,,,100.0,,,,,,,OTHER_TRUE_UNKNOWN,strict_dynamic_link_certificate_failed,R01
K20-011,S008,,,100.0,,,,,,,OTHER_TRUE_UNKNOWN,strict_dynamic_link_certificate_failed,R02
K20-011,S008,,,100.0,,,,,,,OTHER_TRUE_UNKNOWN,strict_dynamic_link_certificate_failed,R01
K20-011,S008,,,100.0,,,,,,,OTHER_TRUE_UNKNOWN,strict_dynamic_link_certificate_failed,R02
K20-011,S008,,,100.0,,,,,,,OTHER_TRUE_UNKNOWN,strict_dynamic_link_certificate_failed,R01
K20-011,S008,,,100.0,,,,,,,OTHER_TRUE_UNKNOWN,strict_dynamic_link_certificate_failed,R02
K20-011,S008,,,100.0,,,,,,,OTHER_TRUE_UNKNOWN,strict_dynamic_link_certificate_failed,R01
K20-011,S008,,,100.0,,,,,,,OTHER_TRUE_UNKNOWN,strict_dynamic_link_certificate_failed,R02
K20-011,S008,,,100.0,,,,,,,OTHER_TRUE_UNKNOWN,strict_dynamic_link_certificate_failed,R01
K20-011,S008,,,100.0,,,,,,,OTHER_TRUE_UNKNOWN,strict_dynamic_link_certificate_failed,R02
K20-012,S015,,,100.0,,,,,,,OTHER_TRUE_UNKNOWN,strict_dynamic_link_certificate_failed,R01
K20-012,S015,,,100.0,,,,,,,OTHER_TRUE_UNKNOWN,strict_dynamic_link_certificate_failed,R02
K20-012,S015,,,100.0,,,,,,,OTHER_TRUE_UNKNOWN,strict_dynamic_link_certificate_failed,R01
K20-012,S015,,,100.0,,,,,,,OTHER_TRUE_UNKNOWN,strict_dynamic_link_certificate_failed,R02
K20-012,S015,,,100.0,,,,,,,OTHER_TRUE_UNKNOWN,strict_dynamic_link_certificate_failed,R01
K20-012,S015,,,100.0,,,,,,,OTHER_TRUE_UNKNOWN,strict_dynamic_link_certificate_failed,R02
K20-012,S015,,,100.0,,,,,,,OTHER_TRUE_UNKNOWN,strict_dynamic_link_certificate_failed,R01
K20-012,S015,,,100.0,,,,,,,OTHER_TRUE_UNKNOWN,strict_dynamic_link_certificate_failed,R02
K20-012,S015,,,100.0,,,,,,,OTHER_TRUE_UNKNOWN,strict_dynamic_link_certificate_failed,R01
K20-012,S015,,,100.0,,,,,,,OTHER_TRUE_UNKNOWN,strict_dynamic_link_certificate_failed,R02
K20-012,S015,,,100.0,,,,,,,OTHER_TRUE_UNKNOWN,strict_dynamic_link_certificate_failed,R01
K20-012,S015,,,100.0,,,,,,,OTHER_TRUE_UNKNOWN,strict_dynamic_link_certificate_failed,R02
K20-012,S015,,,100.0,,,,,,,OTHER_TRUE_UNKNOWN,strict_dynamic_link_certificate_failed,R01
K20-012,S015,,,100.0,,,,,,,OTHER_TRUE_UNKNOWN,strict_dynamic_link_certificate_failed,R02
K20-012,S015,,,100.0,,,,,,,OTHER_TRUE_UNKNOWN,strict_dynamic_link_certificate_failed,R01
K20-012,S015,,,100.0,,,,,,,OTHER_TRUE_UNKNOWN,strict_dynamic_link_certificate_failed,R02
K20-013,S005,,,100.0,,,,,,,OTHER_TRUE_UNKNOWN,strict_dynamic_link_certificate_failed,R01
K20-013,S005,,,100.0,,,,,,,OTHER_TRUE_UNKNOWN,strict_dynamic_link_certificate_failed,R02
K20-013,S005,,,100.0,,,,,,,OTHER_TRUE_UNKNOWN,strict_dynamic_link_certificate_failed,R01
K20-013,S005,,,100.0,,,,,,,OTHER_TRUE_UNKNOWN,strict_dynamic_link_certificate_failed,R02
K20-013,S005,,,100.0,,,,,,,OTHER_TRUE_UNKNOWN,strict_dynamic_link_certificate_failed,R01
K20-013,S005,,,100.0,,,,,,,OTHER_TRUE_UNKNOWN,strict_dynamic_link_certificate_failed,R02
K20-013,S005,,,100.0,,,,,,,OTHER_TRUE_UNKNOWN,strict_dynamic_link_certificate_failed,R01
K20-013,S005,,,100.0,,,,,,,OTHER_TRUE_UNKNOWN,strict_dynamic_link_certificate_failed,R02
K20-013,S005,,,100.0,,,,,,,OTHER_TRUE_UNKNOWN,strict_dynamic_link_certificate_failed,R01
K20-013,S005,,,100.0,,,,,,,OTHER_TRUE_UNKNOWN,strict_dynamic_link_certificate_failed,R02
K20-013,S005,,,100.0,,,,,,,OTHER_TRUE_UNKNOWN,strict_dynamic_link_certificate_failed,R01
K20-013,S005,,,100.0,,,,,,,OTHER_TRUE_UNKNOWN,strict_dynamic_link_certificate_failed,R02
K20-013,S005,,,100.0,,,,,,,OTHER_TRUE_UNKNOWN,strict_dynamic_link_certificate_failed,R01
K20-013,S005,,,100.0,,,,,,,OTHER_TRUE_UNKNOWN,strict_dynamic_link_certificate_failed,R02
K20-013,S005,,,100.0,,,,,,,OTHER_TRUE_UNKNOWN,strict_dynamic_link_certificate_failed,R01
K20-013,S005,,,100.0,,,,,,,OTHER_TRUE_UNKNOWN,strict_dynamic_link_certificate_failed,R02
K20-014,S009,,,100.0,,,,,,,OTHER_TRUE_UNKNOWN,strict_dynamic_link_certificate_failed,R01
K20-014,S009,,,100.0,,,,,,,OTHER_TRUE_UNKNOWN,strict_dynamic_link_certificate_failed,R02
K20-014,S009,,,100.0,,,,,,,OTHER_TRUE_UNKNOWN,strict_dynamic_link_certificate_failed,R01
K20-014,S009,,,100.0,,,,,,,OTHER_TRUE_UNKNOWN,strict_dynamic_link_certificate_failed,R02
K20-014,S009,,,100.0,,,,,,,OTHER_TRUE_UNKNOWN,strict_dynamic_link_certificate_failed,R01
K20-014,S009,,,100.0,,,,,,,OTHER_TRUE_UNKNOWN,strict_dynamic_link_certificate_failed,R02
K20-014,S009,,,100.0,,,,,,,OTHER_TRUE_UNKNOWN,strict_dynamic_link_certificate_failed,R01
K20-014,S009,,,100.0,,,,,,,OTHER_TRUE_UNKNOWN,strict_dynamic_link_certificate_failed,R02
K20-014,S009,,,100.0,,,,,,,OTHER_TRUE_UNKNOWN,strict_dynamic_link_certificate_failed,R01
K20-014,S009,,,100.0,,,,,,,OTHER_TRUE_UNKNOWN,strict_dynamic_link_certificate_failed,R02
K20-014,S009,,,100.0,,,,,,,OTHER_TRUE_UNKNOWN,strict_dynamic_link_certificate_failed,R01
K20-014,S009,,,100.0,,,,,,,OTHER_TRUE_UNKNOWN,strict_dynamic_link_certificate_failed,R02
K20-014,S009,,,100.0,,,,,,,OTHER_TRUE_UNKNOWN,strict_dynamic_link_certificate_failed,R01
K20-014,S009,,,100.0,,,,,,,OTHER_TRUE_UNKNOWN,strict_dynamic_link_certificate_failed,R02
K20-014,S009,,,100.0,,,,,,,OTHER_TRUE_UNKNOWN,strict_dynamic_link_certificate_failed,R01
K20-014,S009,,,100.0,,,,,,,OTHER_TRUE_UNKNOWN,strict_dynamic_link_certificate_failed,R02
K20-019,S002,,,100.0,,,,,,,OTHER_TRUE_UNKNOWN,strict_dynamic_link_certificate_failed,R01
K20-019,S002,,,100.0,,,,,,,OTHER_TRUE_UNKNOWN,strict_dynamic_link_certificate_failed,R02
K20-019,S002,,,100.0,,,,,,,OTHER_TRUE_UNKNOWN,strict_dynamic_link_certificate_failed,R01
K20-019,S002,,,100.0,,,,,,,OTHER_TRUE_UNKNOWN,strict_dynamic_link_certificate_failed,R02
K20-019,S002,,,100.0,,,,,,,OTHER_TRUE_UNKNOWN,strict_dynamic_link_certificate_failed,R01
K20-019,S002,,,100.0,,,,,,,OTHER_TRUE_UNKNOWN,strict_dynamic_link_certificate_failed,R02
K20-019,S002,,,100.0,,,,,,,OTHER_TRUE_UNKNOWN,strict_dynamic_link_certificate_failed,R01
K20-019,S002,,,100.0,,,,,,,OTHER_TRUE_UNKNOWN,strict_dynamic_link_certificate_failed,R02
K20-019,S002,,,100.0,,,,,,,OTHER_TRUE_UNKNOWN,strict_dynamic_link_certificate_failed,R01
K20-019,S002,,,100.0,,,,,,,OTHER_TRUE_UNKNOWN,strict_dynamic_link_certificate_failed,R02
K20-019,S002,,,100.0,,,,,,,OTHER_TRUE_UNKNOWN,strict_dynamic_link_certificate_failed,R01
K20-019,S002,,,100.0,,,,,,,OTHER_TRUE_UNKNOWN,strict_dynamic_link_certificate_failed,R02
K20-019,S002,,,100.0,,,,,,,OTHER_TRUE_UNKNOWN,strict_dynamic_link_certificate_failed,R01
K20-019,S002,,,100.0,,,,,,,OTHER_TRUE_UNKNOWN,strict_dynamic_link_certificate_failed,R02
K20-019,S002,,,100.0,,,,,,,OTHER_TRUE_UNKNOWN,strict_dynamic_link_certificate_failed,R01
K20-019,S002,,,100.0,,,,,,,OTHER_TRUE_UNKNOWN,strict_dynamic_link_certificate_failed,R02
K20-020,S003,,,100.0,,,,,,,OTHER_TRUE_UNKNOWN,strict_dynamic_link_certificate_failed,R01
K20-020,S003,,,100.0,,,,,,,OTHER_TRUE_UNKNOWN,strict_dynamic_link_certificate_failed,R02
K20-020,S003,,,100.0,,,,,,,OTHER_TRUE_UNKNOWN,strict_dynamic_link_certificate_failed,R01
K20-020,S003,,,100.0,,,,,,,OTHER_TRUE_UNKNOWN,strict_dynamic_link_certificate_failed,R02
K20-020,S003,,,100.0,,,,,,,OTHER_TRUE_UNKNOWN,strict_dynamic_link_certificate_failed,R01
K20-020,S003,,,100.0,,,,,,,OTHER_TRUE_UNKNOWN,strict_dynamic_link_certificate_failed,R02
K20-020,S003,,,100.0,,,,,,,OTHER_TRUE_UNKNOWN,strict_dynamic_link_certificate_failed,R01
K20-020,S003,,,100.0,,,,,,,OTHER_TRUE_UNKNOWN,strict_dynamic_link_certificate_failed,R02
K20-020,S003,,,100.0,,,,,,,OTHER_TRUE_UNKNOWN,strict_dynamic_link_certificate_failed,R01
K20-020,S003,,,100.0,,,,,,,OTHER_TRUE_UNKNOWN,strict_dynamic_link_certificate_failed,R02
K20-020,S003,,,100.0,,,,,,,OTHER_TRUE_UNKNOWN,strict_dynamic_link_certificate_failed,R01
K20-020,S003,,,100.0,,,,,,,OTHER_TRUE_UNKNOWN,strict_dynamic_link_certificate_failed,R02
K20-020,S003,,,100.0,,,,,,,OTHER_TRUE_UNKNOWN,strict_dynamic_link_certificate_failed,R01
K20-020,S003,,,100.0,,,,,,,OTHER_TRUE_UNKNOWN,strict_dynamic_link_certificate_failed,R02
K20-020,S003,,,100.0,,,,,,,OTHER_TRUE_UNKNOWN,strict_dynamic_link_certificate_failed,R01
K20-020,S003,,,100.0,,,,,,,OTHER_TRUE_UNKNOWN,strict_dynamic_link_certificate_failed,R02
K21-002,S002,,,100.0,,,,,,,OTHER_TRUE_UNKNOWN,strict_dynamic_link_certificate_failed,R01
K21-002,S002,,,100.0,,,,,,,OTHER_TRUE_UNKNOWN,strict_dynamic_link_certificate_failed,R02
K21-002,S002,,,100.0,,,,,,,OTHER_TRUE_UNKNOWN,strict_dynamic_link_certificate_failed,R01
K21-002,S002,,,100.0,,,,,,,OTHER_TRUE_UNKNOWN,strict_dynamic_link_certificate_failed,R02
K21-002,S002,,,100.0,,,,,,,OTHER_TRUE_UNKNOWN,strict_dynamic_link_certificate_failed,R01
K21-002,S002,,,100.0,,,,,,,OTHER_TRUE_UNKNOWN,strict_dynamic_link_certificate_failed,R02
K21-002,S002,,,100.0,,,,,,,OTHER_TRUE_UNKNOWN,strict_dynamic_link_certificate_failed,R01
K21-002,S002,,,100.0,,,,,,,OTHER_TRUE_UNKNOWN,strict_dynamic_link_certificate_failed,R02
K21-002,S002,,,100.0,,,,,,,OTHER_TRUE_UNKNOWN,strict_dynamic_link_certificate_failed,R01
K21-002,S002,,,100.0,,,,,,,OTHER_TRUE_UNKNOWN,strict_dynamic_link_certificate_failed,R02
K21-002,S002,,,100.0,,,,,,,OTHER_TRUE_UNKNOWN,strict_dynamic_link_certificate_failed,R01
K21-002,S002,,,100.0,,,,,,,OTHER_TRUE_UNKNOWN,strict_dynamic_link_certificate_failed,R02
K21-002,S002,,,100.0,,,,,,,OTHER_TRUE_UNKNOWN,strict_dynamic_link_certificate_failed,R01
K21-002,S002,,,100.0,,,,,,,OTHER_TRUE_UNKNOWN,strict_dynamic_link_certificate_failed,R02
K21-002,S002,,,100.0,,,,,,,OTHER_TRUE_UNKNOWN,strict_dynamic_link_certificate_failed,R01
K21-002,S002,,,100.0,,,,,,,OTHER_TRUE_UNKNOWN,strict_dynamic_link_certificate_failed,R02
K21-004,S007,,,100.0,,,,,,,OTHER_TRUE_UNKNOWN,strict_dynamic_link_certificate_failed,R01
K21-004,S007,,,100.0,,,,,,,OTHER_TRUE_UNKNOWN,strict_dynamic_link_certificate_failed,R02
K21-004,S007,,,100.0,,,,,,,OTHER_TRUE_UNKNOWN,strict_dynamic_link_certificate_failed,R01
K21-004,S007,,,100.0,,,,,,,OTHER_TRUE_UNKNOWN,strict_dynamic_link_certificate_failed,R02
K21-004,S007,,,100.0,,,,,,,OTHER_TRUE_UNKNOWN,strict_dynamic_link_certificate_failed,R01
K21-004,S007,,,100.0,,,,,,,OTHER_TRUE_UNKNOWN,strict_dynamic_link_certificate_failed,R02
K21-004,S007,,,100.0,,,,,,,OTHER_TRUE_UNKNOWN,strict_dynamic_link_certificate_failed,R01
K21-004,S007,,,100.0,,,,,,,OTHER_TRUE_UNKNOWN,strict_dynamic_link_certificate_failed,R02
K21-004,S007,,,100.0,,,,,,,OTHER_TRUE_UNKNOWN,strict_dynamic_link_certificate_failed,R01
K21-004,S007,,,100.0,,,,,,,OTHER_TRUE_UNKNOWN,strict_dynamic_link_certificate_failed,R02
K21-004,S007,,,100.0,,,,,,,OTHER_TRUE_UNKNOWN,strict_dynamic_link_certificate_failed,R01
K21-004,S007,,,100.0,,,,,,,OTHER_TRUE_UNKNOWN,strict_dynamic_link_certificate_failed,R02
K21-004,S007,,,100.0,,,,,,,OTHER_TRUE_UNKNOWN,strict_dynamic_link_certificate_failed,R01
K21-004,S007,,,100.0,,,,,,,OTHER_TRUE_UNKNOWN,strict_dynamic_link_certificate_failed,R02
K21-004,S007,,,100.0,,,,,,,OTHER_TRUE_UNKNOWN,strict_dynamic_link_certificate_failed,R01
K21-004,S007,,,100.0,,,,,,,OTHER_TRUE_UNKNOWN,strict_dynamic_link_certificate_failed,R02
K21-005,S010,,,100.0,,,,,,,OTHER_TRUE_UNKNOWN,strict_dynamic_link_certificate_failed,R01
K21-005,S010,,,100.0,,,,,,,OTHER_TRUE_UNKNOWN,strict_dynamic_link_certificate_failed,R02
K21-005,S010,,,100.0,,,,,,,OTHER_TRUE_UNKNOWN,strict_dynamic_link_certificate_failed,R01
K21-005,S010,,,100.0,,,,,,,OTHER_TRUE_UNKNOWN,strict_dynamic_link_certificate_failed,R02
K21-005,S010,,,100.0,,,,,,,OTHER_TRUE_UNKNOWN,strict_dynamic_link_certificate_failed,R01
K21-005,S010,,,100.0,,,,,,,OTHER_TRUE_UNKNOWN,strict_dynamic_link_certificate_failed,R02
K21-005,S010,,,100.0,,,,,,,OTHER_TRUE_UNKNOWN,strict_dynamic_link_certificate_failed,R01
K21-005,S010,,,100.0,,,,,,,OTHER_TRUE_UNKNOWN,strict_dynamic_link_certificate_failed,R02
K21-005,S010,,,100.0,,,,,,,OTHER_TRUE_UNKNOWN,strict_dynamic_link_certificate_failed,R01
K21-005,S010,,,100.0,,,,,,,OTHER_TRUE_UNKNOWN,strict_dynamic_link_certificate_failed,R02
K21-005,S010,,,100.0,,,,,,,OTHER_TRUE_UNKNOWN,strict_dynamic_link_certificate_failed,R01
K21-005,S010,,,100.0,,,,,,,OTHER_TRUE_UNKNOWN,strict_dynamic_link_certificate_failed,R02
K21-005,S010,,,100.0,,,,,,,OTHER_TRUE_UNKNOWN,strict_dynamic_link_certificate_failed,R01
K21-005,S010,,,100.0,,,,,,,OTHER_TRUE_UNKNOWN,strict_dynamic_link_certificate_failed,R02
K21-005,S010,,,100.0,,,,,,,OTHER_TRUE_UNKNOWN,strict_dynamic_link_certificate_failed,R01
K21-005,S010,,,100.0,,,,,,,OTHER_TRUE_UNKNOWN,strict_dynamic_link_certificate_failed,R02
K21-006,S012,,,100.0,,,,,,,OTHER_TRUE_UNKNOWN,strict_dynamic_link_certificate_failed,R01
K21-006,S012,,,100.0,,,,,,,OTHER_TRUE_UNKNOWN,strict_dynamic_link_certificate_failed,R02
K21-006,S012,,,100.0,,,,,,,OTHER_TRUE_UNKNOWN,strict_dynamic_link_certificate_failed,R01
K21-006,S012,,,100.0,,,,,,,OTHER_TRUE_UNKNOWN,strict_dynamic_link_certificate_failed,R02
K21-006,S012,,,100.0,,,,,,,OTHER_TRUE_UNKNOWN,strict_dynamic_link_certificate_failed,R01
K21-006,S012,,,100.0,,,,,,,OTHER_TRUE_UNKNOWN,strict_dynamic_link_certificate_failed,R02
K21-006,S012,,,100.0,,,,,,,OTHER_TRUE_UNKNOWN,strict_dynamic_link_certificate_failed,R01
K21-006,S012,,,100.0,,,,,,,OTHER_TRUE_UNKNOWN,strict_dynamic_link_certificate_failed,R02
K21-006,S012,,,100.0,,,,,,,OTHER_TRUE_UNKNOWN,strict_dynamic_link_certificate_failed,R01
K21-006,S012,,,100.0,,,,,,,OTHER_TRUE_UNKNOWN,strict_dynamic_link_certificate_failed,R02
K21-006,S012,,,100.0,,,,,,,OTHER_TRUE_UNKNOWN,strict_dynamic_link_certificate_failed,R01
K21-006,S012,,,100.0,,,,,,,OTHER_TRUE_UNKNOWN,strict_dynamic_link_certificate_failed,R02
K21-006,S012,,,100.0,,,,,,,OTHER_TRUE_UNKNOWN,strict_dynamic_link_certificate_failed,R01
K21-006,S012,,,100.0,,,,,,,OTHER_TRUE_UNKNOWN,strict_dynamic_link_certificate_failed,R02
K21-006,S012,,,100.0,,,,,,,OTHER_TRUE_UNKNOWN,strict_dynamic_link_certificate_failed,R01
K21-006,S012,,,100.0,,,,,,,OTHER_TRUE_UNKNOWN,strict_dynamic_link_certificate_failed,R02
K21-007,S013,,,100.0,,,,,,,OTHER_TRUE_UNKNOWN,strict_dynamic_link_certificate_failed,R01
K21-007,S013,,,100.0,,,,,,,OTHER_TRUE_UNKNOWN,strict_dynamic_link_certificate_failed,R02
K21-007,S013,,,100.0,,,,,,,OTHER_TRUE_UNKNOWN,strict_dynamic_link_certificate_failed,R01
K21-007,S013,,,100.0,,,,,,,OTHER_TRUE_UNKNOWN,strict_dynamic_link_certificate_failed,R02
K21-007,S013,,,100.0,,,,,,,OTHER_TRUE_UNKNOWN,strict_dynamic_link_certificate_failed,R01
K21-007,S013,,,100.0,,,,,,,OTHER_TRUE_UNKNOWN,strict_dynamic_link_certificate_failed,R02
K21-007,S013,,,100.0,,,,,,,OTHER_TRUE_UNKNOWN,strict_dynamic_link_certificate_failed,R01
K21-007,S013,,,100.0,,,,,,,OTHER_TRUE_UNKNOWN,strict_dynamic_link_certificate_failed,R02
K21-007,S013,,,100.0,,,,,,,OTHER_TRUE_UNKNOWN,strict_dynamic_link_certificate_failed,R01
K21-007,S013,,,100.0,,,,,,,OTHER_TRUE_UNKNOWN,strict_dynamic_link_certificate_failed,R02
K21-007,S013,,,100.0,,,,,,,OTHER_TRUE_UNKNOWN,strict_dynamic_link_certificate_failed,R01
K21-007,S013,,,100.0,,,,,,,OTHER_TRUE_UNKNOWN,strict_dynamic_link_certificate_failed,R02
K21-007,S013,,,100.0,,,,,,,OTHER_TRUE_UNKNOWN,strict_dynamic_link_certificate_failed,R01
K21-007,S013,,,100.0,,,,,,,OTHER_TRUE_UNKNOWN,strict_dynamic_link_certificate_failed,R02
K21-007,S013,,,100.0,,,,,,,OTHER_TRUE_UNKNOWN,strict_dynamic_link_certificate_failed,R01
K21-007,S013,,,100.0,,,,,,,OTHER_TRUE_UNKNOWN,strict_dynamic_link_certificate_failed,R02
K21-008,S014,,,200.0,,,,,,,OTHER_TRUE_UNKNOWN,strict_dynamic_link_certificate_failed,R01
K21-008,S014,,,200.0,,,,,,,OTHER_TRUE_UNKNOWN,strict_dynamic_link_certificate_failed,R02
K21-008,S014,,,200.0,,,,,,,OTHER_TRUE_UNKNOWN,strict_dynamic_link_certificate_failed,R01
K21-008,S014,,,200.0,,,,,,,OTHER_TRUE_UNKNOWN,strict_dynamic_link_certificate_failed,R02
K21-008,S014,,,200.0,,,,,,,OTHER_TRUE_UNKNOWN,strict_dynamic_link_certificate_failed,R01
K21-008,S014,,,200.0,,,,,,,OTHER_TRUE_UNKNOWN,strict_dynamic_link_certificate_failed,R02
K21-008,S014,,,200.0,,,,,,,OTHER_TRUE_UNKNOWN,strict_dynamic_link_certificate_failed,R01
K21-008,S014,,,200.0,,,,,,,OTHER_TRUE_UNKNOWN,strict_dynamic_link_certificate_failed,R02
K21-008,S014,,,200.0,,,,,,,OTHER_TRUE_UNKNOWN,strict_dynamic_link_certificate_failed,R01
K21-008,S014,,,200.0,,,,,,,OTHER_TRUE_UNKNOWN,strict_dynamic_link_certificate_failed,R02
K21-008,S014,,,200.0,,,,,,,OTHER_TRUE_UNKNOWN,strict_dynamic_link_certificate_failed,R01
K21-008,S014,,,200.0,,,,,,,OTHER_TRUE_UNKNOWN,strict_dynamic_link_certificate_failed,R02
K21-008,S014,,,200.0,,,,,,,OTHER_TRUE_UNKNOWN,strict_dynamic_link_certificate_failed,R01
K21-008,S014,,,200.0,,,,,,,OTHER_TRUE_UNKNOWN,strict_dynamic_link_certificate_failed,R02
K21-008,S014,,,200.0,,,,,,,OTHER_TRUE_UNKNOWN,strict_dynamic_link_certificate_failed,R01
K21-008,S014,,,200.0,,,,,,,OTHER_TRUE_UNKNOWN,strict_dynamic_link_certificate_failed,R02
K21-009,S003,,,100.0,,,,,,,OTHER_TRUE_UNKNOWN,strict_dynamic_link_certificate_failed,R01
K21-009,S003,,,100.0,,,,,,,OTHER_TRUE_UNKNOWN,strict_dynamic_link_certificate_failed,R02
K21-009,S003,,,100.0,,,,,,,OTHER_TRUE_UNKNOWN,strict_dynamic_link_certificate_failed,R01
K21-009,S003,,,100.0,,,,,,,OTHER_TRUE_UNKNOWN,strict_dynamic_link_certificate_failed,R02
K21-009,S003,,,100.0,,,,,,,OTHER_TRUE_UNKNOWN,strict_dynamic_link_certificate_failed,R01
K21-009,S003,,,100.0,,,,,,,OTHER_TRUE_UNKNOWN,strict_dynamic_link_certificate_failed,R02
K21-009,S003,,,100.0,,,,,,,OTHER_TRUE_UNKNOWN,strict_dynamic_link_certificate_failed,R01
K21-009,S003,,,100.0,,,,,,,OTHER_TRUE_UNKNOWN,strict_dynamic_link_certificate_failed,R02
K21-009,S003,,,100.0,,,,,,,OTHER_TRUE_UNKNOWN,strict_dynamic_link_certificate_failed,R01
K21-009,S003,,,100.0,,,,,,,OTHER_TRUE_UNKNOWN,strict_dynamic_link_certificate_failed,R02
K21-009,S003,,,100.0,,,,,,,OTHER_TRUE_UNKNOWN,strict_dynamic_link_certificate_failed,R01
K21-009,S003,,,100.0,,,,,,,OTHER_TRUE_UNKNOWN,strict_dynamic_link_certificate_failed,R02
K21-009,S003,,,100.0,,,,,,,OTHER_TRUE_UNKNOWN,strict_dynamic_link_certificate_failed,R01
K21-009,S003,,,100.0,,,,,,,OTHER_TRUE_UNKNOWN,strict_dynamic_link_certificate_failed,R02
K21-009,S003,,,100.0,,,,,,,OTHER_TRUE_UNKNOWN,strict_dynamic_link_certificate_failed,R01
K21-009,S003,,,100.0,,,,,,,OTHER_TRUE_UNKNOWN,strict_dynamic_link_certificate_failed,R02
K21-011,S008,,,100.0,,,,,,,OTHER_TRUE_UNKNOWN,strict_dynamic_link_certificate_failed,R01
K21-011,S008,,,100.0,,,,,,,OTHER_TRUE_UNKNOWN,strict_dynamic_link_certificate_failed,R02
K21-011,S008,,,100.0,,,,,,,OTHER_TRUE_UNKNOWN,strict_dynamic_link_certificate_failed,R01
K21-011,S008,,,100.0,,,,,,,OTHER_TRUE_UNKNOWN,strict_dynamic_link_certificate_failed,R02
K21-011,S008,,,100.0,,,,,,,OTHER_TRUE_UNKNOWN,strict_dynamic_link_certificate_failed,R01
K21-011,S008,,,100.0,,,,,,,OTHER_TRUE_UNKNOWN,strict_dynamic_link_certificate_failed,R02
K21-011,S008,,,100.0,,,,,,,OTHER_TRUE_UNKNOWN,strict_dynamic_link_certificate_failed,R01
K21-011,S008,,,100.0,,,,,,,OTHER_TRUE_UNKNOWN,strict_dynamic_link_certificate_failed,R02
K21-011,S008,,,100.0,,,,,,,OTHER_TRUE_UNKNOWN,strict_dynamic_link_certificate_failed,R01
K21-011,S008,,,100.0,,,,,,,OTHER_TRUE_UNKNOWN,strict_dynamic_link_certificate_failed,R02
K21-011,S008,,,100.0,,,,,,,OTHER_TRUE_UNKNOWN,strict_dynamic_link_certificate_failed,R01
K21-011,S008,,,100.0,,,,,,,OTHER_TRUE_UNKNOWN,strict_dynamic_link_certificate_failed,R02
K21-011,S008,,,100.0,,,,,,,OTHER_TRUE_UNKNOWN,strict_dynamic_link_certificate_failed,R01
K21-011,S008,,,100.0,,,,,,,OTHER_TRUE_UNKNOWN,strict_dynamic_link_certificate_failed,R02
K21-011,S008,,,100.0,,,,,,,OTHER_TRUE_UNKNOWN,strict_dynamic_link_certificate_failed,R01
K21-011,S008,,,100.0,,,,,,,OTHER_TRUE_UNKNOWN,strict_dynamic_link_certificate_failed,R02
K21-012,S015,,,100.0,,,,,,,OTHER_TRUE_UNKNOWN,strict_dynamic_link_certificate_failed,R01
K21-012,S015,,,100.0,,,,,,,OTHER_TRUE_UNKNOWN,strict_dynamic_link_certificate_failed,R02
K21-012,S015,,,100.0,,,,,,,OTHER_TRUE_UNKNOWN,strict_dynamic_link_certificate_failed,R01
K21-012,S015,,,100.0,,,,,,,OTHER_TRUE_UNKNOWN,strict_dynamic_link_certificate_failed,R02
K21-012,S015,,,100.0,,,,,,,OTHER_TRUE_UNKNOWN,strict_dynamic_link_certificate_failed,R01
K21-012,S015,,,100.0,,,,,,,OTHER_TRUE_UNKNOWN,strict_dynamic_link_certificate_failed,R02
K21-012,S015,,,100.0,,,,,,,OTHER_TRUE_UNKNOWN,strict_dynamic_link_certificate_failed,R01
K21-012,S015,,,100.0,,,,,,,OTHER_TRUE_UNKNOWN,strict_dynamic_link_certificate_failed,R02
K21-012,S015,,,100.0,,,,,,,OTHER_TRUE_UNKNOWN,strict_dynamic_link_certificate_failed,R01
K21-012,S015,,,100.0,,,,,,,OTHER_TRUE_UNKNOWN,strict_dynamic_link_certificate_failed,R02
K21-012,S015,,,100.0,,,,,,,OTHER_TRUE_UNKNOWN,strict_dynamic_link_certificate_failed,R01
K21-012,S015,,,100.0,,,,,,,OTHER_TRUE_UNKNOWN,strict_dynamic_link_certificate_failed,R02
K21-012,S015,,,100.0,,,,,,,OTHER_TRUE_UNKNOWN,strict_dynamic_link_certificate_failed,R01
K21-012,S015,,,100.0,,,,,,,OTHER_TRUE_UNKNOWN,strict_dynamic_link_certificate_failed,R02
K21-012,S015,,,100.0,,,,,,,OTHER_TRUE_UNKNOWN,strict_dynamic_link_certificate_failed,R01
K21-012,S015,,,100.0,,,,,,,OTHER_TRUE_UNKNOWN,strict_dynamic_link_certificate_failed,R02
K21-013,S005,,,100.0,,,,,,,OTHER_TRUE_UNKNOWN,strict_dynamic_link_certificate_failed,R01
K21-013,S005,,,100.0,,,,,,,OTHER_TRUE_UNKNOWN,strict_dynamic_link_certificate_failed,R02
K21-013,S005,,,100.0,,,,,,,OTHER_TRUE_UNKNOWN,strict_dynamic_link_certificate_failed,R01
K21-013,S005,,,100.0,,,,,,,OTHER_TRUE_UNKNOWN,strict_dynamic_link_certificate_failed,R02
K21-013,S005,,,100.0,,,,,,,OTHER_TRUE_UNKNOWN,strict_dynamic_link_certificate_failed,R01
K21-013,S005,,,100.0,,,,,,,OTHER_TRUE_UNKNOWN,strict_dynamic_link_certificate_failed,R02
K21-013,S005,,,100.0,,,,,,,OTHER_TRUE_UNKNOWN,strict_dynamic_link_certificate_failed,R01
K21-013,S005,,,100.0,,,,,,,OTHER_TRUE_UNKNOWN,strict_dynamic_link_certificate_failed,R02
K21-013,S005,,,100.0,,,,,,,OTHER_TRUE_UNKNOWN,strict_dynamic_link_certificate_failed,R01
K21-013,S005,,,100.0,,,,,,,OTHER_TRUE_UNKNOWN,strict_dynamic_link_certificate_failed,R02
K21-013,S005,,,100.0,,,,,,,OTHER_TRUE_UNKNOWN,strict_dynamic_link_certificate_failed,R01
K21-013,S005,,,100.0,,,,,,,OTHER_TRUE_UNKNOWN,strict_dynamic_link_certificate_failed,R02
K21-013,S005,,,100.0,,,,,,,OTHER_TRUE_UNKNOWN,strict_dynamic_link_certificate_failed,R01
K21-013,S005,,,100.0,,,,,,,OTHER_TRUE_UNKNOWN,strict_dynamic_link_certificate_failed,R02
K21-013,S005,,,100.0,,,,,,,OTHER_TRUE_UNKNOWN,strict_dynamic_link_certificate_failed,R01
K21-013,S005,,,100.0,,,,,,,OTHER_TRUE_UNKNOWN,strict_dynamic_link_certificate_failed,R02
K21-014,S009,,,100.0,,,,,,,OTHER_TRUE_UNKNOWN,strict_dynamic_link_certificate_failed,R01
K21-014,S009,,,100.0,,,,,,,OTHER_TRUE_UNKNOWN,strict_dynamic_link_certificate_failed,R02
K21-014,S009,,,100.0,,,,,,,OTHER_TRUE_UNKNOWN,strict_dynamic_link_certificate_failed,R01
K21-014,S009,,,100.0,,,,,,,OTHER_TRUE_UNKNOWN,strict_dynamic_link_certificate_failed,R02
K21-014,S009,,,100.0,,,,,,,OTHER_TRUE_UNKNOWN,strict_dynamic_link_certificate_failed,R01
K21-014,S009,,,100.0,,,,,,,OTHER_TRUE_UNKNOWN,strict_dynamic_link_certificate_failed,R02
K21-014,S009,,,100.0,,,,,,,OTHER_TRUE_UNKNOWN,strict_dynamic_link_certificate_failed,R01
K21-014,S009,,,100.0,,,,,,,OTHER_TRUE_UNKNOWN,strict_dynamic_link_certificate_failed,R02
K21-014,S009,,,100.0,,,,,,,OTHER_TRUE_UNKNOWN,strict_dynamic_link_certificate_failed,R01
K21-014,S009,,,100.0,,,,,,,OTHER_TRUE_UNKNOWN,strict_dynamic_link_certificate_failed,R02
K21-014,S009,,,100.0,,,,,,,OTHER_TRUE_UNKNOWN,strict_dynamic_link_certificate_failed,R01
K21-014,S009,,,100.0,,,,,,,OTHER_TRUE_UNKNOWN,strict_dynamic_link_certificate_failed,R02
K21-014,S009,,,100.0,,,,,,,OTHER_TRUE_UNKNOWN,strict_dynamic_link_certificate_failed,R01
K21-014,S009,,,100.0,,,,,,,OTHER_TRUE_UNKNOWN,strict_dynamic_link_certificate_failed,R02
K21-014,S009,,,100.0,,,,,,,OTHER_TRUE_UNKNOWN,strict_dynamic_link_certificate_failed,R01
K21-014,S009,,,100.0,,,,,,,OTHER_TRUE_UNKNOWN,strict_dynamic_link_certificate_failed,R02
K21-019,S002,,,100.0,,,,,,,OTHER_TRUE_UNKNOWN,strict_dynamic_link_certificate_failed,R01
K21-019,S002,,,100.0,,,,,,,OTHER_TRUE_UNKNOWN,strict_dynamic_link_certificate_failed,R02
K21-019,S002,,,100.0,,,,,,,OTHER_TRUE_UNKNOWN,strict_dynamic_link_certificate_failed,R01
K21-019,S002,,,100.0,,,,,,,OTHER_TRUE_UNKNOWN,strict_dynamic_link_certificate_failed,R02
K21-019,S002,,,100.0,,,,,,,OTHER_TRUE_UNKNOWN,strict_dynamic_link_certificate_failed,R01
K21-019,S002,,,100.0,,,,,,,OTHER_TRUE_UNKNOWN,strict_dynamic_link_certificate_failed,R02
K21-019,S002,,,100.0,,,,,,,OTHER_TRUE_UNKNOWN,strict_dynamic_link_certificate_failed,R01
K21-019,S002,,,100.0,,,,,,,OTHER_TRUE_UNKNOWN,strict_dynamic_link_certificate_failed,R02
K21-019,S002,,,100.0,,,,,,,OTHER_TRUE_UNKNOWN,strict_dynamic_link_certificate_failed,R01
K21-019,S002,,,100.0,,,,,,,OTHER_TRUE_UNKNOWN,strict_dynamic_link_certificate_failed,R02
K21-019,S002,,,100.0,,,,,,,OTHER_TRUE_UNKNOWN,strict_dynamic_link_certificate_failed,R01
K21-019,S002,,,100.0,,,,,,,OTHER_TRUE_UNKNOWN,strict_dynamic_link_certificate_failed,R02
K21-019,S002,,,100.0,,,,,,,OTHER_TRUE_UNKNOWN,strict_dynamic_link_certificate_failed,R01
K21-019,S002,,,100.0,,,,,,,OTHER_TRUE_UNKNOWN,strict_dynamic_link_certificate_failed,R02
K21-019,S002,,,100.0,,,,,,,OTHER_TRUE_UNKNOWN,strict_dynamic_link_certificate_failed,R01
K21-019,S002,,,100.0,,,,,,,OTHER_TRUE_UNKNOWN,strict_dynamic_link_certificate_failed,R02
K21-020,S003,,,100.0,,,,,,,OTHER_TRUE_UNKNOWN,strict_dynamic_link_certificate_failed,R01
K21-020,S003,,,100.0,,,,,,,OTHER_TRUE_UNKNOWN,strict_dynamic_link_certificate_failed,R02
K21-020,S003,,,100.0,,,,,,,OTHER_TRUE_UNKNOWN,strict_dynamic_link_certificate_failed,R01
K21-020,S003,,,100.0,,,,,,,OTHER_TRUE_UNKNOWN,strict_dynamic_link_certificate_failed,R02
K21-020,S003,,,100.0,,,,,,,OTHER_TRUE_UNKNOWN,strict_dynamic_link_certificate_failed,R01
K21-020,S003,,,100.0,,,,,,,OTHER_TRUE_UNKNOWN,strict_dynamic_link_certificate_failed,R02
K21-020,S003,,,100.0,,,,,,,OTHER_TRUE_UNKNOWN,strict_dynamic_link_certificate_failed,R01
K21-020,S003,,,100.0,,,,,,,OTHER_TRUE_UNKNOWN,strict_dynamic_link_certificate_failed,R02
K21-020,S003,,,100.0,,,,,,,OTHER_TRUE_UNKNOWN,strict_dynamic_link_certificate_failed,R01
K21-020,S003,,,100.0,,,,,,,OTHER_TRUE_UNKNOWN,strict_dynamic_link_certificate_failed,R02
K21-020,S003,,,100.0,,,,,,,OTHER_TRUE_UNKNOWN,strict_dynamic_link_certificate_failed,R01
K21-020,S003,,,100.0,,,,,,,OTHER_TRUE_UNKNOWN,strict_dynamic_link_certificate_failed,R02
K21-020,S003,,,100.0,,,,,,,OTHER_TRUE_UNKNOWN,strict_dynamic_link_certificate_failed,R01
K21-020,S003,,,100.0,,,,,,,OTHER_TRUE_UNKNOWN,strict_dynamic_link_certificate_failed,R02
K21-020,S003,,,100.0,,,,,,,OTHER_TRUE_UNKNOWN,strict_dynamic_link_certificate_failed,R01
K21-020,S003,,,100.0,,,,,,,OTHER_TRUE_UNKNOWN,strict_dynamic_link_certificate_failed,R02
K22-002,S002,,,100.0,,,,,,,OTHER_TRUE_UNKNOWN,strict_dynamic_link_certificate_failed,R01
K22-002,S002,,,100.0,,,,,,,OTHER_TRUE_UNKNOWN,strict_dynamic_link_certificate_failed,R02
K22-002,S002,,,100.0,,,,,,,OTHER_TRUE_UNKNOWN,strict_dynamic_link_certificate_failed,R01
K22-002,S002,,,100.0,,,,,,,OTHER_TRUE_UNKNOWN,strict_dynamic_link_certificate_failed,R02
K22-002,S002,,,100.0,,,,,,,OTHER_TRUE_UNKNOWN,strict_dynamic_link_certificate_failed,R01
K22-002,S002,,,100.0,,,,,,,OTHER_TRUE_UNKNOWN,strict_dynamic_link_certificate_failed,R02
K22-002,S002,,,100.0,,,,,,,OTHER_TRUE_UNKNOWN,strict_dynamic_link_certificate_failed,R01
K22-002,S002,,,100.0,,,,,,,OTHER_TRUE_UNKNOWN,strict_dynamic_link_certificate_failed,R02
K22-002,S002,,,100.0,,,,,,,OTHER_TRUE_UNKNOWN,strict_dynamic_link_certificate_failed,R01
K22-002,S002,,,100.0,,,,,,,OTHER_TRUE_UNKNOWN,strict_dynamic_link_certificate_failed,R02
K22-002,S002,,,100.0,,,,,,,OTHER_TRUE_UNKNOWN,strict_dynamic_link_certificate_failed,R01
K22-002,S002,,,100.0,,,,,,,OTHER_TRUE_UNKNOWN,strict_dynamic_link_certificate_failed,R02
K22-002,S002,,,100.0,,,,,,,OTHER_TRUE_UNKNOWN,strict_dynamic_link_certificate_failed,R01
K22-002,S002,,,100.0,,,,,,,OTHER_TRUE_UNKNOWN,strict_dynamic_link_certificate_failed,R02
K22-002,S002,,,100.0,,,,,,,OTHER_TRUE_UNKNOWN,strict_dynamic_link_certificate_failed,R01
K22-002,S002,,,100.0,,,,,,,OTHER_TRUE_UNKNOWN,strict_dynamic_link_certificate_failed,R02
K22-004,S007,,,100.0,,,,,,,OTHER_TRUE_UNKNOWN,strict_dynamic_link_certificate_failed,R01
K22-004,S007,,,100.0,,,,,,,OTHER_TRUE_UNKNOWN,strict_dynamic_link_certificate_failed,R02
K22-004,S007,,,100.0,,,,,,,OTHER_TRUE_UNKNOWN,strict_dynamic_link_certificate_failed,R01
K22-004,S007,,,100.0,,,,,,,OTHER_TRUE_UNKNOWN,strict_dynamic_link_certificate_failed,R02
K22-004,S007,,,100.0,,,,,,,OTHER_TRUE_UNKNOWN,strict_dynamic_link_certificate_failed,R01
K22-004,S007,,,100.0,,,,,,,OTHER_TRUE_UNKNOWN,strict_dynamic_link_certificate_failed,R02
K22-004,S007,,,100.0,,,,,,,OTHER_TRUE_UNKNOWN,strict_dynamic_link_certificate_failed,R01
K22-004,S007,,,100.0,,,,,,,OTHER_TRUE_UNKNOWN,strict_dynamic_link_certificate_failed,R02
K22-004,S007,,,100.0,,,,,,,OTHER_TRUE_UNKNOWN,strict_dynamic_link_certificate_failed,R01
K22-004,S007,,,100.0,,,,,,,OTHER_TRUE_UNKNOWN,strict_dynamic_link_certificate_failed,R02
K22-004,S007,,,100.0,,,,,,,OTHER_TRUE_UNKNOWN,strict_dynamic_link_certificate_failed,R01
K22-004,S007,,,100.0,,,,,,,OTHER_TRUE_UNKNOWN,strict_dynamic_link_certificate_failed,R02
K22-004,S007,,,100.0,,,,,,,OTHER_TRUE_UNKNOWN,strict_dynamic_link_certificate_failed,R01
K22-004,S007,,,100.0,,,,,,,OTHER_TRUE_UNKNOWN,strict_dynamic_link_certificate_failed,R02
K22-004,S007,,,100.0,,,,,,,OTHER_TRUE_UNKNOWN,strict_dynamic_link_certificate_failed,R01
K22-004,S007,,,100.0,,,,,,,OTHER_TRUE_UNKNOWN,strict_dynamic_link_certificate_failed,R02
K22-005,S010,,,100.0,,,,,,,OTHER_TRUE_UNKNOWN,strict_dynamic_link_certificate_failed,R01
K22-005,S010,,,100.0,,,,,,,OTHER_TRUE_UNKNOWN,strict_dynamic_link_certificate_failed,R02
K22-005,S010,,,100.0,,,,,,,OTHER_TRUE_UNKNOWN,strict_dynamic_link_certificate_failed,R01
K22-005,S010,,,100.0,,,,,,,OTHER_TRUE_UNKNOWN,strict_dynamic_link_certificate_failed,R02
K22-005,S010,,,100.0,,,,,,,OTHER_TRUE_UNKNOWN,strict_dynamic_link_certificate_failed,R01
K22-005,S010,,,100.0,,,,,,,OTHER_TRUE_UNKNOWN,strict_dynamic_link_certificate_failed,R02
K22-005,S010,,,100.0,,,,,,,OTHER_TRUE_UNKNOWN,strict_dynamic_link_certificate_failed,R01
K22-005,S010,,,100.0,,,,,,,OTHER_TRUE_UNKNOWN,strict_dynamic_link_certificate_failed,R02
K22-005,S010,,,100.0,,,,,,,OTHER_TRUE_UNKNOWN,strict_dynamic_link_certificate_failed,R01
K22-005,S010,,,100.0,,,,,,,OTHER_TRUE_UNKNOWN,strict_dynamic_link_certificate_failed,R02
K22-005,S010,,,100.0,,,,,,,OTHER_TRUE_UNKNOWN,strict_dynamic_link_certificate_failed,R01
K22-005,S010,,,100.0,,,,,,,OTHER_TRUE_UNKNOWN,strict_dynamic_link_certificate_failed,R02
K22-005,S010,,,100.0,,,,,,,OTHER_TRUE_UNKNOWN,strict_dynamic_link_certificate_failed,R01
K22-005,S010,,,100.0,,,,,,,OTHER_TRUE_UNKNOWN,strict_dynamic_link_certificate_failed,R02
K22-005,S010,,,100.0,,,,,,,OTHER_TRUE_UNKNOWN,strict_dynamic_link_certificate_failed,R01
K22-005,S010,,,100.0,,,,,,,OTHER_TRUE_UNKNOWN,strict_dynamic_link_certificate_failed,R02
K22-006,S012,,,100.0,,,,,,,OTHER_TRUE_UNKNOWN,strict_dynamic_link_certificate_failed,R01
K22-006,S012,,,100.0,,,,,,,OTHER_TRUE_UNKNOWN,strict_dynamic_link_certificate_failed,R02
K22-006,S012,,,100.0,,,,,,,OTHER_TRUE_UNKNOWN,strict_dynamic_link_certificate_failed,R01
K22-006,S012,,,100.0,,,,,,,OTHER_TRUE_UNKNOWN,strict_dynamic_link_certificate_failed,R02
K22-006,S012,,,100.0,,,,,,,OTHER_TRUE_UNKNOWN,strict_dynamic_link_certificate_failed,R01
K22-006,S012,,,100.0,,,,,,,OTHER_TRUE_UNKNOWN,strict_dynamic_link_certificate_failed,R02
K22-006,S012,,,100.0,,,,,,,OTHER_TRUE_UNKNOWN,strict_dynamic_link_certificate_failed,R01
K22-006,S012,,,100.0,,,,,,,OTHER_TRUE_UNKNOWN,strict_dynamic_link_certificate_failed,R02
K22-006,S012,,,100.0,,,,,,,OTHER_TRUE_UNKNOWN,strict_dynamic_link_certificate_failed,R01
K22-006,S012,,,100.0,,,,,,,OTHER_TRUE_UNKNOWN,strict_dynamic_link_certificate_failed,R02
K22-006,S012,,,100.0,,,,,,,OTHER_TRUE_UNKNOWN,strict_dynamic_link_certificate_failed,R01
K22-006,S012,,,100.0,,,,,,,OTHER_TRUE_UNKNOWN,strict_dynamic_link_certificate_failed,R02
K22-006,S012,,,100.0,,,,,,,OTHER_TRUE_UNKNOWN,strict_dynamic_link_certificate_failed,R01
K22-006,S012,,,100.0,,,,,,,OTHER_TRUE_UNKNOWN,strict_dynamic_link_certificate_failed,R02
K22-006,S012,,,100.0,,,,,,,OTHER_TRUE_UNKNOWN,strict_dynamic_link_certificate_failed,R01
K22-006,S012,,,100.0,,,,,,,OTHER_TRUE_UNKNOWN,strict_dynamic_link_certificate_failed,R02
K22-007,S013,,,100.0,,,,,,,OTHER_TRUE_UNKNOWN,strict_dynamic_link_certificate_failed,R01
K22-007,S013,,,100.0,,,,,,,OTHER_TRUE_UNKNOWN,strict_dynamic_link_certificate_failed,R02
K22-007,S013,,,100.0,,,,,,,OTHER_TRUE_UNKNOWN,strict_dynamic_link_certificate_failed,R01
K22-007,S013,,,100.0,,,,,,,OTHER_TRUE_UNKNOWN,strict_dynamic_link_certificate_failed,R02
K22-007,S013,,,100.0,,,,,,,OTHER_TRUE_UNKNOWN,strict_dynamic_link_certificate_failed,R01
K22-007,S013,,,100.0,,,,,,,OTHER_TRUE_UNKNOWN,strict_dynamic_link_certificate_failed,R02
K22-007,S013,,,100.0,,,,,,,OTHER_TRUE_UNKNOWN,strict_dynamic_link_certificate_failed,R01
K22-007,S013,,,100.0,,,,,,,OTHER_TRUE_UNKNOWN,strict_dynamic_link_certificate_failed,R02
K22-007,S013,,,100.0,,,,,,,OTHER_TRUE_UNKNOWN,strict_dynamic_link_certificate_failed,R01
K22-007,S013,,,100.0,,,,,,,OTHER_TRUE_UNKNOWN,strict_dynamic_link_certificate_failed,R02
K22-007,S013,,,100.0,,,,,,,OTHER_TRUE_UNKNOWN,strict_dynamic_link_certificate_failed,R01
K22-007,S013,,,100.0,,,,,,,OTHER_TRUE_UNKNOWN,strict_dynamic_link_certificate_failed,R02
K22-007,S013,,,100.0,,,,,,,OTHER_TRUE_UNKNOWN,strict_dynamic_link_certificate_failed,R01
K22-007,S013,,,100.0,,,,,,,OTHER_TRUE_UNKNOWN,strict_dynamic_link_certificate_failed,R02
K22-007,S013,,,100.0,,,,,,,OTHER_TRUE_UNKNOWN,strict_dynamic_link_certificate_failed,R01
K22-007,S013,,,100.0,,,,,,,OTHER_TRUE_UNKNOWN,strict_dynamic_link_certificate_failed,R02
K22-008,S014,,,200.0,,,,,,,OTHER_TRUE_UNKNOWN,strict_dynamic_link_certificate_failed,R01
K22-008,S014,,,200.0,,,,,,,OTHER_TRUE_UNKNOWN,strict_dynamic_link_certificate_failed,R02
K22-008,S014,,,200.0,,,,,,,OTHER_TRUE_UNKNOWN,strict_dynamic_link_certificate_failed,R01
K22-008,S014,,,200.0,,,,,,,OTHER_TRUE_UNKNOWN,strict_dynamic_link_certificate_failed,R02
K22-008,S014,,,200.0,,,,,,,OTHER_TRUE_UNKNOWN,strict_dynamic_link_certificate_failed,R01
K22-008,S014,,,200.0,,,,,,,OTHER_TRUE_UNKNOWN,strict_dynamic_link_certificate_failed,R02
K22-008,S014,,,200.0,,,,,,,OTHER_TRUE_UNKNOWN,strict_dynamic_link_certificate_failed,R01
K22-008,S014,,,200.0,,,,,,,OTHER_TRUE_UNKNOWN,strict_dynamic_link_certificate_failed,R02
K22-008,S014,,,200.0,,,,,,,OTHER_TRUE_UNKNOWN,strict_dynamic_link_certificate_failed,R01
K22-008,S014,,,200.0,,,,,,,OTHER_TRUE_UNKNOWN,strict_dynamic_link_certificate_failed,R02
K22-008,S014,,,200.0,,,,,,,OTHER_TRUE_UNKNOWN,strict_dynamic_link_certificate_failed,R01
K22-008,S014,,,200.0,,,,,,,OTHER_TRUE_UNKNOWN,strict_dynamic_link_certificate_failed,R02
K22-008,S014,,,200.0,,,,,,,OTHER_TRUE_UNKNOWN,strict_dynamic_link_certificate_failed,R01
K22-008,S014,,,200.0,,,,,,,OTHER_TRUE_UNKNOWN,strict_dynamic_link_certificate_failed,R02
K22-008,S014,,,200.0,,,,,,,OTHER_TRUE_UNKNOWN,strict_dynamic_link_certificate_failed,R01
K22-008,S014,,,200.0,,,,,,,OTHER_TRUE_UNKNOWN,strict_dynamic_link_certificate_failed,R02
K22-009,S003,,,100.0,,,,,,,OTHER_TRUE_UNKNOWN,strict_dynamic_link_certificate_failed,R01
K22-009,S003,,,100.0,,,,,,,OTHER_TRUE_UNKNOWN,strict_dynamic_link_certificate_failed,R02
K22-009,S003,,,100.0,,,,,,,OTHER_TRUE_UNKNOWN,strict_dynamic_link_certificate_failed,R01
K22-009,S003,,,100.0,,,,,,,OTHER_TRUE_UNKNOWN,strict_dynamic_link_certificate_failed,R02
K22-009,S003,,,100.0,,,,,,,OTHER_TRUE_UNKNOWN,strict_dynamic_link_certificate_failed,R01
K22-009,S003,,,100.0,,,,,,,OTHER_TRUE_UNKNOWN,strict_dynamic_link_certificate_failed,R02
K22-009,S003,,,100.0,,,,,,,OTHER_TRUE_UNKNOWN,strict_dynamic_link_certificate_failed,R01
K22-009,S003,,,100.0,,,,,,,OTHER_TRUE_UNKNOWN,strict_dynamic_link_certificate_failed,R02
K22-009,S003,,,100.0,,,,,,,OTHER_TRUE_UNKNOWN,strict_dynamic_link_certificate_failed,R01
K22-009,S003,,,100.0,,,,,,,OTHER_TRUE_UNKNOWN,strict_dynamic_link_certificate_failed,R02
K22-009,S003,,,100.0,,,,,,,OTHER_TRUE_UNKNOWN,strict_dynamic_link_certificate_failed,R01
K22-009,S003,,,100.0,,,,,,,OTHER_TRUE_UNKNOWN,strict_dynamic_link_certificate_failed,R02
K22-009,S003,,,100.0,,,,,,,OTHER_TRUE_UNKNOWN,strict_dynamic_link_certificate_failed,R01
K22-009,S003,,,100.0,,,,,,,OTHER_TRUE_UNKNOWN,strict_dynamic_link_certificate_failed,R02
K22-009,S003,,,100.0,,,,,,,OTHER_TRUE_UNKNOWN,strict_dynamic_link_certificate_failed,R01
K22-009,S003,,,100.0,,,,,,,OTHER_TRUE_UNKNOWN,strict_dynamic_link_certificate_failed,R02
K22-011,S008,,,100.0,,,,,,,OTHER_TRUE_UNKNOWN,strict_dynamic_link_certificate_failed,R01
K22-011,S008,,,100.0,,,,,,,OTHER_TRUE_UNKNOWN,strict_dynamic_link_certificate_failed,R02
K22-011,S008,,,100.0,,,,,,,OTHER_TRUE_UNKNOWN,strict_dynamic_link_certificate_failed,R01
K22-011,S008,,,100.0,,,,,,,OTHER_TRUE_UNKNOWN,strict_dynamic_link_certificate_failed,R02
K22-011,S008,,,100.0,,,,,,,OTHER_TRUE_UNKNOWN,strict_dynamic_link_certificate_failed,R01
K22-011,S008,,,100.0,,,,,,,OTHER_TRUE_UNKNOWN,strict_dynamic_link_certificate_failed,R02
K22-011,S008,,,100.0,,,,,,,OTHER_TRUE_UNKNOWN,strict_dynamic_link_certificate_failed,R01
K22-011,S008,,,100.0,,,,,,,OTHER_TRUE_UNKNOWN,strict_dynamic_link_certificate_failed,R02
K22-011,S008,,,100.0,,,,,,,OTHER_TRUE_UNKNOWN,strict_dynamic_link_certificate_failed,R01
K22-011,S008,,,100.0,,,,,,,OTHER_TRUE_UNKNOWN,strict_dynamic_link_certificate_failed,R02
K22-011,S008,,,100.0,,,,,,,OTHER_TRUE_UNKNOWN,strict_dynamic_link_certificate_failed,R01
K22-011,S008,,,100.0,,,,,,,OTHER_TRUE_UNKNOWN,strict_dynamic_link_certificate_failed,R02
K22-011,S008,,,100.0,,,,,,,OTHER_TRUE_UNKNOWN,strict_dynamic_link_certificate_failed,R01
K22-011,S008,,,100.0,,,,,,,OTHER_TRUE_UNKNOWN,strict_dynamic_link_certificate_failed,R02
K22-011,S008,,,100.0,,,,,,,OTHER_TRUE_UNKNOWN,strict_dynamic_link_certificate_failed,R01
K22-011,S008,,,100.0,,,,,,,OTHER_TRUE_UNKNOWN,strict_dynamic_link_certificate_failed,R02
K22-012,S015,,,100.0,,,,,,,OTHER_TRUE_UNKNOWN,strict_dynamic_link_certificate_failed,R01
K22-012,S015,,,100.0,,,,,,,OTHER_TRUE_UNKNOWN,strict_dynamic_link_certificate_failed,R02
K22-012,S015,,,100.0,,,,,,,OTHER_TRUE_UNKNOWN,strict_dynamic_link_certificate_failed,R01
K22-012,S015,,,100.0,,,,,,,OTHER_TRUE_UNKNOWN,strict_dynamic_link_certificate_failed,R02
K22-012,S015,,,100.0,,,,,,,OTHER_TRUE_UNKNOWN,strict_dynamic_link_certificate_failed,R01
K22-012,S015,,,100.0,,,,,,,OTHER_TRUE_UNKNOWN,strict_dynamic_link_certificate_failed,R02
K22-012,S015,,,100.0,,,,,,,OTHER_TRUE_UNKNOWN,strict_dynamic_link_certificate_failed,R01
K22-012,S015,,,100.0,,,,,,,OTHER_TRUE_UNKNOWN,strict_dynamic_link_certificate_failed,R02
K22-012,S015,,,100.0,,,,,,,OTHER_TRUE_UNKNOWN,strict_dynamic_link_certificate_failed,R01
K22-012,S015,,,100.0,,,,,,,OTHER_TRUE_UNKNOWN,strict_dynamic_link_certificate_failed,R02
K22-012,S015,,,100.0,,,,,,,OTHER_TRUE_UNKNOWN,strict_dynamic_link_certificate_failed,R01
K22-012,S015,,,100.0,,,,,,,OTHER_TRUE_UNKNOWN,strict_dynamic_link_certificate_failed,R02
K22-012,S015,,,100.0,,,,,,,OTHER_TRUE_UNKNOWN,strict_dynamic_link_certificate_failed,R01
K22-012,S015,,,100.0,,,,,,,OTHER_TRUE_UNKNOWN,strict_dynamic_link_certificate_failed,R02
K22-012,S015,,,100.0,,,,,,,OTHER_TRUE_UNKNOWN,strict_dynamic_link_certificate_failed,R01
K22-012,S015,,,100.0,,,,,,,OTHER_TRUE_UNKNOWN,strict_dynamic_link_certificate_failed,R02
K22-013,S005,,,100.0,,,,,,,OTHER_TRUE_UNKNOWN,strict_dynamic_link_certificate_failed,R01
K22-013,S005,,,100.0,,,,,,,OTHER_TRUE_UNKNOWN,strict_dynamic_link_certificate_failed,R02
K22-013,S005,,,100.0,,,,,,,OTHER_TRUE_UNKNOWN,strict_dynamic_link_certificate_failed,R01
K22-013,S005,,,100.0,,,,,,,OTHER_TRUE_UNKNOWN,strict_dynamic_link_certificate_failed,R02
K22-013,S005,,,100.0,,,,,,,OTHER_TRUE_UNKNOWN,strict_dynamic_link_certificate_failed,R01
K22-013,S005,,,100.0,,,,,,,OTHER_TRUE_UNKNOWN,strict_dynamic_link_certificate_failed,R02
K22-013,S005,,,100.0,,,,,,,OTHER_TRUE_UNKNOWN,strict_dynamic_link_certificate_failed,R01
K22-013,S005,,,100.0,,,,,,,OTHER_TRUE_UNKNOWN,strict_dynamic_link_certificate_failed,R02
K22-013,S005,,,100.0,,,,,,,OTHER_TRUE_UNKNOWN,strict_dynamic_link_certificate_failed,R01
K22-013,S005,,,100.0,,,,,,,OTHER_TRUE_UNKNOWN,strict_dynamic_link_certificate_failed,R02
K22-013,S005,,,100.0,,,,,,,OTHER_TRUE_UNKNOWN,strict_dynamic_link_certificate_failed,R01
K22-013,S005,,,100.0,,,,,,,OTHER_TRUE_UNKNOWN,strict_dynamic_link_certificate_failed,R02
K22-013,S005,,,100.0,,,,,,,OTHER_TRUE_UNKNOWN,strict_dynamic_link_certificate_failed,R01
K22-013,S005,,,100.0,,,,,,,OTHER_TRUE_UNKNOWN,strict_dynamic_link_certificate_failed,R02
K22-013,S005,,,100.0,,,,,,,OTHER_TRUE_UNKNOWN,strict_dynamic_link_certificate_failed,R01
K22-013,S005,,,100.0,,,,,,,OTHER_TRUE_UNKNOWN,strict_dynamic_link_certificate_failed,R02
K22-014,S009,,,100.0,,,,,,,OTHER_TRUE_UNKNOWN,strict_dynamic_link_certificate_failed,R01
K22-014,S009,,,100.0,,,,,,,OTHER_TRUE_UNKNOWN,strict_dynamic_link_certificate_failed,R02
K22-014,S009,,,100.0,,,,,,,OTHER_TRUE_UNKNOWN,strict_dynamic_link_certificate_failed,R01
K22-014,S009,,,100.0,,,,,,,OTHER_TRUE_UNKNOWN,strict_dynamic_link_certificate_failed,R02
K22-014,S009,,,100.0,,,,,,,OTHER_TRUE_UNKNOWN,strict_dynamic_link_certificate_failed,R01
K22-014,S009,,,100.0,,,,,,,OTHER_TRUE_UNKNOWN,strict_dynamic_link_certificate_failed,R02
K22-014,S009,,,100.0,,,,,,,OTHER_TRUE_UNKNOWN,strict_dynamic_link_certificate_failed,R01
K22-014,S009,,,100.0,,,,,,,OTHER_TRUE_UNKNOWN,strict_dynamic_link_certificate_failed,R02
K22-014,S009,,,100.0,,,,,,,OTHER_TRUE_UNKNOWN,strict_dynamic_link_certificate_failed,R01
K22-014,S009,,,100.0,,,,,,,OTHER_TRUE_UNKNOWN,strict_dynamic_link_certificate_failed,R02
K22-014,S009,,,100.0,,,,,,,OTHER_TRUE_UNKNOWN,strict_dynamic_link_certificate_failed,R01
K22-014,S009,,,100.0,,,,,,,OTHER_TRUE_UNKNOWN,strict_dynamic_link_certificate_failed,R02
K22-014,S009,,,100.0,,,,,,,OTHER_TRUE_UNKNOWN,strict_dynamic_link_certificate_failed,R01
K22-014,S009,,,100.0,,,,,,,OTHER_TRUE_UNKNOWN,strict_dynamic_link_certificate_failed,R02
K22-014,S009,,,100.0,,,,,,,OTHER_TRUE_UNKNOWN,strict_dynamic_link_certificate_failed,R01
K22-014,S009,,,100.0,,,,,,,OTHER_TRUE_UNKNOWN,strict_dynamic_link_certificate_failed,R02
K22-019,S002,,,100.0,,,,,,,OTHER_TRUE_UNKNOWN,strict_dynamic_link_certificate_failed,R01
K22-019,S002,,,100.0,,,,,,,OTHER_TRUE_UNKNOWN,strict_dynamic_link_certificate_failed,R02
K22-019,S002,,,100.0,,,,,,,OTHER_TRUE_UNKNOWN,strict_dynamic_link_certificate_failed,R01
K22-019,S002,,,100.0,,,,,,,OTHER_TRUE_UNKNOWN,strict_dynamic_link_certificate_failed,R02
K22-019,S002,,,100.0,,,,,,,OTHER_TRUE_UNKNOWN,strict_dynamic_link_certificate_failed,R01
K22-019,S002,,,100.0,,,,,,,OTHER_TRUE_UNKNOWN,strict_dynamic_link_certificate_failed,R02
K22-019,S002,,,100.0,,,,,,,OTHER_TRUE_UNKNOWN,strict_dynamic_link_certificate_failed,R01
K22-019,S002,,,100.0,,,,,,,OTHER_TRUE_UNKNOWN,strict_dynamic_link_certificate_failed,R02
K22-019,S002,,,100.0,,,,,,,OTHER_TRUE_UNKNOWN,strict_dynamic_link_certificate_failed,R01
K22-019,S002,,,100.0,,,,,,,OTHER_TRUE_UNKNOWN,strict_dynamic_link_certificate_failed,R02
K22-019,S002,,,100.0,,,,,,,OTHER_TRUE_UNKNOWN,strict_dynamic_link_certificate_failed,R01
K22-019,S002,,,100.0,,,,,,,OTHER_TRUE_UNKNOWN,strict_dynamic_link_certificate_failed,R02
K22-019,S002,,,100.0,,,,,,,OTHER_TRUE_UNKNOWN,strict_dynamic_link_certificate_failed,R01
K22-019,S002,,,100.0,,,,,,,OTHER_TRUE_UNKNOWN,strict_dynamic_link_certificate_failed,R02
K22-019,S002,,,100.0,,,,,,,OTHER_TRUE_UNKNOWN,strict_dynamic_link_certificate_failed,R01
K22-019,S002,,,100.0,,,,,,,OTHER_TRUE_UNKNOWN,strict_dynamic_link_certificate_failed,R02
K22-020,S003,,,100.0,,,,,,,OTHER_TRUE_UNKNOWN,strict_dynamic_link_certificate_failed,R01
K22-020,S003,,,100.0,,,,,,,OTHER_TRUE_UNKNOWN,strict_dynamic_link_certificate_failed,R02
K22-020,S003,,,100.0,,,,,,,OTHER_TRUE_UNKNOWN,strict_dynamic_link_certificate_failed,R01
K22-020,S003,,,100.0,,,,,,,OTHER_TRUE_UNKNOWN,strict_dynamic_link_certificate_failed,R02
K22-020,S003,,,100.0,,,,,,,OTHER_TRUE_UNKNOWN,strict_dynamic_link_certificate_failed,R01
K22-020,S003,,,100.0,,,,,,,OTHER_TRUE_UNKNOWN,strict_dynamic_link_certificate_failed,R02
K22-020,S003,,,100.0,,,,,,,OTHER_TRUE_UNKNOWN,strict_dynamic_link_certificate_failed,R01
K22-020,S003,,,100.0,,,,,,,OTHER_TRUE_UNKNOWN,strict_dynamic_link_certificate_failed,R02
K22-020,S003,,,100.0,,,,,,,OTHER_TRUE_UNKNOWN,strict_dynamic_link_certificate_failed,R01
K22-020,S003,,,100.0,,,,,,,OTHER_TRUE_UNKNOWN,strict_dynamic_link_certificate_failed,R02
K22-020,S003,,,100.0,,,,,,,OTHER_TRUE_UNKNOWN,strict_dynamic_link_certificate_failed,R01
K22-020,S003,,,100.0,,,,,,,OTHER_TRUE_UNKNOWN,strict_dynamic_link_certificate_failed,R02
K22-020,S003,,,100.0,,,,,,,OTHER_TRUE_UNKNOWN,strict_dynamic_link_certificate_failed,R01
K22-020,S003,,,100.0,,,,,,,OTHER_TRUE_UNKNOWN,strict_dynamic_link_certificate_failed,R02
K22-020,S003,,,100.0,,,,,,,OTHER_TRUE_UNKNOWN,strict_dynamic_link_certificate_failed,R01
K22-020,S003,,,100.0,,,,,,,OTHER_TRUE_UNKNOWN,strict_dynamic_link_certificate_failed,R02
K22-021,S005,,,100.0,,,,,,,OTHER_TRUE_UNKNOWN,strict_dynamic_link_certificate_failed,R01
K22-021,S005,,,100.0,,,,,,,OTHER_TRUE_UNKNOWN,strict_dynamic_link_certificate_failed,R02
K22-021,S005,,,100.0,,,,,,,OTHER_TRUE_UNKNOWN,strict_dynamic_link_certificate_failed,R01
K22-021,S005,,,100.0,,,,,,,OTHER_TRUE_UNKNOWN,strict_dynamic_link_certificate_failed,R02
K22-021,S005,,,100.0,,,,,,,OTHER_TRUE_UNKNOWN,strict_dynamic_link_certificate_failed,R01
K22-021,S005,,,100.0,,,,,,,OTHER_TRUE_UNKNOWN,strict_dynamic_link_certificate_failed,R02
K22-021,S005,,,100.0,,,,,,,OTHER_TRUE_UNKNOWN,strict_dynamic_link_certificate_failed,R01
K22-021,S005,,,100.0,,,,,,,OTHER_TRUE_UNKNOWN,strict_dynamic_link_certificate_failed,R02
K22-021,S005,,,100.0,,,,,,,OTHER_TRUE_UNKNOWN,strict_dynamic_link_certificate_failed,R01
K22-021,S005,,,100.0,,,,,,,OTHER_TRUE_UNKNOWN,strict_dynamic_link_certificate_failed,R02
K22-021,S005,,,100.0,,,,,,,OTHER_TRUE_UNKNOWN,strict_dynamic_link_certificate_failed,R01
K22-021,S005,,,100.0,,,,,,,OTHER_TRUE_UNKNOWN,strict_dynamic_link_certificate_failed,R02
K22-021,S005,,,100.0,,,,,,,OTHER_TRUE_UNKNOWN,strict_dynamic_link_certificate_failed,R01
K22-021,S005,,,100.0,,,,,,,OTHER_TRUE_UNKNOWN,strict_dynamic_link_certificate_failed,R02
K22-021,S005,,,100.0,,,,,,,OTHER_TRUE_UNKNOWN,strict_dynamic_link_certificate_failed,R01
K22-021,S005,,,100.0,,,,,,,OTHER_TRUE_UNKNOWN,strict_dynamic_link_certificate_failed,R02
K23-002,S002,,,100.0,,,,,,,OTHER_TRUE_UNKNOWN,strict_dynamic_link_certificate_failed,R01
K23-002,S002,,,100.0,,,,,,,OTHER_TRUE_UNKNOWN,strict_dynamic_link_certificate_failed,R02
K23-002,S002,,,100.0,,,,,,,OTHER_TRUE_UNKNOWN,strict_dynamic_link_certificate_failed,R01
K23-002,S002,,,100.0,,,,,,,OTHER_TRUE_UNKNOWN,strict_dynamic_link_certificate_failed,R02
K23-002,S002,,,100.0,,,,,,,OTHER_TRUE_UNKNOWN,strict_dynamic_link_certificate_failed,R01
K23-002,S002,,,100.0,,,,,,,OTHER_TRUE_UNKNOWN,strict_dynamic_link_certificate_failed,R02
K23-002,S002,,,100.0,,,,,,,OTHER_TRUE_UNKNOWN,strict_dynamic_link_certificate_failed,R01
K23-002,S002,,,100.0,,,,,,,OTHER_TRUE_UNKNOWN,strict_dynamic_link_certificate_failed,R02
K23-002,S002,,,100.0,,,,,,,OTHER_TRUE_UNKNOWN,strict_dynamic_link_certificate_failed,R01
K23-002,S002,,,100.0,,,,,,,OTHER_TRUE_UNKNOWN,strict_dynamic_link_certificate_failed,R02
K23-002,S002,,,100.0,,,,,,,OTHER_TRUE_UNKNOWN,strict_dynamic_link_certificate_failed,R01
K23-002,S002,,,100.0,,,,,,,OTHER_TRUE_UNKNOWN,strict_dynamic_link_certificate_failed,R02
K23-002,S002,,,100.0,,,,,,,OTHER_TRUE_UNKNOWN,strict_dynamic_link_certificate_failed,R01
K23-002,S002,,,100.0,,,,,,,OTHER_TRUE_UNKNOWN,strict_dynamic_link_certificate_failed,R02
K23-002,S002,,,100.0,,,,,,,OTHER_TRUE_UNKNOWN,strict_dynamic_link_certificate_failed,R01
K23-002,S002,,,100.0,,,,,,,OTHER_TRUE_UNKNOWN,strict_dynamic_link_certificate_failed,R02
K23-004,S007,,,100.0,,,,,,,OTHER_TRUE_UNKNOWN,strict_dynamic_link_certificate_failed,R01
K23-004,S007,,,100.0,,,,,,,OTHER_TRUE_UNKNOWN,strict_dynamic_link_certificate_failed,R02
K23-004,S007,,,100.0,,,,,,,OTHER_TRUE_UNKNOWN,strict_dynamic_link_certificate_failed,R01
K23-004,S007,,,100.0,,,,,,,OTHER_TRUE_UNKNOWN,strict_dynamic_link_certificate_failed,R02
K23-004,S007,,,100.0,,,,,,,OTHER_TRUE_UNKNOWN,strict_dynamic_link_certificate_failed,R01
K23-004,S007,,,100.0,,,,,,,OTHER_TRUE_UNKNOWN,strict_dynamic_link_certificate_failed,R02
K23-004,S007,,,100.0,,,,,,,OTHER_TRUE_UNKNOWN,strict_dynamic_link_certificate_failed,R01
K23-004,S007,,,100.0,,,,,,,OTHER_TRUE_UNKNOWN,strict_dynamic_link_certificate_failed,R02
K23-004,S007,,,100.0,,,,,,,OTHER_TRUE_UNKNOWN,strict_dynamic_link_certificate_failed,R01
K23-004,S007,,,100.0,,,,,,,OTHER_TRUE_UNKNOWN,strict_dynamic_link_certificate_failed,R02
K23-004,S007,,,100.0,,,,,,,OTHER_TRUE_UNKNOWN,strict_dynamic_link_certificate_failed,R01
K23-004,S007,,,100.0,,,,,,,OTHER_TRUE_UNKNOWN,strict_dynamic_link_certificate_failed,R02
K23-004,S007,,,100.0,,,,,,,OTHER_TRUE_UNKNOWN,strict_dynamic_link_certificate_failed,R01
K23-004,S007,,,100.0,,,,,,,OTHER_TRUE_UNKNOWN,strict_dynamic_link_certificate_failed,R02
K23-004,S007,,,100.0,,,,,,,OTHER_TRUE_UNKNOWN,strict_dynamic_link_certificate_failed,R01
K23-004,S007,,,100.0,,,,,,,OTHER_TRUE_UNKNOWN,strict_dynamic_link_certificate_failed,R02
K23-005,S010,,,100.0,,,,,,,OTHER_TRUE_UNKNOWN,strict_dynamic_link_certificate_failed,R01
K23-005,S010,,,100.0,,,,,,,OTHER_TRUE_UNKNOWN,strict_dynamic_link_certificate_failed,R02
K23-005,S010,,,100.0,,,,,,,OTHER_TRUE_UNKNOWN,strict_dynamic_link_certificate_failed,R01
K23-005,S010,,,100.0,,,,,,,OTHER_TRUE_UNKNOWN,strict_dynamic_link_certificate_failed,R02
K23-005,S010,,,100.0,,,,,,,OTHER_TRUE_UNKNOWN,strict_dynamic_link_certificate_failed,R01
K23-005,S010,,,100.0,,,,,,,OTHER_TRUE_UNKNOWN,strict_dynamic_link_certificate_failed,R02
K23-005,S010,,,100.0,,,,,,,OTHER_TRUE_UNKNOWN,strict_dynamic_link_certificate_failed,R01
K23-005,S010,,,100.0,,,,,,,OTHER_TRUE_UNKNOWN,strict_dynamic_link_certificate_failed,R02
K23-005,S010,,,100.0,,,,,,,OTHER_TRUE_UNKNOWN,strict_dynamic_link_certificate_failed,R01
K23-005,S010,,,100.0,,,,,,,OTHER_TRUE_UNKNOWN,strict_dynamic_link_certificate_failed,R02
K23-005,S010,,,100.0,,,,,,,OTHER_TRUE_UNKNOWN,strict_dynamic_link_certificate_failed,R01
K23-005,S010,,,100.0,,,,,,,OTHER_TRUE_UNKNOWN,strict_dynamic_link_certificate_failed,R02
K23-005,S010,,,100.0,,,,,,,OTHER_TRUE_UNKNOWN,strict_dynamic_link_certificate_failed,R01
K23-005,S010,,,100.0,,,,,,,OTHER_TRUE_UNKNOWN,strict_dynamic_link_certificate_failed,R02
K23-005,S010,,,100.0,,,,,,,OTHER_TRUE_UNKNOWN,strict_dynamic_link_certificate_failed,R01
K23-005,S010,,,100.0,,,,,,,OTHER_TRUE_UNKNOWN,strict_dynamic_link_certificate_failed,R02
K23-006,S012,,,100.0,,,,,,,OTHER_TRUE_UNKNOWN,strict_dynamic_link_certificate_failed,R01
K23-006,S012,,,100.0,,,,,,,OTHER_TRUE_UNKNOWN,strict_dynamic_link_certificate_failed,R02
K23-006,S012,,,100.0,,,,,,,OTHER_TRUE_UNKNOWN,strict_dynamic_link_certificate_failed,R01
K23-006,S012,,,100.0,,,,,,,OTHER_TRUE_UNKNOWN,strict_dynamic_link_certificate_failed,R02
K23-006,S012,,,100.0,,,,,,,OTHER_TRUE_UNKNOWN,strict_dynamic_link_certificate_failed,R01
K23-006,S012,,,100.0,,,,,,,OTHER_TRUE_UNKNOWN,strict_dynamic_link_certificate_failed,R02
K23-006,S012,,,100.0,,,,,,,OTHER_TRUE_UNKNOWN,strict_dynamic_link_certificate_failed,R01
K23-006,S012,,,100.0,,,,,,,OTHER_TRUE_UNKNOWN,strict_dynamic_link_certificate_failed,R02
K23-006,S012,,,100.0,,,,,,,OTHER_TRUE_UNKNOWN,strict_dynamic_link_certificate_failed,R01
K23-006,S012,,,100.0,,,,,,,OTHER_TRUE_UNKNOWN,strict_dynamic_link_certificate_failed,R02
K23-006,S012,,,100.0,,,,,,,OTHER_TRUE_UNKNOWN,strict_dynamic_link_certificate_failed,R01
K23-006,S012,,,100.0,,,,,,,OTHER_TRUE_UNKNOWN,strict_dynamic_link_certificate_failed,R02
K23-006,S012,,,100.0,,,,,,,OTHER_TRUE_UNKNOWN,strict_dynamic_link_certificate_failed,R01
K23-006,S012,,,100.0,,,,,,,OTHER_TRUE_UNKNOWN,strict_dynamic_link_certificate_failed,R02
K23-006,S012,,,100.0,,,,,,,OTHER_TRUE_UNKNOWN,strict_dynamic_link_certificate_failed,R01
K23-006,S012,,,100.0,,,,,,,OTHER_TRUE_UNKNOWN,strict_dynamic_link_certificate_failed,R02
K23-007,S013,,,100.0,,,,,,,OTHER_TRUE_UNKNOWN,strict_dynamic_link_certificate_failed,R01
K23-007,S013,,,100.0,,,,,,,OTHER_TRUE_UNKNOWN,strict_dynamic_link_certificate_failed,R02
K23-007,S013,,,100.0,,,,,,,OTHER_TRUE_UNKNOWN,strict_dynamic_link_certificate_failed,R01
K23-007,S013,,,100.0,,,,,,,OTHER_TRUE_UNKNOWN,strict_dynamic_link_certificate_failed,R02
K23-007,S013,,,100.0,,,,,,,OTHER_TRUE_UNKNOWN,strict_dynamic_link_certificate_failed,R01
K23-007,S013,,,100.0,,,,,,,OTHER_TRUE_UNKNOWN,strict_dynamic_link_certificate_failed,R02
K23-007,S013,,,100.0,,,,,,,OTHER_TRUE_UNKNOWN,strict_dynamic_link_certificate_failed,R01
K23-007,S013,,,100.0,,,,,,,OTHER_TRUE_UNKNOWN,strict_dynamic_link_certificate_failed,R02
K23-007,S013,,,100.0,,,,,,,OTHER_TRUE_UNKNOWN,strict_dynamic_link_certificate_failed,R01
K23-007,S013,,,100.0,,,,,,,OTHER_TRUE_UNKNOWN,strict_dynamic_link_certificate_failed,R02
K23-007,S013,,,100.0,,,,,,,OTHER_TRUE_UNKNOWN,strict_dynamic_link_certificate_failed,R01
K23-007,S013,,,100.0,,,,,,,OTHER_TRUE_UNKNOWN,strict_dynamic_link_certificate_failed,R02
K23-007,S013,,,100.0,,,,,,,OTHER_TRUE_UNKNOWN,strict_dynamic_link_certificate_failed,R01
K23-007,S013,,,100.0,,,,,,,OTHER_TRUE_UNKNOWN,strict_dynamic_link_certificate_failed,R02
K23-007,S013,,,100.0,,,,,,,OTHER_TRUE_UNKNOWN,strict_dynamic_link_certificate_failed,R01
K23-007,S013,,,100.0,,,,,,,OTHER_TRUE_UNKNOWN,strict_dynamic_link_certificate_failed,R02
K23-008,S014,,,200.0,,,,,,,OTHER_TRUE_UNKNOWN,strict_dynamic_link_certificate_failed,R01
K23-008,S014,,,200.0,,,,,,,OTHER_TRUE_UNKNOWN,strict_dynamic_link_certificate_failed,R02
K23-008,S014,,,200.0,,,,,,,OTHER_TRUE_UNKNOWN,strict_dynamic_link_certificate_failed,R01
K23-008,S014,,,200.0,,,,,,,OTHER_TRUE_UNKNOWN,strict_dynamic_link_certificate_failed,R02
K23-008,S014,,,200.0,,,,,,,OTHER_TRUE_UNKNOWN,strict_dynamic_link_certificate_failed,R01
K23-008,S014,,,200.0,,,,,,,OTHER_TRUE_UNKNOWN,strict_dynamic_link_certificate_failed,R02
K23-008,S014,,,200.0,,,,,,,OTHER_TRUE_UNKNOWN,strict_dynamic_link_certificate_failed,R01
K23-008,S014,,,200.0,,,,,,,OTHER_TRUE_UNKNOWN,strict_dynamic_link_certificate_failed,R02
K23-008,S014,,,200.0,,,,,,,OTHER_TRUE_UNKNOWN,strict_dynamic_link_certificate_failed,R01
K23-008,S014,,,200.0,,,,,,,OTHER_TRUE_UNKNOWN,strict_dynamic_link_certificate_failed,R02
K23-008,S014,,,200.0,,,,,,,OTHER_TRUE_UNKNOWN,strict_dynamic_link_certificate_failed,R01
K23-008,S014,,,200.0,,,,,,,OTHER_TRUE_UNKNOWN,strict_dynamic_link_certificate_failed,R02
K23-008,S014,,,200.0,,,,,,,OTHER_TRUE_UNKNOWN,strict_dynamic_link_certificate_failed,R01
K23-008,S014,,,200.0,,,,,,,OTHER_TRUE_UNKNOWN,strict_dynamic_link_certificate_failed,R02
K23-008,S014,,,200.0,,,,,,,OTHER_TRUE_UNKNOWN,strict_dynamic_link_certificate_failed,R01
K23-008,S014,,,200.0,,,,,,,OTHER_TRUE_UNKNOWN,strict_dynamic_link_certificate_failed,R02
K23-009,S003,,,100.0,,,,,,,OTHER_TRUE_UNKNOWN,strict_dynamic_link_certificate_failed,R01
K23-009,S003,,,100.0,,,,,,,OTHER_TRUE_UNKNOWN,strict_dynamic_link_certificate_failed,R02
K23-009,S003,,,100.0,,,,,,,OTHER_TRUE_UNKNOWN,strict_dynamic_link_certificate_failed,R01
K23-009,S003,,,100.0,,,,,,,OTHER_TRUE_UNKNOWN,strict_dynamic_link_certificate_failed,R02
K23-009,S003,,,100.0,,,,,,,OTHER_TRUE_UNKNOWN,strict_dynamic_link_certificate_failed,R01
K23-009,S003,,,100.0,,,,,,,OTHER_TRUE_UNKNOWN,strict_dynamic_link_certificate_failed,R02
K23-009,S003,,,100.0,,,,,,,OTHER_TRUE_UNKNOWN,strict_dynamic_link_certificate_failed,R01
K23-009,S003,,,100.0,,,,,,,OTHER_TRUE_UNKNOWN,strict_dynamic_link_certificate_failed,R02
K23-009,S003,,,100.0,,,,,,,OTHER_TRUE_UNKNOWN,strict_dynamic_link_certificate_failed,R01
K23-009,S003,,,100.0,,,,,,,OTHER_TRUE_UNKNOWN,strict_dynamic_link_certificate_failed,R02
K23-009,S003,,,100.0,,,,,,,OTHER_TRUE_UNKNOWN,strict_dynamic_link_certificate_failed,R01
K23-009,S003,,,100.0,,,,,,,OTHER_TRUE_UNKNOWN,strict_dynamic_link_certificate_failed,R02
K23-009,S003,,,100.0,,,,,,,OTHER_TRUE_UNKNOWN,strict_dynamic_link_certificate_failed,R01
K23-009,S003,,,100.0,,,,,,,OTHER_TRUE_UNKNOWN,strict_dynamic_link_certificate_failed,R02
K23-009,S003,,,100.0,,,,,,,OTHER_TRUE_UNKNOWN,strict_dynamic_link_certificate_failed,R01
K23-009,S003,,,100.0,,,,,,,OTHER_TRUE_UNKNOWN,strict_dynamic_link_certificate_failed,R02
K23-011,S008,,,100.0,,,,,,,OTHER_TRUE_UNKNOWN,strict_dynamic_link_certificate_failed,R01
K23-011,S008,,,100.0,,,,,,,OTHER_TRUE_UNKNOWN,strict_dynamic_link_certificate_failed,R02
K23-011,S008,,,100.0,,,,,,,OTHER_TRUE_UNKNOWN,strict_dynamic_link_certificate_failed,R01
K23-011,S008,,,100.0,,,,,,,OTHER_TRUE_UNKNOWN,strict_dynamic_link_certificate_failed,R02
K23-011,S008,,,100.0,,,,,,,OTHER_TRUE_UNKNOWN,strict_dynamic_link_certificate_failed,R01
K23-011,S008,,,100.0,,,,,,,OTHER_TRUE_UNKNOWN,strict_dynamic_link_certificate_failed,R02
K23-011,S008,,,100.0,,,,,,,OTHER_TRUE_UNKNOWN,strict_dynamic_link_certificate_failed,R01
K23-011,S008,,,100.0,,,,,,,OTHER_TRUE_UNKNOWN,strict_dynamic_link_certificate_failed,R02
K23-011,S008,,,100.0,,,,,,,OTHER_TRUE_UNKNOWN,strict_dynamic_link_certificate_failed,R01
K23-011,S008,,,100.0,,,,,,,OTHER_TRUE_UNKNOWN,strict_dynamic_link_certificate_failed,R02
K23-011,S008,,,100.0,,,,,,,OTHER_TRUE_UNKNOWN,strict_dynamic_link_certificate_failed,R01
K23-011,S008,,,100.0,,,,,,,OTHER_TRUE_UNKNOWN,strict_dynamic_link_certificate_failed,R02
K23-011,S008,,,100.0,,,,,,,OTHER_TRUE_UNKNOWN,strict_dynamic_link_certificate_failed,R01
K23-011,S008,,,100.0,,,,,,,OTHER_TRUE_UNKNOWN,strict_dynamic_link_certificate_failed,R02
K23-011,S008,,,100.0,,,,,,,OTHER_TRUE_UNKNOWN,strict_dynamic_link_certificate_failed,R01
K23-011,S008,,,100.0,,,,,,,OTHER_TRUE_UNKNOWN,strict_dynamic_link_certificate_failed,R02
K23-012,S015,,,100.0,,,,,,,OTHER_TRUE_UNKNOWN,strict_dynamic_link_certificate_failed,R01
K23-012,S015,,,100.0,,,,,,,OTHER_TRUE_UNKNOWN,strict_dynamic_link_certificate_failed,R02
K23-012,S015,,,100.0,,,,,,,OTHER_TRUE_UNKNOWN,strict_dynamic_link_certificate_failed,R01
K23-012,S015,,,100.0,,,,,,,OTHER_TRUE_UNKNOWN,strict_dynamic_link_certificate_failed,R02
K23-012,S015,,,100.0,,,,,,,OTHER_TRUE_UNKNOWN,strict_dynamic_link_certificate_failed,R01
K23-012,S015,,,100.0,,,,,,,OTHER_TRUE_UNKNOWN,strict_dynamic_link_certificate_failed,R02
K23-012,S015,,,100.0,,,,,,,OTHER_TRUE_UNKNOWN,strict_dynamic_link_certificate_failed,R01
K23-012,S015,,,100.0,,,,,,,OTHER_TRUE_UNKNOWN,strict_dynamic_link_certificate_failed,R02
K23-012,S015,,,100.0,,,,,,,OTHER_TRUE_UNKNOWN,strict_dynamic_link_certificate_failed,R01
K23-012,S015,,,100.0,,,,,,,OTHER_TRUE_UNKNOWN,strict_dynamic_link_certificate_failed,R02
K23-012,S015,,,100.0,,,,,,,OTHER_TRUE_UNKNOWN,strict_dynamic_link_certificate_failed,R01
K23-012,S015,,,100.0,,,,,,,OTHER_TRUE_UNKNOWN,strict_dynamic_link_certificate_failed,R02
K23-012,S015,,,100.0,,,,,,,OTHER_TRUE_UNKNOWN,strict_dynamic_link_certificate_failed,R01
K23-012,S015,,,100.0,,,,,,,OTHER_TRUE_UNKNOWN,strict_dynamic_link_certificate_failed,R02
K23-012,S015,,,100.0,,,,,,,OTHER_TRUE_UNKNOWN,strict_dynamic_link_certificate_failed,R01
K23-012,S015,,,100.0,,,,,,,OTHER_TRUE_UNKNOWN,strict_dynamic_link_certificate_failed,R02
K23-013,S005,,,100.0,,,,,,,OTHER_TRUE_UNKNOWN,strict_dynamic_link_certificate_failed,R01
K23-013,S005,,,100.0,,,,,,,OTHER_TRUE_UNKNOWN,strict_dynamic_link_certificate_failed,R02
K23-013,S005,,,100.0,,,,,,,OTHER_TRUE_UNKNOWN,strict_dynamic_link_certificate_failed,R01
K23-013,S005,,,100.0,,,,,,,OTHER_TRUE_UNKNOWN,strict_dynamic_link_certificate_failed,R02
K23-013,S005,,,100.0,,,,,,,OTHER_TRUE_UNKNOWN,strict_dynamic_link_certificate_failed,R01
K23-013,S005,,,100.0,,,,,,,OTHER_TRUE_UNKNOWN,strict_dynamic_link_certificate_failed,R02
K23-013,S005,,,100.0,,,,,,,OTHER_TRUE_UNKNOWN,strict_dynamic_link_certificate_failed,R01
K23-013,S005,,,100.0,,,,,,,OTHER_TRUE_UNKNOWN,strict_dynamic_link_certificate_failed,R02
K23-013,S005,,,100.0,,,,,,,OTHER_TRUE_UNKNOWN,strict_dynamic_link_certificate_failed,R01
K23-013,S005,,,100.0,,,,,,,OTHER_TRUE_UNKNOWN,strict_dynamic_link_certificate_failed,R02
K23-013,S005,,,100.0,,,,,,,OTHER_TRUE_UNKNOWN,strict_dynamic_link_certificate_failed,R01
K23-013,S005,,,100.0,,,,,,,OTHER_TRUE_UNKNOWN,strict_dynamic_link_certificate_failed,R02
K23-013,S005,,,100.0,,,,,,,OTHER_TRUE_UNKNOWN,strict_dynamic_link_certificate_failed,R01
K23-013,S005,,,100.0,,,,,,,OTHER_TRUE_UNKNOWN,strict_dynamic_link_certificate_failed,R02
K23-013,S005,,,100.0,,,,,,,OTHER_TRUE_UNKNOWN,strict_dynamic_link_certificate_failed,R01
K23-013,S005,,,100.0,,,,,,,OTHER_TRUE_UNKNOWN,strict_dynamic_link_certificate_failed,R02
K23-014,S009,,,100.0,,,,,,,OTHER_TRUE_UNKNOWN,strict_dynamic_link_certificate_failed,R01
K23-014,S009,,,100.0,,,,,,,OTHER_TRUE_UNKNOWN,strict_dynamic_link_certificate_failed,R02
K23-014,S009,,,100.0,,,,,,,OTHER_TRUE_UNKNOWN,strict_dynamic_link_certificate_failed,R01
K23-014,S009,,,100.0,,,,,,,OTHER_TRUE_UNKNOWN,strict_dynamic_link_certificate_failed,R02
K23-014,S009,,,100.0,,,,,,,OTHER_TRUE_UNKNOWN,strict_dynamic_link_certificate_failed,R01
K23-014,S009,,,100.0,,,,,,,OTHER_TRUE_UNKNOWN,strict_dynamic_link_certificate_failed,R02
K23-014,S009,,,100.0,,,,,,,OTHER_TRUE_UNKNOWN,strict_dynamic_link_certificate_failed,R01
K23-014,S009,,,100.0,,,,,,,OTHER_TRUE_UNKNOWN,strict_dynamic_link_certificate_failed,R02
K23-014,S009,,,100.0,,,,,,,OTHER_TRUE_UNKNOWN,strict_dynamic_link_certificate_failed,R01
K23-014,S009,,,100.0,,,,,,,OTHER_TRUE_UNKNOWN,strict_dynamic_link_certificate_failed,R02
K23-014,S009,,,100.0,,,,,,,OTHER_TRUE_UNKNOWN,strict_dynamic_link_certificate_failed,R01
K23-014,S009,,,100.0,,,,,,,OTHER_TRUE_UNKNOWN,strict_dynamic_link_certificate_failed,R02
K23-014,S009,,,100.0,,,,,,,OTHER_TRUE_UNKNOWN,strict_dynamic_link_certificate_failed,R01
K23-014,S009,,,100.0,,,,,,,OTHER_TRUE_UNKNOWN,strict_dynamic_link_certificate_failed,R02
K23-014,S009,,,100.0,,,,,,,OTHER_TRUE_UNKNOWN,strict_dynamic_link_certificate_failed,R01
K23-014,S009,,,100.0,,,,,,,OTHER_TRUE_UNKNOWN,strict_dynamic_link_certificate_failed,R02
K23-019,S002,,,100.0,,,,,,,OTHER_TRUE_UNKNOWN,strict_dynamic_link_certificate_failed,R01
K23-019,S002,,,100.0,,,,,,,OTHER_TRUE_UNKNOWN,strict_dynamic_link_certificate_failed,R02
K23-019,S002,,,100.0,,,,,,,OTHER_TRUE_UNKNOWN,strict_dynamic_link_certificate_failed,R01
K23-019,S002,,,100.0,,,,,,,OTHER_TRUE_UNKNOWN,strict_dynamic_link_certificate_failed,R02
K23-019,S002,,,100.0,,,,,,,OTHER_TRUE_UNKNOWN,strict_dynamic_link_certificate_failed,R01
K23-019,S002,,,100.0,,,,,,,OTHER_TRUE_UNKNOWN,strict_dynamic_link_certificate_failed,R02
K23-019,S002,,,100.0,,,,,,,OTHER_TRUE_UNKNOWN,strict_dynamic_link_certificate_failed,R01
K23-019,S002,,,100.0,,,,,,,OTHER_TRUE_UNKNOWN,strict_dynamic_link_certificate_failed,R02
K23-019,S002,,,100.0,,,,,,,OTHER_TRUE_UNKNOWN,strict_dynamic_link_certificate_failed,R01
K23-019,S002,,,100.0,,,,,,,OTHER_TRUE_UNKNOWN,strict_dynamic_link_certificate_failed,R02
K23-019,S002,,,100.0,,,,,,,OTHER_TRUE_UNKNOWN,strict_dynamic_link_certificate_failed,R01
K23-019,S002,,,100.0,,,,,,,OTHER_TRUE_UNKNOWN,strict_dynamic_link_certificate_failed,R02
K23-019,S002,,,100.0,,,,,,,OTHER_TRUE_UNKNOWN,strict_dynamic_link_certificate_failed,R01
K23-019,S002,,,100.0,,,,,,,OTHER_TRUE_UNKNOWN,strict_dynamic_link_certificate_failed,R02
K23-019,S002,,,100.0,,,,,,,OTHER_TRUE_UNKNOWN,strict_dynamic_link_certificate_failed,R01
K23-019,S002,,,100.0,,,,,,,OTHER_TRUE_UNKNOWN,strict_dynamic_link_certificate_failed,R02
K23-020,S003,,,100.0,,,,,,,OTHER_TRUE_UNKNOWN,strict_dynamic_link_certificate_failed,R01
K23-020,S003,,,100.0,,,,,,,OTHER_TRUE_UNKNOWN,strict_dynamic_link_certificate_failed,R02
K23-020,S003,,,100.0,,,,,,,OTHER_TRUE_UNKNOWN,strict_dynamic_link_certificate_failed,R01
K23-020,S003,,,100.0,,,,,,,OTHER_TRUE_UNKNOWN,strict_dynamic_link_certificate_failed,R02
K23-020,S003,,,100.0,,,,,,,OTHER_TRUE_UNKNOWN,strict_dynamic_link_certificate_failed,R01
K23-020,S003,,,100.0,,,,,,,OTHER_TRUE_UNKNOWN,strict_dynamic_link_certificate_failed,R02
K23-020,S003,,,100.0,,,,,,,OTHER_TRUE_UNKNOWN,strict_dynamic_link_certificate_failed,R01
K23-020,S003,,,100.0,,,,,,,OTHER_TRUE_UNKNOWN,strict_dynamic_link_certificate_failed,R02
K23-020,S003,,,100.0,,,,,,,OTHER_TRUE_UNKNOWN,strict_dynamic_link_certificate_failed,R01
K23-020,S003,,,100.0,,,,,,,OTHER_TRUE_UNKNOWN,strict_dynamic_link_certificate_failed,R02
K23-020,S003,,,100.0,,,,,,,OTHER_TRUE_UNKNOWN,strict_dynamic_link_certificate_failed,R01
K23-020,S003,,,100.0,,,,,,,OTHER_TRUE_UNKNOWN,strict_dynamic_link_certificate_failed,R02
K23-020,S003,,,100.0,,,,,,,OTHER_TRUE_UNKNOWN,strict_dynamic_link_certificate_failed,R01
K23-020,S003,,,100.0,,,,,,,OTHER_TRUE_UNKNOWN,strict_dynamic_link_certificate_failed,R02
K23-020,S003,,,100.0,,,,,,,OTHER_TRUE_UNKNOWN,strict_dynamic_link_certificate_failed,R01
K23-020,S003,,,100.0,,,,,,,OTHER_TRUE_UNKNOWN,strict_dynamic_link_certificate_failed,R02
K23-022,S005,,,100.0,,,,,,,OTHER_TRUE_UNKNOWN,strict_dynamic_link_certificate_failed,R01
K23-022,S005,,,100.0,,,,,,,OTHER_TRUE_UNKNOWN,strict_dynamic_link_certificate_failed,R02
K23-022,S005,,,100.0,,,,,,,OTHER_TRUE_UNKNOWN,strict_dynamic_link_certificate_failed,R01
K23-022,S005,,,100.0,,,,,,,OTHER_TRUE_UNKNOWN,strict_dynamic_link_certificate_failed,R02
K23-022,S005,,,100.0,,,,,,,OTHER_TRUE_UNKNOWN,strict_dynamic_link_certificate_failed,R01
K23-022,S005,,,100.0,,,,,,,OTHER_TRUE_UNKNOWN,strict_dynamic_link_certificate_failed,R02
K23-022,S005,,,100.0,,,,,,,OTHER_TRUE_UNKNOWN,strict_dynamic_link_certificate_failed,R01
K23-022,S005,,,100.0,,,,,,,OTHER_TRUE_UNKNOWN,strict_dynamic_link_certificate_failed,R02
K23-022,S005,,,100.0,,,,,,,OTHER_TRUE_UNKNOWN,strict_dynamic_link_certificate_failed,R01
K23-022,S005,,,100.0,,,,,,,OTHER_TRUE_UNKNOWN,strict_dynamic_link_certificate_failed,R02
K23-022,S005,,,100.0,,,,,,,OTHER_TRUE_UNKNOWN,strict_dynamic_link_certificate_failed,R01
K23-022,S005,,,100.0,,,,,,,OTHER_TRUE_UNKNOWN,strict_dynamic_link_certificate_failed,R02
K23-022,S005,,,100.0,,,,,,,OTHER_TRUE_UNKNOWN,strict_dynamic_link_certificate_failed,R01
K23-022,S005,,,100.0,,,,,,,OTHER_TRUE_UNKNOWN,strict_dynamic_link_certificate_failed,R02
K23-022,S005,,,100.0,,,,,,,OTHER_TRUE_UNKNOWN,strict_dynamic_link_certificate_failed,R01
K23-022,S005,,,100.0,,,,,,,OTHER_TRUE_UNKNOWN,strict_dynamic_link_certificate_failed,R02
K24-002,S002,,,100.0,,,,,,,OTHER_TRUE_UNKNOWN,strict_dynamic_link_certificate_failed,R01
K24-002,S002,,,100.0,,,,,,,OTHER_TRUE_UNKNOWN,strict_dynamic_link_certificate_failed,R02
K24-002,S002,,,100.0,,,,,,,OTHER_TRUE_UNKNOWN,strict_dynamic_link_certificate_failed,R01
K24-002,S002,,,100.0,,,,,,,OTHER_TRUE_UNKNOWN,strict_dynamic_link_certificate_failed,R02
K24-002,S002,,,100.0,,,,,,,OTHER_TRUE_UNKNOWN,strict_dynamic_link_certificate_failed,R01
K24-002,S002,,,100.0,,,,,,,OTHER_TRUE_UNKNOWN,strict_dynamic_link_certificate_failed,R02
K24-002,S002,,,100.0,,,,,,,OTHER_TRUE_UNKNOWN,strict_dynamic_link_certificate_failed,R01
K24-002,S002,,,100.0,,,,,,,OTHER_TRUE_UNKNOWN,strict_dynamic_link_certificate_failed,R02
K24-002,S002,,,100.0,,,,,,,OTHER_TRUE_UNKNOWN,strict_dynamic_link_certificate_failed,R01
K24-002,S002,,,100.0,,,,,,,OTHER_TRUE_UNKNOWN,strict_dynamic_link_certificate_failed,R02
K24-002,S002,,,100.0,,,,,,,OTHER_TRUE_UNKNOWN,strict_dynamic_link_certificate_failed,R01
K24-002,S002,,,100.0,,,,,,,OTHER_TRUE_UNKNOWN,strict_dynamic_link_certificate_failed,R02
K24-002,S002,,,100.0,,,,,,,OTHER_TRUE_UNKNOWN,strict_dynamic_link_certificate_failed,R01
K24-002,S002,,,100.0,,,,,,,OTHER_TRUE_UNKNOWN,strict_dynamic_link_certificate_failed,R02
K24-002,S002,,,100.0,,,,,,,OTHER_TRUE_UNKNOWN,strict_dynamic_link_certificate_failed,R01
K24-002,S002,,,100.0,,,,,,,OTHER_TRUE_UNKNOWN,strict_dynamic_link_certificate_failed,R02
K24-004,S007,,,100.0,,,,,,,OTHER_TRUE_UNKNOWN,strict_dynamic_link_certificate_failed,R01
K24-004,S007,,,100.0,,,,,,,OTHER_TRUE_UNKNOWN,strict_dynamic_link_certificate_failed,R02
K24-004,S007,,,100.0,,,,,,,OTHER_TRUE_UNKNOWN,strict_dynamic_link_certificate_failed,R01
K24-004,S007,,,100.0,,,,,,,OTHER_TRUE_UNKNOWN,strict_dynamic_link_certificate_failed,R02
K24-004,S007,,,100.0,,,,,,,OTHER_TRUE_UNKNOWN,strict_dynamic_link_certificate_failed,R01
K24-004,S007,,,100.0,,,,,,,OTHER_TRUE_UNKNOWN,strict_dynamic_link_certificate_failed,R02
K24-004,S007,,,100.0,,,,,,,OTHER_TRUE_UNKNOWN,strict_dynamic_link_certificate_failed,R01
K24-004,S007,,,100.0,,,,,,,OTHER_TRUE_UNKNOWN,strict_dynamic_link_certificate_failed,R02
K24-004,S007,,,100.0,,,,,,,OTHER_TRUE_UNKNOWN,strict_dynamic_link_certificate_failed,R01
K24-004,S007,,,100.0,,,,,,,OTHER_TRUE_UNKNOWN,strict_dynamic_link_certificate_failed,R02
K24-004,S007,,,100.0,,,,,,,OTHER_TRUE_UNKNOWN,strict_dynamic_link_certificate_failed,R01
K24-004,S007,,,100.0,,,,,,,OTHER_TRUE_UNKNOWN,strict_dynamic_link_certificate_failed,R02
K24-004,S007,,,100.0,,,,,,,OTHER_TRUE_UNKNOWN,strict_dynamic_link_certificate_failed,R01
K24-004,S007,,,100.0,,,,,,,OTHER_TRUE_UNKNOWN,strict_dynamic_link_certificate_failed,R02
K24-004,S007,,,100.0,,,,,,,OTHER_TRUE_UNKNOWN,strict_dynamic_link_certificate_failed,R01
K24-004,S007,,,100.0,,,,,,,OTHER_TRUE_UNKNOWN,strict_dynamic_link_certificate_failed,R02
K24-005,S010,,,100.0,,,,,,,OTHER_TRUE_UNKNOWN,strict_dynamic_link_certificate_failed,R01
K24-005,S010,,,100.0,,,,,,,OTHER_TRUE_UNKNOWN,strict_dynamic_link_certificate_failed,R02
K24-005,S010,,,100.0,,,,,,,OTHER_TRUE_UNKNOWN,strict_dynamic_link_certificate_failed,R01
K24-005,S010,,,100.0,,,,,,,OTHER_TRUE_UNKNOWN,strict_dynamic_link_certificate_failed,R02
K24-005,S010,,,100.0,,,,,,,OTHER_TRUE_UNKNOWN,strict_dynamic_link_certificate_failed,R01
K24-005,S010,,,100.0,,,,,,,OTHER_TRUE_UNKNOWN,strict_dynamic_link_certificate_failed,R02
K24-005,S010,,,100.0,,,,,,,OTHER_TRUE_UNKNOWN,strict_dynamic_link_certificate_failed,R01
K24-005,S010,,,100.0,,,,,,,OTHER_TRUE_UNKNOWN,strict_dynamic_link_certificate_failed,R02
K24-005,S010,,,100.0,,,,,,,OTHER_TRUE_UNKNOWN,strict_dynamic_link_certificate_failed,R01
K24-005,S010,,,100.0,,,,,,,OTHER_TRUE_UNKNOWN,strict_dynamic_link_certificate_failed,R02
K24-005,S010,,,100.0,,,,,,,OTHER_TRUE_UNKNOWN,strict_dynamic_link_certificate_failed,R01
K24-005,S010,,,100.0,,,,,,,OTHER_TRUE_UNKNOWN,strict_dynamic_link_certificate_failed,R02
K24-005,S010,,,100.0,,,,,,,OTHER_TRUE_UNKNOWN,strict_dynamic_link_certificate_failed,R01
K24-005,S010,,,100.0,,,,,,,OTHER_TRUE_UNKNOWN,strict_dynamic_link_certificate_failed,R02
K24-005,S010,,,100.0,,,,,,,OTHER_TRUE_UNKNOWN,strict_dynamic_link_certificate_failed,R01
K24-005,S010,,,100.0,,,,,,,OTHER_TRUE_UNKNOWN,strict_dynamic_link_certificate_failed,R02
K24-006,S012,,,100.0,,,,,,,OTHER_TRUE_UNKNOWN,strict_dynamic_link_certificate_failed,R01
K24-006,S012,,,100.0,,,,,,,OTHER_TRUE_UNKNOWN,strict_dynamic_link_certificate_failed,R02
K24-006,S012,,,100.0,,,,,,,OTHER_TRUE_UNKNOWN,strict_dynamic_link_certificate_failed,R01
K24-006,S012,,,100.0,,,,,,,OTHER_TRUE_UNKNOWN,strict_dynamic_link_certificate_failed,R02
K24-006,S012,,,100.0,,,,,,,OTHER_TRUE_UNKNOWN,strict_dynamic_link_certificate_failed,R01
K24-006,S012,,,100.0,,,,,,,OTHER_TRUE_UNKNOWN,strict_dynamic_link_certificate_failed,R02
K24-006,S012,,,100.0,,,,,,,OTHER_TRUE_UNKNOWN,strict_dynamic_link_certificate_failed,R01
K24-006,S012,,,100.0,,,,,,,OTHER_TRUE_UNKNOWN,strict_dynamic_link_certificate_failed,R02
K24-006,S012,,,100.0,,,,,,,OTHER_TRUE_UNKNOWN,strict_dynamic_link_certificate_failed,R01
K24-006,S012,,,100.0,,,,,,,OTHER_TRUE_UNKNOWN,strict_dynamic_link_certificate_failed,R02
K24-006,S012,,,100.0,,,,,,,OTHER_TRUE_UNKNOWN,strict_dynamic_link_certificate_failed,R01
K24-006,S012,,,100.0,,,,,,,OTHER_TRUE_UNKNOWN,strict_dynamic_link_certificate_failed,R02
K24-006,S012,,,100.0,,,,,,,OTHER_TRUE_UNKNOWN,strict_dynamic_link_certificate_failed,R01
K24-006,S012,,,100.0,,,,,,,OTHER_TRUE_UNKNOWN,strict_dynamic_link_certificate_failed,R02
K24-006,S012,,,100.0,,,,,,,OTHER_TRUE_UNKNOWN,strict_dynamic_link_certificate_failed,R01
K24-006,S012,,,100.0,,,,,,,OTHER_TRUE_UNKNOWN,strict_dynamic_link_certificate_failed,R02
K24-007,S013,,,100.0,,,,,,,OTHER_TRUE_UNKNOWN,strict_dynamic_link_certificate_failed,R01
K24-007,S013,,,100.0,,,,,,,OTHER_TRUE_UNKNOWN,strict_dynamic_link_certificate_failed,R02
K24-007,S013,,,100.0,,,,,,,OTHER_TRUE_UNKNOWN,strict_dynamic_link_certificate_failed,R01
K24-007,S013,,,100.0,,,,,,,OTHER_TRUE_UNKNOWN,strict_dynamic_link_certificate_failed,R02
K24-007,S013,,,100.0,,,,,,,OTHER_TRUE_UNKNOWN,strict_dynamic_link_certificate_failed,R01
K24-007,S013,,,100.0,,,,,,,OTHER_TRUE_UNKNOWN,strict_dynamic_link_certificate_failed,R02
K24-007,S013,,,100.0,,,,,,,OTHER_TRUE_UNKNOWN,strict_dynamic_link_certificate_failed,R01
K24-007,S013,,,100.0,,,,,,,OTHER_TRUE_UNKNOWN,strict_dynamic_link_certificate_failed,R02
K24-007,S013,,,100.0,,,,,,,OTHER_TRUE_UNKNOWN,strict_dynamic_link_certificate_failed,R01
K24-007,S013,,,100.0,,,,,,,OTHER_TRUE_UNKNOWN,strict_dynamic_link_certificate_failed,R02
K24-007,S013,,,100.0,,,,,,,OTHER_TRUE_UNKNOWN,strict_dynamic_link_certificate_failed,R01
K24-007,S013,,,100.0,,,,,,,OTHER_TRUE_UNKNOWN,strict_dynamic_link_certificate_failed,R02
K24-007,S013,,,100.0,,,,,,,OTHER_TRUE_UNKNOWN,strict_dynamic_link_certificate_failed,R01
K24-007,S013,,,100.0,,,,,,,OTHER_TRUE_UNKNOWN,strict_dynamic_link_certificate_failed,R02
K24-007,S013,,,100.0,,,,,,,OTHER_TRUE_UNKNOWN,strict_dynamic_link_certificate_failed,R01
K24-007,S013,,,100.0,,,,,,,OTHER_TRUE_UNKNOWN,strict_dynamic_link_certificate_failed,R02
K24-008,S014,,,200.0,,,,,,,OTHER_TRUE_UNKNOWN,strict_dynamic_link_certificate_failed,R01
K24-008,S014,,,200.0,,,,,,,OTHER_TRUE_UNKNOWN,strict_dynamic_link_certificate_failed,R02
K24-008,S014,,,200.0,,,,,,,OTHER_TRUE_UNKNOWN,strict_dynamic_link_certificate_failed,R01
K24-008,S014,,,200.0,,,,,,,OTHER_TRUE_UNKNOWN,strict_dynamic_link_certificate_failed,R02
K24-008,S014,,,200.0,,,,,,,OTHER_TRUE_UNKNOWN,strict_dynamic_link_certificate_failed,R01
K24-008,S014,,,200.0,,,,,,,OTHER_TRUE_UNKNOWN,strict_dynamic_link_certificate_failed,R02
K24-008,S014,,,200.0,,,,,,,OTHER_TRUE_UNKNOWN,strict_dynamic_link_certificate_failed,R01
K24-008,S014,,,200.0,,,,,,,OTHER_TRUE_UNKNOWN,strict_dynamic_link_certificate_failed,R02
K24-008,S014,,,200.0,,,,,,,OTHER_TRUE_UNKNOWN,strict_dynamic_link_certificate_failed,R01
K24-008,S014,,,200.0,,,,,,,OTHER_TRUE_UNKNOWN,strict_dynamic_link_certificate_failed,R02
K24-008,S014,,,200.0,,,,,,,OTHER_TRUE_UNKNOWN,strict_dynamic_link_certificate_failed,R01
K24-008,S014,,,200.0,,,,,,,OTHER_TRUE_UNKNOWN,strict_dynamic_link_certificate_failed,R02
K24-008,S014,,,200.0,,,,,,,OTHER_TRUE_UNKNOWN,strict_dynamic_link_certificate_failed,R01
K24-008,S014,,,200.0,,,,,,,OTHER_TRUE_UNKNOWN,strict_dynamic_link_certificate_failed,R02
K24-008,S014,,,200.0,,,,,,,OTHER_TRUE_UNKNOWN,strict_dynamic_link_certificate_failed,R01
K24-008,S014,,,200.0,,,,,,,OTHER_TRUE_UNKNOWN,strict_dynamic_link_certificate_failed,R02
K24-009,S003,,,100.0,,,,,,,OTHER_TRUE_UNKNOWN,strict_dynamic_link_certificate_failed,R01
K24-009,S003,,,100.0,,,,,,,OTHER_TRUE_UNKNOWN,strict_dynamic_link_certificate_failed,R02
K24-009,S003,,,100.0,,,,,,,OTHER_TRUE_UNKNOWN,strict_dynamic_link_certificate_failed,R01
K24-009,S003,,,100.0,,,,,,,OTHER_TRUE_UNKNOWN,strict_dynamic_link_certificate_failed,R02
K24-009,S003,,,100.0,,,,,,,OTHER_TRUE_UNKNOWN,strict_dynamic_link_certificate_failed,R01
K24-009,S003,,,100.0,,,,,,,OTHER_TRUE_UNKNOWN,strict_dynamic_link_certificate_failed,R02
K24-009,S003,,,100.0,,,,,,,OTHER_TRUE_UNKNOWN,strict_dynamic_link_certificate_failed,R01
K24-009,S003,,,100.0,,,,,,,OTHER_TRUE_UNKNOWN,strict_dynamic_link_certificate_failed,R02
K24-009,S003,,,100.0,,,,,,,OTHER_TRUE_UNKNOWN,strict_dynamic_link_certificate_failed,R01
K24-009,S003,,,100.0,,,,,,,OTHER_TRUE_UNKNOWN,strict_dynamic_link_certificate_failed,R02
K24-009,S003,,,100.0,,,,,,,OTHER_TRUE_UNKNOWN,strict_dynamic_link_certificate_failed,R01
K24-009,S003,,,100.0,,,,,,,OTHER_TRUE_UNKNOWN,strict_dynamic_link_certificate_failed,R02
K24-009,S003,,,100.0,,,,,,,OTHER_TRUE_UNKNOWN,strict_dynamic_link_certificate_failed,R01
K24-009,S003,,,100.0,,,,,,,OTHER_TRUE_UNKNOWN,strict_dynamic_link_certificate_failed,R02
K24-009,S003,,,100.0,,,,,,,OTHER_TRUE_UNKNOWN,strict_dynamic_link_certificate_failed,R01
K24-009,S003,,,100.0,,,,,,,OTHER_TRUE_UNKNOWN,strict_dynamic_link_certificate_failed,R02
K24-011,S008,,,100.0,,,,,,,OTHER_TRUE_UNKNOWN,strict_dynamic_link_certificate_failed,R01
K24-011,S008,,,100.0,,,,,,,OTHER_TRUE_UNKNOWN,strict_dynamic_link_certificate_failed,R02
K24-011,S008,,,100.0,,,,,,,OTHER_TRUE_UNKNOWN,strict_dynamic_link_certificate_failed,R01
K24-011,S008,,,100.0,,,,,,,OTHER_TRUE_UNKNOWN,strict_dynamic_link_certificate_failed,R02
K24-011,S008,,,100.0,,,,,,,OTHER_TRUE_UNKNOWN,strict_dynamic_link_certificate_failed,R01
K24-011,S008,,,100.0,,,,,,,OTHER_TRUE_UNKNOWN,strict_dynamic_link_certificate_failed,R02
K24-011,S008,,,100.0,,,,,,,OTHER_TRUE_UNKNOWN,strict_dynamic_link_certificate_failed,R01
K24-011,S008,,,100.0,,,,,,,OTHER_TRUE_UNKNOWN,strict_dynamic_link_certificate_failed,R02
K24-011,S008,,,100.0,,,,,,,OTHER_TRUE_UNKNOWN,strict_dynamic_link_certificate_failed,R01
K24-011,S008,,,100.0,,,,,,,OTHER_TRUE_UNKNOWN,strict_dynamic_link_certificate_failed,R02
K24-011,S008,,,100.0,,,,,,,OTHER_TRUE_UNKNOWN,strict_dynamic_link_certificate_failed,R01
K24-011,S008,,,100.0,,,,,,,OTHER_TRUE_UNKNOWN,strict_dynamic_link_certificate_failed,R02
K24-011,S008,,,100.0,,,,,,,OTHER_TRUE_UNKNOWN,strict_dynamic_link_certificate_failed,R01
K24-011,S008,,,100.0,,,,,,,OTHER_TRUE_UNKNOWN,strict_dynamic_link_certificate_failed,R02
K24-011,S008,,,100.0,,,,,,,OTHER_TRUE_UNKNOWN,strict_dynamic_link_certificate_failed,R01
K24-011,S008,,,100.0,,,,,,,OTHER_TRUE_UNKNOWN,strict_dynamic_link_certificate_failed,R02
K24-012,S015,,,100.0,,,,,,,OTHER_TRUE_UNKNOWN,strict_dynamic_link_certificate_failed,R01
K24-012,S015,,,100.0,,,,,,,OTHER_TRUE_UNKNOWN,strict_dynamic_link_certificate_failed,R02
K24-012,S015,,,100.0,,,,,,,OTHER_TRUE_UNKNOWN,strict_dynamic_link_certificate_failed,R01
K24-012,S015,,,100.0,,,,,,,OTHER_TRUE_UNKNOWN,strict_dynamic_link_certificate_failed,R02
K24-012,S015,,,100.0,,,,,,,OTHER_TRUE_UNKNOWN,strict_dynamic_link_certificate_failed,R01
K24-012,S015,,,100.0,,,,,,,OTHER_TRUE_UNKNOWN,strict_dynamic_link_certificate_failed,R02
K24-012,S015,,,100.0,,,,,,,OTHER_TRUE_UNKNOWN,strict_dynamic_link_certificate_failed,R01
K24-012,S015,,,100.0,,,,,,,OTHER_TRUE_UNKNOWN,strict_dynamic_link_certificate_failed,R02
K24-012,S015,,,100.0,,,,,,,OTHER_TRUE_UNKNOWN,strict_dynamic_link_certificate_failed,R01
K24-012,S015,,,100.0,,,,,,,OTHER_TRUE_UNKNOWN,strict_dynamic_link_certificate_failed,R02
K24-012,S015,,,100.0,,,,,,,OTHER_TRUE_UNKNOWN,strict_dynamic_link_certificate_failed,R01
K24-012,S015,,,100.0,,,,,,,OTHER_TRUE_UNKNOWN,strict_dynamic_link_certificate_failed,R02
K24-012,S015,,,100.0,,,,,,,OTHER_TRUE_UNKNOWN,strict_dynamic_link_certificate_failed,R01
K24-012,S015,,,100.0,,,,,,,OTHER_TRUE_UNKNOWN,strict_dynamic_link_certificate_failed,R02
K24-012,S015,,,100.0,,,,,,,OTHER_TRUE_UNKNOWN,strict_dynamic_link_certificate_failed,R01
K24-012,S015,,,100.0,,,,,,,OTHER_TRUE_UNKNOWN,strict_dynamic_link_certificate_failed,R02
K24-013,S005,,,100.0,,,,,,,OTHER_TRUE_UNKNOWN,strict_dynamic_link_certificate_failed,R01
K24-013,S005,,,100.0,,,,,,,OTHER_TRUE_UNKNOWN,strict_dynamic_link_certificate_failed,R02
K24-013,S005,,,100.0,,,,,,,OTHER_TRUE_UNKNOWN,strict_dynamic_link_certificate_failed,R01
K24-013,S005,,,100.0,,,,,,,OTHER_TRUE_UNKNOWN,strict_dynamic_link_certificate_failed,R02
K24-013,S005,,,100.0,,,,,,,OTHER_TRUE_UNKNOWN,strict_dynamic_link_certificate_failed,R01
K24-013,S005,,,100.0,,,,,,,OTHER_TRUE_UNKNOWN,strict_dynamic_link_certificate_failed,R02
K24-013,S005,,,100.0,,,,,,,OTHER_TRUE_UNKNOWN,strict_dynamic_link_certificate_failed,R01
K24-013,S005,,,100.0,,,,,,,OTHER_TRUE_UNKNOWN,strict_dynamic_link_certificate_failed,R02
K24-013,S005,,,100.0,,,,,,,OTHER_TRUE_UNKNOWN,strict_dynamic_link_certificate_failed,R01
K24-013,S005,,,100.0,,,,,,,OTHER_TRUE_UNKNOWN,strict_dynamic_link_certificate_failed,R02
K24-013,S005,,,100.0,,,,,,,OTHER_TRUE_UNKNOWN,strict_dynamic_link_certificate_failed,R01
K24-013,S005,,,100.0,,,,,,,OTHER_TRUE_UNKNOWN,strict_dynamic_link_certificate_failed,R02
K24-013,S005,,,100.0,,,,,,,OTHER_TRUE_UNKNOWN,strict_dynamic_link_certificate_failed,R01
K24-013,S005,,,100.0,,,,,,,OTHER_TRUE_UNKNOWN,strict_dynamic_link_certificate_failed,R02
K24-013,S005,,,100.0,,,,,,,OTHER_TRUE_UNKNOWN,strict_dynamic_link_certificate_failed,R01
K24-013,S005,,,100.0,,,,,,,OTHER_TRUE_UNKNOWN,strict_dynamic_link_certificate_failed,R02
K24-014,S009,,,100.0,,,,,,,OTHER_TRUE_UNKNOWN,strict_dynamic_link_certificate_failed,R01
K24-014,S009,,,100.0,,,,,,,OTHER_TRUE_UNKNOWN,strict_dynamic_link_certificate_failed,R02
K24-014,S009,,,100.0,,,,,,,OTHER_TRUE_UNKNOWN,strict_dynamic_link_certificate_failed,R01
K24-014,S009,,,100.0,,,,,,,OTHER_TRUE_UNKNOWN,strict_dynamic_link_certificate_failed,R02
K24-014,S009,,,100.0,,,,,,,OTHER_TRUE_UNKNOWN,strict_dynamic_link_certificate_failed,R01
K24-014,S009,,,100.0,,,,,,,OTHER_TRUE_UNKNOWN,strict_dynamic_link_certificate_failed,R02
K24-014,S009,,,100.0,,,,,,,OTHER_TRUE_UNKNOWN,strict_dynamic_link_certificate_failed,R01
K24-014,S009,,,100.0,,,,,,,OTHER_TRUE_UNKNOWN,strict_dynamic_link_certificate_failed,R02
K24-014,S009,,,100.0,,,,,,,OTHER_TRUE_UNKNOWN,strict_dynamic_link_certificate_failed,R01
K24-014,S009,,,100.0,,,,,,,OTHER_TRUE_UNKNOWN,strict_dynamic_link_certificate_failed,R02
K24-014,S009,,,100.0,,,,,,,OTHER_TRUE_UNKNOWN,strict_dynamic_link_certificate_failed,R01
K24-014,S009,,,100.0,,,,,,,OTHER_TRUE_UNKNOWN,strict_dynamic_link_certificate_failed,R02
K24-014,S009,,,100.0,,,,,,,OTHER_TRUE_UNKNOWN,strict_dynamic_link_certificate_failed,R01
K24-014,S009,,,100.0,,,,,,,OTHER_TRUE_UNKNOWN,strict_dynamic_link_certificate_failed,R02
K24-014,S009,,,100.0,,,,,,,OTHER_TRUE_UNKNOWN,strict_dynamic_link_certificate_failed,R01
K24-014,S009,,,100.0,,,,,,,OTHER_TRUE_UNKNOWN,strict_dynamic_link_certificate_failed,R02
K24-019,S002,,,100.0,,,,,,,OTHER_TRUE_UNKNOWN,strict_dynamic_link_certificate_failed,R01
K24-019,S002,,,100.0,,,,,,,OTHER_TRUE_UNKNOWN,strict_dynamic_link_certificate_failed,R02
K24-019,S002,,,100.0,,,,,,,OTHER_TRUE_UNKNOWN,strict_dynamic_link_certificate_failed,R01
K24-019,S002,,,100.0,,,,,,,OTHER_TRUE_UNKNOWN,strict_dynamic_link_certificate_failed,R02
K24-019,S002,,,100.0,,,,,,,OTHER_TRUE_UNKNOWN,strict_dynamic_link_certificate_failed,R01
K24-019,S002,,,100.0,,,,,,,OTHER_TRUE_UNKNOWN,strict_dynamic_link_certificate_failed,R02
K24-019,S002,,,100.0,,,,,,,OTHER_TRUE_UNKNOWN,strict_dynamic_link_certificate_failed,R01
K24-019,S002,,,100.0,,,,,,,OTHER_TRUE_UNKNOWN,strict_dynamic_link_certificate_failed,R02
K24-019,S002,,,100.0,,,,,,,OTHER_TRUE_UNKNOWN,strict_dynamic_link_certificate_failed,R01
K24-019,S002,,,100.0,,,,,,,OTHER_TRUE_UNKNOWN,strict_dynamic_link_certificate_failed,R02
K24-019,S002,,,100.0,,,,,,,OTHER_TRUE_UNKNOWN,strict_dynamic_link_certificate_failed,R01
K24-019,S002,,,100.0,,,,,,,OTHER_TRUE_UNKNOWN,strict_dynamic_link_certificate_failed,R02
K24-019,S002,,,100.0,,,,,,,OTHER_TRUE_UNKNOWN,strict_dynamic_link_certificate_failed,R01
K24-019,S002,,,100.0,,,,,,,OTHER_TRUE_UNKNOWN,strict_dynamic_link_certificate_failed,R02
K24-019,S002,,,100.0,,,,,,,OTHER_TRUE_UNKNOWN,strict_dynamic_link_certificate_failed,R01
K24-019,S002,,,100.0,,,,,,,OTHER_TRUE_UNKNOWN,strict_dynamic_link_certificate_failed,R02
K24-020,S003,,,100.0,,,,,,,OTHER_TRUE_UNKNOWN,strict_dynamic_link_certificate_failed,R01
K24-020,S003,,,100.0,,,,,,,OTHER_TRUE_UNKNOWN,strict_dynamic_link_certificate_failed,R02
K24-020,S003,,,100.0,,,,,,,OTHER_TRUE_UNKNOWN,strict_dynamic_link_certificate_failed,R01
K24-020,S003,,,100.0,,,,,,,OTHER_TRUE_UNKNOWN,strict_dynamic_link_certificate_failed,R02
K24-020,S003,,,100.0,,,,,,,OTHER_TRUE_UNKNOWN,strict_dynamic_link_certificate_failed,R01
K24-020,S003,,,100.0,,,,,,,OTHER_TRUE_UNKNOWN,strict_dynamic_link_certificate_failed,R02
K24-020,S003,,,100.0,,,,,,,OTHER_TRUE_UNKNOWN,strict_dynamic_link_certificate_failed,R01
K24-020,S003,,,100.0,,,,,,,OTHER_TRUE_UNKNOWN,strict_dynamic_link_certificate_failed,R02
K24-020,S003,,,100.0,,,,,,,OTHER_TRUE_UNKNOWN,strict_dynamic_link_certificate_failed,R01
K24-020,S003,,,100.0,,,,,,,OTHER_TRUE_UNKNOWN,strict_dynamic_link_certificate_failed,R02
K24-020,S003,,,100.0,,,,,,,OTHER_TRUE_UNKNOWN,strict_dynamic_link_certificate_failed,R01
K24-020,S003,,,100.0,,,,,,,OTHER_TRUE_UNKNOWN,strict_dynamic_link_certificate_failed,R02
K24-020,S003,,,100.0,,,,,,,OTHER_TRUE_UNKNOWN,strict_dynamic_link_certificate_failed,R01
K24-020,S003,,,100.0,,,,,,,OTHER_TRUE_UNKNOWN,strict_dynamic_link_certificate_failed,R02
K24-020,S003,,,100.0,,,,,,,OTHER_TRUE_UNKNOWN,strict_dynamic_link_certificate_failed,R01
K24-020,S003,,,100.0,,,,,,,OTHER_TRUE_UNKNOWN,strict_dynamic_link_certificate_failed,R02
K24-021,S003,,,100.0,,,,,,,OTHER_TRUE_UNKNOWN,strict_dynamic_link_certificate_failed,R01
K24-021,S003,,,100.0,,,,,,,OTHER_TRUE_UNKNOWN,strict_dynamic_link_certificate_failed,R02
K24-021,S003,,,100.0,,,,,,,OTHER_TRUE_UNKNOWN,strict_dynamic_link_certificate_failed,R01
K24-021,S003,,,100.0,,,,,,,OTHER_TRUE_UNKNOWN,strict_dynamic_link_certificate_failed,R02
K24-021,S003,,,100.0,,,,,,,OTHER_TRUE_UNKNOWN,strict_dynamic_link_certificate_failed,R01
K24-021,S003,,,100.0,,,,,,,OTHER_TRUE_UNKNOWN,strict_dynamic_link_certificate_failed,R02
K24-021,S003,,,100.0,,,,,,,OTHER_TRUE_UNKNOWN,strict_dynamic_link_certificate_failed,R01
K24-021,S003,,,100.0,,,,,,,OTHER_TRUE_UNKNOWN,strict_dynamic_link_certificate_failed,R02
K24-021,S003,,,100.0,,,,,,,OTHER_TRUE_UNKNOWN,strict_dynamic_link_certificate_failed,R01
K24-021,S003,,,100.0,,,,,,,OTHER_TRUE_UNKNOWN,strict_dynamic_link_certificate_failed,R02
K24-021,S003,,,100.0,,,,,,,OTHER_TRUE_UNKNOWN,strict_dynamic_link_certificate_failed,R01
K24-021,S003,,,100.0,,,,,,,OTHER_TRUE_UNKNOWN,strict_dynamic_link_certificate_failed,R02
K24-021,S003,,,100.0,,,,,,,OTHER_TRUE_UNKNOWN,strict_dynamic_link_certificate_failed,R01
K24-021,S003,,,100.0,,,,,,,OTHER_TRUE_UNKNOWN,strict_dynamic_link_certificate_failed,R02
K24-021,S003,,,100.0,,,,,,,OTHER_TRUE_UNKNOWN,strict_dynamic_link_certificate_failed,R01
K24-021,S003,,,100.0,,,,,,,OTHER_TRUE_UNKNOWN,strict_dynamic_link_certificate_failed,R02
K24-023,S005,,,100.0,,,,,,,OTHER_TRUE_UNKNOWN,strict_dynamic_link_certificate_failed,R01
K24-023,S005,,,100.0,,,,,,,OTHER_TRUE_UNKNOWN,strict_dynamic_link_certificate_failed,R02
K24-023,S005,,,100.0,,,,,,,OTHER_TRUE_UNKNOWN,strict_dynamic_link_certificate_failed,R01
K24-023,S005,,,100.0,,,,,,,OTHER_TRUE_UNKNOWN,strict_dynamic_link_certificate_failed,R02
K24-023,S005,,,100.0,,,,,,,OTHER_TRUE_UNKNOWN,strict_dynamic_link_certificate_failed,R01
K24-023,S005,,,100.0,,,,,,,OTHER_TRUE_UNKNOWN,strict_dynamic_link_certificate_failed,R02
K24-023,S005,,,100.0,,,,,,,OTHER_TRUE_UNKNOWN,strict_dynamic_link_certificate_failed,R01
K24-023,S005,,,100.0,,,,,,,OTHER_TRUE_UNKNOWN,strict_dynamic_link_certificate_failed,R02
K24-023,S005,,,100.0,,,,,,,OTHER_TRUE_UNKNOWN,strict_dynamic_link_certificate_failed,R01
K24-023,S005,,,100.0,,,,,,,OTHER_TRUE_UNKNOWN,strict_dynamic_link_certificate_failed,R02
K24-023,S005,,,100.0,,,,,,,OTHER_TRUE_UNKNOWN,strict_dynamic_link_certificate_failed,R01
K24-023,S005,,,100.0,,,,,,,OTHER_TRUE_UNKNOWN,strict_dynamic_link_certificate_failed,R02
K24-023,S005,,,100.0,,,,,,,OTHER_TRUE_UNKNOWN,strict_dynamic_link_certificate_failed,R01
K24-023,S005,,,100.0,,,,,,,OTHER_TRUE_UNKNOWN,strict_dynamic_link_certificate_failed,R02
K24-023,S005,,,100.0,,,,,,,OTHER_TRUE_UNKNOWN,strict_dynamic_link_certificate_failed,R01
K24-023,S005,,,100.0,,,,,,,OTHER_TRUE_UNKNOWN,strict_dynamic_link_certificate_failed,R02
K25-002,S002,,,100.0,,,,,,,OTHER_TRUE_UNKNOWN,strict_dynamic_link_certificate_failed,R01
K25-002,S002,,,100.0,,,,,,,OTHER_TRUE_UNKNOWN,strict_dynamic_link_certificate_failed,R02
K25-002,S002,,,100.0,,,,,,,OTHER_TRUE_UNKNOWN,strict_dynamic_link_certificate_failed,R01
K25-002,S002,,,100.0,,,,,,,OTHER_TRUE_UNKNOWN,strict_dynamic_link_certificate_failed,R02
K25-002,S002,,,100.0,,,,,,,OTHER_TRUE_UNKNOWN,strict_dynamic_link_certificate_failed,R01
K25-002,S002,,,100.0,,,,,,,OTHER_TRUE_UNKNOWN,strict_dynamic_link_certificate_failed,R02
K25-002,S002,,,100.0,,,,,,,OTHER_TRUE_UNKNOWN,strict_dynamic_link_certificate_failed,R01
K25-002,S002,,,100.0,,,,,,,OTHER_TRUE_UNKNOWN,strict_dynamic_link_certificate_failed,R02
K25-002,S002,,,100.0,,,,,,,OTHER_TRUE_UNKNOWN,strict_dynamic_link_certificate_failed,R01
K25-002,S002,,,100.0,,,,,,,OTHER_TRUE_UNKNOWN,strict_dynamic_link_certificate_failed,R02
K25-002,S002,,,100.0,,,,,,,OTHER_TRUE_UNKNOWN,strict_dynamic_link_certificate_failed,R01
K25-002,S002,,,100.0,,,,,,,OTHER_TRUE_UNKNOWN,strict_dynamic_link_certificate_failed,R02
K25-002,S002,,,100.0,,,,,,,OTHER_TRUE_UNKNOWN,strict_dynamic_link_certificate_failed,R01
K25-002,S002,,,100.0,,,,,,,OTHER_TRUE_UNKNOWN,strict_dynamic_link_certificate_failed,R02
K25-002,S002,,,100.0,,,,,,,OTHER_TRUE_UNKNOWN,strict_dynamic_link_certificate_failed,R01
K25-002,S002,,,100.0,,,,,,,OTHER_TRUE_UNKNOWN,strict_dynamic_link_certificate_failed,R02
K25-004,S007,,,100.0,,,,,,,OTHER_TRUE_UNKNOWN,strict_dynamic_link_certificate_failed,R01
K25-004,S007,,,100.0,,,,,,,OTHER_TRUE_UNKNOWN,strict_dynamic_link_certificate_failed,R02
K25-004,S007,,,100.0,,,,,,,OTHER_TRUE_UNKNOWN,strict_dynamic_link_certificate_failed,R01
K25-004,S007,,,100.0,,,,,,,OTHER_TRUE_UNKNOWN,strict_dynamic_link_certificate_failed,R02
K25-004,S007,,,100.0,,,,,,,OTHER_TRUE_UNKNOWN,strict_dynamic_link_certificate_failed,R01
K25-004,S007,,,100.0,,,,,,,OTHER_TRUE_UNKNOWN,strict_dynamic_link_certificate_failed,R02
K25-004,S007,,,100.0,,,,,,,OTHER_TRUE_UNKNOWN,strict_dynamic_link_certificate_failed,R01
K25-004,S007,,,100.0,,,,,,,OTHER_TRUE_UNKNOWN,strict_dynamic_link_certificate_failed,R02
K25-004,S007,,,100.0,,,,,,,OTHER_TRUE_UNKNOWN,strict_dynamic_link_certificate_failed,R01
K25-004,S007,,,100.0,,,,,,,OTHER_TRUE_UNKNOWN,strict_dynamic_link_certificate_failed,R02
K25-004,S007,,,100.0,,,,,,,OTHER_TRUE_UNKNOWN,strict_dynamic_link_certificate_failed,R01
K25-004,S007,,,100.0,,,,,,,OTHER_TRUE_UNKNOWN,strict_dynamic_link_certificate_failed,R02
K25-004,S007,,,100.0,,,,,,,OTHER_TRUE_UNKNOWN,strict_dynamic_link_certificate_failed,R01
K25-004,S007,,,100.0,,,,,,,OTHER_TRUE_UNKNOWN,strict_dynamic_link_certificate_failed,R02
K25-004,S007,,,100.0,,,,,,,OTHER_TRUE_UNKNOWN,strict_dynamic_link_certificate_failed,R01
K25-004,S007,,,100.0,,,,,,,OTHER_TRUE_UNKNOWN,strict_dynamic_link_certificate_failed,R02
K25-005,S010,,,100.0,,,,,,,OTHER_TRUE_UNKNOWN,strict_dynamic_link_certificate_failed,R01
K25-005,S010,,,100.0,,,,,,,OTHER_TRUE_UNKNOWN,strict_dynamic_link_certificate_failed,R02
K25-005,S010,,,100.0,,,,,,,OTHER_TRUE_UNKNOWN,strict_dynamic_link_certificate_failed,R01
K25-005,S010,,,100.0,,,,,,,OTHER_TRUE_UNKNOWN,strict_dynamic_link_certificate_failed,R02
K25-005,S010,,,100.0,,,,,,,OTHER_TRUE_UNKNOWN,strict_dynamic_link_certificate_failed,R01
K25-005,S010,,,100.0,,,,,,,OTHER_TRUE_UNKNOWN,strict_dynamic_link_certificate_failed,R02
K25-005,S010,,,100.0,,,,,,,OTHER_TRUE_UNKNOWN,strict_dynamic_link_certificate_failed,R01
K25-005,S010,,,100.0,,,,,,,OTHER_TRUE_UNKNOWN,strict_dynamic_link_certificate_failed,R02
K25-005,S010,,,100.0,,,,,,,OTHER_TRUE_UNKNOWN,strict_dynamic_link_certificate_failed,R01
K25-005,S010,,,100.0,,,,,,,OTHER_TRUE_UNKNOWN,strict_dynamic_link_certificate_failed,R02
K25-005,S010,,,100.0,,,,,,,OTHER_TRUE_UNKNOWN,strict_dynamic_link_certificate_failed,R01
K25-005,S010,,,100.0,,,,,,,OTHER_TRUE_UNKNOWN,strict_dynamic_link_certificate_failed,R02
K25-005,S010,,,100.0,,,,,,,OTHER_TRUE_UNKNOWN,strict_dynamic_link_certificate_failed,R01
K25-005,S010,,,100.0,,,,,,,OTHER_TRUE_UNKNOWN,strict_dynamic_link_certificate_failed,R02
K25-005,S010,,,100.0,,,,,,,OTHER_TRUE_UNKNOWN,strict_dynamic_link_certificate_failed,R01
K25-005,S010,,,100.0,,,,,,,OTHER_TRUE_UNKNOWN,strict_dynamic_link_certificate_failed,R02
K25-006,S012,,,100.0,,,,,,,OTHER_TRUE_UNKNOWN,strict_dynamic_link_certificate_failed,R01
K25-006,S012,,,100.0,,,,,,,OTHER_TRUE_UNKNOWN,strict_dynamic_link_certificate_failed,R02
K25-006,S012,,,100.0,,,,,,,OTHER_TRUE_UNKNOWN,strict_dynamic_link_certificate_failed,R01
K25-006,S012,,,100.0,,,,,,,OTHER_TRUE_UNKNOWN,strict_dynamic_link_certificate_failed,R02
K25-006,S012,,,100.0,,,,,,,OTHER_TRUE_UNKNOWN,strict_dynamic_link_certificate_failed,R01
K25-006,S012,,,100.0,,,,,,,OTHER_TRUE_UNKNOWN,strict_dynamic_link_certificate_failed,R02
K25-006,S012,,,100.0,,,,,,,OTHER_TRUE_UNKNOWN,strict_dynamic_link_certificate_failed,R01
K25-006,S012,,,100.0,,,,,,,OTHER_TRUE_UNKNOWN,strict_dynamic_link_certificate_failed,R02
K25-006,S012,,,100.0,,,,,,,OTHER_TRUE_UNKNOWN,strict_dynamic_link_certificate_failed,R01
K25-006,S012,,,100.0,,,,,,,OTHER_TRUE_UNKNOWN,strict_dynamic_link_certificate_failed,R02
K25-006,S012,,,100.0,,,,,,,OTHER_TRUE_UNKNOWN,strict_dynamic_link_certificate_failed,R01
K25-006,S012,,,100.0,,,,,,,OTHER_TRUE_UNKNOWN,strict_dynamic_link_certificate_failed,R02
K25-006,S012,,,100.0,,,,,,,OTHER_TRUE_UNKNOWN,strict_dynamic_link_certificate_failed,R01
K25-006,S012,,,100.0,,,,,,,OTHER_TRUE_UNKNOWN,strict_dynamic_link_certificate_failed,R02
K25-006,S012,,,100.0,,,,,,,OTHER_TRUE_UNKNOWN,strict_dynamic_link_certificate_failed,R01
K25-006,S012,,,100.0,,,,,,,OTHER_TRUE_UNKNOWN,strict_dynamic_link_certificate_failed,R02
K25-007,S013,,,100.0,,,,,,,OTHER_TRUE_UNKNOWN,strict_dynamic_link_certificate_failed,R01
K25-007,S013,,,100.0,,,,,,,OTHER_TRUE_UNKNOWN,strict_dynamic_link_certificate_failed,R02
K25-007,S013,,,100.0,,,,,,,OTHER_TRUE_UNKNOWN,strict_dynamic_link_certificate_failed,R01
K25-007,S013,,,100.0,,,,,,,OTHER_TRUE_UNKNOWN,strict_dynamic_link_certificate_failed,R02
K25-007,S013,,,100.0,,,,,,,OTHER_TRUE_UNKNOWN,strict_dynamic_link_certificate_failed,R01
K25-007,S013,,,100.0,,,,,,,OTHER_TRUE_UNKNOWN,strict_dynamic_link_certificate_failed,R02
K25-007,S013,,,100.0,,,,,,,OTHER_TRUE_UNKNOWN,strict_dynamic_link_certificate_failed,R01
K25-007,S013,,,100.0,,,,,,,OTHER_TRUE_UNKNOWN,strict_dynamic_link_certificate_failed,R02
K25-007,S013,,,100.0,,,,,,,OTHER_TRUE_UNKNOWN,strict_dynamic_link_certificate_failed,R01
K25-007,S013,,,100.0,,,,,,,OTHER_TRUE_UNKNOWN,strict_dynamic_link_certificate_failed,R02
K25-007,S013,,,100.0,,,,,,,OTHER_TRUE_UNKNOWN,strict_dynamic_link_certificate_failed,R01
K25-007,S013,,,100.0,,,,,,,OTHER_TRUE_UNKNOWN,strict_dynamic_link_certificate_failed,R02
K25-007,S013,,,100.0,,,,,,,OTHER_TRUE_UNKNOWN,strict_dynamic_link_certificate_failed,R01
K25-007,S013,,,100.0,,,,,,,OTHER_TRUE_UNKNOWN,strict_dynamic_link_certificate_failed,R02
K25-007,S013,,,100.0,,,,,,,OTHER_TRUE_UNKNOWN,strict_dynamic_link_certificate_failed,R01
K25-007,S013,,,100.0,,,,,,,OTHER_TRUE_UNKNOWN,strict_dynamic_link_certificate_failed,R02
K25-008,S014,,,200.0,,,,,,,OTHER_TRUE_UNKNOWN,strict_dynamic_link_certificate_failed,R01
K25-008,S014,,,200.0,,,,,,,OTHER_TRUE_UNKNOWN,strict_dynamic_link_certificate_failed,R02
K25-008,S014,,,200.0,,,,,,,OTHER_TRUE_UNKNOWN,strict_dynamic_link_certificate_failed,R01
K25-008,S014,,,200.0,,,,,,,OTHER_TRUE_UNKNOWN,strict_dynamic_link_certificate_failed,R02
K25-008,S014,,,200.0,,,,,,,OTHER_TRUE_UNKNOWN,strict_dynamic_link_certificate_failed,R01
K25-008,S014,,,200.0,,,,,,,OTHER_TRUE_UNKNOWN,strict_dynamic_link_certificate_failed,R02
K25-008,S014,,,200.0,,,,,,,OTHER_TRUE_UNKNOWN,strict_dynamic_link_certificate_failed,R01
K25-008,S014,,,200.0,,,,,,,OTHER_TRUE_UNKNOWN,strict_dynamic_link_certificate_failed,R02
K25-008,S014,,,200.0,,,,,,,OTHER_TRUE_UNKNOWN,strict_dynamic_link_certificate_failed,R01
K25-008,S014,,,200.0,,,,,,,OTHER_TRUE_UNKNOWN,strict_dynamic_link_certificate_failed,R02
K25-008,S014,,,200.0,,,,,,,OTHER_TRUE_UNKNOWN,strict_dynamic_link_certificate_failed,R01
K25-008,S014,,,200.0,,,,,,,OTHER_TRUE_UNKNOWN,strict_dynamic_link_certificate_failed,R02
K25-008,S014,,,200.0,,,,,,,OTHER_TRUE_UNKNOWN,strict_dynamic_link_certificate_failed,R01
K25-008,S014,,,200.0,,,,,,,OTHER_TRUE_UNKNOWN,strict_dynamic_link_certificate_failed,R02
K25-008,S014,,,200.0,,,,,,,OTHER_TRUE_UNKNOWN,strict_dynamic_link_certificate_failed,R01
K25-008,S014,,,200.0,,,,,,,OTHER_TRUE_UNKNOWN,strict_dynamic_link_certificate_failed,R02
K25-009,S003,,,100.0,,,,,,,OTHER_TRUE_UNKNOWN,strict_dynamic_link_certificate_failed,R01
K25-009,S003,,,100.0,,,,,,,OTHER_TRUE_UNKNOWN,strict_dynamic_link_certificate_failed,R02
K25-009,S003,,,100.0,,,,,,,OTHER_TRUE_UNKNOWN,strict_dynamic_link_certificate_failed,R01
K25-009,S003,,,100.0,,,,,,,OTHER_TRUE_UNKNOWN,strict_dynamic_link_certificate_failed,R02
K25-009,S003,,,100.0,,,,,,,OTHER_TRUE_UNKNOWN,strict_dynamic_link_certificate_failed,R01
K25-009,S003,,,100.0,,,,,,,OTHER_TRUE_UNKNOWN,strict_dynamic_link_certificate_failed,R02
K25-009,S003,,,100.0,,,,,,,OTHER_TRUE_UNKNOWN,strict_dynamic_link_certificate_failed,R01
K25-009,S003,,,100.0,,,,,,,OTHER_TRUE_UNKNOWN,strict_dynamic_link_certificate_failed,R02
K25-009,S003,,,100.0,,,,,,,OTHER_TRUE_UNKNOWN,strict_dynamic_link_certificate_failed,R01
K25-009,S003,,,100.0,,,,,,,OTHER_TRUE_UNKNOWN,strict_dynamic_link_certificate_failed,R02
K25-009,S003,,,100.0,,,,,,,OTHER_TRUE_UNKNOWN,strict_dynamic_link_certificate_failed,R01
K25-009,S003,,,100.0,,,,,,,OTHER_TRUE_UNKNOWN,strict_dynamic_link_certificate_failed,R02
K25-009,S003,,,100.0,,,,,,,OTHER_TRUE_UNKNOWN,strict_dynamic_link_certificate_failed,R01
K25-009,S003,,,100.0,,,,,,,OTHER_TRUE_UNKNOWN,strict_dynamic_link_certificate_failed,R02
K25-009,S003,,,100.0,,,,,,,OTHER_TRUE_UNKNOWN,strict_dynamic_link_certificate_failed,R01
K25-009,S003,,,100.0,,,,,,,OTHER_TRUE_UNKNOWN,strict_dynamic_link_certificate_failed,R02
K25-011,S008,,,100.0,,,,,,,OTHER_TRUE_UNKNOWN,strict_dynamic_link_certificate_failed,R01
K25-011,S008,,,100.0,,,,,,,OTHER_TRUE_UNKNOWN,strict_dynamic_link_certificate_failed,R02
K25-011,S008,,,100.0,,,,,,,OTHER_TRUE_UNKNOWN,strict_dynamic_link_certificate_failed,R01
K25-011,S008,,,100.0,,,,,,,OTHER_TRUE_UNKNOWN,strict_dynamic_link_certificate_failed,R02
K25-011,S008,,,100.0,,,,,,,OTHER_TRUE_UNKNOWN,strict_dynamic_link_certificate_failed,R01
K25-011,S008,,,100.0,,,,,,,OTHER_TRUE_UNKNOWN,strict_dynamic_link_certificate_failed,R02
K25-011,S008,,,100.0,,,,,,,OTHER_TRUE_UNKNOWN,strict_dynamic_link_certificate_failed,R01
K25-011,S008,,,100.0,,,,,,,OTHER_TRUE_UNKNOWN,strict_dynamic_link_certificate_failed,R02
K25-011,S008,,,100.0,,,,,,,OTHER_TRUE_UNKNOWN,strict_dynamic_link_certificate_failed,R01
K25-011,S008,,,100.0,,,,,,,OTHER_TRUE_UNKNOWN,strict_dynamic_link_certificate_failed,R02
K25-011,S008,,,100.0,,,,,,,OTHER_TRUE_UNKNOWN,strict_dynamic_link_certificate_failed,R01
K25-011,S008,,,100.0,,,,,,,OTHER_TRUE_UNKNOWN,strict_dynamic_link_certificate_failed,R02
K25-011,S008,,,100.0,,,,,,,OTHER_TRUE_UNKNOWN,strict_dynamic_link_certificate_failed,R01
K25-011,S008,,,100.0,,,,,,,OTHER_TRUE_UNKNOWN,strict_dynamic_link_certificate_failed,R02
K25-011,S008,,,100.0,,,,,,,OTHER_TRUE_UNKNOWN,strict_dynamic_link_certificate_failed,R01
K25-011,S008,,,100.0,,,,,,,OTHER_TRUE_UNKNOWN,strict_dynamic_link_certificate_failed,R02
K25-012,S015,,,100.0,,,,,,,OTHER_TRUE_UNKNOWN,strict_dynamic_link_certificate_failed,R01
K25-012,S015,,,100.0,,,,,,,OTHER_TRUE_UNKNOWN,strict_dynamic_link_certificate_failed,R02
K25-012,S015,,,100.0,,,,,,,OTHER_TRUE_UNKNOWN,strict_dynamic_link_certificate_failed,R01
K25-012,S015,,,100.0,,,,,,,OTHER_TRUE_UNKNOWN,strict_dynamic_link_certificate_failed,R02
K25-012,S015,,,100.0,,,,,,,OTHER_TRUE_UNKNOWN,strict_dynamic_link_certificate_failed,R01
K25-012,S015,,,100.0,,,,,,,OTHER_TRUE_UNKNOWN,strict_dynamic_link_certificate_failed,R02
K25-012,S015,,,100.0,,,,,,,OTHER_TRUE_UNKNOWN,strict_dynamic_link_certificate_failed,R01
K25-012,S015,,,100.0,,,,,,,OTHER_TRUE_UNKNOWN,strict_dynamic_link_certificate_failed,R02
K25-012,S015,,,100.0,,,,,,,OTHER_TRUE_UNKNOWN,strict_dynamic_link_certificate_failed,R01
K25-012,S015,,,100.0,,,,,,,OTHER_TRUE_UNKNOWN,strict_dynamic_link_certificate_failed,R02
K25-012,S015,,,100.0,,,,,,,OTHER_TRUE_UNKNOWN,strict_dynamic_link_certificate_failed,R01
K25-012,S015,,,100.0,,,,,,,OTHER_TRUE_UNKNOWN,strict_dynamic_link_certificate_failed,R02
K25-012,S015,,,100.0,,,,,,,OTHER_TRUE_UNKNOWN,strict_dynamic_link_certificate_failed,R01
K25-012,S015,,,100.0,,,,,,,OTHER_TRUE_UNKNOWN,strict_dynamic_link_certificate_failed,R02
K25-012,S015,,,100.0,,,,,,,OTHER_TRUE_UNKNOWN,strict_dynamic_link_certificate_failed,R01
K25-012,S015,,,100.0,,,,,,,OTHER_TRUE_UNKNOWN,strict_dynamic_link_certificate_failed,R02
K25-013,S005,,,100.0,,,,,,,OTHER_TRUE_UNKNOWN,strict_dynamic_link_certificate_failed,R01
K25-013,S005,,,100.0,,,,,,,OTHER_TRUE_UNKNOWN,strict_dynamic_link_certificate_failed,R02
K25-013,S005,,,100.0,,,,,,,OTHER_TRUE_UNKNOWN,strict_dynamic_link_certificate_failed,R01
K25-013,S005,,,100.0,,,,,,,OTHER_TRUE_UNKNOWN,strict_dynamic_link_certificate_failed,R02
K25-013,S005,,,100.0,,,,,,,OTHER_TRUE_UNKNOWN,strict_dynamic_link_certificate_failed,R01
K25-013,S005,,,100.0,,,,,,,OTHER_TRUE_UNKNOWN,strict_dynamic_link_certificate_failed,R02
K25-013,S005,,,100.0,,,,,,,OTHER_TRUE_UNKNOWN,strict_dynamic_link_certificate_failed,R01
K25-013,S005,,,100.0,,,,,,,OTHER_TRUE_UNKNOWN,strict_dynamic_link_certificate_failed,R02
K25-013,S005,,,100.0,,,,,,,OTHER_TRUE_UNKNOWN,strict_dynamic_link_certificate_failed,R01
K25-013,S005,,,100.0,,,,,,,OTHER_TRUE_UNKNOWN,strict_dynamic_link_certificate_failed,R02
K25-013,S005,,,100.0,,,,,,,OTHER_TRUE_UNKNOWN,strict_dynamic_link_certificate_failed,R01
K25-013,S005,,,100.0,,,,,,,OTHER_TRUE_UNKNOWN,strict_dynamic_link_certificate_failed,R02
K25-013,S005,,,100.0,,,,,,,OTHER_TRUE_UNKNOWN,strict_dynamic_link_certificate_failed,R01
K25-013,S005,,,100.0,,,,,,,OTHER_TRUE_UNKNOWN,strict_dynamic_link_certificate_failed,R02
K25-013,S005,,,100.0,,,,,,,OTHER_TRUE_UNKNOWN,strict_dynamic_link_certificate_failed,R01
K25-013,S005,,,100.0,,,,,,,OTHER_TRUE_UNKNOWN,strict_dynamic_link_certificate_failed,R02
K25-014,S009,,,100.0,,,,,,,OTHER_TRUE_UNKNOWN,strict_dynamic_link_certificate_failed,R01
K25-014,S009,,,100.0,,,,,,,OTHER_TRUE_UNKNOWN,strict_dynamic_link_certificate_failed,R02
K25-014,S009,,,100.0,,,,,,,OTHER_TRUE_UNKNOWN,strict_dynamic_link_certificate_failed,R01
K25-014,S009,,,100.0,,,,,,,OTHER_TRUE_UNKNOWN,strict_dynamic_link_certificate_failed,R02
K25-014,S009,,,100.0,,,,,,,OTHER_TRUE_UNKNOWN,strict_dynamic_link_certificate_failed,R01
K25-014,S009,,,100.0,,,,,,,OTHER_TRUE_UNKNOWN,strict_dynamic_link_certificate_failed,R02
K25-014,S009,,,100.0,,,,,,,OTHER_TRUE_UNKNOWN,strict_dynamic_link_certificate_failed,R01
K25-014,S009,,,100.0,,,,,,,OTHER_TRUE_UNKNOWN,strict_dynamic_link_certificate_failed,R02
K25-014,S009,,,100.0,,,,,,,OTHER_TRUE_UNKNOWN,strict_dynamic_link_certificate_failed,R01
K25-014,S009,,,100.0,,,,,,,OTHER_TRUE_UNKNOWN,strict_dynamic_link_certificate_failed,R02
K25-014,S009,,,100.0,,,,,,,OTHER_TRUE_UNKNOWN,strict_dynamic_link_certificate_failed,R01
K25-014,S009,,,100.0,,,,,,,OTHER_TRUE_UNKNOWN,strict_dynamic_link_certificate_failed,R02
K25-014,S009,,,100.0,,,,,,,OTHER_TRUE_UNKNOWN,strict_dynamic_link_certificate_failed,R01
K25-014,S009,,,100.0,,,,,,,OTHER_TRUE_UNKNOWN,strict_dynamic_link_certificate_failed,R02
K25-014,S009,,,100.0,,,,,,,OTHER_TRUE_UNKNOWN,strict_dynamic_link_certificate_failed,R01
K25-014,S009,,,100.0,,,,,,,OTHER_TRUE_UNKNOWN,strict_dynamic_link_certificate_failed,R02
K25-019,S002,,,100.0,,,,,,,OTHER_TRUE_UNKNOWN,strict_dynamic_link_certificate_failed,R01
K25-019,S002,,,100.0,,,,,,,OTHER_TRUE_UNKNOWN,strict_dynamic_link_certificate_failed,R02
K25-019,S002,,,100.0,,,,,,,OTHER_TRUE_UNKNOWN,strict_dynamic_link_certificate_failed,R01
K25-019,S002,,,100.0,,,,,,,OTHER_TRUE_UNKNOWN,strict_dynamic_link_certificate_failed,R02
K25-019,S002,,,100.0,,,,,,,OTHER_TRUE_UNKNOWN,strict_dynamic_link_certificate_failed,R01
K25-019,S002,,,100.0,,,,,,,OTHER_TRUE_UNKNOWN,strict_dynamic_link_certificate_failed,R02
K25-019,S002,,,100.0,,,,,,,OTHER_TRUE_UNKNOWN,strict_dynamic_link_certificate_failed,R01
K25-019,S002,,,100.0,,,,,,,OTHER_TRUE_UNKNOWN,strict_dynamic_link_certificate_failed,R02
K25-019,S002,,,100.0,,,,,,,OTHER_TRUE_UNKNOWN,strict_dynamic_link_certificate_failed,R01
K25-019,S002,,,100.0,,,,,,,OTHER_TRUE_UNKNOWN,strict_dynamic_link_certificate_failed,R02
K25-019,S002,,,100.0,,,,,,,OTHER_TRUE_UNKNOWN,strict_dynamic_link_certificate_failed,R01
K25-019,S002,,,100.0,,,,,,,OTHER_TRUE_UNKNOWN,strict_dynamic_link_certificate_failed,R02
K25-019,S002,,,100.0,,,,,,,OTHER_TRUE_UNKNOWN,strict_dynamic_link_certificate_failed,R01
K25-019,S002,,,100.0,,,,,,,OTHER_TRUE_UNKNOWN,strict_dynamic_link_certificate_failed,R02
K25-019,S002,,,100.0,,,,,,,OTHER_TRUE_UNKNOWN,strict_dynamic_link_certificate_failed,R01
K25-019,S002,,,100.0,,,,,,,OTHER_TRUE_UNKNOWN,strict_dynamic_link_certificate_failed,R02
K25-020,S002,,,100.0,,,,,,,OTHER_TRUE_UNKNOWN,strict_dynamic_link_certificate_failed,R01
K25-020,S002,,,100.0,,,,,,,OTHER_TRUE_UNKNOWN,strict_dynamic_link_certificate_failed,R02
K25-020,S002,,,100.0,,,,,,,OTHER_TRUE_UNKNOWN,strict_dynamic_link_certificate_failed,R01
K25-020,S002,,,100.0,,,,,,,OTHER_TRUE_UNKNOWN,strict_dynamic_link_certificate_failed,R02
K25-020,S002,,,100.0,,,,,,,OTHER_TRUE_UNKNOWN,strict_dynamic_link_certificate_failed,R01
K25-020,S002,,,100.0,,,,,,,OTHER_TRUE_UNKNOWN,strict_dynamic_link_certificate_failed,R02
K25-020,S002,,,100.0,,,,,,,OTHER_TRUE_UNKNOWN,strict_dynamic_link_certificate_failed,R01
K25-020,S002,,,100.0,,,,,,,OTHER_TRUE_UNKNOWN,strict_dynamic_link_certificate_failed,R02
K25-020,S002,,,100.0,,,,,,,OTHER_TRUE_UNKNOWN,strict_dynamic_link_certificate_failed,R01
K25-020,S002,,,100.0,,,,,,,OTHER_TRUE_UNKNOWN,strict_dynamic_link_certificate_failed,R02
K25-020,S002,,,100.0,,,,,,,OTHER_TRUE_UNKNOWN,strict_dynamic_link_certificate_failed,R01
K25-020,S002,,,100.0,,,,,,,OTHER_TRUE_UNKNOWN,strict_dynamic_link_certificate_failed,R02
K25-020,S002,,,100.0,,,,,,,OTHER_TRUE_UNKNOWN,strict_dynamic_link_certificate_failed,R01
K25-020,S002,,,100.0,,,,,,,OTHER_TRUE_UNKNOWN,strict_dynamic_link_certificate_failed,R02
K25-020,S002,,,100.0,,,,,,,OTHER_TRUE_UNKNOWN,strict_dynamic_link_certificate_failed,R01
K25-020,S002,,,100.0,,,,,,,OTHER_TRUE_UNKNOWN,strict_dynamic_link_certificate_failed,R02
K25-021,S003,,,100.0,,,,,,,OTHER_TRUE_UNKNOWN,strict_dynamic_link_certificate_failed,R01
K25-021,S003,,,100.0,,,,,,,OTHER_TRUE_UNKNOWN,strict_dynamic_link_certificate_failed,R02
K25-021,S003,,,100.0,,,,,,,OTHER_TRUE_UNKNOWN,strict_dynamic_link_certificate_failed,R01
K25-021,S003,,,100.0,,,,,,,OTHER_TRUE_UNKNOWN,strict_dynamic_link_certificate_failed,R02
K25-021,S003,,,100.0,,,,,,,OTHER_TRUE_UNKNOWN,strict_dynamic_link_certificate_failed,R01
K25-021,S003,,,100.0,,,,,,,OTHER_TRUE_UNKNOWN,strict_dynamic_link_certificate_failed,R02
K25-021,S003,,,100.0,,,,,,,OTHER_TRUE_UNKNOWN,strict_dynamic_link_certificate_failed,R01
K25-021,S003,,,100.0,,,,,,,OTHER_TRUE_UNKNOWN,strict_dynamic_link_certificate_failed,R02
K25-021,S003,,,100.0,,,,,,,OTHER_TRUE_UNKNOWN,strict_dynamic_link_certificate_failed,R01
K25-021,S003,,,100.0,,,,,,,OTHER_TRUE_UNKNOWN,strict_dynamic_link_certificate_failed,R02
K25-021,S003,,,100.0,,,,,,,OTHER_TRUE_UNKNOWN,strict_dynamic_link_certificate_failed,R01
K25-021,S003,,,100.0,,,,,,,OTHER_TRUE_UNKNOWN,strict_dynamic_link_certificate_failed,R02
K25-021,S003,,,100.0,,,,,,,OTHER_TRUE_UNKNOWN,strict_dynamic_link_certificate_failed,R01
K25-021,S003,,,100.0,,,,,,,OTHER_TRUE_UNKNOWN,strict_dynamic_link_certificate_failed,R02
K25-021,S003,,,100.0,,,,,,,OTHER_TRUE_UNKNOWN,strict_dynamic_link_certificate_failed,R01
K25-021,S003,,,100.0,,,,,,,OTHER_TRUE_UNKNOWN,strict_dynamic_link_certificate_failed,R02
K25-022,S003,,,100.0,,,,,,,OTHER_TRUE_UNKNOWN,strict_dynamic_link_certificate_failed,R01
K25-022,S003,,,100.0,,,,,,,OTHER_TRUE_UNKNOWN,strict_dynamic_link_certificate_failed,R02
K25-022,S003,,,100.0,,,,,,,OTHER_TRUE_UNKNOWN,strict_dynamic_link_certificate_failed,R01
K25-022,S003,,,100.0,,,,,,,OTHER_TRUE_UNKNOWN,strict_dynamic_link_certificate_failed,R02
K25-022,S003,,,100.0,,,,,,,OTHER_TRUE_UNKNOWN,strict_dynamic_link_certificate_failed,R01
K25-022,S003,,,100.0,,,,,,,OTHER_TRUE_UNKNOWN,strict_dynamic_link_certificate_failed,R02
K25-022,S003,,,100.0,,,,,,,OTHER_TRUE_UNKNOWN,strict_dynamic_link_certificate_failed,R01
K25-022,S003,,,100.0,,,,,,,OTHER_TRUE_UNKNOWN,strict_dynamic_link_certificate_failed,R02
K25-022,S003,,,100.0,,,,,,,OTHER_TRUE_UNKNOWN,strict_dynamic_link_certificate_failed,R01
K25-022,S003,,,100.0,,,,,,,OTHER_TRUE_UNKNOWN,strict_dynamic_link_certificate_failed,R02
K25-022,S003,,,100.0,,,,,,,OTHER_TRUE_UNKNOWN,strict_dynamic_link_certificate_failed,R01
K25-022,S003,,,100.0,,,,,,,OTHER_TRUE_UNKNOWN,strict_dynamic_link_certificate_failed,R02
K25-022,S003,,,100.0,,,,,,,OTHER_TRUE_UNKNOWN,strict_dynamic_link_certificate_failed,R01
K25-022,S003,,,100.0,,,,,,,OTHER_TRUE_UNKNOWN,strict_dynamic_link_certificate_failed,R02
K25-022,S003,,,100.0,,,,,,,OTHER_TRUE_UNKNOWN,strict_dynamic_link_certificate_failed,R01
K25-022,S003,,,100.0,,,,,,,OTHER_TRUE_UNKNOWN,strict_dynamic_link_certificate_failed,R02
K25-024,S005,,,100.0,,,,,,,OTHER_TRUE_UNKNOWN,strict_dynamic_link_certificate_failed,R01
K25-024,S005,,,100.0,,,,,,,OTHER_TRUE_UNKNOWN,strict_dynamic_link_certificate_failed,R02
K25-024,S005,,,100.0,,,,,,,OTHER_TRUE_UNKNOWN,strict_dynamic_link_certificate_failed,R01
K25-024,S005,,,100.0,,,,,,,OTHER_TRUE_UNKNOWN,strict_dynamic_link_certificate_failed,R02
K25-024,S005,,,100.0,,,,,,,OTHER_TRUE_UNKNOWN,strict_dynamic_link_certificate_failed,R01
K25-024,S005,,,100.0,,,,,,,OTHER_TRUE_UNKNOWN,strict_dynamic_link_certificate_failed,R02
K25-024,S005,,,100.0,,,,,,,OTHER_TRUE_UNKNOWN,strict_dynamic_link_certificate_failed,R01
K25-024,S005,,,100.0,,,,,,,OTHER_TRUE_UNKNOWN,strict_dynamic_link_certificate_failed,R02
K25-024,S005,,,100.0,,,,,,,OTHER_TRUE_UNKNOWN,strict_dynamic_link_certificate_failed,R01
K25-024,S005,,,100.0,,,,,,,OTHER_TRUE_UNKNOWN,strict_dynamic_link_certificate_failed,R02
K25-024,S005,,,100.0,,,,,,,OTHER_TRUE_UNKNOWN,strict_dynamic_link_certificate_failed,R01
K25-024,S005,,,100.0,,,,,,,OTHER_TRUE_UNKNOWN,strict_dynamic_link_certificate_failed,R02
K25-024,S005,,,100.0,,,,,,,OTHER_TRUE_UNKNOWN,strict_dynamic_link_certificate_failed,R01
K25-024,S005,,,100.0,,,,,,,OTHER_TRUE_UNKNOWN,strict_dynamic_link_certificate_failed,R02
K25-024,S005,,,100.0,,,,,,,OTHER_TRUE_UNKNOWN,strict_dynamic_link_certificate_failed,R01
K25-024,S005,,,100.0,,,,,,,OTHER_TRUE_UNKNOWN,strict_dynamic_link_certificate_failed,R02
K26-002,S002,,,100.0,,,,,,,OTHER_TRUE_UNKNOWN,strict_dynamic_link_certificate_failed,R01
K26-002,S002,,,100.0,,,,,,,OTHER_TRUE_UNKNOWN,strict_dynamic_link_certificate_failed,R02
K26-002,S002,,,100.0,,,,,,,OTHER_TRUE_UNKNOWN,strict_dynamic_link_certificate_failed,R01
K26-002,S002,,,100.0,,,,,,,OTHER_TRUE_UNKNOWN,strict_dynamic_link_certificate_failed,R02
K26-002,S002,,,100.0,,,,,,,OTHER_TRUE_UNKNOWN,strict_dynamic_link_certificate_failed,R01
K26-002,S002,,,100.0,,,,,,,OTHER_TRUE_UNKNOWN,strict_dynamic_link_certificate_failed,R02
K26-002,S002,,,100.0,,,,,,,OTHER_TRUE_UNKNOWN,strict_dynamic_link_certificate_failed,R01
K26-002,S002,,,100.0,,,,,,,OTHER_TRUE_UNKNOWN,strict_dynamic_link_certificate_failed,R02
K26-002,S002,,,100.0,,,,,,,OTHER_TRUE_UNKNOWN,strict_dynamic_link_certificate_failed,R01
K26-002,S002,,,100.0,,,,,,,OTHER_TRUE_UNKNOWN,strict_dynamic_link_certificate_failed,R02
K26-002,S002,,,100.0,,,,,,,OTHER_TRUE_UNKNOWN,strict_dynamic_link_certificate_failed,R01
K26-002,S002,,,100.0,,,,,,,OTHER_TRUE_UNKNOWN,strict_dynamic_link_certificate_failed,R02
K26-002,S002,,,100.0,,,,,,,OTHER_TRUE_UNKNOWN,strict_dynamic_link_certificate_failed,R01
K26-002,S002,,,100.0,,,,,,,OTHER_TRUE_UNKNOWN,strict_dynamic_link_certificate_failed,R02
K26-002,S002,,,100.0,,,,,,,OTHER_TRUE_UNKNOWN,strict_dynamic_link_certificate_failed,R01
K26-002,S002,,,100.0,,,,,,,OTHER_TRUE_UNKNOWN,strict_dynamic_link_certificate_failed,R02
K26-004,S007,,,100.0,,,,,,,OTHER_TRUE_UNKNOWN,strict_dynamic_link_certificate_failed,R01
K26-004,S007,,,100.0,,,,,,,OTHER_TRUE_UNKNOWN,strict_dynamic_link_certificate_failed,R02
K26-004,S007,,,100.0,,,,,,,OTHER_TRUE_UNKNOWN,strict_dynamic_link_certificate_failed,R01
K26-004,S007,,,100.0,,,,,,,OTHER_TRUE_UNKNOWN,strict_dynamic_link_certificate_failed,R02
K26-004,S007,,,100.0,,,,,,,OTHER_TRUE_UNKNOWN,strict_dynamic_link_certificate_failed,R01
K26-004,S007,,,100.0,,,,,,,OTHER_TRUE_UNKNOWN,strict_dynamic_link_certificate_failed,R02
K26-004,S007,,,100.0,,,,,,,OTHER_TRUE_UNKNOWN,strict_dynamic_link_certificate_failed,R01
K26-004,S007,,,100.0,,,,,,,OTHER_TRUE_UNKNOWN,strict_dynamic_link_certificate_failed,R02
K26-004,S007,,,100.0,,,,,,,OTHER_TRUE_UNKNOWN,strict_dynamic_link_certificate_failed,R01
K26-004,S007,,,100.0,,,,,,,OTHER_TRUE_UNKNOWN,strict_dynamic_link_certificate_failed,R02
K26-004,S007,,,100.0,,,,,,,OTHER_TRUE_UNKNOWN,strict_dynamic_link_certificate_failed,R01
K26-004,S007,,,100.0,,,,,,,OTHER_TRUE_UNKNOWN,strict_dynamic_link_certificate_failed,R02
K26-004,S007,,,100.0,,,,,,,OTHER_TRUE_UNKNOWN,strict_dynamic_link_certificate_failed,R01
K26-004,S007,,,100.0,,,,,,,OTHER_TRUE_UNKNOWN,strict_dynamic_link_certificate_failed,R02
K26-004,S007,,,100.0,,,,,,,OTHER_TRUE_UNKNOWN,strict_dynamic_link_certificate_failed,R01
K26-004,S007,,,100.0,,,,,,,OTHER_TRUE_UNKNOWN,strict_dynamic_link_certificate_failed,R02
K26-005,S010,,,100.0,,,,,,,OTHER_TRUE_UNKNOWN,strict_dynamic_link_certificate_failed,R01
K26-005,S010,,,100.0,,,,,,,OTHER_TRUE_UNKNOWN,strict_dynamic_link_certificate_failed,R02
K26-005,S010,,,100.0,,,,,,,OTHER_TRUE_UNKNOWN,strict_dynamic_link_certificate_failed,R01
K26-005,S010,,,100.0,,,,,,,OTHER_TRUE_UNKNOWN,strict_dynamic_link_certificate_failed,R02
K26-005,S010,,,100.0,,,,,,,OTHER_TRUE_UNKNOWN,strict_dynamic_link_certificate_failed,R01
K26-005,S010,,,100.0,,,,,,,OTHER_TRUE_UNKNOWN,strict_dynamic_link_certificate_failed,R02
K26-005,S010,,,100.0,,,,,,,OTHER_TRUE_UNKNOWN,strict_dynamic_link_certificate_failed,R01
K26-005,S010,,,100.0,,,,,,,OTHER_TRUE_UNKNOWN,strict_dynamic_link_certificate_failed,R02
K26-005,S010,,,100.0,,,,,,,OTHER_TRUE_UNKNOWN,strict_dynamic_link_certificate_failed,R01
K26-005,S010,,,100.0,,,,,,,OTHER_TRUE_UNKNOWN,strict_dynamic_link_certificate_failed,R02
K26-005,S010,,,100.0,,,,,,,OTHER_TRUE_UNKNOWN,strict_dynamic_link_certificate_failed,R01
K26-005,S010,,,100.0,,,,,,,OTHER_TRUE_UNKNOWN,strict_dynamic_link_certificate_failed,R02
K26-005,S010,,,100.0,,,,,,,OTHER_TRUE_UNKNOWN,strict_dynamic_link_certificate_failed,R01
K26-005,S010,,,100.0,,,,,,,OTHER_TRUE_UNKNOWN,strict_dynamic_link_certificate_failed,R02
K26-005,S010,,,100.0,,,,,,,OTHER_TRUE_UNKNOWN,strict_dynamic_link_certificate_failed,R01
K26-005,S010,,,100.0,,,,,,,OTHER_TRUE_UNKNOWN,strict_dynamic_link_certificate_failed,R02
K26-006,S012,,,100.0,,,,,,,OTHER_TRUE_UNKNOWN,strict_dynamic_link_certificate_failed,R01
K26-006,S012,,,100.0,,,,,,,OTHER_TRUE_UNKNOWN,strict_dynamic_link_certificate_failed,R02
K26-006,S012,,,100.0,,,,,,,OTHER_TRUE_UNKNOWN,strict_dynamic_link_certificate_failed,R01
K26-006,S012,,,100.0,,,,,,,OTHER_TRUE_UNKNOWN,strict_dynamic_link_certificate_failed,R02
K26-006,S012,,,100.0,,,,,,,OTHER_TRUE_UNKNOWN,strict_dynamic_link_certificate_failed,R01
K26-006,S012,,,100.0,,,,,,,OTHER_TRUE_UNKNOWN,strict_dynamic_link_certificate_failed,R02
K26-006,S012,,,100.0,,,,,,,OTHER_TRUE_UNKNOWN,strict_dynamic_link_certificate_failed,R01
K26-006,S012,,,100.0,,,,,,,OTHER_TRUE_UNKNOWN,strict_dynamic_link_certificate_failed,R02
K26-006,S012,,,100.0,,,,,,,OTHER_TRUE_UNKNOWN,strict_dynamic_link_certificate_failed,R01
K26-006,S012,,,100.0,,,,,,,OTHER_TRUE_UNKNOWN,strict_dynamic_link_certificate_failed,R02
K26-006,S012,,,100.0,,,,,,,OTHER_TRUE_UNKNOWN,strict_dynamic_link_certificate_failed,R01
K26-006,S012,,,100.0,,,,,,,OTHER_TRUE_UNKNOWN,strict_dynamic_link_certificate_failed,R02
K26-006,S012,,,100.0,,,,,,,OTHER_TRUE_UNKNOWN,strict_dynamic_link_certificate_failed,R01
K26-006,S012,,,100.0,,,,,,,OTHER_TRUE_UNKNOWN,strict_dynamic_link_certificate_failed,R02
K26-006,S012,,,100.0,,,,,,,OTHER_TRUE_UNKNOWN,strict_dynamic_link_certificate_failed,R01
K26-006,S012,,,100.0,,,,,,,OTHER_TRUE_UNKNOWN,strict_dynamic_link_certificate_failed,R02
K26-007,S013,,,100.0,,,,,,,OTHER_TRUE_UNKNOWN,strict_dynamic_link_certificate_failed,R01
K26-007,S013,,,100.0,,,,,,,OTHER_TRUE_UNKNOWN,strict_dynamic_link_certificate_failed,R02
K26-007,S013,,,100.0,,,,,,,OTHER_TRUE_UNKNOWN,strict_dynamic_link_certificate_failed,R01
K26-007,S013,,,100.0,,,,,,,OTHER_TRUE_UNKNOWN,strict_dynamic_link_certificate_failed,R02
K26-007,S013,,,100.0,,,,,,,OTHER_TRUE_UNKNOWN,strict_dynamic_link_certificate_failed,R01
K26-007,S013,,,100.0,,,,,,,OTHER_TRUE_UNKNOWN,strict_dynamic_link_certificate_failed,R02
K26-007,S013,,,100.0,,,,,,,OTHER_TRUE_UNKNOWN,strict_dynamic_link_certificate_failed,R01
K26-007,S013,,,100.0,,,,,,,OTHER_TRUE_UNKNOWN,strict_dynamic_link_certificate_failed,R02
K26-007,S013,,,100.0,,,,,,,OTHER_TRUE_UNKNOWN,strict_dynamic_link_certificate_failed,R01
K26-007,S013,,,100.0,,,,,,,OTHER_TRUE_UNKNOWN,strict_dynamic_link_certificate_failed,R02
K26-007,S013,,,100.0,,,,,,,OTHER_TRUE_UNKNOWN,strict_dynamic_link_certificate_failed,R01
K26-007,S013,,,100.0,,,,,,,OTHER_TRUE_UNKNOWN,strict_dynamic_link_certificate_failed,R02
K26-007,S013,,,100.0,,,,,,,OTHER_TRUE_UNKNOWN,strict_dynamic_link_certificate_failed,R01
K26-007,S013,,,100.0,,,,,,,OTHER_TRUE_UNKNOWN,strict_dynamic_link_certificate_failed,R02
K26-007,S013,,,100.0,,,,,,,OTHER_TRUE_UNKNOWN,strict_dynamic_link_certificate_failed,R01
K26-007,S013,,,100.0,,,,,,,OTHER_TRUE_UNKNOWN,strict_dynamic_link_certificate_failed,R02
K26-008,S014,,,200.0,,,,,,,OTHER_TRUE_UNKNOWN,strict_dynamic_link_certificate_failed,R01
K26-008,S014,,,200.0,,,,,,,OTHER_TRUE_UNKNOWN,strict_dynamic_link_certificate_failed,R02
K26-008,S014,,,200.0,,,,,,,OTHER_TRUE_UNKNOWN,strict_dynamic_link_certificate_failed,R01
K26-008,S014,,,200.0,,,,,,,OTHER_TRUE_UNKNOWN,strict_dynamic_link_certificate_failed,R02
K26-008,S014,,,200.0,,,,,,,OTHER_TRUE_UNKNOWN,strict_dynamic_link_certificate_failed,R01
K26-008,S014,,,200.0,,,,,,,OTHER_TRUE_UNKNOWN,strict_dynamic_link_certificate_failed,R02
K26-008,S014,,,200.0,,,,,,,OTHER_TRUE_UNKNOWN,strict_dynamic_link_certificate_failed,R01
K26-008,S014,,,200.0,,,,,,,OTHER_TRUE_UNKNOWN,strict_dynamic_link_certificate_failed,R02
K26-008,S014,,,200.0,,,,,,,OTHER_TRUE_UNKNOWN,strict_dynamic_link_certificate_failed,R01
K26-008,S014,,,200.0,,,,,,,OTHER_TRUE_UNKNOWN,strict_dynamic_link_certificate_failed,R02
K26-008,S014,,,200.0,,,,,,,OTHER_TRUE_UNKNOWN,strict_dynamic_link_certificate_failed,R01
K26-008,S014,,,200.0,,,,,,,OTHER_TRUE_UNKNOWN,strict_dynamic_link_certificate_failed,R02
K26-008,S014,,,200.0,,,,,,,OTHER_TRUE_UNKNOWN,strict_dynamic_link_certificate_failed,R01
K26-008,S014,,,200.0,,,,,,,OTHER_TRUE_UNKNOWN,strict_dynamic_link_certificate_failed,R02
K26-008,S014,,,200.0,,,,,,,OTHER_TRUE_UNKNOWN,strict_dynamic_link_certificate_failed,R01
K26-008,S014,,,200.0,,,,,,,OTHER_TRUE_UNKNOWN,strict_dynamic_link_certificate_failed,R02
K26-009,S003,,,100.0,,,,,,,OTHER_TRUE_UNKNOWN,strict_dynamic_link_certificate_failed,R01
K26-009,S003,,,100.0,,,,,,,OTHER_TRUE_UNKNOWN,strict_dynamic_link_certificate_failed,R02
K26-009,S003,,,100.0,,,,,,,OTHER_TRUE_UNKNOWN,strict_dynamic_link_certificate_failed,R01
K26-009,S003,,,100.0,,,,,,,OTHER_TRUE_UNKNOWN,strict_dynamic_link_certificate_failed,R02
K26-009,S003,,,100.0,,,,,,,OTHER_TRUE_UNKNOWN,strict_dynamic_link_certificate_failed,R01
K26-009,S003,,,100.0,,,,,,,OTHER_TRUE_UNKNOWN,strict_dynamic_link_certificate_failed,R02
K26-009,S003,,,100.0,,,,,,,OTHER_TRUE_UNKNOWN,strict_dynamic_link_certificate_failed,R01
K26-009,S003,,,100.0,,,,,,,OTHER_TRUE_UNKNOWN,strict_dynamic_link_certificate_failed,R02
K26-009,S003,,,100.0,,,,,,,OTHER_TRUE_UNKNOWN,strict_dynamic_link_certificate_failed,R01
K26-009,S003,,,100.0,,,,,,,OTHER_TRUE_UNKNOWN,strict_dynamic_link_certificate_failed,R02
K26-009,S003,,,100.0,,,,,,,OTHER_TRUE_UNKNOWN,strict_dynamic_link_certificate_failed,R01
K26-009,S003,,,100.0,,,,,,,OTHER_TRUE_UNKNOWN,strict_dynamic_link_certificate_failed,R02
K26-009,S003,,,100.0,,,,,,,OTHER_TRUE_UNKNOWN,strict_dynamic_link_certificate_failed,R01
K26-009,S003,,,100.0,,,,,,,OTHER_TRUE_UNKNOWN,strict_dynamic_link_certificate_failed,R02
K26-009,S003,,,100.0,,,,,,,OTHER_TRUE_UNKNOWN,strict_dynamic_link_certificate_failed,R01
K26-009,S003,,,100.0,,,,,,,OTHER_TRUE_UNKNOWN,strict_dynamic_link_certificate_failed,R02
K26-011,S008,,,100.0,,,,,,,OTHER_TRUE_UNKNOWN,strict_dynamic_link_certificate_failed,R01
K26-011,S008,,,100.0,,,,,,,OTHER_TRUE_UNKNOWN,strict_dynamic_link_certificate_failed,R02
K26-011,S008,,,100.0,,,,,,,OTHER_TRUE_UNKNOWN,strict_dynamic_link_certificate_failed,R01
K26-011,S008,,,100.0,,,,,,,OTHER_TRUE_UNKNOWN,strict_dynamic_link_certificate_failed,R02
K26-011,S008,,,100.0,,,,,,,OTHER_TRUE_UNKNOWN,strict_dynamic_link_certificate_failed,R01
K26-011,S008,,,100.0,,,,,,,OTHER_TRUE_UNKNOWN,strict_dynamic_link_certificate_failed,R02
K26-011,S008,,,100.0,,,,,,,OTHER_TRUE_UNKNOWN,strict_dynamic_link_certificate_failed,R01
K26-011,S008,,,100.0,,,,,,,OTHER_TRUE_UNKNOWN,strict_dynamic_link_certificate_failed,R02
K26-011,S008,,,100.0,,,,,,,OTHER_TRUE_UNKNOWN,strict_dynamic_link_certificate_failed,R01
K26-011,S008,,,100.0,,,,,,,OTHER_TRUE_UNKNOWN,strict_dynamic_link_certificate_failed,R02
K26-011,S008,,,100.0,,,,,,,OTHER_TRUE_UNKNOWN,strict_dynamic_link_certificate_failed,R01
K26-011,S008,,,100.0,,,,,,,OTHER_TRUE_UNKNOWN,strict_dynamic_link_certificate_failed,R02
K26-011,S008,,,100.0,,,,,,,OTHER_TRUE_UNKNOWN,strict_dynamic_link_certificate_failed,R01
K26-011,S008,,,100.0,,,,,,,OTHER_TRUE_UNKNOWN,strict_dynamic_link_certificate_failed,R02
K26-011,S008,,,100.0,,,,,,,OTHER_TRUE_UNKNOWN,strict_dynamic_link_certificate_failed,R01
K26-011,S008,,,100.0,,,,,,,OTHER_TRUE_UNKNOWN,strict_dynamic_link_certificate_failed,R02
K26-012,S015,,,100.0,,,,,,,OTHER_TRUE_UNKNOWN,strict_dynamic_link_certificate_failed,R01
K26-012,S015,,,100.0,,,,,,,OTHER_TRUE_UNKNOWN,strict_dynamic_link_certificate_failed,R02
K26-012,S015,,,100.0,,,,,,,OTHER_TRUE_UNKNOWN,strict_dynamic_link_certificate_failed,R01
K26-012,S015,,,100.0,,,,,,,OTHER_TRUE_UNKNOWN,strict_dynamic_link_certificate_failed,R02
K26-012,S015,,,100.0,,,,,,,OTHER_TRUE_UNKNOWN,strict_dynamic_link_certificate_failed,R01
K26-012,S015,,,100.0,,,,,,,OTHER_TRUE_UNKNOWN,strict_dynamic_link_certificate_failed,R02
K26-012,S015,,,100.0,,,,,,,OTHER_TRUE_UNKNOWN,strict_dynamic_link_certificate_failed,R01
K26-012,S015,,,100.0,,,,,,,OTHER_TRUE_UNKNOWN,strict_dynamic_link_certificate_failed,R02
K26-012,S015,,,100.0,,,,,,,OTHER_TRUE_UNKNOWN,strict_dynamic_link_certificate_failed,R01
K26-012,S015,,,100.0,,,,,,,OTHER_TRUE_UNKNOWN,strict_dynamic_link_certificate_failed,R02
K26-012,S015,,,100.0,,,,,,,OTHER_TRUE_UNKNOWN,strict_dynamic_link_certificate_failed,R01
K26-012,S015,,,100.0,,,,,,,OTHER_TRUE_UNKNOWN,strict_dynamic_link_certificate_failed,R02
K26-012,S015,,,100.0,,,,,,,OTHER_TRUE_UNKNOWN,strict_dynamic_link_certificate_failed,R01
K26-012,S015,,,100.0,,,,,,,OTHER_TRUE_UNKNOWN,strict_dynamic_link_certificate_failed,R02
K26-012,S015,,,100.0,,,,,,,OTHER_TRUE_UNKNOWN,strict_dynamic_link_certificate_failed,R01
K26-012,S015,,,100.0,,,,,,,OTHER_TRUE_UNKNOWN,strict_dynamic_link_certificate_failed,R02
K26-013,S005,,,100.0,,,,,,,OTHER_TRUE_UNKNOWN,strict_dynamic_link_certificate_failed,R01
K26-013,S005,,,100.0,,,,,,,OTHER_TRUE_UNKNOWN,strict_dynamic_link_certificate_failed,R02
K26-013,S005,,,100.0,,,,,,,OTHER_TRUE_UNKNOWN,strict_dynamic_link_certificate_failed,R01
K26-013,S005,,,100.0,,,,,,,OTHER_TRUE_UNKNOWN,strict_dynamic_link_certificate_failed,R02
K26-013,S005,,,100.0,,,,,,,OTHER_TRUE_UNKNOWN,strict_dynamic_link_certificate_failed,R01
K26-013,S005,,,100.0,,,,,,,OTHER_TRUE_UNKNOWN,strict_dynamic_link_certificate_failed,R02
K26-013,S005,,,100.0,,,,,,,OTHER_TRUE_UNKNOWN,strict_dynamic_link_certificate_failed,R01
K26-013,S005,,,100.0,,,,,,,OTHER_TRUE_UNKNOWN,strict_dynamic_link_certificate_failed,R02
K26-013,S005,,,100.0,,,,,,,OTHER_TRUE_UNKNOWN,strict_dynamic_link_certificate_failed,R01
K26-013,S005,,,100.0,,,,,,,OTHER_TRUE_UNKNOWN,strict_dynamic_link_certificate_failed,R02
K26-013,S005,,,100.0,,,,,,,OTHER_TRUE_UNKNOWN,strict_dynamic_link_certificate_failed,R01
K26-013,S005,,,100.0,,,,,,,OTHER_TRUE_UNKNOWN,strict_dynamic_link_certificate_failed,R02
K26-013,S005,,,100.0,,,,,,,OTHER_TRUE_UNKNOWN,strict_dynamic_link_certificate_failed,R01
K26-013,S005,,,100.0,,,,,,,OTHER_TRUE_UNKNOWN,strict_dynamic_link_certificate_failed,R02
K26-013,S005,,,100.0,,,,,,,OTHER_TRUE_UNKNOWN,strict_dynamic_link_certificate_failed,R01
K26-013,S005,,,100.0,,,,,,,OTHER_TRUE_UNKNOWN,strict_dynamic_link_certificate_failed,R02
K26-014,S009,,,100.0,,,,,,,OTHER_TRUE_UNKNOWN,strict_dynamic_link_certificate_failed,R01
K26-014,S009,,,100.0,,,,,,,OTHER_TRUE_UNKNOWN,strict_dynamic_link_certificate_failed,R02
K26-014,S009,,,100.0,,,,,,,OTHER_TRUE_UNKNOWN,strict_dynamic_link_certificate_failed,R01
K26-014,S009,,,100.0,,,,,,,OTHER_TRUE_UNKNOWN,strict_dynamic_link_certificate_failed,R02
K26-014,S009,,,100.0,,,,,,,OTHER_TRUE_UNKNOWN,strict_dynamic_link_certificate_failed,R01
K26-014,S009,,,100.0,,,,,,,OTHER_TRUE_UNKNOWN,strict_dynamic_link_certificate_failed,R02
K26-014,S009,,,100.0,,,,,,,OTHER_TRUE_UNKNOWN,strict_dynamic_link_certificate_failed,R01
K26-014,S009,,,100.0,,,,,,,OTHER_TRUE_UNKNOWN,strict_dynamic_link_certificate_failed,R02
K26-014,S009,,,100.0,,,,,,,OTHER_TRUE_UNKNOWN,strict_dynamic_link_certificate_failed,R01
K26-014,S009,,,100.0,,,,,,,OTHER_TRUE_UNKNOWN,strict_dynamic_link_certificate_failed,R02
K26-014,S009,,,100.0,,,,,,,OTHER_TRUE_UNKNOWN,strict_dynamic_link_certificate_failed,R01
K26-014,S009,,,100.0,,,,,,,OTHER_TRUE_UNKNOWN,strict_dynamic_link_certificate_failed,R02
K26-014,S009,,,100.0,,,,,,,OTHER_TRUE_UNKNOWN,strict_dynamic_link_certificate_failed,R01
K26-014,S009,,,100.0,,,,,,,OTHER_TRUE_UNKNOWN,strict_dynamic_link_certificate_failed,R02
K26-014,S009,,,100.0,,,,,,,OTHER_TRUE_UNKNOWN,strict_dynamic_link_certificate_failed,R01
K26-014,S009,,,100.0,,,,,,,OTHER_TRUE_UNKNOWN,strict_dynamic_link_certificate_failed,R02
K26-019,S002,,,100.0,,,,,,,OTHER_TRUE_UNKNOWN,strict_dynamic_link_certificate_failed,R01
K26-019,S002,,,100.0,,,,,,,OTHER_TRUE_UNKNOWN,strict_dynamic_link_certificate_failed,R02
K26-019,S002,,,100.0,,,,,,,OTHER_TRUE_UNKNOWN,strict_dynamic_link_certificate_failed,R01
K26-019,S002,,,100.0,,,,,,,OTHER_TRUE_UNKNOWN,strict_dynamic_link_certificate_failed,R02
K26-019,S002,,,100.0,,,,,,,OTHER_TRUE_UNKNOWN,strict_dynamic_link_certificate_failed,R01
K26-019,S002,,,100.0,,,,,,,OTHER_TRUE_UNKNOWN,strict_dynamic_link_certificate_failed,R02
K26-019,S002,,,100.0,,,,,,,OTHER_TRUE_UNKNOWN,strict_dynamic_link_certificate_failed,R01
K26-019,S002,,,100.0,,,,,,,OTHER_TRUE_UNKNOWN,strict_dynamic_link_certificate_failed,R02
K26-019,S002,,,100.0,,,,,,,OTHER_TRUE_UNKNOWN,strict_dynamic_link_certificate_failed,R01
K26-019,S002,,,100.0,,,,,,,OTHER_TRUE_UNKNOWN,strict_dynamic_link_certificate_failed,R02
K26-019,S002,,,100.0,,,,,,,OTHER_TRUE_UNKNOWN,strict_dynamic_link_certificate_failed,R01
K26-019,S002,,,100.0,,,,,,,OTHER_TRUE_UNKNOWN,strict_dynamic_link_certificate_failed,R02
K26-019,S002,,,100.0,,,,,,,OTHER_TRUE_UNKNOWN,strict_dynamic_link_certificate_failed,R01
K26-019,S002,,,100.0,,,,,,,OTHER_TRUE_UNKNOWN,strict_dynamic_link_certificate_failed,R02
K26-019,S002,,,100.0,,,,,,,OTHER_TRUE_UNKNOWN,strict_dynamic_link_certificate_failed,R01
K26-019,S002,,,100.0,,,,,,,OTHER_TRUE_UNKNOWN,strict_dynamic_link_certificate_failed,R02
K26-020,S002,,,100.0,,,,,,,OTHER_TRUE_UNKNOWN,strict_dynamic_link_certificate_failed,R01
K26-020,S002,,,100.0,,,,,,,OTHER_TRUE_UNKNOWN,strict_dynamic_link_certificate_failed,R02
K26-020,S002,,,100.0,,,,,,,OTHER_TRUE_UNKNOWN,strict_dynamic_link_certificate_failed,R01
K26-020,S002,,,100.0,,,,,,,OTHER_TRUE_UNKNOWN,strict_dynamic_link_certificate_failed,R02
K26-020,S002,,,100.0,,,,,,,OTHER_TRUE_UNKNOWN,strict_dynamic_link_certificate_failed,R01
K26-020,S002,,,100.0,,,,,,,OTHER_TRUE_UNKNOWN,strict_dynamic_link_certificate_failed,R02
K26-020,S002,,,100.0,,,,,,,OTHER_TRUE_UNKNOWN,strict_dynamic_link_certificate_failed,R01
K26-020,S002,,,100.0,,,,,,,OTHER_TRUE_UNKNOWN,strict_dynamic_link_certificate_failed,R02
K26-020,S002,,,100.0,,,,,,,OTHER_TRUE_UNKNOWN,strict_dynamic_link_certificate_failed,R01
K26-020,S002,,,100.0,,,,,,,OTHER_TRUE_UNKNOWN,strict_dynamic_link_certificate_failed,R02
K26-020,S002,,,100.0,,,,,,,OTHER_TRUE_UNKNOWN,strict_dynamic_link_certificate_failed,R01
K26-020,S002,,,100.0,,,,,,,OTHER_TRUE_UNKNOWN,strict_dynamic_link_certificate_failed,R02
K26-020,S002,,,100.0,,,,,,,OTHER_TRUE_UNKNOWN,strict_dynamic_link_certificate_failed,R01
K26-020,S002,,,100.0,,,,,,,OTHER_TRUE_UNKNOWN,strict_dynamic_link_certificate_failed,R02
K26-020,S002,,,100.0,,,,,,,OTHER_TRUE_UNKNOWN,strict_dynamic_link_certificate_failed,R01
K26-020,S002,,,100.0,,,,,,,OTHER_TRUE_UNKNOWN,strict_dynamic_link_certificate_failed,R02
K26-021,S003,,,100.0,,,,,,,OTHER_TRUE_UNKNOWN,strict_dynamic_link_certificate_failed,R01
K26-021,S003,,,100.0,,,,,,,OTHER_TRUE_UNKNOWN,strict_dynamic_link_certificate_failed,R02
K26-021,S003,,,100.0,,,,,,,OTHER_TRUE_UNKNOWN,strict_dynamic_link_certificate_failed,R01
K26-021,S003,,,100.0,,,,,,,OTHER_TRUE_UNKNOWN,strict_dynamic_link_certificate_failed,R02
K26-021,S003,,,100.0,,,,,,,OTHER_TRUE_UNKNOWN,strict_dynamic_link_certificate_failed,R01
K26-021,S003,,,100.0,,,,,,,OTHER_TRUE_UNKNOWN,strict_dynamic_link_certificate_failed,R02
K26-021,S003,,,100.0,,,,,,,OTHER_TRUE_UNKNOWN,strict_dynamic_link_certificate_failed,R01
K26-021,S003,,,100.0,,,,,,,OTHER_TRUE_UNKNOWN,strict_dynamic_link_certificate_failed,R02
K26-021,S003,,,100.0,,,,,,,OTHER_TRUE_UNKNOWN,strict_dynamic_link_certificate_failed,R01
K26-021,S003,,,100.0,,,,,,,OTHER_TRUE_UNKNOWN,strict_dynamic_link_certificate_failed,R02
K26-021,S003,,,100.0,,,,,,,OTHER_TRUE_UNKNOWN,strict_dynamic_link_certificate_failed,R01
K26-021,S003,,,100.0,,,,,,,OTHER_TRUE_UNKNOWN,strict_dynamic_link_certificate_failed,R02
K26-021,S003,,,100.0,,,,,,,OTHER_TRUE_UNKNOWN,strict_dynamic_link_certificate_failed,R01
K26-021,S003,,,100.0,,,,,,,OTHER_TRUE_UNKNOWN,strict_dynamic_link_certificate_failed,R02
K26-021,S003,,,100.0,,,,,,,OTHER_TRUE_UNKNOWN,strict_dynamic_link_certificate_failed,R01
K26-021,S003,,,100.0,,,,,,,OTHER_TRUE_UNKNOWN,strict_dynamic_link_certificate_failed,R02
K26-022,S003,,,100.0,,,,,,,OTHER_TRUE_UNKNOWN,strict_dynamic_link_certificate_failed,R01
K26-022,S003,,,100.0,,,,,,,OTHER_TRUE_UNKNOWN,strict_dynamic_link_certificate_failed,R02
K26-022,S003,,,100.0,,,,,,,OTHER_TRUE_UNKNOWN,strict_dynamic_link_certificate_failed,R01
K26-022,S003,,,100.0,,,,,,,OTHER_TRUE_UNKNOWN,strict_dynamic_link_certificate_failed,R02
K26-022,S003,,,100.0,,,,,,,OTHER_TRUE_UNKNOWN,strict_dynamic_link_certificate_failed,R01
K26-022,S003,,,100.0,,,,,,,OTHER_TRUE_UNKNOWN,strict_dynamic_link_certificate_failed,R02
K26-022,S003,,,100.0,,,,,,,OTHER_TRUE_UNKNOWN,strict_dynamic_link_certificate_failed,R01
K26-022,S003,,,100.0,,,,,,,OTHER_TRUE_UNKNOWN,strict_dynamic_link_certificate_failed,R02
K26-022,S003,,,100.0,,,,,,,OTHER_TRUE_UNKNOWN,strict_dynamic_link_certificate_failed,R01
K26-022,S003,,,100.0,,,,,,,OTHER_TRUE_UNKNOWN,strict_dynamic_link_certificate_failed,R02
K26-022,S003,,,100.0,,,,,,,OTHER_TRUE_UNKNOWN,strict_dynamic_link_certificate_failed,R01
K26-022,S003,,,100.0,,,,,,,OTHER_TRUE_UNKNOWN,strict_dynamic_link_certificate_failed,R02
K26-022,S003,,,100.0,,,,,,,OTHER_TRUE_UNKNOWN,strict_dynamic_link_certificate_failed,R01
K26-022,S003,,,100.0,,,,,,,OTHER_TRUE_UNKNOWN,strict_dynamic_link_certificate_failed,R02
K26-022,S003,,,100.0,,,,,,,OTHER_TRUE_UNKNOWN,strict_dynamic_link_certificate_failed,R01
K26-022,S003,,,100.0,,,,,,,OTHER_TRUE_UNKNOWN,strict_dynamic_link_certificate_failed,R02
K26-024,S005,,,100.0,,,,,,,OTHER_TRUE_UNKNOWN,strict_dynamic_link_certificate_failed,R01
K26-024,S005,,,100.0,,,,,,,OTHER_TRUE_UNKNOWN,strict_dynamic_link_certificate_failed,R02
K26-024,S005,,,100.0,,,,,,,OTHER_TRUE_UNKNOWN,strict_dynamic_link_certificate_failed,R01
K26-024,S005,,,100.0,,,,,,,OTHER_TRUE_UNKNOWN,strict_dynamic_link_certificate_failed,R02
K26-024,S005,,,100.0,,,,,,,OTHER_TRUE_UNKNOWN,strict_dynamic_link_certificate_failed,R01
K26-024,S005,,,100.0,,,,,,,OTHER_TRUE_UNKNOWN,strict_dynamic_link_certificate_failed,R02
K26-024,S005,,,100.0,,,,,,,OTHER_TRUE_UNKNOWN,strict_dynamic_link_certificate_failed,R01
K26-024,S005,,,100.0,,,,,,,OTHER_TRUE_UNKNOWN,strict_dynamic_link_certificate_failed,R02
K26-024,S005,,,100.0,,,,,,,OTHER_TRUE_UNKNOWN,strict_dynamic_link_certificate_failed,R01
K26-024,S005,,,100.0,,,,,,,OTHER_TRUE_UNKNOWN,strict_dynamic_link_certificate_failed,R02
K26-024,S005,,,100.0,,,,,,,OTHER_TRUE_UNKNOWN,strict_dynamic_link_certificate_failed,R01
K26-024,S005,,,100.0,,,,,,,OTHER_TRUE_UNKNOWN,strict_dynamic_link_certificate_failed,R02
K26-024,S005,,,100.0,,,,,,,OTHER_TRUE_UNKNOWN,strict_dynamic_link_certificate_failed,R01
K26-024,S005,,,100.0,,,,,,,OTHER_TRUE_UNKNOWN,strict_dynamic_link_certificate_failed,R02
K26-024,S005,,,100.0,,,,,,,OTHER_TRUE_UNKNOWN,strict_dynamic_link_certificate_failed,R01
K26-024,S005,,,100.0,,,,,,,OTHER_TRUE_UNKNOWN,strict_dynamic_link_certificate_failed,R02
K26-026,S008,,,100.0,,,,,,,OTHER_TRUE_UNKNOWN,strict_dynamic_link_certificate_failed,R01
K26-026,S008,,,100.0,,,,,,,OTHER_TRUE_UNKNOWN,strict_dynamic_link_certificate_failed,R02
K26-026,S008,,,100.0,,,,,,,OTHER_TRUE_UNKNOWN,strict_dynamic_link_certificate_failed,R01
K26-026,S008,,,100.0,,,,,,,OTHER_TRUE_UNKNOWN,strict_dynamic_link_certificate_failed,R02
K26-026,S008,,,100.0,,,,,,,OTHER_TRUE_UNKNOWN,strict_dynamic_link_certificate_failed,R01
K26-026,S008,,,100.0,,,,,,,OTHER_TRUE_UNKNOWN,strict_dynamic_link_certificate_failed,R02
K26-026,S008,,,100.0,,,,,,,OTHER_TRUE_UNKNOWN,strict_dynamic_link_certificate_failed,R01
K26-026,S008,,,100.0,,,,,,,OTHER_TRUE_UNKNOWN,strict_dynamic_link_certificate_failed,R02
K26-026,S008,,,100.0,,,,,,,OTHER_TRUE_UNKNOWN,strict_dynamic_link_certificate_failed,R01
K26-026,S008,,,100.0,,,,,,,OTHER_TRUE_UNKNOWN,strict_dynamic_link_certificate_failed,R02
K26-026,S008,,,100.0,,,,,,,OTHER_TRUE_UNKNOWN,strict_dynamic_link_certificate_failed,R01
K26-026,S008,,,100.0,,,,,,,OTHER_TRUE_UNKNOWN,strict_dynamic_link_certificate_failed,R02
K26-026,S008,,,100.0,,,,,,,OTHER_TRUE_UNKNOWN,strict_dynamic_link_certificate_failed,R01
K26-026,S008,,,100.0,,,,,,,OTHER_TRUE_UNKNOWN,strict_dynamic_link_certificate_failed,R02
K26-026,S008,,,100.0,,,,,,,OTHER_TRUE_UNKNOWN,strict_dynamic_link_certificate_failed,R01
K26-026,S008,,,100.0,,,,,,,OTHER_TRUE_UNKNOWN,strict_dynamic_link_certificate_failed,R02
K27-002,S002,,,100.0,,,,,,,OTHER_TRUE_UNKNOWN,strict_dynamic_link_certificate_failed,R01
K27-002,S002,,,100.0,,,,,,,OTHER_TRUE_UNKNOWN,strict_dynamic_link_certificate_failed,R02
K27-002,S002,,,100.0,,,,,,,OTHER_TRUE_UNKNOWN,strict_dynamic_link_certificate_failed,R01
K27-002,S002,,,100.0,,,,,,,OTHER_TRUE_UNKNOWN,strict_dynamic_link_certificate_failed,R02
K27-002,S002,,,100.0,,,,,,,OTHER_TRUE_UNKNOWN,strict_dynamic_link_certificate_failed,R01
K27-002,S002,,,100.0,,,,,,,OTHER_TRUE_UNKNOWN,strict_dynamic_link_certificate_failed,R02
K27-002,S002,,,100.0,,,,,,,OTHER_TRUE_UNKNOWN,strict_dynamic_link_certificate_failed,R01
K27-002,S002,,,100.0,,,,,,,OTHER_TRUE_UNKNOWN,strict_dynamic_link_certificate_failed,R02
K27-002,S002,,,100.0,,,,,,,OTHER_TRUE_UNKNOWN,strict_dynamic_link_certificate_failed,R01
K27-002,S002,,,100.0,,,,,,,OTHER_TRUE_UNKNOWN,strict_dynamic_link_certificate_failed,R02
K27-002,S002,,,100.0,,,,,,,OTHER_TRUE_UNKNOWN,strict_dynamic_link_certificate_failed,R01
K27-002,S002,,,100.0,,,,,,,OTHER_TRUE_UNKNOWN,strict_dynamic_link_certificate_failed,R02
K27-002,S002,,,100.0,,,,,,,OTHER_TRUE_UNKNOWN,strict_dynamic_link_certificate_failed,R01
K27-002,S002,,,100.0,,,,,,,OTHER_TRUE_UNKNOWN,strict_dynamic_link_certificate_failed,R02
K27-002,S002,,,100.0,,,,,,,OTHER_TRUE_UNKNOWN,strict_dynamic_link_certificate_failed,R01
K27-002,S002,,,100.0,,,,,,,OTHER_TRUE_UNKNOWN,strict_dynamic_link_certificate_failed,R02
K27-004,S007,,,100.0,,,,,,,OTHER_TRUE_UNKNOWN,strict_dynamic_link_certificate_failed,R01
K27-004,S007,,,100.0,,,,,,,OTHER_TRUE_UNKNOWN,strict_dynamic_link_certificate_failed,R02
K27-004,S007,,,100.0,,,,,,,OTHER_TRUE_UNKNOWN,strict_dynamic_link_certificate_failed,R01
K27-004,S007,,,100.0,,,,,,,OTHER_TRUE_UNKNOWN,strict_dynamic_link_certificate_failed,R02
K27-004,S007,,,100.0,,,,,,,OTHER_TRUE_UNKNOWN,strict_dynamic_link_certificate_failed,R01
K27-004,S007,,,100.0,,,,,,,OTHER_TRUE_UNKNOWN,strict_dynamic_link_certificate_failed,R02
K27-004,S007,,,100.0,,,,,,,OTHER_TRUE_UNKNOWN,strict_dynamic_link_certificate_failed,R01
K27-004,S007,,,100.0,,,,,,,OTHER_TRUE_UNKNOWN,strict_dynamic_link_certificate_failed,R02
K27-004,S007,,,100.0,,,,,,,OTHER_TRUE_UNKNOWN,strict_dynamic_link_certificate_failed,R01
K27-004,S007,,,100.0,,,,,,,OTHER_TRUE_UNKNOWN,strict_dynamic_link_certificate_failed,R02
K27-004,S007,,,100.0,,,,,,,OTHER_TRUE_UNKNOWN,strict_dynamic_link_certificate_failed,R01
K27-004,S007,,,100.0,,,,,,,OTHER_TRUE_UNKNOWN,strict_dynamic_link_certificate_failed,R02
K27-004,S007,,,100.0,,,,,,,OTHER_TRUE_UNKNOWN,strict_dynamic_link_certificate_failed,R01
K27-004,S007,,,100.0,,,,,,,OTHER_TRUE_UNKNOWN,strict_dynamic_link_certificate_failed,R02
K27-004,S007,,,100.0,,,,,,,OTHER_TRUE_UNKNOWN,strict_dynamic_link_certificate_failed,R01
K27-004,S007,,,100.0,,,,,,,OTHER_TRUE_UNKNOWN,strict_dynamic_link_certificate_failed,R02
K27-005,S010,,,100.0,,,,,,,OTHER_TRUE_UNKNOWN,strict_dynamic_link_certificate_failed,R01
K27-005,S010,,,100.0,,,,,,,OTHER_TRUE_UNKNOWN,strict_dynamic_link_certificate_failed,R02
K27-005,S010,,,100.0,,,,,,,OTHER_TRUE_UNKNOWN,strict_dynamic_link_certificate_failed,R01
K27-005,S010,,,100.0,,,,,,,OTHER_TRUE_UNKNOWN,strict_dynamic_link_certificate_failed,R02
K27-005,S010,,,100.0,,,,,,,OTHER_TRUE_UNKNOWN,strict_dynamic_link_certificate_failed,R01
K27-005,S010,,,100.0,,,,,,,OTHER_TRUE_UNKNOWN,strict_dynamic_link_certificate_failed,R02
K27-005,S010,,,100.0,,,,,,,OTHER_TRUE_UNKNOWN,strict_dynamic_link_certificate_failed,R01
K27-005,S010,,,100.0,,,,,,,OTHER_TRUE_UNKNOWN,strict_dynamic_link_certificate_failed,R02
K27-005,S010,,,100.0,,,,,,,OTHER_TRUE_UNKNOWN,strict_dynamic_link_certificate_failed,R01
K27-005,S010,,,100.0,,,,,,,OTHER_TRUE_UNKNOWN,strict_dynamic_link_certificate_failed,R02
K27-005,S010,,,100.0,,,,,,,OTHER_TRUE_UNKNOWN,strict_dynamic_link_certificate_failed,R01
K27-005,S010,,,100.0,,,,,,,OTHER_TRUE_UNKNOWN,strict_dynamic_link_certificate_failed,R02
K27-005,S010,,,100.0,,,,,,,OTHER_TRUE_UNKNOWN,strict_dynamic_link_certificate_failed,R01
K27-005,S010,,,100.0,,,,,,,OTHER_TRUE_UNKNOWN,strict_dynamic_link_certificate_failed,R02
K27-005,S010,,,100.0,,,,,,,OTHER_TRUE_UNKNOWN,strict_dynamic_link_certificate_failed,R01
K27-005,S010,,,100.0,,,,,,,OTHER_TRUE_UNKNOWN,strict_dynamic_link_certificate_failed,R02
K27-006,S012,,,100.0,,,,,,,OTHER_TRUE_UNKNOWN,strict_dynamic_link_certificate_failed,R01
K27-006,S012,,,100.0,,,,,,,OTHER_TRUE_UNKNOWN,strict_dynamic_link_certificate_failed,R02
K27-006,S012,,,100.0,,,,,,,OTHER_TRUE_UNKNOWN,strict_dynamic_link_certificate_failed,R01
K27-006,S012,,,100.0,,,,,,,OTHER_TRUE_UNKNOWN,strict_dynamic_link_certificate_failed,R02
K27-006,S012,,,100.0,,,,,,,OTHER_TRUE_UNKNOWN,strict_dynamic_link_certificate_failed,R01
K27-006,S012,,,100.0,,,,,,,OTHER_TRUE_UNKNOWN,strict_dynamic_link_certificate_failed,R02
K27-006,S012,,,100.0,,,,,,,OTHER_TRUE_UNKNOWN,strict_dynamic_link_certificate_failed,R01
K27-006,S012,,,100.0,,,,,,,OTHER_TRUE_UNKNOWN,strict_dynamic_link_certificate_failed,R02
K27-006,S012,,,100.0,,,,,,,OTHER_TRUE_UNKNOWN,strict_dynamic_link_certificate_failed,R01
K27-006,S012,,,100.0,,,,,,,OTHER_TRUE_UNKNOWN,strict_dynamic_link_certificate_failed,R02
K27-006,S012,,,100.0,,,,,,,OTHER_TRUE_UNKNOWN,strict_dynamic_link_certificate_failed,R01
K27-006,S012,,,100.0,,,,,,,OTHER_TRUE_UNKNOWN,strict_dynamic_link_certificate_failed,R02
K27-006,S012,,,100.0,,,,,,,OTHER_TRUE_UNKNOWN,strict_dynamic_link_certificate_failed,R01
K27-006,S012,,,100.0,,,,,,,OTHER_TRUE_UNKNOWN,strict_dynamic_link_certificate_failed,R02
K27-006,S012,,,100.0,,,,,,,OTHER_TRUE_UNKNOWN,strict_dynamic_link_certificate_failed,R01
K27-006,S012,,,100.0,,,,,,,OTHER_TRUE_UNKNOWN,strict_dynamic_link_certificate_failed,R02
K27-007,S013,,,100.0,,,,,,,OTHER_TRUE_UNKNOWN,strict_dynamic_link_certificate_failed,R01
K27-007,S013,,,100.0,,,,,,,OTHER_TRUE_UNKNOWN,strict_dynamic_link_certificate_failed,R02
K27-007,S013,,,100.0,,,,,,,OTHER_TRUE_UNKNOWN,strict_dynamic_link_certificate_failed,R01
K27-007,S013,,,100.0,,,,,,,OTHER_TRUE_UNKNOWN,strict_dynamic_link_certificate_failed,R02
K27-007,S013,,,100.0,,,,,,,OTHER_TRUE_UNKNOWN,strict_dynamic_link_certificate_failed,R01
K27-007,S013,,,100.0,,,,,,,OTHER_TRUE_UNKNOWN,strict_dynamic_link_certificate_failed,R02
K27-007,S013,,,100.0,,,,,,,OTHER_TRUE_UNKNOWN,strict_dynamic_link_certificate_failed,R01
K27-007,S013,,,100.0,,,,,,,OTHER_TRUE_UNKNOWN,strict_dynamic_link_certificate_failed,R02
K27-007,S013,,,100.0,,,,,,,OTHER_TRUE_UNKNOWN,strict_dynamic_link_certificate_failed,R01
K27-007,S013,,,100.0,,,,,,,OTHER_TRUE_UNKNOWN,strict_dynamic_link_certificate_failed,R02
K27-007,S013,,,100.0,,,,,,,OTHER_TRUE_UNKNOWN,strict_dynamic_link_certificate_failed,R01
K27-007,S013,,,100.0,,,,,,,OTHER_TRUE_UNKNOWN,strict_dynamic_link_certificate_failed,R02
K27-007,S013,,,100.0,,,,,,,OTHER_TRUE_UNKNOWN,strict_dynamic_link_certificate_failed,R01
K27-007,S013,,,100.0,,,,,,,OTHER_TRUE_UNKNOWN,strict_dynamic_link_certificate_failed,R02
K27-007,S013,,,100.0,,,,,,,OTHER_TRUE_UNKNOWN,strict_dynamic_link_certificate_failed,R01
K27-007,S013,,,100.0,,,,,,,OTHER_TRUE_UNKNOWN,strict_dynamic_link_certificate_failed,R02
K27-008,S014,,,200.0,,,,,,,OTHER_TRUE_UNKNOWN,strict_dynamic_link_certificate_failed,R01
K27-008,S014,,,200.0,,,,,,,OTHER_TRUE_UNKNOWN,strict_dynamic_link_certificate_failed,R02
K27-008,S014,,,200.0,,,,,,,OTHER_TRUE_UNKNOWN,strict_dynamic_link_certificate_failed,R01
K27-008,S014,,,200.0,,,,,,,OTHER_TRUE_UNKNOWN,strict_dynamic_link_certificate_failed,R02
K27-008,S014,,,200.0,,,,,,,OTHER_TRUE_UNKNOWN,strict_dynamic_link_certificate_failed,R01
K27-008,S014,,,200.0,,,,,,,OTHER_TRUE_UNKNOWN,strict_dynamic_link_certificate_failed,R02
K27-008,S014,,,200.0,,,,,,,OTHER_TRUE_UNKNOWN,strict_dynamic_link_certificate_failed,R01
K27-008,S014,,,200.0,,,,,,,OTHER_TRUE_UNKNOWN,strict_dynamic_link_certificate_failed,R02
K27-008,S014,,,200.0,,,,,,,OTHER_TRUE_UNKNOWN,strict_dynamic_link_certificate_failed,R01
K27-008,S014,,,200.0,,,,,,,OTHER_TRUE_UNKNOWN,strict_dynamic_link_certificate_failed,R02
K27-008,S014,,,200.0,,,,,,,OTHER_TRUE_UNKNOWN,strict_dynamic_link_certificate_failed,R01
K27-008,S014,,,200.0,,,,,,,OTHER_TRUE_UNKNOWN,strict_dynamic_link_certificate_failed,R02
K27-008,S014,,,200.0,,,,,,,OTHER_TRUE_UNKNOWN,strict_dynamic_link_certificate_failed,R01
K27-008,S014,,,200.0,,,,,,,OTHER_TRUE_UNKNOWN,strict_dynamic_link_certificate_failed,R02
K27-008,S014,,,200.0,,,,,,,OTHER_TRUE_UNKNOWN,strict_dynamic_link_certificate_failed,R01
K27-008,S014,,,200.0,,,,,,,OTHER_TRUE_UNKNOWN,strict_dynamic_link_certificate_failed,R02
K27-009,S003,,,100.0,,,,,,,OTHER_TRUE_UNKNOWN,strict_dynamic_link_certificate_failed,R01
K27-009,S003,,,100.0,,,,,,,OTHER_TRUE_UNKNOWN,strict_dynamic_link_certificate_failed,R02
K27-009,S003,,,100.0,,,,,,,OTHER_TRUE_UNKNOWN,strict_dynamic_link_certificate_failed,R01
K27-009,S003,,,100.0,,,,,,,OTHER_TRUE_UNKNOWN,strict_dynamic_link_certificate_failed,R02
K27-009,S003,,,100.0,,,,,,,OTHER_TRUE_UNKNOWN,strict_dynamic_link_certificate_failed,R01
K27-009,S003,,,100.0,,,,,,,OTHER_TRUE_UNKNOWN,strict_dynamic_link_certificate_failed,R02
K27-009,S003,,,100.0,,,,,,,OTHER_TRUE_UNKNOWN,strict_dynamic_link_certificate_failed,R01
K27-009,S003,,,100.0,,,,,,,OTHER_TRUE_UNKNOWN,strict_dynamic_link_certificate_failed,R02
K27-009,S003,,,100.0,,,,,,,OTHER_TRUE_UNKNOWN,strict_dynamic_link_certificate_failed,R01
K27-009,S003,,,100.0,,,,,,,OTHER_TRUE_UNKNOWN,strict_dynamic_link_certificate_failed,R02
K27-009,S003,,,100.0,,,,,,,OTHER_TRUE_UNKNOWN,strict_dynamic_link_certificate_failed,R01
K27-009,S003,,,100.0,,,,,,,OTHER_TRUE_UNKNOWN,strict_dynamic_link_certificate_failed,R02
K27-009,S003,,,100.0,,,,,,,OTHER_TRUE_UNKNOWN,strict_dynamic_link_certificate_failed,R01
K27-009,S003,,,100.0,,,,,,,OTHER_TRUE_UNKNOWN,strict_dynamic_link_certificate_failed,R02
K27-009,S003,,,100.0,,,,,,,OTHER_TRUE_UNKNOWN,strict_dynamic_link_certificate_failed,R01
K27-009,S003,,,100.0,,,,,,,OTHER_TRUE_UNKNOWN,strict_dynamic_link_certificate_failed,R02
K27-011,S008,,,100.0,,,,,,,OTHER_TRUE_UNKNOWN,strict_dynamic_link_certificate_failed,R01
K27-011,S008,,,100.0,,,,,,,OTHER_TRUE_UNKNOWN,strict_dynamic_link_certificate_failed,R02
K27-011,S008,,,100.0,,,,,,,OTHER_TRUE_UNKNOWN,strict_dynamic_link_certificate_failed,R01
K27-011,S008,,,100.0,,,,,,,OTHER_TRUE_UNKNOWN,strict_dynamic_link_certificate_failed,R02
K27-011,S008,,,100.0,,,,,,,OTHER_TRUE_UNKNOWN,strict_dynamic_link_certificate_failed,R01
K27-011,S008,,,100.0,,,,,,,OTHER_TRUE_UNKNOWN,strict_dynamic_link_certificate_failed,R02
K27-011,S008,,,100.0,,,,,,,OTHER_TRUE_UNKNOWN,strict_dynamic_link_certificate_failed,R01
K27-011,S008,,,100.0,,,,,,,OTHER_TRUE_UNKNOWN,strict_dynamic_link_certificate_failed,R02
K27-011,S008,,,100.0,,,,,,,OTHER_TRUE_UNKNOWN,strict_dynamic_link_certificate_failed,R01
K27-011,S008,,,100.0,,,,,,,OTHER_TRUE_UNKNOWN,strict_dynamic_link_certificate_failed,R02
K27-011,S008,,,100.0,,,,,,,OTHER_TRUE_UNKNOWN,strict_dynamic_link_certificate_failed,R01
K27-011,S008,,,100.0,,,,,,,OTHER_TRUE_UNKNOWN,strict_dynamic_link_certificate_failed,R02
K27-011,S008,,,100.0,,,,,,,OTHER_TRUE_UNKNOWN,strict_dynamic_link_certificate_failed,R01
K27-011,S008,,,100.0,,,,,,,OTHER_TRUE_UNKNOWN,strict_dynamic_link_certificate_failed,R02
K27-011,S008,,,100.0,,,,,,,OTHER_TRUE_UNKNOWN,strict_dynamic_link_certificate_failed,R01
K27-011,S008,,,100.0,,,,,,,OTHER_TRUE_UNKNOWN,strict_dynamic_link_certificate_failed,R02
K27-012,S015,,,100.0,,,,,,,OTHER_TRUE_UNKNOWN,strict_dynamic_link_certificate_failed,R01
K27-012,S015,,,100.0,,,,,,,OTHER_TRUE_UNKNOWN,strict_dynamic_link_certificate_failed,R02
K27-012,S015,,,100.0,,,,,,,OTHER_TRUE_UNKNOWN,strict_dynamic_link_certificate_failed,R01
K27-012,S015,,,100.0,,,,,,,OTHER_TRUE_UNKNOWN,strict_dynamic_link_certificate_failed,R02
K27-012,S015,,,100.0,,,,,,,OTHER_TRUE_UNKNOWN,strict_dynamic_link_certificate_failed,R01
K27-012,S015,,,100.0,,,,,,,OTHER_TRUE_UNKNOWN,strict_dynamic_link_certificate_failed,R02
K27-012,S015,,,100.0,,,,,,,OTHER_TRUE_UNKNOWN,strict_dynamic_link_certificate_failed,R01
K27-012,S015,,,100.0,,,,,,,OTHER_TRUE_UNKNOWN,strict_dynamic_link_certificate_failed,R02
K27-012,S015,,,100.0,,,,,,,OTHER_TRUE_UNKNOWN,strict_dynamic_link_certificate_failed,R01
K27-012,S015,,,100.0,,,,,,,OTHER_TRUE_UNKNOWN,strict_dynamic_link_certificate_failed,R02
K27-012,S015,,,100.0,,,,,,,OTHER_TRUE_UNKNOWN,strict_dynamic_link_certificate_failed,R01
K27-012,S015,,,100.0,,,,,,,OTHER_TRUE_UNKNOWN,strict_dynamic_link_certificate_failed,R02
K27-012,S015,,,100.0,,,,,,,OTHER_TRUE_UNKNOWN,strict_dynamic_link_certificate_failed,R01
K27-012,S015,,,100.0,,,,,,,OTHER_TRUE_UNKNOWN,strict_dynamic_link_certificate_failed,R02
K27-012,S015,,,100.0,,,,,,,OTHER_TRUE_UNKNOWN,strict_dynamic_link_certificate_failed,R01
K27-012,S015,,,100.0,,,,,,,OTHER_TRUE_UNKNOWN,strict_dynamic_link_certificate_failed,R02
K27-013,S005,,,100.0,,,,,,,OTHER_TRUE_UNKNOWN,strict_dynamic_link_certificate_failed,R01
K27-013,S005,,,100.0,,,,,,,OTHER_TRUE_UNKNOWN,strict_dynamic_link_certificate_failed,R02
K27-013,S005,,,100.0,,,,,,,OTHER_TRUE_UNKNOWN,strict_dynamic_link_certificate_failed,R01
K27-013,S005,,,100.0,,,,,,,OTHER_TRUE_UNKNOWN,strict_dynamic_link_certificate_failed,R02
K27-013,S005,,,100.0,,,,,,,OTHER_TRUE_UNKNOWN,strict_dynamic_link_certificate_failed,R01
K27-013,S005,,,100.0,,,,,,,OTHER_TRUE_UNKNOWN,strict_dynamic_link_certificate_failed,R02
K27-013,S005,,,100.0,,,,,,,OTHER_TRUE_UNKNOWN,strict_dynamic_link_certificate_failed,R01
K27-013,S005,,,100.0,,,,,,,OTHER_TRUE_UNKNOWN,strict_dynamic_link_certificate_failed,R02
K27-013,S005,,,100.0,,,,,,,OTHER_TRUE_UNKNOWN,strict_dynamic_link_certificate_failed,R01
K27-013,S005,,,100.0,,,,,,,OTHER_TRUE_UNKNOWN,strict_dynamic_link_certificate_failed,R02
K27-013,S005,,,100.0,,,,,,,OTHER_TRUE_UNKNOWN,strict_dynamic_link_certificate_failed,R01
K27-013,S005,,,100.0,,,,,,,OTHER_TRUE_UNKNOWN,strict_dynamic_link_certificate_failed,R02
K27-013,S005,,,100.0,,,,,,,OTHER_TRUE_UNKNOWN,strict_dynamic_link_certificate_failed,R01
K27-013,S005,,,100.0,,,,,,,OTHER_TRUE_UNKNOWN,strict_dynamic_link_certificate_failed,R02
K27-013,S005,,,100.0,,,,,,,OTHER_TRUE_UNKNOWN,strict_dynamic_link_certificate_failed,R01
K27-013,S005,,,100.0,,,,,,,OTHER_TRUE_UNKNOWN,strict_dynamic_link_certificate_failed,R02
K27-014,S009,,,100.0,,,,,,,OTHER_TRUE_UNKNOWN,strict_dynamic_link_certificate_failed,R01
K27-014,S009,,,100.0,,,,,,,OTHER_TRUE_UNKNOWN,strict_dynamic_link_certificate_failed,R02
K27-014,S009,,,100.0,,,,,,,OTHER_TRUE_UNKNOWN,strict_dynamic_link_certificate_failed,R01
K27-014,S009,,,100.0,,,,,,,OTHER_TRUE_UNKNOWN,strict_dynamic_link_certificate_failed,R02
K27-014,S009,,,100.0,,,,,,,OTHER_TRUE_UNKNOWN,strict_dynamic_link_certificate_failed,R01
K27-014,S009,,,100.0,,,,,,,OTHER_TRUE_UNKNOWN,strict_dynamic_link_certificate_failed,R02
K27-014,S009,,,100.0,,,,,,,OTHER_TRUE_UNKNOWN,strict_dynamic_link_certificate_failed,R01
K27-014,S009,,,100.0,,,,,,,OTHER_TRUE_UNKNOWN,strict_dynamic_link_certificate_failed,R02
K27-014,S009,,,100.0,,,,,,,OTHER_TRUE_UNKNOWN,strict_dynamic_link_certificate_failed,R01
K27-014,S009,,,100.0,,,,,,,OTHER_TRUE_UNKNOWN,strict_dynamic_link_certificate_failed,R02
K27-014,S009,,,100.0,,,,,,,OTHER_TRUE_UNKNOWN,strict_dynamic_link_certificate_failed,R01
K27-014,S009,,,100.0,,,,,,,OTHER_TRUE_UNKNOWN,strict_dynamic_link_certificate_failed,R02
K27-014,S009,,,100.0,,,,,,,OTHER_TRUE_UNKNOWN,strict_dynamic_link_certificate_failed,R01
K27-014,S009,,,100.0,,,,,,,OTHER_TRUE_UNKNOWN,strict_dynamic_link_certificate_failed,R02
K27-014,S009,,,100.0,,,,,,,OTHER_TRUE_UNKNOWN,strict_dynamic_link_certificate_failed,R01
K27-014,S009,,,100.0,,,,,,,OTHER_TRUE_UNKNOWN,strict_dynamic_link_certificate_failed,R02
K27-019,S002,,,100.0,,,,,,,OTHER_TRUE_UNKNOWN,strict_dynamic_link_certificate_failed,R01
K27-019,S002,,,100.0,,,,,,,OTHER_TRUE_UNKNOWN,strict_dynamic_link_certificate_failed,R02
K27-019,S002,,,100.0,,,,,,,OTHER_TRUE_UNKNOWN,strict_dynamic_link_certificate_failed,R01
K27-019,S002,,,100.0,,,,,,,OTHER_TRUE_UNKNOWN,strict_dynamic_link_certificate_failed,R02
K27-019,S002,,,100.0,,,,,,,OTHER_TRUE_UNKNOWN,strict_dynamic_link_certificate_failed,R01
K27-019,S002,,,100.0,,,,,,,OTHER_TRUE_UNKNOWN,strict_dynamic_link_certificate_failed,R02
K27-019,S002,,,100.0,,,,,,,OTHER_TRUE_UNKNOWN,strict_dynamic_link_certificate_failed,R01
K27-019,S002,,,100.0,,,,,,,OTHER_TRUE_UNKNOWN,strict_dynamic_link_certificate_failed,R02
K27-019,S002,,,100.0,,,,,,,OTHER_TRUE_UNKNOWN,strict_dynamic_link_certificate_failed,R01
K27-019,S002,,,100.0,,,,,,,OTHER_TRUE_UNKNOWN,strict_dynamic_link_certificate_failed,R02
K27-019,S002,,,100.0,,,,,,,OTHER_TRUE_UNKNOWN,strict_dynamic_link_certificate_failed,R01
K27-019,S002,,,100.0,,,,,,,OTHER_TRUE_UNKNOWN,strict_dynamic_link_certificate_failed,R02
K27-019,S002,,,100.0,,,,,,,OTHER_TRUE_UNKNOWN,strict_dynamic_link_certificate_failed,R01
K27-019,S002,,,100.0,,,,,,,OTHER_TRUE_UNKNOWN,strict_dynamic_link_certificate_failed,R02
K27-019,S002,,,100.0,,,,,,,OTHER_TRUE_UNKNOWN,strict_dynamic_link_certificate_failed,R01
K27-019,S002,,,100.0,,,,,,,OTHER_TRUE_UNKNOWN,strict_dynamic_link_certificate_failed,R02
K27-020,S002,,,100.0,,,,,,,OTHER_TRUE_UNKNOWN,strict_dynamic_link_certificate_failed,R01
K27-020,S002,,,100.0,,,,,,,OTHER_TRUE_UNKNOWN,strict_dynamic_link_certificate_failed,R02
K27-020,S002,,,100.0,,,,,,,OTHER_TRUE_UNKNOWN,strict_dynamic_link_certificate_failed,R01
K27-020,S002,,,100.0,,,,,,,OTHER_TRUE_UNKNOWN,strict_dynamic_link_certificate_failed,R02
K27-020,S002,,,100.0,,,,,,,OTHER_TRUE_UNKNOWN,strict_dynamic_link_certificate_failed,R01
K27-020,S002,,,100.0,,,,,,,OTHER_TRUE_UNKNOWN,strict_dynamic_link_certificate_failed,R02
K27-020,S002,,,100.0,,,,,,,OTHER_TRUE_UNKNOWN,strict_dynamic_link_certificate_failed,R01
K27-020,S002,,,100.0,,,,,,,OTHER_TRUE_UNKNOWN,strict_dynamic_link_certificate_failed,R02
K27-020,S002,,,100.0,,,,,,,OTHER_TRUE_UNKNOWN,strict_dynamic_link_certificate_failed,R01
K27-020,S002,,,100.0,,,,,,,OTHER_TRUE_UNKNOWN,strict_dynamic_link_certificate_failed,R02
K27-020,S002,,,100.0,,,,,,,OTHER_TRUE_UNKNOWN,strict_dynamic_link_certificate_failed,R01
K27-020,S002,,,100.0,,,,,,,OTHER_TRUE_UNKNOWN,strict_dynamic_link_certificate_failed,R02
K27-020,S002,,,100.0,,,,,,,OTHER_TRUE_UNKNOWN,strict_dynamic_link_certificate_failed,R01
K27-020,S002,,,100.0,,,,,,,OTHER_TRUE_UNKNOWN,strict_dynamic_link_certificate_failed,R02
K27-020,S002,,,100.0,,,,,,,OTHER_TRUE_UNKNOWN,strict_dynamic_link_certificate_failed,R01
K27-020,S002,,,100.0,,,,,,,OTHER_TRUE_UNKNOWN,strict_dynamic_link_certificate_failed,R02
K27-021,S003,,,100.0,,,,,,,OTHER_TRUE_UNKNOWN,strict_dynamic_link_certificate_failed,R01
K27-021,S003,,,100.0,,,,,,,OTHER_TRUE_UNKNOWN,strict_dynamic_link_certificate_failed,R02
K27-021,S003,,,100.0,,,,,,,OTHER_TRUE_UNKNOWN,strict_dynamic_link_certificate_failed,R01
K27-021,S003,,,100.0,,,,,,,OTHER_TRUE_UNKNOWN,strict_dynamic_link_certificate_failed,R02
K27-021,S003,,,100.0,,,,,,,OTHER_TRUE_UNKNOWN,strict_dynamic_link_certificate_failed,R01
K27-021,S003,,,100.0,,,,,,,OTHER_TRUE_UNKNOWN,strict_dynamic_link_certificate_failed,R02
K27-021,S003,,,100.0,,,,,,,OTHER_TRUE_UNKNOWN,strict_dynamic_link_certificate_failed,R01
K27-021,S003,,,100.0,,,,,,,OTHER_TRUE_UNKNOWN,strict_dynamic_link_certificate_failed,R02
K27-021,S003,,,100.0,,,,,,,OTHER_TRUE_UNKNOWN,strict_dynamic_link_certificate_failed,R01
K27-021,S003,,,100.0,,,,,,,OTHER_TRUE_UNKNOWN,strict_dynamic_link_certificate_failed,R02
K27-021,S003,,,100.0,,,,,,,OTHER_TRUE_UNKNOWN,strict_dynamic_link_certificate_failed,R01
K27-021,S003,,,100.0,,,,,,,OTHER_TRUE_UNKNOWN,strict_dynamic_link_certificate_failed,R02
K27-021,S003,,,100.0,,,,,,,OTHER_TRUE_UNKNOWN,strict_dynamic_link_certificate_failed,R01
K27-021,S003,,,100.0,,,,,,,OTHER_TRUE_UNKNOWN,strict_dynamic_link_certificate_failed,R02
K27-021,S003,,,100.0,,,,,,,OTHER_TRUE_UNKNOWN,strict_dynamic_link_certificate_failed,R01
K27-021,S003,,,100.0,,,,,,,OTHER_TRUE_UNKNOWN,strict_dynamic_link_certificate_failed,R02
K27-022,S003,,,100.0,,,,,,,OTHER_TRUE_UNKNOWN,strict_dynamic_link_certificate_failed,R01
K27-022,S003,,,100.0,,,,,,,OTHER_TRUE_UNKNOWN,strict_dynamic_link_certificate_failed,R02
K27-022,S003,,,100.0,,,,,,,OTHER_TRUE_UNKNOWN,strict_dynamic_link_certificate_failed,R01
K27-022,S003,,,100.0,,,,,,,OTHER_TRUE_UNKNOWN,strict_dynamic_link_certificate_failed,R02
K27-022,S003,,,100.0,,,,,,,OTHER_TRUE_UNKNOWN,strict_dynamic_link_certificate_failed,R01
K27-022,S003,,,100.0,,,,,,,OTHER_TRUE_UNKNOWN,strict_dynamic_link_certificate_failed,R02
K27-022,S003,,,100.0,,,,,,,OTHER_TRUE_UNKNOWN,strict_dynamic_link_certificate_failed,R01
K27-022,S003,,,100.0,,,,,,,OTHER_TRUE_UNKNOWN,strict_dynamic_link_certificate_failed,R02
K27-022,S003,,,100.0,,,,,,,OTHER_TRUE_UNKNOWN,strict_dynamic_link_certificate_failed,R01
K27-022,S003,,,100.0,,,,,,,OTHER_TRUE_UNKNOWN,strict_dynamic_link_certificate_failed,R02
K27-022,S003,,,100.0,,,,,,,OTHER_TRUE_UNKNOWN,strict_dynamic_link_certificate_failed,R01
K27-022,S003,,,100.0,,,,,,,OTHER_TRUE_UNKNOWN,strict_dynamic_link_certificate_failed,R02
K27-022,S003,,,100.0,,,,,,,OTHER_TRUE_UNKNOWN,strict_dynamic_link_certificate_failed,R01
K27-022,S003,,,100.0,,,,,,,OTHER_TRUE_UNKNOWN,strict_dynamic_link_certificate_failed,R02
K27-022,S003,,,100.0,,,,,,,OTHER_TRUE_UNKNOWN,strict_dynamic_link_certificate_failed,R01
K27-022,S003,,,100.0,,,,,,,OTHER_TRUE_UNKNOWN,strict_dynamic_link_certificate_failed,R02
K27-024,S005,,,100.0,,,,,,,OTHER_TRUE_UNKNOWN,strict_dynamic_link_certificate_failed,R01
K27-024,S005,,,100.0,,,,,,,OTHER_TRUE_UNKNOWN,strict_dynamic_link_certificate_failed,R02
K27-024,S005,,,100.0,,,,,,,OTHER_TRUE_UNKNOWN,strict_dynamic_link_certificate_failed,R01
K27-024,S005,,,100.0,,,,,,,OTHER_TRUE_UNKNOWN,strict_dynamic_link_certificate_failed,R02
K27-024,S005,,,100.0,,,,,,,OTHER_TRUE_UNKNOWN,strict_dynamic_link_certificate_failed,R01
K27-024,S005,,,100.0,,,,,,,OTHER_TRUE_UNKNOWN,strict_dynamic_link_certificate_failed,R02
K27-024,S005,,,100.0,,,,,,,OTHER_TRUE_UNKNOWN,strict_dynamic_link_certificate_failed,R01
K27-024,S005,,,100.0,,,,,,,OTHER_TRUE_UNKNOWN,strict_dynamic_link_certificate_failed,R02
K27-024,S005,,,100.0,,,,,,,OTHER_TRUE_UNKNOWN,strict_dynamic_link_certificate_failed,R01
K27-024,S005,,,100.0,,,,,,,OTHER_TRUE_UNKNOWN,strict_dynamic_link_certificate_failed,R02
K27-024,S005,,,100.0,,,,,,,OTHER_TRUE_UNKNOWN,strict_dynamic_link_certificate_failed,R01
K27-024,S005,,,100.0,,,,,,,OTHER_TRUE_UNKNOWN,strict_dynamic_link_certificate_failed,R02
K27-024,S005,,,100.0,,,,,,,OTHER_TRUE_UNKNOWN,strict_dynamic_link_certificate_failed,R01
K27-024,S005,,,100.0,,,,,,,OTHER_TRUE_UNKNOWN,strict_dynamic_link_certificate_failed,R02
K27-024,S005,,,100.0,,,,,,,OTHER_TRUE_UNKNOWN,strict_dynamic_link_certificate_failed,R01
K27-024,S005,,,100.0,,,,,,,OTHER_TRUE_UNKNOWN,strict_dynamic_link_certificate_failed,R02
K27-026,S007,,,100.0,,,,,,,OTHER_TRUE_UNKNOWN,strict_dynamic_link_certificate_failed,R01
K27-026,S007,,,100.0,,,,,,,OTHER_TRUE_UNKNOWN,strict_dynamic_link_certificate_failed,R02
K27-026,S007,,,100.0,,,,,,,OTHER_TRUE_UNKNOWN,strict_dynamic_link_certificate_failed,R01
K27-026,S007,,,100.0,,,,,,,OTHER_TRUE_UNKNOWN,strict_dynamic_link_certificate_failed,R02
K27-026,S007,,,100.0,,,,,,,OTHER_TRUE_UNKNOWN,strict_dynamic_link_certificate_failed,R01
K27-026,S007,,,100.0,,,,,,,OTHER_TRUE_UNKNOWN,strict_dynamic_link_certificate_failed,R02
K27-026,S007,,,100.0,,,,,,,OTHER_TRUE_UNKNOWN,strict_dynamic_link_certificate_failed,R01
K27-026,S007,,,100.0,,,,,,,OTHER_TRUE_UNKNOWN,strict_dynamic_link_certificate_failed,R02
K27-026,S007,,,100.0,,,,,,,OTHER_TRUE_UNKNOWN,strict_dynamic_link_certificate_failed,R01
K27-026,S007,,,100.0,,,,,,,OTHER_TRUE_UNKNOWN,strict_dynamic_link_certificate_failed,R02
K27-026,S007,,,100.0,,,,,,,OTHER_TRUE_UNKNOWN,strict_dynamic_link_certificate_failed,R01
K27-026,S007,,,100.0,,,,,,,OTHER_TRUE_UNKNOWN,strict_dynamic_link_certificate_failed,R02
K27-026,S007,,,100.0,,,,,,,OTHER_TRUE_UNKNOWN,strict_dynamic_link_certificate_failed,R01
K27-026,S007,,,100.0,,,,,,,OTHER_TRUE_UNKNOWN,strict_dynamic_link_certificate_failed,R02
K27-026,S007,,,100.0,,,,,,,OTHER_TRUE_UNKNOWN,strict_dynamic_link_certificate_failed,R01
K27-026,S007,,,100.0,,,,,,,OTHER_TRUE_UNKNOWN,strict_dynamic_link_certificate_failed,R02
K27-027,S008,,,100.0,,,,,,,OTHER_TRUE_UNKNOWN,strict_dynamic_link_certificate_failed,R01
K27-027,S008,,,100.0,,,,,,,OTHER_TRUE_UNKNOWN,strict_dynamic_link_certificate_failed,R02
K27-027,S008,,,100.0,,,,,,,OTHER_TRUE_UNKNOWN,strict_dynamic_link_certificate_failed,R01
K27-027,S008,,,100.0,,,,,,,OTHER_TRUE_UNKNOWN,strict_dynamic_link_certificate_failed,R02
K27-027,S008,,,100.0,,,,,,,OTHER_TRUE_UNKNOWN,strict_dynamic_link_certificate_failed,R01
K27-027,S008,,,100.0,,,,,,,OTHER_TRUE_UNKNOWN,strict_dynamic_link_certificate_failed,R02
K27-027,S008,,,100.0,,,,,,,OTHER_TRUE_UNKNOWN,strict_dynamic_link_certificate_failed,R01
K27-027,S008,,,100.0,,,,,,,OTHER_TRUE_UNKNOWN,strict_dynamic_link_certificate_failed,R02
K27-027,S008,,,100.0,,,,,,,OTHER_TRUE_UNKNOWN,strict_dynamic_link_certificate_failed,R01
K27-027,S008,,,100.0,,,,,,,OTHER_TRUE_UNKNOWN,strict_dynamic_link_certificate_failed,R02
K27-027,S008,,,100.0,,,,,,,OTHER_TRUE_UNKNOWN,strict_dynamic_link_certificate_failed,R01
K27-027,S008,,,100.0,,,,,,,OTHER_TRUE_UNKNOWN,strict_dynamic_link_certificate_failed,R02
K27-027,S008,,,100.0,,,,,,,OTHER_TRUE_UNKNOWN,strict_dynamic_link_certificate_failed,R01
K27-027,S008,,,100.0,,,,,,,OTHER_TRUE_UNKNOWN,strict_dynamic_link_certificate_failed,R02
K27-027,S008,,,100.0,,,,,,,OTHER_TRUE_UNKNOWN,strict_dynamic_link_certificate_failed,R01
K27-027,S008,,,100.0,,,,,,,OTHER_TRUE_UNKNOWN,strict_dynamic_link_certificate_failed,R02
K28-002,S002,,,100.0,,,,,,,OTHER_TRUE_UNKNOWN,strict_dynamic_link_certificate_failed,R01
K28-002,S002,,,100.0,,,,,,,OTHER_TRUE_UNKNOWN,strict_dynamic_link_certificate_failed,R02
K28-002,S002,,,100.0,,,,,,,OTHER_TRUE_UNKNOWN,strict_dynamic_link_certificate_failed,R01
K28-002,S002,,,100.0,,,,,,,OTHER_TRUE_UNKNOWN,strict_dynamic_link_certificate_failed,R02
K28-002,S002,,,100.0,,,,,,,OTHER_TRUE_UNKNOWN,strict_dynamic_link_certificate_failed,R01
K28-002,S002,,,100.0,,,,,,,OTHER_TRUE_UNKNOWN,strict_dynamic_link_certificate_failed,R02
K28-002,S002,,,100.0,,,,,,,OTHER_TRUE_UNKNOWN,strict_dynamic_link_certificate_failed,R01
K28-002,S002,,,100.0,,,,,,,OTHER_TRUE_UNKNOWN,strict_dynamic_link_certificate_failed,R02
K28-002,S002,,,100.0,,,,,,,OTHER_TRUE_UNKNOWN,strict_dynamic_link_certificate_failed,R01
K28-002,S002,,,100.0,,,,,,,OTHER_TRUE_UNKNOWN,strict_dynamic_link_certificate_failed,R02
K28-002,S002,,,100.0,,,,,,,OTHER_TRUE_UNKNOWN,strict_dynamic_link_certificate_failed,R01
K28-002,S002,,,100.0,,,,,,,OTHER_TRUE_UNKNOWN,strict_dynamic_link_certificate_failed,R02
K28-002,S002,,,100.0,,,,,,,OTHER_TRUE_UNKNOWN,strict_dynamic_link_certificate_failed,R01
K28-002,S002,,,100.0,,,,,,,OTHER_TRUE_UNKNOWN,strict_dynamic_link_certificate_failed,R02
K28-002,S002,,,100.0,,,,,,,OTHER_TRUE_UNKNOWN,strict_dynamic_link_certificate_failed,R01
K28-002,S002,,,100.0,,,,,,,OTHER_TRUE_UNKNOWN,strict_dynamic_link_certificate_failed,R02
K28-004,S007,,,100.0,,,,,,,OTHER_TRUE_UNKNOWN,strict_dynamic_link_certificate_failed,R01
K28-004,S007,,,100.0,,,,,,,OTHER_TRUE_UNKNOWN,strict_dynamic_link_certificate_failed,R02
K28-004,S007,,,100.0,,,,,,,OTHER_TRUE_UNKNOWN,strict_dynamic_link_certificate_failed,R01
K28-004,S007,,,100.0,,,,,,,OTHER_TRUE_UNKNOWN,strict_dynamic_link_certificate_failed,R02
K28-004,S007,,,100.0,,,,,,,OTHER_TRUE_UNKNOWN,strict_dynamic_link_certificate_failed,R01
K28-004,S007,,,100.0,,,,,,,OTHER_TRUE_UNKNOWN,strict_dynamic_link_certificate_failed,R02
K28-004,S007,,,100.0,,,,,,,OTHER_TRUE_UNKNOWN,strict_dynamic_link_certificate_failed,R01
K28-004,S007,,,100.0,,,,,,,OTHER_TRUE_UNKNOWN,strict_dynamic_link_certificate_failed,R02
K28-004,S007,,,100.0,,,,,,,OTHER_TRUE_UNKNOWN,strict_dynamic_link_certificate_failed,R01
K28-004,S007,,,100.0,,,,,,,OTHER_TRUE_UNKNOWN,strict_dynamic_link_certificate_failed,R02
K28-004,S007,,,100.0,,,,,,,OTHER_TRUE_UNKNOWN,strict_dynamic_link_certificate_failed,R01
K28-004,S007,,,100.0,,,,,,,OTHER_TRUE_UNKNOWN,strict_dynamic_link_certificate_failed,R02
K28-004,S007,,,100.0,,,,,,,OTHER_TRUE_UNKNOWN,strict_dynamic_link_certificate_failed,R01
K28-004,S007,,,100.0,,,,,,,OTHER_TRUE_UNKNOWN,strict_dynamic_link_certificate_failed,R02
K28-004,S007,,,100.0,,,,,,,OTHER_TRUE_UNKNOWN,strict_dynamic_link_certificate_failed,R01
K28-004,S007,,,100.0,,,,,,,OTHER_TRUE_UNKNOWN,strict_dynamic_link_certificate_failed,R02
K28-005,S010,,,100.0,,,,,,,OTHER_TRUE_UNKNOWN,strict_dynamic_link_certificate_failed,R01
K28-005,S010,,,100.0,,,,,,,OTHER_TRUE_UNKNOWN,strict_dynamic_link_certificate_failed,R02
K28-005,S010,,,100.0,,,,,,,OTHER_TRUE_UNKNOWN,strict_dynamic_link_certificate_failed,R01
K28-005,S010,,,100.0,,,,,,,OTHER_TRUE_UNKNOWN,strict_dynamic_link_certificate_failed,R02
K28-005,S010,,,100.0,,,,,,,OTHER_TRUE_UNKNOWN,strict_dynamic_link_certificate_failed,R01
K28-005,S010,,,100.0,,,,,,,OTHER_TRUE_UNKNOWN,strict_dynamic_link_certificate_failed,R02
K28-005,S010,,,100.0,,,,,,,OTHER_TRUE_UNKNOWN,strict_dynamic_link_certificate_failed,R01
K28-005,S010,,,100.0,,,,,,,OTHER_TRUE_UNKNOWN,strict_dynamic_link_certificate_failed,R02
K28-005,S010,,,100.0,,,,,,,OTHER_TRUE_UNKNOWN,strict_dynamic_link_certificate_failed,R01
K28-005,S010,,,100.0,,,,,,,OTHER_TRUE_UNKNOWN,strict_dynamic_link_certificate_failed,R02
K28-005,S010,,,100.0,,,,,,,OTHER_TRUE_UNKNOWN,strict_dynamic_link_certificate_failed,R01
K28-005,S010,,,100.0,,,,,,,OTHER_TRUE_UNKNOWN,strict_dynamic_link_certificate_failed,R02
K28-005,S010,,,100.0,,,,,,,OTHER_TRUE_UNKNOWN,strict_dynamic_link_certificate_failed,R01
K28-005,S010,,,100.0,,,,,,,OTHER_TRUE_UNKNOWN,strict_dynamic_link_certificate_failed,R02
K28-005,S010,,,100.0,,,,,,,OTHER_TRUE_UNKNOWN,strict_dynamic_link_certificate_failed,R01
K28-005,S010,,,100.0,,,,,,,OTHER_TRUE_UNKNOWN,strict_dynamic_link_certificate_failed,R02
K28-006,S012,,,100.0,,,,,,,OTHER_TRUE_UNKNOWN,strict_dynamic_link_certificate_failed,R01
K28-006,S012,,,100.0,,,,,,,OTHER_TRUE_UNKNOWN,strict_dynamic_link_certificate_failed,R02
K28-006,S012,,,100.0,,,,,,,OTHER_TRUE_UNKNOWN,strict_dynamic_link_certificate_failed,R01
K28-006,S012,,,100.0,,,,,,,OTHER_TRUE_UNKNOWN,strict_dynamic_link_certificate_failed,R02
K28-006,S012,,,100.0,,,,,,,OTHER_TRUE_UNKNOWN,strict_dynamic_link_certificate_failed,R01
K28-006,S012,,,100.0,,,,,,,OTHER_TRUE_UNKNOWN,strict_dynamic_link_certificate_failed,R02
K28-006,S012,,,100.0,,,,,,,OTHER_TRUE_UNKNOWN,strict_dynamic_link_certificate_failed,R01
K28-006,S012,,,100.0,,,,,,,OTHER_TRUE_UNKNOWN,strict_dynamic_link_certificate_failed,R02
K28-006,S012,,,100.0,,,,,,,OTHER_TRUE_UNKNOWN,strict_dynamic_link_certificate_failed,R01
K28-006,S012,,,100.0,,,,,,,OTHER_TRUE_UNKNOWN,strict_dynamic_link_certificate_failed,R02
K28-006,S012,,,100.0,,,,,,,OTHER_TRUE_UNKNOWN,strict_dynamic_link_certificate_failed,R01
K28-006,S012,,,100.0,,,,,,,OTHER_TRUE_UNKNOWN,strict_dynamic_link_certificate_failed,R02
K28-006,S012,,,100.0,,,,,,,OTHER_TRUE_UNKNOWN,strict_dynamic_link_certificate_failed,R01
K28-006,S012,,,100.0,,,,,,,OTHER_TRUE_UNKNOWN,strict_dynamic_link_certificate_failed,R02
K28-006,S012,,,100.0,,,,,,,OTHER_TRUE_UNKNOWN,strict_dynamic_link_certificate_failed,R01
K28-006,S012,,,100.0,,,,,,,OTHER_TRUE_UNKNOWN,strict_dynamic_link_certificate_failed,R02
K28-007,S013,,,100.0,,,,,,,OTHER_TRUE_UNKNOWN,strict_dynamic_link_certificate_failed,R01
K28-007,S013,,,100.0,,,,,,,OTHER_TRUE_UNKNOWN,strict_dynamic_link_certificate_failed,R02
K28-007,S013,,,100.0,,,,,,,OTHER_TRUE_UNKNOWN,strict_dynamic_link_certificate_failed,R01
K28-007,S013,,,100.0,,,,,,,OTHER_TRUE_UNKNOWN,strict_dynamic_link_certificate_failed,R02
K28-007,S013,,,100.0,,,,,,,OTHER_TRUE_UNKNOWN,strict_dynamic_link_certificate_failed,R01
K28-007,S013,,,100.0,,,,,,,OTHER_TRUE_UNKNOWN,strict_dynamic_link_certificate_failed,R02
K28-007,S013,,,100.0,,,,,,,OTHER_TRUE_UNKNOWN,strict_dynamic_link_certificate_failed,R01
K28-007,S013,,,100.0,,,,,,,OTHER_TRUE_UNKNOWN,strict_dynamic_link_certificate_failed,R02
K28-007,S013,,,100.0,,,,,,,OTHER_TRUE_UNKNOWN,strict_dynamic_link_certificate_failed,R01
K28-007,S013,,,100.0,,,,,,,OTHER_TRUE_UNKNOWN,strict_dynamic_link_certificate_failed,R02
K28-007,S013,,,100.0,,,,,,,OTHER_TRUE_UNKNOWN,strict_dynamic_link_certificate_failed,R01
K28-007,S013,,,100.0,,,,,,,OTHER_TRUE_UNKNOWN,strict_dynamic_link_certificate_failed,R02
K28-007,S013,,,100.0,,,,,,,OTHER_TRUE_UNKNOWN,strict_dynamic_link_certificate_failed,R01
K28-007,S013,,,100.0,,,,,,,OTHER_TRUE_UNKNOWN,strict_dynamic_link_certificate_failed,R02
K28-007,S013,,,100.0,,,,,,,OTHER_TRUE_UNKNOWN,strict_dynamic_link_certificate_failed,R01
K28-007,S013,,,100.0,,,,,,,OTHER_TRUE_UNKNOWN,strict_dynamic_link_certificate_failed,R02
K28-008,S014,,,200.0,,,,,,,OTHER_TRUE_UNKNOWN,strict_dynamic_link_certificate_failed,R01
K28-008,S014,,,200.0,,,,,,,OTHER_TRUE_UNKNOWN,strict_dynamic_link_certificate_failed,R02
K28-008,S014,,,200.0,,,,,,,OTHER_TRUE_UNKNOWN,strict_dynamic_link_certificate_failed,R01
K28-008,S014,,,200.0,,,,,,,OTHER_TRUE_UNKNOWN,strict_dynamic_link_certificate_failed,R02
K28-008,S014,,,200.0,,,,,,,OTHER_TRUE_UNKNOWN,strict_dynamic_link_certificate_failed,R01
K28-008,S014,,,200.0,,,,,,,OTHER_TRUE_UNKNOWN,strict_dynamic_link_certificate_failed,R02
K28-008,S014,,,200.0,,,,,,,OTHER_TRUE_UNKNOWN,strict_dynamic_link_certificate_failed,R01
K28-008,S014,,,200.0,,,,,,,OTHER_TRUE_UNKNOWN,strict_dynamic_link_certificate_failed,R02
K28-008,S014,,,200.0,,,,,,,OTHER_TRUE_UNKNOWN,strict_dynamic_link_certificate_failed,R01
K28-008,S014,,,200.0,,,,,,,OTHER_TRUE_UNKNOWN,strict_dynamic_link_certificate_failed,R02
K28-008,S014,,,200.0,,,,,,,OTHER_TRUE_UNKNOWN,strict_dynamic_link_certificate_failed,R01
K28-008,S014,,,200.0,,,,,,,OTHER_TRUE_UNKNOWN,strict_dynamic_link_certificate_failed,R02
K28-008,S014,,,200.0,,,,,,,OTHER_TRUE_UNKNOWN,strict_dynamic_link_certificate_failed,R01
K28-008,S014,,,200.0,,,,,,,OTHER_TRUE_UNKNOWN,strict_dynamic_link_certificate_failed,R02
K28-008,S014,,,200.0,,,,,,,OTHER_TRUE_UNKNOWN,strict_dynamic_link_certificate_failed,R01
K28-008,S014,,,200.0,,,,,,,OTHER_TRUE_UNKNOWN,strict_dynamic_link_certificate_failed,R02
K28-009,S003,,,100.0,,,,,,,OTHER_TRUE_UNKNOWN,strict_dynamic_link_certificate_failed,R01
K28-009,S003,,,100.0,,,,,,,OTHER_TRUE_UNKNOWN,strict_dynamic_link_certificate_failed,R02
K28-009,S003,,,100.0,,,,,,,OTHER_TRUE_UNKNOWN,strict_dynamic_link_certificate_failed,R01
K28-009,S003,,,100.0,,,,,,,OTHER_TRUE_UNKNOWN,strict_dynamic_link_certificate_failed,R02
K28-009,S003,,,100.0,,,,,,,OTHER_TRUE_UNKNOWN,strict_dynamic_link_certificate_failed,R01
K28-009,S003,,,100.0,,,,,,,OTHER_TRUE_UNKNOWN,strict_dynamic_link_certificate_failed,R02
K28-009,S003,,,100.0,,,,,,,OTHER_TRUE_UNKNOWN,strict_dynamic_link_certificate_failed,R01
K28-009,S003,,,100.0,,,,,,,OTHER_TRUE_UNKNOWN,strict_dynamic_link_certificate_failed,R02
K28-009,S003,,,100.0,,,,,,,OTHER_TRUE_UNKNOWN,strict_dynamic_link_certificate_failed,R01
K28-009,S003,,,100.0,,,,,,,OTHER_TRUE_UNKNOWN,strict_dynamic_link_certificate_failed,R02
K28-009,S003,,,100.0,,,,,,,OTHER_TRUE_UNKNOWN,strict_dynamic_link_certificate_failed,R01
K28-009,S003,,,100.0,,,,,,,OTHER_TRUE_UNKNOWN,strict_dynamic_link_certificate_failed,R02
K28-009,S003,,,100.0,,,,,,,OTHER_TRUE_UNKNOWN,strict_dynamic_link_certificate_failed,R01
K28-009,S003,,,100.0,,,,,,,OTHER_TRUE_UNKNOWN,strict_dynamic_link_certificate_failed,R02
K28-009,S003,,,100.0,,,,,,,OTHER_TRUE_UNKNOWN,strict_dynamic_link_certificate_failed,R01
K28-009,S003,,,100.0,,,,,,,OTHER_TRUE_UNKNOWN,strict_dynamic_link_certificate_failed,R02
K28-011,S008,,,100.0,,,,,,,OTHER_TRUE_UNKNOWN,strict_dynamic_link_certificate_failed,R01
K28-011,S008,,,100.0,,,,,,,OTHER_TRUE_UNKNOWN,strict_dynamic_link_certificate_failed,R02
K28-011,S008,,,100.0,,,,,,,OTHER_TRUE_UNKNOWN,strict_dynamic_link_certificate_failed,R01
K28-011,S008,,,100.0,,,,,,,OTHER_TRUE_UNKNOWN,strict_dynamic_link_certificate_failed,R02
K28-011,S008,,,100.0,,,,,,,OTHER_TRUE_UNKNOWN,strict_dynamic_link_certificate_failed,R01
K28-011,S008,,,100.0,,,,,,,OTHER_TRUE_UNKNOWN,strict_dynamic_link_certificate_failed,R02
K28-011,S008,,,100.0,,,,,,,OTHER_TRUE_UNKNOWN,strict_dynamic_link_certificate_failed,R01
K28-011,S008,,,100.0,,,,,,,OTHER_TRUE_UNKNOWN,strict_dynamic_link_certificate_failed,R02
K28-011,S008,,,100.0,,,,,,,OTHER_TRUE_UNKNOWN,strict_dynamic_link_certificate_failed,R01
K28-011,S008,,,100.0,,,,,,,OTHER_TRUE_UNKNOWN,strict_dynamic_link_certificate_failed,R02
K28-011,S008,,,100.0,,,,,,,OTHER_TRUE_UNKNOWN,strict_dynamic_link_certificate_failed,R01
K28-011,S008,,,100.0,,,,,,,OTHER_TRUE_UNKNOWN,strict_dynamic_link_certificate_failed,R02
K28-011,S008,,,100.0,,,,,,,OTHER_TRUE_UNKNOWN,strict_dynamic_link_certificate_failed,R01
K28-011,S008,,,100.0,,,,,,,OTHER_TRUE_UNKNOWN,strict_dynamic_link_certificate_failed,R02
K28-011,S008,,,100.0,,,,,,,OTHER_TRUE_UNKNOWN,strict_dynamic_link_certificate_failed,R01
K28-011,S008,,,100.0,,,,,,,OTHER_TRUE_UNKNOWN,strict_dynamic_link_certificate_failed,R02
K28-012,S015,,,100.0,,,,,,,OTHER_TRUE_UNKNOWN,strict_dynamic_link_certificate_failed,R01
K28-012,S015,,,100.0,,,,,,,OTHER_TRUE_UNKNOWN,strict_dynamic_link_certificate_failed,R02
K28-012,S015,,,100.0,,,,,,,OTHER_TRUE_UNKNOWN,strict_dynamic_link_certificate_failed,R01
K28-012,S015,,,100.0,,,,,,,OTHER_TRUE_UNKNOWN,strict_dynamic_link_certificate_failed,R02
K28-012,S015,,,100.0,,,,,,,OTHER_TRUE_UNKNOWN,strict_dynamic_link_certificate_failed,R01
K28-012,S015,,,100.0,,,,,,,OTHER_TRUE_UNKNOWN,strict_dynamic_link_certificate_failed,R02
K28-012,S015,,,100.0,,,,,,,OTHER_TRUE_UNKNOWN,strict_dynamic_link_certificate_failed,R01
K28-012,S015,,,100.0,,,,,,,OTHER_TRUE_UNKNOWN,strict_dynamic_link_certificate_failed,R02
K28-012,S015,,,100.0,,,,,,,OTHER_TRUE_UNKNOWN,strict_dynamic_link_certificate_failed,R01
K28-012,S015,,,100.0,,,,,,,OTHER_TRUE_UNKNOWN,strict_dynamic_link_certificate_failed,R02
K28-012,S015,,,100.0,,,,,,,OTHER_TRUE_UNKNOWN,strict_dynamic_link_certificate_failed,R01
K28-012,S015,,,100.0,,,,,,,OTHER_TRUE_UNKNOWN,strict_dynamic_link_certificate_failed,R02
K28-012,S015,,,100.0,,,,,,,OTHER_TRUE_UNKNOWN,strict_dynamic_link_certificate_failed,R01
K28-012,S015,,,100.0,,,,,,,OTHER_TRUE_UNKNOWN,strict_dynamic_link_certificate_failed,R02
K28-012,S015,,,100.0,,,,,,,OTHER_TRUE_UNKNOWN,strict_dynamic_link_certificate_failed,R01
K28-012,S015,,,100.0,,,,,,,OTHER_TRUE_UNKNOWN,strict_dynamic_link_certificate_failed,R02
K28-013,S005,,,100.0,,,,,,,OTHER_TRUE_UNKNOWN,strict_dynamic_link_certificate_failed,R01
K28-013,S005,,,100.0,,,,,,,OTHER_TRUE_UNKNOWN,strict_dynamic_link_certificate_failed,R02
K28-013,S005,,,100.0,,,,,,,OTHER_TRUE_UNKNOWN,strict_dynamic_link_certificate_failed,R01
K28-013,S005,,,100.0,,,,,,,OTHER_TRUE_UNKNOWN,strict_dynamic_link_certificate_failed,R02
K28-013,S005,,,100.0,,,,,,,OTHER_TRUE_UNKNOWN,strict_dynamic_link_certificate_failed,R01
K28-013,S005,,,100.0,,,,,,,OTHER_TRUE_UNKNOWN,strict_dynamic_link_certificate_failed,R02
K28-013,S005,,,100.0,,,,,,,OTHER_TRUE_UNKNOWN,strict_dynamic_link_certificate_failed,R01
K28-013,S005,,,100.0,,,,,,,OTHER_TRUE_UNKNOWN,strict_dynamic_link_certificate_failed,R02
K28-013,S005,,,100.0,,,,,,,OTHER_TRUE_UNKNOWN,strict_dynamic_link_certificate_failed,R01
K28-013,S005,,,100.0,,,,,,,OTHER_TRUE_UNKNOWN,strict_dynamic_link_certificate_failed,R02
K28-013,S005,,,100.0,,,,,,,OTHER_TRUE_UNKNOWN,strict_dynamic_link_certificate_failed,R01
K28-013,S005,,,100.0,,,,,,,OTHER_TRUE_UNKNOWN,strict_dynamic_link_certificate_failed,R02
K28-013,S005,,,100.0,,,,,,,OTHER_TRUE_UNKNOWN,strict_dynamic_link_certificate_failed,R01
K28-013,S005,,,100.0,,,,,,,OTHER_TRUE_UNKNOWN,strict_dynamic_link_certificate_failed,R02
K28-013,S005,,,100.0,,,,,,,OTHER_TRUE_UNKNOWN,strict_dynamic_link_certificate_failed,R01
K28-013,S005,,,100.0,,,,,,,OTHER_TRUE_UNKNOWN,strict_dynamic_link_certificate_failed,R02
K28-014,S009,,,100.0,,,,,,,OTHER_TRUE_UNKNOWN,strict_dynamic_link_certificate_failed,R01
K28-014,S009,,,100.0,,,,,,,OTHER_TRUE_UNKNOWN,strict_dynamic_link_certificate_failed,R02
K28-014,S009,,,100.0,,,,,,,OTHER_TRUE_UNKNOWN,strict_dynamic_link_certificate_failed,R01
K28-014,S009,,,100.0,,,,,,,OTHER_TRUE_UNKNOWN,strict_dynamic_link_certificate_failed,R02
K28-014,S009,,,100.0,,,,,,,OTHER_TRUE_UNKNOWN,strict_dynamic_link_certificate_failed,R01
K28-014,S009,,,100.0,,,,,,,OTHER_TRUE_UNKNOWN,strict_dynamic_link_certificate_failed,R02
K28-014,S009,,,100.0,,,,,,,OTHER_TRUE_UNKNOWN,strict_dynamic_link_certificate_failed,R01
K28-014,S009,,,100.0,,,,,,,OTHER_TRUE_UNKNOWN,strict_dynamic_link_certificate_failed,R02
K28-014,S009,,,100.0,,,,,,,OTHER_TRUE_UNKNOWN,strict_dynamic_link_certificate_failed,R01
K28-014,S009,,,100.0,,,,,,,OTHER_TRUE_UNKNOWN,strict_dynamic_link_certificate_failed,R02
K28-014,S009,,,100.0,,,,,,,OTHER_TRUE_UNKNOWN,strict_dynamic_link_certificate_failed,R01
K28-014,S009,,,100.0,,,,,,,OTHER_TRUE_UNKNOWN,strict_dynamic_link_certificate_failed,R02
K28-014,S009,,,100.0,,,,,,,OTHER_TRUE_UNKNOWN,strict_dynamic_link_certificate_failed,R01
K28-014,S009,,,100.0,,,,,,,OTHER_TRUE_UNKNOWN,strict_dynamic_link_certificate_failed,R02
K28-014,S009,,,100.0,,,,,,,OTHER_TRUE_UNKNOWN,strict_dynamic_link_certificate_failed,R01
K28-014,S009,,,100.0,,,,,,,OTHER_TRUE_UNKNOWN,strict_dynamic_link_certificate_failed,R02
K28-020,S002,,,100.0,,,,,,,OTHER_TRUE_UNKNOWN,strict_dynamic_link_certificate_failed,R01
K28-020,S002,,,100.0,,,,,,,OTHER_TRUE_UNKNOWN,strict_dynamic_link_certificate_failed,R02
K28-020,S002,,,100.0,,,,,,,OTHER_TRUE_UNKNOWN,strict_dynamic_link_certificate_failed,R01
K28-020,S002,,,100.0,,,,,,,OTHER_TRUE_UNKNOWN,strict_dynamic_link_certificate_failed,R02
K28-020,S002,,,100.0,,,,,,,OTHER_TRUE_UNKNOWN,strict_dynamic_link_certificate_failed,R01
K28-020,S002,,,100.0,,,,,,,OTHER_TRUE_UNKNOWN,strict_dynamic_link_certificate_failed,R02
K28-020,S002,,,100.0,,,,,,,OTHER_TRUE_UNKNOWN,strict_dynamic_link_certificate_failed,R01
K28-020,S002,,,100.0,,,,,,,OTHER_TRUE_UNKNOWN,strict_dynamic_link_certificate_failed,R02
K28-020,S002,,,100.0,,,,,,,OTHER_TRUE_UNKNOWN,strict_dynamic_link_certificate_failed,R01
K28-020,S002,,,100.0,,,,,,,OTHER_TRUE_UNKNOWN,strict_dynamic_link_certificate_failed,R02
K28-020,S002,,,100.0,,,,,,,OTHER_TRUE_UNKNOWN,strict_dynamic_link_certificate_failed,R01
K28-020,S002,,,100.0,,,,,,,OTHER_TRUE_UNKNOWN,strict_dynamic_link_certificate_failed,R02
K28-020,S002,,,100.0,,,,,,,OTHER_TRUE_UNKNOWN,strict_dynamic_link_certificate_failed,R01
K28-020,S002,,,100.0,,,,,,,OTHER_TRUE_UNKNOWN,strict_dynamic_link_certificate_failed,R02
K28-020,S002,,,100.0,,,,,,,OTHER_TRUE_UNKNOWN,strict_dynamic_link_certificate_failed,R01
K28-020,S002,,,100.0,,,,,,,OTHER_TRUE_UNKNOWN,strict_dynamic_link_certificate_failed,R02
K28-021,S002,,,100.0,,,,,,,OTHER_TRUE_UNKNOWN,strict_dynamic_link_certificate_failed,R01
K28-021,S002,,,100.0,,,,,,,OTHER_TRUE_UNKNOWN,strict_dynamic_link_certificate_failed,R02
K28-021,S002,,,100.0,,,,,,,OTHER_TRUE_UNKNOWN,strict_dynamic_link_certificate_failed,R01
K28-021,S002,,,100.0,,,,,,,OTHER_TRUE_UNKNOWN,strict_dynamic_link_certificate_failed,R02
K28-021,S002,,,100.0,,,,,,,OTHER_TRUE_UNKNOWN,strict_dynamic_link_certificate_failed,R01
K28-021,S002,,,100.0,,,,,,,OTHER_TRUE_UNKNOWN,strict_dynamic_link_certificate_failed,R02
K28-021,S002,,,100.0,,,,,,,OTHER_TRUE_UNKNOWN,strict_dynamic_link_certificate_failed,R01
K28-021,S002,,,100.0,,,,,,,OTHER_TRUE_UNKNOWN,strict_dynamic_link_certificate_failed,R02
K28-021,S002,,,100.0,,,,,,,OTHER_TRUE_UNKNOWN,strict_dynamic_link_certificate_failed,R01
K28-021,S002,,,100.0,,,,,,,OTHER_TRUE_UNKNOWN,strict_dynamic_link_certificate_failed,R02
K28-021,S002,,,100.0,,,,,,,OTHER_TRUE_UNKNOWN,strict_dynamic_link_certificate_failed,R01
K28-021,S002,,,100.0,,,,,,,OTHER_TRUE_UNKNOWN,strict_dynamic_link_certificate_failed,R02
K28-021,S002,,,100.0,,,,,,,OTHER_TRUE_UNKNOWN,strict_dynamic_link_certificate_failed,R01
K28-021,S002,,,100.0,,,,,,,OTHER_TRUE_UNKNOWN,strict_dynamic_link_certificate_failed,R02
K28-021,S002,,,100.0,,,,,,,OTHER_TRUE_UNKNOWN,strict_dynamic_link_certificate_failed,R01
K28-021,S002,,,100.0,,,,,,,OTHER_TRUE_UNKNOWN,strict_dynamic_link_certificate_failed,R02
K28-022,S003,,,100.0,,,,,,,OTHER_TRUE_UNKNOWN,strict_dynamic_link_certificate_failed,R01
K28-022,S003,,,100.0,,,,,,,OTHER_TRUE_UNKNOWN,strict_dynamic_link_certificate_failed,R02
K28-022,S003,,,100.0,,,,,,,OTHER_TRUE_UNKNOWN,strict_dynamic_link_certificate_failed,R01
K28-022,S003,,,100.0,,,,,,,OTHER_TRUE_UNKNOWN,strict_dynamic_link_certificate_failed,R02
K28-022,S003,,,100.0,,,,,,,OTHER_TRUE_UNKNOWN,strict_dynamic_link_certificate_failed,R01
K28-022,S003,,,100.0,,,,,,,OTHER_TRUE_UNKNOWN,strict_dynamic_link_certificate_failed,R02
K28-022,S003,,,100.0,,,,,,,OTHER_TRUE_UNKNOWN,strict_dynamic_link_certificate_failed,R01
K28-022,S003,,,100.0,,,,,,,OTHER_TRUE_UNKNOWN,strict_dynamic_link_certificate_failed,R02
K28-022,S003,,,100.0,,,,,,,OTHER_TRUE_UNKNOWN,strict_dynamic_link_certificate_failed,R01
K28-022,S003,,,100.0,,,,,,,OTHER_TRUE_UNKNOWN,strict_dynamic_link_certificate_failed,R02
K28-022,S003,,,100.0,,,,,,,OTHER_TRUE_UNKNOWN,strict_dynamic_link_certificate_failed,R01
K28-022,S003,,,100.0,,,,,,,OTHER_TRUE_UNKNOWN,strict_dynamic_link_certificate_failed,R02
K28-022,S003,,,100.0,,,,,,,OTHER_TRUE_UNKNOWN,strict_dynamic_link_certificate_failed,R01
K28-022,S003,,,100.0,,,,,,,OTHER_TRUE_UNKNOWN,strict_dynamic_link_certificate_failed,R02
K28-022,S003,,,100.0,,,,,,,OTHER_TRUE_UNKNOWN,strict_dynamic_link_certificate_failed,R01
K28-022,S003,,,100.0,,,,,,,OTHER_TRUE_UNKNOWN,strict_dynamic_link_certificate_failed,R02
K28-023,S003,,,100.0,,,,,,,OTHER_TRUE_UNKNOWN,strict_dynamic_link_certificate_failed,R01
K28-023,S003,,,100.0,,,,,,,OTHER_TRUE_UNKNOWN,strict_dynamic_link_certificate_failed,R02
K28-023,S003,,,100.0,,,,,,,OTHER_TRUE_UNKNOWN,strict_dynamic_link_certificate_failed,R01
K28-023,S003,,,100.0,,,,,,,OTHER_TRUE_UNKNOWN,strict_dynamic_link_certificate_failed,R02
K28-023,S003,,,100.0,,,,,,,OTHER_TRUE_UNKNOWN,strict_dynamic_link_certificate_failed,R01
K28-023,S003,,,100.0,,,,,,,OTHER_TRUE_UNKNOWN,strict_dynamic_link_certificate_failed,R02
K28-023,S003,,,100.0,,,,,,,OTHER_TRUE_UNKNOWN,strict_dynamic_link_certificate_failed,R01
K28-023,S003,,,100.0,,,,,,,OTHER_TRUE_UNKNOWN,strict_dynamic_link_certificate_failed,R02
K28-023,S003,,,100.0,,,,,,,OTHER_TRUE_UNKNOWN,strict_dynamic_link_certificate_failed,R01
K28-023,S003,,,100.0,,,,,,,OTHER_TRUE_UNKNOWN,strict_dynamic_link_certificate_failed,R02
K28-023,S003,,,100.0,,,,,,,OTHER_TRUE_UNKNOWN,strict_dynamic_link_certificate_failed,R01
K28-023,S003,,,100.0,,,,,,,OTHER_TRUE_UNKNOWN,strict_dynamic_link_certificate_failed,R02
K28-023,S003,,,100.0,,,,,,,OTHER_TRUE_UNKNOWN,strict_dynamic_link_certificate_failed,R01
K28-023,S003,,,100.0,,,,,,,OTHER_TRUE_UNKNOWN,strict_dynamic_link_certificate_failed,R02
K28-023,S003,,,100.0,,,,,,,OTHER_TRUE_UNKNOWN,strict_dynamic_link_certificate_failed,R01
K28-023,S003,,,100.0,,,,,,,OTHER_TRUE_UNKNOWN,strict_dynamic_link_certificate_failed,R02
K28-025,S005,,,100.0,,,,,,,OTHER_TRUE_UNKNOWN,strict_dynamic_link_certificate_failed,R01
K28-025,S005,,,100.0,,,,,,,OTHER_TRUE_UNKNOWN,strict_dynamic_link_certificate_failed,R02
K28-025,S005,,,100.0,,,,,,,OTHER_TRUE_UNKNOWN,strict_dynamic_link_certificate_failed,R01
K28-025,S005,,,100.0,,,,,,,OTHER_TRUE_UNKNOWN,strict_dynamic_link_certificate_failed,R02
K28-025,S005,,,100.0,,,,,,,OTHER_TRUE_UNKNOWN,strict_dynamic_link_certificate_failed,R01
K28-025,S005,,,100.0,,,,,,,OTHER_TRUE_UNKNOWN,strict_dynamic_link_certificate_failed,R02
K28-025,S005,,,100.0,,,,,,,OTHER_TRUE_UNKNOWN,strict_dynamic_link_certificate_failed,R01
K28-025,S005,,,100.0,,,,,,,OTHER_TRUE_UNKNOWN,strict_dynamic_link_certificate_failed,R02
K28-025,S005,,,100.0,,,,,,,OTHER_TRUE_UNKNOWN,strict_dynamic_link_certificate_failed,R01
K28-025,S005,,,100.0,,,,,,,OTHER_TRUE_UNKNOWN,strict_dynamic_link_certificate_failed,R02
K28-025,S005,,,100.0,,,,,,,OTHER_TRUE_UNKNOWN,strict_dynamic_link_certificate_failed,R01
K28-025,S005,,,100.0,,,,,,,OTHER_TRUE_UNKNOWN,strict_dynamic_link_certificate_failed,R02
K28-025,S005,,,100.0,,,,,,,OTHER_TRUE_UNKNOWN,strict_dynamic_link_certificate_failed,R01
K28-025,S005,,,100.0,,,,,,,OTHER_TRUE_UNKNOWN,strict_dynamic_link_certificate_failed,R02
K28-025,S005,,,100.0,,,,,,,OTHER_TRUE_UNKNOWN,strict_dynamic_link_certificate_failed,R01
K28-025,S005,,,100.0,,,,,,,OTHER_TRUE_UNKNOWN,strict_dynamic_link_certificate_failed,R02
K28-027,S007,,,100.0,,,,,,,OTHER_TRUE_UNKNOWN,strict_dynamic_link_certificate_failed,R01
K28-027,S007,,,100.0,,,,,,,OTHER_TRUE_UNKNOWN,strict_dynamic_link_certificate_failed,R02
K28-027,S007,,,100.0,,,,,,,OTHER_TRUE_UNKNOWN,strict_dynamic_link_certificate_failed,R01
K28-027,S007,,,100.0,,,,,,,OTHER_TRUE_UNKNOWN,strict_dynamic_link_certificate_failed,R02
K28-027,S007,,,100.0,,,,,,,OTHER_TRUE_UNKNOWN,strict_dynamic_link_certificate_failed,R01
K28-027,S007,,,100.0,,,,,,,OTHER_TRUE_UNKNOWN,strict_dynamic_link_certificate_failed,R02
K28-027,S007,,,100.0,,,,,,,OTHER_TRUE_UNKNOWN,strict_dynamic_link_certificate_failed,R01
K28-027,S007,,,100.0,,,,,,,OTHER_TRUE_UNKNOWN,strict_dynamic_link_certificate_failed,R02
K28-027,S007,,,100.0,,,,,,,OTHER_TRUE_UNKNOWN,strict_dynamic_link_certificate_failed,R01
K28-027,S007,,,100.0,,,,,,,OTHER_TRUE_UNKNOWN,strict_dynamic_link_certificate_failed,R02
K28-027,S007,,,100.0,,,,,,,OTHER_TRUE_UNKNOWN,strict_dynamic_link_certificate_failed,R01
K28-027,S007,,,100.0,,,,,,,OTHER_TRUE_UNKNOWN,strict_dynamic_link_certificate_failed,R02
K28-027,S007,,,100.0,,,,,,,OTHER_TRUE_UNKNOWN,strict_dynamic_link_certificate_failed,R01
K28-027,S007,,,100.0,,,,,,,OTHER_TRUE_UNKNOWN,strict_dynamic_link_certificate_failed,R02
K28-027,S007,,,100.0,,,,,,,OTHER_TRUE_UNKNOWN,strict_dynamic_link_certificate_failed,R01
K28-027,S007,,,100.0,,,,,,,OTHER_TRUE_UNKNOWN,strict_dynamic_link_certificate_failed,R02
K28-028,S008,,,100.0,,,,,,,OTHER_TRUE_UNKNOWN,strict_dynamic_link_certificate_failed,R01
K28-028,S008,,,100.0,,,,,,,OTHER_TRUE_UNKNOWN,strict_dynamic_link_certificate_failed,R02
K28-028,S008,,,100.0,,,,,,,OTHER_TRUE_UNKNOWN,strict_dynamic_link_certificate_failed,R01
K28-028,S008,,,100.0,,,,,,,OTHER_TRUE_UNKNOWN,strict_dynamic_link_certificate_failed,R02
K28-028,S008,,,100.0,,,,,,,OTHER_TRUE_UNKNOWN,strict_dynamic_link_certificate_failed,R01
K28-028,S008,,,100.0,,,,,,,OTHER_TRUE_UNKNOWN,strict_dynamic_link_certificate_failed,R02
K28-028,S008,,,100.0,,,,,,,OTHER_TRUE_UNKNOWN,strict_dynamic_link_certificate_failed,R01
K28-028,S008,,,100.0,,,,,,,OTHER_TRUE_UNKNOWN,strict_dynamic_link_certificate_failed,R02
K28-028,S008,,,100.0,,,,,,,OTHER_TRUE_UNKNOWN,strict_dynamic_link_certificate_failed,R01
K28-028,S008,,,100.0,,,,,,,OTHER_TRUE_UNKNOWN,strict_dynamic_link_certificate_failed,R02
K28-028,S008,,,100.0,,,,,,,OTHER_TRUE_UNKNOWN,strict_dynamic_link_certificate_failed,R01
K28-028,S008,,,100.0,,,,,,,OTHER_TRUE_UNKNOWN,strict_dynamic_link_certificate_failed,R02
K28-028,S008,,,100.0,,,,,,,OTHER_TRUE_UNKNOWN,strict_dynamic_link_certificate_failed,R01
K28-028,S008,,,100.0,,,,,,,OTHER_TRUE_UNKNOWN,strict_dynamic_link_certificate_failed,R02
K28-028,S008,,,100.0,,,,,,,OTHER_TRUE_UNKNOWN,strict_dynamic_link_certificate_failed,R01
K28-028,S008,,,100.0,,,,,,,OTHER_TRUE_UNKNOWN,strict_dynamic_link_certificate_failed,R02
