route,visit_order,box_set,drone_type,payload_ok,volume_ok,reserve_ok,hard_deadline_ok,soft_lateness,relay_required_interval_count,best_access_margin,best_backhaul_margin,best_joint_margin,communication_pass,relay_energy_ok,route_feasible,mass_kg,volume_m3,energy_kwh,delivery_times
O01->S001->S008->O01,S001->S008,"[""S008-MED-01""]",B,True,True,True,True,0.0,763,-6.475789479030624,4.04386118768889,-6.475789479030624,False,True,False,3.0,0.012,2.5933005423736946,"{""S001"": 768.3055180620103, ""S008"": 1456.4864930371584}"
O01->S001->S008->O01,S001->S008,"[""S008-MED-01""]",C,True,True,True,True,0.0,763,-6.475789479030624,4.04386118768889,-6.475789479030624,False,True,False,3.0,0.012,5.42351953310831,"{""S001"": 816.9016197465805, ""S008"": 1564.8571231234214}"
O01->S001->S008->O01,S001->S008,"[""S008-MED-01"", ""S008-WAT-01""]",B,True,True,True,True,0.0,763,-6.475789479030624,4.04386118768889,-6.475789479030624,False,True,False,17.0,0.039,2.8836537968704645,"{""S001"": 798.3055180620103, ""S008"": 1516.4864930371584}"
O01->S001->S008->O01,S001->S008,"[""S008-MED-01"", ""S008-WAT-01""]",C,True,True,True,True,0.0,763,-6.475789479030624,4.04386118768889,-6.475789479030624,False,True,False,17.0,0.039,5.586573092741226,"{""S001"": 846.9016197465805, ""S008"": 1630.8571231234214}"
O01->S001->S008->O01,S001->S008,"[""S008-MED-01"", ""S008-WAT-01"", ""S008-WAT-02""]",B,False,True,False,True,0.0,763,-6.475789479030624,4.04386118768889,-6.475789479030624,False,False,False,31.0,0.066,3.5828099704593384,"{""S001"": 828.3055180620103, ""S008"": 1576.4864930371584}"
O01->S001->S008->O01,S001->S008,"[""S008-MED-01"", ""S008-WAT-01"", ""S008-WAT-02""]",C,True,True,True,True,0.0,763,-6.475789479030624,4.04386118768889,-6.475789479030624,False,True,False,31.0,0.066,5.8660761817094444,"{""S001"": 876.9016197465805, ""S008"": 1696.8571231234214}"
O01->S001->S008->O01,S001->S008,"[""S008-FOD-01"", ""S008-HYG-01"", ""S008-MED-01"", ""S008-WAT-01"", ""S008-WAT-02""]",B,False,False,False,True,0.0,763,-6.475789479030624,4.04386118768889,-6.475789479030624,False,False,False,45.0,0.129,3.6017866166075962,"{""S001"": 888.3055180620103, ""S008"": 1696.4864930371584}"
O01->S001->S008->O01,S001->S008,"[""S008-FOD-01"", ""S008-HYG-01"", ""S008-MED-01"", ""S008-WAT-01"", ""S008-WAT-02""]",C,True,True,True,True,0.0,763,-6.475789479030624,4.04386118768889,-6.475789479030624,False,True,False,45.0,0.129,6.2877380813472055,"{""S001"": 936.9016197465805, ""S008"": 1828.8571231234214}"
O01->S001->S008->O01,S001->S008,"[""S001-MED-01"", ""S008-MED-01"", ""S008-WAT-01""]",B,True,True,True,True,0.0,763,-6.475789479030624,4.04386118768889,-6.475789479030624,False,True,False,20.0,0.051000000000000004,2.9205559692371086,"{""S001"": 858.3055180620103, ""S008"": 1576.4864930371584}"
O01->S001->S008->O01,S001->S008,"[""S001-MED-01"", ""S008-MED-01"", ""S008-WAT-01""]",C,True,True,True,True,0.0,763,-6.475789479030624,4.04386118768889,-6.475789479030624,False,True,False,20.0,0.051000000000000004,5.603758922242703,"{""S001"": 912.9016197465805, ""S008"": 1696.8571231234214}"
O01->S001->S008->O01,S001->S008,"[""S001-MED-01"", ""S001-MED-02"", ""S008-MED-01"", ""S008-WAT-01""]",B,True,True,True,True,0.0,763,-6.475789479030624,4.04386118768889,-6.475789479030624,False,True,False,23.0,0.063,2.965807658502914,"{""S001"": 918.3055180620103, ""S008"": 1636.4864930371584}"
O01->S001->S008->O01,S001->S008,"[""S001-MED-01"", ""S001-MED-02"", ""S008-MED-01"", ""S008-WAT-01""]",C,True,True,True,True,0.0,763,-6.475789479030624,4.04386118768889,-6.475789479030624,False,True,False,23.0,0.063,5.622710971843894,"{""S001"": 978.9016197465805, ""S008"": 1762.8571231234214}"
O01->S001->S008->O01,S001->S008,"[""S001-MED-01"", ""S008-FOD-01"", ""S008-HYG-01"", ""S008-MED-01"", ""S008-WAT-01"", ""S008-WAT-02""]",B,False,False,False,True,0.0,763,-6.475789479030624,4.04386118768889,-6.475789479030624,False,False,False,48.0,0.14100000000000001,3.6034370197848573,"{""S001"": 948.3055180620103, ""S008"": 1756.4864930371584}"
O01->S001->S008->O01,S001->S008,"[""S001-MED-01"", ""S008-FOD-01"", ""S008-HYG-01"", ""S008-MED-01"", ""S008-WAT-01"", ""S008-WAT-02""]",C,True,True,True,True,0.0,763,-6.475789479030624,4.04386118768889,-6.475789479030624,False,True,False,48.0,0.14100000000000001,6.326952075212292,"{""S001"": 1002.9016197465805, ""S008"": 1894.8571231234214}"
O01->S001->S008->O01,S001->S008,"[""S001-MED-01"", ""S001-MED-02"", ""S008-FOD-01"", ""S008-HYG-01"", ""S008-MED-01"", ""S008-WAT-01"", ""S008-WAT-02""]",B,False,False,False,True,0.0,763,-6.475789479030624,4.04386118768889,-6.475789479030624,False,False,False,51.0,0.153,3.605087422962119,"{""S001"": 1008.3055180620103, ""S008"": 1816.4864930371584}"
O01->S001->S008->O01,S001->S008,"[""S001-MED-01"", ""S001-MED-02"", ""S008-FOD-01"", ""S008-HYG-01"", ""S008-MED-01"", ""S008-WAT-01"", ""S008-WAT-02""]",C,True,True,True,True,0.0,763,-6.475789479030624,4.04386118768889,-6.475789479030624,False,True,False,51.0,0.153,6.369863827614218,"{""S001"": 1068.9016197465805, ""S008"": 1960.8571231234214}"
O01->S001->S008->O01,S001->S008,"[""S001-FOD-01"", ""S001-FOD-02"", ""S001-FOD-03"", ""S001-HYG-01"", ""S001-HYG-02"", ""S001-MED-01"", ""S001-MED-02"", ""S001-WAT-01"", ""S001-WAT-02"", ""S001-WAT-03"", ""S001-WAT-04"", ""S001-WAT-05"", ""S001-WAT-06"", ""S001-WAT-07"", ""S001-WAT-08"", ""S008-MED-01""]",B,False,False,True,True,0.0,763,-6.475789479030624,4.04386118768889,-6.475789479030624,False,True,False,157.0,0.406,3.0002364862856226,"{""S001"": 1668.3055180620104, ""S008"": 2356.4864930371587}"
O01->S001->S008->O01,S001->S008,"[""S001-FOD-01"", ""S001-FOD-02"", ""S001-FOD-03"", ""S001-HYG-01"", ""S001-HYG-02"", ""S001-MED-01"", ""S001-MED-02"", ""S001-WAT-01"", ""S001-WAT-02"", ""S001-WAT-03"", ""S001-WAT-04"", ""S001-WAT-05"", ""S001-WAT-06"", ""S001-WAT-07"", ""S001-WAT-08"", ""S008-MED-01""]",C,False,False,False,True,0.0,763,-6.475789479030624,4.04386118768889,-6.475789479030624,False,False,False,157.0,0.406,6.6042435830569755,"{""S001"": 1806.9016197465805, ""S008"": 2554.8571231234214}"
O01->S001->S008->O01,S001->S008,"[""S001-FOD-01"", ""S001-FOD-02"", ""S001-FOD-03"", ""S001-HYG-01"", ""S001-HYG-02"", ""S001-MED-01"", ""S001-MED-02"", ""S001-WAT-01"", ""S001-WAT-02"", ""S001-WAT-03"", ""S001-WAT-04"", ""S001-WAT-05"", ""S001-WAT-06"", ""S001-WAT-07"", ""S001-WAT-08"", ""S008-MED-01"", ""S008-WAT-01""]",B,False,False,True,True,0.0,763,-6.475789479030624,4.04386118768889,-6.475789479030624,False,True,False,171.0,0.433,3.1986963907946273,"{""S001"": 1698.3055180620104, ""S008"": 2416.4864930371587}"
O01->S001->S008->O01,S001->S008,"[""S001-FOD-01"", ""S001-FOD-02"", ""S001-FOD-03"", ""S001-HYG-01"", ""S001-HYG-02"", ""S001-MED-01"", ""S001-MED-02"", ""S001-WAT-01"", ""S001-WAT-02"", ""S001-WAT-03"", ""S001-WAT-04"", ""S001-WAT-05"", ""S001-WAT-06"", ""S001-WAT-07"", ""S001-WAT-08"", ""S008-MED-01"", ""S008-WAT-01""]",C,False,False,False,True,0.0,763,-6.475789479030624,4.04386118768889,-6.475789479030624,False,False,False,171.0,0.433,6.718509922904907,"{""S001"": 1836.9016197465805, ""S008"": 2620.8571231234214}"
O01->S001->S008->O01,S001->S008,"[""S001-FOD-01"", ""S001-FOD-02"", ""S001-FOD-03"", ""S001-HYG-01"", ""S001-HYG-02"", ""S001-MED-01"", ""S001-MED-02"", ""S001-WAT-01"", ""S001-WAT-02"", ""S001-WAT-03"", ""S001-WAT-04"", ""S001-WAT-05"", ""S001-WAT-06"", ""S001-WAT-07"", ""S001-WAT-08"", ""S008-FOD-01"", ""S008-HYG-01"", ""S008-MED-01"", ""S008-WAT-01"", ""S008-WAT-02""]",B,False,False,False,True,0.0,763,-6.475789479030624,4.04386118768889,-6.475789479030624,False,False,False,199.0,0.523,3.686507313040346,"{""S001"": 1788.3055180620104, ""S008"": 2596.4864930371587}"
O01->S001->S008->O01,S001->S008,"[""S001-FOD-01"", ""S001-FOD-02"", ""S001-FOD-03"", ""S001-HYG-01"", ""S001-HYG-02"", ""S001-MED-01"", ""S001-MED-02"", ""S001-WAT-01"", ""S001-WAT-02"", ""S001-WAT-03"", ""S001-WAT-04"", ""S001-WAT-05"", ""S001-WAT-06"", ""S001-WAT-07"", ""S001-WAT-08"", ""S008-FOD-01"", ""S008-HYG-01"", ""S008-MED-01"", ""S008-WAT-01"", ""S008-WAT-02""]",C,False,False,False,True,0.0,763,-6.475789479030624,4.04386118768889,-6.475789479030624,False,False,False,199.0,0.523,7.195098648671468,"{""S001"": 1926.9016197465805, ""S008"": 2818.8571231234214}"
O01->S008->S001->O01,S008->S001,"[""S008-MED-01""]",B,True,True,True,True,0.0,763,-6.475789479030624,4.04386118768889,-6.475789479030624,False,True,False,3.0,0.012,2.5901172876989884,"{""S008"": 1173.1791567226169, ""S001"": 1837.1164900381264}"
O01->S008->S001->O01,S008->S001,"[""S008-MED-01""]",C,True,True,True,True,0.0,763,-6.475789479030624,4.04386118768889,-6.475789479030624,False,True,False,3.0,0.012,5.42097307508187,"{""S008"": 1235.7273787685153, ""S001"": 1956.3359071523842}"
O01->S008->S001->O01,S008->S001,"[""S008-MED-01"", ""S008-WAT-01""]",B,True,True,True,True,0.0,763,-6.475789479030624,4.04386118768889,-6.475789479030624,False,True,False,17.0,0.039,2.846369849504449,"{""S008"": 1233.1791567226169, ""S001"": 1897.1164900381264}"
O01->S008->S001->O01,S008->S001,"[""S008-MED-01"", ""S008-WAT-01""]",C,True,True,True,True,0.0,763,-6.475789479030624,4.04386118768889,-6.475789479030624,False,True,False,17.0,0.039,5.563115184336905,"{""S008"": 1301.7273787685153, ""S001"": 2022.3359071523842}"
O01->S008->S001->O01,S008->S001,"[""S008-MED-01"", ""S008-WAT-01"", ""S008-WAT-02""]",B,False,True,False,True,0.0,763,-6.475789479030624,4.04386118768889,-6.475789479030624,False,False,False,31.0,0.066,3.4690701561487773,"{""S008"": 1293.1791567226169, ""S001"": 1957.1164900381264}"
O01->S008->S001->O01,S008->S001,"[""S008-MED-01"", ""S008-WAT-01"", ""S008-WAT-02""]",C,True,True,True,True,0.0,763,-6.475789479030624,4.04386118768889,-6.475789479030624,False,True,False,31.0,0.066,5.809641742478066,"{""S008"": 1367.7273787685153, ""S001"": 2088.335907152384}"
O01->S008->S001->O01,S008->S001,"[""S008-FOD-01"", ""S008-HYG-01"", ""S008-MED-01"", ""S008-WAT-01"", ""S008-WAT-02""]",B,False,False,False,True,0.0,763,-6.475789479030624,4.04386118768889,-6.475789479030624,False,False,False,45.0,0.129,3.4820628450742026,"{""S008"": 1413.1791567226169, ""S001"": 2077.1164900381264}"
O01->S008->S001->O01,S008->S001,"[""S008-FOD-01"", ""S008-HYG-01"", ""S008-MED-01"", ""S008-WAT-01"", ""S008-WAT-02""]",C,True,True,True,True,0.0,763,-6.475789479030624,4.04386118768889,-6.475789479030624,False,True,False,45.0,0.129,6.183598348561455,"{""S008"": 1499.7273787685153, ""S001"": 2220.335907152384}"
O01->S008->S001->O01,S008->S001,"[""S001-MED-01"", ""S008-MED-01"", ""S008-WAT-01""]",B,True,True,True,True,0.0,763,-6.475789479030624,4.04386118768889,-6.475789479030624,False,True,False,20.0,0.051000000000000004,2.955644314279493,"{""S008"": 1263.1791567226169, ""S001"": 1957.1164900381264}"
O01->S008->S001->O01,S008->S001,"[""S001-MED-01"", ""S008-MED-01"", ""S008-WAT-01""]",C,True,True,True,True,0.0,763,-6.475789479030624,4.04386118768889,-6.475789479030624,False,True,False,20.0,0.051000000000000004,5.615680581398134,"{""S008"": 1331.7273787685153, ""S001"": 2088.335907152384}"
O01->S008->S001->O01,S008->S001,"[""S001-MED-01"", ""S001-MED-02"", ""S008-MED-01"", ""S008-WAT-01""]",B,True,True,True,True,0.0,763,-6.475789479030624,4.04386118768889,-6.475789479030624,False,True,False,23.0,0.063,3.097605286573143,"{""S008"": 1293.1791567226169, ""S001"": 2017.1164900381264}"
O01->S008->S001->O01,S008->S001,"[""S001-MED-01"", ""S001-MED-02"", ""S008-MED-01"", ""S008-WAT-01""]",C,True,True,True,True,0.0,763,-6.475789479030624,4.04386118768889,-6.475789479030624,False,True,False,23.0,0.063,5.679055959980742,"{""S008"": 1361.7273787685153, ""S001"": 2154.335907152384}"
O01->S008->S001->O01,S008->S001,"[""S001-MED-01"", ""S008-FOD-01"", ""S008-HYG-01"", ""S008-MED-01"", ""S008-WAT-01"", ""S008-WAT-02""]",B,False,False,False,True,0.0,763,-6.475789479030624,4.04386118768889,-6.475789479030624,False,False,False,48.0,0.14100000000000001,3.498018904404811,"{""S008"": 1443.1791567226169, ""S001"": 2137.1164900381264}"
O01->S008->S001->O01,S008->S001,"[""S001-MED-01"", ""S008-FOD-01"", ""S008-HYG-01"", ""S008-MED-01"", ""S008-WAT-01"", ""S008-WAT-02""]",C,True,True,True,True,0.0,763,-6.475789479030624,4.04386118768889,-6.475789479030624,False,True,False,48.0,0.14100000000000001,6.294476653614236,"{""S008"": 1529.7273787685153, ""S001"": 2286.335907152384}"
O01->S008->S001->O01,S008->S001,"[""S001-MED-01"", ""S001-MED-02"", ""S008-FOD-01"", ""S008-HYG-01"", ""S008-MED-01"", ""S008-WAT-01"", ""S008-WAT-02""]",B,False,False,False,True,0.0,763,-6.475789479030624,4.04386118768889,-6.475789479030624,False,False,False,51.0,0.153,3.524558648582201,"{""S008"": 1473.1791567226169, ""S001"": 2197.1164900381264}"
O01->S008->S001->O01,S008->S001,"[""S001-MED-01"", ""S001-MED-02"", ""S008-FOD-01"", ""S008-HYG-01"", ""S008-MED-01"", ""S008-WAT-01"", ""S008-WAT-02""]",C,True,True,False,True,0.0,763,-6.475789479030624,4.04386118768889,-6.475789479030624,False,False,False,51.0,0.153,6.421278104467868,"{""S008"": 1559.7273787685153, ""S001"": 2352.335907152384}"
O01->S008->S001->O01,S008->S001,"[""S001-FOD-01"", ""S001-FOD-02"", ""S001-FOD-03"", ""S001-HYG-01"", ""S001-HYG-02"", ""S001-MED-01"", ""S001-MED-02"", ""S001-WAT-01"", ""S001-WAT-02"", ""S001-WAT-03"", ""S001-WAT-04"", ""S001-WAT-05"", ""S001-WAT-06"", ""S001-WAT-07"", ""S001-WAT-08"", ""S008-MED-01""]",B,False,False,False,True,0.0,763,-6.475789479030624,4.04386118768889,-6.475789479030624,False,False,False,157.0,0.406,4.300402464623964,"{""S008"": 1623.1791567226169, ""S001"": 2737.1164900381264}"
O01->S008->S001->O01,S008->S001,"[""S001-FOD-01"", ""S001-FOD-02"", ""S001-FOD-03"", ""S001-HYG-01"", ""S001-HYG-02"", ""S001-MED-01"", ""S001-MED-02"", ""S001-WAT-01"", ""S001-WAT-02"", ""S001-WAT-03"", ""S001-WAT-04"", ""S001-WAT-05"", ""S001-WAT-06"", ""S001-WAT-07"", ""S001-WAT-08"", ""S008-MED-01""]",C,False,False,False,True,0.0,763,-6.475789479030624,4.04386118768889,-6.475789479030624,False,False,False,157.0,0.406,10.686311390871328,"{""S008"": 1685.7273787685153, ""S001"": 2946.335907152384}"
O01->S008->S001->O01,S008->S001,"[""S001-FOD-01"", ""S001-FOD-02"", ""S001-FOD-03"", ""S001-HYG-01"", ""S001-HYG-02"", ""S001-MED-01"", ""S001-MED-02"", ""S001-WAT-01"", ""S001-WAT-02"", ""S001-WAT-03"", ""S001-WAT-04"", ""S001-WAT-05"", ""S001-WAT-06"", ""S001-WAT-07"", ""S001-WAT-08"", ""S008-MED-01"", ""S008-WAT-01""]",B,False,False,False,True,0.0,763,-6.475789479030624,4.04386118768889,-6.475789479030624,False,False,False,171.0,0.433,4.313395153549389,"{""S008"": 1683.1791567226169, ""S001"": 2797.1164900381264}"
O01->S008->S001->O01,S008->S001,"[""S001-FOD-01"", ""S001-FOD-02"", ""S001-FOD-03"", ""S001-HYG-01"", ""S001-HYG-02"", ""S001-MED-01"", ""S001-MED-02"", ""S001-WAT-01"", ""S001-WAT-02"", ""S001-WAT-03"", ""S001-WAT-04"", ""S001-WAT-05"", ""S001-WAT-06"", ""S001-WAT-07"", ""S001-WAT-08"", ""S008-MED-01"", ""S008-WAT-01""]",C,False,False,False,True,0.0,763,-6.475789479030624,4.04386118768889,-6.475789479030624,False,False,False,171.0,0.433,10.699304079796752,"{""S008"": 1751.7273787685153, ""S001"": 3012.335907152384}"
O01->S008->S001->O01,S008->S001,"[""S001-FOD-01"", ""S001-FOD-02"", ""S001-FOD-03"", ""S001-HYG-01"", ""S001-HYG-02"", ""S001-MED-01"", ""S001-MED-02"", ""S001-WAT-01"", ""S001-WAT-02"", ""S001-WAT-03"", ""S001-WAT-04"", ""S001-WAT-05"", ""S001-WAT-06"", ""S001-WAT-07"", ""S001-WAT-08"", ""S008-FOD-01"", ""S008-HYG-01"", ""S008-MED-01"", ""S008-WAT-01"", ""S008-WAT-02""]",B,False,False,False,True,0.0,763,-6.475789479030624,4.04386118768889,-6.475789479030624,False,False,False,199.0,0.523,4.33938053140024,"{""S008"": 1863.1791567226169, ""S001"": 2977.1164900381264}"
O01->S008->S001->O01,S008->S001,"[""S001-FOD-01"", ""S001-FOD-02"", ""S001-FOD-03"", ""S001-HYG-01"", ""S001-HYG-02"", ""S001-MED-01"", ""S001-MED-02"", ""S001-WAT-01"", ""S001-WAT-02"", ""S001-WAT-03"", ""S001-WAT-04"", ""S001-WAT-05"", ""S001-WAT-06"", ""S001-WAT-07"", ""S001-WAT-08"", ""S008-FOD-01"", ""S008-HYG-01"", ""S008-MED-01"", ""S008-WAT-01"", ""S008-WAT-02""]",C,False,False,False,True,0.0,763,-6.475789479030624,4.04386118768889,-6.475789479030624,False,False,False,199.0,0.523,10.725289457647603,"{""S008"": 1949.7273787685153, ""S001"": 3210.335907152384}"
O01->S002->S008->O01,S002->S008,"[""S008-MED-01""]",B,True,True,True,True,0.0,1037,-6.919930217675258,4.337067544016406,-6.919930217675258,False,True,False,3.0,0.012,3.0584598267225136,"{""S002"": 1071.9015443488845, ""S008"": 1680.120301991722}"
O01->S002->S008->O01,S002->S008,"[""S008-MED-01""]",C,True,True,False,True,0.0,1037,-6.919930217675258,4.337067544016406,-6.919930217675258,False,False,False,3.0,0.012,6.411483265497518,"{""S002"": 1122.930586707283, ""S008"": 1791.0664274800033}"
O01->S002->S008->O01,S002->S008,"[""S008-MED-01"", ""S008-WAT-01""]",B,True,True,False,True,0.0,1037,-6.919930217675258,4.337067544016406,-6.919930217675258,False,False,False,17.0,0.039,3.445156742418213,"{""S002"": 1101.9015443488845, ""S008"": 1740.120301991722}"
O01->S002->S008->O01,S002->S008,"[""S008-MED-01"", ""S008-WAT-01""]",C,True,True,False,True,0.0,1037,-6.919930217675258,4.337067544016406,-6.919930217675258,False,False,False,17.0,0.039,6.6260708520035365,"{""S002"": 1152.930586707283, ""S008"": 1857.0664274800033}"
O01->S002->S008->O01,S002->S008,"[""S008-MED-01"", ""S008-WAT-01"", ""S008-WAT-02""]",B,False,True,False,True,0.0,1037,-6.919930217675258,4.337067544016406,-6.919930217675258,False,False,False,31.0,0.066,4.38455565988205,"{""S002"": 1131.9015443488845, ""S008"": 1800.120301991722}"
O01->S002->S008->O01,S002->S008,"[""S008-MED-01"", ""S008-WAT-01"", ""S008-WAT-02""]",C,True,True,False,True,0.0,1037,-6.919930217675258,4.337067544016406,-6.919930217675258,False,False,False,31.0,0.066,6.998098331824208,"{""S002"": 1182.930586707283, ""S008"": 1923.0664274800033}"
O01->S002->S008->O01,S002->S008,"[""S008-FOD-01"", ""S008-HYG-01"", ""S008-MED-01"", ""S008-WAT-01"", ""S008-WAT-02""]",B,False,False,False,True,0.0,1037,-6.919930217675258,4.337067544016406,-6.919930217675258,False,False,False,45.0,0.129,4.4043510989435335,"{""S002"": 1191.9015443488845, ""S008"": 1920.120301991722}"
O01->S002->S008->O01,S002->S008,"[""S008-FOD-01"", ""S008-HYG-01"", ""S008-MED-01"", ""S008-WAT-01"", ""S008-WAT-02""]",C,True,True,False,True,0.0,1037,-6.919930217675258,4.337067544016406,-6.919930217675258,False,False,False,45.0,0.129,7.562324681947787,"{""S002"": 1242.930586707283, ""S008"": 2055.0664274800033}"
O01->S002->S008->O01,S002->S008,"[""S002-MED-01"", ""S008-MED-01"", ""S008-WAT-01""]",B,True,True,False,True,0.0,1037,-6.919930217675258,4.337067544016406,-6.919930217675258,False,False,False,20.0,0.051000000000000004,3.532776632154428,"{""S002"": 1161.9015443488845, ""S008"": 1800.120301991722}"
O01->S002->S008->O01,S002->S008,"[""S002-MED-01"", ""S008-MED-01"", ""S008-WAT-01""]",C,True,True,False,True,0.0,1037,-6.919930217675258,4.337067544016406,-6.919930217675258,False,False,False,20.0,0.051000000000000004,6.665835902954079,"{""S002"": 1218.930586707283, ""S008"": 1923.0664274800033}"
O01->S002->S008->O01,S002->S008,"[""S002-MED-01"", ""S002-WAT-01"", ""S008-MED-01"", ""S008-WAT-01""]",B,False,False,False,True,0.0,1037,-6.919930217675258,4.337067544016406,-6.919930217675258,False,False,False,34.0,0.078,4.015848190439856,"{""S002"": 1221.9015443488845, ""S008"": 1860.120301991722}"
O01->S002->S008->O01,S002->S008,"[""S002-MED-01"", ""S002-WAT-01"", ""S008-MED-01"", ""S008-WAT-01""]",C,True,True,False,True,0.0,1037,-6.919930217675258,4.337067544016406,-6.919930217675258,False,False,False,34.0,0.078,6.911511704974428,"{""S002"": 1284.930586707283, ""S008"": 1989.0664274800033}"
O01->S002->S008->O01,S002->S008,"[""S002-MED-01"", ""S008-FOD-01"", ""S008-HYG-01"", ""S008-MED-01"", ""S008-WAT-01"", ""S008-WAT-02""]",B,False,False,False,True,0.0,1037,-6.919930217675258,4.337067544016406,-6.919930217675258,False,False,False,48.0,0.14100000000000001,4.406409089954199,"{""S002"": 1251.9015443488845, ""S008"": 1980.120301991722}"
O01->S002->S008->O01,S002->S008,"[""S002-MED-01"", ""S008-FOD-01"", ""S008-HYG-01"", ""S008-MED-01"", ""S008-WAT-01"", ""S008-WAT-02""]",C,True,True,False,True,0.0,1037,-6.919930217675258,4.337067544016406,-6.919930217675258,False,False,False,48.0,0.14100000000000001,7.655555746426993,"{""S002"": 1308.930586707283, ""S008"": 2121.0664274800033}"
O01->S002->S008->O01,S002->S008,"[""S002-MED-01"", ""S002-WAT-01"", ""S008-FOD-01"", ""S008-HYG-01"", ""S008-MED-01"", ""S008-WAT-01"", ""S008-WAT-02""]",B,False,False,False,True,0.0,1037,-6.919930217675258,4.337067544016406,-6.919930217675258,False,False,False,62.0,0.168,4.416013048003974,"{""S002"": 1311.9015443488845, ""S008"": 2040.120301991722}"
O01->S002->S008->O01,S002->S008,"[""S002-MED-01"", ""S002-WAT-01"", ""S008-FOD-01"", ""S008-HYG-01"", ""S008-MED-01"", ""S008-WAT-01"", ""S008-WAT-02""]",C,True,True,False,True,0.0,1037,-6.919930217675258,4.337067544016406,-6.919930217675258,False,False,False,62.0,0.168,8.230087432678395,"{""S002"": 1374.930586707283, ""S008"": 2187.0664274800033}"
O01->S002->S008->O01,S002->S008,"[""S002-FOD-01"", ""S002-FOD-02"", ""S002-HYG-01"", ""S002-MED-01"", ""S002-WAT-01"", ""S002-WAT-02"", ""S002-WAT-03"", ""S002-WAT-04"", ""S008-MED-01""]",B,False,False,False,True,0.0,1037,-6.919930217675258,4.337067544016406,-6.919930217675258,False,False,False,84.0,0.223,3.8960955057931606,"{""S002"": 1551.9015443488845, ""S008"": 2160.120301991722}"
O01->S002->S008->O01,S002->S008,"[""S002-FOD-01"", ""S002-FOD-02"", ""S002-HYG-01"", ""S002-MED-01"", ""S002-WAT-01"", ""S002-WAT-02"", ""S002-WAT-03"", ""S002-WAT-04"", ""S008-MED-01""]",C,False,True,False,True,0.0,1037,-6.919930217675258,4.337067544016406,-6.919930217675258,False,False,False,84.0,0.223,9.127231194993605,"{""S002"": 1650.930586707283, ""S008"": 2319.0664274800033}"
O01->S002->S008->O01,S002->S008,"[""S002-FOD-01"", ""S002-FOD-02"", ""S002-HYG-01"", ""S002-MED-01"", ""S002-WAT-01"", ""S002-WAT-02"", ""S002-WAT-03"", ""S002-WAT-04"", ""S008-MED-01"", ""S008-WAT-01""]",B,False,False,False,True,0.0,1037,-6.919930217675258,4.337067544016406,-6.919930217675258,False,False,False,98.0,0.25,4.0597519986673944,"{""S002"": 1581.9015443488845, ""S008"": 2220.120301991722}"
O01->S002->S008->O01,S002->S008,"[""S002-FOD-01"", ""S002-FOD-02"", ""S002-HYG-01"", ""S002-MED-01"", ""S002-WAT-01"", ""S002-WAT-02"", ""S002-WAT-03"", ""S002-WAT-04"", ""S008-MED-01"", ""S008-WAT-01""]",C,False,True,False,True,0.0,1037,-6.919930217675258,4.337067544016406,-6.919930217675258,False,False,False,98.0,0.25,9.223404096099912,"{""S002"": 1680.930586707283, ""S008"": 2385.0664274800033}"
O01->S002->S008->O01,S002->S008,"[""S002-FOD-01"", ""S002-FOD-02"", ""S002-HYG-01"", ""S002-MED-01"", ""S002-WAT-01"", ""S002-WAT-02"", ""S002-WAT-03"", ""S002-WAT-04"", ""S008-FOD-01"", ""S008-HYG-01"", ""S008-MED-01"", ""S008-WAT-01"", ""S008-WAT-02""]",B,False,False,False,True,0.0,1037,-6.919930217675258,4.337067544016406,-6.919930217675258,False,False,False,126.0,0.34,4.459916856231512,"{""S002"": 1671.9015443488845, ""S008"": 2400.120301991722}"
O01->S002->S008->O01,S002->S008,"[""S002-FOD-01"", ""S002-FOD-02"", ""S002-HYG-01"", ""S002-MED-01"", ""S002-WAT-01"", ""S002-WAT-02"", ""S002-WAT-03"", ""S002-WAT-04"", ""S008-FOD-01"", ""S008-HYG-01"", ""S008-MED-01"", ""S008-WAT-01"", ""S008-WAT-02""]",C,False,False,False,True,0.0,1037,-6.919930217675258,4.337067544016406,-6.919930217675258,False,False,False,126.0,0.34,9.614574036665473,"{""S002"": 1770.930586707283, ""S008"": 2583.0664274800033}"
O01->S008->S002->O01,S008->S002,"[""S008-MED-01""]",B,True,True,True,True,0.0,1037,-6.919930217675258,4.337067544016406,-6.919930217675258,False,True,False,3.0,0.012,3.0488285533497694,"{""S008"": 1173.1791567226169, ""S002"": 1754.803738068645}"
O01->S008->S002->O01,S008->S002,"[""S008-MED-01""]",C,True,True,False,True,0.0,1037,-6.919930217675258,4.337067544016406,-6.919930217675258,False,False,False,3.0,0.012,6.404866757242772,"{""S008"": 1235.7273787685153, ""S002"": 1872.9823765777599}"
O01->S008->S002->O01,S008->S002,"[""S008-MED-01"", ""S008-WAT-01""]",B,True,True,False,True,0.0,1037,-6.919930217675258,4.337067544016406,-6.919930217675258,False,False,False,17.0,0.039,3.30508111515523,"{""S008"": 1233.1791567226169, ""S002"": 1814.803738068645}"
O01->S008->S002->O01,S008->S002,"[""S008-MED-01"", ""S008-WAT-01""]",C,True,True,False,True,0.0,1037,-6.919930217675258,4.337067544016406,-6.919930217675258,False,False,False,17.0,0.039,6.547008866497807,"{""S008"": 1301.7273787685153, ""S002"": 1938.9823765777599}"
O01->S008->S002->O01,S008->S002,"[""S008-MED-01"", ""S008-WAT-01"", ""S008-WAT-02""]",B,False,True,False,True,0.0,1037,-6.919930217675258,4.337067544016406,-6.919930217675258,False,False,False,31.0,0.066,3.9277814217995584,"{""S008"": 1293.1791567226169, ""S002"": 1874.803738068645}"
O01->S008->S002->O01,S008->S002,"[""S008-MED-01"", ""S008-WAT-01"", ""S008-WAT-02""]",C,True,True,False,True,0.0,1037,-6.919930217675258,4.337067544016406,-6.919930217675258,False,False,False,31.0,0.066,6.793535424638968,"{""S008"": 1367.7273787685153, ""S002"": 2004.9823765777599}"
O01->S008->S002->O01,S008->S002,"[""S008-FOD-01"", ""S008-HYG-01"", ""S008-MED-01"", ""S008-WAT-01"", ""S008-WAT-02""]",B,False,False,False,True,0.0,1037,-6.919930217675258,4.337067544016406,-6.919930217675258,False,False,False,45.0,0.129,3.9407741107249836,"{""S008"": 1413.1791567226169, ""S002"": 1994.803738068645}"
O01->S008->S002->O01,S008->S002,"[""S008-FOD-01"", ""S008-HYG-01"", ""S008-MED-01"", ""S008-WAT-01"", ""S008-WAT-02""]",C,True,True,False,True,0.0,1037,-6.919930217675258,4.337067544016406,-6.919930217675258,False,False,False,45.0,0.129,7.167492030722357,"{""S008"": 1499.7273787685153, ""S002"": 2136.98237657776}"
O01->S008->S002->O01,S008->S002,"[""S002-MED-01"", ""S008-MED-01"", ""S008-WAT-01""]",B,True,True,False,True,0.0,1037,-6.919930217675258,4.337067544016406,-6.919930217675258,False,False,False,20.0,0.051000000000000004,3.412196221478236,"{""S008"": 1263.1791567226169, ""S002"": 1874.803738068645}"
O01->S008->S002->O01,S008->S002,"[""S002-MED-01"", ""S008-MED-01"", ""S008-WAT-01""]",C,True,True,False,True,0.0,1037,-6.919930217675258,4.337067544016406,-6.919930217675258,False,False,False,20.0,0.051000000000000004,6.598311101829525,"{""S008"": 1331.7273787685153, ""S002"": 2004.9823765777599}"
O01->S008->S002->O01,S008->S002,"[""S002-MED-01"", ""S002-WAT-01"", ""S008-MED-01"", ""S008-WAT-01""]",B,False,False,False,True,0.0,1037,-6.919930217675258,4.337067544016406,-6.919930217675258,False,False,False,34.0,0.078,4.092897793124584,"{""S008"": 1293.1791567226169, ""S002"": 1934.803738068645}"
O01->S008->S002->O01,S008->S002,"[""S002-MED-01"", ""S002-WAT-01"", ""S008-MED-01"", ""S008-WAT-01""]",C,True,True,False,True,0.0,1037,-6.919930217675258,4.337067544016406,-6.919930217675258,False,False,False,34.0,0.078,6.952616909857202,"{""S008"": 1361.7273787685153, ""S002"": 2070.98237657776}"
O01->S008->S002->O01,S008->S002,"[""S002-MED-01"", ""S008-FOD-01"", ""S008-HYG-01"", ""S008-MED-01"", ""S008-WAT-01"", ""S008-WAT-02""]",B,False,False,False,True,0.0,1037,-6.919930217675258,4.337067544016406,-6.919930217675258,False,False,False,48.0,0.14100000000000001,3.954570811603554,"{""S008"": 1443.1791567226169, ""S002"": 2054.803738068645}"
O01->S008->S002->O01,S008->S002,"[""S002-MED-01"", ""S008-FOD-01"", ""S008-HYG-01"", ""S008-MED-01"", ""S008-WAT-01"", ""S008-WAT-02""]",C,True,True,False,True,0.0,1037,-6.919930217675258,4.337067544016406,-6.919930217675258,False,False,False,48.0,0.14100000000000001,7.277107174045627,"{""S008"": 1529.7273787685153, ""S002"": 2202.98237657776}"
O01->S008->S002->O01,S008->S002,"[""S002-MED-01"", ""S002-WAT-01"", ""S008-FOD-01"", ""S008-HYG-01"", ""S008-MED-01"", ""S008-WAT-01"", ""S008-WAT-02""]",B,False,False,False,True,0.0,1037,-6.919930217675258,4.337067544016406,-6.919930217675258,False,False,False,62.0,0.168,4.118883170975433,"{""S008"": 1473.1791567226169, ""S002"": 2114.803738068645}"
O01->S008->S002->O01,S008->S002,"[""S002-MED-01"", ""S002-WAT-01"", ""S008-FOD-01"", ""S008-HYG-01"", ""S008-MED-01"", ""S008-WAT-01"", ""S008-WAT-02""]",C,True,True,False,True,0.0,1037,-6.919930217675258,4.337067544016406,-6.919930217675258,False,False,False,62.0,0.168,7.990080884428981,"{""S008"": 1559.7273787685153, ""S002"": 2268.98237657776}"
O01->S008->S002->O01,S008->S002,"[""S002-FOD-01"", ""S002-FOD-02"", ""S002-HYG-01"", ""S002-MED-01"", ""S002-WAT-01"", ""S002-WAT-02"", ""S002-WAT-03"", ""S002-WAT-04"", ""S008-MED-01""]",B,False,False,False,True,0.0,1037,-6.919930217675258,4.337067544016406,-6.919930217675258,False,False,False,84.0,0.223,4.533990132544071,"{""S008"": 1413.1791567226169, ""S002"": 2234.803738068645}"
O01->S008->S002->O01,S008->S002,"[""S002-FOD-01"", ""S002-FOD-02"", ""S002-HYG-01"", ""S002-MED-01"", ""S002-WAT-01"", ""S002-WAT-02"", ""S002-WAT-03"", ""S002-WAT-04"", ""S008-MED-01""]",C,False,True,False,True,0.0,1037,-6.919930217675258,4.337067544016406,-6.919930217675258,False,False,False,84.0,0.223,11.14608196047485,"{""S008"": 1475.7273787685153, ""S002"": 2400.98237657776}"
O01->S008->S002->O01,S008->S002,"[""S002-FOD-01"", ""S002-FOD-02"", ""S002-HYG-01"", ""S002-MED-01"", ""S002-WAT-01"", ""S002-WAT-02"", ""S002-WAT-03"", ""S002-WAT-04"", ""S008-MED-01"", ""S008-WAT-01""]",B,False,False,False,True,0.0,1037,-6.919930217675258,4.337067544016406,-6.919930217675258,False,False,False,98.0,0.25,4.546982821469495,"{""S008"": 1473.1791567226169, ""S002"": 2294.803738068645}"
O01->S008->S002->O01,S008->S002,"[""S002-FOD-01"", ""S002-FOD-02"", ""S002-HYG-01"", ""S002-MED-01"", ""S002-WAT-01"", ""S002-WAT-02"", ""S002-WAT-03"", ""S002-WAT-04"", ""S008-MED-01"", ""S008-WAT-01""]",C,False,True,False,True,0.0,1037,-6.919930217675258,4.337067544016406,-6.919930217675258,False,False,False,98.0,0.25,11.159074649400276,"{""S008"": 1541.7273787685153, ""S002"": 2466.98237657776}"
O01->S008->S002->O01,S008->S002,"[""S002-FOD-01"", ""S002-FOD-02"", ""S002-HYG-01"", ""S002-MED-01"", ""S002-WAT-01"", ""S002-WAT-02"", ""S002-WAT-03"", ""S002-WAT-04"", ""S008-FOD-01"", ""S008-HYG-01"", ""S008-MED-01"", ""S008-WAT-01"", ""S008-WAT-02""]",B,False,False,False,True,0.0,1037,-6.919930217675258,4.337067544016406,-6.919930217675258,False,False,False,126.0,0.34,4.572968199320346,"{""S008"": 1653.1791567226169, ""S002"": 2474.803738068645}"
O01->S008->S002->O01,S008->S002,"[""S002-FOD-01"", ""S002-FOD-02"", ""S002-HYG-01"", ""S002-MED-01"", ""S002-WAT-01"", ""S002-WAT-02"", ""S002-WAT-03"", ""S002-WAT-04"", ""S008-FOD-01"", ""S008-HYG-01"", ""S008-MED-01"", ""S008-WAT-01"", ""S008-WAT-02""]",C,False,False,False,True,0.0,1037,-6.919930217675258,4.337067544016406,-6.919930217675258,False,False,False,126.0,0.34,11.185060027251126,"{""S008"": 1739.7273787685153, ""S002"": 2664.9823765777596}"
O01->S003->S008->O01,S003->S008,"[""S008-MED-01""]",B,True,True,False,True,0.0,1245,-7.493943562253392,4.624989486263672,-7.493943562253392,False,False,False,3.0,0.012,3.38660179217228,"{""S003"": 1198.1382661102903, ""S008"": 2168.1736477168947}"
O01->S003->S008->O01,S003->S008,"[""S008-MED-01""]",C,True,True,False,True,0.0,1245,-7.493943562253392,4.624989486263672,-7.493943562253392,False,False,False,3.0,0.012,6.9617572278617725,"{""S003"": 1279.4089558075557, ""S008"": 2370.467459972754}"
O01->S003->S008->O01,S003->S008,"[""S008-MED-01"", ""S008-WAT-01""]",B,True,True,False,True,0.0,1245,-7.493943562253392,4.624989486263672,-7.493943562253392,False,False,False,17.0,0.039,3.8410908382314637,"{""S003"": 1228.1382661102903, ""S008"": 2228.1736477168947}"
O01->S003->S008->O01,S003->S008,"[""S008-MED-01"", ""S008-WAT-01""]",C,True,True,False,True,0.0,1245,-7.493943562253392,4.624989486263672,-7.493943562253392,False,False,False,17.0,0.039,7.225959205682562,"{""S003"": 1309.4089558075557, ""S008"": 2436.467459972754}"
O01->S003->S008->O01,S003->S008,"[""S008-MED-01"", ""S008-WAT-01"", ""S008-WAT-02""]",B,False,True,False,True,0.0,1245,-7.493943562253392,4.624989486263672,-7.493943562253392,False,False,False,31.0,0.066,4.9066568318397294,"{""S003"": 1258.1382661102903, ""S008"": 2288.1736477168947}"
O01->S003->S008->O01,S003->S008,"[""S008-MED-01"", ""S008-WAT-01"", ""S008-WAT-02""]",C,True,True,False,True,0.0,1245,-7.493943562253392,4.624989486263672,-7.493943562253392,False,False,False,31.0,0.066,7.664229468259686,"{""S003"": 1339.4089558075557, ""S008"": 2502.467459972754}"
O01->S003->S008->O01,S003->S008,"[""S008-FOD-01"", ""S008-HYG-01"", ""S008-MED-01"", ""S008-WAT-01"", ""S008-WAT-02""]",B,False,False,False,True,0.0,1245,-7.493943562253392,4.624989486263672,-7.493943562253392,False,False,False,45.0,0.129,4.955493222986071,"{""S003"": 1318.1382661102903, ""S008"": 2408.1736477168947}"
O01->S003->S008->O01,S003->S008,"[""S008-FOD-01"", ""S008-HYG-01"", ""S008-MED-01"", ""S008-WAT-01"", ""S008-WAT-02""]",C,True,True,False,True,0.0,1245,-7.493943562253392,4.624989486263672,-7.493943562253392,False,False,False,45.0,0.129,8.314998145192748,"{""S003"": 1399.4089558075557, ""S008"": 2634.467459972754}"
O01->S003->S008->O01,S003->S008,"[""S003-MED-01"", ""S008-MED-01"", ""S008-WAT-01""]",B,True,True,False,True,0.0,1245,-7.493943562253392,4.624989486263672,-7.493943562253392,False,False,False,20.0,0.051000000000000004,3.9295817049698245,"{""S003"": 1288.1382661102903, ""S008"": 2288.1736477168947}"
O01->S003->S008->O01,S003->S008,"[""S003-MED-01"", ""S008-MED-01"", ""S008-WAT-01""]",C,True,True,False,True,0.0,1245,-7.493943562253392,4.624989486263672,-7.493943562253392,False,False,False,20.0,0.051000000000000004,7.267713792022917,"{""S003"": 1375.4089558075557, ""S008"": 2502.467459972754}"
O01->S003->S008->O01,S003->S008,"[""S003-MED-01"", ""S003-WAT-01"", ""S008-MED-01"", ""S008-WAT-01""]",B,False,False,False,True,0.0,1245,-7.493943562253392,4.624989486263672,-7.493943562253392,False,False,False,34.0,0.078,4.4149839696930595,"{""S003"": 1348.1382661102903, ""S008"": 2348.1736477168947}"
O01->S003->S008->O01,S003->S008,"[""S003-MED-01"", ""S003-WAT-01"", ""S008-MED-01"", ""S008-WAT-01""]",C,True,True,False,True,0.0,1245,-7.493943562253392,4.624989486263672,-7.493943562253392,False,False,False,34.0,0.078,7.521269185841568,"{""S003"": 1441.4089558075557, ""S008"": 2568.467459972754}"
O01->S003->S008->O01,S003->S008,"[""S003-MED-01"", ""S008-FOD-01"", ""S008-HYG-01"", ""S008-MED-01"", ""S008-WAT-01"", ""S008-WAT-02""]",B,False,False,False,True,0.0,1245,-7.493943562253392,4.624989486263672,-7.493943562253392,False,False,False,48.0,0.14100000000000001,4.960422113721698,"{""S003"": 1378.1382661102903, ""S008"": 2468.1736477168947}"
O01->S003->S008->O01,S003->S008,"[""S003-MED-01"", ""S008-FOD-01"", ""S008-HYG-01"", ""S008-MED-01"", ""S008-WAT-01"", ""S008-WAT-02""]",C,True,True,False,True,0.0,1245,-7.493943562253392,4.624989486263672,-7.493943562253392,False,False,False,48.0,0.14100000000000001,8.408969031147663,"{""S003"": 1465.4089558075557, ""S008"": 2700.467459972754}"
O01->S003->S008->O01,S003->S008,"[""S003-MED-01"", ""S003-WAT-01"", ""S008-FOD-01"", ""S008-HYG-01"", ""S008-MED-01"", ""S008-WAT-01"", ""S008-WAT-02""]",B,False,False,False,True,0.0,1245,-7.493943562253392,4.624989486263672,-7.493943562253392,False,False,False,62.0,0.168,4.9834236038212865,"{""S003"": 1438.1382661102903, ""S008"": 2528.1736477168947}"
O01->S003->S008->O01,S003->S008,"[""S003-MED-01"", ""S003-WAT-01"", ""S008-FOD-01"", ""S008-HYG-01"", ""S008-MED-01"", ""S008-WAT-01"", ""S008-WAT-02""]",C,True,True,False,True,0.0,1245,-7.493943562253392,4.624989486263672,-7.493943562253392,False,False,False,62.0,0.168,8.983693635979483,"{""S003"": 1531.4089558075557, ""S008"": 2766.467459972754}"
O01->S003->S008->O01,S003->S008,"[""S003-FOD-01"", ""S003-FOD-02"", ""S003-HYG-01"", ""S003-MED-01"", ""S003-WAT-01"", ""S003-WAT-02"", ""S003-WAT-03"", ""S003-WAT-04"", ""S008-MED-01""]",B,False,False,False,True,0.0,1245,-7.493943562253392,4.624989486263672,-7.493943562253392,False,False,False,84.0,0.223,4.28347167150123,"{""S003"": 1678.1382661102903, ""S008"": 2648.1736477168947}"
O01->S003->S008->O01,S003->S008,"[""S003-FOD-01"", ""S003-FOD-02"", ""S003-HYG-01"", ""S003-MED-01"", ""S003-WAT-01"", ""S003-WAT-02"", ""S003-WAT-03"", ""S003-WAT-04"", ""S008-MED-01""]",C,False,True,False,True,0.0,1245,-7.493943562253392,4.624989486263672,-7.493943562253392,False,False,False,84.0,0.223,9.692840385976098,"{""S003"": 1807.4089558075557, ""S008"": 2898.467459972754}"
O01->S003->S008->O01,S003->S008,"[""S003-FOD-01"", ""S003-FOD-02"", ""S003-HYG-01"", ""S003-MED-01"", ""S003-WAT-01"", ""S003-WAT-02"", ""S003-WAT-03"", ""S003-WAT-04"", ""S008-MED-01"", ""S008-WAT-01""]",B,False,False,False,True,0.0,1245,-7.493943562253392,4.624989486263672,-7.493943562253392,False,False,False,98.0,0.25,4.520133638719751,"{""S003"": 1708.1382661102903, ""S008"": 2708.1736477168947}"
O01->S003->S008->O01,S003->S008,"[""S003-FOD-01"", ""S003-FOD-02"", ""S003-HYG-01"", ""S003-MED-01"", ""S003-WAT-01"", ""S003-WAT-02"", ""S003-WAT-03"", ""S003-WAT-04"", ""S008-MED-01"", ""S008-WAT-01""]",C,False,True,False,True,0.0,1245,-7.493943562253392,4.624989486263672,-7.493943562253392,False,False,False,98.0,0.25,9.841395501734121,"{""S003"": 1837.4089558075557, ""S008"": 2964.467459972754}"
O01->S003->S008->O01,S003->S008,"[""S003-FOD-01"", ""S003-FOD-02"", ""S003-HYG-01"", ""S003-MED-01"", ""S003-WAT-01"", ""S003-WAT-02"", ""S003-WAT-03"", ""S003-WAT-04"", ""S008-FOD-01"", ""S008-HYG-01"", ""S008-MED-01"", ""S008-WAT-01"", ""S008-WAT-02""]",B,False,False,False,True,0.0,1245,-7.493943562253392,4.624989486263672,-7.493943562253392,False,False,False,126.0,0.34,5.088573272847979,"{""S003"": 1798.1382661102903, ""S008"": 2888.1736477168947}"
O01->S003->S008->O01,S003->S008,"[""S003-FOD-01"", ""S003-FOD-02"", ""S003-HYG-01"", ""S003-MED-01"", ""S003-WAT-01"", ""S003-WAT-02"", ""S003-WAT-03"", ""S003-WAT-04"", ""S008-FOD-01"", ""S008-HYG-01"", ""S008-MED-01"", ""S008-WAT-01"", ""S008-WAT-02""]",C,False,False,False,True,0.0,1245,-7.493943562253392,4.624989486263672,-7.493943562253392,False,False,False,126.0,0.34,10.39809133570102,"{""S003"": 1927.4089558075557, ""S008"": 3162.467459972754}"
O01->S008->S003->O01,S008->S003,"[""S008-MED-01""]",B,True,True,False,True,0.0,1245,-7.493943562253392,4.624989486263672,-7.493943562253392,False,False,False,3.0,0.012,3.368006757676756,"{""S008"": 1173.1791567226169, ""S003"": 2108.6452775998905}"
O01->S008->S003->O01,S008->S003,"[""S008-MED-01""]",C,True,True,False,True,0.0,1245,-7.493943562253392,4.624989486263672,-7.493943562253392,False,False,False,3.0,0.012,6.946915309227642,"{""S008"": 1235.7273787685153, ""S003"": 2283.9632888710494}"
O01->S008->S003->O01,S008->S003,"[""S008-MED-01"", ""S008-WAT-01""]",B,True,True,False,True,0.0,1245,-7.493943562253392,4.624989486263672,-7.493943562253392,False,False,False,17.0,0.039,3.6242593194822166,"{""S008"": 1233.1791567226169, ""S003"": 2168.6452775998905}"
O01->S008->S003->O01,S008->S003,"[""S008-MED-01"", ""S008-WAT-01""]",C,True,True,False,True,0.0,1245,-7.493943562253392,4.624989486263672,-7.493943562253392,False,False,False,17.0,0.039,7.089057418482677,"{""S008"": 1301.7273787685153, ""S003"": 2349.9632888710494}"
O01->S008->S003->O01,S008->S003,"[""S008-MED-01"", ""S008-WAT-01"", ""S008-WAT-02""]",B,False,True,False,True,0.0,1245,-7.493943562253392,4.624989486263672,-7.493943562253392,False,False,False,31.0,0.066,4.246959626126545,"{""S008"": 1293.1791567226169, ""S003"": 2228.6452775998905}"
O01->S008->S003->O01,S008->S003,"[""S008-MED-01"", ""S008-WAT-01"", ""S008-WAT-02""]",C,True,True,False,True,0.0,1245,-7.493943562253392,4.624989486263672,-7.493943562253392,False,False,False,31.0,0.066,7.335583976623838,"{""S008"": 1367.7273787685153, ""S003"": 2415.9632888710494}"
O01->S008->S003->O01,S008->S003,"[""S008-FOD-01"", ""S008-HYG-01"", ""S008-MED-01"", ""S008-WAT-01"", ""S008-WAT-02""]",B,False,False,False,True,0.0,1245,-7.493943562253392,4.624989486263672,-7.493943562253392,False,False,False,45.0,0.129,4.2599523150519705,"{""S008"": 1413.1791567226169, ""S003"": 2348.6452775998905}"
O01->S008->S003->O01,S008->S003,"[""S008-FOD-01"", ""S008-HYG-01"", ""S008-MED-01"", ""S008-WAT-01"", ""S008-WAT-02""]",C,True,True,False,True,0.0,1245,-7.493943562253392,4.624989486263672,-7.493943562253392,False,False,False,45.0,0.129,7.709540582707228,"{""S008"": 1499.7273787685153, ""S003"": 2547.9632888710494}"
O01->S008->S003->O01,S008->S003,"[""S003-MED-01"", ""S008-MED-01"", ""S008-WAT-01""]",B,True,True,False,True,0.0,1245,-7.493943562253392,4.624989486263672,-7.493943562253392,False,False,False,20.0,0.051000000000000004,3.7389531189510277,"{""S008"": 1263.1791567226169, ""S003"": 2228.6452775998905}"
O01->S008->S003->O01,S008->S003,"[""S003-MED-01"", ""S008-MED-01"", ""S008-WAT-01""]",C,True,True,False,True,0.0,1245,-7.493943562253392,4.624989486263672,-7.493943562253392,False,False,False,20.0,0.051000000000000004,7.146832518385425,"{""S008"": 1331.7273787685153, ""S003"": 2415.9632888710494}"
O01->S008->S003->O01,S008->S003,"[""S003-MED-01"", ""S003-WAT-01"", ""S008-MED-01"", ""S008-WAT-01""]",B,False,False,False,True,0.0,1245,-7.493943562253392,4.624989486263672,-7.493943562253392,False,False,False,34.0,0.078,4.485549194256109,"{""S008"": 1293.1791567226169, ""S003"": 2288.6452775998905}"
O01->S008->S003->O01,S008->S003,"[""S003-MED-01"", ""S003-WAT-01"", ""S008-MED-01"", ""S008-WAT-01""]",C,True,True,False,True,0.0,1245,-7.493943562253392,4.624989486263672,-7.493943562253392,False,False,False,34.0,0.078,7.546418382612571,"{""S008"": 1361.7273787685153, ""S003"": 2481.9632888710494}"
O01->S008->S003->O01,S008->S003,"[""S003-MED-01"", ""S008-FOD-01"", ""S008-HYG-01"", ""S008-MED-01"", ""S008-WAT-01"", ""S008-WAT-02""]",B,False,False,False,True,0.0,1245,-7.493943562253392,4.624989486263672,-7.493943562253392,False,False,False,48.0,0.14100000000000001,4.281327709076345,"{""S008"": 1443.1791567226169, ""S003"": 2408.6452775998905}"
O01->S008->S003->O01,S008->S003,"[""S003-MED-01"", ""S008-FOD-01"", ""S008-HYG-01"", ""S008-MED-01"", ""S008-WAT-01"", ""S008-WAT-02""]",C,True,True,False,True,0.0,1245,-7.493943562253392,4.624989486263672,-7.493943562253392,False,False,False,48.0,0.14100000000000001,7.825628590601528,"{""S008"": 1529.7273787685153, ""S003"": 2613.9632888710494}"
O01->S008->S003->O01,S008->S003,"[""S003-MED-01"", ""S003-WAT-01"", ""S008-FOD-01"", ""S008-HYG-01"", ""S008-MED-01"", ""S008-WAT-01"", ""S008-WAT-02""]",B,False,False,False,True,0.0,1245,-7.493943562253392,4.624989486263672,-7.493943562253392,False,False,False,62.0,0.168,4.511534572106959,"{""S008"": 1473.1791567226169, ""S003"": 2468.6452775998905}"
O01->S008->S003->O01,S008->S003,"[""S003-MED-01"", ""S003-WAT-01"", ""S008-FOD-01"", ""S008-HYG-01"", ""S008-MED-01"", ""S008-WAT-01"", ""S008-WAT-02""]",C,True,True,False,True,0.0,1245,-7.493943562253392,4.624989486263672,-7.493943562253392,False,False,False,62.0,0.168,8.583882357184349,"{""S008"": 1559.7273787685153, ""S003"": 2679.9632888710494}"
O01->S008->S003->O01,S008->S003,"[""S003-FOD-01"", ""S003-FOD-02"", ""S003-HYG-01"", ""S003-MED-01"", ""S003-WAT-01"", ""S003-WAT-02"", ""S003-WAT-03"", ""S003-WAT-04"", ""S008-MED-01""]",B,False,False,False,True,0.0,1245,-7.493943562253392,4.624989486263672,-7.493943562253392,False,False,False,84.0,0.223,5.137124542860288,"{""S008"": 1413.1791567226169, ""S003"": 2588.6452775998905}"
O01->S008->S003->O01,S008->S003,"[""S003-FOD-01"", ""S003-FOD-02"", ""S003-HYG-01"", ""S003-MED-01"", ""S003-WAT-01"", ""S003-WAT-02"", ""S003-WAT-03"", ""S003-WAT-04"", ""S008-MED-01""]",C,False,True,False,True,0.0,1245,-7.493943562253392,4.624989486263672,-7.493943562253392,False,False,False,84.0,0.223,12.34102603615526,"{""S008"": 1475.7273787685153, ""S003"": 2811.9632888710494}"
O01->S008->S003->O01,S008->S003,"[""S003-FOD-01"", ""S003-FOD-02"", ""S003-HYG-01"", ""S003-MED-01"", ""S003-WAT-01"", ""S003-WAT-02"", ""S003-WAT-03"", ""S003-WAT-04"", ""S008-MED-01"", ""S008-WAT-01""]",B,False,False,False,True,0.0,1245,-7.493943562253392,4.624989486263672,-7.493943562253392,False,False,False,98.0,0.25,5.150117231785712,"{""S008"": 1473.1791567226169, ""S003"": 2648.6452775998905}"
O01->S008->S003->O01,S008->S003,"[""S003-FOD-01"", ""S003-FOD-02"", ""S003-HYG-01"", ""S003-MED-01"", ""S003-WAT-01"", ""S003-WAT-02"", ""S003-WAT-03"", ""S003-WAT-04"", ""S008-MED-01"", ""S008-WAT-01""]",C,False,True,False,True,0.0,1245,-7.493943562253392,4.624989486263672,-7.493943562253392,False,False,False,98.0,0.25,12.354018725080682,"{""S008"": 1541.7273787685153, ""S003"": 2877.9632888710494}"
O01->S008->S003->O01,S008->S003,"[""S003-FOD-01"", ""S003-FOD-02"", ""S003-HYG-01"", ""S003-MED-01"", ""S003-WAT-01"", ""S003-WAT-02"", ""S003-WAT-03"", ""S003-WAT-04"", ""S008-FOD-01"", ""S008-HYG-01"", ""S008-MED-01"", ""S008-WAT-01"", ""S008-WAT-02""]",B,False,False,False,True,0.0,1245,-7.493943562253392,4.624989486263672,-7.493943562253392,False,False,False,126.0,0.34,5.176102609636564,"{""S008"": 1653.1791567226169, ""S003"": 2828.6452775998905}"
O01->S008->S003->O01,S008->S003,"[""S003-FOD-01"", ""S003-FOD-02"", ""S003-HYG-01"", ""S003-MED-01"", ""S003-WAT-01"", ""S003-WAT-02"", ""S003-WAT-03"", ""S003-WAT-04"", ""S008-FOD-01"", ""S008-HYG-01"", ""S008-MED-01"", ""S008-WAT-01"", ""S008-WAT-02""]",C,False,False,False,True,0.0,1245,-7.493943562253392,4.624989486263672,-7.493943562253392,False,False,False,126.0,0.34,12.380004102931533,"{""S008"": 1739.7273787685153, ""S003"": 3075.9632888710494}"
O01->S004->S008->O01,S004->S008,"[""S008-MED-01""]",B,True,True,True,True,0.0,802,-6.473824827883291,4.0363896174515475,-6.473824827883291,False,True,False,3.0,0.012,2.8084381768713045,"{""S004"": 1154.5341269976884, ""S008"": 1617.580455058751}"
O01->S004->S008->O01,S004->S008,"[""S008-MED-01""]",C,True,True,True,True,0.0,802,-6.473824827883291,4.0363896174515475,-6.473824827883291,False,True,False,3.0,0.012,5.854849298317758,"{""S004"": 1219.5639880409826, ""S008"": 1742.7725654510036}"
O01->S004->S008->O01,S004->S008,"[""S008-MED-01"", ""S008-WAT-01""]",B,True,True,True,True,0.0,802,-6.473824827883291,4.0363896174515475,-6.473824827883291,False,True,False,17.0,0.039,3.143320555800461,"{""S004"": 1184.5341269976884, ""S008"": 1677.580455058751}"
O01->S004->S008->O01,S004->S008,"[""S008-MED-01"", ""S008-WAT-01""]",C,True,True,True,True,0.0,802,-6.473824827883291,4.0363896174515475,-6.473824827883291,False,True,False,17.0,0.039,6.044052480221919,"{""S004"": 1249.5639880409826, ""S008"": 1808.7725654510036}"
O01->S004->S008->O01,S004->S008,"[""S008-MED-01"", ""S008-WAT-01"", ""S008-WAT-02""]",B,False,True,False,True,0.0,802,-6.473824827883291,4.0363896174515475,-6.473824827883291,False,False,False,31.0,0.066,3.94602873005854,"{""S004"": 1214.5341269976884, ""S008"": 1737.580455058751}"
O01->S004->S008->O01,S004->S008,"[""S008-MED-01"", ""S008-WAT-01"", ""S008-WAT-02""]",C,True,True,True,True,0.0,802,-6.473824827883291,4.0363896174515475,-6.473824827883291,False,True,False,31.0,0.066,6.366518149091572,"{""S004"": 1279.5639880409826, ""S008"": 1874.7725654510036}"
O01->S004->S008->O01,S004->S008,"[""S008-FOD-01"", ""S008-HYG-01"", ""S008-MED-01"", ""S008-WAT-01"", ""S008-WAT-02""]",B,False,False,False,True,0.0,802,-6.473824827883291,4.0363896174515475,-6.473824827883291,False,False,False,45.0,0.129,3.9703532051540766,"{""S004"": 1274.5341269976884, ""S008"": 1857.580455058751}"
O01->S004->S008->O01,S004->S008,"[""S008-FOD-01"", ""S008-HYG-01"", ""S008-MED-01"", ""S008-WAT-01"", ""S008-WAT-02""]",C,True,True,False,True,0.0,802,-6.473824827883291,4.0363896174515475,-6.473824827883291,False,False,False,45.0,0.129,6.851667486688916,"{""S004"": 1339.5639880409826, ""S008"": 2006.7725654510036}"
O01->S004->S008->O01,S004->S008,"[""S004-MED-01"", ""S008-MED-01"", ""S008-WAT-01""]",B,True,True,False,True,0.0,802,-6.473824827883291,4.0363896174515475,-6.473824827883291,False,False,False,20.0,0.051000000000000004,3.235523205610054,"{""S004"": 1244.5341269976884, ""S008"": 1737.580455058751}"
O01->S004->S008->O01,S004->S008,"[""S004-MED-01"", ""S008-MED-01"", ""S008-WAT-01""]",C,True,True,True,True,0.0,802,-6.473824827883291,4.0363896174515475,-6.473824827883291,False,True,False,20.0,0.051000000000000004,6.086404144269576,"{""S004"": 1315.5639880409826, ""S008"": 1874.7725654510036}"
O01->S004->S008->O01,S004->S008,"[""S004-MED-01"", ""S004-WAT-01"", ""S008-MED-01"", ""S008-WAT-01""]",B,False,False,False,True,0.0,802,-6.473824827883291,4.0363896174515475,-6.473824827883291,False,False,False,34.0,0.078,3.7430751613642754,"{""S004"": 1304.5341269976884, ""S008"": 1797.580455058751}"
O01->S004->S008->O01,S004->S008,"[""S004-MED-01"", ""S004-WAT-01"", ""S008-MED-01"", ""S008-WAT-01""]",C,True,True,True,True,0.0,802,-6.473824827883291,4.0363896174515475,-6.473824827883291,False,True,False,34.0,0.078,6.346657963287466,"{""S004"": 1381.5639880409826, ""S008"": 1940.7725654510036}"
O01->S004->S008->O01,S004->S008,"[""S004-MED-01"", ""S008-FOD-01"", ""S008-HYG-01"", ""S008-MED-01"", ""S008-WAT-01"", ""S008-WAT-02""]",B,False,False,False,True,0.0,802,-6.473824827883291,4.0363896174515475,-6.473824827883291,False,False,False,48.0,0.14100000000000001,3.9734249519376514,"{""S004"": 1334.5341269976884, ""S008"": 1917.580455058751}"
O01->S004->S008->O01,S004->S008,"[""S004-MED-01"", ""S008-FOD-01"", ""S008-HYG-01"", ""S008-MED-01"", ""S008-WAT-01"", ""S008-WAT-02""]",C,True,True,False,True,0.0,802,-6.473824827883291,4.0363896174515475,-6.473824827883291,False,False,False,48.0,0.14100000000000001,6.949715367604048,"{""S004"": 1405.5639880409826, ""S008"": 2072.7725654510036}"
O01->S004->S008->O01,S004->S008,"[""S004-MED-01"", ""S004-WAT-01"", ""S008-FOD-01"", ""S008-HYG-01"", ""S008-MED-01"", ""S008-WAT-01"", ""S008-WAT-02""]",B,False,False,False,True,0.0,802,-6.473824827883291,4.0363896174515475,-6.473824827883291,False,False,False,62.0,0.168,3.987759770260999,"{""S004"": 1394.5341269976884, ""S008"": 1977.580455058751}"
O01->S004->S008->O01,S004->S008,"[""S004-MED-01"", ""S004-WAT-01"", ""S008-FOD-01"", ""S008-HYG-01"", ""S008-MED-01"", ""S008-WAT-01"", ""S008-WAT-02""]",C,True,True,False,True,0.0,802,-6.473824827883291,4.0363896174515475,-6.473824827883291,False,False,False,62.0,0.168,7.552542485760064,"{""S004"": 1471.5639880409826, ""S008"": 2138.7725654510036}"
O01->S004->S008->O01,S004->S008,"[""S004-FOD-01"", ""S004-HYG-01"", ""S004-MED-01"", ""S004-WAT-01"", ""S004-WAT-02"", ""S004-WAT-03"", ""S008-MED-01""]",B,False,False,False,True,0.0,802,-6.473824827883291,4.0363896174515475,-6.473824827883291,False,False,False,62.0,0.168,3.6835412432476353,"{""S004"": 1514.5341269976884, ""S008"": 1977.580455058751}"
O01->S004->S008->O01,S004->S008,"[""S004-FOD-01"", ""S004-HYG-01"", ""S004-MED-01"", ""S004-WAT-01"", ""S004-WAT-02"", ""S004-WAT-03"", ""S008-MED-01""]",C,True,True,False,True,0.0,802,-6.473824827883291,4.0363896174515475,-6.473824827883291,False,False,False,62.0,0.168,7.289903539353432,"{""S004"": 1615.5639880409826, ""S008"": 2138.7725654510036}"
O01->S004->S008->O01,S004->S008,"[""S004-FOD-01"", ""S004-HYG-01"", ""S004-MED-01"", ""S004-WAT-01"", ""S004-WAT-02"", ""S004-WAT-03"", ""S008-MED-01"", ""S008-WAT-01""]",B,False,False,False,True,0.0,802,-6.473824827883291,4.0363896174515475,-6.473824827883291,False,False,False,76.0,0.195,3.7860796163343173,"{""S004"": 1544.5341269976884, ""S008"": 2037.580455058751}"
O01->S004->S008->O01,S004->S008,"[""S004-FOD-01"", ""S004-HYG-01"", ""S004-MED-01"", ""S004-WAT-01"", ""S004-WAT-02"", ""S004-WAT-03"", ""S008-MED-01"", ""S008-WAT-01""]",C,True,True,False,True,0.0,802,-6.473824827883291,4.0363896174515475,-6.473824827883291,False,False,False,76.0,0.195,8.341598475882034,"{""S004"": 1645.5639880409826, ""S008"": 2204.7725654510036}"
O01->S004->S008->O01,S004->S008,"[""S004-FOD-01"", ""S004-HYG-01"", ""S004-MED-01"", ""S004-WAT-01"", ""S004-WAT-02"", ""S004-WAT-03"", ""S008-FOD-01"", ""S008-HYG-01"", ""S008-MED-01"", ""S008-WAT-01"", ""S008-WAT-02""]",B,False,False,False,True,0.0,802,-6.473824827883291,4.0363896174515475,-6.473824827883291,False,False,False,104.0,0.28500000000000003,4.0307642252310405,"{""S004"": 1634.5341269976884, ""S008"": 2217.580455058751}"
O01->S004->S008->O01,S004->S008,"[""S004-FOD-01"", ""S004-HYG-01"", ""S004-MED-01"", ""S004-WAT-01"", ""S004-WAT-02"", ""S004-WAT-03"", ""S008-FOD-01"", ""S008-HYG-01"", ""S008-MED-01"", ""S008-WAT-01"", ""S008-WAT-02""]",C,False,False,False,True,0.0,802,-6.473824827883291,4.0363896174515475,-6.473824827883291,False,False,False,104.0,0.28500000000000003,8.99204885276064,"{""S004"": 1735.5639880409826, ""S008"": 2402.7725654510036}"
O01->S008->S004->O01,S008->S004,"[""S008-MED-01""]",B,True,True,True,True,0.0,802,-6.473824827883291,4.0363896174515475,-6.473824827883291,False,True,False,3.0,0.012,2.8016285415775526,"{""S008"": 1173.1791567226169, ""S004"": 1609.0633370241396}"
O01->S008->S004->O01,S008->S004,"[""S008-MED-01""]",C,True,True,True,True,0.0,802,-6.473824827883291,4.0363896174515475,-6.473824827883291,False,True,False,3.0,0.012,5.849758432228802,"{""S008"": 1235.7273787685153, ""S004"": 1727.1938084189965}"
O01->S008->S004->O01,S008->S004,"[""S008-MED-01"", ""S008-WAT-01""]",B,True,True,True,True,0.0,802,-6.473824827883291,4.0363896174515475,-6.473824827883291,False,True,False,17.0,0.039,3.0578811033830138,"{""S008"": 1233.1791567226169, ""S004"": 1669.0633370241396}"
O01->S008->S004->O01,S008->S004,"[""S008-MED-01"", ""S008-WAT-01""]",C,True,True,True,True,0.0,802,-6.473824827883291,4.0363896174515475,-6.473824827883291,False,True,False,17.0,0.039,5.991900541483837,"{""S008"": 1301.7273787685153, ""S004"": 1793.1938084189965}"
O01->S008->S004->O01,S008->S004,"[""S008-MED-01"", ""S008-WAT-01"", ""S008-WAT-02""]",B,False,True,False,True,0.0,802,-6.473824827883291,4.0363896174515475,-6.473824827883291,False,False,False,31.0,0.066,3.6805814100273415,"{""S008"": 1293.1791567226169, ""S004"": 1729.0633370241396}"
O01->S008->S004->O01,S008->S004,"[""S008-MED-01"", ""S008-WAT-01"", ""S008-WAT-02""]",C,True,True,True,True,0.0,802,-6.473824827883291,4.0363896174515475,-6.473824827883291,False,True,False,31.0,0.066,6.238427099624999,"{""S008"": 1367.7273787685153, ""S004"": 1859.1938084189965}"
O01->S008->S004->O01,S008->S004,"[""S008-FOD-01"", ""S008-HYG-01"", ""S008-MED-01"", ""S008-WAT-01"", ""S008-WAT-02""]",B,False,False,False,True,0.0,802,-6.473824827883291,4.0363896174515475,-6.473824827883291,False,False,False,45.0,0.129,3.693574098952767,"{""S008"": 1413.1791567226169, ""S004"": 1849.0633370241396}"
O01->S008->S004->O01,S008->S004,"[""S008-FOD-01"", ""S008-HYG-01"", ""S008-MED-01"", ""S008-WAT-01"", ""S008-WAT-02""]",C,True,True,False,True,0.0,802,-6.473824827883291,4.0363896174515475,-6.473824827883291,False,False,False,45.0,0.129,6.612383705708387,"{""S008"": 1499.7273787685153, ""S004"": 1991.1938084189965}"
O01->S008->S004->O01,S008->S004,"[""S004-MED-01"", ""S008-MED-01"", ""S008-WAT-01""]",B,True,True,True,True,0.0,802,-6.473824827883291,4.0363896174515475,-6.473824827883291,False,True,False,20.0,0.051000000000000004,3.1607581108942058,"{""S008"": 1263.1791567226169, ""S004"": 1729.0633370241396}"
O01->S008->S004->O01,S008->S004,"[""S004-MED-01"", ""S008-MED-01"", ""S008-WAT-01""]",C,True,True,True,True,0.0,802,-6.473824827883291,4.0363896174515475,-6.473824827883291,False,True,False,20.0,0.051000000000000004,6.040616378591812,"{""S008"": 1331.7273787685153, ""S004"": 1859.1938084189965}"
O01->S008->S004->O01,S008->S004,"[""S004-MED-01"", ""S004-WAT-01"", ""S008-MED-01"", ""S008-WAT-01""]",B,False,False,False,True,0.0,802,-6.473824827883291,4.0363896174515475,-6.473824827883291,False,False,False,34.0,0.078,3.776085392142222,"{""S008"": 1293.1791567226169, ""S004"": 1789.0633370241396}"
O01->S008->S004->O01,S008->S004,"[""S004-MED-01"", ""S004-WAT-01"", ""S008-MED-01"", ""S008-WAT-01""]",C,True,True,True,True,0.0,802,-6.473824827883291,4.0363896174515475,-6.473824827883291,False,True,False,34.0,0.078,6.3603382879399755,"{""S008"": 1361.7273787685153, ""S004"": 1925.1938084189965}"
O01->S008->S004->O01,S008->S004,"[""S004-MED-01"", ""S008-FOD-01"", ""S008-HYG-01"", ""S008-MED-01"", ""S008-WAT-01"", ""S008-WAT-02""]",B,False,False,False,True,0.0,802,-6.473824827883291,4.0363896174515475,-6.473824827883291,False,False,False,48.0,0.14100000000000001,3.703132701019524,"{""S008"": 1443.1791567226169, ""S004"": 1909.0633370241396}"
O01->S008->S004->O01,S008->S004,"[""S004-MED-01"", ""S008-FOD-01"", ""S008-HYG-01"", ""S008-MED-01"", ""S008-WAT-01"", ""S008-WAT-02""]",C,True,True,False,True,0.0,802,-6.473824827883291,4.0363896174515475,-6.473824827883291,False,False,False,48.0,0.14100000000000001,6.719412450807915,"{""S008"": 1529.7273787685153, ""S004"": 2057.1938084189965}"
O01->S008->S004->O01,S008->S004,"[""S004-MED-01"", ""S004-WAT-01"", ""S008-FOD-01"", ""S008-HYG-01"", ""S008-MED-01"", ""S008-WAT-01"", ""S008-WAT-02""]",B,False,False,False,True,0.0,802,-6.473824827883291,4.0363896174515475,-6.473824827883291,False,False,False,62.0,0.168,3.8020707699930725,"{""S008"": 1473.1791567226169, ""S004"": 1969.0633370241396}"
O01->S008->S004->O01,S008->S004,"[""S004-MED-01"", ""S004-WAT-01"", ""S008-FOD-01"", ""S008-HYG-01"", ""S008-MED-01"", ""S008-WAT-01"", ""S008-WAT-02""]",C,True,True,False,True,0.0,802,-6.473824827883291,4.0363896174515475,-6.473824827883291,False,False,False,62.0,0.168,7.397802262511753,"{""S008"": 1559.7273787685153, ""S004"": 2123.1938084189965}"
O01->S008->S004->O01,S008->S004,"[""S004-FOD-01"", ""S004-HYG-01"", ""S004-MED-01"", ""S004-WAT-01"", ""S004-WAT-02"", ""S004-WAT-03"", ""S008-MED-01""]",B,False,False,False,True,0.0,802,-6.473824827883291,4.0363896174515475,-6.473824827883291,False,False,False,62.0,0.168,4.021301351871491,"{""S008"": 1353.1791567226169, ""S004"": 1969.0633370241396}"
O01->S008->S004->O01,S008->S004,"[""S004-FOD-01"", ""S004-HYG-01"", ""S004-MED-01"", ""S004-WAT-01"", ""S004-WAT-02"", ""S004-WAT-03"", ""S008-MED-01""]",C,True,True,False,True,0.0,802,-6.473824827883291,4.0363896174515475,-6.473824827883291,False,False,False,62.0,0.168,7.7915267928013945,"{""S008"": 1415.7273787685153, ""S004"": 2123.1938084189965}"
O01->S008->S004->O01,S008->S004,"[""S004-FOD-01"", ""S004-HYG-01"", ""S004-MED-01"", ""S004-WAT-01"", ""S004-WAT-02"", ""S004-WAT-03"", ""S008-MED-01"", ""S008-WAT-01""]",B,False,False,False,True,0.0,802,-6.473824827883291,4.0363896174515475,-6.473824827883291,False,False,False,76.0,0.195,4.034294040796916,"{""S008"": 1413.1791567226169, ""S004"": 2029.0633370241396}"
O01->S008->S004->O01,S008->S004,"[""S004-FOD-01"", ""S004-HYG-01"", ""S004-MED-01"", ""S004-WAT-01"", ""S004-WAT-02"", ""S004-WAT-03"", ""S008-MED-01"", ""S008-WAT-01""]",C,True,True,False,True,0.0,802,-6.473824827883291,4.0363896174515475,-6.473824827883291,False,False,False,76.0,0.195,8.836681802386074,"{""S008"": 1481.7273787685153, ""S004"": 2189.1938084189965}"
O01->S008->S004->O01,S008->S004,"[""S004-FOD-01"", ""S004-HYG-01"", ""S004-MED-01"", ""S004-WAT-01"", ""S004-WAT-02"", ""S004-WAT-03"", ""S008-FOD-01"", ""S008-HYG-01"", ""S008-MED-01"", ""S008-WAT-01"", ""S008-WAT-02""]",B,False,False,False,True,0.0,802,-6.473824827883291,4.0363896174515475,-6.473824827883291,False,False,False,104.0,0.28500000000000003,4.060279418647767,"{""S008"": 1593.1791567226169, ""S004"": 2209.0633370241394}"
O01->S008->S004->O01,S008->S004,"[""S004-FOD-01"", ""S004-HYG-01"", ""S004-MED-01"", ""S004-WAT-01"", ""S004-WAT-02"", ""S004-WAT-03"", ""S008-FOD-01"", ""S008-HYG-01"", ""S008-MED-01"", ""S008-WAT-01"", ""S008-WAT-02""]",C,False,False,False,True,0.0,802,-6.473824827883291,4.0363896174515475,-6.473824827883291,False,False,False,104.0,0.28500000000000003,9.292616508920563,"{""S008"": 1679.7273787685153, ""S004"": 2387.1938084189965}"
O01->S005->S008->O01,S005->S008,"[""S008-MED-01""]",B,True,True,True,True,0.0,710,-6.4527332589933195,4.021583506219542,-6.4527332589933195,False,True,False,3.0,0.012,2.5032552680117646,"{""S005"": 952.2694785227775, ""S008"": 1441.076778141638}"
O01->S005->S008->O01,S005->S008,"[""S008-MED-01""]",C,True,True,True,True,0.0,710,-6.4527332589933195,4.021583506219542,-6.4527332589933195,False,True,False,3.0,0.012,5.219888703187456,"{""S005"": 1008.6579599680899, ""S008"": 1556.5064546553097}"
O01->S005->S008->O01,S005->S008,"[""S008-MED-01"", ""S008-WAT-01""]",B,True,True,True,True,0.0,710,-6.4527332589933195,4.021583506219542,-6.4527332589933195,False,True,False,17.0,0.039,2.7749438055352593,"{""S005"": 982.2694785227775, ""S008"": 1501.076778141638}"
O01->S005->S008->O01,S005->S008,"[""S008-MED-01"", ""S008-WAT-01""]",C,True,True,True,True,0.0,710,-6.4527332589933195,4.021583506219542,-6.4527332589933195,False,True,False,17.0,0.039,5.374085676710556,"{""S005"": 1038.65795996809, ""S008"": 1622.5064546553097}"
O01->S005->S008->O01,S005->S008,"[""S008-MED-01"", ""S008-WAT-01"", ""S008-WAT-02""]",B,False,True,False,True,0.0,710,-6.4527332589933195,4.021583506219542,-6.4527332589933195,False,False,False,31.0,0.066,3.4239379947606414,"{""S005"": 1012.2694785227775, ""S008"": 1561.076778141638}"
O01->S005->S008->O01,S005->S008,"[""S008-MED-01"", ""S008-WAT-01"", ""S008-WAT-02""]",C,True,True,True,True,0.0,710,-6.4527332589933195,4.021583506219542,-6.4527332589933195,False,True,False,31.0,0.066,5.635760027483831,"{""S005"": 1068.65795996809, ""S008"": 1688.5064546553097}"
O01->S005->S008->O01,S005->S008,"[""S008-FOD-01"", ""S008-HYG-01"", ""S008-MED-01"", ""S008-WAT-01"", ""S008-WAT-02""]",B,False,False,False,True,0.0,710,-6.4527332589933195,4.021583506219542,-6.4527332589933195,False,False,False,45.0,0.129,3.445158829418946,"{""S005"": 1072.2694785227775, ""S008"": 1681.076778141638}"
O01->S005->S008->O01,S005->S008,"[""S008-FOD-01"", ""S008-HYG-01"", ""S008-MED-01"", ""S008-WAT-01"", ""S008-WAT-02""]",C,True,True,True,True,0.0,710,-6.4527332589933195,4.021583506219542,-6.4527332589933195,False,True,False,45.0,0.129,6.0286401994483,"{""S005"": 1128.65795996809, ""S008"": 1820.5064546553097}"
O01->S005->S008->O01,S005->S008,"[""S005-MED-01"", ""S008-MED-01"", ""S008-WAT-01""]",B,True,True,True,True,0.0,710,-6.4527332589933195,4.021583506219542,-6.4527332589933195,False,True,False,20.0,0.051000000000000004,2.838211298566393,"{""S005"": 1042.2694785227775, ""S008"": 1561.076778141638}"
O01->S005->S008->O01,S005->S008,"[""S005-MED-01"", ""S008-MED-01"", ""S008-WAT-01""]",C,True,True,True,True,0.0,710,-6.4527332589933195,4.021583506219542,-6.4527332589933195,False,True,False,20.0,0.051000000000000004,5.403229502539675,"{""S005"": 1104.65795996809, ""S008"": 1688.5064546553097}"
O01->S005->S008->O01,S005->S008,"[""S005-MED-01"", ""S005-WAT-01"", ""S008-MED-01"", ""S008-WAT-01""]",B,False,False,True,True,0.0,710,-6.4527332589933195,4.021583506219542,-6.4527332589933195,False,True,False,34.0,0.078,3.186353949980181,"{""S005"": 1102.2694785227775, ""S008"": 1621.076778141638}"
O01->S005->S008->O01,S005->S008,"[""S005-MED-01"", ""S005-WAT-01"", ""S008-MED-01"", ""S008-WAT-01""]",C,True,True,True,True,0.0,710,-6.4527332589933195,4.021583506219542,-6.4527332589933195,False,True,False,34.0,0.078,5.582093268316813,"{""S005"": 1170.65795996809, ""S008"": 1754.5064546553097}"
O01->S005->S008->O01,S005->S008,"[""S005-MED-01"", ""S008-FOD-01"", ""S008-HYG-01"", ""S008-MED-01"", ""S008-WAT-01"", ""S008-WAT-02""]",B,False,False,False,True,0.0,710,-6.4527332589933195,4.021583506219542,-6.4527332589933195,False,False,False,48.0,0.14100000000000001,3.447415025967408,"{""S005"": 1132.2694785227775, ""S008"": 1741.076778141638}"
O01->S005->S008->O01,S005->S008,"[""S005-MED-01"", ""S008-FOD-01"", ""S008-HYG-01"", ""S008-MED-01"", ""S008-WAT-01"", ""S008-WAT-02""]",C,True,True,True,True,0.0,710,-6.4527332589933195,4.021583506219542,-6.4527332589933195,False,True,False,48.0,0.14100000000000001,6.095908831432167,"{""S005"": 1194.65795996809, ""S008"": 1886.5064546553097}"
O01->S005->S008->O01,S005->S008,"[""S005-MED-01"", ""S005-WAT-01"", ""S008-FOD-01"", ""S008-HYG-01"", ""S008-MED-01"", ""S008-WAT-01"", ""S008-WAT-02""]",B,False,False,False,True,0.0,710,-6.4527332589933195,4.021583506219542,-6.4527332589933195,False,False,False,62.0,0.168,3.457943943193564,"{""S005"": 1192.2694785227775, ""S008"": 1801.076778141638}"
O01->S005->S008->O01,S005->S008,"[""S005-MED-01"", ""S005-WAT-01"", ""S008-FOD-01"", ""S008-HYG-01"", ""S008-MED-01"", ""S008-WAT-01"", ""S008-WAT-02""]",C,True,True,False,True,0.0,710,-6.4527332589933195,4.021583506219542,-6.4527332589933195,False,False,False,62.0,0.168,6.509268607135987,"{""S005"": 1260.65795996809, ""S008"": 1952.5064546553097}"
O01->S005->S008->O01,S005->S008,"[""S005-FOD-01"", ""S005-HYG-01"", ""S005-MED-01"", ""S005-WAT-01"", ""S005-WAT-02"", ""S005-WAT-03"", ""S008-MED-01""]",B,False,False,True,True,0.0,710,-6.4527332589933195,4.021583506219542,-6.4527332589933195,False,True,False,62.0,0.168,3.1052947469561625,"{""S005"": 1312.2694785227775, ""S008"": 1801.076778141638}"
O01->S005->S008->O01,S005->S008,"[""S005-FOD-01"", ""S005-HYG-01"", ""S005-MED-01"", ""S005-WAT-01"", ""S005-WAT-02"", ""S005-WAT-03"", ""S008-MED-01""]",C,True,True,True,True,0.0,710,-6.4527332589933195,4.021583506219542,-6.4527332589933195,False,True,False,62.0,0.168,6.205222258295189,"{""S005"": 1404.65795996809, ""S008"": 1952.5064546553097}"
O01->S005->S008->O01,S005->S008,"[""S005-FOD-01"", ""S005-HYG-01"", ""S005-MED-01"", ""S005-WAT-01"", ""S005-WAT-02"", ""S005-WAT-03"", ""S008-MED-01"", ""S008-WAT-01""]",B,False,False,False,True,0.0,710,-6.4527332589933195,4.021583506219542,-6.4527332589933195,False,False,False,76.0,0.195,3.217940701658648,"{""S005"": 1342.2694785227775, ""S008"": 1861.076778141638}"
O01->S005->S008->O01,S005->S008,"[""S005-FOD-01"", ""S005-HYG-01"", ""S005-MED-01"", ""S005-WAT-01"", ""S005-WAT-02"", ""S005-WAT-03"", ""S008-MED-01"", ""S008-WAT-01""]",C,True,True,False,True,0.0,710,-6.4527332589933195,4.021583506219542,-6.4527332589933195,False,False,False,76.0,0.195,6.949806385641814,"{""S005"": 1434.65795996809, ""S008"": 2018.5064546553097}"
O01->S005->S008->O01,S005->S008,"[""S005-FOD-01"", ""S005-HYG-01"", ""S005-MED-01"", ""S005-WAT-01"", ""S005-WAT-02"", ""S005-WAT-03"", ""S008-FOD-01"", ""S008-HYG-01"", ""S008-MED-01"", ""S008-WAT-01"", ""S008-WAT-02""]",B,False,False,False,True,0.0,710,-6.4527332589933195,4.021583506219542,-6.4527332589933195,False,False,False,104.0,0.28500000000000003,3.4895306948720304,"{""S005"": 1432.2694785227775, ""S008"": 2041.076778141638}"
O01->S005->S008->O01,S005->S008,"[""S005-FOD-01"", ""S005-HYG-01"", ""S005-MED-01"", ""S005-WAT-01"", ""S005-WAT-02"", ""S005-WAT-03"", ""S008-FOD-01"", ""S008-HYG-01"", ""S008-MED-01"", ""S008-WAT-01"", ""S008-WAT-02""]",C,False,False,False,True,0.0,710,-6.4527332589933195,4.021583506219542,-6.4527332589933195,False,False,False,104.0,0.28500000000000003,7.496779615170766,"{""S005"": 1524.65795996809, ""S008"": 2216.5064546553094}"
O01->S008->S005->O01,S008->S005,"[""S008-MED-01""]",B,True,True,True,True,0.0,710,-6.4527332589933195,4.021583506219542,-6.4527332589933195,False,True,False,3.0,0.012,2.501031081117478,"{""S008"": 1173.1791567226169, ""S005"": 1637.0368335630824}"
O01->S008->S005->O01,S008->S005,"[""S008-MED-01""]",C,True,True,True,True,0.0,710,-6.4527332589933195,4.021583506219542,-6.4527332589933195,False,True,False,3.0,0.012,5.217858119207374,"{""S008"": 1235.7273787685153, ""S005"": 1755.1562506773403}"
O01->S008->S005->O01,S008->S005,"[""S008-MED-01"", ""S008-WAT-01""]",B,True,True,True,True,0.0,710,-6.4527332589933195,4.021583506219542,-6.4527332589933195,False,True,False,17.0,0.039,2.757283642922939,"{""S008"": 1233.1791567226169, ""S005"": 1697.0368335630824}"
O01->S008->S005->O01,S008->S005,"[""S008-MED-01"", ""S008-WAT-01""]",C,True,True,True,True,0.0,710,-6.4527332589933195,4.021583506219542,-6.4527332589933195,False,True,False,17.0,0.039,5.360000228462409,"{""S008"": 1301.7273787685153, ""S005"": 1821.1562506773403}"
O01->S008->S005->O01,S008->S005,"[""S008-MED-01"", ""S008-WAT-01"", ""S008-WAT-02""]",B,False,True,False,True,0.0,710,-6.4527332589933195,4.021583506219542,-6.4527332589933195,False,False,False,31.0,0.066,3.3799839495672668,"{""S008"": 1293.1791567226169, ""S005"": 1757.0368335630824}"
O01->S008->S005->O01,S008->S005,"[""S008-MED-01"", ""S008-WAT-01"", ""S008-WAT-02""]",C,True,True,True,True,0.0,710,-6.4527332589933195,4.021583506219542,-6.4527332589933195,False,True,False,31.0,0.066,5.606526786603571,"{""S008"": 1367.7273787685153, ""S005"": 1887.1562506773403}"
O01->S008->S005->O01,S008->S005,"[""S008-FOD-01"", ""S008-HYG-01"", ""S008-MED-01"", ""S008-WAT-01"", ""S008-WAT-02""]",B,False,False,False,True,0.0,710,-6.4527332589933195,4.021583506219542,-6.4527332589933195,False,False,False,45.0,0.129,3.392976638492692,"{""S008"": 1413.1791567226169, ""S005"": 1877.0368335630824}"
O01->S008->S005->O01,S008->S005,"[""S008-FOD-01"", ""S008-HYG-01"", ""S008-MED-01"", ""S008-WAT-01"", ""S008-WAT-02""]",C,True,True,True,True,0.0,710,-6.4527332589933195,4.021583506219542,-6.4527332589933195,False,True,False,45.0,0.129,5.98048339268696,"{""S008"": 1499.7273787685153, ""S005"": 2019.1562506773403}"
O01->S008->S005->O01,S008->S005,"[""S005-MED-01"", ""S008-MED-01"", ""S008-WAT-01""]",B,True,True,True,True,0.0,710,-6.4527332589933195,4.021583506219542,-6.4527332589933195,False,True,False,20.0,0.051000000000000004,2.8607972362165777,"{""S008"": 1263.1791567226169, ""S005"": 1757.0368335630824}"
O01->S008->S005->O01,S008->S005,"[""S005-MED-01"", ""S008-MED-01"", ""S008-WAT-01""]",C,True,True,True,True,0.0,710,-6.4527332589933195,4.021583506219542,-6.4527332589933195,False,True,False,20.0,0.051000000000000004,5.409020295389939,"{""S008"": 1331.7273787685153, ""S005"": 1887.1562506773403}"
O01->S008->S005->O01,S008->S005,"[""S005-MED-01"", ""S005-WAT-01"", ""S008-MED-01"", ""S008-WAT-01""]",B,False,False,False,True,0.0,710,-6.4527332589933195,4.021583506219542,-6.4527332589933195,False,False,False,34.0,0.078,3.48827019930165,"{""S008"": 1293.1791567226169, ""S005"": 1817.0368335630824}"
O01->S008->S005->O01,S008->S005,"[""S005-MED-01"", ""S005-WAT-01"", ""S008-MED-01"", ""S008-WAT-01""]",C,True,True,True,True,0.0,710,-6.4527332589933195,4.021583506219542,-6.4527332589933195,False,True,False,34.0,0.078,5.7346922295889815,"{""S008"": 1361.7273787685153, ""S005"": 1953.1562506773403}"
O01->S008->S005->O01,S008->S005,"[""S005-MED-01"", ""S008-FOD-01"", ""S008-HYG-01"", ""S008-MED-01"", ""S008-WAT-01"", ""S008-WAT-02""]",B,False,False,False,True,0.0,710,-6.4527332589933195,4.021583506219542,-6.4527332589933195,False,False,False,48.0,0.14100000000000001,3.4031718263418957,"{""S008"": 1443.1791567226169, ""S005"": 1937.0368335630824}"
O01->S008->S005->O01,S008->S005,"[""S005-MED-01"", ""S008-FOD-01"", ""S008-HYG-01"", ""S008-MED-01"", ""S008-WAT-01"", ""S008-WAT-02""]",C,True,True,True,True,0.0,710,-6.4527332589933195,4.021583506219542,-6.4527332589933195,False,True,False,48.0,0.14100000000000001,6.087816367606042,"{""S008"": 1529.7273787685153, ""S005"": 2085.1562506773403}"
O01->S008->S005->O01,S008->S005,"[""S005-MED-01"", ""S005-WAT-01"", ""S008-FOD-01"", ""S008-HYG-01"", ""S008-MED-01"", ""S008-WAT-01"", ""S008-WAT-02""]",B,False,False,False,True,0.0,710,-6.4527332589933195,4.021583506219542,-6.4527332589933195,False,False,False,62.0,0.168,3.5142555771525,"{""S008"": 1473.1791567226169, ""S005"": 1997.0368335630824}"
O01->S008->S005->O01,S008->S005,"[""S005-MED-01"", ""S005-WAT-01"", ""S008-FOD-01"", ""S008-HYG-01"", ""S008-MED-01"", ""S008-WAT-01"", ""S008-WAT-02""]",C,True,True,False,True,0.0,710,-6.4527332589933195,4.021583506219542,-6.4527332589933195,False,False,False,62.0,0.168,6.77215620416076,"{""S008"": 1559.7273787685153, ""S005"": 2151.1562506773403}"
O01->S008->S005->O01,S008->S005,"[""S005-FOD-01"", ""S005-HYG-01"", ""S005-MED-01"", ""S005-WAT-01"", ""S005-WAT-02"", ""S005-WAT-03"", ""S008-MED-01""]",B,False,False,False,True,0.0,710,-6.4527332589933195,4.021583506219542,-6.4527332589933195,False,False,False,62.0,0.168,3.7634038637216394,"{""S008"": 1353.1791567226169, ""S005"": 1997.0368335630824}"
O01->S008->S005->O01,S008->S005,"[""S005-FOD-01"", ""S005-HYG-01"", ""S005-MED-01"", ""S005-WAT-01"", ""S005-WAT-02"", ""S005-WAT-03"", ""S008-MED-01""]",C,True,True,False,True,0.0,710,-6.4527332589933195,4.021583506219542,-6.4527332589933195,False,False,False,62.0,0.168,7.2252653234939235,"{""S008"": 1415.7273787685153, ""S005"": 2151.1562506773403}"
O01->S008->S005->O01,S008->S005,"[""S005-FOD-01"", ""S005-HYG-01"", ""S005-MED-01"", ""S005-WAT-01"", ""S005-WAT-02"", ""S005-WAT-03"", ""S008-MED-01"", ""S008-WAT-01""]",B,False,False,False,True,0.0,710,-6.4527332589933195,4.021583506219542,-6.4527332589933195,False,False,False,76.0,0.195,3.7763965526470646,"{""S008"": 1413.1791567226169, ""S005"": 2057.0368335630824}"
O01->S008->S005->O01,S008->S005,"[""S005-FOD-01"", ""S005-HYG-01"", ""S005-MED-01"", ""S005-WAT-01"", ""S005-WAT-02"", ""S005-WAT-03"", ""S008-MED-01"", ""S008-WAT-01""]",C,True,True,False,True,0.0,710,-6.4527332589933195,4.021583506219542,-6.4527332589933195,False,False,False,76.0,0.195,8.270420333078604,"{""S008"": 1481.7273787685153, ""S005"": 2217.1562506773403}"
O01->S008->S005->O01,S008->S005,"[""S005-FOD-01"", ""S005-HYG-01"", ""S005-MED-01"", ""S005-WAT-01"", ""S005-WAT-02"", ""S005-WAT-03"", ""S008-FOD-01"", ""S008-HYG-01"", ""S008-MED-01"", ""S008-WAT-01"", ""S008-WAT-02""]",B,False,False,False,True,0.0,710,-6.4527332589933195,4.021583506219542,-6.4527332589933195,False,False,False,104.0,0.28500000000000003,3.802381930497915,"{""S008"": 1593.1791567226169, ""S005"": 2237.0368335630824}"
O01->S008->S005->O01,S008->S005,"[""S005-FOD-01"", ""S005-HYG-01"", ""S005-MED-01"", ""S005-WAT-01"", ""S005-WAT-02"", ""S005-WAT-03"", ""S008-FOD-01"", ""S008-HYG-01"", ""S008-MED-01"", ""S008-WAT-01"", ""S008-WAT-02""]",C,False,False,False,True,0.0,710,-6.4527332589933195,4.021583506219542,-6.4527332589933195,False,False,False,104.0,0.28500000000000003,8.726355039613093,"{""S008"": 1679.7273787685153, ""S005"": 2415.1562506773403}"
O01->S006->S008->O01,S006->S008,"[""S008-MED-01""]",B,True,True,True,True,0.0,716,-6.508361913742192,4.0599820680547225,-6.508361913742192,False,True,False,3.0,0.012,2.957857679696965,"{""S006"": 792.0533451340716, ""S008"": 1724.7116382776776}"
O01->S006->S008->O01,S006->S008,"[""S008-MED-01""]",C,True,True,True,True,0.0,716,-6.508361913742192,4.0599820680547225,-6.508361913742192,False,True,False,3.0,0.012,6.156531542846962,"{""S006"": 843.0763183599831, ""S008"": 1860.2982951787194}"
O01->S006->S008->O01,S006->S008,"[""S008-MED-01"", ""S008-WAT-01""]",B,True,True,False,True,0.0,716,-6.508361913742192,4.0599820680547225,-6.508361913742192,False,False,False,17.0,0.039,3.323669346576337,"{""S006"": 822.0533451340716, ""S008"": 1784.7116382776776}"
O01->S006->S008->O01,S006->S008,"[""S008-MED-01"", ""S008-WAT-01""]",C,True,True,True,True,0.0,716,-6.508361913742192,4.0599820680547225,-6.508361913742192,False,True,False,17.0,0.039,6.363705584110366,"{""S006"": 873.0763183599831, ""S008"": 1926.2982951787194}"
O01->S006->S008->O01,S006->S008,"[""S008-MED-01"", ""S008-WAT-01"", ""S008-WAT-02""]",B,False,True,False,True,0.0,716,-6.508361913742192,4.0599820680547225,-6.508361913742192,False,False,False,31.0,0.066,4.198920761123656,"{""S006"": 852.0533451340716, ""S008"": 1844.7116382776776}"
O01->S006->S008->O01,S006->S008,"[""S008-MED-01"", ""S008-WAT-01"", ""S008-WAT-02""]",C,True,True,False,True,0.0,716,-6.508361913742192,4.0599820680547225,-6.508361913742192,False,False,False,31.0,0.066,6.715996052067537,"{""S006"": 903.0763183599831, ""S008"": 1992.2982951787194}"
O01->S006->S008->O01,S006->S008,"[""S008-FOD-01"", ""S008-HYG-01"", ""S008-MED-01"", ""S008-WAT-01"", ""S008-WAT-02""]",B,False,False,False,True,0.0,716,-6.508361913742192,4.0599820680547225,-6.508361913742192,False,False,False,45.0,0.129,4.226549835796778,"{""S006"": 912.0533451340716, ""S008"": 1964.7116382776776}"
O01->S006->S008->O01,S006->S008,"[""S008-FOD-01"", ""S008-HYG-01"", ""S008-MED-01"", ""S008-WAT-01"", ""S008-WAT-02""]",C,True,True,False,True,0.0,716,-6.508361913742192,4.0599820680547225,-6.508361913742192,False,False,False,45.0,0.129,7.245441195918669,"{""S006"": 963.0763183599831, ""S008"": 2124.2982951787194}"
O01->S006->S008->O01,S006->S008,"[""S006-MED-01"", ""S008-MED-01"", ""S008-WAT-01""]",B,True,True,False,True,0.0,716,-6.508361913742192,4.0599820680547225,-6.508361913742192,False,False,False,20.0,0.051000000000000004,3.3629807526876734,"{""S006"": 882.0533451340716, ""S008"": 1844.7116382776776}"
O01->S006->S008->O01,S006->S008,"[""S006-MED-01"", ""S008-MED-01"", ""S008-WAT-01""]",C,True,True,True,True,0.0,716,-6.508361913742192,4.0599820680547225,-6.508361913742192,False,True,False,20.0,0.051000000000000004,6.38254400950024,"{""S006"": 939.0763183599831, ""S008"": 1992.2982951787194}"
O01->S006->S008->O01,S006->S008,"[""S006-MED-01"", ""S006-WAT-01"", ""S008-MED-01"", ""S008-WAT-01""]",B,False,False,False,True,0.0,716,-6.508361913742192,4.0599820680547225,-6.508361913742192,False,False,False,34.0,0.078,3.5781687010934315,"{""S006"": 942.0533451340716, ""S008"": 1904.7116382776776}"
O01->S006->S008->O01,S006->S008,"[""S006-MED-01"", ""S006-WAT-01"", ""S008-MED-01"", ""S008-WAT-01""]",C,True,True,False,True,0.0,716,-6.508361913742192,4.0599820680547225,-6.508361913742192,False,False,False,34.0,0.078,6.496170676650005,"{""S006"": 1005.0763183599831, ""S008"": 2058.2982951787194}"
O01->S006->S008->O01,S006->S008,"[""S006-MED-01"", ""S008-FOD-01"", ""S008-HYG-01"", ""S008-MED-01"", ""S008-WAT-01"", ""S008-WAT-02""]",B,False,False,False,True,0.0,716,-6.508361913742192,4.0599820680547225,-6.508361913742192,False,False,False,48.0,0.14100000000000001,4.229256644597793,"{""S006"": 972.0533451340716, ""S008"": 2024.7116382776776}"
O01->S006->S008->O01,S006->S008,"[""S006-MED-01"", ""S008-FOD-01"", ""S008-HYG-01"", ""S008-MED-01"", ""S008-WAT-01"", ""S008-WAT-02""]",C,True,True,False,True,0.0,716,-6.508361913742192,4.0599820680547225,-6.508361913742192,False,False,False,48.0,0.14100000000000001,7.2871531423986085,"{""S006"": 1029.0763183599831, ""S008"": 2190.2982951787194}"
O01->S006->S008->O01,S006->S008,"[""S006-MED-01"", ""S006-WAT-01"", ""S008-FOD-01"", ""S008-HYG-01"", ""S008-MED-01"", ""S008-WAT-01"", ""S008-WAT-02""]",B,False,False,False,True,0.0,716,-6.508361913742192,4.0599820680547225,-6.508361913742192,False,False,False,62.0,0.168,4.241888419002532,"{""S006"": 1032.0533451340716, ""S008"": 2084.7116382776776}"
O01->S006->S008->O01,S006->S008,"[""S006-MED-01"", ""S006-WAT-01"", ""S008-FOD-01"", ""S008-HYG-01"", ""S008-MED-01"", ""S008-WAT-01"", ""S008-WAT-02""]",C,True,True,False,True,0.0,716,-6.508361913742192,4.0599820680547225,-6.508361913742192,False,False,False,62.0,0.168,7.541469034480366,"{""S006"": 1095.0763183599831, ""S008"": 2256.2982951787194}"
O01->S006->S008->O01,S006->S008,"[""S006-FOD-01"", ""S006-HYG-01"", ""S006-MED-01"", ""S006-WAT-01"", ""S006-WAT-02"", ""S006-WAT-03"", ""S008-MED-01""]",B,False,False,False,True,0.0,716,-6.508361913742192,4.0599820680547225,-6.508361913742192,False,False,False,62.0,0.168,3.345672222846307,"{""S006"": 1152.0533451340716, ""S008"": 2084.7116382776776}"
O01->S006->S008->O01,S006->S008,"[""S006-FOD-01"", ""S006-HYG-01"", ""S006-MED-01"", ""S006-WAT-01"", ""S006-WAT-02"", ""S006-WAT-03"", ""S008-MED-01""]",C,True,True,False,True,0.0,716,-6.508361913742192,4.0599820680547225,-6.508361913742192,False,False,False,62.0,0.168,6.77430883254071,"{""S006"": 1239.0763183599831, ""S008"": 2256.2982951787194}"
O01->S006->S008->O01,S006->S008,"[""S006-FOD-01"", ""S006-HYG-01"", ""S006-MED-01"", ""S006-WAT-01"", ""S006-WAT-02"", ""S006-WAT-03"", ""S008-MED-01"", ""S008-WAT-01""]",B,False,False,False,True,0.0,716,-6.508361913742192,4.0599820680547225,-6.508361913742192,False,False,False,76.0,0.195,3.6160640243076445,"{""S006"": 1182.0533451340716, ""S008"": 2144.7116382776776}"
O01->S006->S008->O01,S006->S008,"[""S006-FOD-01"", ""S006-HYG-01"", ""S006-MED-01"", ""S006-WAT-01"", ""S006-WAT-02"", ""S006-WAT-03"", ""S008-MED-01"", ""S008-WAT-01""]",C,True,True,False,True,0.0,716,-6.508361913742192,4.0599820680547225,-6.508361913742192,False,False,False,76.0,0.195,7.335694065317384,"{""S006"": 1269.0763183599831, ""S008"": 2322.2982951787194}"
O01->S006->S008->O01,S006->S008,"[""S006-FOD-01"", ""S006-HYG-01"", ""S006-MED-01"", ""S006-WAT-01"", ""S006-WAT-02"", ""S006-WAT-03"", ""S008-FOD-01"", ""S008-HYG-01"", ""S008-MED-01"", ""S008-WAT-01"", ""S008-WAT-02""]",B,False,False,False,True,0.0,716,-6.508361913742192,4.0599820680547225,-6.508361913742192,False,False,False,104.0,0.28500000000000003,4.279783742216744,"{""S006"": 1272.0533451340716, ""S008"": 2324.7116382776776}"
O01->S006->S008->O01,S006->S008,"[""S006-FOD-01"", ""S006-HYG-01"", ""S006-MED-01"", ""S006-WAT-01"", ""S006-WAT-02"", ""S006-WAT-03"", ""S008-FOD-01"", ""S008-HYG-01"", ""S008-MED-01"", ""S008-WAT-01"", ""S008-WAT-02""]",C,False,False,False,True,0.0,716,-6.508361913742192,4.0599820680547225,-6.508361913742192,False,False,False,104.0,0.28500000000000003,8.15288474621851,"{""S006"": 1359.0763183599831, ""S008"": 2520.2982951787194}"
O01->S008->S006->O01,S008->S006,"[""S008-MED-01""]",B,True,True,True,True,0.0,716,-6.508361913742192,4.0599820680547225,-6.508361913742192,False,True,False,3.0,0.012,2.948528471548905,"{""S008"": 1173.1791567226169, ""S006"": 2072.903057264469}"
O01->S008->S006->O01,S008->S006,"[""S008-MED-01""]",C,True,True,True,True,0.0,716,-6.508361913742192,4.0599820680547225,-6.508361913742192,False,True,False,3.0,0.012,6.149611679227241,"{""S008"": 1235.7273787685153, ""S006"": 2212.5516296521646}"
O01->S008->S006->O01,S008->S006,"[""S008-MED-01"", ""S008-WAT-01""]",B,True,True,False,True,0.0,716,-6.508361913742192,4.0599820680547225,-6.508361913742192,False,False,False,17.0,0.039,3.2047810333543656,"{""S008"": 1233.1791567226169, ""S006"": 2132.903057264469}"
O01->S008->S006->O01,S008->S006,"[""S008-MED-01"", ""S008-WAT-01""]",C,True,True,True,True,0.0,716,-6.508361913742192,4.0599820680547225,-6.508361913742192,False,True,False,17.0,0.039,6.291753788482276,"{""S008"": 1301.7273787685153, ""S006"": 2278.5516296521646}"
O01->S008->S006->O01,S008->S006,"[""S008-MED-01"", ""S008-WAT-01"", ""S008-WAT-02""]",B,False,True,False,True,0.0,716,-6.508361913742192,4.0599820680547225,-6.508361913742192,False,False,False,31.0,0.066,3.8274813399986938,"{""S008"": 1293.1791567226169, ""S006"": 2192.903057264469}"
O01->S008->S006->O01,S008->S006,"[""S008-MED-01"", ""S008-WAT-01"", ""S008-WAT-02""]",C,True,True,False,True,0.0,716,-6.508361913742192,4.0599820680547225,-6.508361913742192,False,False,False,31.0,0.066,6.538280346623438,"{""S008"": 1367.7273787685153, ""S006"": 2344.5516296521646}"
O01->S008->S006->O01,S008->S006,"[""S008-FOD-01"", ""S008-HYG-01"", ""S008-MED-01"", ""S008-WAT-01"", ""S008-WAT-02""]",B,False,False,False,True,0.0,716,-6.508361913742192,4.0599820680547225,-6.508361913742192,False,False,False,45.0,0.129,3.840474028924119,"{""S008"": 1413.1791567226169, ""S006"": 2312.903057264469}"
O01->S008->S006->O01,S008->S006,"[""S008-FOD-01"", ""S008-HYG-01"", ""S008-MED-01"", ""S008-WAT-01"", ""S008-WAT-02""]",C,True,True,False,True,0.0,716,-6.508361913742192,4.0599820680547225,-6.508361913742192,False,False,False,45.0,0.129,6.912236952706826,"{""S008"": 1499.7273787685153, ""S006"": 2476.5516296521646}"
O01->S008->S006->O01,S008->S006,"[""S006-MED-01"", ""S008-MED-01"", ""S008-WAT-01""]",B,True,True,False,True,0.0,716,-6.508361913742192,4.0599820680547225,-6.508361913742192,False,False,False,20.0,0.051000000000000004,3.3204795695871687,"{""S008"": 1263.1791567226169, ""S006"": 2192.903057264469}"
O01->S008->S006->O01,S008->S006,"[""S006-MED-01"", ""S008-MED-01"", ""S008-WAT-01""]",C,True,True,True,True,0.0,716,-6.508361913742192,4.0599820680547225,-6.508361913742192,False,True,False,20.0,0.051000000000000004,6.3491505928782015,"{""S008"": 1331.7273787685153, ""S006"": 2344.5516296521646}"
O01->S008->S006->O01,S008->S006,"[""S006-MED-01"", ""S006-WAT-01"", ""S008-MED-01"", ""S008-WAT-01""]",B,False,False,False,True,0.0,716,-6.508361913742192,4.0599820680547225,-6.508361913742192,False,False,False,34.0,0.078,4.109944111846037,"{""S008"": 1293.1791567226169, ""S006"": 2252.903057264469}"
O01->S008->S006->O01,S008->S006,"[""S006-MED-01"", ""S006-WAT-01"", ""S008-MED-01"", ""S008-WAT-01""]",C,True,True,False,True,0.0,716,-6.508361913742192,4.0599820680547225,-6.508361913742192,False,False,False,34.0,0.078,6.765822947782247,"{""S008"": 1361.7273787685153, ""S006"": 2410.5516296521646}"
O01->S008->S006->O01,S008->S006,"[""S006-MED-01"", ""S008-FOD-01"", ""S008-HYG-01"", ""S008-MED-01"", ""S008-WAT-01"", ""S008-WAT-02""]",B,False,False,False,True,0.0,716,-6.508361913742192,4.0599820680547225,-6.508361913742192,False,False,False,48.0,0.14100000000000001,3.862854159712487,"{""S008"": 1443.1791567226169, ""S006"": 2372.903057264469}"
O01->S008->S006->O01,S008->S006,"[""S006-MED-01"", ""S008-FOD-01"", ""S008-HYG-01"", ""S008-MED-01"", ""S008-WAT-01"", ""S008-WAT-02""]",C,True,True,False,True,0.0,716,-6.508361913742192,4.0599820680547225,-6.508361913742192,False,False,False,48.0,0.14100000000000001,7.027946665094303,"{""S008"": 1529.7273787685153, ""S006"": 2542.5516296521646}"
O01->S008->S006->O01,S008->S006,"[""S006-MED-01"", ""S006-WAT-01"", ""S008-FOD-01"", ""S008-HYG-01"", ""S008-MED-01"", ""S008-WAT-01"", ""S008-WAT-02""]",B,False,False,False,True,0.0,716,-6.508361913742192,4.0599820680547225,-6.508361913742192,False,False,False,62.0,0.168,4.1359294896968875,"{""S008"": 1473.1791567226169, ""S006"": 2432.903057264469}"
O01->S008->S006->O01,S008->S006,"[""S006-MED-01"", ""S006-WAT-01"", ""S008-FOD-01"", ""S008-HYG-01"", ""S008-MED-01"", ""S008-WAT-01"", ""S008-WAT-02""]",C,True,True,False,True,0.0,716,-6.508361913742192,4.0599820680547225,-6.508361913742192,False,False,False,62.0,0.168,7.803286922354026,"{""S008"": 1559.7273787685153, ""S006"": 2608.5516296521646}"
O01->S008->S006->O01,S008->S006,"[""S006-FOD-01"", ""S006-HYG-01"", ""S006-MED-01"", ""S006-WAT-01"", ""S006-WAT-02"", ""S006-WAT-03"", ""S008-MED-01""]",B,False,False,False,True,0.0,716,-6.508361913742192,4.0599820680547225,-6.508361913742192,False,False,False,62.0,0.168,4.796352516946236,"{""S008"": 1353.1791567226169, ""S006"": 2432.903057264469}"
O01->S008->S006->O01,S008->S006,"[""S006-FOD-01"", ""S006-HYG-01"", ""S006-MED-01"", ""S006-WAT-01"", ""S006-WAT-02"", ""S006-WAT-03"", ""S008-MED-01""]",C,True,True,False,True,0.0,716,-6.508361913742192,4.0599820680547225,-6.508361913742192,False,False,False,62.0,0.168,9.005308624704186,"{""S008"": 1415.7273787685153, ""S006"": 2608.5516296521646}"
O01->S008->S006->O01,S008->S006,"[""S006-FOD-01"", ""S006-HYG-01"", ""S006-MED-01"", ""S006-WAT-01"", ""S006-WAT-02"", ""S006-WAT-03"", ""S008-MED-01"", ""S008-WAT-01""]",B,False,False,False,True,0.0,716,-6.508361913742192,4.0599820680547225,-6.508361913742192,False,False,False,76.0,0.195,4.809345205871661,"{""S008"": 1413.1791567226169, ""S006"": 2492.903057264469}"
O01->S008->S006->O01,S008->S006,"[""S006-FOD-01"", ""S006-HYG-01"", ""S006-MED-01"", ""S006-WAT-01"", ""S006-WAT-02"", ""S006-WAT-03"", ""S008-MED-01"", ""S008-WAT-01""]",C,True,True,False,True,0.0,716,-6.508361913742192,4.0599820680547225,-6.508361913742192,False,False,False,76.0,0.195,10.050463634288867,"{""S008"": 1481.7273787685153, ""S006"": 2674.5516296521646}"
O01->S008->S006->O01,S008->S006,"[""S006-FOD-01"", ""S006-HYG-01"", ""S006-MED-01"", ""S006-WAT-01"", ""S006-WAT-02"", ""S006-WAT-03"", ""S008-FOD-01"", ""S008-HYG-01"", ""S008-MED-01"", ""S008-WAT-01"", ""S008-WAT-02""]",B,False,False,False,True,0.0,716,-6.508361913742192,4.0599820680547225,-6.508361913742192,False,False,False,104.0,0.28500000000000003,4.835330583722511,"{""S008"": 1593.1791567226169, ""S006"": 2672.903057264469}"
O01->S008->S006->O01,S008->S006,"[""S006-FOD-01"", ""S006-HYG-01"", ""S006-MED-01"", ""S006-WAT-01"", ""S006-WAT-02"", ""S006-WAT-03"", ""S008-FOD-01"", ""S008-HYG-01"", ""S008-MED-01"", ""S008-WAT-01"", ""S008-WAT-02""]",C,False,False,False,True,0.0,716,-6.508361913742192,4.0599820680547225,-6.508361913742192,False,False,False,104.0,0.28500000000000003,10.506398340823356,"{""S008"": 1679.7273787685153, ""S006"": 2872.5516296521646}"
O01->S007->S008->O01,S007->S008,"[""S008-MED-01""]",B,True,True,True,True,0.0,899,-6.585273014077657,4.121004583773043,-6.585273014077657,False,True,False,3.0,0.012,2.8925470661387664,"{""S007"": 975.7527905186801, ""S008"": 1818.2778290766842}"
O01->S007->S008->O01,S007->S008,"[""S008-MED-01""]",C,True,True,True,True,0.0,899,-6.585273014077657,4.121004583773043,-6.585273014077657,False,True,False,3.0,0.012,5.962322521468637,"{""S007"": 1047.7183196934848, ""S008"": 1987.3766085770098}"
O01->S007->S008->O01,S007->S008,"[""S008-MED-01"", ""S008-WAT-01""]",B,True,True,False,True,0.0,899,-6.585273014077657,4.121004583773043,-6.585273014077657,False,False,False,17.0,0.039,3.244766336194818,"{""S007"": 1005.7527905186801, ""S008"": 1878.2778290766842}"
O01->S007->S008->O01,S007->S008,"[""S008-MED-01"", ""S008-WAT-01""]",C,True,True,True,True,0.0,899,-6.585273014077657,4.121004583773043,-6.585273014077657,False,True,False,17.0,0.039,6.16727790540655,"{""S007"": 1077.7183196934848, ""S008"": 2053.37660857701}"
O01->S007->S008->O01,S007->S008,"[""S008-MED-01"", ""S008-WAT-01"", ""S008-WAT-02""]",B,False,True,False,True,0.0,899,-6.585273014077657,4.121004583773043,-6.585273014077657,False,False,False,31.0,0.066,4.069900380998186,"{""S007"": 1035.75279051868, ""S008"": 1938.2778290766842}"
O01->S007->S008->O01,S007->S008,"[""S008-MED-01"", ""S008-WAT-01"", ""S008-WAT-02""]",C,True,True,False,True,0.0,899,-6.585273014077657,4.121004583773043,-6.585273014077657,False,False,False,31.0,0.066,6.506945397216247,"{""S007"": 1107.7183196934848, ""S008"": 2119.37660857701}"
O01->S007->S008->O01,S007->S008,"[""S008-FOD-01"", ""S008-HYG-01"", ""S008-MED-01"", ""S008-WAT-01"", ""S008-WAT-02""]",B,False,False,False,True,0.0,899,-6.585273014077657,4.121004583773043,-6.585273014077657,False,False,False,45.0,0.129,4.108183517980997,"{""S007"": 1095.75279051868, ""S008"": 2058.277829076684}"
O01->S007->S008->O01,S007->S008,"[""S008-FOD-01"", ""S008-HYG-01"", ""S008-MED-01"", ""S008-WAT-01"", ""S008-WAT-02""]",C,True,True,False,True,0.0,899,-6.585273014077657,4.121004583773043,-6.585273014077657,False,False,False,45.0,0.129,7.0110662204146745,"{""S007"": 1167.7183196934848, ""S008"": 2251.37660857701}"
O01->S007->S008->O01,S007->S008,"[""S007-MED-01"", ""S008-MED-01"", ""S008-WAT-01""]",B,True,True,False,True,0.0,899,-6.585273014077657,4.121004583773043,-6.585273014077657,False,False,False,20.0,0.051000000000000004,3.3013039669652797,"{""S007"": 1065.75279051868, ""S008"": 1938.2778290766842}"
O01->S007->S008->O01,S007->S008,"[""S007-MED-01"", ""S008-MED-01"", ""S008-WAT-01""]",C,True,True,True,True,0.0,899,-6.585273014077657,4.121004583773043,-6.585273014077657,False,True,False,20.0,0.051000000000000004,6.1946342800832355,"{""S007"": 1143.7183196934848, ""S008"": 2119.37660857701}"
O01->S007->S008->O01,S007->S008,"[""S007-MED-01"", ""S007-WAT-01"", ""S008-MED-01"", ""S008-WAT-01""]",B,False,False,False,True,0.0,899,-6.585273014077657,4.121004583773043,-6.585273014077657,False,False,False,34.0,0.078,3.6103794710759334,"{""S007"": 1125.75279051868, ""S008"": 1998.2778290766842}"
O01->S007->S008->O01,S007->S008,"[""S007-MED-01"", ""S007-WAT-01"", ""S008-MED-01"", ""S008-WAT-01""]",C,True,True,True,True,0.0,899,-6.585273014077657,4.121004583773043,-6.585273014077657,False,True,False,34.0,0.078,6.358948950494847,"{""S007"": 1209.7183196934848, ""S008"": 2185.37660857701}"
O01->S007->S008->O01,S007->S008,"[""S007-MED-01"", ""S008-FOD-01"", ""S008-HYG-01"", ""S008-MED-01"", ""S008-WAT-01"", ""S008-WAT-02""]",B,False,False,False,True,0.0,899,-6.585273014077657,4.121004583773043,-6.585273014077657,False,False,False,48.0,0.14100000000000001,4.112546619656031,"{""S007"": 1155.75279051868, ""S008"": 2118.277829076684}"
O01->S007->S008->O01,S007->S008,"[""S007-MED-01"", ""S008-FOD-01"", ""S008-HYG-01"", ""S008-MED-01"", ""S008-WAT-01"", ""S008-WAT-02""]",C,True,True,False,True,0.0,899,-6.585273014077657,4.121004583773043,-6.585273014077657,False,False,False,48.0,0.14100000000000001,7.0710254723067845,"{""S007"": 1233.7183196934848, ""S008"": 2317.37660857701}"
O01->S007->S008->O01,S007->S008,"[""S007-MED-01"", ""S007-WAT-01"", ""S008-FOD-01"", ""S008-HYG-01"", ""S008-MED-01"", ""S008-WAT-01"", ""S008-WAT-02""]",B,False,False,False,True,0.0,899,-6.585273014077657,4.121004583773043,-6.585273014077657,False,False,False,62.0,0.168,4.132907760806187,"{""S007"": 1215.75279051868, ""S008"": 2178.277829076684}"
O01->S007->S008->O01,S007->S008,"[""S007-MED-01"", ""S007-WAT-01"", ""S008-FOD-01"", ""S008-HYG-01"", ""S008-MED-01"", ""S008-WAT-01"", ""S008-WAT-02""]",C,True,True,False,True,0.0,899,-6.585273014077657,4.121004583773043,-6.585273014077657,False,False,False,62.0,0.168,7.4358721687204365,"{""S007"": 1299.7183196934848, ""S008"": 2383.37660857701}"
O01->S007->S008->O01,S007->S008,"[""S007-FOD-01"", ""S007-HYG-01"", ""S007-MED-01"", ""S007-WAT-01"", ""S007-WAT-02"", ""S008-MED-01""]",B,False,False,False,True,0.0,899,-6.585273014077657,4.121004583773043,-6.585273014077657,False,False,False,48.0,0.14100000000000001,3.4348896220500444,"{""S007"": 1275.75279051868, ""S008"": 2118.277829076684}"
O01->S007->S008->O01,S007->S008,"[""S007-FOD-01"", ""S007-HYG-01"", ""S007-MED-01"", ""S007-WAT-01"", ""S007-WAT-02"", ""S008-MED-01""]",C,True,True,False,True,0.0,899,-6.585273014077657,4.121004583773043,-6.585273014077657,False,False,False,48.0,0.14100000000000001,6.487957967778016,"{""S007"": 1377.7183196934848, ""S008"": 2317.37660857701}"
O01->S007->S008->O01,S007->S008,"[""S007-FOD-01"", ""S007-HYG-01"", ""S007-MED-01"", ""S007-WAT-01"", ""S007-WAT-02"", ""S008-MED-01"", ""S008-WAT-01""]",B,False,False,False,True,0.0,899,-6.585273014077657,4.121004583773043,-6.585273014077657,False,False,False,62.0,0.168,3.651101753376247,"{""S007"": 1305.75279051868, ""S008"": 2178.277829076684}"
O01->S007->S008->O01,S007->S008,"[""S007-FOD-01"", ""S007-HYG-01"", ""S007-MED-01"", ""S007-WAT-01"", ""S007-WAT-02"", ""S008-MED-01"", ""S008-WAT-01""]",C,True,True,False,True,0.0,899,-6.585273014077657,4.121004583773043,-6.585273014077657,False,False,False,62.0,0.168,6.965191177362174,"{""S007"": 1407.7183196934848, ""S008"": 2383.37660857701}"
O01->S007->S008->O01,S007->S008,"[""S007-FOD-01"", ""S007-HYG-01"", ""S007-MED-01"", ""S007-WAT-01"", ""S007-WAT-02"", ""S008-FOD-01"", ""S008-HYG-01"", ""S008-MED-01"", ""S008-WAT-01"", ""S008-WAT-02""]",B,False,False,False,True,0.0,899,-6.585273014077657,4.121004583773043,-6.585273014077657,False,False,False,90.0,0.258,4.173630043106501,"{""S007"": 1395.75279051868, ""S008"": 2358.277829076684}"
O01->S007->S008->O01,S007->S008,"[""S007-FOD-01"", ""S007-HYG-01"", ""S007-MED-01"", ""S007-WAT-01"", ""S007-WAT-02"", ""S008-FOD-01"", ""S008-HYG-01"", ""S008-MED-01"", ""S008-WAT-01"", ""S008-WAT-02""]",C,False,False,False,True,0.0,899,-6.585273014077657,4.121004583773043,-6.585273014077657,False,False,False,90.0,0.258,8.294064342689955,"{""S007"": 1497.7183196934848, ""S008"": 2581.37660857701}"
O01->S008->S007->O01,S008->S007,"[""S008-MED-01""]",B,True,True,True,True,0.0,899,-6.585273014077657,4.121004583773043,-6.585273014077657,False,True,False,3.0,0.012,2.882423908237191,"{""S008"": 1173.1791567226169, ""S007"": 1980.5134760129613}"
O01->S008->S007->O01,S008->S007,"[""S008-MED-01""]",C,True,True,True,True,0.0,899,-6.585273014077657,4.121004583773043,-6.585273014077657,False,True,False,3.0,0.012,5.953886207793111,"{""S008"": 1235.7273787685153, ""S007"": 2131.608281717714}"
O01->S008->S007->O01,S008->S007,"[""S008-MED-01"", ""S008-WAT-01""]",B,True,True,True,True,0.0,899,-6.585273014077657,4.121004583773043,-6.585273014077657,False,True,False,17.0,0.039,3.1386764700426517,"{""S008"": 1233.1791567226169, ""S007"": 2040.5134760129613}"
O01->S008->S007->O01,S008->S007,"[""S008-MED-01"", ""S008-WAT-01""]",C,True,True,True,True,0.0,899,-6.585273014077657,4.121004583773043,-6.585273014077657,False,True,False,17.0,0.039,6.096028317048146,"{""S008"": 1301.7273787685153, ""S007"": 2197.608281717714}"
O01->S008->S007->O01,S008->S007,"[""S008-MED-01"", ""S008-WAT-01"", ""S008-WAT-02""]",B,False,True,False,True,0.0,899,-6.585273014077657,4.121004583773043,-6.585273014077657,False,False,False,31.0,0.066,3.76137677668698,"{""S008"": 1293.1791567226169, ""S007"": 2100.5134760129613}"
O01->S008->S007->O01,S008->S007,"[""S008-MED-01"", ""S008-WAT-01"", ""S008-WAT-02""]",C,True,True,True,True,0.0,899,-6.585273014077657,4.121004583773043,-6.585273014077657,False,True,False,31.0,0.066,6.342554875189309,"{""S008"": 1367.7273787685153, ""S007"": 2263.608281717714}"
O01->S008->S007->O01,S008->S007,"[""S008-FOD-01"", ""S008-HYG-01"", ""S008-MED-01"", ""S008-WAT-01"", ""S008-WAT-02""]",B,False,False,False,True,0.0,899,-6.585273014077657,4.121004583773043,-6.585273014077657,False,False,False,45.0,0.129,3.774369465612405,"{""S008"": 1413.1791567226169, ""S007"": 2220.5134760129613}"
O01->S008->S007->O01,S008->S007,"[""S008-FOD-01"", ""S008-HYG-01"", ""S008-MED-01"", ""S008-WAT-01"", ""S008-WAT-02""]",C,True,True,False,True,0.0,899,-6.585273014077657,4.121004583773043,-6.585273014077657,False,False,False,45.0,0.129,6.716511481272697,"{""S008"": 1499.7273787685153, ""S007"": 2395.608281717714}"
O01->S008->S007->O01,S008->S007,"[""S007-MED-01"", ""S008-MED-01"", ""S008-WAT-01""]",B,True,True,False,True,0.0,899,-6.585273014077657,4.121004583773043,-6.585273014077657,False,False,False,20.0,0.051000000000000004,3.251141982550861,"{""S008"": 1263.1791567226169, ""S007"": 2100.5134760129613}"
O01->S008->S007->O01,S008->S007,"[""S007-MED-01"", ""S008-MED-01"", ""S008-WAT-01""]",C,True,True,True,True,0.0,899,-6.585273014077657,4.121004583773043,-6.585273014077657,False,True,False,20.0,0.051000000000000004,6.1518236507734905,"{""S008"": 1331.7273787685153, ""S007"": 2263.608281717714}"
O01->S008->S007->O01,S008->S007,"[""S007-MED-01"", ""S007-WAT-01"", ""S008-MED-01"", ""S008-WAT-01""]",B,False,False,False,True,0.0,899,-6.585273014077657,4.121004583773043,-6.585273014077657,False,False,False,34.0,0.078,3.980478773368326,"{""S008"": 1293.1791567226169, ""S007"": 2160.5134760129613}"
O01->S008->S007->O01,S008->S007,"[""S007-MED-01"", ""S007-WAT-01"", ""S008-MED-01"", ""S008-WAT-01""]",C,True,True,False,True,0.0,899,-6.585273014077657,4.121004583773043,-6.585273014077657,False,False,False,34.0,0.078,6.538783063073705,"{""S008"": 1361.7273787685153, ""S007"": 2329.608281717714}"
O01->S008->S007->O01,S008->S007,"[""S007-MED-01"", ""S008-FOD-01"", ""S008-HYG-01"", ""S008-MED-01"", ""S008-WAT-01"", ""S008-WAT-02""]",B,False,False,False,True,0.0,899,-6.585273014077657,4.121004583773043,-6.585273014077657,False,False,False,48.0,0.14100000000000001,3.7935165726761793,"{""S008"": 1443.1791567226169, ""S007"": 2280.5134760129613}"
O01->S008->S007->O01,S008->S007,"[""S007-MED-01"", ""S008-FOD-01"", ""S008-HYG-01"", ""S008-MED-01"", ""S008-WAT-01"", ""S008-WAT-02""]",C,True,True,False,True,0.0,899,-6.585273014077657,4.121004583773043,-6.585273014077657,False,False,False,48.0,0.14100000000000001,6.830619722989594,"{""S008"": 1529.7273787685153, ""S007"": 2461.608281717714}"
O01->S008->S007->O01,S008->S007,"[""S007-MED-01"", ""S007-WAT-01"", ""S008-FOD-01"", ""S008-HYG-01"", ""S008-MED-01"", ""S008-WAT-01"", ""S008-WAT-02""]",B,False,False,False,True,0.0,899,-6.585273014077657,4.121004583773043,-6.585273014077657,False,False,False,62.0,0.168,4.006464151219176,"{""S008"": 1473.1791567226169, ""S007"": 2340.5134760129613}"
O01->S008->S007->O01,S008->S007,"[""S007-MED-01"", ""S007-WAT-01"", ""S008-FOD-01"", ""S008-HYG-01"", ""S008-MED-01"", ""S008-WAT-01"", ""S008-WAT-02""]",C,True,True,False,True,0.0,899,-6.585273014077657,4.121004583773043,-6.585273014077657,False,False,False,62.0,0.168,7.576247037645484,"{""S008"": 1559.7273787685153, ""S007"": 2527.608281717714}"
O01->S008->S007->O01,S008->S007,"[""S007-FOD-01"", ""S007-HYG-01"", ""S007-MED-01"", ""S007-WAT-01"", ""S007-WAT-02"", ""S008-MED-01""]",B,False,False,False,True,0.0,899,-6.585273014077657,4.121004583773043,-6.585273014077657,False,False,False,48.0,0.14100000000000001,4.483481307116116,"{""S008"": 1323.1791567226169, ""S007"": 2280.5134760129613}"
O01->S008->S007->O01,S008->S007,"[""S007-FOD-01"", ""S007-HYG-01"", ""S007-MED-01"", ""S007-WAT-01"", ""S007-WAT-02"", ""S008-MED-01""]",C,True,True,False,True,0.0,899,-6.585273014077657,4.121004583773043,-6.585273014077657,False,False,False,48.0,0.14100000000000001,7.425999123049792,"{""S008"": 1385.7273787685153, ""S007"": 2461.608281717714}"
O01->S008->S007->O01,S008->S007,"[""S007-FOD-01"", ""S007-HYG-01"", ""S007-MED-01"", ""S007-WAT-01"", ""S007-WAT-02"", ""S008-MED-01"", ""S008-WAT-01""]",B,False,False,False,True,0.0,899,-6.585273014077657,4.121004583773043,-6.585273014077657,False,False,False,62.0,0.168,4.496473996041541,"{""S008"": 1383.1791567226169, ""S007"": 2340.5134760129613}"
O01->S008->S007->O01,S008->S007,"[""S007-FOD-01"", ""S007-HYG-01"", ""S007-MED-01"", ""S007-WAT-01"", ""S007-WAT-02"", ""S008-MED-01"", ""S008-WAT-01""]",C,True,True,False,True,0.0,899,-6.585273014077657,4.121004583773043,-6.585273014077657,False,False,False,62.0,0.168,8.055132355515784,"{""S008"": 1451.7273787685153, ""S007"": 2527.608281717714}"
O01->S008->S007->O01,S008->S007,"[""S007-FOD-01"", ""S007-HYG-01"", ""S007-MED-01"", ""S007-WAT-01"", ""S007-WAT-02"", ""S008-FOD-01"", ""S008-HYG-01"", ""S008-MED-01"", ""S008-WAT-01"", ""S008-WAT-02""]",B,False,False,False,True,0.0,899,-6.585273014077657,4.121004583773043,-6.585273014077657,False,False,False,90.0,0.258,4.522459373892391,"{""S008"": 1563.1791567226169, ""S007"": 2520.5134760129613}"
O01->S008->S007->O01,S008->S007,"[""S007-FOD-01"", ""S007-HYG-01"", ""S007-MED-01"", ""S007-WAT-01"", ""S007-WAT-02"", ""S008-FOD-01"", ""S008-HYG-01"", ""S008-MED-01"", ""S008-WAT-01"", ""S008-WAT-02""]",C,False,False,False,True,0.0,899,-6.585273014077657,4.121004583773043,-6.585273014077657,False,False,False,90.0,0.258,9.543229382709528,"{""S008"": 1649.7273787685153, ""S007"": 2725.608281717714}"
O01->S009->S008->O01,S009->S008,"[""S008-MED-01""]",B,True,True,True,True,0.0,966,-6.533999680739285,4.100623968795915,-6.533999680739285,False,True,False,3.0,0.012,2.8376727508413424,"{""S009"": 941.9913806004556, ""S008"": 1566.5252522555863}"
O01->S009->S008->O01,S009->S008,"[""S008-MED-01""]",C,True,True,True,True,0.0,966,-6.533999680739285,4.100623968795915,-6.533999680739285,False,True,False,3.0,0.012,5.945855248309771,"{""S009"": 989.349532659375, ""S008"": 1674.2301312025265}"
O01->S009->S008->O01,S009->S008,"[""S008-MED-01"", ""S008-WAT-01""]",B,True,True,True,True,0.0,966,-6.533999680739285,4.100623968795915,-6.533999680739285,False,True,False,17.0,0.039,3.1786441995525263,"{""S009"": 971.9913806004556, ""S008"": 1626.5252522555863}"
O01->S009->S008->O01,S009->S008,"[""S008-MED-01"", ""S008-WAT-01""]",C,True,True,True,True,0.0,966,-6.533999680739285,4.100623968795915,-6.533999680739285,False,True,False,17.0,0.039,6.135683296067214,"{""S009"": 1019.349532659375, ""S008"": 1740.2301312025265}"
O01->S009->S008->O01,S009->S008,"[""S008-MED-01"", ""S008-WAT-01"", ""S008-WAT-02""]",B,False,True,False,True,0.0,966,-6.533999680739285,4.100623968795915,-6.533999680739285,False,False,False,31.0,0.066,4.004988873843548,"{""S009"": 1001.9913806004556, ""S008"": 1686.5252522555863}"
O01->S009->S008->O01,S009->S008,"[""S008-MED-01"", ""S008-WAT-01"", ""S008-WAT-02""]",C,True,True,False,True,0.0,966,-6.533999680739285,4.100623968795915,-6.533999680739285,False,False,False,31.0,0.066,6.463772302910408,"{""S009"": 1049.349532659375, ""S008"": 1806.2301312025265}"
O01->S009->S008->O01,S009->S008,"[""S008-FOD-01"", ""S008-HYG-01"", ""S008-MED-01"", ""S008-WAT-01"", ""S008-WAT-02""]",B,False,False,False,True,0.0,966,-6.533999680739285,4.100623968795915,-6.533999680739285,False,False,False,45.0,0.129,4.023753866608763,"{""S009"": 1061.9913806004556, ""S008"": 1806.5252522555863}"
O01->S009->S008->O01,S009->S008,"[""S008-FOD-01"", ""S008-HYG-01"", ""S008-MED-01"", ""S008-WAT-01"", ""S008-WAT-02""]",C,True,True,False,True,0.0,966,-6.533999680739285,4.100623968795915,-6.533999680739285,False,False,False,45.0,0.129,6.960646994142817,"{""S009"": 1109.349532659375, ""S008"": 1938.2301312025265}"
O01->S009->S008->O01,S009->S008,"[""S008-MED-01"", ""S008-WAT-01"", ""S009-MED-01""]",B,True,True,False,True,0.0,966,-6.533999680739285,4.100623968795915,-6.533999680739285,False,False,False,20.0,0.051000000000000004,3.2463775062135594,"{""S009"": 1031.9913806004556, ""S008"": 1686.5252522555863}"
O01->S009->S008->O01,S009->S008,"[""S008-MED-01"", ""S008-WAT-01"", ""S009-MED-01""]",C,True,True,True,True,0.0,966,-6.533999680739285,4.100623968795915,-6.533999680739285,False,True,False,20.0,0.051000000000000004,6.166584483729019,"{""S009"": 1085.349532659375, ""S008"": 1806.2301312025265}"
O01->S009->S008->O01,S009->S008,"[""S008-MED-01"", ""S008-WAT-01"", ""S009-MED-01"", ""S009-WAT-01""]",B,False,False,False,True,0.0,966,-6.533999680739285,4.100623968795915,-6.533999680739285,False,False,False,34.0,0.078,3.6195589331588636,"{""S009"": 1091.9913806004556, ""S008"": 1746.5252522555863}"
O01->S009->S008->O01,S009->S008,"[""S008-MED-01"", ""S008-WAT-01"", ""S009-MED-01"", ""S009-WAT-01""]",C,True,True,True,True,0.0,966,-6.533999680739285,4.100623968795915,-6.533999680739285,False,True,False,34.0,0.078,6.357051080438916,"{""S009"": 1151.349532659375, ""S008"": 1872.2301312025265}"
O01->S009->S008->O01,S009->S008,"[""S008-FOD-01"", ""S008-HYG-01"", ""S008-MED-01"", ""S008-WAT-01"", ""S008-WAT-02"", ""S009-MED-01""]",B,False,False,False,True,0.0,966,-6.533999680739285,4.100623968795915,-6.533999680739285,False,False,False,48.0,0.14100000000000001,4.025633309467777,"{""S009"": 1121.9913806004556, ""S008"": 1866.5252522555863}"
O01->S009->S008->O01,S009->S008,"[""S008-FOD-01"", ""S008-HYG-01"", ""S008-MED-01"", ""S008-WAT-01"", ""S008-WAT-02"", ""S009-MED-01""]",C,True,True,False,True,0.0,966,-6.533999680739285,4.100623968795915,-6.533999680739285,False,False,False,48.0,0.14100000000000001,7.032699016760347,"{""S009"": 1175.349532659375, ""S008"": 2004.2301312025265}"
O01->S009->S008->O01,S009->S008,"[""S008-FOD-01"", ""S008-HYG-01"", ""S008-MED-01"", ""S008-WAT-01"", ""S008-WAT-02"", ""S009-MED-01"", ""S009-WAT-01""]",B,False,False,False,True,0.0,966,-6.533999680739285,4.100623968795915,-6.533999680739285,False,False,False,62.0,0.168,4.034404042809841,"{""S009"": 1181.9913806004556, ""S008"": 1926.5252522555863}"
O01->S009->S008->O01,S009->S008,"[""S008-FOD-01"", ""S008-HYG-01"", ""S008-MED-01"", ""S008-WAT-01"", ""S008-WAT-02"", ""S009-MED-01"", ""S009-WAT-01""]",C,True,True,False,True,0.0,966,-6.533999680739285,4.100623968795915,-6.533999680739285,False,False,False,62.0,0.168,7.476273958811085,"{""S009"": 1241.349532659375, ""S008"": 2070.2301312025265}"
O01->S009->S008->O01,S009->S008,"[""S008-MED-01"", ""S009-FOD-01"", ""S009-MED-01"", ""S009-WAT-01""]",B,False,False,False,True,0.0,966,-6.533999680739285,4.100623968795915,-6.533999680739285,False,False,False,28.0,0.079,3.357015225636587,"{""S009"": 1121.9913806004556, ""S008"": 1746.5252522555863}"
O01->S009->S008->O01,S009->S008,"[""S008-MED-01"", ""S009-FOD-01"", ""S009-MED-01"", ""S009-WAT-01""]",C,True,True,True,True,0.0,966,-6.533999680739285,4.100623968795915,-6.533999680739285,False,True,False,28.0,0.079,6.175571224177647,"{""S009"": 1187.349532659375, ""S008"": 1872.2301312025265}"
O01->S009->S008->O01,S009->S008,"[""S008-MED-01"", ""S008-WAT-01"", ""S009-FOD-01"", ""S009-MED-01"", ""S009-WAT-01""]",B,False,False,False,True,0.0,966,-6.533999680739285,4.100623968795915,-6.533999680739285,False,False,False,42.0,0.106,3.6245707807829004,"{""S009"": 1151.9913806004556, ""S008"": 1806.5252522555863}"
O01->S009->S008->O01,S009->S008,"[""S008-MED-01"", ""S008-WAT-01"", ""S009-FOD-01"", ""S009-MED-01"", ""S009-WAT-01""]",C,True,True,False,True,0.0,966,-6.533999680739285,4.100623968795915,-6.533999680739285,False,False,False,42.0,0.106,6.506882796228047,"{""S009"": 1217.349532659375, ""S008"": 1938.2301312025265}"
O01->S009->S008->O01,S009->S008,"[""S008-FOD-01"", ""S008-HYG-01"", ""S008-MED-01"", ""S008-WAT-01"", ""S008-WAT-02"", ""S009-FOD-01"", ""S009-MED-01"", ""S009-WAT-01""]",B,False,False,False,True,0.0,966,-6.533999680739285,4.100623968795915,-6.533999680739285,False,False,False,70.0,0.196,4.039415890433878,"{""S009"": 1241.9913806004556, ""S008"": 1986.5252522555863}"
O01->S009->S008->O01,S009->S008,"[""S008-FOD-01"", ""S008-HYG-01"", ""S008-MED-01"", ""S008-WAT-01"", ""S008-WAT-02"", ""S009-FOD-01"", ""S009-MED-01"", ""S009-WAT-01""]",C,True,True,False,True,0.0,966,-6.533999680739285,4.100623968795915,-6.533999680739285,False,False,False,70.0,0.196,7.846343711960051,"{""S009"": 1307.349532659375, ""S008"": 2136.2301312025265}"
O01->S008->S009->O01,S008->S009,"[""S008-MED-01""]",B,True,True,True,True,0.0,966,-6.533999680739285,4.100623968795915,-6.533999680739285,False,True,False,3.0,0.012,2.831161080758193,"{""S008"": 1173.1791567226169, ""S009"": 1770.3968174677213}"
O01->S008->S009->O01,S008->S009,"[""S008-MED-01""]",C,True,True,True,True,0.0,966,-6.533999680739285,4.100623968795915,-6.533999680739285,False,True,False,3.0,0.012,5.941204100396018,"{""S008"": 1235.7273787685153, ""S009"": 1888.6550997349739}"
O01->S008->S009->O01,S008->S009,"[""S008-MED-01"", ""S008-WAT-01""]",B,True,True,True,True,0.0,966,-6.533999680739285,4.100623968795915,-6.533999680739285,False,True,False,17.0,0.039,3.0874136425636536,"{""S008"": 1233.1791567226169, ""S009"": 1830.3968174677213}"
O01->S008->S009->O01,S008->S009,"[""S008-MED-01"", ""S008-WAT-01""]",C,True,True,True,True,0.0,966,-6.533999680739285,4.100623968795915,-6.533999680739285,False,True,False,17.0,0.039,6.083346209651053,"{""S008"": 1301.7273787685153, ""S009"": 1954.6550997349739}"
O01->S008->S009->O01,S008->S009,"[""S008-MED-01"", ""S008-WAT-01"", ""S008-WAT-02""]",B,False,True,False,True,0.0,966,-6.533999680739285,4.100623968795915,-6.533999680739285,False,False,False,31.0,0.066,3.7101139492079813,"{""S008"": 1293.1791567226169, ""S009"": 1890.3968174677213}"
O01->S008->S009->O01,S008->S009,"[""S008-MED-01"", ""S008-WAT-01"", ""S008-WAT-02""]",C,True,True,True,True,0.0,966,-6.533999680739285,4.100623968795915,-6.533999680739285,False,True,False,31.0,0.066,6.3298727677922155,"{""S008"": 1367.7273787685153, ""S009"": 2020.6550997349739}"
O01->S008->S009->O01,S008->S009,"[""S008-FOD-01"", ""S008-HYG-01"", ""S008-MED-01"", ""S008-WAT-01"", ""S008-WAT-02""]",B,False,False,False,True,0.0,966,-6.533999680739285,4.100623968795915,-6.533999680739285,False,False,False,45.0,0.129,3.723106638133407,"{""S008"": 1413.1791567226169, ""S009"": 2010.3968174677213}"
O01->S008->S009->O01,S008->S009,"[""S008-FOD-01"", ""S008-HYG-01"", ""S008-MED-01"", ""S008-WAT-01"", ""S008-WAT-02""]",C,True,True,False,True,0.0,966,-6.533999680739285,4.100623968795915,-6.533999680739285,False,False,False,45.0,0.129,6.703829373875603,"{""S008"": 1499.7273787685153, ""S009"": 2152.655099734974}"
O01->S008->S009->O01,S008->S009,"[""S008-MED-01"", ""S008-WAT-01"", ""S009-MED-01""]",B,True,True,True,True,0.0,966,-6.533999680739285,4.100623968795915,-6.533999680739285,False,True,False,20.0,0.051000000000000004,3.195042089317713,"{""S008"": 1263.1791567226169, ""S009"": 1890.3968174677213}"
O01->S008->S009->O01,S008->S009,"[""S008-MED-01"", ""S008-WAT-01"", ""S009-MED-01""]",C,True,True,True,True,0.0,966,-6.533999680739285,4.100623968795915,-6.533999680739285,False,True,False,20.0,0.051000000000000004,6.134993959143076,"{""S008"": 1331.7273787685153, ""S009"": 2020.6550997349739}"
O01->S008->S009->O01,S008->S009,"[""S008-MED-01"", ""S008-WAT-01"", ""S009-MED-01"", ""S009-WAT-01""]",B,False,False,False,True,0.0,966,-6.533999680739285,4.100623968795915,-6.533999680739285,False,False,False,34.0,0.078,3.8827722260599042,"{""S008"": 1293.1791567226169, ""S009"": 1950.3968174677213}"
O01->S008->S009->O01,S008->S009,"[""S008-MED-01"", ""S008-WAT-01"", ""S009-MED-01"", ""S009-WAT-01""]",C,True,True,False,True,0.0,966,-6.533999680739285,4.100623968795915,-6.533999680739285,False,False,False,34.0,0.078,6.493199776973679,"{""S008"": 1361.7273787685153, ""S009"": 2086.655099734974}"
O01->S008->S009->O01,S008->S009,"[""S008-FOD-01"", ""S008-HYG-01"", ""S008-MED-01"", ""S008-WAT-01"", ""S008-WAT-02"", ""S009-MED-01""]",B,False,False,False,True,0.0,966,-6.533999680739285,4.100623968795915,-6.533999680739285,False,False,False,48.0,0.14100000000000001,3.7374166794430312,"{""S008"": 1443.1791567226169, ""S009"": 2070.396817467721}"
O01->S008->S009->O01,S008->S009,"[""S008-FOD-01"", ""S008-HYG-01"", ""S008-MED-01"", ""S008-WAT-01"", ""S008-WAT-02"", ""S009-MED-01""]",C,True,True,False,True,0.0,966,-6.533999680739285,4.100623968795915,-6.533999680739285,False,False,False,48.0,0.14100000000000001,6.813790031359179,"{""S008"": 1529.7273787685153, ""S009"": 2218.655099734974}"
O01->S008->S009->O01,S008->S009,"[""S008-FOD-01"", ""S008-HYG-01"", ""S008-MED-01"", ""S008-WAT-01"", ""S008-WAT-02"", ""S009-MED-01"", ""S009-WAT-01""]",B,False,False,False,True,0.0,966,-6.533999680739285,4.100623968795915,-6.533999680739285,False,False,False,62.0,0.168,3.9087576039107548,"{""S008"": 1473.1791567226169, ""S009"": 2130.396817467721}"
O01->S008->S009->O01,S008->S009,"[""S008-FOD-01"", ""S008-HYG-01"", ""S008-MED-01"", ""S008-WAT-01"", ""S008-WAT-02"", ""S009-MED-01"", ""S009-WAT-01""]",C,True,True,False,True,0.0,966,-6.533999680739285,4.100623968795915,-6.533999680739285,False,False,False,62.0,0.168,7.5306637515454575,"{""S008"": 1559.7273787685153, ""S009"": 2284.655099734974}"
O01->S008->S009->O01,S008->S009,"[""S008-MED-01"", ""S009-FOD-01"", ""S009-MED-01"", ""S009-WAT-01""]",B,False,False,False,True,0.0,966,-6.533999680739285,4.100623968795915,-6.533999680739285,False,False,False,28.0,0.079,3.9288461599583036,"{""S008"": 1263.1791567226169, ""S009"": 1950.3968174677213}"
O01->S008->S009->O01,S008->S009,"[""S008-MED-01"", ""S009-FOD-01"", ""S009-MED-01"", ""S009-WAT-01""]",C,True,True,False,True,0.0,966,-6.533999680739285,4.100623968795915,-6.533999680739285,False,False,False,28.0,0.079,6.442023431399001,"{""S008"": 1325.7273787685153, ""S009"": 2086.655099734974}"
O01->S008->S009->O01,S008->S009,"[""S008-MED-01"", ""S008-WAT-01"", ""S009-FOD-01"", ""S009-MED-01"", ""S009-WAT-01""]",B,False,False,False,True,0.0,966,-6.533999680739285,4.100623968795915,-6.533999680739285,False,False,False,42.0,0.106,4.081064520485177,"{""S008"": 1323.1791567226169, ""S009"": 2010.3968174677213}"
O01->S008->S009->O01,S008->S009,"[""S008-MED-01"", ""S008-WAT-01"", ""S009-FOD-01"", ""S009-MED-01"", ""S009-WAT-01""]",C,True,True,False,True,0.0,966,-6.533999680739285,4.100623968795915,-6.533999680739285,False,False,False,42.0,0.106,6.784655172110908,"{""S008"": 1391.7273787685153, ""S009"": 2152.655099734974}"
O01->S008->S009->O01,S008->S009,"[""S008-FOD-01"", ""S008-HYG-01"", ""S008-MED-01"", ""S008-WAT-01"", ""S008-WAT-02"", ""S009-FOD-01"", ""S009-MED-01"", ""S009-WAT-01""]",B,False,False,False,True,0.0,966,-6.533999680739285,4.100623968795915,-6.533999680739285,False,False,False,70.0,0.196,4.107049898336028,"{""S008"": 1503.1791567226169, ""S009"": 2190.396817467721}"
O01->S008->S009->O01,S008->S009,"[""S008-FOD-01"", ""S008-HYG-01"", ""S008-MED-01"", ""S008-WAT-01"", ""S008-WAT-02"", ""S009-FOD-01"", ""S009-MED-01"", ""S009-WAT-01""]",C,True,True,False,True,0.0,966,-6.533999680739285,4.100623968795915,-6.533999680739285,False,False,False,70.0,0.196,8.134208085403415,"{""S008"": 1589.7273787685153, ""S009"": 2350.655099734974}"
O01->S010->S008->O01,S010->S008,"[""S008-MED-01""]",B,True,True,False,True,0.0,1298,-8.077069744348478,5.618637089914046,-8.077069744348478,False,False,False,3.0,0.012,3.347900531373609,"{""S010"": 934.8348215935089, ""S008"": 1863.6760252465338}"
O01->S010->S008->O01,S010->S008,"[""S008-MED-01""]",C,True,True,False,True,0.0,1298,-8.077069744348478,5.618637089914046,-8.077069744348478,False,False,False,3.0,0.012,7.006516024660746,"{""S010"": 993.7675775342641, ""S008"": 1988.2604981062343}"
O01->S010->S008->O01,S010->S008,"[""S008-MED-01"", ""S008-WAT-01""]",B,True,True,False,True,0.0,1298,-8.077069744348478,5.618637089914046,-8.077069744348478,False,False,False,17.0,0.039,3.794523129974713,"{""S010"": 964.8348215935089, ""S008"": 1923.6760252465338}"
O01->S010->S008->O01,S010->S008,"[""S008-MED-01"", ""S008-WAT-01""]",C,True,True,False,True,0.0,1298,-8.077069744348478,5.618637089914046,-8.077069744348478,False,False,False,17.0,0.039,7.254952736481918,"{""S010"": 1023.7675775342641, ""S008"": 2054.260498106234}"
O01->S010->S008->O01,S010->S008,"[""S008-MED-01"", ""S008-WAT-01"", ""S008-WAT-02""]",B,False,True,False,True,0.0,1298,-8.077069744348478,5.618637089914046,-8.077069744348478,False,False,False,31.0,0.066,4.877588487728871,"{""S010"": 994.8348215935089, ""S008"": 1983.6760252465338}"
O01->S010->S008->O01,S010->S008,"[""S008-MED-01"", ""S008-WAT-01"", ""S008-WAT-02""]",C,True,True,False,True,0.0,1298,-8.077069744348478,5.618637089914046,-8.077069744348478,False,False,False,31.0,0.066,7.684683309699263,"{""S010"": 1053.767577534264, ""S008"": 2120.260498106234}"
O01->S010->S008->O01,S010->S008,"[""S008-FOD-01"", ""S008-HYG-01"", ""S008-MED-01"", ""S008-WAT-01"", ""S008-WAT-02""]",B,False,False,False,True,0.0,1298,-8.077069744348478,5.618637089914046,-8.077069744348478,False,False,False,45.0,0.129,4.901719784725517,"{""S010"": 1054.8348215935089, ""S008"": 2103.6760252465338}"
O01->S010->S008->O01,S010->S008,"[""S008-FOD-01"", ""S008-HYG-01"", ""S008-MED-01"", ""S008-WAT-01"", ""S008-WAT-02""]",C,True,True,False,True,0.0,1298,-8.077069744348478,5.618637089914046,-8.077069744348478,False,False,False,45.0,0.129,8.335733109064442,"{""S010"": 1113.767577534264, ""S008"": 2252.260498106234}"
O01->S010->S008->O01,S010->S008,"[""S008-MED-01"", ""S008-WAT-01"", ""S010-MED-01""]",B,True,True,False,True,0.0,1298,-8.077069744348478,5.618637089914046,-8.077069744348478,False,False,False,20.0,0.051000000000000004,3.8530079114459475,"{""S010"": 1024.8348215935089, ""S008"": 1983.6760252465338}"
O01->S010->S008->O01,S010->S008,"[""S008-MED-01"", ""S008-WAT-01"", ""S010-MED-01""]",C,True,True,False,True,0.0,1298,-8.077069744348478,5.618637089914046,-8.077069744348478,False,False,False,20.0,0.051000000000000004,7.2826824511272275,"{""S010"": 1089.767577534264, ""S008"": 2120.260498106234}"
O01->S010->S008->O01,S010->S008,"[""S008-MED-01"", ""S008-WAT-01"", ""S010-MED-01"", ""S010-WAT-01""]",B,False,False,False,True,0.0,1298,-8.077069744348478,5.618637089914046,-8.077069744348478,False,False,False,34.0,0.078,4.173609648439979,"{""S010"": 1084.8348215935089, ""S008"": 2043.6760252465338}"
O01->S010->S008->O01,S010->S008,"[""S008-MED-01"", ""S008-WAT-01"", ""S010-MED-01"", ""S010-WAT-01""]",C,True,True,False,True,0.0,1298,-8.077069744348478,5.618637089914046,-8.077069744348478,False,False,False,34.0,0.078,7.450716077280415,"{""S010"": 1155.767577534264, ""S008"": 2186.260498106234}"
O01->S010->S008->O01,S010->S008,"[""S008-FOD-01"", ""S008-HYG-01"", ""S008-MED-01"", ""S008-WAT-01"", ""S008-WAT-02"", ""S010-MED-01""]",B,False,False,False,True,0.0,1298,-8.077069744348478,5.618637089914046,-8.077069744348478,False,False,False,48.0,0.14100000000000001,4.905216147473981,"{""S010"": 1114.8348215935089, ""S008"": 2163.6760252465338}"
O01->S010->S008->O01,S010->S008,"[""S008-FOD-01"", ""S008-HYG-01"", ""S008-MED-01"", ""S008-WAT-01"", ""S008-WAT-02"", ""S010-MED-01""]",C,True,True,False,True,0.0,1298,-8.077069744348478,5.618637089914046,-8.077069744348478,False,False,False,48.0,0.14100000000000001,8.397824047375229,"{""S010"": 1179.767577534264, ""S008"": 2318.260498106234}"
O01->S010->S008->O01,S010->S008,"[""S008-FOD-01"", ""S008-HYG-01"", ""S008-MED-01"", ""S008-WAT-01"", ""S008-WAT-02"", ""S010-MED-01"", ""S010-WAT-01""]",B,False,False,False,True,0.0,1298,-8.077069744348478,5.618637089914046,-8.077069744348478,False,False,False,62.0,0.168,4.9215325069668125,"{""S010"": 1174.8348215935089, ""S008"": 2223.6760252465338}"
O01->S010->S008->O01,S010->S008,"[""S008-FOD-01"", ""S008-HYG-01"", ""S008-MED-01"", ""S008-WAT-01"", ""S008-WAT-02"", ""S010-MED-01"", ""S010-WAT-01""]",C,True,True,False,True,0.0,1298,-8.077069744348478,5.618637089914046,-8.077069744348478,False,False,False,62.0,0.168,8.777204842430644,"{""S010"": 1245.767577534264, ""S008"": 2384.260498106234}"
O01->S010->S008->O01,S010->S008,"[""S008-MED-01"", ""S010-FOD-01"", ""S010-MED-01"", ""S010-WAT-01""]",B,False,False,False,True,0.0,1298,-8.077069744348478,5.618637089914046,-8.077069744348478,False,False,False,28.0,0.079,3.797613448216048,"{""S010"": 1114.8348215935089, ""S008"": 2043.6760252465338}"
O01->S010->S008->O01,S010->S008,"[""S008-MED-01"", ""S010-FOD-01"", ""S010-MED-01"", ""S010-WAT-01""]",C,True,True,False,True,0.0,1298,-8.077069744348478,5.618637089914046,-8.077069744348478,False,False,False,28.0,0.079,7.214388869004056,"{""S010"": 1191.767577534264, ""S008"": 2186.260498106234}"
O01->S010->S008->O01,S010->S008,"[""S008-MED-01"", ""S008-WAT-01"", ""S010-FOD-01"", ""S010-MED-01"", ""S010-WAT-01""]",B,False,False,False,True,0.0,1298,-8.077069744348478,5.618637089914046,-8.077069744348478,False,False,False,42.0,0.106,4.182933282435883,"{""S010"": 1144.8348215935089, ""S008"": 2103.6760252465338}"
O01->S010->S008->O01,S010->S008,"[""S008-MED-01"", ""S008-WAT-01"", ""S010-FOD-01"", ""S010-MED-01"", ""S010-WAT-01""]",C,True,True,False,True,0.0,1298,-8.077069744348478,5.618637089914046,-8.077069744348478,False,False,False,42.0,0.106,7.580965274186028,"{""S010"": 1221.767577534264, ""S008"": 2252.260498106234}"
O01->S010->S008->O01,S010->S008,"[""S008-FOD-01"", ""S008-HYG-01"", ""S008-MED-01"", ""S008-WAT-01"", ""S008-WAT-02"", ""S010-FOD-01"", ""S010-MED-01"", ""S010-WAT-01""]",B,False,False,False,True,0.0,1298,-8.077069744348478,5.618637089914046,-8.077069744348478,False,False,False,70.0,0.196,4.930856140962717,"{""S010"": 1234.8348215935089, ""S008"": 2283.6760252465338}"
O01->S010->S008->O01,S010->S008,"[""S008-FOD-01"", ""S008-HYG-01"", ""S008-MED-01"", ""S008-WAT-01"", ""S008-WAT-02"", ""S010-FOD-01"", ""S010-MED-01"", ""S010-WAT-01""]",C,True,True,False,True,0.0,1298,-8.077069744348478,5.618637089914046,-8.077069744348478,False,False,False,70.0,0.196,9.091354280230737,"{""S010"": 1311.767577534264, ""S008"": 2450.260498106234}"
O01->S008->S010->O01,S008->S010,"[""S008-MED-01""]",B,True,True,False,True,0.0,1298,-8.077069744348478,5.618637089914046,-8.077069744348478,False,False,False,3.0,0.012,3.333479587341239,"{""S008"": 1173.1791567226169, ""S010"": 2066.5063289787527}"
O01->S008->S010->O01,S008->S010,"[""S008-MED-01""]",C,True,True,False,True,0.0,1298,-8.077069744348478,5.618637089914046,-8.077069744348478,False,False,False,3.0,0.012,6.996251031903987,"{""S008"": 1235.7273787685153, ""S010"": 2186.0162679435966}"
O01->S008->S010->O01,S008->S010,"[""S008-MED-01"", ""S008-WAT-01""]",B,True,True,False,True,0.0,1298,-8.077069744348478,5.618637089914046,-8.077069744348478,False,False,False,17.0,0.039,3.5897321491466996,"{""S008"": 1233.1791567226169, ""S010"": 2126.5063289787527}"
O01->S008->S010->O01,S008->S010,"[""S008-MED-01"", ""S008-WAT-01""]",C,True,True,False,True,0.0,1298,-8.077069744348478,5.618637089914046,-8.077069744348478,False,False,False,17.0,0.039,7.138393141159022,"{""S008"": 1301.7273787685153, ""S010"": 2252.0162679435966}"
O01->S008->S010->O01,S008->S010,"[""S008-MED-01"", ""S008-WAT-01"", ""S008-WAT-02""]",B,False,True,False,True,0.0,1298,-8.077069744348478,5.618637089914046,-8.077069744348478,False,False,False,31.0,0.066,4.212432455791028,"{""S008"": 1293.1791567226169, ""S010"": 2186.5063289787527}"
O01->S008->S010->O01,S008->S010,"[""S008-MED-01"", ""S008-WAT-01"", ""S008-WAT-02""]",C,True,True,False,True,0.0,1298,-8.077069744348478,5.618637089914046,-8.077069744348478,False,False,False,31.0,0.066,7.384919699300184,"{""S008"": 1367.7273787685153, ""S010"": 2318.0162679435966}"
O01->S008->S010->O01,S008->S010,"[""S008-FOD-01"", ""S008-HYG-01"", ""S008-MED-01"", ""S008-WAT-01"", ""S008-WAT-02""]",B,False,False,False,True,0.0,1298,-8.077069744348478,5.618637089914046,-8.077069744348478,False,False,False,45.0,0.129,4.2254251447164535,"{""S008"": 1413.1791567226169, ""S010"": 2306.5063289787527}"
O01->S008->S010->O01,S008->S010,"[""S008-FOD-01"", ""S008-HYG-01"", ""S008-MED-01"", ""S008-WAT-01"", ""S008-WAT-02""]",C,True,True,False,True,0.0,1298,-8.077069744348478,5.618637089914046,-8.077069744348478,False,False,False,45.0,0.129,7.7588763053835725,"{""S008"": 1499.7273787685153, ""S010"": 2450.0162679435966}"
O01->S008->S010->O01,S008->S010,"[""S008-MED-01"", ""S008-WAT-01"", ""S010-MED-01""]",B,True,True,False,True,0.0,1298,-8.077069744348478,5.618637089914046,-8.077069744348478,False,False,False,20.0,0.051000000000000004,3.70668648938121,"{""S008"": 1263.1791567226169, ""S010"": 2186.5063289787527}"
O01->S008->S010->O01,S008->S010,"[""S008-MED-01"", ""S008-WAT-01"", ""S010-MED-01""]",C,True,True,False,True,0.0,1298,-8.077069744348478,5.618637089914046,-8.077069744348478,False,False,False,20.0,0.051000000000000004,7.196131573803775,"{""S008"": 1331.7273787685153, ""S010"": 2318.0162679435966}"
O01->S008->S010->O01,S008->S010,"[""S008-MED-01"", ""S008-WAT-01"", ""S010-MED-01"", ""S010-WAT-01""]",B,False,False,False,True,0.0,1298,-8.077069744348478,5.618637089914046,-8.077069744348478,False,False,False,34.0,0.078,4.527247992160502,"{""S008"": 1293.1791567226169, ""S010"": 2246.5063289787527}"
O01->S008->S010->O01,S008->S010,"[""S008-MED-01"", ""S008-WAT-01"", ""S010-MED-01"", ""S010-WAT-01""]",C,True,True,False,True,0.0,1298,-8.077069744348478,5.618637089914046,-8.077069744348478,False,False,False,34.0,0.078,7.62685916281953,"{""S008"": 1361.7273787685153, ""S010"": 2384.0162679435966}"
O01->S008->S010->O01,S008->S010,"[""S008-FOD-01"", ""S008-HYG-01"", ""S008-MED-01"", ""S008-WAT-01"", ""S008-WAT-02"", ""S010-MED-01""]",B,False,False,False,True,0.0,1298,-8.077069744348478,5.618637089914046,-8.077069744348478,False,False,False,48.0,0.14100000000000001,4.249061079506529,"{""S008"": 1443.1791567226169, ""S010"": 2366.5063289787527}"
O01->S008->S010->O01,S008->S010,"[""S008-FOD-01"", ""S008-HYG-01"", ""S008-MED-01"", ""S008-WAT-01"", ""S008-WAT-02"", ""S010-MED-01""]",C,True,True,False,True,0.0,1298,-8.077069744348478,5.618637089914046,-8.077069744348478,False,False,False,48.0,0.14100000000000001,7.874927646019877,"{""S008"": 1529.7273787685153, ""S010"": 2516.0162679435966}"
O01->S008->S010->O01,S008->S010,"[""S008-FOD-01"", ""S008-HYG-01"", ""S008-MED-01"", ""S008-WAT-01"", ""S008-WAT-02"", ""S010-MED-01"", ""S010-WAT-01""]",B,False,False,False,True,0.0,1298,-8.077069744348478,5.618637089914046,-8.077069744348478,False,False,False,62.0,0.168,4.553233370011352,"{""S008"": 1473.1791567226169, ""S010"": 2426.5063289787527}"
O01->S008->S010->O01,S008->S010,"[""S008-FOD-01"", ""S008-HYG-01"", ""S008-MED-01"", ""S008-WAT-01"", ""S008-WAT-02"", ""S010-MED-01"", ""S010-WAT-01""]",C,True,True,False,True,0.0,1298,-8.077069744348478,5.618637089914046,-8.077069744348478,False,False,False,62.0,0.168,8.664323137391307,"{""S008"": 1559.7273787685153, ""S010"": 2582.0162679435966}"
O01->S008->S010->O01,S008->S010,"[""S008-MED-01"", ""S010-FOD-01"", ""S010-MED-01"", ""S010-WAT-01""]",B,False,False,False,True,0.0,1298,-8.077069744348478,5.618637089914046,-8.077069744348478,False,False,False,28.0,0.079,4.734967851161173,"{""S008"": 1263.1791567226169, ""S010"": 2246.5063289787527}"
O01->S008->S010->O01,S008->S010,"[""S008-MED-01"", ""S010-FOD-01"", ""S010-MED-01"", ""S010-WAT-01""]",C,True,True,False,True,0.0,1298,-8.077069744348478,5.618637089914046,-8.077069744348478,False,False,False,28.0,0.079,7.6416175771383,"{""S008"": 1325.7273787685153, ""S010"": 2384.0162679435966}"
O01->S008->S010->O01,S008->S010,"[""S008-MED-01"", ""S008-WAT-01"", ""S010-FOD-01"", ""S010-MED-01"", ""S010-WAT-01""]",B,False,False,False,True,0.0,1298,-8.077069744348478,5.618637089914046,-8.077069744348478,False,False,False,42.0,0.106,4.887186211688045,"{""S008"": 1323.1791567226169, ""S010"": 2306.5063289787527}"
O01->S008->S010->O01,S008->S010,"[""S008-MED-01"", ""S008-WAT-01"", ""S010-FOD-01"", ""S010-MED-01"", ""S010-WAT-01""]",C,True,True,False,True,0.0,1298,-8.077069744348478,5.618637089914046,-8.077069744348478,False,False,False,42.0,0.106,7.984249317850206,"{""S008"": 1391.7273787685153, ""S010"": 2450.0162679435966}"
O01->S008->S010->O01,S008->S010,"[""S008-FOD-01"", ""S008-HYG-01"", ""S008-MED-01"", ""S008-WAT-01"", ""S008-WAT-02"", ""S010-FOD-01"", ""S010-MED-01"", ""S010-WAT-01""]",B,False,False,False,True,0.0,1298,-8.077069744348478,5.618637089914046,-8.077069744348478,False,False,False,70.0,0.196,4.913171589538896,"{""S008"": 1503.1791567226169, ""S010"": 2486.5063289787527}"
O01->S008->S010->O01,S008->S010,"[""S008-FOD-01"", ""S008-HYG-01"", ""S008-MED-01"", ""S008-WAT-01"", ""S008-WAT-02"", ""S010-FOD-01"", ""S010-MED-01"", ""S010-WAT-01""]",C,True,True,False,True,0.0,1298,-8.077069744348478,5.618637089914046,-8.077069744348478,False,False,False,70.0,0.196,9.333802231142714,"{""S008"": 1589.7273787685153, ""S010"": 2648.0162679435966}"
O01->S011->S008->O01,S011->S008,"[""S008-MED-01""]",B,True,True,True,True,0.0,644,-6.448668979438793,4.016581020687937,-6.448668979438793,False,True,False,3.0,0.012,2.476025185288189,"{""S011"": 757.0044483128136, ""S008"": 1427.2997319248036}"
O01->S011->S008->O01,S011->S008,"[""S008-MED-01""]",C,True,True,True,True,0.0,644,-6.448668979438793,4.016581020687937,-6.448668979438793,False,True,False,3.0,0.012,5.162358529365422,"{""S011"": 806.5080742079958, ""S008"": 1542.3927751376941}"
O01->S011->S008->O01,S011->S008,"[""S008-MED-01"", ""S008-WAT-01""]",B,True,True,True,True,0.0,644,-6.448668979438793,4.016581020687937,-6.448668979438793,False,True,False,17.0,0.039,2.742074193871471,"{""S011"": 787.0044483128136, ""S008"": 1487.2997319248036}"
O01->S011->S008->O01,S011->S008,"[""S008-MED-01"", ""S008-WAT-01""]",C,True,True,True,True,0.0,644,-6.448668979438793,4.016581020687937,-6.448668979438793,False,True,False,17.0,0.039,5.313511210634417,"{""S011"": 836.5080742079958, ""S008"": 1608.3927751376941}"
O01->S011->S008->O01,S011->S008,"[""S008-MED-01"", ""S008-WAT-01"", ""S008-WAT-02""]",B,False,True,False,True,0.0,644,-6.448668979438793,4.016581020687937,-6.448668979438793,False,False,False,31.0,0.066,3.3770946603147007,"{""S011"": 817.0044483128136, ""S008"": 1547.2997319248036}"
O01->S011->S008->O01,S011->S008,"[""S008-MED-01"", ""S008-WAT-01"", ""S008-WAT-02""]",C,True,True,True,True,0.0,644,-6.448668979438793,4.016581020687937,-6.448668979438793,False,True,False,31.0,0.066,5.569767232900519,"{""S011"": 866.5080742079958, ""S008"": 1674.3927751376941}"
O01->S011->S008->O01,S011->S008,"[""S008-FOD-01"", ""S008-HYG-01"", ""S008-MED-01"", ""S008-WAT-01"", ""S008-WAT-02""]",B,False,False,False,True,0.0,644,-6.448668979438793,4.016581020687937,-6.448668979438793,False,False,False,45.0,0.129,3.398208473636132,"{""S011"": 877.0044483128136, ""S008"": 1667.2997319248036}"
O01->S011->S008->O01,S011->S008,"[""S008-FOD-01"", ""S008-HYG-01"", ""S008-MED-01"", ""S008-WAT-01"", ""S008-WAT-02""]",C,True,True,True,True,0.0,644,-6.448668979438793,4.016581020687937,-6.448668979438793,False,True,False,45.0,0.129,5.954330909468279,"{""S011"": 926.5080742079958, ""S008"": 1806.3927751376941}"
O01->S011->S008->O01,S011->S008,"[""S008-MED-01"", ""S008-WAT-01"", ""S011-MED-01""]",B,True,True,True,True,0.0,644,-6.448668979438793,4.016581020687937,-6.448668979438793,False,True,False,20.0,0.051000000000000004,2.7763957203077547,"{""S011"": 847.0044483128136, ""S008"": 1547.2997319248036}"
O01->S011->S008->O01,S011->S008,"[""S008-MED-01"", ""S008-WAT-01"", ""S011-MED-01""]",C,True,True,True,True,0.0,644,-6.448668979438793,4.016581020687937,-6.448668979438793,False,True,False,20.0,0.051000000000000004,5.329701398023255,"{""S011"": 902.5080742079958, ""S008"": 1674.3927751376941}"
O01->S011->S008->O01,S011->S008,"[""S008-MED-01"", ""S008-WAT-01"", ""S011-MED-01"", ""S011-WAT-01""]",B,False,False,True,True,0.0,644,-6.448668979438793,4.016581020687937,-6.448668979438793,False,True,False,34.0,0.078,2.964667835991607,"{""S011"": 907.0044483128136, ""S008"": 1607.2997319248036}"
O01->S011->S008->O01,S011->S008,"[""S008-MED-01"", ""S008-WAT-01"", ""S011-MED-01"", ""S011-WAT-01""]",C,True,True,True,True,0.0,644,-6.448668979438793,4.016581020687937,-6.448668979438793,False,True,False,34.0,0.078,5.428028524767864,"{""S011"": 968.5080742079958, ""S008"": 1740.3927751376941}"
O01->S011->S008->O01,S011->S008,"[""S008-FOD-01"", ""S008-HYG-01"", ""S008-MED-01"", ""S008-WAT-01"", ""S008-WAT-02"", ""S011-MED-01""]",B,False,False,False,True,0.0,644,-6.448668979438793,4.016581020687937,-6.448668979438793,False,False,False,48.0,0.14100000000000001,3.4001121331502415,"{""S011"": 937.0044483128136, ""S008"": 1727.2997319248036}"
O01->S011->S008->O01,S011->S008,"[""S008-FOD-01"", ""S008-HYG-01"", ""S008-MED-01"", ""S008-WAT-01"", ""S008-WAT-02"", ""S011-MED-01""]",C,True,True,True,True,0.0,644,-6.448668979438793,4.016581020687937,-6.448668979438793,False,True,False,48.0,0.14100000000000001,5.990778409250231,"{""S011"": 992.5080742079958, ""S008"": 1872.3927751376941}"
O01->S011->S008->O01,S011->S008,"[""S008-FOD-01"", ""S008-HYG-01"", ""S008-MED-01"", ""S008-WAT-01"", ""S008-WAT-02"", ""S011-MED-01"", ""S011-WAT-01""]",B,False,False,False,True,0.0,644,-6.448668979438793,4.016581020687937,-6.448668979438793,False,False,False,62.0,0.168,3.408995877549418,"{""S011"": 997.0044483128136, ""S008"": 1787.2997319248036}"
O01->S011->S008->O01,S011->S008,"[""S008-FOD-01"", ""S008-HYG-01"", ""S008-MED-01"", ""S008-WAT-01"", ""S008-WAT-02"", ""S011-MED-01"", ""S011-WAT-01""]",C,True,True,True,True,0.0,644,-6.448668979438793,4.016581020687937,-6.448668979438793,False,True,False,62.0,0.168,6.213703124996133,"{""S011"": 1058.5080742079958, ""S008"": 1938.3927751376941}"
O01->S011->S008->O01,S011->S008,"[""S008-MED-01"", ""S011-FOD-01"", ""S011-MED-01"", ""S011-WAT-01""]",B,False,False,True,True,0.0,644,-6.448668979438793,4.016581020687937,-6.448668979438793,False,True,False,28.0,0.079,2.7398356784149547,"{""S011"": 937.0044483128136, ""S008"": 1607.2997319248036}"
O01->S011->S008->O01,S011->S008,"[""S008-MED-01"", ""S011-FOD-01"", ""S011-MED-01"", ""S011-WAT-01""]",C,True,True,True,True,0.0,644,-6.448668979438793,4.016581020687937,-6.448668979438793,False,True,False,28.0,0.079,5.283594650127497,"{""S011"": 1004.5080742079958, ""S008"": 1740.3927751376941}"
O01->S011->S008->O01,S011->S008,"[""S008-MED-01"", ""S008-WAT-01"", ""S011-FOD-01"", ""S011-MED-01"", ""S011-WAT-01""]",B,False,False,True,True,0.0,644,-6.448668979438793,4.016581020687937,-6.448668979438793,False,True,False,42.0,0.106,2.9697442613625653,"{""S011"": 967.0044483128136, ""S008"": 1667.2997319248036}"
O01->S011->S008->O01,S011->S008,"[""S008-MED-01"", ""S008-WAT-01"", ""S011-FOD-01"", ""S011-MED-01"", ""S011-WAT-01""]",C,True,True,True,True,0.0,644,-6.448668979438793,4.016581020687937,-6.448668979438793,False,True,False,42.0,0.106,5.504395394507842,"{""S011"": 1034.5080742079958, ""S008"": 1806.3927751376941}"
O01->S011->S008->O01,S011->S008,"[""S008-FOD-01"", ""S008-HYG-01"", ""S008-MED-01"", ""S008-WAT-01"", ""S008-WAT-02"", ""S011-FOD-01"", ""S011-MED-01"", ""S011-WAT-01""]",B,False,False,False,True,0.0,644,-6.448668979438793,4.016581020687937,-6.448668979438793,False,False,False,70.0,0.196,3.4140723029203763,"{""S011"": 1057.0044483128136, ""S008"": 1847.2997319248036}"
O01->S011->S008->O01,S011->S008,"[""S008-FOD-01"", ""S008-HYG-01"", ""S008-MED-01"", ""S008-WAT-01"", ""S008-WAT-02"", ""S011-FOD-01"", ""S011-MED-01"", ""S011-WAT-01""]",C,True,True,True,True,0.0,644,-6.448668979438793,4.016581020687937,-6.448668979438793,False,True,False,70.0,0.196,6.3984865245208535,"{""S011"": 1124.5080742079958, ""S008"": 2004.3927751376941}"
O01->S008->S011->O01,S008->S011,"[""S008-MED-01""]",B,True,True,True,True,0.0,644,-6.448668979438793,4.016581020687937,-6.448668979438793,False,True,False,3.0,0.012,2.474191304869076,"{""S008"": 1173.1791567226169, ""S011"": 1817.3917841074906}"
O01->S008->S011->O01,S008->S011,"[""S008-MED-01""]",C,True,True,True,True,0.0,644,-6.448668979438793,4.016581020687937,-6.448668979438793,False,True,False,3.0,0.012,5.160585241487151,"{""S008"": 1235.7273787685153, ""S011"": 1941.4894234710973}"
O01->S008->S011->O01,S008->S011,"[""S008-MED-01"", ""S008-WAT-01""]",B,True,True,True,True,0.0,644,-6.448668979438793,4.016581020687937,-6.448668979438793,False,True,False,17.0,0.039,2.730443866674537,"{""S008"": 1233.1791567226169, ""S011"": 1877.3917841074906}"
O01->S008->S011->O01,S008->S011,"[""S008-MED-01"", ""S008-WAT-01""]",C,True,True,True,True,0.0,644,-6.448668979438793,4.016581020687937,-6.448668979438793,False,True,False,17.0,0.039,5.302727350742186,"{""S008"": 1301.7273787685153, ""S011"": 2007.4894234710973}"
O01->S008->S011->O01,S008->S011,"[""S008-MED-01"", ""S008-WAT-01"", ""S008-WAT-02""]",B,False,True,False,True,0.0,644,-6.448668979438793,4.016581020687937,-6.448668979438793,False,False,False,31.0,0.066,3.3531441733188654,"{""S008"": 1293.1791567226169, ""S011"": 1937.3917841074906}"
O01->S008->S011->O01,S008->S011,"[""S008-MED-01"", ""S008-WAT-01"", ""S008-WAT-02""]",C,True,True,True,True,0.0,644,-6.448668979438793,4.016581020687937,-6.448668979438793,False,True,False,31.0,0.066,5.5492539088833475,"{""S008"": 1367.7273787685153, ""S011"": 2073.4894234710973}"
O01->S008->S011->O01,S008->S011,"[""S008-FOD-01"", ""S008-HYG-01"", ""S008-MED-01"", ""S008-WAT-01"", ""S008-WAT-02""]",B,False,False,False,True,0.0,644,-6.448668979438793,4.016581020687937,-6.448668979438793,False,False,False,45.0,0.129,3.36613686224429,"{""S008"": 1413.1791567226169, ""S011"": 2057.391784107491}"
O01->S008->S011->O01,S008->S011,"[""S008-FOD-01"", ""S008-HYG-01"", ""S008-MED-01"", ""S008-WAT-01"", ""S008-WAT-02""]",C,True,True,True,True,0.0,644,-6.448668979438793,4.016581020687937,-6.448668979438793,False,True,False,45.0,0.129,5.923210514966737,"{""S008"": 1499.7273787685153, ""S011"": 2205.4894234710973}"
O01->S008->S011->O01,S008->S011,"[""S008-MED-01"", ""S008-WAT-01"", ""S011-MED-01""]",B,True,True,True,True,0.0,644,-6.448668979438793,4.016581020687937,-6.448668979438793,False,True,False,20.0,0.051000000000000004,2.8389963867984633,"{""S008"": 1263.1791567226169, ""S011"": 1937.3917841074906}"
O01->S008->S011->O01,S008->S011,"[""S008-MED-01"", ""S008-WAT-01"", ""S011-MED-01""]",C,True,True,True,True,0.0,644,-6.448668979438793,4.016581020687937,-6.448668979438793,False,True,False,20.0,0.051000000000000004,5.3550498817921,"{""S008"": 1331.7273787685153, ""S011"": 2073.4894234710973}"
O01->S008->S011->O01,S008->S011,"[""S008-MED-01"", ""S008-WAT-01"", ""S011-MED-01"", ""S011-WAT-01""]",B,False,False,False,True,0.0,644,-6.448668979438793,4.016581020687937,-6.448668979438793,False,False,False,34.0,0.078,3.537920762794949,"{""S008"": 1293.1791567226169, ""S011"": 1997.3917841074906}"
O01->S008->S011->O01,S008->S011,"[""S008-MED-01"", ""S008-WAT-01"", ""S011-MED-01"", ""S011-WAT-01""]",C,True,True,True,True,0.0,644,-6.448668979438793,4.016581020687937,-6.448668979438793,False,True,False,34.0,0.078,5.719802733082924,"{""S008"": 1361.7273787685153, ""S011"": 2139.4894234710973}"
O01->S008->S011->O01,S008->S011,"[""S008-FOD-01"", ""S008-HYG-01"", ""S008-MED-01"", ""S008-WAT-01"", ""S008-WAT-02"", ""S011-MED-01""]",B,False,False,False,True,0.0,644,-6.448668979438793,4.016581020687937,-6.448668979438793,False,False,False,48.0,0.14100000000000001,3.3813709769237814,"{""S008"": 1443.1791567226169, ""S011"": 2117.391784107491}"
O01->S008->S011->O01,S008->S011,"[""S008-FOD-01"", ""S008-HYG-01"", ""S008-MED-01"", ""S008-WAT-01"", ""S008-WAT-02"", ""S011-MED-01""]",C,True,True,True,True,0.0,644,-6.448668979438793,4.016581020687937,-6.448668979438793,False,True,False,48.0,0.14100000000000001,6.0338459540082034,"{""S008"": 1529.7273787685153, ""S011"": 2271.4894234710973}"
O01->S008->S011->O01,S008->S011,"[""S008-FOD-01"", ""S008-HYG-01"", ""S008-MED-01"", ""S008-WAT-01"", ""S008-WAT-02"", ""S011-MED-01"", ""S011-WAT-01""]",B,False,False,False,True,0.0,644,-6.448668979438793,4.016581020687937,-6.448668979438793,False,False,False,62.0,0.168,3.5639061406457992,"{""S008"": 1473.1791567226169, ""S011"": 2177.391784107491}"
O01->S008->S011->O01,S008->S011,"[""S008-FOD-01"", ""S008-HYG-01"", ""S008-MED-01"", ""S008-WAT-01"", ""S008-WAT-02"", ""S011-MED-01"", ""S011-WAT-01""]",C,True,True,False,True,0.0,644,-6.448668979438793,4.016581020687937,-6.448668979438793,False,False,False,62.0,0.168,6.7572667076547015,"{""S008"": 1559.7273787685153, ""S011"": 2337.4894234710973}"
O01->S008->S011->O01,S008->S011,"[""S008-MED-01"", ""S011-FOD-01"", ""S011-MED-01"", ""S011-WAT-01""]",B,False,False,False,True,0.0,644,-6.448668979438793,4.016581020687937,-6.448668979438793,False,False,False,28.0,0.079,3.5969983478238743,"{""S008"": 1263.1791567226169, ""S011"": 1997.3917841074906}"
O01->S008->S011->O01,S008->S011,"[""S008-MED-01"", ""S011-FOD-01"", ""S011-MED-01"", ""S011-WAT-01""]",C,True,True,True,True,0.0,644,-6.448668979438793,4.016581020687937,-6.448668979438793,False,True,False,28.0,0.079,5.674254935512842,"{""S008"": 1325.7273787685153, ""S011"": 2139.4894234710973}"
O01->S008->S011->O01,S008->S011,"[""S008-MED-01"", ""S008-WAT-01"", ""S011-FOD-01"", ""S011-MED-01"", ""S011-WAT-01""]",B,False,False,False,True,0.0,644,-6.448668979438793,4.016581020687937,-6.448668979438793,False,False,False,42.0,0.106,3.7492167083507475,"{""S008"": 1323.1791567226169, ""S011"": 2057.391784107491}"
O01->S008->S011->O01,S008->S011,"[""S008-MED-01"", ""S008-WAT-01"", ""S011-FOD-01"", ""S011-MED-01"", ""S011-WAT-01""]",C,True,True,True,True,0.0,644,-6.448668979438793,4.016581020687937,-6.448668979438793,False,True,False,42.0,0.106,6.016886676224748,"{""S008"": 1391.7273787685153, ""S011"": 2205.4894234710973}"
O01->S008->S011->O01,S008->S011,"[""S008-FOD-01"", ""S008-HYG-01"", ""S008-MED-01"", ""S008-WAT-01"", ""S008-WAT-02"", ""S011-FOD-01"", ""S011-MED-01"", ""S011-WAT-01""]",B,False,False,False,True,0.0,644,-6.448668979438793,4.016581020687937,-6.448668979438793,False,False,False,70.0,0.196,3.775202086201598,"{""S008"": 1503.1791567226169, ""S011"": 2237.391784107491}"
O01->S008->S011->O01,S008->S011,"[""S008-FOD-01"", ""S008-HYG-01"", ""S008-MED-01"", ""S008-WAT-01"", ""S008-WAT-02"", ""S011-FOD-01"", ""S011-MED-01"", ""S011-WAT-01""]",C,True,True,False,True,0.0,644,-6.448668979438793,4.016581020687937,-6.448668979438793,False,False,False,70.0,0.196,7.366439589517256,"{""S008"": 1589.7273787685153, ""S011"": 2403.4894234710973}"
O01->S012->S008->O01,S012->S008,"[""S008-MED-01""]",B,True,True,False,True,0.0,1354,-8.250883086608027,5.189301841289989,-8.250883086608027,False,False,False,3.0,0.012,3.4823708980113004,"{""S012"": 1121.8746695035416, ""S008"": 1888.3962376472512}"
O01->S012->S008->O01,S012->S008,"[""S008-MED-01""]",C,True,True,False,True,0.0,1354,-8.250883086608027,5.189301841289989,-8.250883086608027,False,False,False,3.0,0.012,7.309852528363175,"{""S012"": 1184.264835315716, ""S008"": 2002.90193649979}"
O01->S012->S008->O01,S012->S008,"[""S008-MED-01"", ""S008-WAT-01""]",B,True,True,False,True,0.0,1354,-8.250883086608027,5.189301841289989,-8.250883086608027,False,False,False,17.0,0.039,3.9568658198945563,"{""S012"": 1151.8746695035416, ""S008"": 1948.3962376472512}"
O01->S012->S008->O01,S012->S008,"[""S008-MED-01"", ""S008-WAT-01""]",C,True,True,False,True,0.0,1354,-8.250883086608027,5.189301841289989,-8.250883086608027,False,False,False,17.0,0.039,7.571583913394084,"{""S012"": 1214.264835315716, ""S008"": 2068.9019364997903}"
O01->S012->S008->O01,S012->S008,"[""S008-MED-01"", ""S008-WAT-01"", ""S008-WAT-02""]",B,False,True,False,True,0.0,1354,-8.250883086608027,5.189301841289989,-8.250883086608027,False,False,False,31.0,0.066,5.114617328014113,"{""S012"": 1181.8746695035416, ""S008"": 2008.3962376472512}"
O01->S012->S008->O01,S012->S008,"[""S008-MED-01"", ""S008-WAT-01"", ""S008-WAT-02""]",C,True,True,False,True,0.0,1354,-8.250883086608027,5.189301841289989,-8.250883086608027,False,False,False,31.0,0.066,8.02794430953667,"{""S012"": 1244.264835315716, ""S008"": 2134.9019364997903}"
O01->S012->S008->O01,S012->S008,"[""S008-FOD-01"", ""S008-HYG-01"", ""S008-MED-01"", ""S008-WAT-01"", ""S008-WAT-02""]",B,False,False,False,True,0.0,1354,-8.250883086608027,5.189301841289989,-8.250883086608027,False,False,False,45.0,0.129,5.135544414774316,"{""S012"": 1241.8746695035416, ""S008"": 2128.396237647251}"
O01->S012->S008->O01,S012->S008,"[""S008-FOD-01"", ""S008-HYG-01"", ""S008-MED-01"", ""S008-WAT-01"", ""S008-WAT-02""]",C,True,True,False,True,0.0,1354,-8.250883086608027,5.189301841289989,-8.250883086608027,False,False,False,45.0,0.129,8.721903164851707,"{""S012"": 1304.264835315716, ""S008"": 2266.9019364997903}"
O01->S012->S008->O01,S012->S008,"[""S008-MED-01"", ""S008-WAT-01"", ""S012-MED-01""]",B,True,True,False,True,0.0,1354,-8.250883086608027,5.189301841289989,-8.250883086608027,False,False,False,20.0,0.051000000000000004,4.045251420031585,"{""S012"": 1211.8746695035416, ""S008"": 2008.3962376472512}"
O01->S012->S008->O01,S012->S008,"[""S008-MED-01"", ""S008-WAT-01"", ""S012-MED-01""]",C,True,True,False,True,0.0,1354,-8.250883086608027,5.189301841289989,-8.250883086608027,False,False,False,20.0,0.051000000000000004,7.61234905527593,"{""S012"": 1280.264835315716, ""S008"": 2134.9019364997903}"
O01->S012->S008->O01,S012->S008,"[""S008-MED-01"", ""S008-WAT-01"", ""S012-MED-01"", ""S012-WAT-01""]",B,False,False,False,True,0.0,1354,-8.250883086608027,5.189301841289989,-8.250883086608027,False,False,False,34.0,0.078,4.531532985383944,"{""S012"": 1271.8746695035416, ""S008"": 2068.396237647251}"
O01->S012->S008->O01,S012->S008,"[""S008-MED-01"", ""S008-WAT-01"", ""S012-MED-01"", ""S012-WAT-01""]",C,True,True,False,True,0.0,1354,-8.250883086608027,5.189301841289989,-8.250883086608027,False,False,False,34.0,0.078,7.862397566917471,"{""S012"": 1346.264835315716, ""S008"": 2200.9019364997903}"
O01->S012->S008->O01,S012->S008,"[""S008-FOD-01"", ""S008-HYG-01"", ""S008-MED-01"", ""S008-WAT-01"", ""S008-WAT-02"", ""S012-MED-01""]",B,False,False,False,True,0.0,1354,-8.250883086608027,5.189301841289989,-8.250883086608027,False,False,False,48.0,0.14100000000000001,5.13878717607027,"{""S012"": 1301.8746695035416, ""S008"": 2188.396237647251}"
O01->S012->S008->O01,S012->S008,"[""S008-FOD-01"", ""S008-HYG-01"", ""S008-MED-01"", ""S008-WAT-01"", ""S008-WAT-02"", ""S012-MED-01""]",C,True,True,False,True,0.0,1354,-8.250883086608027,5.189301841289989,-8.250883086608027,False,False,False,48.0,0.14100000000000001,8.81587245765998,"{""S012"": 1370.264835315716, ""S008"": 2332.9019364997903}"
O01->S012->S008->O01,S012->S008,"[""S008-FOD-01"", ""S008-HYG-01"", ""S008-MED-01"", ""S008-WAT-01"", ""S008-WAT-02"", ""S012-MED-01"", ""S012-WAT-01""]",B,False,False,False,True,0.0,1354,-8.250883086608027,5.189301841289989,-8.250883086608027,False,False,False,62.0,0.168,5.153920062118058,"{""S012"": 1361.8746695035416, ""S008"": 2248.396237647251}"
O01->S012->S008->O01,S012->S008,"[""S008-FOD-01"", ""S008-HYG-01"", ""S008-MED-01"", ""S008-WAT-01"", ""S008-WAT-02"", ""S012-MED-01"", ""S012-WAT-01""]",C,True,True,False,True,0.0,1354,-8.250883086608027,5.189301841289989,-8.250883086608027,False,False,False,62.0,0.168,9.393166203103963,"{""S012"": 1436.264835315716, ""S008"": 2398.9019364997903}"
O01->S012->S008->O01,S012->S008,"[""S008-MED-01"", ""S012-FOD-01"", ""S012-MED-01"", ""S012-WAT-01""]",B,False,False,False,True,0.0,1354,-8.250883086608027,5.189301841289989,-8.250883086608027,False,False,False,28.0,0.079,4.160605257522006,"{""S012"": 1301.8746695035416, ""S008"": 2068.396237647251}"
O01->S012->S008->O01,S012->S008,"[""S008-MED-01"", ""S012-FOD-01"", ""S012-MED-01"", ""S012-WAT-01""]",C,True,True,False,True,0.0,1354,-8.250883086608027,5.189301841289989,-8.250883086608027,False,False,False,28.0,0.079,7.613627123502068,"{""S012"": 1382.264835315716, ""S008"": 2200.9019364997903}"
O01->S012->S008->O01,S012->S008,"[""S008-MED-01"", ""S008-WAT-01"", ""S012-FOD-01"", ""S012-MED-01"", ""S012-WAT-01""]",B,False,False,False,True,0.0,1354,-8.250883086608027,5.189301841289989,-8.250883086608027,False,False,False,42.0,0.106,4.540180348839822,"{""S012"": 1331.8746695035416, ""S008"": 2128.396237647251}"
O01->S012->S008->O01,S012->S008,"[""S008-MED-01"", ""S008-WAT-01"", ""S012-FOD-01"", ""S012-MED-01"", ""S012-WAT-01""]",C,True,True,False,True,0.0,1354,-8.250883086608027,5.189301841289989,-8.250883086608027,False,False,False,42.0,0.106,8.05828336991633,"{""S012"": 1412.264835315716, ""S008"": 2266.9019364997903}"
O01->S012->S008->O01,S012->S008,"[""S008-FOD-01"", ""S008-HYG-01"", ""S008-MED-01"", ""S008-WAT-01"", ""S008-WAT-02"", ""S012-FOD-01"", ""S012-MED-01"", ""S012-WAT-01""]",B,False,False,False,True,0.0,1354,-8.250883086608027,5.189301841289989,-8.250883086608027,False,False,False,70.0,0.196,5.162567425573936,"{""S012"": 1421.8746695035416, ""S008"": 2308.396237647251}"
O01->S012->S008->O01,S012->S008,"[""S008-FOD-01"", ""S008-HYG-01"", ""S008-MED-01"", ""S008-WAT-01"", ""S008-WAT-02"", ""S012-FOD-01"", ""S012-MED-01"", ""S012-WAT-01""]",C,True,True,False,True,0.0,1354,-8.250883086608027,5.189301841289989,-8.250883086608027,False,False,False,70.0,0.196,9.873799029876208,"{""S012"": 1502.264835315716, ""S008"": 2464.9019364997903}"
O01->S008->S012->O01,S008->S012,"[""S008-MED-01""]",B,True,True,False,True,0.0,1354,-8.250883086608027,5.189301841289989,-8.250883086608027,False,False,False,3.0,0.012,3.46657492080224,"{""S008"": 1173.1791567226169, ""S012"": 1909.0240358173296}"
O01->S008->S012->O01,S008->S012,"[""S008-MED-01""]",C,True,True,False,True,0.0,1354,-8.250883086608027,5.189301841289989,-8.250883086608027,False,False,False,3.0,0.012,7.298961842372026,"{""S008"": 1235.7273787685153, ""S012"": 2017.3911242369259}"
O01->S008->S012->O01,S008->S012,"[""S008-MED-01"", ""S008-WAT-01""]",B,True,True,False,True,0.0,1354,-8.250883086608027,5.189301841289989,-8.250883086608027,False,False,False,17.0,0.039,3.7228274826077006,"{""S008"": 1233.1791567226169, ""S012"": 1969.0240358173296}"
O01->S008->S012->O01,S008->S012,"[""S008-MED-01"", ""S008-WAT-01""]",C,True,True,False,True,0.0,1354,-8.250883086608027,5.189301841289989,-8.250883086608027,False,False,False,17.0,0.039,7.441103951627061,"{""S008"": 1301.7273787685153, ""S012"": 2083.391124236926}"
O01->S008->S012->O01,S008->S012,"[""S008-MED-01"", ""S008-WAT-01"", ""S008-WAT-02""]",B,False,True,False,True,0.0,1354,-8.250883086608027,5.189301841289989,-8.250883086608027,False,False,False,31.0,0.066,4.345527789252028,"{""S008"": 1293.1791567226169, ""S012"": 2029.0240358173296}"
O01->S008->S012->O01,S008->S012,"[""S008-MED-01"", ""S008-WAT-01"", ""S008-WAT-02""]",C,True,True,False,True,0.0,1354,-8.250883086608027,5.189301841289989,-8.250883086608027,False,False,False,31.0,0.066,7.687630509768223,"{""S008"": 1367.7273787685153, ""S012"": 2149.391124236926}"
O01->S008->S012->O01,S008->S012,"[""S008-FOD-01"", ""S008-HYG-01"", ""S008-MED-01"", ""S008-WAT-01"", ""S008-WAT-02""]",B,False,False,False,True,0.0,1354,-8.250883086608027,5.189301841289989,-8.250883086608027,False,False,False,45.0,0.129,4.358520478177454,"{""S008"": 1413.1791567226169, ""S012"": 2149.0240358173296}"
O01->S008->S012->O01,S008->S012,"[""S008-FOD-01"", ""S008-HYG-01"", ""S008-MED-01"", ""S008-WAT-01"", ""S008-WAT-02""]",C,True,True,False,True,0.0,1354,-8.250883086608027,5.189301841289989,-8.250883086608027,False,False,False,45.0,0.129,8.061587115851612,"{""S008"": 1499.7273787685153, ""S012"": 2281.391124236926}"
O01->S008->S012->O01,S008->S012,"[""S008-MED-01"", ""S008-WAT-01"", ""S012-MED-01""]",B,True,True,False,True,0.0,1354,-8.250883086608027,5.189301841289989,-8.250883086608027,False,False,False,20.0,0.051000000000000004,3.835425218240379,"{""S008"": 1263.1791567226169, ""S012"": 2029.0240358173296}"
O01->S008->S012->O01,S008->S012,"[""S008-MED-01"", ""S008-WAT-01"", ""S012-MED-01""]",C,True,True,False,True,0.0,1354,-8.250883086608027,5.189301841289989,-8.250883086608027,False,False,False,20.0,0.051000000000000004,7.495681206617222,"{""S008"": 1331.7273787685153, ""S012"": 2149.391124236926}"
O01->S008->S012->O01,S008->S012,"[""S008-MED-01"", ""S008-WAT-01"", ""S012-MED-01"", ""S012-WAT-01""]",B,False,False,False,True,0.0,1354,-8.250883086608027,5.189301841289989,-8.250883086608027,False,False,False,34.0,0.078,4.602655196908692,"{""S008"": 1293.1791567226169, ""S012"": 2089.0240358173296}"
O01->S008->S012->O01,S008->S012,"[""S008-MED-01"", ""S008-WAT-01"", ""S012-MED-01"", ""S012-WAT-01""]",C,True,True,False,True,0.0,1354,-8.250883086608027,5.189301841289989,-8.250883086608027,False,False,False,34.0,0.078,7.8953619787156635,"{""S008"": 1361.7273787685153, ""S012"": 2215.391124236926}"
O01->S008->S012->O01,S008->S012,"[""S008-FOD-01"", ""S008-HYG-01"", ""S008-MED-01"", ""S008-WAT-01"", ""S008-WAT-02"", ""S012-MED-01""]",B,False,False,False,True,0.0,1354,-8.250883086608027,5.189301841289989,-8.250883086608027,False,False,False,48.0,0.14100000000000001,4.3777998083656975,"{""S008"": 1443.1791567226169, ""S012"": 2209.0240358173296}"
O01->S008->S012->O01,S008->S012,"[""S008-FOD-01"", ""S008-HYG-01"", ""S008-MED-01"", ""S008-WAT-01"", ""S008-WAT-02"", ""S012-MED-01""]",C,True,True,False,True,0.0,1354,-8.250883086608027,5.189301841289989,-8.250883086608027,False,False,False,48.0,0.14100000000000001,8.174477278833326,"{""S008"": 1529.7273787685153, ""S012"": 2347.391124236926}"
O01->S008->S012->O01,S008->S012,"[""S008-FOD-01"", ""S008-HYG-01"", ""S008-MED-01"", ""S008-WAT-01"", ""S008-WAT-02"", ""S012-MED-01"", ""S012-WAT-01""]",B,False,False,False,True,0.0,1354,-8.250883086608027,5.189301841289989,-8.250883086608027,False,False,False,62.0,0.168,4.628640574759542,"{""S008"": 1473.1791567226169, ""S012"": 2269.0240358173296}"
O01->S008->S012->O01,S008->S012,"[""S008-FOD-01"", ""S008-HYG-01"", ""S008-MED-01"", ""S008-WAT-01"", ""S008-WAT-02"", ""S012-MED-01"", ""S012-WAT-01""]",C,True,True,False,True,0.0,1354,-8.250883086608027,5.189301841289989,-8.250883086608027,False,False,False,62.0,0.168,8.932825953287441,"{""S008"": 1559.7273787685153, ""S012"": 2413.391124236926}"
O01->S008->S012->O01,S008->S012,"[""S008-MED-01"", ""S012-FOD-01"", ""S012-MED-01"", ""S012-WAT-01""]",B,False,False,False,True,0.0,1354,-8.250883086608027,5.189301841289989,-8.250883086608027,False,False,False,28.0,0.079,4.74821768066943,"{""S008"": 1263.1791567226169, ""S012"": 2089.0240358173296}"
O01->S008->S012->O01,S008->S012,"[""S008-MED-01"", ""S012-FOD-01"", ""S012-MED-01"", ""S012-WAT-01""]",C,True,True,False,True,0.0,1354,-8.250883086608027,5.189301841289989,-8.250883086608027,False,False,False,28.0,0.079,7.883328788317066,"{""S008"": 1325.7273787685153, ""S012"": 2215.391124236926}"
O01->S008->S012->O01,S008->S012,"[""S008-MED-01"", ""S008-WAT-01"", ""S012-FOD-01"", ""S012-MED-01"", ""S012-WAT-01""]",B,False,False,False,True,0.0,1354,-8.250883086608027,5.189301841289989,-8.250883086608027,False,False,False,42.0,0.106,4.900436041196302,"{""S008"": 1323.1791567226169, ""S012"": 2149.0240358173296}"
O01->S008->S012->O01,S008->S012,"[""S008-MED-01"", ""S008-WAT-01"", ""S012-FOD-01"", ""S012-MED-01"", ""S012-WAT-01""]",C,True,True,False,True,0.0,1354,-8.250883086608027,5.189301841289989,-8.250883086608027,False,False,False,42.0,0.106,8.225960529028974,"{""S008"": 1391.7273787685153, ""S012"": 2281.391124236926}"
O01->S008->S012->O01,S008->S012,"[""S008-FOD-01"", ""S008-HYG-01"", ""S008-MED-01"", ""S008-WAT-01"", ""S008-WAT-02"", ""S012-FOD-01"", ""S012-MED-01"", ""S012-WAT-01""]",B,False,False,False,True,0.0,1354,-8.250883086608027,5.189301841289989,-8.250883086608027,False,False,False,70.0,0.196,4.926421419047154,"{""S008"": 1503.1791567226169, ""S012"": 2329.0240358173296}"
O01->S008->S012->O01,S008->S012,"[""S008-FOD-01"", ""S008-HYG-01"", ""S008-MED-01"", ""S008-WAT-01"", ""S008-WAT-02"", ""S012-FOD-01"", ""S012-MED-01"", ""S012-WAT-01""]",C,True,True,False,True,0.0,1354,-8.250883086608027,5.189301841289989,-8.250883086608027,False,False,False,70.0,0.196,9.57551344232148,"{""S008"": 1589.7273787685153, ""S012"": 2479.391124236926}"
O01->S013->S008->O01,S013->S008,"[""S008-MED-01""]",B,True,True,True,True,0.0,1193,-7.325373171813638,4.854055871345295,-7.325373171813638,False,True,False,3.0,0.012,3.1472468528234643,"{""S013"": 912.7536086957696, ""S008"": 1697.9712616589918}"
O01->S013->S008->O01,S013->S008,"[""S008-MED-01""]",C,True,True,False,True,0.0,1193,-7.325373171813638,4.854055871345295,-7.325373171813638,False,False,False,3.0,0.012,6.611088939084009,"{""S013"": 965.6005793175143, ""S008"": 1802.6770835990958}"
O01->S013->S008->O01,S013->S008,"[""S008-MED-01"", ""S008-WAT-01""]",B,True,True,False,True,0.0,1193,-7.325373171813638,4.854055871345295,-7.325373171813638,False,False,False,17.0,0.039,3.5523462861732087,"{""S013"": 942.7536086957696, ""S008"": 1757.9712616589918}"
O01->S013->S008->O01,S013->S008,"[""S008-MED-01"", ""S008-WAT-01""]",C,True,True,False,True,0.0,1193,-7.325373171813638,4.854055871345295,-7.325373171813638,False,False,False,17.0,0.039,6.834516007146908,"{""S013"": 995.6005793175143, ""S008"": 1868.6770835990958}"
O01->S013->S008->O01,S013->S008,"[""S008-MED-01"", ""S008-WAT-01"", ""S008-WAT-02""]",B,False,True,False,True,0.0,1193,-7.325373171813638,4.854055871345295,-7.325373171813638,False,False,False,31.0,0.066,4.5408579054442075,"{""S013"": 972.7536086957696, ""S008"": 1817.9712616589918}"
O01->S013->S008->O01,S013->S008,"[""S008-MED-01"", ""S008-WAT-01"", ""S008-WAT-02""]",C,True,True,False,True,0.0,1193,-7.325373171813638,4.854055871345295,-7.325373171813638,False,False,False,31.0,0.066,7.224130916064492,"{""S013"": 1025.6005793175143, ""S008"": 1934.6770835990958}"
O01->S013->S008->O01,S013->S008,"[""S008-FOD-01"", ""S008-HYG-01"", ""S008-MED-01"", ""S008-WAT-01"", ""S008-WAT-02""]",B,False,False,False,True,0.0,1193,-7.325373171813638,4.854055871345295,-7.325373171813638,False,False,False,45.0,0.129,4.558669448002666,"{""S013"": 1032.7536086957696, ""S008"": 1937.9712616589918}"
O01->S013->S008->O01,S013->S008,"[""S008-FOD-01"", ""S008-HYG-01"", ""S008-MED-01"", ""S008-WAT-01"", ""S008-WAT-02""]",C,True,True,False,True,0.0,1193,-7.325373171813638,4.854055871345295,-7.325373171813638,False,False,False,45.0,0.129,7.816623981196999,"{""S013"": 1085.6005793175143, ""S008"": 2066.6770835990956}"
O01->S013->S008->O01,S013->S008,"[""S008-MED-01"", ""S008-WAT-01"", ""S013-MED-01""]",B,True,True,False,True,0.0,1193,-7.325373171813638,4.854055871345295,-7.325373171813638,False,False,False,20.0,0.051000000000000004,3.6112270715625545,"{""S013"": 1002.7536086957696, ""S008"": 1817.9712616589918}"
O01->S013->S008->O01,S013->S008,"[""S008-MED-01"", ""S008-WAT-01"", ""S013-MED-01""]",C,True,True,False,True,0.0,1193,-7.325373171813638,4.854055871345295,-7.325373171813638,False,False,False,20.0,0.051000000000000004,6.862188738596501,"{""S013"": 1061.6005793175143, ""S008"": 1934.6770835990958}"
O01->S013->S008->O01,S013->S008,"[""S008-MED-01"", ""S008-WAT-01"", ""S013-MED-01"", ""S013-WAT-01""]",B,False,False,False,True,0.0,1193,-7.325373171813638,4.854055871345295,-7.325373171813638,False,False,False,34.0,0.078,3.9343789922641608,"{""S013"": 1062.7536086957696, ""S008"": 1877.9712616589918}"
O01->S013->S008->O01,S013->S008,"[""S008-MED-01"", ""S008-WAT-01"", ""S013-MED-01"", ""S013-WAT-01""]",C,True,True,False,True,0.0,1193,-7.325373171813638,4.854055871345295,-7.325373171813638,False,False,False,34.0,0.078,7.030525393912509,"{""S013"": 1127.6005793175143, ""S008"": 2000.6770835990958}"
O01->S013->S008->O01,S013->S008,"[""S008-FOD-01"", ""S008-HYG-01"", ""S008-MED-01"", ""S008-WAT-01"", ""S008-WAT-02"", ""S013-MED-01""]",B,False,False,False,True,0.0,1193,-7.325373171813638,4.854055871345295,-7.325373171813638,False,False,False,48.0,0.14100000000000001,4.561751897876272,"{""S013"": 1092.7536086957696, ""S008"": 1997.9712616589918}"
O01->S013->S008->O01,S013->S008,"[""S008-FOD-01"", ""S008-HYG-01"", ""S008-MED-01"", ""S008-WAT-01"", ""S008-WAT-02"", ""S013-MED-01""]",C,True,True,False,True,0.0,1193,-7.325373171813638,4.854055871345295,-7.325373171813638,False,False,False,48.0,0.14100000000000001,7.879164038009845,"{""S013"": 1151.6005793175143, ""S008"": 2132.6770835990956}"
O01->S013->S008->O01,S013->S008,"[""S008-FOD-01"", ""S008-HYG-01"", ""S008-MED-01"", ""S008-WAT-01"", ""S008-WAT-02"", ""S013-MED-01"", ""S013-WAT-01""]",B,False,False,False,True,0.0,1193,-7.325373171813638,4.854055871345295,-7.325373171813638,False,False,False,62.0,0.168,4.576136663953102,"{""S013"": 1152.7536086957696, ""S008"": 2057.971261658992}"
O01->S013->S008->O01,S013->S008,"[""S008-FOD-01"", ""S008-HYG-01"", ""S008-MED-01"", ""S008-WAT-01"", ""S008-WAT-02"", ""S013-MED-01"", ""S013-WAT-01""]",C,True,True,False,True,0.0,1193,-7.325373171813638,4.854055871345295,-7.325373171813638,False,False,False,62.0,0.168,8.261960765366894,"{""S013"": 1217.6005793175143, ""S008"": 2198.6770835990956}"
O01->S013->S008->O01,S013->S008,"[""S008-MED-01"", ""S013-FOD-01"", ""S013-MED-01"", ""S013-WAT-01""]",B,False,False,False,True,0.0,1193,-7.325373171813638,4.854055871345295,-7.325373171813638,False,False,False,28.0,0.079,3.5997051095397334,"{""S013"": 1092.7536086957696, ""S008"": 1877.9712616589918}"
O01->S013->S008->O01,S013->S008,"[""S008-MED-01"", ""S013-FOD-01"", ""S013-MED-01"", ""S013-WAT-01""]",C,True,True,False,True,0.0,1193,-7.325373171813638,4.854055871345295,-7.325373171813638,False,False,False,28.0,0.079,6.818145094414348,"{""S013"": 1163.6005793175143, ""S008"": 2000.6770835990958}"
O01->S013->S008->O01,S013->S008,"[""S008-MED-01"", ""S008-WAT-01"", ""S013-FOD-01"", ""S013-MED-01"", ""S013-WAT-01""]",B,False,False,False,True,0.0,1193,-7.325373171813638,4.854055871345295,-7.325373171813638,False,False,False,42.0,0.106,3.9425988585937777,"{""S013"": 1122.7536086957696, ""S008"": 1937.9712616589918}"
O01->S013->S008->O01,S013->S008,"[""S008-MED-01"", ""S008-WAT-01"", ""S013-FOD-01"", ""S013-MED-01"", ""S013-WAT-01""]",C,True,True,False,True,0.0,1193,-7.325373171813638,4.854055871345295,-7.325373171813638,False,False,False,42.0,0.106,7.161451918996647,"{""S013"": 1193.6005793175143, ""S008"": 2066.6770835990956}"
O01->S013->S008->O01,S013->S008,"[""S008-FOD-01"", ""S008-HYG-01"", ""S008-MED-01"", ""S008-WAT-01"", ""S008-WAT-02"", ""S013-FOD-01"", ""S013-MED-01"", ""S013-WAT-01""]",B,False,False,False,True,0.0,1193,-7.325373171813638,4.854055871345295,-7.325373171813638,False,False,False,70.0,0.196,4.584356530282719,"{""S013"": 1212.7536086957696, ""S008"": 2117.971261658992}"
O01->S013->S008->O01,S013->S008,"[""S008-FOD-01"", ""S008-HYG-01"", ""S008-MED-01"", ""S008-WAT-01"", ""S008-WAT-02"", ""S013-FOD-01"", ""S013-MED-01"", ""S013-WAT-01""]",C,True,True,False,True,0.0,1193,-7.325373171813638,4.854055871345295,-7.325373171813638,False,False,False,70.0,0.196,8.579496172488343,"{""S013"": 1283.6005793175143, ""S008"": 2264.6770835990956}"
O01->S008->S013->O01,S008->S013,"[""S008-MED-01""]",B,True,True,True,True,0.0,1193,-7.325373171813638,4.854055871345295,-7.325373171813638,False,True,False,3.0,0.012,3.136507989035917,"{""S008"": 1173.1791567226169, ""S013"": 1922.9030754033965}"
O01->S008->S013->O01,S008->S013,"[""S008-MED-01""]",C,True,True,False,True,0.0,1193,-7.325373171813638,4.854055871345295,-7.325373171813638,False,False,False,3.0,0.012,6.603648425771212,"{""S008"": 1235.7273787685153, ""S013"": 2028.616815434321}"
O01->S008->S013->O01,S008->S013,"[""S008-MED-01"", ""S008-WAT-01""]",B,True,True,False,True,0.0,1193,-7.325373171813638,4.854055871345295,-7.325373171813638,False,False,False,17.0,0.039,3.3927605508413783,"{""S008"": 1233.1791567226169, ""S013"": 1982.9030754033965}"
O01->S008->S013->O01,S008->S013,"[""S008-MED-01"", ""S008-WAT-01""]",C,True,True,False,True,0.0,1193,-7.325373171813638,4.854055871345295,-7.325373171813638,False,False,False,17.0,0.039,6.745790535026247,"{""S008"": 1301.7273787685153, ""S013"": 2094.6168154343213}"
O01->S008->S013->O01,S008->S013,"[""S008-MED-01"", ""S008-WAT-01"", ""S008-WAT-02""]",B,False,True,False,True,0.0,1193,-7.325373171813638,4.854055871345295,-7.325373171813638,False,False,False,31.0,0.066,4.0154608574857065,"{""S008"": 1293.1791567226169, ""S013"": 2042.9030754033965}"
O01->S008->S013->O01,S008->S013,"[""S008-MED-01"", ""S008-WAT-01"", ""S008-WAT-02""]",C,True,True,False,True,0.0,1193,-7.325373171813638,4.854055871345295,-7.325373171813638,False,False,False,31.0,0.066,6.992317093167409,"{""S008"": 1367.7273787685153, ""S013"": 2160.6168154343213}"
O01->S008->S013->O01,S008->S013,"[""S008-FOD-01"", ""S008-HYG-01"", ""S008-MED-01"", ""S008-WAT-01"", ""S008-WAT-02""]",B,False,False,False,True,0.0,1193,-7.325373171813638,4.854055871345295,-7.325373171813638,False,False,False,45.0,0.129,4.028453546411131,"{""S008"": 1413.1791567226169, ""S013"": 2162.9030754033965}"
O01->S008->S013->O01,S008->S013,"[""S008-FOD-01"", ""S008-HYG-01"", ""S008-MED-01"", ""S008-WAT-01"", ""S008-WAT-02""]",C,True,True,False,True,0.0,1193,-7.325373171813638,4.854055871345295,-7.325373171813638,False,False,False,45.0,0.129,7.366273699250797,"{""S008"": 1499.7273787685153, ""S013"": 2292.6168154343213}"
O01->S008->S013->O01,S008->S013,"[""S008-MED-01"", ""S008-WAT-01"", ""S013-MED-01""]",B,True,True,False,True,0.0,1193,-7.325373171813638,4.854055871345295,-7.325373171813638,False,False,False,20.0,0.051000000000000004,3.506334986718444,"{""S008"": 1263.1791567226169, ""S013"": 2042.9030754033965}"
O01->S008->S013->O01,S008->S013,"[""S008-MED-01"", ""S008-WAT-01"", ""S013-MED-01""]",C,True,True,False,True,0.0,1193,-7.325373171813638,4.854055871345295,-7.325373171813638,False,False,False,20.0,0.051000000000000004,6.80108772599851,"{""S008"": 1331.7273787685153, ""S013"": 2160.6168154343213}"
O01->S008->S013->O01,S008->S013,"[""S008-MED-01"", ""S008-WAT-01"", ""S013-MED-01"", ""S013-WAT-01""]",B,False,False,False,True,0.0,1193,-7.325373171813638,4.854055871345295,-7.325373171813638,False,False,False,34.0,0.078,4.2852110795998275,"{""S008"": 1293.1791567226169, ""S013"": 2102.9030754033965}"
O01->S008->S013->O01,S008->S013,"[""S008-MED-01"", ""S008-WAT-01"", ""S013-MED-01"", ""S013-WAT-01""]",C,True,True,False,True,0.0,1193,-7.325373171813638,4.854055871345295,-7.325373171813638,False,False,False,34.0,0.078,7.207628107859828,"{""S008"": 1361.7273787685153, ""S013"": 2226.6168154343213}"
O01->S008->S013->O01,S008->S013,"[""S008-FOD-01"", ""S008-HYG-01"", ""S008-MED-01"", ""S008-WAT-01"", ""S008-WAT-02"", ""S013-MED-01""]",B,False,False,False,True,0.0,1193,-7.325373171813638,4.854055871345295,-7.325373171813638,False,False,False,48.0,0.14100000000000001,4.048709576843763,"{""S008"": 1443.1791567226169, ""S013"": 2222.9030754033965}"
O01->S008->S013->O01,S008->S013,"[""S008-FOD-01"", ""S008-HYG-01"", ""S008-MED-01"", ""S008-WAT-01"", ""S008-WAT-02"", ""S013-MED-01""]",C,True,True,False,True,0.0,1193,-7.325373171813638,4.854055871345295,-7.325373171813638,False,False,False,48.0,0.14100000000000001,7.479883798214612,"{""S008"": 1529.7273787685153, ""S013"": 2358.6168154343213}"
O01->S008->S013->O01,S008->S013,"[""S008-FOD-01"", ""S008-HYG-01"", ""S008-MED-01"", ""S008-WAT-01"", ""S008-WAT-02"", ""S013-MED-01"", ""S013-WAT-01""]",B,False,False,False,True,0.0,1193,-7.325373171813638,4.854055871345295,-7.325373171813638,False,False,False,62.0,0.168,4.311196457450677,"{""S008"": 1473.1791567226169, ""S013"": 2282.9030754033965}"
O01->S008->S013->O01,S008->S013,"[""S008-FOD-01"", ""S008-HYG-01"", ""S008-MED-01"", ""S008-WAT-01"", ""S008-WAT-02"", ""S013-MED-01"", ""S013-WAT-01""]",C,True,True,False,True,0.0,1193,-7.325373171813638,4.854055871345295,-7.325373171813638,False,False,False,62.0,0.168,8.245092082431606,"{""S008"": 1559.7273787685153, ""S013"": 2424.6168154343213}"
O01->S008->S013->O01,S008->S013,"[""S008-MED-01"", ""S013-FOD-01"", ""S013-MED-01"", ""S013-WAT-01""]",B,False,False,False,True,0.0,1193,-7.325373171813638,4.854055871345295,-7.325373171813638,False,False,False,28.0,0.079,4.444233469967613,"{""S008"": 1263.1791567226169, ""S013"": 2102.9030754033965}"
O01->S008->S013->O01,S008->S013,"[""S008-MED-01"", ""S013-FOD-01"", ""S013-MED-01"", ""S013-WAT-01""]",C,True,True,False,True,0.0,1193,-7.325373171813638,4.854055871345295,-7.325373171813638,False,False,False,28.0,0.079,7.201458654348859,"{""S008"": 1325.7273787685153, ""S013"": 2226.6168154343213}"
O01->S008->S013->O01,S008->S013,"[""S008-MED-01"", ""S008-WAT-01"", ""S013-FOD-01"", ""S013-MED-01"", ""S013-WAT-01""]",B,False,False,False,True,0.0,1193,-7.325373171813638,4.854055871345295,-7.325373171813638,False,False,False,42.0,0.106,4.596451830494486,"{""S008"": 1323.1791567226169, ""S013"": 2162.9030754033965}"
O01->S008->S013->O01,S008->S013,"[""S008-MED-01"", ""S008-WAT-01"", ""S013-FOD-01"", ""S013-MED-01"", ""S013-WAT-01""]",C,True,True,False,True,0.0,1193,-7.325373171813638,4.854055871345295,-7.325373171813638,False,False,False,42.0,0.106,7.544090395060765,"{""S008"": 1391.7273787685153, ""S013"": 2292.6168154343213}"
O01->S008->S013->O01,S008->S013,"[""S008-FOD-01"", ""S008-HYG-01"", ""S008-MED-01"", ""S008-WAT-01"", ""S008-WAT-02"", ""S013-FOD-01"", ""S013-MED-01"", ""S013-WAT-01""]",B,False,False,False,True,0.0,1193,-7.325373171813638,4.854055871345295,-7.325373171813638,False,False,False,70.0,0.196,4.622437208345337,"{""S008"": 1503.1791567226169, ""S013"": 2342.9030754033965}"
O01->S008->S013->O01,S008->S013,"[""S008-FOD-01"", ""S008-HYG-01"", ""S008-MED-01"", ""S008-WAT-01"", ""S008-WAT-02"", ""S013-FOD-01"", ""S013-MED-01"", ""S013-WAT-01""]",C,True,True,False,True,0.0,1193,-7.325373171813638,4.854055871345295,-7.325373171813638,False,False,False,70.0,0.196,8.893643308353274,"{""S008"": 1589.7273787685153, ""S013"": 2490.6168154343213}"
O01->S014->S008->O01,S014->S008,"[""S008-MED-01""]",B,True,True,False,True,0.0,1313,-9.334018059106725,7.388169098047541,-9.334018059106725,False,False,False,3.0,0.012,3.7559037097506347,"{""S014"": 1091.851502011526, ""S008"": 2223.849966494957}"
O01->S014->S008->O01,S014->S008,"[""S008-MED-01""]",C,True,True,False,True,0.0,1313,-9.334018059106725,7.388169098047541,-9.334018059106725,False,False,False,3.0,0.012,7.800247583888236,"{""S014"": 1176.8960666274115, ""S008"": 2395.1532392000345}"
O01->S014->S008->O01,S014->S008,"[""S008-MED-01"", ""S008-WAT-01""]",B,True,True,False,True,0.0,1313,-9.334018059106725,7.388169098047541,-9.334018059106725,False,False,False,17.0,0.039,4.286946130880706,"{""S014"": 1121.851502011526, ""S008"": 2283.849966494957}"
O01->S014->S008->O01,S014->S008,"[""S008-MED-01"", ""S008-WAT-01""]",C,True,True,False,True,0.0,1313,-9.334018059106725,7.388169098047541,-9.334018059106725,False,False,False,17.0,0.039,8.100470961611784,"{""S014"": 1206.8960666274115, ""S008"": 2461.1532392000345}"
O01->S014->S008->O01,S014->S008,"[""S008-MED-01"", ""S008-WAT-01"", ""S008-WAT-02""]",B,False,True,False,True,0.0,1313,-9.334018059106725,7.388169098047541,-9.334018059106725,False,False,False,31.0,0.066,5.559227553624648,"{""S014"": 1151.851502011526, ""S008"": 2343.849966494957}"
O01->S014->S008->O01,S014->S008,"[""S008-MED-01"", ""S008-WAT-01"", ""S008-WAT-02""]",C,True,True,False,True,0.0,1313,-9.334018059106725,7.388169098047541,-9.334018059106725,False,False,False,31.0,0.066,8.611839927665775,"{""S014"": 1236.8960666274115, ""S008"": 2527.1532392000345}"
O01->S014->S008->O01,S014->S008,"[""S008-FOD-01"", ""S008-HYG-01"", ""S008-MED-01"", ""S008-WAT-01"", ""S008-WAT-02""]",B,False,False,False,True,0.0,1313,-9.334018059106725,7.388169098047541,-9.334018059106725,False,False,False,45.0,0.129,5.598211535738805,"{""S014"": 1211.851502011526, ""S008"": 2463.849966494957}"
O01->S014->S008->O01,S014->S008,"[""S008-FOD-01"", ""S008-HYG-01"", ""S008-MED-01"", ""S008-WAT-01"", ""S008-WAT-02""]",C,True,True,False,True,0.0,1313,-9.334018059106725,7.388169098047541,-9.334018059106725,False,False,False,45.0,0.129,9.38097039680621,"{""S014"": 1296.8960666274115, ""S008"": 2659.1532392000345}"
O01->S014->S008->O01,S014->S008,"[""S008-MED-01"", ""S008-WAT-01"", ""S014-MED-01""]",B,True,True,False,True,0.0,1313,-9.334018059106725,7.388169098047541,-9.334018059106725,False,False,False,20.0,0.051000000000000004,4.354480882285488,"{""S014"": 1181.851502011526, ""S008"": 2343.849966494957}"
O01->S014->S008->O01,S014->S008,"[""S008-MED-01"", ""S008-WAT-01"", ""S014-MED-01""]",C,True,True,False,True,0.0,1313,-9.334018059106725,7.388169098047541,-9.334018059106725,False,False,False,20.0,0.051000000000000004,8.133181626309764,"{""S014"": 1272.8960666274115, ""S008"": 2527.1532392000345}"
O01->S014->S008->O01,S014->S008,"[""S008-MED-01"", ""S008-WAT-01"", ""S014-MED-01"", ""S014-WAT-01""]",B,False,False,False,True,0.0,1313,-9.334018059106725,7.388169098047541,-9.334018059106725,False,False,False,34.0,0.078,4.7236231110731435,"{""S014"": 1241.851502011526, ""S008"": 2403.849966494957}"
O01->S014->S008->O01,S014->S008,"[""S008-MED-01"", ""S008-WAT-01"", ""S014-MED-01"", ""S014-WAT-01""]",C,True,True,False,True,0.0,1313,-9.334018059106725,7.388169098047541,-9.334018059106725,False,False,False,34.0,0.078,8.329570365381832,"{""S014"": 1338.8960666274115, ""S008"": 2593.1532392000345}"
O01->S014->S008->O01,S014->S008,"[""S008-FOD-01"", ""S008-HYG-01"", ""S008-MED-01"", ""S008-WAT-01"", ""S008-WAT-02"", ""S014-MED-01""]",B,False,False,False,True,0.0,1313,-9.334018059106725,7.388169098047541,-9.334018059106725,False,False,False,48.0,0.14100000000000001,5.603482677953263,"{""S014"": 1271.851502011526, ""S008"": 2523.849966494957}"
O01->S014->S008->O01,S014->S008,"[""S008-FOD-01"", ""S008-HYG-01"", ""S008-MED-01"", ""S008-WAT-01"", ""S008-WAT-02"", ""S014-MED-01""]",C,True,True,False,True,0.0,1313,-9.334018059106725,7.388169098047541,-9.334018059106725,False,False,False,48.0,0.14100000000000001,9.452588414203216,"{""S014"": 1362.8960666274115, ""S008"": 2725.1532392000345}"
O01->S014->S008->O01,S014->S008,"[""S008-FOD-01"", ""S008-HYG-01"", ""S008-MED-01"", ""S008-WAT-01"", ""S008-WAT-02"", ""S014-MED-01"", ""S014-WAT-01""]",B,False,False,False,True,0.0,1313,-9.334018059106725,7.388169098047541,-9.334018059106725,False,False,False,62.0,0.168,5.62808134162073,"{""S014"": 1331.851502011526, ""S008"": 2583.849966494957}"
O01->S014->S008->O01,S014->S008,"[""S008-FOD-01"", ""S008-HYG-01"", ""S008-MED-01"", ""S008-WAT-01"", ""S008-WAT-02"", ""S014-MED-01"", ""S014-WAT-01""]",C,True,True,False,True,0.0,1313,-9.334018059106725,7.388169098047541,-9.334018059106725,False,False,False,62.0,0.168,9.888286408454151,"{""S014"": 1428.8960666274115, ""S008"": 2791.1532392000345}"
O01->S014->S008->O01,S014->S008,"[""S008-MED-01"", ""S014-FOD-01"", ""S014-MED-01"", ""S014-WAT-01""]",B,False,False,False,True,0.0,1313,-9.334018059106725,7.388169098047541,-9.334018059106725,False,False,False,28.0,0.079,4.276050437530428,"{""S014"": 1271.851502011526, ""S008"": 2403.849966494957}"
O01->S014->S008->O01,S014->S008,"[""S008-MED-01"", ""S014-FOD-01"", ""S014-MED-01"", ""S014-WAT-01""]",C,True,True,False,True,0.0,1313,-9.334018059106725,7.388169098047541,-9.334018059106725,False,False,False,28.0,0.079,8.04655781826819,"{""S014"": 1374.8960666274115, ""S008"": 2593.1532392000345}"
O01->S014->S008->O01,S014->S008,"[""S008-MED-01"", ""S008-WAT-01"", ""S014-FOD-01"", ""S014-MED-01"", ""S014-WAT-01""]",B,False,False,False,True,0.0,1313,-9.334018059106725,7.388169098047541,-9.334018059106725,False,False,False,42.0,0.106,4.737679490311695,"{""S014"": 1301.851502011526, ""S008"": 2463.849966494957}"
O01->S014->S008->O01,S014->S008,"[""S008-MED-01"", ""S008-WAT-01"", ""S014-FOD-01"", ""S014-MED-01"", ""S014-WAT-01""]",C,True,True,False,True,0.0,1313,-9.334018059106725,7.388169098047541,-9.334018059106725,False,False,False,42.0,0.106,8.480551249179966,"{""S014"": 1404.8960666274115, ""S008"": 2659.1532392000345}"
O01->S014->S008->O01,S014->S008,"[""S008-FOD-01"", ""S008-HYG-01"", ""S008-MED-01"", ""S008-WAT-01"", ""S008-WAT-02"", ""S014-FOD-01"", ""S014-MED-01"", ""S014-WAT-01""]",B,False,False,False,True,0.0,1313,-9.334018059106725,7.388169098047541,-9.334018059106725,False,False,False,70.0,0.196,5.642137720859282,"{""S014"": 1391.851502011526, ""S008"": 2643.849966494957}"
O01->S014->S008->O01,S014->S008,"[""S008-FOD-01"", ""S008-HYG-01"", ""S008-MED-01"", ""S008-WAT-01"", ""S008-WAT-02"", ""S014-FOD-01"", ""S014-MED-01"", ""S014-WAT-01""]",C,True,True,False,True,0.0,1313,-9.334018059106725,7.388169098047541,-9.334018059106725,False,False,False,70.0,0.196,10.247498279704176,"{""S014"": 1494.8960666274115, ""S008"": 2857.1532392000345}"
O01->S008->S014->O01,S008->S014,"[""S008-MED-01""]",B,True,True,False,True,0.0,1313,-9.334018059106725,7.388169098047541,-9.334018059106725,False,False,False,3.0,0.012,3.733729073367467,"{""S008"": 1173.1791567226169, ""S014"": 2269.661793085377}"
O01->S008->S014->O01,S008->S014,"[""S008-MED-01""]",C,True,True,False,True,0.0,1313,-9.334018059106725,7.388169098047541,-9.334018059106725,False,False,False,3.0,0.012,7.783957331764949,"{""S008"": 1235.7273787685153, ""S014"": 2409.7987232204687}"
O01->S008->S014->O01,S008->S014,"[""S008-MED-01"", ""S008-WAT-01""]",B,True,True,False,True,0.0,1313,-9.334018059106725,7.388169098047541,-9.334018059106725,False,False,False,17.0,0.039,3.989981635172928,"{""S008"": 1233.1791567226169, ""S014"": 2329.661793085377}"
O01->S008->S014->O01,S008->S014,"[""S008-MED-01"", ""S008-WAT-01""]",C,True,True,False,True,0.0,1313,-9.334018059106725,7.388169098047541,-9.334018059106725,False,False,False,17.0,0.039,7.926099441019984,"{""S008"": 1301.7273787685153, ""S014"": 2475.7987232204687}"
O01->S008->S014->O01,S008->S014,"[""S008-MED-01"", ""S008-WAT-01"", ""S008-WAT-02""]",B,False,True,False,True,0.0,1313,-9.334018059106725,7.388169098047541,-9.334018059106725,False,False,False,31.0,0.066,4.6126819418172555,"{""S008"": 1293.1791567226169, ""S014"": 2389.661793085377}"
O01->S008->S014->O01,S008->S014,"[""S008-MED-01"", ""S008-WAT-01"", ""S008-WAT-02""]",C,True,True,False,True,0.0,1313,-9.334018059106725,7.388169098047541,-9.334018059106725,False,False,False,31.0,0.066,8.172625999161145,"{""S008"": 1367.7273787685153, ""S014"": 2541.7987232204687}"
O01->S008->S014->O01,S008->S014,"[""S008-FOD-01"", ""S008-HYG-01"", ""S008-MED-01"", ""S008-WAT-01"", ""S008-WAT-02""]",B,False,False,False,True,0.0,1313,-9.334018059106725,7.388169098047541,-9.334018059106725,False,False,False,45.0,0.129,4.625674630742681,"{""S008"": 1413.1791567226169, ""S014"": 2509.661793085377}"
O01->S008->S014->O01,S008->S014,"[""S008-FOD-01"", ""S008-HYG-01"", ""S008-MED-01"", ""S008-WAT-01"", ""S008-WAT-02""]",C,True,True,False,True,0.0,1313,-9.334018059106725,7.388169098047541,-9.334018059106725,False,False,False,45.0,0.129,8.546582605244534,"{""S008"": 1499.7273787685153, ""S014"": 2673.7987232204687}"
O01->S008->S014->O01,S008->S014,"[""S008-MED-01"", ""S008-WAT-01"", ""S014-MED-01""]",B,True,True,False,True,0.0,1313,-9.334018059106725,7.388169098047541,-9.334018059106725,False,False,False,20.0,0.051000000000000004,4.111646803022656,"{""S008"": 1263.1791567226169, ""S014"": 2389.661793085377}"
O01->S008->S014->O01,S008->S014,"[""S008-MED-01"", ""S008-WAT-01"", ""S014-MED-01""]",C,True,True,False,True,0.0,1313,-9.334018059106725,7.388169098047541,-9.334018059106725,False,False,False,20.0,0.051000000000000004,7.98727584174909,"{""S008"": 1331.7273787685153, ""S014"": 2541.7987232204687}"
O01->S008->S014->O01,S008->S014,"[""S008-MED-01"", ""S008-WAT-01"", ""S014-MED-01"", ""S014-WAT-01""]",B,False,False,False,True,0.0,1313,-9.334018059106725,7.388169098047541,-9.334018059106725,False,False,False,34.0,0.078,4.989330458114369,"{""S008"": 1293.1791567226169, ""S014"": 2449.661793085377}"
O01->S008->S014->O01,S008->S014,"[""S008-MED-01"", ""S008-WAT-01"", ""S014-MED-01"", ""S014-WAT-01""]",C,True,True,False,True,0.0,1313,-9.334018059106725,7.388169098047541,-9.334018059106725,False,False,False,34.0,0.078,8.451397406286999,"{""S008"": 1361.7273787685153, ""S014"": 2607.7987232204687}"
O01->S008->S014->O01,S008->S014,"[""S008-FOD-01"", ""S008-HYG-01"", ""S008-MED-01"", ""S008-WAT-01"", ""S008-WAT-02"", ""S014-MED-01""]",B,False,False,False,True,0.0,1313,-9.334018059106725,7.388169098047541,-9.334018059106725,False,False,False,48.0,0.14100000000000001,4.654021393147974,"{""S008"": 1443.1791567226169, ""S014"": 2569.661793085377}"
O01->S008->S014->O01,S008->S014,"[""S008-FOD-01"", ""S008-HYG-01"", ""S008-MED-01"", ""S008-WAT-01"", ""S008-WAT-02"", ""S014-MED-01""]",C,True,True,False,True,0.0,1313,-9.334018059106725,7.388169098047541,-9.334018059106725,False,False,False,48.0,0.14100000000000001,8.666071913965192,"{""S008"": 1529.7273787685153, ""S014"": 2739.7987232204687}"
O01->S008->S014->O01,S008->S014,"[""S008-FOD-01"", ""S008-HYG-01"", ""S008-MED-01"", ""S008-WAT-01"", ""S008-WAT-02"", ""S014-MED-01"", ""S014-WAT-01""]",B,False,False,False,True,0.0,1313,-9.334018059106725,7.388169098047541,-9.334018059106725,False,False,False,62.0,0.168,5.01531583596522,"{""S008"": 1473.1791567226169, ""S014"": 2629.661793085377}"
O01->S008->S014->O01,S008->S014,"[""S008-FOD-01"", ""S008-HYG-01"", ""S008-MED-01"", ""S008-WAT-01"", ""S008-WAT-02"", ""S014-MED-01"", ""S014-WAT-01""]",C,True,True,False,True,0.0,1313,-9.334018059106725,7.388169098047541,-9.334018059106725,False,False,False,62.0,0.168,9.488861380858777,"{""S008"": 1559.7273787685153, ""S014"": 2805.7987232204687}"
O01->S008->S014->O01,S008->S014,"[""S008-MED-01"", ""S014-FOD-01"", ""S014-MED-01"", ""S014-WAT-01""]",B,False,False,False,True,0.0,1313,-9.334018059106725,7.388169098047541,-9.334018059106725,False,False,False,28.0,0.079,5.263425949602254,"{""S008"": 1263.1791567226169, ""S014"": 2449.661793085377}"
O01->S008->S014->O01,S008->S014,"[""S008-MED-01"", ""S014-FOD-01"", ""S014-MED-01"", ""S014-WAT-01""]",C,True,True,False,True,0.0,1313,-9.334018059106725,7.388169098047541,-9.334018059106725,False,False,False,28.0,0.079,8.494874900193691,"{""S008"": 1325.7273787685153, ""S014"": 2607.7987232204687}"
O01->S008->S014->O01,S008->S014,"[""S008-MED-01"", ""S008-WAT-01"", ""S014-FOD-01"", ""S014-MED-01"", ""S014-WAT-01""]",B,False,False,False,True,0.0,1313,-9.334018059106725,7.388169098047541,-9.334018059106725,False,False,False,42.0,0.106,5.415644310129128,"{""S008"": 1323.1791567226169, ""S014"": 2509.661793085377}"
O01->S008->S014->O01,S008->S014,"[""S008-MED-01"", ""S008-WAT-01"", ""S014-FOD-01"", ""S014-MED-01"", ""S014-WAT-01""]",C,True,True,False,True,0.0,1313,-9.334018059106725,7.388169098047541,-9.334018059106725,False,False,False,42.0,0.106,8.837506640905598,"{""S008"": 1391.7273787685153, ""S014"": 2673.7987232204687}"
O01->S008->S014->O01,S008->S014,"[""S008-FOD-01"", ""S008-HYG-01"", ""S008-MED-01"", ""S008-WAT-01"", ""S008-WAT-02"", ""S014-FOD-01"", ""S014-MED-01"", ""S014-WAT-01""]",B,False,False,False,True,0.0,1313,-9.334018059106725,7.388169098047541,-9.334018059106725,False,False,False,70.0,0.196,5.441629687979978,"{""S008"": 1503.1791567226169, ""S014"": 2689.661793085377}"
O01->S008->S014->O01,S008->S014,"[""S008-FOD-01"", ""S008-HYG-01"", ""S008-MED-01"", ""S008-WAT-01"", ""S008-WAT-02"", ""S014-FOD-01"", ""S014-MED-01"", ""S014-WAT-01""]",C,True,True,False,True,0.0,1313,-9.334018059106725,7.388169098047541,-9.334018059106725,False,False,False,70.0,0.196,10.187059554198106,"{""S008"": 1589.7273787685153, ""S014"": 2871.7987232204687}"
O01->S015->S008->O01,S015->S008,"[""S008-MED-01""]",B,True,True,True,True,0.0,898,-6.5088240647353075,4.042810058591584,-6.5088240647353075,False,True,False,3.0,0.012,2.8158381178169805,"{""S015"": 1068.2531228119958, ""S008"": 1775.3027911181568}"
O01->S015->S008->O01,S015->S008,"[""S008-MED-01""]",C,True,True,True,True,0.0,898,-6.5088240647353075,4.042810058591584,-6.5088240647353075,False,True,False,3.0,0.012,5.80210542159037,"{""S015"": 1137.5896653738446, ""S008"": 1942.3244883024013}"
O01->S015->S008->O01,S015->S008,"[""S008-MED-01"", ""S008-WAT-01""]",B,True,True,True,True,0.0,898,-6.5088240647353075,4.042810058591584,-6.5088240647353075,False,True,False,17.0,0.039,3.152172636291878,"{""S015"": 1098.2531228119958, ""S008"": 1835.3027911181568}"
O01->S015->S008->O01,S015->S008,"[""S008-MED-01"", ""S008-WAT-01""]",C,True,True,True,True,0.0,898,-6.5088240647353075,4.042810058591584,-6.5088240647353075,False,True,False,17.0,0.039,5.998317653500857,"{""S015"": 1167.5896653738446, ""S008"": 2008.3244883024013}"
O01->S015->S008->O01,S015->S008,"[""S008-MED-01"", ""S008-WAT-01"", ""S008-WAT-02""]",B,False,True,False,True,0.0,898,-6.5088240647353075,4.042810058591584,-6.5088240647353075,False,False,False,31.0,0.066,3.938487807419983,"{""S015"": 1128.2531228119958, ""S008"": 1895.3027911181568}"
O01->S015->S008->O01,S015->S008,"[""S008-MED-01"", ""S008-WAT-01"", ""S008-WAT-02""]",C,True,True,True,True,0.0,898,-6.5088240647353075,4.042810058591584,-6.5088240647353075,False,True,False,31.0,0.066,6.322709095402876,"{""S015"": 1197.5896653738446, ""S008"": 2074.3244883024013}"
O01->S015->S008->O01,S015->S008,"[""S008-FOD-01"", ""S008-HYG-01"", ""S008-MED-01"", ""S008-WAT-01"", ""S008-WAT-02""]",B,False,False,False,True,0.0,898,-6.5088240647353075,4.042810058591584,-6.5088240647353075,False,False,False,45.0,0.129,3.976110605316474,"{""S015"": 1188.2531228119958, ""S008"": 2015.3027911181568}"
O01->S015->S008->O01,S015->S008,"[""S008-FOD-01"", ""S008-HYG-01"", ""S008-MED-01"", ""S008-WAT-01"", ""S008-WAT-02""]",C,True,True,False,True,0.0,898,-6.5088240647353075,4.042810058591584,-6.5088240647353075,False,False,False,45.0,0.129,6.803578662626386,"{""S015"": 1257.5896653738446, ""S008"": 2206.3244883024013}"
O01->S015->S008->O01,S015->S008,"[""S008-MED-01"", ""S008-WAT-01"", ""S015-MED-01""]",B,True,True,False,True,0.0,898,-6.5088240647353075,4.042810058591584,-6.5088240647353075,False,False,False,20.0,0.051000000000000004,3.226482507499778,"{""S015"": 1158.2531228119958, ""S008"": 1895.3027911181568}"
O01->S015->S008->O01,S015->S008,"[""S008-MED-01"", ""S008-WAT-01"", ""S015-MED-01""]",C,True,True,True,True,0.0,898,-6.5088240647353075,4.042810058591584,-6.5088240647353075,False,True,False,20.0,0.051000000000000004,6.033886159456259,"{""S015"": 1233.5896653738446, ""S008"": 2074.3244883024013}"
O01->S015->S008->O01,S015->S008,"[""S008-MED-01"", ""S008-WAT-01"", ""S015-MED-01"", ""S015-WAT-01""]",B,False,False,False,True,0.0,898,-6.5088240647353075,4.042810058591584,-6.5088240647353075,False,False,False,34.0,0.078,3.633314049879061,"{""S015"": 1218.2531228119958, ""S008"": 1955.3027911181568}"
O01->S015->S008->O01,S015->S008,"[""S008-MED-01"", ""S008-WAT-01"", ""S015-MED-01"", ""S015-WAT-01""]",C,True,True,True,True,0.0,898,-6.5088240647353075,4.042810058591584,-6.5088240647353075,False,True,False,34.0,0.078,6.2485315836448745,"{""S015"": 1299.5896653738446, ""S008"": 2140.3244883024013}"
O01->S015->S008->O01,S015->S008,"[""S008-FOD-01"", ""S008-HYG-01"", ""S008-MED-01"", ""S008-WAT-01"", ""S008-WAT-02"", ""S015-MED-01""]",B,False,False,False,True,0.0,898,-6.5088240647353075,4.042810058591584,-6.5088240647353075,False,False,False,48.0,0.14100000000000001,3.9811529822785,"{""S015"": 1248.2531228119958, ""S008"": 2075.302791118157}"
O01->S015->S008->O01,S015->S008,"[""S008-FOD-01"", ""S008-HYG-01"", ""S008-MED-01"", ""S008-WAT-01"", ""S008-WAT-02"", ""S015-MED-01""]",C,True,True,False,True,0.0,898,-6.5088240647353075,4.042810058591584,-6.5088240647353075,False,False,False,48.0,0.14100000000000001,6.882431116689645,"{""S015"": 1323.5896653738446, ""S008"": 2272.3244883024013}"
O01->S015->S008->O01,S015->S008,"[""S008-FOD-01"", ""S008-HYG-01"", ""S008-MED-01"", ""S008-WAT-01"", ""S008-WAT-02"", ""S015-MED-01"", ""S015-WAT-01""]",B,False,False,False,True,0.0,898,-6.5088240647353075,4.042810058591584,-6.5088240647353075,False,False,False,62.0,0.168,4.004684074767955,"{""S015"": 1308.2531228119958, ""S008"": 2135.302791118157}"
O01->S015->S008->O01,S015->S008,"[""S008-FOD-01"", ""S008-HYG-01"", ""S008-MED-01"", ""S008-WAT-01"", ""S008-WAT-02"", ""S015-MED-01"", ""S015-WAT-01""]",C,True,True,False,True,0.0,898,-6.5088240647353075,4.042810058591584,-6.5088240647353075,False,False,False,62.0,0.168,7.3633051240208935,"{""S015"": 1389.5896653738446, ""S008"": 2338.3244883024013}"
O01->S015->S008->O01,S015->S008,"[""S008-MED-01"", ""S015-FOD-01"", ""S015-MED-01"", ""S015-WAT-01""]",B,False,False,False,True,0.0,898,-6.5088240647353075,4.042810058591584,-6.5088240647353075,False,False,False,28.0,0.079,3.387647382747445,"{""S015"": 1248.2531228119958, ""S008"": 1955.3027911181568}"
O01->S015->S008->O01,S015->S008,"[""S008-MED-01"", ""S015-FOD-01"", ""S015-MED-01"", ""S015-WAT-01""]",C,True,True,True,True,0.0,898,-6.5088240647353075,4.042810058591584,-6.5088240647353075,False,True,False,28.0,0.079,6.069274978390466,"{""S015"": 1335.5896653738446, ""S008"": 2140.3244883024013}"
O01->S015->S008->O01,S015->S008,"[""S008-MED-01"", ""S008-WAT-01"", ""S015-FOD-01"", ""S015-MED-01"", ""S015-WAT-01""]",B,False,False,False,True,0.0,898,-6.5088240647353075,4.042810058591584,-6.5088240647353075,False,False,False,42.0,0.106,3.6467603884444633,"{""S015"": 1278.2531228119958, ""S008"": 2015.3027911181568}"
O01->S015->S008->O01,S015->S008,"[""S008-MED-01"", ""S008-WAT-01"", ""S015-FOD-01"", ""S015-MED-01"", ""S015-WAT-01""]",C,True,True,False,True,0.0,898,-6.5088240647353075,4.042810058591584,-6.5088240647353075,False,False,False,42.0,0.106,6.414304738066848,"{""S015"": 1365.5896653738446, ""S008"": 2206.3244883024013}"
O01->S015->S008->O01,S015->S008,"[""S008-FOD-01"", ""S008-HYG-01"", ""S008-MED-01"", ""S008-WAT-01"", ""S008-WAT-02"", ""S015-FOD-01"", ""S015-MED-01"", ""S015-WAT-01""]",B,False,False,False,True,0.0,898,-6.5088240647353075,4.042810058591584,-6.5088240647353075,False,False,False,70.0,0.196,4.018130413333357,"{""S015"": 1368.2531228119958, ""S008"": 2195.302791118157}"
O01->S015->S008->O01,S015->S008,"[""S008-FOD-01"", ""S008-HYG-01"", ""S008-MED-01"", ""S008-WAT-01"", ""S008-WAT-02"", ""S015-FOD-01"", ""S015-MED-01"", ""S015-WAT-01""]",C,True,True,False,True,0.0,898,-6.5088240647353075,4.042810058591584,-6.5088240647353075,False,False,False,70.0,0.196,7.760732673565499,"{""S015"": 1455.5896653738446, ""S008"": 2404.3244883024013}"
O01->S008->S015->O01,S008->S015,"[""S008-MED-01""]",B,True,True,True,True,0.0,898,-6.5088240647353075,4.042810058591584,-6.5088240647353075,False,True,False,3.0,0.012,2.8068169335511888,"{""S008"": 1173.1791567226169, ""S015"": 1836.639073465828}"
O01->S008->S015->O01,S008->S015,"[""S008-MED-01""]",C,True,True,True,True,0.0,898,-6.5088240647353075,4.042810058591584,-6.5088240647353075,False,True,False,3.0,0.012,5.7943468283010855,"{""S008"": 1235.7273787685153, ""S015"": 1984.0857834674555}"
O01->S008->S015->O01,S008->S015,"[""S008-MED-01"", ""S008-WAT-01""]",B,True,True,True,True,0.0,898,-6.5088240647353075,4.042810058591584,-6.5088240647353075,False,True,False,17.0,0.039,3.0630694953566495,"{""S008"": 1233.1791567226169, ""S015"": 1896.639073465828}"
O01->S008->S015->O01,S008->S015,"[""S008-MED-01"", ""S008-WAT-01""]",C,True,True,True,True,0.0,898,-6.5088240647353075,4.042810058591584,-6.5088240647353075,False,True,False,17.0,0.039,5.9364889375561205,"{""S008"": 1301.7273787685153, ""S015"": 2050.0857834674553}"
O01->S008->S015->O01,S008->S015,"[""S008-MED-01"", ""S008-WAT-01"", ""S008-WAT-02""]",B,False,True,False,True,0.0,898,-6.5088240647353075,4.042810058591584,-6.5088240647353075,False,False,False,31.0,0.066,3.6857698020009773,"{""S008"": 1293.1791567226169, ""S015"": 1956.639073465828}"
O01->S008->S015->O01,S008->S015,"[""S008-MED-01"", ""S008-WAT-01"", ""S008-WAT-02""]",C,True,True,True,True,0.0,898,-6.5088240647353075,4.042810058591584,-6.5088240647353075,False,True,False,31.0,0.066,6.183015495697282,"{""S008"": 1367.7273787685153, ""S015"": 2116.0857834674553}"
O01->S008->S015->O01,S008->S015,"[""S008-FOD-01"", ""S008-HYG-01"", ""S008-MED-01"", ""S008-WAT-01"", ""S008-WAT-02""]",B,False,False,False,True,0.0,898,-6.5088240647353075,4.042810058591584,-6.5088240647353075,False,False,False,45.0,0.129,3.698762490926403,"{""S008"": 1413.1791567226169, ""S015"": 2076.639073465828}"
O01->S008->S015->O01,S008->S015,"[""S008-FOD-01"", ""S008-HYG-01"", ""S008-MED-01"", ""S008-WAT-01"", ""S008-WAT-02""]",C,True,True,False,True,0.0,898,-6.5088240647353075,4.042810058591584,-6.5088240647353075,False,False,False,45.0,0.129,6.556972101780671,"{""S008"": 1499.7273787685153, ""S015"": 2248.0857834674553}"
O01->S008->S015->O01,S008->S015,"[""S008-MED-01"", ""S008-WAT-01"", ""S015-MED-01""]",B,True,True,True,True,0.0,898,-6.5088240647353075,4.042810058591584,-6.5088240647353075,False,True,False,20.0,0.051000000000000004,3.172233333694222,"{""S008"": 1263.1791567226169, ""S015"": 1956.639073465828}"
O01->S008->S015->O01,S008->S015,"[""S008-MED-01"", ""S008-WAT-01"", ""S015-MED-01""]",C,True,True,True,True,0.0,898,-6.5088240647353075,4.042810058591584,-6.5088240647353075,False,True,False,20.0,0.051000000000000004,5.990486907733524,"{""S008"": 1331.7273787685153, ""S015"": 2116.0857834674553}"
O01->S008->S015->O01,S008->S015,"[""S008-MED-01"", ""S008-WAT-01"", ""S015-MED-01"", ""S015-WAT-01""]",B,False,False,False,True,0.0,898,-6.5088240647353075,4.042810058591584,-6.5088240647353075,False,False,False,34.0,0.078,3.8446346318801305,"{""S008"": 1293.1791567226169, ""S015"": 2016.639073465828}"
O01->S008->S015->O01,S008->S015,"[""S008-MED-01"", ""S008-WAT-01"", ""S015-MED-01"", ""S015-WAT-01""]",C,True,True,True,True,0.0,898,-6.5088240647353075,4.042810058591584,-6.5088240647353075,False,True,False,34.0,0.078,6.348553629877481,"{""S008"": 1361.7273787685153, ""S015"": 2182.0857834674553}"
O01->S008->S015->O01,S008->S015,"[""S008-FOD-01"", ""S008-HYG-01"", ""S008-MED-01"", ""S008-WAT-01"", ""S008-WAT-02"", ""S015-MED-01""]",B,False,False,False,True,0.0,898,-6.5088240647353075,4.042810058591584,-6.5088240647353075,False,False,False,48.0,0.14100000000000001,3.71460792381954,"{""S008"": 1443.1791567226169, ""S015"": 2136.639073465828}"
O01->S008->S015->O01,S008->S015,"[""S008-FOD-01"", ""S008-HYG-01"", ""S008-MED-01"", ""S008-WAT-01"", ""S008-WAT-02"", ""S015-MED-01""]",C,True,True,False,True,0.0,898,-6.5088240647353075,4.042810058591584,-6.5088240647353075,False,False,False,48.0,0.14100000000000001,6.669282979949626,"{""S008"": 1529.7273787685153, ""S015"": 2314.0857834674553}"
O01->S008->S015->O01,S008->S015,"[""S008-FOD-01"", ""S008-HYG-01"", ""S008-MED-01"", ""S008-WAT-01"", ""S008-WAT-02"", ""S015-MED-01"", ""S015-WAT-01""]",B,False,False,False,True,0.0,898,-6.5088240647353075,4.042810058591584,-6.5088240647353075,False,False,False,62.0,0.168,3.87062000973098,"{""S008"": 1473.1791567226169, ""S015"": 2196.639073465828}"
O01->S008->S015->O01,S008->S015,"[""S008-FOD-01"", ""S008-HYG-01"", ""S008-MED-01"", ""S008-WAT-01"", ""S008-WAT-02"", ""S015-MED-01"", ""S015-WAT-01""]",C,True,True,False,True,0.0,898,-6.5088240647353075,4.042810058591584,-6.5088240647353075,False,False,False,62.0,0.168,7.386017604449259,"{""S008"": 1559.7273787685153, ""S015"": 2380.0857834674553}"
O01->S008->S015->O01,S008->S015,"[""S008-MED-01"", ""S015-FOD-01"", ""S015-MED-01"", ""S015-WAT-01""]",B,False,False,False,True,0.0,898,-6.5088240647353075,4.042810058591584,-6.5088240647353075,False,False,False,28.0,0.079,3.860353937677428,"{""S008"": 1263.1791567226169, ""S015"": 2016.639073465828}"
O01->S008->S015->O01,S008->S015,"[""S008-MED-01"", ""S015-FOD-01"", ""S015-MED-01"", ""S015-WAT-01""]",C,True,True,True,True,0.0,898,-6.5088240647353075,4.042810058591584,-6.5088240647353075,False,True,False,28.0,0.079,6.29112873737907,"{""S008"": 1325.7273787685153, ""S015"": 2182.0857834674553}"
O01->S008->S015->O01,S008->S015,"[""S008-MED-01"", ""S008-WAT-01"", ""S015-FOD-01"", ""S015-MED-01"", ""S015-WAT-01""]",B,False,False,False,True,0.0,898,-6.5088240647353075,4.042810058591584,-6.5088240647353075,False,False,False,42.0,0.106,4.012572298204302,"{""S008"": 1323.1791567226169, ""S015"": 2076.639073465828}"
O01->S008->S015->O01,S008->S015,"[""S008-MED-01"", ""S008-WAT-01"", ""S015-FOD-01"", ""S015-MED-01"", ""S015-WAT-01""]",C,True,True,False,True,0.0,898,-6.5088240647353075,4.042810058591584,-6.5088240647353075,False,False,False,42.0,0.106,6.633760478090977,"{""S008"": 1391.7273787685153, ""S015"": 2248.0857834674553}"
O01->S008->S015->O01,S008->S015,"[""S008-FOD-01"", ""S008-HYG-01"", ""S008-MED-01"", ""S008-WAT-01"", ""S008-WAT-02"", ""S015-FOD-01"", ""S015-MED-01"", ""S015-WAT-01""]",B,False,False,False,True,0.0,898,-6.5088240647353075,4.042810058591584,-6.5088240647353075,False,False,False,70.0,0.196,4.038557676055151,"{""S008"": 1503.1791567226169, ""S015"": 2256.639073465828}"
O01->S008->S015->O01,S008->S015,"[""S008-FOD-01"", ""S008-HYG-01"", ""S008-MED-01"", ""S008-WAT-01"", ""S008-WAT-02"", ""S015-FOD-01"", ""S015-MED-01"", ""S015-WAT-01""]",C,True,True,False,True,0.0,898,-6.5088240647353075,4.042810058591584,-6.5088240647353075,False,False,False,70.0,0.196,7.983313391383485,"{""S008"": 1589.7273787685153, ""S015"": 2446.0857834674553}"
