primitive_index,start,end,phase,direct_available,relay_required,direct_margin
0,300.0,367.0647021484375,climb,True,False,28.560414627442952
1,367.0647021484375,368.0292890743482,cruise,True,False,28.51891569553254
2,368.0292890743482,368.9938760002589,cruise,True,False,28.39674639289757
3,368.9938760002589,369.4335434149292,cruise,True,False,28.315946660872697
4,369.4335434149292,369.8732108295995,cruise,True,False,28.220570846027613
5,369.8732108295995,370.5476424284574,cruise,True,False,28.048190612379884
6,370.5476424284574,371.2220740273152,cruise,True,False,27.847654767113113
7,371.2220740273152,372.3361730408434,cruise,True,False,27.465458009025966
8,372.3361730408434,373.45027205437157,cruise,True,False,27.03517381304539
9,373.45027205437157,374.1422302794318,cruise,True,False,26.75083441225054
10,374.1422302794318,374.83418850449203,cruise,True,False,26.457448087028112
11,374.83418850449203,375.25632929294574,cruise,True,False,26.27526271163299
12,375.25632929294574,375.6784700813994,cruise,True,False,26.091357548723124
13,375.6784700813994,376.7925690949418,cruise,True,False,25.60139970071964
14,376.7925690949418,377.90666810848427,cruise,True,False,25.110590938501502
15,377.90666810848427,378.8509171439344,cruise,True,False,24.69811593773855
16,378.8509171439344,379.7951661793846,cruise,True,False,24.29143270278169
17,379.7951661793846,379.96501615744836,cruise,True,False,24.21903331899634
18,379.96501615744836,380.1348661355121,cruise,True,False,24.14688508959803
19,380.1348661355121,381.248965149026,cruise,True,False,23.680330852741776
20,381.248965149026,382.3630641625399,cruise,True,False,23.22637179342952
21,382.3630641625399,383.47716317608234,cruise,True,False,22.785871084535543
22,383.47716317608234,384.59126218962473,cruise,True,False,22.359201767086702
23,384.59126218962473,384.67370302182405,cruise,True,False,22.328181408995164
24,384.67370302182405,384.7561438540234,cruise,True,False,22.29723702560166
25,384.7561438540234,385.78780203533796,cruise,True,False,21.91639703437332
26,385.78780203533796,386.8194602166526,cruise,True,False,21.54725956330448
27,386.8194602166526,387.9335592301808,cruise,True,False,21.161440340456494
28,387.9335592301808,389.04765824370895,cruise,True,False,20.78849462771703
29,389.04765824370895,389.3823898863124,cruise,True,False,20.678883785858517
30,389.3823898863124,389.7171215289159,cruise,True,False,20.570375803755184
31,389.7171215289159,390.4964888998406,cruise,True,False,20.321925524641344
32,390.4964888998406,391.27585627076525,cruise,True,False,20.07919217316872
33,391.27585627076525,392.38995528427915,cruise,True,False,19.741767853651965
34,392.38995528427915,393.5040542977931,cruise,True,False,19.415114036950058
35,393.5040542977931,394.09107675080077,cruise,True,False,19.247154047287637
36,394.09107675080077,394.6780992038085,cruise,True,False,19.081964467829664
37,394.6780992038085,395.2051757643432,cruise,True,False,18.935944241049015
38,395.2051757643432,395.73225232487795,cruise,True,False,18.79204702390524
39,395.73225232487795,396.84635133839186,cruise,True,False,18.494646657289238
40,396.84635133839186,397.96045035190576,cruise,True,False,18.206047634741253
41,397.96045035190576,398.7997636151765,cruise,True,False,17.99417756048284
42,398.7997636151765,399.6390768784472,cruise,True,False,17.786877408151554
43,399.6390768784472,399.9138626286904,cruise,True,False,17.719972843954082
44,399.9138626286904,400.18864837893364,cruise,True,False,17.653534076472084
45,400.18864837893364,401.302747392476,cruise,True,False,17.388819135963402
46,401.302747392476,402.41684640601846,cruise,True,False,17.13130348343219
47,402.41684640601846,403.50845047967914,cruise,True,False,16.885638499289897
48,403.50845047967914,404.6000545533398,cruise,True,False,16.646250176009644
49,404.6000545533398,404.62254949319305,cruise,True,False,16.64138099078592
50,404.62254949319305,404.6450444330463,cruise,True,False,16.636514346322386
51,404.6450444330463,405.75914344657446,cruise,True,False,16.398613396757256
52,405.75914344657446,406.87324246010263,cruise,True,False,16.166654502593914
53,406.87324246010263,407.98734147363075,cruise,True,False,15.940369142423805
54,407.98734147363075,409.1014404871589,cruise,True,False,15.719504860277695
55,409.1014404871589,409.3312363576956,cruise,True,False,15.674601447719951
56,409.3312363576956,409.56103222823236,cruise,True,False,15.629916511844726
57,409.56103222823236,410.4453353712096,cruise,True,False,15.459961740669868
58,410.4453353712096,411.3296385141868,cruise,True,False,15.293103748840608
59,411.3296385141868,412.443737527715,cruise,True,False,15.087133101510148
60,412.443737527715,413.5578365412431,cruise,True,False,14.885714066002379
61,413.5578365412431,414.0399232220571,cruise,True,False,14.799920696738198
62,414.0399232220571,414.5220099028711,cruise,True,False,14.714929945606855
63,414.5220099028711,415.1540222355853,cruise,True,False,14.604699880568091
64,415.1540222355853,415.78603456829944,cruise,True,False,14.495794000704976
65,415.78603456829944,416.90013358181335,cruise,True,False,14.306950284707185
66,416.90013358181335,418.0142325953273,cruise,True,False,14.121971425783443
67,418.0142325953273,418.7486100866724,cruise,True,False,14.002080488830046
68,418.7486100866724,419.48298757801746,cruise,True,False,13.883763443415972
69,419.48298757801746,419.86270910021483,cruise,True,False,13.82319008181932
70,419.86270910021483,420.24243062241214,cruise,True,False,13.76302173450624
71,420.24243062241214,421.35652963592605,cruise,True,False,13.58877711711935
72,421.35652963592605,422.47062864943996,cruise,True,False,13.417848766408852
73,422.47062864943996,423.4572969510481,cruise,True,False,13.269143972365569
74,423.4572969510481,424.44396525265626,cruise,True,False,13.122867199839192
75,424.44396525265626,424.57139596456204,cruise,True,False,13.104148279074067
76,424.57139596456204,424.6988266764678,cruise,True,False,13.08546843550856
77,424.6988266764678,425.8129256900102,cruise,True,False,12.923795129633888
78,425.8129256900102,426.92702470355266,cruise,True,False,12.764994688282783
79,426.92702470355266,428.04112371706657,cruise,True,False,12.6089696961687
80,428.04112371706657,429.1552227305805,cruise,True,False,12.455627453508427
81,429.1552227305805,429.28008282893774,cruise,True,False,12.438605237827247
82,429.28008282893774,429.404942927295,cruise,True,False,12.421615484338759
83,429.404942927295,430.3941818424659,cruise,True,False,12.28814292649291
84,430.3941818424659,431.3834207576368,cruise,True,False,12.156642286962267
85,431.3834207576368,432.497519771165,cruise,True,False,12.010835049658283
86,432.497519771165,433.6116187846932,cruise,True,False,11.867381455451792
87,433.6116187846932,433.98876969356724,cruise,True,False,11.8193390058711
88,433.98876969356724,434.36592060244135,cruise,True,False,11.771555135247254
89,434.36592060244135,435.10286870708114,cruise,True,False,11.678922067825198
90,435.10286870708114,435.839816811721,cruise,True,False,11.587246242152148
91,435.839816811721,436.9539158252634,cruise,True,False,11.45042812361244
92,436.9539158252634,438.0680148388058,cruise,True,False,11.315690289299638
93,438.0680148388058,438.6974565579429,cruise,True,False,11.240462825730901
94,438.6974565579429,439.3268982770801,cruise,True,False,11.165869210685102
95,439.3268982770801,439.8115555714569,cruise,True,False,11.10885902364933
96,439.8115555714569,440.29621286583364,cruise,True,False,11.05221382256623
97,440.29621286583364,441.41031187934755,cruise,True,False,10.923360704643457
98,441.41031187934755,442.5244108928615,cruise,True,False,10.796358626743014
99,442.5244108928615,443.40614342229014,cruise,True,False,10.69712339436117
100,443.40614342229014,444.2878759517189,cruise,True,False,10.59899068342672
101,444.2878759517189,444.5202424358326,cruise,True,False,10.573309930619928
102,444.5202424358326,444.75260891994634,cruise,True,False,10.547703662602515
103,444.75260891994634,445.86670793346025,cruise,True,False,10.425953904366352
104,445.86670793346025,446.98080694697416,cruise,True,False,10.305861232437962
105,446.98080694697416,448.09490596050233,cruise,True,False,10.187381842553464
106,448.09490596050233,449.2090049740305,cruise,True,False,10.070473616386593
107,449.2090049740305,449.2289293004479,cruise,True,False,10.068396902862062
108,449.2289293004479,449.24885362686524,cruise,True,False,10.0663206786094
109,449.24885362686524,450.34302831397605,cruise,True,False,9.953046338664166
110,450.34302831397605,451.43720300108686,cruise,True,False,9.841210113591771
111,451.43720300108686,452.55130201460076,cruise,True,False,9.72877830005504
112,452.55130201460076,453.6654010281147,cruise,True,False,9.617764432550032
113,453.6654010281147,453.93761616480936,cruise,True,False,9.590851247579806
114,453.93761616480936,454.209831301504,cruise,True,False,9.56402013123433
115,454.209831301504,455.05171517835174,cruise,True,False,9.481553261498135
116,455.05171517835174,455.8935990551995,cruise,True,False,9.399852383510762
117,455.8935990551995,457.00769806871347,cruise,True,False,9.29288819687413
118,457.00769806871347,458.1217970822273,cruise,True,False,9.187209832646573
119,458.1217970822273,458.64630302918505,cruise,True,False,9.137894111221996
120,458.64630302918505,459.1708089761428,cruise,True,False,9.08885360972809
121,459.1708089761428,459.76040204269896,cruise,True,False,9.034052379059176
122,459.76040204269896,460.3499951092552,cruise,True,False,8.979590883921844
123,460.3499951092552,461.46409412279763,cruise,True,False,8.877593002493697
124,461.46409412279763,462.57819313634,cruise,True,False,8.776766259388808
125,462.57819313634,463.35498989381455,cruise,True,False,8.70714453666804
126,463.35498989381455,464.13178665128913,cruise,True,False,8.638070690977628
127,464.13178665128913,464.46908890732846,cruise,True,False,8.60824576133497
128,464.46908890732846,464.80639116336783,cruise,True,False,8.578521852939346
129,464.80639116336783,465.9204901768818,cruise,True,False,8.481054150545717
130,465.9204901768818,467.0345891903957,cruise,True,False,8.384657435961799
131,467.0345891903957,468.06367675816176,cruise,True,False,8.296547835405718
132,468.06367675816176,469.0927643259279,cruise,True,False,8.209314727042269
133,469.0927643259279,469.1777757717042,cruise,True,False,8.202147184354288
134,469.1777757717042,469.26278721748054,cruise,True,False,8.1949854965289
135,469.26278721748054,470.37688623099444,cruise,True,False,8.101666326675812
136,470.37688623099444,471.49098524450835,cruise,True,False,8.009330195998572
137,471.49098524450835,472.6050842580365,cruise,True,False,7.917956794489868
138,472.6050842580365,473.7191832715647,cruise,True,False,7.827526429354194
139,473.7191832715647,473.88646263606563,cruise,True,False,7.8140287590561
140,473.88646263606563,474.0537420005666,cruise,True,False,7.800551853704349
141,474.0537420005666,475.0005616495938,cruise,True,False,7.724659443405372
142,475.0005616495938,475.94738129862105,cruise,True,False,7.649418977245205
143,475.94738129862105,477.06148031213496,cruise,True,False,7.561705376010551
144,477.06148031213496,478.17557932564887,cruise,True,False,7.474861739307755
145,478.17557932564887,478.5951495006809,cruise,True,False,7.442378398148506
146,478.5951495006809,479.01471967571297,cruise,True,False,7.410015145754386
147,479.01471967571297,479.70924851422336,cruise,True,False,7.356704725820066
148,479.70924851422336,480.4037773527337,cruise,True,False,7.303717039696508
149,480.4037773527337,481.5178763662476,cruise,True,False,7.2193835153631625
150,481.5178763662476,482.63197537976157,cruise,True,False,7.1358549969334035
151,482.63197537976157,483.30383636505667,cruise,True,False,7.085865610705099
152,483.30383636505667,483.97569735035177,cruise,True,False,7.036160239857168
153,483.97569735035177,484.4179353785706,cruise,True,False,7.00359620726347
154,484.4179353785706,484.8601734067894,cruise,True,False,6.9711529510469035
155,484.8601734067894,485.9742724203318,cruise,True,False,6.8899504409976515
156,485.9742724203318,487.0883714338742,cruise,True,False,6.809494941983786
157,487.0883714338742,488.01252322943236,cruise,True,False,6.743313759727002
158,488.01252322943236,488.9366750249905,cruise,True,False,6.677629736454378
159,488.9366750249905,489.12662224294627,cruise,True,False,6.664190171244769
160,489.12662224294627,489.3165694609021,cruise,True,False,6.650771233947125
161,489.3165694609021,490.43066847443026,cruise,True,False,6.572477044592958
162,490.43066847443026,491.5447674879584,cruise,True,False,6.49487788081133
163,491.5447674879584,492.65886650148656,cruise,True,False,6.417961588764911
164,492.65886650148656,493.77296551501473,cruise,True,False,6.341716328636707
165,493.77296551501473,493.83530910757577,cruise,True,False,6.337469329559681
166,493.83530910757577,493.89765270013686,cruise,True,False,6.333224393549912
167,493.89765270013686,494.94940812108973,cruise,True,False,6.2619201345679585
168,494.94940812108973,496.0011635420426,cruise,True,False,6.191193051425373
169,496.0011635420426,497.115262555585,cruise,True,False,6.116892831073599
170,497.115262555585,498.2293615691274,cruise,True,False,6.043219216934261
171,498.2293615691274,498.5439959719515,cruise,True,False,6.022524965314773
172,498.5439959719515,498.85863037477566,cruise,True,False,6.001879625783417
173,498.85863037477566,499.6580949854654,cruise,True,False,5.949639702648653
174,499.6580949854654,500.45755959615525,cruise,True,False,5.897710379648601
175,500.45755959615525,501.57165860966916,cruise,True,False,5.825855075236589
176,501.57165860966916,502.6857576231831,cruise,True,False,5.7545861982628566
177,502.6857576231831,503.25268283629873,cruise,True,False,5.7185421017471185
178,503.25268283629873,503.8196080494144,cruise,True,False,5.682646185497148
179,503.8196080494144,504.3667818498411,cruise,True,False,5.6481402613069065
180,504.3667818498411,504.9139556502679,cruise,True,False,5.613770175430119
181,504.9139556502679,506.02805466378186,cruise,True,False,5.544204809679499
182,506.02805466378186,507.1421536772957,cruise,True,False,5.475189417733574
183,507.1421536772957,507.96136970092823,cruise,True,False,5.42478710572739
184,507.96136970092823,508.78058572456075,cruise,True,False,5.374674169355288
185,508.78058572456075,509.0754687144422,cruise,True,False,5.356705833564121
186,509.0754687144422,509.3703517043236,cruise,True,False,5.33877441392859
187,509.3703517043236,510.484450717866,cruise,True,False,5.271358221527464
188,510.484450717866,511.5985497314084,cruise,True,False,5.204458829972722
189,511.5985497314084,512.670056565304,cruise,True,False,5.140597264227765
190,512.670056565304,513.7415633991995,cruise,True,False,5.07719969004377
191,513.7415633991995,513.784155578818,cruise,True,False,5.0746891435506285
192,513.784155578818,513.8267477584362,cruise,True,False,5.072179319231466
193,513.8267477584362,514.9408467719644,cruise,True,False,5.006784068799021
194,514.9408467719644,516.0549457854926,cruise,True,False,4.941875346554156
195,516.0549457854926,517.1690447990208,cruise,True,False,4.877445998125268
196,517.1690447990208,518.2831438125489,cruise,True,False,4.813489025118244
197,518.2831438125489,518.4928424433206,cruise,True,False,4.80150313887647
198,518.4928424433206,518.7025410740921,cruise,True,False,4.789533699781174
199,518.7025410740921,519.6069414568344,cruise,True,False,4.738098563777228
200,519.6069414568344,520.5113418395767,cruise,True,False,4.686964964833507
201,520.5113418395767,521.6254408531192,cruise,True,False,4.624384621030089
202,521.6254408531192,522.7395398666616,cruise,True,False,4.56225013139418
203,522.7395398666616,523.2015293078231,cruise,True,False,4.536613775883893
204,523.2015293078231,523.6635187489846,cruise,True,False,4.511052564302602
205,523.6635187489846,524.315628321337,cruise,True,False,4.475099325488614
206,524.315628321337,524.9677378936894,cruise,True,False,4.439293715127604
207,524.9677378936894,526.0818369072033,cruise,True,False,4.378459613454183
208,526.0818369072033,527.1959359207173,cruise,True,False,4.318047008760118
209,527.1959359207173,527.9102161721703,cruise,True,False,4.279533849293372
210,527.9102161721703,528.6244964236234,cruise,True,False,4.241190069246457
211,528.6244964236234,529.0243151857128,cruise,True,False,4.21980050628045
212,529.0243151857128,529.4241339478021,cruise,True,False,4.198463293479847
213,529.4241339478021,530.538232961316,cruise,True,False,4.1392809752641995
214,530.538232961316,531.65233197483,cruise,True,False,4.0804977325557275
215,531.65233197483,532.6189030366729,cruise,True,False,4.029817690840304
216,532.6189030366729,533.585474098516,cruise,True,False,3.9794306067544767
217,533.585474098516,533.7330020502011,cruise,True,False,3.9717655720278913
218,533.7330020502011,533.8805300018863,cruise,True,False,3.964107271945693
219,533.8805300018863,534.9946290154145,cruise,True,False,3.906489714329851
220,534.9946290154145,536.1087280289426,cruise,True,False,3.8492505473689533
221,536.1087280289426,537.2228270424565,cruise,True,False,3.792384850288741
222,537.2228270424565,538.3369260559705,cruise,True,False,3.7358877973472886
223,538.3369260559705,538.4416889146895,cruise,True,False,3.730593961744276
224,538.4416889146895,538.5464517734085,cruise,True,False,3.7253033400061213
225,538.5464517734085,539.5557879282319,cruise,True,False,3.6744947995289294
226,539.5557879282319,540.5651240830553,cruise,True,False,3.6239807817015333
227,540.5651240830553,541.6792230965692,cruise,True,False,3.568561621306415
228,541.6792230965692,542.7933221100832,cruise,True,False,3.51349270520096
229,542.7933221100832,543.1503757790651,cruise,True,False,3.4959172535331646
230,543.1503757790651,543.5074294480473,cruise,True,False,3.478377182387703
231,543.5074294480473,544.2644747925791,cruise,True,False,3.441304124899915
232,544.2644747925791,545.021520137111,cruise,True,False,3.404388145897144
233,545.021520137111,546.1356191506534,cruise,True,False,3.35034397469596
234,546.1356191506534,547.2497181641958,cruise,True,False,3.296632987830705
235,547.2497181641958,547.8590626435678,cruise,True,False,3.2673958264648775
236,547.8590626435678,548.4684071229399,cruise,True,False,3.238256459035341
237,548.4684071229399,548.9731616570817,cruise,True,False,3.2141922627476447
238,548.9731616570817,549.4779161912236,cruise,True,False,3.1901943578224774
239,549.4779161912236,550.5920152047518,cruise,True,False,3.13745879307902
240,550.5920152047518,551.7061142182799,cruise,True,False,3.0850405659888196
241,551.7061142182799,552.5677495080562,cruise,True,False,3.044715943605013
242,552.5677495080562,553.4293847978324,cruise,True,False,3.0045771429097243
243,553.4293847978324,553.6818485215844,cruise,True,False,2.9928512140029113
244,553.6818485215844,553.9343122453363,cruise,True,False,2.9811410498041084
245,553.9343122453363,554.4057543838926,cruise,True,False,2.9593159488369025
246,554.4057543838926,554.877196522449,cruise,True,False,2.9375453998776067
247,554.877196522449,596.508074207996,descent,True,False,2.9375453998776067
248,596.508074207996,776.508074207996,handoff,True,False,2.9471914933238423
249,776.508074207996,856.834675770496,climb,True,False,2.911139403596266
250,856.834675770496,857.4349419136818,cruise,True,False,2.884490544898483
251,857.4349419136818,858.0352080568675,cruise,True,False,2.8579173329185465
252,858.0352080568675,859.0758192197401,cruise,True,False,2.812028557014287
253,859.0758192197401,860.1164303826125,cruise,True,False,2.7663639377810796
254,860.1164303826125,861.1570415454851,cruise,True,False,2.7209214845220515
255,861.1570415454851,862.1976527083576,cruise,True,False,2.6756992295782283
256,862.1976527083576,863.2382638712168,cruise,True,False,2.6306952280816347
257,863.2382638712168,864.278875034076,cruise,True,False,2.58590755765573
258,864.278875034076,865.1781261908473,cruise,True,False,2.5473767747737526
259,865.1781261908473,866.0773773476185,cruise,True,False,2.509004908511855
260,866.0773773476185,866.2187373537331,cruise,True,False,2.502987323683527
261,866.2187373537331,866.3600973598476,cruise,True,False,2.4969736315141233
262,866.3600973598476,867.4007085227069,cruise,True,False,2.4528236412253506
263,867.4007085227069,868.4413196855661,cruise,True,False,2.4088825123399857
264,868.4413196855661,869.4819308484252,cruise,True,False,2.3651484310697413
265,869.4819308484252,870.5225420112845,cruise,True,False,2.321619604565555
266,870.5225420112845,871.5631531741703,cruise,True,False,2.2782942606422267
267,871.5631531741703,872.6037643370561,cruise,True,False,2.235170647544578
268,872.6037643370561,873.6443754999153,cruise,True,False,2.1922470336807436
269,873.6443754999153,874.6849866627745,cruise,True,False,2.149521707363945
270,874.6849866627745,875.725597825647,cruise,True,False,2.106992976576933
271,875.725597825647,876.7662089885196,cruise,True,False,2.064659168713618
272,876.7662089885196,877.806820151392,cruise,True,False,2.022518630338368
273,877.806820151392,878.8474313142646,cruise,True,False,1.9805697269364941
274,878.8474313142646,878.9882611837198,cruise,True,False,1.9749072558618792
275,878.9882611837198,879.1290910531752,cruise,True,False,1.9692482610298612
276,879.1290910531752,880.0288723465791,cruise,True,False,1.9331739645110133
277,880.0288723465791,880.9286536399829,cruise,True,False,1.897240380223053
278,880.9286536399829,881.9692648028688,cruise,True,False,1.8558567603539728
279,881.9692648028688,883.0098759657546,cruise,True,False,1.8146584219001198
280,883.0098759657546,884.0504871286138,cruise,True,False,1.7736438214079016
281,884.0504871286138,885.091098291473,cruise,True,False,1.7328114329419435
282,885.091098291473,886.1317094543323,cruise,True,False,1.6921597478567918
283,886.1317094543323,887.1723206171914,cruise,True,False,1.6516872745751812
284,887.1723206171914,888.2129317800773,cruise,True,False,1.6113925383561138
285,888.2129317800773,889.2535429429631,cruise,True,False,1.5712740810859174
286,889.2535429429631,890.2941541058223,cruise,True,False,1.5313304610639307
287,890.2941541058223,891.3347652686815,cruise,True,False,1.4915602527761962
288,891.3347652686815,891.7577850137067,cruise,True,False,1.4754424822969838
289,891.7577850137067,892.1808047587318,cruise,True,False,1.459353041248633
290,892.1808047587318,892.7983961765792,cruise,True,False,1.435913797648226
291,892.7983961765792,893.4159875944265,cruise,True,False,1.4125344490604164
292,893.4159875944265,894.456598757299,cruise,True,False,1.3732760816966874
293,894.456598757299,895.4972099201716,cruise,True,False,1.3341855817760546
294,895.4972099201716,896.5378210830307,cruise,True,False,1.2952616016407603
295,896.5378210830307,897.57843224589,cruise,True,False,1.2565028085982135
296,897.57843224589,898.6190434087624,cruise,True,False,1.2179078847241698
297,898.6190434087624,899.659654571635,cruise,True,False,1.1794755266679573
298,899.659654571635,900.7002657345075,cruise,True,False,1.1412044454600334
299,900.7002657345075,901.74087689738,cruise,True,False,1.1030933663394222
300,901.74087689738,902.7814880602392,cruise,True,False,1.0651410285409497
301,902.7814880602392,903.8220992230985,cruise,True,False,1.0273461851315915
302,903.8220992230985,904.5273088433596,cruise,True,False,1.0018219813174767
303,904.5273088433596,905.2325184636207,cruise,True,False,0.9763691615211343
304,905.2325184636207,905.5679200062455,cruise,True,False,0.9642886010177847
305,905.5679200062455,905.90332154887,cruise,True,False,0.9522240617952775
306,905.90332154887,906.9439327117293,cruise,True,False,0.9148943555113931
307,906.9439327117293,907.9845438745884,cruise,True,False,0.8777172905559496
308,907.9845438745884,909.0251550374477,cruise,True,False,0.8406916864603744
309,909.0251550374477,910.0657662003068,cruise,True,False,0.8038163755249741
310,910.0657662003068,911.1063773631927,cruise,True,False,0.7670902026597304
311,911.1063773631927,912.1469885260785,cruise,True,False,0.730512025219781
312,912.1469885260785,913.1875996889378,cruise,True,False,0.6940807128414974
313,913.1875996889378,914.2282108517969,cruise,True,False,0.6577951472805097
314,914.2282108517969,915.2688220146695,cruise,True,False,0.621654222257078
315,915.2688220146695,916.3094331775419,cruise,True,False,0.5856568432984375
316,916.3094331775419,917.2968326733597,cruise,True,False,0.5516319299818377
317,917.2968326733597,918.2842321691775,cruise,True,False,0.5177343671305437
318,918.2842321691775,918.3374438362322,cruise,True,False,0.5159112019229042
319,918.3374438362322,918.390655503287,cruise,True,False,0.5140884037948439
320,918.390655503287,919.4312666661461,cruise,True,False,0.4785152119674905
321,919.4312666661461,920.4718778290054,cruise,True,False,0.44308130334476914
322,920.4718778290054,921.5124889918912,cruise,True,False,0.4077856402245743
323,921.5124889918912,922.553100154777,cruise,True,False,0.37262719582859916
324,922.553100154777,923.5937113176362,cruise,True,False,0.3376049541561912
325,923.5937113176362,924.6343224804955,cruise,True,False,0.30271790983384506
326,924.6343224804955,925.6749336433546,cruise,True,False,0.26796506799888675
327,925.6749336433546,926.7155448062139,cruise,True,False,0.2333454441468774
328,926.7155448062139,927.7561559690997,cruise,True,False,0.19885806400833417
329,927.7561559690997,928.7967671319855,cruise,True,False,0.16450196341615708
330,928.7967671319855,929.8373782948447,cruise,True,False,0.1302761881703134
331,929.8373782948447,930.877989457704,cruise,True,False,0.09617979391873632
332,930.877989457704,931.106967666219,cruise,True,False,0.0886944274132162
333,931.106967666219,931.3359458747341,cruise,True,False,0.08121527015484276
334,931.3359458747341,932.1475788290916,cruise,True,False,0.054754618609436534
335,932.1475788290916,932.959211783449,cruise,True,False,0.028371419429447542
336,932.959211783449,933.9998229463215,cruise,False,True,-0.005342401422439025
337,933.9998229463215,935.0404341091939,cruise,False,True,-0.03893052275931552
338,935.0404341091939,936.0810452720532,cruise,False,True,-0.0723938415677452
339,936.0810452720532,937.1216564349124,cruise,False,True,-0.10573324572604292
340,937.1216564349124,938.1622675977849,cruise,False,True,-0.1389496141066786
341,938.1622675977849,939.2028787606574,cruise,False,True,-0.17204381670222801
342,939.2028787606574,940.24348992353,cruise,False,True,-0.20501671472575822
343,940.24348992353,941.2841010864024,cruise,False,True,-0.23786916073338205
344,941.2841010864024,942.3247122492617,cruise,False,True,-0.27060199872047974
345,942.3247122492617,943.3653234121208,cruise,False,True,-0.30321606423852643
346,943.3653234121208,943.876491495872,cruise,False,True,-0.3191934668871852
347,943.876491495872,944.387659579623,cruise,False,True,-0.33514250723629857
348,944.387659579623,944.9171026587578,cruise,False,True,-0.3516319506496046
349,944.9171026587578,945.4465457378925,cruise,False,True,-0.3680911784794034
350,945.4465457378925,946.4871569007516,cruise,False,True,-0.40035385701612825
351,946.4871569007516,947.5277680636109,cruise,False,True,-0.43250102291709425
352,947.5277680636109,948.5683792264701,cruise,False,True,-0.4645334710602498
353,948.5683792264701,949.6089903893293,cruise,False,True,-0.4964519884859442
354,949.6089903893293,950.6496015522151,cruise,False,True,-0.5282573544995444
355,950.6496015522151,951.690212715101,cruise,False,True,-0.5599503407632938
356,951.690212715101,952.7308238779601,cruise,False,True,-0.5915317113931877
357,952.7308238779601,953.7714350408194,cruise,False,True,-0.6230022230540868
358,953.7714350408194,954.8120462036918,cruise,False,True,-0.6543626250469998
359,954.8120462036918,955.8526573665644,cruise,False,True,-0.6856136594003459
360,955.8526573665644,956.646015325872,cruise,False,True,-0.7093663073837746
361,956.646015325872,957.4393732851797,cruise,False,True,-0.7330561357942997
362,957.4393732851797,957.6866264887445,cruise,False,True,-0.7404263770121986
363,957.6866264887445,957.9338796923093,cruise,False,True,-0.7477905574795614
364,957.9338796923093,958.9744908551686,cruise,False,True,-0.7787178696995625
365,958.9744908551686,960.0151020180278,cruise,False,True,-0.8095387114406662
366,960.0151020180278,961.0557131809137,cruise,False,True,-0.84025378969001
367,961.0557131809137,962.0963243437994,cruise,False,True,-0.8708638046667261
368,962.0963243437994,963.1369355066587,cruise,False,True,-0.9013694499277278
369,963.1369355066587,964.1775466695178,cruise,False,True,-0.9317714124279206
370,964.1775466695178,965.2181578323771,cruise,False,True,-0.962070372613681
371,965.2181578323771,966.2587689952363,cruise,False,True,-0.9922670044954458
372,966.2587689952363,967.2993801581222,cruise,False,True,-1.0223619757225606
373,967.2993801581222,968.3399913210079,cruise,False,True,-1.0523559476677775
374,968.3399913210079,969.3806024838672,cruise,False,True,-1.0822495754878787
375,969.3806024838672,970.4212136467263,cruise,False,True,-1.1120435082145974
376,970.4212136467263,970.4561503187314,cruise,False,True,-1.1130420644515766
377,970.4561503187314,970.4910869907363,cruise,False,True,-1.1140405090656031
378,970.4910869907363,971.4967614816039,cruise,False,True,-1.1427336306414873
379,971.4967614816039,972.5024359724714,cruise,False,True,-1.1713348542805164
380,972.5024359724714,973.5430471353438,cruise,False,True,-1.2008335356652253
381,973.5430471353438,974.5836582982164,cruise,False,True,-1.2302350581900043
382,974.5836582982164,975.6242694610755,cruise,False,True,-1.259540041297896
383,975.6242694610755,976.6648806239348,cruise,False,True,-1.2887490987167496
384,976.6648806239348,977.7054917868206,cruise,False,True,-1.317862838534424
385,977.7054917868206,978.7461029497065,cruise,False,True,-1.3468818632653239
386,978.7461029497065,979.7867141125656,cruise,False,True,-1.3758067699068306
387,979.7867141125656,980.8273252754249,cruise,False,True,-1.4046381500150176
388,980.8273252754249,981.867936438284,cruise,False,True,-1.4333765897590638
389,981.867936438284,982.9085476011433,cruise,False,True,-1.4620226699908727
390,982.9085476011433,983.2256741483843,cruise,False,True,-1.470734296990571
391,983.2256741483843,983.5428006956253,cruise,False,True,-1.4794374159964434
392,983.5428006956253,984.2662853112702,cruise,False,True,-1.499260735762391
393,984.2662853112702,984.989769926915,cruise,False,True,-1.5190400490815819
394,984.989769926915,986.0303810897741,cruise,False,True,-1.5474124835892127
395,986.0303810897741,987.0709922526333,cruise,False,True,-1.575694830000515
396,987.0709922526333,988.1116034154925,cruise,False,True,-1.6038876434701166
397,988.1116034154925,989.1522145783517,cruise,False,True,-1.631991474195516
398,989.1522145783517,990.1928257412376,cruise,False,True,-1.6600068674643893
399,990.1928257412376,991.2334369041233,cruise,False,True,-1.6879343637144473
400,991.2334369041233,992.2740480669826,cruise,False,True,-1.7157744985883738
401,992.2740480669826,993.3146592298417,cruise,False,True,-1.743527802992574
402,993.3146592298417,994.3552703927143,cruise,False,True,-1.7711948031475089
403,994.3552703927143,995.3958815555868,cruise,False,True,-1.7987760206355858
404,995.3958815555868,995.9951979787182,cruise,False,True,-1.8146220705956466
405,995.9951979787182,996.5945144018497,cruise,False,True,-1.8304399367548285
406,996.5945144018497,997.0358091415908,cruise,False,True,-1.8420691484552947
407,997.0358091415908,997.4771038813318,cruise,False,True,-1.853683171111129
408,997.4771038813318,998.517715044191,cruise,False,True,-1.8810101245723843
409,998.517715044191,999.5583262070502,cruise,False,True,-1.9082533364208558
410,999.5583262070502,1000.598937369936,cruise,False,True,-1.9354133058507728
411,1000.598937369936,1001.6395485328219,cruise,False,True,-1.962490527726814
412,1001.6395485328219,1002.6801596956811,cruise,False,True,-1.989485492630223
413,1002.6801596956811,1003.7207708585403,cruise,False,True,-2.0163986869136465
414,1003.7207708585403,1004.7613820213995,cruise,False,True,-2.043230592743811
415,1004.7613820213995,1005.8019931842587,cruise,False,True,-2.0699816881424766
416,1005.8019931842587,1006.8426043471445,cruise,False,True,-2.096652447043809
417,1006.8426043471445,1007.8832155100304,cruise,False,True,-2.123243339330031
418,1007.8832155100304,1008.7647218083845,cruise,False,True,-2.145706464035328
419,1008.7647218083845,1009.6462281067386,cruise,False,True,-2.1681128929290594
420,1009.6462281067386,1009.8053329712437,cruise,False,True,-2.172151056408751
421,1009.8053329712437,1009.9644378357488,cruise,False,True,-2.176187383612188
422,1009.9644378357488,1011.0050489986213,cruise,False,True,-2.2025414555298823
423,1011.0050489986213,1012.0456601614937,cruise,False,True,-2.228817500761963
424,1012.0456601614937,1013.0862713243663,cruise,False,True,-2.2550159696025673
425,1013.0862713243663,1014.1268824872388,cruise,False,True,-2.281137308561327
426,1014.1268824872388,1015.167493650098,cruise,False,True,-2.3071819603951553
427,1015.167493650098,1016.2081048129572,cruise,False,True,-2.333150364156893
428,1016.2081048129572,1017.248715975843,cruise,False,True,-2.35904295522586
429,1017.248715975843,1018.2893271387288,cruise,False,True,-2.384860165359541
430,1018.2893271387288,1019.3299383015881,cruise,False,True,-2.4106024227205722
431,1019.3299383015881,1020.3705494644473,cruise,False,True,-2.436270151922386
432,1020.3705494644473,1021.4111606273065,cruise,False,True,-2.461863774070835
433,1021.4111606273065,1022.4517717901657,cruise,False,True,-2.487383706787895
434,1022.4517717901657,1022.5748568008967,cruise,False,True,-2.4903973876206464
435,1022.5748568008967,1022.6979418116275,cruise,False,True,-2.493410043978841
436,1022.6979418116275,1023.6154679637825,cruise,False,True,-2.515835405229822
437,1023.6154679637825,1024.5329941159373,cruise,False,True,-2.538204157292327
438,1024.5329941159373,1025.5736052787965,cruise,False,True,-2.5635054932872237
439,1025.5736052787965,1026.6142164416558,cruise,False,True,-2.5887347763450492
440,1026.6142164416558,1027.654827604515,cruise,False,True,-2.613892407260451
441,1027.654827604515,1028.695438767374,cruise,False,True,-2.6389787835779117
442,1028.695438767374,1029.73604993026,cruise,False,True,-2.663994299608788
443,1029.73604993026,1030.7766610931458,cruise,False,True,-2.6889393464765448
444,1030.7766610931458,1031.817272256005,cruise,False,True,-2.7138143121442795
445,1031.817272256005,1032.8578834188643,cruise,False,True,-2.7386195814521415
446,1032.8578834188643,1033.8984945817367,cruise,False,True,-2.7633555361499447
447,1033.8984945817367,1034.9391057446092,cruise,False,True,-2.7880225549220796
448,1034.9391057446092,1035.3443806312305,cruise,False,True,-2.7976107648074873
449,1035.3443806312305,1035.7496555178518,cruise,False,True,-2.807188597712269
450,1035.7496555178518,1036.3849917941031,cruise,False,True,-2.8221826229337523
451,1036.3849917941031,1037.0203280703543,cruise,False,True,-2.837151284340905
452,1037.0203280703543,1038.0609392332135,cruise,False,True,-2.861613737345891
453,1038.0609392332135,1039.1015503960728,cruise,False,True,-2.886008739210297
454,1039.1015503960728,1040.1421615589584,cruise,False,True,-2.9103366537909494
455,1040.1421615589584,1041.1827727218442,cruise,False,True,-2.934597842071568
456,1041.1827727218442,1042.2233838847035,cruise,False,True,-2.9587926621846776
457,1042.2233838847035,1043.2639950475627,cruise,False,True,-2.9829214694546238
458,1043.2639950475627,1044.304606210422,cruise,False,True,-3.0069846164140728
459,1044.304606210422,1045.3452173732812,cruise,False,True,-3.0309824528361986
460,1045.3452173732812,1046.385828536167,cruise,False,True,-3.0549153257634174
461,1046.385828536167,1047.4264396990527,cruise,False,True,-3.0787835795350134
462,1047.4264396990527,1048.1139044608967,cruise,False,True,-3.0945165175654097
463,1048.1139044608967,1048.801369222741,cruise,False,True,-3.110221500299204
464,1048.801369222741,1049.154515623756,cruise,False,True,-3.118278215971486
465,1049.154515623756,1049.5076620247712,cruise,False,True,-3.1263275936136097
466,1049.5076620247712,1050.5482731876436,cruise,False,True,-3.1500040293271923
467,1050.5482731876436,1051.5888843505163,cruise,False,True,-3.1736171967496176
468,1051.5888843505163,1052.6294955133887,cruise,False,True,-3.1971674271068906
469,1052.6294955133887,1053.6701066762612,cruise,False,True,-3.220655049079923
470,1053.6701066762612,1054.7107178391204,cruise,False,True,-3.2440803888338365
471,1054.7107178391204,1055.7513290019797,cruise,False,True,-3.267443770035129
472,1055.7513290019797,1056.7919401648655,cruise,False,True,-3.290745513886435
473,1056.7919401648655,1057.8325513277514,cruise,False,True,-3.313985939143322
474,1057.8325513277514,1058.8731624906104,cruise,False,True,-3.337165362141832
475,1058.8731624906104,1059.9137736534697,cruise,False,True,-3.3602840968220136
476,1059.9137736534697,1060.8834282905498,cruise,False,True,-3.3817720780113945
477,1060.8834282905498,1061.8530829276299,cruise,False,True,-3.4032078858564034
478,1061.8530829276299,1061.924039453409,cruise,False,True,-3.4047744544777174
479,1061.924039453409,1061.9949959791882,cruise,False,True,-3.40634074514702
480,1061.9949959791882,1063.0356071420738,cruise,False,True,-3.4292792749028678
481,1063.0356071420738,1064.0762183049596,cruise,False,True,-3.452158348606943
482,1064.0762183049596,1065.116829467819,cruise,False,True,-3.474978268567284
483,1065.116829467819,1066.1574406306781,cruise,False,True,-3.49773933483263
484,1066.1574406306781,1067.1980517935506,cruise,False,True,-3.5204418452173343
485,1067.1980517935506,1068.2386629564232,cruise,False,True,-3.543086095318756
486,1068.2386629564232,1069.2792741192957,cruise,False,True,-3.5656723785417626
487,1069.2792741192957,1070.3198852821681,cruise,False,True,-3.5882009861189488
488,1070.3198852821681,1071.3604964450274,cruise,False,True,-3.610672207131188
489,1071.3604964450274,1072.4011076078866,cruise,False,True,-3.6330863285309363
490,1072.4011076078866,1073.441718770759,cruise,False,True,-3.6554436351585764
491,1073.441718770759,1074.4823299336317,cruise,False,True,-3.6777444097656087
492,1074.4823299336317,1074.6935632837428,cruise,False,True,-3.6822643601603886
493,1074.6935632837428,1074.9047966338542,cruise,False,True,-3.6867819950737015
494,1074.9047966338542,1075.7341744466155,cruise,False,True,-3.704497499072275
495,1075.7341744466155,1076.5635522593766,cruise,False,True,-3.7221774835939527
496,1076.5635522593766,1077.6041634222358,cruise,False,True,-3.744310338048493
497,1077.6041634222358,1078.644774585095,cruise,False,True,-3.766387770987592
498,1078.644774585095,1079.685385747981,cruise,False,True,-3.788410055010843
499,1079.685385747981,1080.7259969108668,cruise,False,True,-3.8103774607421173
500,1080.7259969108668,1081.7666080737258,cruise,False,True,-3.832290256850797
501,1081.7666080737258,1082.807219236585,cruise,False,True,-3.854148710072849
502,1082.807219236585,1083.8478303994443,cruise,False,True,-3.8759530852257313
503,1083.8478303994443,1084.8884415623036,cruise,False,True,-3.8977036452251212
504,1084.8884415623036,1085.9290527251894,cruise,False,True,-3.91940065110731
505,1085.9290527251894,1086.9696638880753,cruise,False,True,-3.941044362042234
506,1086.9696638880753,1087.463087113409,cruise,False,True,-3.951288538002075
507,1087.463087113409,1087.956510338743,cruise,False,True,-3.961520816609365
508,1087.956510338743,1088.5036982762683,cruise,False,True,-3.972854152041691
509,1088.5036982762683,1089.0508862137935,cruise,False,True,-3.984172926534825
510,1089.0508862137935,1090.0914973766662,cruise,False,True,-4.005658289267174
511,1090.0914973766662,1091.1321085395386,cruise,False,True,-4.027091375435546
512,1091.1321085395386,1092.172719702411,cruise,False,True,-4.048472435145513
513,1092.172719702411,1093.2133308652838,cruise,False,True,-4.06980171673915
514,1093.2133308652838,1094.2539420281428,cruise,False,True,-4.091079466813085
515,1094.2539420281428,1095.294553191002,cruise,False,True,-4.112305930233944
516,1095.294553191002,1096.3351643538879,cruise,False,True,-4.133481350150447
517,1096.3351643538879,1097.3757755167737,cruise,False,True,-4.154605968014863
518,1097.3757755167737,1098.416386679633,cruise,False,True,-4.175680023595319
519,1098.416386679633,1099.456997842492,cruise,False,True,-4.196703754991773
520,1099.456997842492,1100.2326109430621,cruise,False,True,-4.212341071195681
521,1100.2326109430621,1101.008224043632,cruise,False,True,-4.22795065913499
522,1101.008224043632,1101.2732221059214,cruise,False,True,-4.233277535088519
523,1101.2732221059214,1101.5382201682105,cruise,False,True,-4.238601189381001
524,1101.5382201682105,1102.5788313310964,cruise,False,True,-4.259475360372548
525,1102.5788313310964,1103.6194424939822,cruise,False,True,-4.280300143197309
526,1103.6194424939822,1104.6600536568412,cruise,False,True,-4.301075767842093
527,1104.6600536568412,1105.7006648197005,cruise,False,True,-4.32180246270984
528,1105.7006648197005,1106.7412759825731,cruise,False,True,-4.342480454640622
529,1106.7412759825731,1107.7818871454456,cruise,False,True,-4.363109968921407
530,1107.7818871454456,1108.822498308318,cruise,False,True,-4.383691229302457
531,1108.822498308318,1109.8631094711907,cruise,False,True,-4.40422445801083
532,1109.8631094711907,1110.90372063405,cruise,False,True,-4.424709875760712
533,1110.90372063405,1111.944331796909,cruise,False,True,-4.445147701774346
534,1111.944331796909,1112.9849429597816,cruise,False,True,-4.465538153789524
535,1112.9849429597816,1114.025554122654,cruise,False,True,-4.485881448068454
536,1114.025554122654,1114.0427459362552,cruise,False,True,-4.486217142455928
537,1114.0427459362552,1114.0599377498565,cruise,False,True,-4.486552824031264
538,1114.0599377498565,1115.0833570991276,cruise,False,True,-4.506512720067889
539,1115.0833570991276,1116.1067764483992,cruise,False,True,-4.526427421219125
540,1116.1067764483992,1117.1473876112582,cruise,False,True,-4.546630525389148
541,1117.1473876112582,1118.1879987741174,cruise,False,True,-4.566787322446018
542,1118.1879987741174,1119.2286099370033,cruise,False,True,-4.58689802149874
543,1119.2286099370033,1120.2692210998891,cruise,False,True,-4.606962830262717
544,1120.2692210998891,1121.3098322627484,cruise,False,True,-4.626981955065418
545,1121.3098322627484,1122.3504434256076,cruise,False,True,-4.646955600871976
546,1122.3504434256076,1123.391054588467,cruise,False,True,-4.666883971284804
547,1123.391054588467,1124.431665751326,cruise,False,True,-4.686767268560629
548,1124.431665751326,1125.4722769142118,cruise,False,True,-4.706605693623942
549,1125.4722769142118,1126.5128880770976,cruise,False,True,-4.726399446072136
550,1126.5128880770976,1126.8122697659214,cruise,False,True,-4.732085821048813
551,1126.8122697659214,1127.1116514547452,cruise,False,True,-4.73776851958857
552,1127.1116514547452,1127.8528809287807,cruise,False,True,-4.7518223405444076
553,1127.8528809287807,1128.594110402816,cruise,False,True,-4.765853724980019
554,1128.594110402816,1129.6347215656886,cruise,False,True,-4.785514644126252
555,1129.6347215656886,1130.675332728561,cruise,False,True,-4.80513167605271
556,1130.675332728561,1131.7159438914337,cruise,False,True,-4.824705013914141
557,1131.7159438914337,1132.756555054306,cruise,False,True,-4.844234849609009
558,1132.756555054306,1133.7971662171653,cruise,False,True,-4.863721373786831
559,1133.7971662171653,1134.8377773800244,cruise,False,True,-4.883164775866163
560,1134.8377773800244,1135.8783885429102,cruise,False,True,-4.902565244038357
561,1135.8783885429102,1136.918999705796,cruise,False,True,-4.921922965283457
562,1136.918999705796,1137.9596108686553,cruise,False,True,-4.941238125374468
563,1137.9596108686553,1139.0002220315146,cruise,False,True,-4.960510908892431
564,1139.0002220315146,1139.5817935955745,cruise,False,True,-4.9712635944003125
565,1139.5817935955745,1140.1633651596344,cruise,False,True,-4.982003133112826
566,1140.1633651596344,1140.6224047584337,cruise,False,True,-4.9904706834851424
567,1140.6224047584337,1141.081444357233,cruise,False,True,-4.998930078628092
568,1141.081444357233,1142.1220555201187,cruise,False,True,-5.01807682813066
569,1142.1220555201187,1143.1626666830045,cruise,False,True,-5.0371819276483905
570,1143.1626666830045,1144.2032778458638,cruise,False,True,-5.056245555943931
571,1144.2032778458638,1145.243889008723,cruise,False,True,-5.075267890644113
572,1145.243889008723,1146.2845001715955,cruise,False,True,-5.094249108252171
573,1146.2845001715955,1147.3251113344681,cruise,False,True,-5.1131893841531735
574,1147.3251113344681,1148.3657224973406,cruise,False,True,-5.1320888926278485
575,1148.3657224973406,1149.406333660213,cruise,False,True,-5.150947806858326
576,1149.406333660213,1150.4469448230723,cruise,False,True,-5.169766298936736
577,1150.4469448230723,1151.4875559859315,cruise,False,True,-5.188544539879061
578,1151.4875559859315,1152.351317425895,cruise,False,True,-5.2041010077490455
579,1152.351317425895,1153.2150788658587,cruise,False,True,-5.219629956876005
580,1153.2150788658587,1153.3919285887675,cruise,False,True,-5.222806026336741
581,1153.3919285887675,1153.5687783116764,cruise,False,True,-5.225980947067214
582,1153.5687783116764,1154.609389474549,cruise,False,True,-5.244639450024437
583,1154.609389474549,1155.6500006374215,cruise,False,True,-5.263258375286313
584,1155.6500006374215,1156.6906118002807,cruise,False,True,-5.281837888599767
585,1156.6906118002807,1157.7312229631398,cruise,False,True,-5.300378154688161
586,1157.7312229631398,1158.7718341260256,cruise,False,True,-5.318879337253662
587,1158.7718341260256,1159.8124452889115,cruise,False,True,-5.337341598988402
588,1159.8124452889115,1160.8530564517707,cruise,False,True,-5.355765101581397
589,1160.8530564517707,1161.89366761463,cruise,False,True,-5.374150005728396
590,1161.89366761463,1162.9342787774892,cruise,False,True,-5.392496471139367
591,1162.9342787774892,1163.9748899403485,cruise,False,True,-5.410804656542695
592,1163.9748899403485,1165.0155011032343,cruise,False,True,-5.42907471970004
593,1165.0155011032343,1166.05611226612,cruise,False,True,-5.447306817408759
594,1166.05611226612,1166.1614524184338,cruise,False,True,-5.449150326581602
595,1166.1614524184338,1166.2667925707476,cruise,False,True,-5.450993448469191
596,1166.2667925707476,1167.202063581293,cruise,False,True,-5.46734079589865
597,1167.202063581293,1168.1373345918385,cruise,False,True,-5.483657738899524
598,1168.1373345918385,1169.177945754711,cruise,False,True,-5.50177687153257
599,1169.177945754711,1170.2185569175836,cruise,False,True,-5.51985865643357
600,1170.2185569175836,1171.259168080456,cruise,False,True,-5.537903245698743
601,1171.259168080456,1172.2997792433284,cruise,False,True,-5.555910790510609
602,1172.2997792433284,1173.3403904061877,cruise,False,True,-5.573881441139832
603,1173.3403904061877,1174.381001569047,cruise,False,True,-5.5918153469521314
604,1174.381001569047,1175.4216127319328,cruise,False,True,-5.609712656422545
605,1175.4216127319328,1176.4622238948186,cruise,False,True,-5.627573517131651
606,1176.4622238948186,1177.5028350576777,cruise,False,True,-5.645398075782438
607,1177.5028350576777,1178.543446220537,cruise,False,True,-5.663186478201524
608,1178.543446220537,1178.9309762480868,cruise,False,True,-5.669801778917474
609,1178.9309762480868,1179.3185062756365,cruise,False,True,-5.676412092825643
610,1179.3185062756365,1179.971587410946,cruise,False,True,-5.687540796110568
611,1179.971587410946,1180.6246685462554,cruise,False,True,-5.6986553933149935
612,1180.6246685462554,1181.665279709141,cruise,False,True,-5.716336193350514
613,1181.665279709141,1182.7058908720269,cruise,False,True,-5.733981411849413
614,1182.7058908720269,1183.7465020348861,cruise,False,True,-5.751591190363868
615,1183.7465020348861,1184.7871131977454,cruise,False,True,-5.769165669614438
616,1184.7871131977454,1185.827724360618,cruise,False,True,-5.7867049894941545
617,1185.827724360618,1186.8683355234905,cruise,False,True,-5.804209289069178
618,1186.8683355234905,1187.908946686363,cruise,False,True,-5.821678706596941
619,1187.908946686363,1188.9495578492356,cruise,False,True,-5.839113379522317
620,1188.9495578492356,1189.9901690120946,cruise,False,True,-5.856513444485728
621,1189.9901690120946,1191.0307801749539,cruise,False,True,-5.87387903733557
622,1191.0307801749539,1191.7005000784075,cruise,False,True,-5.885037072814811
623,1191.7005000784075,1192.3702199818608,cruise,False,True,-5.8961809217518635
624,1192.3702199818608,1192.74111124128,cruise,False,True,-5.9023463009132655
625,1192.74111124128,1193.112002500699,cruise,False,True,-5.908507346128786
626,1193.112002500699,1194.1526136635714,cruise,False,True,-5.925770329834393
627,1194.1526136635714,1195.1932248264438,cruise,False,True,-5.942999376963797
628,1195.1932248264438,1196.233835989303,cruise,False,True,-5.960194619470684
629,1196.233835989303,1197.2744471521623,cruise,False,True,-5.977356188546906
630,1197.2744471521623,1198.3150583150482,cruise,False,True,-5.994484214629907
631,1198.3150583150482,1199.355669477934,cruise,False,True,-6.011578827407675
632,1199.355669477934,1200.396280640793,cruise,False,True,-6.028640155823723
633,1200.396280640793,1201.4368918036523,cruise,False,True,-6.045668328086833
634,1201.4368918036523,1202.4775029665116,cruise,False,True,-6.062663471669083
635,1202.4775029665116,1203.5181141293708,cruise,False,True,-6.079625713317455
636,1203.5181141293708,1204.4700239080603,cruise,False,True,-6.095113391173811
637,1204.4700239080603,1205.42193368675,cruise,False,True,-6.110573738546151
638,1205.42193368675,1205.5106350709461,cruise,False,True,-6.11201298457604
639,1205.5106350709461,1205.5993364551423,cruise,False,True,-6.113451994201284
640,1205.5993364551423,1206.6399476180018,cruise,False,True,-6.130316283344939
641,1206.6399476180018,1207.6805587808608,cruise,False,True,-6.147148170381115
642,1207.6805587808608,1208.7211699437335,cruise,False,True,-6.163947778505843
643,1208.7211699437335,1209.761781106606,cruise,False,True,-6.18071523021564
644,1209.761781106606,1210.8023922694783,cruise,False,True,-6.197450647319158
645,1210.8023922694783,1211.843003432351,cruise,False,True,-6.2141541509413685
646,1211.843003432351,1212.6137633084602,cruise,False,True,-6.226505600145799
647,1212.6137633084602,1213.3845231845694,cruise,False,True,-6.238839656188503
648,1213.3845231845694,1284.3927751376943,descent,False,True,-6.238839656188503
649,1284.3927751376943,1464.3927751376943,handoff,False,True,-6.235199321406412
650,1464.3927751376943,1505.1965080478506,climb,False,True,-6.237545166061125
651,1505.1965080478506,1505.9798009136764,cruise,False,True,-6.237545166061125
652,1505.9798009136764,1506.7630937795025,cruise,False,True,-6.224961053733892
653,1506.7630937795025,1507.8206258660084,cruise,False,True,-6.212358697237988
654,1507.8206258660084,1508.8781579525144,cruise,False,True,-6.1953150834064274
655,1508.8781579525144,1509.5675814342087,cruise,False,True,-6.17823798666484
656,1509.5675814342087,1510.257004915903,cruise,False,True,-6.167087039794296
657,1510.257004915903,1510.6251135207146,cruise,False,True,-6.155921770181976
658,1510.6251135207146,1510.9932221255262,cruise,False,True,-6.149954343180752
659,1510.9932221255262,1512.0507542120188,cruise,False,True,-6.1439828168169015
660,1512.0507542120188,1513.1082862985113,cruise,False,True,-6.126804477945598
661,1513.1082862985113,1514.1658183850307,cruise,False,True,-6.109592124619212
662,1514.1658183850307,1515.2233504715502,cruise,False,True,-6.092345621974118
663,1515.2233504715502,1516.2808825580428,cruise,False,True,-6.075064834346051
664,1516.2808825580428,1517.338414644535,cruise,False,True,-6.057749625261408
665,1517.338414644535,1517.945114110456,cruise,False,True,-6.040399857427815
666,1517.945114110456,1518.5518135763766,cruise,False,True,-6.0304307518282485
667,1518.5518135763766,1519.0026461969485,cruise,False,True,-6.020450200459436
668,1519.0026461969485,1519.4534788175201,cruise,False,True,-6.013026319099765
669,1519.4534788175201,1520.5110109040395,cruise,False,True,-6.005596092238079
670,1520.5110109040395,1521.568542990559,cruise,False,True,-5.988141816161587
671,1521.568542990559,1522.6260750770516,cruise,False,True,-5.970652423885767
672,1522.6260750770516,1523.683607163544,cruise,False,True,-5.953127773943066
673,1523.683607163544,1524.74113925005,cruise,False,True,-5.935567724007029
674,1524.74113925005,1525.798671336556,cruise,False,True,-5.917972130891883
675,1525.798671336556,1526.3226467871275,cruise,False,True,-5.900340850540047
676,1526.3226467871275,1526.846622237699,cruise,False,True,-5.8915918135544985
677,1526.846622237699,1527.3801788736334,cruise,False,True,-5.882833962414466
678,1527.3801788736334,1527.913735509568,cruise,False,True,-5.873906893298255
679,1527.913735509568,1528.9712675960604,cruise,False,True,-5.864970647506624
680,1528.9712675960604,1530.0287996825527,cruise,False,True,-5.847231432298145
681,1530.0287996825527,1531.086331769059,cruise,False,True,-5.829455944784726
682,1531.086331769059,1532.1438638555649,cruise,False,True,-5.8116440364535435
683,1532.1438638555649,1533.2013959420708,cruise,False,True,-5.793795557876194
684,1533.2013959420708,1534.2589280285767,cruise,False,True,-5.775910358708572
685,1534.2589280285767,1534.7001794633748,cruise,False,True,-5.757988287672703
686,1534.7001794633748,1535.1414308981725,cruise,False,True,-5.750499430260476
687,1535.1414308981725,1535.757711549867,cruise,False,True,-5.743004116063943
688,1535.757711549867,1536.3739922015616,cruise,False,True,-5.73252484175454
689,1536.3739922015616,1537.4315242880812,cruise,False,True,-5.722032920212158
690,1537.4315242880812,1538.4890563746008,cruise,False,True,-5.703999316524019
691,1538.4890563746008,1539.546588461093,cruise,False,True,-5.685928226431315
692,1539.546588461093,1540.6041205475856,cruise,False,True,-5.667819493899913
693,1540.6041205475856,1541.661652634078,cruise,False,True,-5.649672961921951
694,1541.661652634078,1542.7191847205706,cruise,False,True,-5.631488472504387
695,1542.7191847205706,1543.0777121396084,cruise,False,True,-5.613265866663639
696,1543.0777121396084,1543.4362395586463,cruise,False,True,-5.6070793090824935
697,1543.4362395586463,1544.135244226128,cruise,False,True,-5.600888345897346
698,1544.135244226128,1544.8342488936096,cruise,False,True,-5.588805413773045
699,1544.8342488936096,1545.8917809801019,cruise,False,True,-5.576705664770515
700,1545.8917809801019,1546.9493130665944,cruise,False,True,-5.558367745718442
701,1546.9493130665944,1548.0068451531004,cruise,False,True,-5.539991064222988
702,1548.0068451531004,1549.0643772396065,cruise,False,True,-5.521575456215942
703,1549.0643772396065,1550.1219093261125,cruise,False,True,-5.503120756587137
704,1550.1219093261125,1551.1794414126184,cruise,False,True,-5.484626799171011
705,1551.1794414126184,1551.4552448162935,cruise,False,True,-5.466093416744968
706,1551.4552448162935,1551.7310482199687,cruise,False,True,-5.461253424912115
707,1551.7310482199687,1552.5127769027858,cruise,False,True,-5.456410737102459
708,1552.5127769027858,1553.2945055856032,cruise,False,True,-5.442670095481702
709,1553.2945055856032,1554.3520376721228,cruise,False,True,-5.42890770260675
710,1554.3520376721228,1555.4095697586422,cruise,False,True,-5.410255031060288
711,1555.4095697586422,1556.4671018451347,cruise,False,True,-5.39156225481716
712,1556.4671018451347,1557.5246339316272,cruise,False,True,-5.372829201213648
713,1557.5246339316272,1558.5821660181196,cruise,False,True,-5.3540556964648545
714,1558.5821660181196,1559.639698104612,cruise,False,True,-5.335241565665072
715,1559.639698104612,1559.8327774925272,cruise,False,True,-5.316386632770673
716,1559.8327774925272,1560.0258568804422,cruise,False,True,-5.312939766395004
717,1560.0258568804422,1560.8903095790467,cruise,False,True,-5.309491532943895
718,1560.8903095790467,1561.754762277651,cruise,False,True,-5.294036353185206
719,1561.754762277651,1562.8122943641436,cruise,False,True,-5.2785536507823565
720,1562.8122943641436,1563.869826450636,cruise,False,True,-5.259575243833552
721,1563.869826450636,1564.927358537142,cruise,False,True,-5.240555319059226
722,1564.927358537142,1565.984890623648,cruise,False,True,-5.221493694586314
723,1565.984890623648,1567.042422710154,cruise,False,True,-5.202390187345927
724,1567.042422710154,1568.0999547966599,cruise,False,True,-5.183244613062556
725,1568.0999547966599,1568.2103101687878,cruise,False,True,-5.164056786240508
726,1568.2103101687878,1568.3206655409158,cruise,False,True,-5.162052059907936
727,1568.3206655409158,1569.2678422552804,cruise,False,True,-5.160046871230321
728,1569.2678422552804,1570.215018969645,cruise,False,True,-5.142817354406446
729,1570.215018969645,1571.2725510561509,cruise,False,True,-5.125553626860508
730,1571.2725510561509,1572.3300831426568,cruise,False,True,-5.106237917127729
731,1572.3300831426568,1573.3876152291627,cruise,False,True,-5.0868792004914525
732,1573.3876152291627,1574.4451473156687,cruise,False,True,-5.067477285204774
733,1574.4451473156687,1575.5026794021612,cruise,False,True,-5.048031978238441
734,1575.5026794021612,1576.5602114886537,cruise,False,True,-5.028543085268495
735,1576.5602114886537,1576.587842845446,cruise,False,True,-5.009010410664885
736,1576.587842845446,1576.6154742022381,cruise,False,True,-5.008499469324704
737,1576.6154742022381,1577.6453749319655,cruise,False,True,-5.00798849795882
738,1577.6453749319655,1578.6752756616927,cruise,False,True,-4.9889216644027385
739,1578.6752756616927,1579.7328077481852,cruise,False,True,-4.969812927417209
740,1579.7328077481852,1580.7903398346778,cruise,False,True,-4.9501477208710725
741,1580.7903398346778,1581.84787192117,cruise,False,True,-4.930437936856578
742,1581.84787192117,1582.9054040076626,cruise,False,True,-4.910683373030224
743,1582.9054040076626,1583.9078434351873,cruise,False,True,-4.890883825666435
744,1583.9078434351873,1584.9102828627117,cruise,False,True,-4.872074030069371
745,1584.9102828627117,1584.9653755217066,cruise,False,True,-4.8532234555750335
746,1584.9653755217066,1585.0204681807015,cruise,False,True,-4.852186268881169
747,1585.0204681807015,1586.078000267194,cruise,False,True,-4.851148958454118
748,1586.078000267194,1587.1355323536866,cruise,False,True,-4.831213224147547
749,1587.1355323536866,1588.1930644401925,cruise,False,True,-4.81123167735899
750,1588.1930644401925,1589.2505965266985,cruise,False,True,-4.7912041072736145
751,1589.2505965266985,1590.3081286132044,cruise,False,True,-4.771130301625718
752,1590.3081286132044,1591.3656606997104,cruise,False,True,-4.75101004667215
753,1591.3656606997104,1592.285376111448,cruise,False,True,-4.730843127189047
754,1592.285376111448,1593.2050915231853,cruise,False,True,-4.713266235997693
755,1593.2050915231853,1593.3429081979402,cruise,False,True,-4.69565374295604
756,1593.3429081979402,1593.4807248726954,cruise,False,True,-4.693011486167649
757,1593.4807248726954,1594.5382569592148,cruise,False,True,-4.690368426242287
758,1594.5382569592148,1595.5957890457344,cruise,False,True,-4.670060206785678
759,1595.5957890457344,1596.653321132227,cruise,False,True,-4.64970444678859
760,1596.653321132227,1597.7108532187192,cruise,False,True,-4.6293009233981195
761,1597.7108532187192,1598.7683853052117,cruise,False,True,-4.608849412192328
762,1598.7683853052117,1599.8259173917043,cruise,False,True,-4.58834968716512
763,1599.8259173917043,1600.6629087881058,cruise,False,True,-4.567801520714738
764,1600.6629087881058,1601.4999001845076,cruise,False,True,-4.551504033421423
765,1601.4999001845076,1601.7204408746254,cruise,False,True,-4.535175944286976
766,1601.7204408746254,1601.9409815647432,cruise,False,True,-4.530868512022693
767,1601.9409815647432,1602.9985136512355,cruise,False,True,-4.526558945036044
768,1602.9985136512355,1604.056045737728,cruise,False,True,-4.50586407247296
769,1604.056045737728,1605.113577824234,cruise,False,True,-4.485119831777467
770,1605.113577824234,1606.1711099107401,cruise,False,True,-4.464325987124454
771,1606.1711099107401,1607.228641997246,cruise,False,True,-4.443482300994049
772,1607.228641997246,1608.286174083752,cruise,False,True,-4.422588534161889
773,1608.286174083752,1609.0404414643667,cruise,False,True,-4.401644445672105
774,1609.0404414643667,1609.7947088449812,cruise,False,True,-4.386675539818512
775,1609.7947088449812,1610.097973550859,cruise,False,True,-4.371680823211136
776,1610.097973550859,1610.4012382567369,cruise,False,True,-4.365644673546427
777,1610.4012382567369,1611.4587703432428,cruise,False,True,-4.359604331207137
778,1611.4587703432428,1612.516302429749,cruise,False,True,-4.338507814551775
779,1612.516302429749,1613.573834516255,cruise,False,True,-4.317359994860141
780,1613.573834516255,1614.6313666027609,cruise,False,True,-4.296160622302892
781,1614.6313666027609,1615.6888986892534,cruise,False,True,-4.274909445226712
782,1615.6888986892534,1616.7464307757457,cruise,False,True,-4.2536062101357
783,1616.7464307757457,1617.4179741406003,cruise,False,True,-4.232250661665034
784,1617.4179741406003,1618.0895175054548,cruise,False,True,-4.218662402223089
785,1618.0895175054548,1618.47550622712,cruise,False,True,-4.205052878102165
786,1618.47550622712,1618.8614949487849,cruise,False,True,-4.197220765860621
787,1618.8614949487849,1619.9190270352772,cruise,False,True,-4.18938159372054
788,1619.9190270352772,1620.9765591217697,cruise,False,True,-4.167867554045074
789,1620.9765591217697,1622.0340912082622,cruise,False,True,-4.146300160547838
790,1622.0340912082622,1623.0916232947545,cruise,False,True,-4.124679148274652
791,1623.0916232947545,1624.149155381274,cruise,False,True,-4.103004250294859
792,1624.149155381274,1625.2066874677937,cruise,False,True,-4.081275197681393
793,1625.2066874677937,1625.7955068172853,cruise,False,True,-4.05949171949338
794,1625.7955068172853,1626.384326166777,cruise,False,True,-4.04733928913646
795,1626.384326166777,1626.8530389037778,cruise,False,True,-4.035169854269995
796,1626.8530389037778,1627.3217516407785,cruise,False,True,-4.025470537924491
797,1627.3217516407785,1628.3792837272845,cruise,False,True,-4.01576039242488
798,1628.3792837272845,1629.4368158137904,cruise,False,True,-3.99381199139809
799,1629.4368158137904,1630.4943479002964,cruise,False,True,-3.971808060464312
800,1630.4943479002964,1631.5518799868025,cruise,False,True,-3.9497483182969404
801,1631.5518799868025,1632.6094120732948,cruise,False,True,-3.9276324814251495
802,1632.6094120732948,1633.6669441597874,cruise,False,True,-3.905460264220764
803,1633.6669441597874,1634.1730394935191,cruise,False,True,-3.883231378867066
804,1634.1730394935191,1634.679134827251,cruise,False,True,-3.8725733316420445
805,1634.679134827251,1635.2305715800385,cruise,False,True,-3.8619022077975274
806,1635.2305715800385,1635.7820083328263,cruise,False,True,-3.8502601268079104
807,1635.7820083328263,1636.8395404193188,cruise,False,True,-3.838602441397356
808,1636.8395404193188,1637.8970725058114,cruise,False,True,-3.816201802529406
809,1637.8970725058114,1638.9546045923037,cruise,False,True,-3.7937433219609034
810,1638.9546045923037,1640.0121366787962,cruise,False,True,-3.771226700614207
811,1640.0121366787962,1641.0696687653158,cruise,False,True,-3.7486516370910863
812,1641.0696687653158,1642.1272008518351,cruise,False,True,-3.726017827646146
813,1642.1272008518351,1642.5505721697798,cruise,False,True,-3.7033249661620147
814,1642.5505721697798,1642.9739434877245,cruise,False,True,-3.6942235074184566
815,1642.9739434877245,1643.6081042562723,cruise,False,True,-3.6851125150062103
816,1643.6081042562723,1644.2422650248202,cruise,False,True,-3.6714474340255947
817,1644.2422650248202,1645.2997971113261,cruise,False,True,-3.6577608506152046
818,1645.2997971113261,1646.357329197832,cruise,False,True,-3.634888972239253
819,1646.357329197832,1647.414861284338,cruise,False,True,-3.611956793153496
820,1647.414861284338,1648.472393370844,cruise,False,True,-3.588963995010232
821,1648.472393370844,1649.5299254573365,cruise,False,True,-3.565910256935865
822,1649.5299254573365,1650.587457543829,cruise,False,True,-3.542795255510569
823,1650.587457543829,1650.928104846438,cruise,False,True,-3.5196186647322065
824,1650.928104846438,1651.2687521490468,cruise,False,True,-3.512139960693844
825,1651.2687521490468,1651.9856369329439,cruise,False,True,-3.504654821135091
826,1651.9856369329439,1652.702521716841,cruise,False,True,-3.48888143682899
827,1652.702521716841,1653.7600538033469,cruise,False,True,-3.473079398062481
828,1653.7600538033469,1654.8175858898528,cruise,False,True,-3.4497160570342373
829,1654.8175858898528,1655.8751179763453,cruise,False,True,-3.426289796318514
830,1655.8751179763453,1656.9326500628379,cruise,False,True,-3.402800276611046
831,1656.9326500628379,1657.9901821493572,cruise,False,True,-3.3792471558532213
832,1657.9901821493572,1659.0477142358768,cruise,False,True,-3.3556300892118998
833,1659.0477142358768,1659.3056375226986,cruise,False,True,-3.331948729044285
834,1659.3056375226986,1659.5635608095204,cruise,False,True,-3.326163249891607
835,1659.5635608095204,1660.3631696091911,cruise,False,True,-3.320373920412578
836,1660.3631696091911,1661.1627784088616,cruise,False,True,-3.3024014260966794
837,1661.1627784088616,1662.2203104953542,cruise,False,True,-3.2843917233486906
838,1662.2203104953542,1663.2778425818467,cruise,False,True,-3.26051536821997
839,1663.2778425818467,1664.335374668366,cruise,False,True,-3.23657330030548
840,1664.335374668366,1665.3929067548856,cruise,False,True,-3.2125651574586698
841,1665.3929067548856,1666.4504388413782,cruise,False,True,-3.188490574534825
842,1666.4504388413782,1667.5079709278705,cruise,False,True,-3.164349183360997
843,1667.5079709278705,1667.6831701991443,cruise,False,True,-3.140140612697536
844,1667.6831701991443,1667.8583694704182,cruise,False,True,-3.136123513475326
845,1667.8583694704182,1668.7407022856505,cruise,False,True,-3.132104558473486
846,1668.7407022856505,1669.6230351008826,cruise,False,True,-3.111836161115349
847,1669.6230351008826,1670.6805671873885,cruise,False,True,-3.0915204324282115
848,1670.6805671873885,1671.7380992738945,cruise,False,True,-3.0671080647152564
849,1671.7380992738945,1672.7956313603868,cruise,False,True,-3.042627001233484
850,1672.7956313603868,1673.8531634468793,cruise,False,True,-3.0180768549033132
851,1673.8531634468793,1674.910695533399,cruise,False,True,-2.993457235373171
852,1674.910695533399,1675.9682276199185,cruise,False,True,-2.968767748974969
853,1675.9682276199185,1676.0607028756174,cruise,False,True,-2.9440079986933227
854,1676.0607028756174,1676.1531781313163,cruise,False,True,-2.941839543307438
855,1676.1531781313163,1677.11823496211,cruise,False,True,-2.9396705473200626
856,1677.11823496211,1678.0832917929033,cruise,False,True,-2.9170029303919165
857,1678.0832917929033,1679.1408238793958,cruise,False,True,-2.8942761014364464
858,1679.1408238793958,1680.1983559658881,cruise,False,True,-2.869303143335628
859,1680.1983559658881,1681.2558880524077,cruise,False,True,-2.84425829901852
860,1681.2558880524077,1682.3134201389273,cruise,False,True,-2.8191411541355365
861,1682.3134201389273,1683.3709522254196,cruise,False,True,-2.793951290756084
862,1683.3709522254196,1684.4284843119121,cruise,False,True,-2.7686882873159107
863,1684.4284843119121,1684.438235551851,cruise,False,True,-2.7433517185850036
864,1684.438235551851,1684.4479867917898,cruise,False,True,-2.7431177527708144
865,1684.4479867917898,1685.495767638357,cruise,False,True,-2.7428837806659203
866,1685.495767638357,1686.543548484924,cruise,False,True,-2.717706505512197
867,1686.543548484924,1687.60108057143,cruise,False,True,-2.692456165709629
868,1687.60108057143,1688.6586126579361,cruise,False,True,-2.6668963123644716
869,1688.6586126579361,1689.7161447444284,cruise,False,True,-2.641261155234062
870,1689.7161447444284,1690.773676830921,cruise,False,True,-2.6155502500873524
871,1690.773676830921,1691.7582361418044,cruise,False,True,-2.5897631487511603
872,1691.7582361418044,1692.742795452688,cruise,False,True,-2.565686544090326
873,1692.742795452688,1692.815768228324,cruise,False,True,-2.541543136088748
874,1692.815768228324,1692.88874100396,cruise,False,True,-2.539751025063026
875,1692.88874100396,1693.9462730904525,cruise,False,True,-2.5379585448731774
876,1693.9462730904525,1695.003805176945,cruise,False,True,-2.5119401258934317
877,1695.003805176945,1696.0613372634373,cruise,False,True,-2.485843677748335
878,1696.0613372634373,1697.1188693499298,cruise,False,True,-2.4596687318767323
879,1697.1188693499298,1698.1764014364494,cruise,False,True,-2.4334148154960076
880,1698.1764014364494,1699.2339335229688,cruise,False,True,-2.4070814515443573
881,1699.2339335229688,1700.1357688182773,cruise,False,True,-2.380668158632389
882,1700.1357688182773,1701.0376041135858,cruise,False,True,-2.3580800949544027
883,1701.0376041135858,1701.1933009047698,cruise,False,True,-2.335433248147453
884,1701.1933009047698,1701.3489976959538,cruise,False,True,-2.3315174246829855
885,1701.3489976959538,1702.4065297824461,cruise,False,True,-2.3275998384227705
886,1702.4065297824461,1703.4640618689386,cruise,False,True,-2.300943826231034
887,1703.4640618689386,1704.5215939554582,cruise,False,True,-2.2742059151877214
888,1704.5215939554582,1705.5791260419776,cruise,False,True,-2.247385601463094
889,1705.5791260419776,1706.6366581284701,cruise,False,True,-2.220482376570999
890,1706.6366581284701,1707.6941902149626,cruise,False,True,-2.193495727317625
891,1707.6941902149626,1708.513301494511,cruise,False,True,-2.1664251357364606
892,1708.513301494511,1709.3324127740593,cruise,False,True,-2.1453995935776504
893,1709.3324127740593,1709.570833581017,cruise,False,True,-2.124323133633382
894,1709.570833581017,1709.8092543879745,cruise,False,True,-2.118178752037835
895,1709.8092543879745,1710.8667864744805,cruise,False,True,-2.1120300295198575
896,1710.8667864744805,1711.9243185609864,cruise,False,True,-2.0847044545666193
897,1711.9243185609864,1712.981850647479,cruise,False,True,-2.057292816523102
898,1712.981850647479,1714.0393827339715,cruise,False,True,-2.029794572666887
899,1714.0393827339715,1715.0969148204908,cruise,False,True,-2.002209175137679
900,1715.0969148204908,1716.1544469070104,cruise,False,True,-1.9745360708679698
901,1716.1544469070104,1716.890834170984,cruise,False,True,-1.9467747015231538
902,1716.890834170984,1717.6272214349574,cruise,False,True,-1.9273913054441323
903,1717.6272214349574,1717.9483662574764,cruise,False,True,-1.9079646472152518
904,1717.9483662574764,1718.2695110799953,cruise,False,True,-1.8994789177975662
905,1718.2695110799953,1719.3270431664878,cruise,False,True,-1.8909849075080558
906,1719.3270431664878,1720.3845752529803,cruise,False,True,-1.862955339205115
907,1720.3845752529803,1721.4421073394997,cruise,False,True,-1.83483521842237
908,1721.4421073394997,1722.4996394260193,cruise,False,True,-1.8066239594471085
909,1722.4996394260193,1723.5571715125118,cruise,False,True,-1.7783209708749155
910,1723.5571715125118,1724.614703599004,cruise,False,True,-1.7499256555426257
911,1724.614703599004,1725.2683668474297,cruise,False,True,-1.721437410444949
912,1725.2683668474297,1725.9220300958555,cruise,False,True,-1.7037820168429647
913,1725.9220300958555,1726.3258989339356,cruise,False,True,-1.6860907419017082
914,1726.3258989339356,1726.7297677720162,cruise,False,True,-1.6751421094523806
915,1726.7297677720162,1727.7872998585221,cruise,False,True,-1.6641796892976117
916,1727.7872998585221,1728.844831945028,cruise,False,True,-1.6354089773638663
917,1728.844831945028,1729.9023640315206,cruise,False,True,-1.6065428637377863
918,1729.9023640315206,1730.959896118013,cruise,False,True,-1.5775807150592271
919,1730.959896118013,1732.0174282045325,cruise,False,True,-1.5485218916590213
920,1732.0174282045325,1733.074960291052,cruise,False,True,-1.5193657474672762
921,1733.074960291052,1733.6458995236906,cruise,False,True,-1.4901116299304817
922,1733.6458995236906,1734.216838756329,cruise,False,True,-1.4742769932153408
923,1734.216838756329,1734.7034316101829,cruise,False,True,-1.4584135037660246
924,1734.7034316101829,1735.190024464037,cruise,False,True,-1.444870717311261
925,1735.190024464037,1736.2475565505295,cruise,False,True,-1.4313068316861006
926,1736.2475565505295,1737.3050886370218,cruise,False,True,-1.4017548126670647
927,1737.3050886370218,1738.3626207235413,cruise,False,True,-1.3721021435092808
928,1738.3626207235413,1739.420152810061,cruise,False,True,-1.3423481379134756
929,1739.420152810061,1740.4776848965532,cruise,False,True,-1.312492102553776
930,1740.4776848965532,1741.5352169830458,cruise,False,True,-1.2825333369846703
931,1741.5352169830458,1742.0234322001363,cruise,False,True,-1.252471133538947
932,1742.0234322001363,1742.5116474172269,cruise,False,True,-1.2385576635232525
933,1742.5116474172269,1743.0809642866288,cruise,False,True,-1.2246219250978498
934,1743.0809642866288,1743.6502811560308,cruise,False,True,-1.208342981218678
935,1743.6502811560308,1744.7078132425502,cruise,False,True,-1.192033545647618
936,1744.7078132425502,1745.7653453290698,cruise,False,True,-1.1616567088654222
937,1745.7653453290698,1746.8228774155623,cruise,False,True,-1.131173529325622
938,1746.8228774155623,1747.8804095020546,cruise,False,True,-1.100583261738393
939,1747.8804095020546,1748.9379415885605,cruise,False,True,-1.0698851529668758
940,1748.9379415885605,1749.9954736750665,cruise,False,True,-1.039078441928595
941,1749.9954736750665,1750.4009648765957,cruise,False,True,-1.0081623594698783
942,1750.4009648765957,1750.806456078125,cruise,False,True,-0.9962789854108536
943,1750.806456078125,1751.4584969631017,cruise,False,True,-0.9843793732532333
944,1751.4584969631017,1752.1105378480786,cruise,False,True,-0.9652103117856257
945,1752.1105378480786,1753.168069934571,cruise,False,True,-0.9459989626881651
946,1753.168069934571,1754.2256020210634,cruise,False,True,-0.914750068706411
947,1754.2256020210634,1755.283134107583,cruise,False,True,-0.8833886437518856
948,1755.283134107583,1756.3406661941026,cruise,False,True,-0.8519138765957592
949,1756.3406661941026,1757.398198280595,cruise,False,True,-0.8203249472401666
950,1757.398198280595,1758.4557303670874,cruise,False,True,-0.7886210267727023
951,1758.4557303670874,1758.778497552843,cruise,False,True,-0.7568012772499486
952,1758.778497552843,1759.1012647385985,cruise,False,True,-0.747066436937672
953,1759.1012647385985,1759.8360296393355,cruise,False,True,-0.7373207038293117
954,1759.8360296393355,1760.5707945400723,cruise,False,True,-0.7150942306062689
955,1760.5707945400723,1761.6283266265918,cruise,False,True,-0.6928108932870032
956,1761.6283266265918,1762.6858587131112,cruise,False,True,-0.66063853658369
957,1762.6858587131112,1763.7433907996037,cruise,False,True,-0.6283469060193596
958,1763.7433907996037,1764.8009228860963,cruise,False,True,-0.5959351164572553
959,1764.8009228860963,1765.8584549726022,cruise,False,True,-0.5634022728923895
960,1765.8584549726022,1766.9159870591081,cruise,False,True,-0.5307474703075599
961,1766.9159870591081,1767.1560302293024,cruise,False,True,-0.49796979354145776
962,1767.1560302293024,1767.3960733994963,cruise,False,True,-0.4905125697706296
963,1767.3960733994963,1768.2135623158083,cruise,False,True,-0.4830489567547289
964,1768.2135623158083,1769.0310512321203,cruise,False,True,-0.45758286280727134
965,1769.0310512321203,1770.0885833186126,cruise,False,True,-0.43204210507414587
966,1770.0885833186126,1771.146115405105,cruise,False,True,-0.3988902108723664
967,1771.146115405105,1772.2036474916245,cruise,False,True,-0.36561167715552756
968,1772.2036474916245,1773.261179578144,cruise,False,True,-0.33220553563286614
969,1773.261179578144,1774.3187116646366,cruise,False,True,-0.29867080689336944
970,1774.3187116646366,1775.376243751129,cruise,False,True,-0.2650065002535342
971,1775.376243751129,1775.5335629057618,cruise,False,True,-0.23121161356422704
972,1775.5335629057618,1775.6908820603944,cruise,False,True,-0.22617304511371117
973,1775.6908820603944,1776.591094992254,cruise,False,True,-0.22113156119272048
974,1776.591094992254,1777.491307924114,cruise,False,True,-0.19222690126814257
975,1777.491307924114,1778.5488400106333,cruise,False,True,-0.16322603309464512
976,1778.5488400106333,1779.6063720971529,cruise,False,True,-0.12903327612400517
977,1779.6063720971529,1780.6639041836454,cruise,False,True,-0.09470581235595432
978,1780.6639041836454,1781.721436270138,cruise,False,True,-0.060242579636394566
979,1781.721436270138,1782.7789683566439,cruise,False,True,-0.02564250324040529
980,1782.7789683566439,1783.8365004431498,cruise,True,False,0.009095504328769266
981,1783.8365004431498,1783.9110955820088,cruise,True,False,0.04397254353270341
982,1783.9110955820088,1783.985690720868,cruise,True,False,0.046437943433630835
983,1783.985690720868,1784.9686276685147,cruise,True,False,0.048904041011724075
984,1784.9686276685147,1785.9515646161617,cruise,True,False,0.08146505574235618
985,1785.9515646161617,1787.0090967026542,cruise,True,False,0.1141481848160737
986,1787.0090967026542,1788.0666287891468,cruise,True,False,0.1494490545582181
987,1788.0666287891468,1789.1241608756527,cruise,True,False,0.18489349170384628
988,1789.1241608756527,1790.1816929621586,cruise,True,False,0.22048266475744072
989,1790.1816929621586,1791.2310961719622,cruise,True,False,0.2562177564920489
990,1791.2310961719622,1792.280499381766,cruise,True,False,0.29182358616911586
991,1792.280499381766,1792.2886282584682,cruise,True,False,0.32757546306118
992,1792.2886282584682,1792.2967571351705,cruise,True,False,0.32785297705234484
993,1792.2967571351705,1793.354289221663,cruise,True,False,0.32813049987933596
994,1793.354289221663,1794.4118213081556,cruise,True,False,0.36431059056951653
995,1794.4118213081556,1795.469353394675,cruise,True,False,0.4006414785022656
996,1795.469353394675,1796.5268854811945,cruise,True,False,0.43712442140926555
997,1796.5268854811945,1797.584417567687,cruise,True,False,0.4737606927625393
998,1797.584417567687,1798.6419496541794,cruise,True,False,0.5105515820333721
999,1798.6419496541794,1799.6086288484216,cruise,True,False,0.5474983949755341
1000,1799.6086288484216,1800.575308042664,cruise,True,False,0.5814086256102371
1001,1800.575308042664,1800.6661609349142,cruise,True,False,0.6154512667234542
1002,1800.6661609349142,1800.7570138271644,cruise,True,False,0.6186575925125055
1003,1800.7570138271644,1801.8145459136838,cruise,True,False,0.621865097886527
1004,1801.8145459136838,1802.8720780002034,cruise,True,False,0.6592876832165615
1005,1802.8720780002034,1803.929610086696,cruise,True,False,0.6968715835163977
1006,1803.929610086696,1804.9871421731882,cruise,True,False,0.7346181901303765
1007,1804.9871421731882,1806.0446742596941,cruise,True,False,0.7725289124052921
1008,1806.0446742596941,1807.1022063462,cruise,True,False,0.8106051780121675
1009,1807.1022063462,1807.986161524669,cruise,True,False,0.848848433250609
1010,1807.986161524669,1808.8701167031377,cruise,True,False,0.8809438604736357
1011,1808.8701167031377,1809.0436936111748,cruise,True,False,0.9131578481204343
1012,1809.0436936111748,1809.2172705192122,cruise,True,False,0.9194975145603337
1013,1809.2172705192122,1810.2748026057047,cruise,True,False,0.9258417929516156
1014,1810.2748026057047,1811.332334692197,cruise,True,False,0.9645948861472533
1015,1811.332334692197,1812.3898667787166,cruise,True,False,1.0035209471233344
1016,1812.3898667787166,1813.447398865236,cruise,True,False,1.0426215203585087
1017,1813.447398865236,1814.5049309517285,cruise,True,False,1.081898171032492
1018,1814.5049309517285,1815.562463038221,cruise,True,False,1.1213524853752403
1019,1815.562463038221,1816.3636942013404,cruise,True,False,1.1609860710620552
1020,1816.3636942013404,1817.1649253644598,cruise,True,False,1.1911345177443025
1021,1817.1649253644598,1817.421226287833,cruise,True,False,1.2213875221829653
1022,1817.421226287833,1817.6775272112059,cruise,True,False,1.2310871609715832
1023,1817.6775272112059,1818.7350592977255,cruise,True,False,1.2407975966691538
1024,1818.7350592977255,1819.792591384245,cruise,True,False,1.2809788626414615
1025,1819.792591384245,1820.8501234707373,cruise,True,False,1.3213460528801875
1026,1820.8501234707373,1821.9076555572299,cruise,True,False,1.3619008882167236
1027,1821.9076555572299,1822.9651876437358,cruise,True,False,1.4026451133790232
1028,1822.9651876437358,1824.0227197302418,cruise,True,False,1.4435804974167041
1029,1824.0227197302418,1824.7412268775877,cruise,True,False,1.4847088341781074
1030,1824.7412268775877,1825.4597340249336,cruise,True,False,1.5127632062263672
1031,1825.4597340249336,1825.7987589640936,cruise,True,False,1.5409080636021173
1032,1825.7987589640936,1826.1377839032539,cruise,True,False,1.5542196973249247
1033,1826.1377839032539,1827.1953159897462,cruise,True,False,1.5675516679363426
1034,1827.1953159897462,1828.2528480762387,cruise,True,False,1.609269880768835
1035,1828.2528480762387,1829.3103801627447,cruise,True,False,1.651188478961501
1036,1829.3103801627447,1830.3679122492506,cruise,True,False,1.6933093874487213
1037,1830.3679122492506,1831.4254443357565,cruise,True,False,1.735634558890851
1038,1831.4254443357565,1832.4829764222627,cruise,True,False,1.7781659742138913
1039,1832.4829764222627,1833.118759553835,cruise,True,False,1.82090564315601
1040,1833.118759553835,1833.7545426854072,cruise,True,False,1.8467016090364154
1041,1833.7545426854072,1834.1762916403272,cruise,True,False,1.872574029881406
1042,1834.1762916403272,1834.5980405952475,cruise,True,False,1.8897789915706085
1043,1834.5980405952475,1835.655572681767,cruise,True,False,1.9070179282306157
1044,1835.655572681767,1836.7131047682865,cruise,True,False,1.9503947129683183
1045,1836.7131047682865,1837.770636854779,cruise,True,False,1.9939880897184281
1046,1837.770636854779,1838.8281689412715,cruise,True,False,2.0378002209026675
1047,1838.8281689412715,1839.8857010277638,cruise,True,False,2.081833301321339
1048,1839.8857010277638,1840.9432331142564,cruise,True,False,2.1260895587873705
1049,1840.9432331142564,1841.496292230493,cruise,True,False,2.1705712547872054
1050,1841.496292230493,1842.0493513467295,cruise,True,False,2.1939244581017476
1051,1842.0493513467295,1842.5538243170124,cruise,True,False,2.2173402781763514
1052,1842.5538243170124,1843.0582972872953,cruise,True,False,2.2387539130579626
1053,1843.0582972872953,1844.1158293737878,cruise,True,False,2.2602201808105633
1054,1844.1158293737878,1845.1733614602804,cruise,True,False,2.3053921083772906
1055,1845.1733614602804,1846.2308935467863,cruise,True,False,2.3507988710171475
1056,1846.2308935467863,1847.2884256332923,cruise,True,False,2.3964429091189743
1057,1847.2884256332923,1848.3459577197982,cruise,True,False,2.442326701091247
1058,1848.3459577197982,1849.4034898063042,cruise,True,False,2.4884527641315515
1059,1849.4034898063042,1849.8738249067537,cruise,True,False,2.5348236550558596
1060,1849.8738249067537,1850.344160007203,cruise,True,False,2.5555263435517475
1061,1850.344160007203,1850.931356993246,cruise,True,False,2.5762782034440477
1062,1850.931356993246,1851.5185539792892,cruise,True,False,2.6022555466152397
1063,1851.5185539792892,1852.5760860658086,cruise,True,False,2.628310350859806
1064,1852.5760860658086,1853.6336181523282,cruise,True,False,2.6754314749936157
1065,1853.6336181523282,1854.6911502388207,cruise,True,False,2.722808067292462
1066,1854.6911502388207,1855.748682325313,cruise,True,False,2.7704428955100866
1067,1855.748682325313,1856.8062144118055,cruise,True,False,2.818338772334073
1068,1856.8062144118055,1857.863746498298,cruise,True,False,2.8664985563506775
1069,1857.863746498298,1858.2513575829873,cruise,True,False,2.9149251530429723
1070,1858.2513575829873,1858.6389686676766,cruise,True,False,2.9327420722468105
1071,1858.6389686676766,1859.308889669507,cruise,True,False,2.950595378400095
1072,1859.308889669507,1859.978810671337,cruise,True,False,2.981538060084901
1073,1859.978810671337,1861.0363427578295,cruise,True,False,3.0125906470630355
1074,1861.0363427578295,1862.0938748443218,cruise,True,False,3.0618355992025386
1075,1862.0938748443218,1863.1514069308278,cruise,True,False,3.111359475841013
1076,1863.1514069308278,1864.2089390173337,cruise,True,False,3.161165432889618
1077,1864.2089390173337,1865.2664711038396,cruise,True,False,3.2112566797370476
1078,1865.2664711038396,1866.3240031903458,cruise,True,False,3.2616364804559623
1079,1866.3240031903458,1866.6288902596723,cruise,True,False,3.312308155049365
1080,1866.6288902596723,1866.933777328999,cruise,True,False,3.326971506581941
1081,1866.933777328999,1867.6864223461648,cruise,True,False,3.3416594800088717
1082,1867.6864223461648,1868.4390673633307,cruise,True,False,3.3780241887282614
1083,1868.4390673633307,1869.4965994498366,cruise,True,False,3.4145406931816638
1084,1869.4965994498366,1870.5541315363425,cruise,True,False,3.466108488015223
1085,1870.5541315363425,1871.6116636228485,cruise,True,False,3.5179820220426166
1086,1871.6116636228485,1872.6691957093547,cruise,True,False,3.5701649147620316
1087,1872.6691957093547,1873.7267277958472,cruise,True,False,3.6226608498249675
1088,1873.7267277958472,1874.7842598823395,cruise,True,False,3.6754735765295408
1089,1874.7842598823395,1875.0064229359061,cruise,True,False,3.728606911391253
1090,1875.0064229359061,1875.2285859894725,cruise,True,False,3.739810110514057
1091,1875.2285859894725,1876.0639550224255,cruise,True,False,3.7510276664435054
1092,1876.0639550224255,1876.8993240553787,cruise,True,False,3.7933366078602546
1093,1876.8993240553787,1877.956856141871,cruise,True,False,3.8358510173846696
1094,1877.956856141871,1879.0143882283635,cruise,True,False,3.8899697722650473
1095,1879.0143882283635,1880.071920314856,cruise,True,False,3.9444251062588194
1096,1880.071920314856,1881.1294524013483,cruise,True,False,3.9992211969617557
1097,1881.1294524013483,1882.186984487868,cruise,True,False,4.054362299536265
1098,1882.186984487868,1883.2445165743875,cruise,True,False,4.10985274863161
1099,1883.2445165743875,1883.3839556121668,cruise,True,False,4.165696960365196
1100,1883.3839556121668,1883.523394649946,cruise,True,False,4.173086836046636
1101,1883.523394649946,1884.4414876986593,cruise,True,False,4.180482950521039
1102,1884.4414876986593,1885.3595807473723,cruise,True,False,4.229336888338125
1103,1885.3595807473723,1886.4171128338783,cruise,True,False,4.278464755769733
1104,1886.4171128338783,1887.4746449203842,cruise,True,False,4.335397597607525
1105,1887.4746449203842,1888.5321770068904,cruise,True,False,4.392702722797722
1106,1888.5321770068904,1889.5897090933963,cruise,True,False,4.450384986577461
1107,1889.5897090933963,1890.6472411798886,cruise,True,False,4.508449338838048
1108,1890.6472411798886,1891.7047732663812,cruise,True,False,4.566900826594178
1109,1891.7047732663812,1891.7614882888247,cruise,True,False,4.6257445964982224
1110,1891.7614882888247,1891.8182033112685,cruise,True,False,4.628911548454937
1111,1891.8182033112685,1892.8190203753443,cruise,True,False,4.632079644560349
1112,1892.8190203753443,1893.81983743942,cruise,True,False,4.688174319156488
1113,1893.81983743942,1894.8773695259126,cruise,True,False,4.744630083315357
1114,1894.8773695259126,1895.9349016124052,cruise,True,False,4.804682615681372
1115,1895.9349016124052,1896.9924336988975,cruise,True,False,4.865149066747875
1116,1896.9924336988975,1898.04996578539,cruise,True,False,4.926035122308079
1117,1898.04996578539,1899.081488878566,cruise,True,False,4.98734658479799
1118,1899.081488878566,1900.113011971742,cruise,True,False,5.047565650290053
1119,1900.113011971742,1900.1390209650856,cruise,True,False,5.108200697919983
1120,1900.1390209650856,1900.165029958429,cruise,True,False,5.109734986246991
1121,1900.165029958429,1901.2225620449215,cruise,True,False,5.111269542763168
1122,1901.2225620449215,1902.280094131414,cruise,True,False,5.173893255503657
1123,1902.280094131414,1903.33762621792,cruise,True,False,5.236966816603427
1124,1903.33762621792,1904.3951583044259,cruise,True,False,5.300496661602054
1125,1904.3951583044259,1905.4526903909318,cruise,True,False,5.364489363436718
1126,1905.4526903909318,1906.5102224774378,cruise,True,False,5.428951636321258
1127,1906.5102224774378,1907.459021554827,cruise,True,False,5.493890339786859
1128,1907.459021554827,1908.4078206322158,cruise,True,False,5.55256342362722
1129,1908.4078206322158,1908.5165536413192,cruise,True,False,5.611630810328634
1130,1908.5165536413192,1908.6252866504228,cruise,True,False,5.618425391474432
1131,1908.6252866504228,1909.6828187369422,cruise,True,False,5.625225228226853
1132,1909.6828187369422,1910.7403508234618,cruise,True,False,5.69163589701688
1133,1910.7403508234618,1911.7978829099543,cruise,True,False,5.758551973097681
1134,1911.7978829099543,1912.8554149964466,cruise,True,False,5.825981108057846
1135,1912.8554149964466,1913.9129470829391,cruise,True,False,5.893931126118503
1136,1913.9129470829391,1914.9704791694317,cruise,True,False,5.962410029294759
1137,1914.9704791694317,1915.8365542314848,cruise,True,False,6.0314260027470965
1138,1915.8365542314848,1916.702629293538,cruise,True,False,6.08835311041247
1139,1916.702629293538,1916.8940863180044,cruise,True,False,6.145650736553307
1140,1916.8940863180044,1917.0855433424706,cruise,True,False,6.158367597064483
1141,1917.0855433424706,1918.1430754289631,cruise,True,False,6.1711028501946
1142,1918.1430754289631,1919.2006075154554,cruise,True,False,6.241781061086272
1143,1919.2006075154554,1920.258139601948,cruise,True,False,6.313031028187893
1144,1920.258139601948,1921.3156716884405,cruise,True,False,6.384861939720722
1145,1921.3156716884405,1922.37320377496,cruise,True,False,6.457283203582094
1146,1922.37320377496,1923.4307358614794,cruise,True,False,6.530304454275978
1147,1923.4307358614794,1924.2140869077455,cruise,True,False,6.603935560114664
1148,1924.2140869077455,1924.9974379540117,cruise,True,False,6.658875824227877
1149,1924.9974379540117,1925.271618994238,cruise,True,False,6.714160447255779
1150,1925.271618994238,1925.5458000344643,cruise,True,False,6.733592788568089
1151,1925.5458000344643,1926.6033321209702,cruise,True,False,6.753068024677873
1152,1926.6033321209702,1927.6608642074764,cruise,True,False,6.828590357882632
1153,1927.6608642074764,1928.7183962939823,cruise,True,False,6.904764511690956
1154,1928.7183962939823,1929.7759283804883,cruise,True,False,6.981601641774176
1155,1929.7759283804883,1930.8334604669808,cruise,True,False,7.059113187222991
1156,1930.8334604669808,1931.890992553473,cruise,True,False,7.137310880011654
1157,1931.890992553473,1932.5916195839793,cruise,True,False,7.216206754838893
1158,1932.5916195839793,1933.2922466144853,cruise,True,False,7.268866691025835
1159,1933.2922466144853,1933.6491516704987,cruise,True,False,7.321842155617915
1160,1933.6491516704987,1934.0060567265123,cruise,True,False,7.348950787503227
1161,1934.0060567265123,1935.0635888130046,cruise,True,False,7.3761427651885185
1162,1935.0635888130046,1936.121120899497,cruise,True,False,7.457208578376978
1163,1936.121120899497,1937.1786529859896,cruise,True,False,7.5390239517142135
1164,1937.1786529859896,1938.236185072482,cruise,True,False,7.621602596470282
1165,1938.236185072482,1939.2937171590015,cruise,True,False,7.704958595107101
1166,1939.2937171590015,1940.351249245521,cruise,True,False,7.789106414417617
1167,1940.351249245521,1940.9691522606643,cruise,True,False,7.874060919285384
1168,1940.9691522606643,1941.5870552758076,cruise,True,False,7.924078233384847
1169,1941.5870552758076,1942.0266843471568,cruise,True,False,7.974379265541685
1170,1942.0266843471568,1942.466313418506,cruise,True,False,8.01034220457504
1171,1942.466313418506,1943.523845505012,cruise,True,False,8.046451522173399
1172,1943.523845505012,1944.581377591518,cruise,True,False,8.13391947249788
1173,1944.581377591518,1945.638909678024,cruise,True,False,8.222257844888858
1174,1945.638909678024,1946.69644176453,cruise,True,False,8.31148372263047
1175,1946.69644176453,1947.7539738510222,cruise,True,False,8.401614683145212
1176,1947.7539738510222,1948.8115059375148,cruise,True,False,8.492668816623237
1177,1948.8115059375148,1949.3466849368979,cruise,True,False,8.584664745471358
1178,1949.3466849368979,1949.8818639362812,cruise,True,False,8.631585563849825
1179,1949.8818639362812,1950.4042170234175,cruise,True,False,8.678755019062748
1180,1950.4042170234175,1950.9265701105537,cruise,True,False,8.725036264697565
1181,1950.9265701105537,1951.9841021970462,cruise,True,False,8.77155926308184
1182,1951.9841021970462,1953.0416342835388,cruise,True,False,8.866497945655894
1183,1953.0416342835388,1954.099166370031,cruise,True,False,8.962458656828531
1184,1954.099166370031,1955.1566984565236,cruise,True,False,9.059463004871645
1185,1955.1566984565236,1956.2142305430432,cruise,True,False,9.157533267478328
1186,1956.2142305430432,1957.2717626295625,cruise,True,False,9.256692418500236
1187,1957.2717626295625,1957.7242176131588,cruise,True,False,9.356964155982553
1188,1957.7242176131588,1958.1766725967548,cruise,True,False,9.400210308955707
1189,1958.1766725967548,1958.781749699651,cruise,True,False,9.44366654233491
1190,1958.781749699651,1959.3868268025476,cruise,True,False,9.502113216776237
1191,1959.3868268025476,1960.44435888904,cruise,True,False,9.560943981256273
1192,1960.44435888904,1961.5018909755324,cruise,True,False,9.664703357689802
1193,1961.5018909755324,1962.559423062052,cruise,True,False,9.76967796397281
1194,1962.559423062052,1963.6169551485714,cruise,True,False,9.8758955891511
1195,1963.6169551485714,1964.674487235064,cruise,True,False,9.983384945413633
1196,1964.674487235064,1965.7320193215564,cruise,True,False,10.092175707096473
1197,1965.7320193215564,1966.1017502898167,cruise,True,False,10.202298551625958
1198,1966.1017502898167,1966.4714812580771,cruise,True,False,10.241119446716652
1199,1966.4714812580771,1967.1592823763226,cruise,True,False,10.280108419390174
1200,1967.1592823763226,1967.8470834945683,cruise,True,False,10.353090591625417
1201,1967.8470834945683,1968.9046155810743,cruise,True,False,10.426668473995676
1202,1968.9046155810743,1969.9621476675802,cruise,True,False,10.540982319081252
1203,1969.9621476675802,1971.0196797540727,cruise,True,False,10.65676187827026
1204,1971.0196797540727,1972.0772118405653,cruise,True,False,10.774043531990912
1205,1972.0772118405653,1973.1347439270849,cruise,True,False,10.89286495496708
1206,1973.1347439270849,1974.1922760136042,cruise,True,False,11.013265173432217
1207,1974.1922760136042,1974.4792829660776,cruise,True,False,11.135284624977231
1208,1974.4792829660776,1974.7662899185507,cruise,True,False,11.1686846615694
1209,1974.7662899185507,1975.53681505257,cruise,True,False,11.202207896802008
1210,1975.53681505257,1976.307340186589,cruise,True,False,11.292823511629763
1211,1976.307340186589,1977.3648722730816,cruise,True,False,11.38435041443637
1212,1977.3648722730816,1978.422404359574,cruise,True,False,11.511485264581054
1213,1978.422404359574,1979.4799364460935,cruise,True,False,11.640416513161483
1214,1979.4799364460935,1980.537468532613,cruise,True,False,11.771192657603095
1215,1980.537468532613,1981.5950006191056,cruise,True,False,11.903864030070665
1216,1981.5950006191056,1982.6525327055979,cruise,True,False,12.038482879505608
1217,1982.6525327055979,1982.8568156425233,cruise,True,False,12.175103457068161
1218,1982.8568156425233,1983.0610985794488,cruise,True,False,12.20172977807735
1219,1983.0610985794488,1983.9143477290293,cruise,True,False,12.228433303673071
1220,1983.9143477290293,1984.7675968786098,cruise,True,False,12.340812657817963
1221,1984.7675968786098,1985.825128965116,cruise,True,False,12.454577349098557
1222,1985.825128965116,1986.8826610516219,cruise,True,False,12.597549993828295
1223,1986.8826610516219,1987.9401931381144,cruise,True,False,12.742763221478668
1224,1987.9401931381144,1988.9977252246067,cruise,True,False,12.890282693485005
1225,1988.9977252246067,1990.0552573111263,cruise,True,False,13.040176654665544
1226,1990.0552573111263,1991.1127893976459,cruise,True,False,13.192516039423126
1227,1991.1127893976459,1991.2343483189961,cruise,True,False,13.347374579521471
1228,1991.2343483189961,1991.3559072403466,cruise,True,False,13.365339783372463
1229,1991.3559072403466,1992.2918804054887,cruise,True,False,13.383339399888115
1230,1992.2918804054887,1993.2278535706307,cruise,True,False,13.523097537842133
1231,1993.2278535706307,1994.2853856571232,cruise,True,False,13.664958689466573
1232,1994.2853856571232,1995.3429177436155,cruise,True,False,13.827846682100528
1233,1995.3429177436155,1996.4004498301351,cruise,True,False,13.99357888504396
1234,1996.4004498301351,1997.4579819166547,cruise,True,False,14.162244613862057
1235,1997.4579819166547,1998.515514003147,cruise,True,False,14.33393659449763
1236,1998.515514003147,1999.5730460896395,cruise,True,False,14.508751041475506
1237,1999.5730460896395,1999.61188099523,cruise,True,False,14.686787720701432
1238,1999.61188099523,1999.6507159008202,cruise,True,False,14.693388280235993
1239,1999.6507159008202,2000.669413081736,cruise,True,False,14.699993329198165
1240,2000.669413081736,2001.6881102626514,cruise,True,False,14.87487468851451
1241,2001.6881102626514,2002.7456423491576,cruise,True,False,15.052944823734236
1242,2002.7456423491576,2003.8031744356635,cruise,True,False,15.241282776227408
1243,2003.8031744356635,2004.8607065221559,cruise,True,False,15.433277937062783
1244,2004.8607065221559,2005.9182386086484,cruise,True,False,15.629047803971687
1245,2005.9182386086484,2006.9318815851834,cruise,True,False,15.828713096571065
1246,2006.9318815851834,2007.9455245617182,cruise,True,False,16.02386271509812
1247,2007.9455245617182,2007.9894136716894,cruise,True,False,16.222815851131003
1248,2007.9894136716894,2008.0333027816603,cruise,True,False,16.231517841143344
1249,2008.0333027816603,2009.0908348681662,cruise,True,False,16.24022718240984
1250,2009.0908348681662,2010.1483669546724,cruise,True,False,16.45233046788529
1251,2010.1483669546724,2011.2058990411647,cruise,True,False,16.668836951155143
1252,2011.2058990411647,2012.2634311276572,cruise,True,False,16.889876694273397
1253,2012.2634311276572,2013.3209632141768,cruise,True,False,17.115579047237546
1254,2013.3209632141768,2014.3784953006962,cruise,True,False,17.346071167576085
1255,2014.3784953006962,2015.3094142616562,cruise,True,False,17.581476144812214
1256,2015.3094142616562,2016.2403332226163,cruise,True,False,17.792855916040764
1257,2016.2403332226163,2016.3669463481488,cruise,True,False,18.008206801643652
1258,2016.3669463481488,2016.4935594736812,cruise,True,False,18.037806933575254
1259,2016.4935594736812,2017.5510915601735,cruise,True,False,18.067481916959068
1260,2017.5510915601735,2018.608623646666,cruise,True,False,18.318284164401703
1261,2018.608623646666,2019.6661557331856,cruise,True,False,18.574393885581486
1262,2019.6661557331856,2020.723687819705,cruise,True,False,18.835864214955834
1263,2020.723687819705,2021.7812199061975,cruise,True,False,19.10271788852492
1264,2021.7812199061975,2022.83875199269,cruise,True,False,19.37493859664268
1265,2022.83875199269,2023.6869469378898,cruise,True,False,19.65246038590152
1266,2023.6869469378898,2024.5351418830896,cruise,True,False,19.87879373186442
1267,2024.5351418830896,2024.7444790243958,cruise,True,False,20.108354133368053
1268,2024.7444790243958,2024.953816165702,cruise,True,False,20.165491618970933
1269,2024.953816165702,2026.0113482522079,cruise,True,False,20.222814829570297
1270,2026.0113482522079,2027.0688803387138,cruise,True,False,20.51513670848415
1271,2027.0688803387138,2028.1264124252064,cruise,True,False,20.811696577411
1272,2028.1264124252064,2029.1839445116989,cruise,True,False,21.111924077867215
1273,2029.1839445116989,2030.2414765982185,cruise,True,False,21.41507104746981
1274,2030.2414765982185,2031.2990086847378,cruise,True,False,21.72017572481269
1275,2031.2990086847378,2032.0644796143629,cruise,True,False,22.026022719043866
1276,2032.0644796143629,2032.8299505439877,cruise,True,False,22.24702262037424
1277,2032.8299505439877,2033.1220117008552,cruise,True,False,22.4669430938893
1278,2033.1220117008552,2033.4140728577227,cruise,True,False,22.550407172886096
1279,2033.4140728577227,2034.4716049442152,cruise,True,False,22.63355313742666
1280,2034.4716049442152,2035.5291370307077,cruise,True,False,22.931145587352617
1281,2035.5291370307077,2036.5866691172273,cruise,True,False,23.22122137721921
1282,2036.5866691172273,2037.6442012037467,cruise,True,False,23.500686590492535
1283,2037.6442012037467,2038.7017332902392,cruise,True,False,23.76601396200917
1284,2038.7017332902392,2039.7592653767315,cruise,True,False,24.013283676042164
1285,2039.7592653767315,2040.4420122908086,cruise,True,False,24.238271529735357
1286,2040.4420122908086,2041.1247592048858,cruise,True,False,24.369635436608178
1287,2041.1247592048858,2041.4995443773146,cruise,True,False,24.488704286549122
1288,2041.4995443773146,2041.8743295497436,cruise,True,False,24.54842255076639
1289,2041.8743295497436,2042.9318616362496,cruise,True,False,24.603907595150076
1290,2042.9318616362496,2043.9893937227555,cruise,True,False,24.73616956358265
1291,2043.9893937227555,2044.9050050032506,cruise,True,False,24.829913324614793
1292,2044.9050050032506,2045.8206162837455,cruise,True,False,24.877924952553357
1293,2045.8206162837455,2168.425282421441,descent,True,False,24.894047506859252
