sortie,interval_id,start_s,end_s,phase,direct_available,relay_required,access_link_ok,backhaul_link_ok,communication_ok,direct_margin_lower_bound_db
K28-001,0,0.0,58.142644042968755,climb,True,False,True,True,True,29.982830377148545
K28-001,1,58.142644042968755,59.12173515357989,cruise,True,False,True,True,True,29.92362584195382
K28-001,2,59.12173515357989,60.10082626419103,cruise,True,False,True,True,True,29.75070605559381
K28-001,3,60.10082626419103,60.115835986840246,cruise,True,False,True,True,True,29.747229068304677
K28-001,4,60.115835986840246,60.13084570948946,cruise,True,False,True,True,True,29.743728344586756
K28-001,5,60.13084570948946,61.24668735044981,cruise,True,False,True,True,True,29.421572052712207
K28-001,6,61.24668735044981,62.36252899141016,cruise,True,False,True,True,True,28.996496577668893
K28-001,7,62.36252899141016,63.493380355019724,cruise,True,False,True,True,True,28.490839060973485
K28-001,8,63.493380355019724,64.62423171862929,cruise,True,False,True,True,True,27.937503828684015
K28-001,9,64.62423171862929,64.66872713783812,cruise,True,False,True,True,True,27.915089108754543
K28-001,10,64.66872713783812,64.71322255704695,cruise,True,False,True,True,True,27.892637314212095
K28-001,11,64.71322255704695,65.79957850143322,cruise,True,False,True,True,True,27.3359365160194
K28-001,12,65.79957850143322,66.88593444581949,cruise,True,False,True,True,True,26.77191134651089
K28-001,13,66.88593444581949,68.01678580944352,cruise,True,False,True,True,True,26.187954447477225
K28-001,14,68.01678580944352,69.14763717306755,cruise,True,False,True,True,True,25.61472795513434
K28-001,15,69.14763717306755,69.221618288836,cruise,True,False,True,True,True,25.57772735751206
K28-001,16,69.221618288836,69.29559940460445,cruise,True,False,True,True,True,25.540794565839505
K28-001,17,69.29559940460445,70.3524696524311,cruise,True,False,True,True,True,25.021074075363558
K28-001,18,70.3524696524311,71.40933990025775,cruise,True,False,True,True,True,24.517310356462204
K28-001,19,71.40933990025775,72.54019126385285,cruise,True,False,True,True,True,23.997105022055266
K28-001,20,72.54019126385285,73.67104262744795,cruise,True,False,True,True,True,23.496731450805584
K28-001,21,73.67104262744795,73.77450943968772,cruise,True,False,True,True,True,23.45193712405478
K28-001,22,73.77450943968772,73.87797625192749,cruise,True,False,True,True,True,23.407307173506666
K28-001,23,73.87797625192749,74.90536080331175,cruise,True,False,True,True,True,22.97298378640356
K28-001,24,74.90536080331175,75.93274535469601,cruise,True,False,True,True,True,22.55437747244312
K28-001,25,75.93274535469601,77.06359671829111,cruise,True,False,True,True,True,22.11109863941246
K28-001,26,77.06359671829111,78.19444808188621,cruise,True,False,True,True,True,21.68530215131706
K28-001,27,78.19444808188621,78.3274005906856,cruise,True,False,True,True,True,21.636348293413306
K28-001,28,78.3274005906856,78.46035309948499,cruise,True,False,True,True,True,21.587621980781208
K28-001,29,78.46035309948499,79.45825195429516,cruise,True,False,True,True,True,21.22900977909201
K28-001,30,79.45825195429516,80.45615080910534,cruise,True,False,True,True,True,20.882502268859383
K28-001,31,80.45615080910534,81.5870021727149,cruise,True,False,True,True,True,20.503682898184167
K28-001,32,81.5870021727149,82.71785353632447,cruise,True,False,True,True,True,20.138754876011262
K28-001,33,82.71785353632447,82.88029174168346,cruise,True,False,True,True,True,20.08742806505026
K28-001,34,82.88029174168346,83.04272994704246,cruise,True,False,True,True,True,20.036368540267915
K28-001,35,83.04272994704246,84.01114310527856,cruise,True,False,True,True,True,19.737385205628357
K28-001,36,84.01114310527856,84.97955626351467,cruise,True,False,True,True,True,19.447343190206695
K28-001,37,84.97955626351467,86.1104076271387,cruise,True,False,True,True,True,19.11936521983536
K28-001,38,86.1104076271387,87.24125899076273,cruise,True,False,True,True,True,18.802290592275597
K28-001,39,87.24125899076273,87.43318289256412,cruise,True,False,True,True,True,18.749514390028992
K28-001,40,87.43318289256412,87.62510679436552,cruise,True,False,True,True,True,18.69703112066219
K28-001,41,87.62510679436552,88.56403425615922,cruise,True,False,True,True,True,18.444400232664634
K28-001,42,88.56403425615922,89.50296171795291,cruise,True,False,True,True,True,18.198384745567097
K28-001,43,89.50296171795291,90.63381308154801,cruise,True,False,True,True,True,17.910428203474282
K28-001,44,90.63381308154801,91.76466444514311,cruise,True,False,True,True,True,17.631118864711112
K28-001,45,91.76466444514311,91.98607404353305,cruise,True,False,True,True,True,17.577404483093275
K28-001,46,91.98607404353305,92.20748364192299,cruise,True,False,True,True,True,17.524000220810322
K28-001,47,92.20748364192299,93.11692540715707,cruise,True,False,True,True,True,17.307825011361956
K28-001,48,93.11692540715707,94.02636717239116,cruise,True,False,True,True,True,17.096606537115576
K28-001,49,94.02636717239116,95.15721853598626,cruise,True,False,True,True,True,16.840566441644455
K28-001,50,95.15721853598626,96.28806989958136,cruise,True,False,True,True,True,16.591494312741602
K28-001,51,96.28806989958136,96.53896519453092,cruise,True,False,True,True,True,16.53714310027786
K28-001,52,96.53896519453092,96.78986048948046,cruise,True,False,True,True,True,16.4831139549012
K28-001,53,96.78986048948046,97.66981655814047,cruise,True,False,True,True,True,16.29611351710429
K28-001,54,97.66981655814047,98.54977262680048,cruise,True,False,True,True,True,16.112881639118598
K28-001,55,98.54977262680048,99.68062399041004,cruise,True,False,True,True,True,15.882712675012456
K28-001,56,99.68062399041004,100.8114753540196,cruise,True,False,True,True,True,15.658251147070914
K28-001,57,100.8114753540196,101.09185634541156,cruise,True,False,True,True,True,15.60345053830369
K28-001,58,101.09185634541156,101.37223733680351,cruise,True,False,True,True,True,15.548980577890234
K28-001,59,101.37223733680351,102.22270770900666,cruise,True,False,True,True,True,15.385742536829184
K28-001,60,102.22270770900666,103.0731780812098,cruise,True,False,True,True,True,15.225409449526182
K28-001,61,103.0731780812098,104.20402944481937,cruise,True,False,True,True,True,15.016550160642126
K28-001,62,104.20402944481937,105.33488080842893,cruise,True,False,True,True,True,14.812437491922495
K28-001,63,105.33488080842893,105.64474749651218,cruise,True,False,True,True,True,14.757309438670447
K28-001,64,105.64474749651218,105.95461418459543,cruise,True,False,True,True,True,14.702518373345498
K28-001,65,105.95461418459543,106.77559886012175,cruise,True,False,True,True,True,14.558950453029212
K28-001,66,106.77559886012175,107.59658353564807,cruise,True,False,True,True,True,14.41764914830648
K28-001,67,107.59658353564807,108.72743489924316,cruise,True,False,True,True,True,14.226602003874746
K28-001,68,108.72743489924316,109.85828626283826,cruise,True,False,True,True,True,14.039556753929801
K28-001,69,109.85828626283826,110.19763864737837,cruise,True,False,True,True,True,13.984183661395917
K28-001,70,110.19763864737837,110.53699103191848,cruise,True,False,True,True,True,13.929152355340932
K28-001,71,110.53699103191848,111.3284900110024,cruise,True,False,True,True,True,13.802103882498244
K28-001,72,111.3284900110024,112.11998899008631,cruise,True,False,True,True,True,13.676842393762044
K28-001,73,112.11998899008631,113.25084035368141,cruise,True,False,True,True,True,13.500880562887545
K28-001,74,113.25084035368141,114.38169171727651,cruise,True,False,True,True,True,13.328333936512834
K28-001,75,114.38169171727651,114.75052979825901,cruise,True,False,True,True,True,13.272773297955155
K28-001,76,114.75052979825901,115.11936787924151,cruise,True,False,True,True,True,13.21755815461384
K28-001,77,115.11936787924151,115.8813811618541,cruise,True,False,True,True,True,13.104560997678448
K28-001,78,115.8813811618541,116.6433944444667,cruise,True,False,True,True,True,12.992984970038847
K28-001,79,116.6433944444667,117.77424580809071,cruise,True,False,True,True,True,12.829948463734937
K28-001,80,117.77424580809071,118.90509717171474,cruise,True,False,True,True,True,12.669857944683173
K28-001,81,118.90509717171474,119.30342094937409,cruise,True,False,True,True,True,12.614150982818572
K28-001,82,119.30342094937409,119.70174472703341,cruise,True,False,True,True,True,12.558792435012137
K28-001,83,119.70174472703341,120.43427231296917,cruise,True,False,True,True,True,12.457882060165971
K28-001,84,120.43427231296917,121.16679989890493,cruise,True,False,True,True,True,12.358109957832255
K28-001,85,121.16679989890493,122.29765126251449,cruise,True,False,True,True,True,12.206262576469044
K28-001,86,122.29765126251449,123.42850262612406,cruise,True,False,True,True,True,12.056980718236147
K28-001,87,123.42850262612406,123.85631210024025,cruise,True,False,True,True,True,12.001157693061387
K28-001,88,123.85631210024025,124.28412157435645,cruise,True,False,True,True,True,11.9456854155912
K28-001,89,124.28412157435645,124.98716346384981,cruise,True,False,True,True,True,11.855275382864676
K28-001,90,124.98716346384981,125.69020535334317,cruise,True,False,True,True,True,11.765782315389544
K28-001,91,125.69020535334317,126.82105671693827,cruise,True,False,True,True,True,11.62370982204375
K28-001,92,126.82105671693827,127.95190808053337,cruise,True,False,True,True,True,11.483890488361212
K28-001,93,127.95190808053337,128.40920325110645,cruise,True,False,True,True,True,11.427974070782057
K28-001,94,128.40920325110645,128.86649842167952,cruise,True,False,True,True,True,11.372410292660007
K28-001,95,128.86649842167952,129.54005461473048,cruise,True,False,True,True,True,11.29120271907074
K28-001,96,129.54005461473048,130.21361080778144,cruise,True,False,True,True,True,11.210737144983128
K28-001,97,130.21361080778144,131.34446217137653,cruise,True,False,True,True,True,11.077273632478907
K28-001,98,131.34446217137653,132.47531353497163,cruise,True,False,True,True,True,10.945803927899007
K28-001,99,132.47531353497163,132.96209440222154,cruise,True,False,True,True,True,10.889811409404501
K28-001,100,132.96209440222154,133.44887526947142,cruise,True,False,True,True,True,10.834173082770775
K28-001,101,133.44887526947142,134.09294576581664,cruise,True,False,True,True,True,10.761093665901456
K28-001,102,134.09294576581664,134.73701626216186,cruise,True,False,True,True,True,10.688616660017743
K28-001,103,134.73701626216186,135.86786762578586,cruise,True,False,True,True,True,10.56279045957558
K28-001,104,135.86786762578586,136.9987189894099,cruise,True,False,True,True,True,10.438740531972655
K28-001,105,136.9987189894099,137.51498555310218,cruise,True,False,True,True,True,10.382685310772032
K28-001,106,137.51498555310218,138.03125211679446,cruise,True,False,True,True,True,10.3269855692578
K28-001,107,138.03125211679446,138.64583691669728,cruise,True,False,True,True,True,10.261135658176755
K28-001,108,138.64583691669728,139.2604217166001,cruise,True,False,True,True,True,10.195775917791735
K28-001,109,139.2604217166001,140.39127308020966,cruise,True,False,True,True,True,10.07676925775398
K28-001,110,140.39127308020966,141.52212444381922,cruise,True,False,True,True,True,9.95935472447583
K28-001,111,141.52212444381922,142.06787670396835,cruise,True,False,True,True,True,9.903247328419639
K28-001,112,142.06787670396835,142.6136289641175,cruise,True,False,True,True,True,9.847496490746607
K28-001,113,142.6136289641175,143.19872806757792,cruise,True,False,True,True,True,9.788117187144152
K28-001,114,143.19872806757792,143.78382717103833,cruise,True,False,True,True,True,9.729137197034063
K28-001,115,143.78382717103833,144.91467853463342,cruise,True,False,True,True,True,9.616255685828108
K28-001,116,144.91467853463342,146.04552989822852,cruise,True,False,True,True,True,9.504809113291259
K28-001,117,146.04552989822852,146.62076785506898,cruise,True,False,True,True,True,9.448657918867141
K28-001,118,146.62076785506898,147.19600581190943,cruise,True,False,True,True,True,9.392864194286815
K28-001,119,147.19600581190943,147.751619218693,cruise,True,False,True,True,True,9.339309079837477
K28-001,120,147.751619218693,148.3072326254766,cruise,True,False,True,True,True,9.286079313661745
K28-001,121,148.3072326254766,149.43808398907169,cruise,True,False,True,True,True,9.17872854699317
K28-001,122,149.43808398907169,150.56893535266678,cruise,True,False,True,True,True,9.072677519364177
K28-001,123,150.56893535266678,151.17365900594962,cruise,True,False,True,True,True,9.016489266706941
K28-001,124,151.17365900594962,151.77838265923245,cruise,True,False,True,True,True,8.960659260095568
K28-001,125,151.77838265923245,152.30451036954472,cruise,True,False,True,True,True,8.912373404147175
K28-001,126,152.30451036954472,152.83063807985695,cruise,True,False,True,True,True,8.86435240027977
K28-001,127,152.83063807985695,153.96148944348096,cruise,True,False,True,True,True,8.76201980829984
K28-001,128,153.96148944348096,155.092340807105,cruise,True,False,True,True,True,8.660869859043032
K28-001,129,155.092340807105,155.72655015683023,cruise,True,False,True,True,True,8.604650026812777
K28-001,130,155.72655015683023,156.36075950655547,cruise,True,False,True,True,True,8.54878910638675
K28-001,131,156.36075950655547,156.85740152042533,cruise,True,False,True,True,True,8.50529271162496
K28-001,132,156.85740152042533,157.3540435342952,cruise,True,False,True,True,True,8.462011503492988
K28-001,133,157.3540435342952,158.48489489789029,cruise,True,False,True,True,True,8.364252103631344
K28-001,134,158.48489489789029,159.61574626148538,cruise,True,False,True,True,True,8.267573283218312
K28-001,135,159.61574626148538,160.2794413079164,cruise,True,False,True,True,True,8.211326365852585
K28-001,136,160.2794413079164,160.9431363543474,cruise,True,False,True,True,True,8.155438934994578
K28-001,137,160.9431363543474,161.41029267154042,cruise,True,False,True,True,True,8.116314453696333
K28-001,138,161.41029267154042,161.87744898873345,cruise,True,False,True,True,True,8.077364269783828
K28-001,139,161.87744898873345,163.00830035232855,cruise,True,False,True,True,True,7.983789367064674
K28-001,140,163.00830035232855,164.13915171592362,cruise,True,False,True,True,True,7.891205563055024
K28-001,141,164.13915171592362,164.83233245879703,cruise,True,False,True,True,True,7.834935278653376
K28-001,142,164.83233245879703,165.52551320167044,cruise,True,False,True,True,True,7.779024979816583
K28-001,143,165.52551320167044,165.9631838224066,cruise,True,False,True,True,True,7.743906859448003
K28-001,144,165.9631838224066,166.40085444314278,cruise,True,False,True,True,True,7.708929308200069
K28-001,145,166.40085444314278,167.53170580675234,cruise,True,False,True,True,True,7.619197446144241
K28-001,146,167.53170580675234,168.66255717036188,cruise,True,False,True,True,True,7.530377810532315
K28-001,147,168.66255717036188,169.3852236096777,cruise,True,False,True,True,True,7.474087258545808
K28-001,148,169.3852236096777,170.1078900489935,cruise,True,False,True,True,True,7.418157127847778
K28-001,149,170.1078900489935,170.51607497327282,cruise,True,False,True,True,True,7.386723571827034
K28-001,150,170.51607497327282,170.92425989755213,cruise,True,False,True,True,True,7.355402736679423
K28-001,151,170.92425989755213,172.05511126117614,cruise,True,False,True,True,True,7.26921238504093
K28-001,152,172.05511126117614,173.18596262480017,cruise,True,False,True,True,True,7.183864392230063
K28-001,153,173.18596262480017,173.9381147607928,cruise,True,False,True,True,True,7.127556174624345
K28-001,154,173.9381147607928,174.69026689678543,cruise,True,False,True,True,True,7.07160876064367
K28-001,155,174.69026689678543,175.0689661243879,cruise,True,False,True,True,True,7.04357504975053
K28-001,156,175.0689661243879,175.4476653519904,cruise,True,False,True,True,True,7.0156310674184965
K28-001,157,175.4476653519904,176.5785167155855,cruise,True,False,True,True,True,6.932714664058366
K28-001,158,176.5785167155855,177.7093680791806,cruise,True,False,True,True,True,6.850578443140037
K28-001,159,177.7093680791806,178.49100591164455,cruise,True,False,True,True,True,6.794254758463367
K28-001,160,178.49100591164455,179.2726437441085,cruise,True,False,True,True,True,6.738292214443064
K28-001,161,179.2726437441085,179.62185727526858,cruise,True,False,True,True,True,6.713405249052073
K28-001,162,179.62185727526858,179.97107080642866,cruise,True,False,True,True,True,6.688589051002452
K28-001,163,179.97107080642866,181.10192217002376,cruise,True,False,True,True,True,6.6087081094205615
K28-001,164,181.10192217002376,182.23277353361885,cruise,True,False,True,True,True,6.52955178151322
K28-001,165,182.23277353361885,183.04389706252522,cruise,True,False,True,True,True,6.47321449856166
K28-001,166,183.04389706252522,183.85502059143158,cruise,True,False,True,True,True,6.4172386546098465
K28-001,167,183.85502059143158,184.17474842613478,cruise,True,False,True,True,True,6.3952724608416815
K28-001,168,184.17474842613478,184.494476260838,cruise,True,False,True,True,True,6.373361435369077
K28-001,169,184.494476260838,185.62532762444758,cruise,True,False,True,True,True,6.296302498228087
K28-001,170,185.62532762444758,186.75617898805712,cruise,True,False,True,True,True,6.219918313511414
K28-001,171,186.75617898805712,187.5967882136403,cruise,True,False,True,True,True,6.163569029551141
K28-001,172,187.5967882136403,188.4373974392235,cruise,True,False,True,True,True,6.107581449754292
K28-001,173,188.4373974392235,188.72763957723544,cruise,True,False,True,True,True,6.088333453087387
K28-001,174,188.72763957723544,189.01788171524737,cruise,True,False,True,True,True,6.069127841894385
K28-001,175,189.01788171524737,190.14873307887137,cruise,True,False,True,True,True,5.994699111698651
K28-001,176,190.14873307887137,191.2795844424954,cruise,True,False,True,True,True,5.920900227642662
K28-001,177,191.2795844424954,192.14967936452098,cruise,True,False,True,True,True,5.864540314966462
K28-001,178,192.14967936452098,193.01977428654655,cruise,True,False,True,True,True,5.808542342985945
K28-001,179,193.01977428654655,193.28053072811608,cruise,True,False,True,True,True,5.79183025786763
K28-001,180,193.28053072811608,193.5412871696856,cruise,True,False,True,True,True,5.775150143398307
K28-001,181,193.5412871696856,194.6721385332807,cruise,True,False,True,True,True,5.703178659389181
K28-001,182,194.6721385332807,195.8029898968758,cruise,True,False,True,True,True,5.631796437193202
K28-001,183,195.8029898968758,196.7025705154899,cruise,True,False,True,True,True,5.575427080396878
K28-001,184,196.7025705154899,197.60215113410402,cruise,True,False,True,True,True,5.519419876002715
K28-001,185,197.60215113410402,197.8334218791139,cruise,True,False,True,True,True,5.505079093837466
K28-001,186,197.8334218791139,198.0646926241238,cruise,True,False,True,True,True,5.490761865444
K28-001,187,198.0646926241238,199.1955439877189,cruise,True,False,True,True,True,5.4210911241073205
K28-001,188,199.1955439877189,200.326395351314,cruise,True,False,True,True,True,5.351972846846579
K28-001,189,200.326395351314,201.25546166648775,cruise,True,False,True,True,True,5.295595073093054
K28-001,190,201.25546166648775,202.1845279816615,cruise,True,False,True,True,True,5.239579641843292
K28-001,191,202.1845279816615,202.38631303008287,cruise,True,False,True,True,True,5.2274610246403626
K28-001,192,202.38631303008287,202.58809807850423,cruise,True,False,True,True,True,5.215359235268721
K28-001,193,202.58809807850423,203.71894944212826,cruise,True,False,True,True,True,5.147847173786133
K28-001,194,203.71894944212826,204.84980080575227,cruise,True,False,True,True,True,5.080854109935984
K28-001,195,204.84980080575227,205.8083528173684,cruise,True,False,True,True,True,5.024468813612003
K28-001,196,205.8083528173684,206.7669048289845,cruise,True,False,True,True,True,4.968446030987721
K28-001,197,206.7669048289845,206.9392041809635,cruise,True,False,True,True,True,4.95841403772657
K28-001,198,206.9392041809635,207.11150353294246,cruise,True,False,True,True,True,4.9483935813444475
K28-001,199,207.11150353294246,208.242354896552,cruise,True,False,True,True,True,4.882910859692117
K28-001,200,208.242354896552,209.37320626016157,cruise,True,False,True,True,True,4.817916611453896
K28-001,201,209.37320626016157,210.3612439683518,cruise,True,False,True,True,True,4.7615245743285755
K28-001,202,210.3612439683518,211.349281676542,cruise,True,False,True,True,True,4.705495205532571
K28-001,203,211.349281676542,211.49209533196134,cruise,True,False,True,True,True,4.697426293003019
K28-001,204,211.49209533196134,211.63490898738067,cruise,True,False,True,True,True,4.6893648470628335
K28-001,205,211.63490898738067,212.76576035097577,cruise,True,False,True,True,True,4.625793377379466
K28-001,206,212.76576035097577,213.89661171457087,cruise,True,False,True,True,True,4.562682465062167
K28-001,207,213.89661171457087,214.91413511933513,cruise,True,False,True,True,True,4.506284373021401
K28-001,208,214.91413511933513,215.93165852409942,cruise,True,False,True,True,True,4.4502490893138145
K28-001,209,215.93165852409942,216.04498648295913,cruise,True,False,True,True,True,4.444030340633134
K28-001,210,216.04498648295913,216.15831444181887,cruise,True,False,True,True,True,4.4378160286904915
K28-001,211,216.15831444181887,217.28916580541397,cruise,True,False,True,True,True,4.376047710546757
K28-001,212,217.28916580541397,218.42001716900907,cruise,True,False,True,True,True,4.3147143538152335
K28-001,213,218.42001716900907,219.46702627021577,cruise,True,False,True,True,True,4.25831081067922
K28-001,214,219.46702627021577,220.51403537142244,cruise,True,False,True,True,True,4.202270202965863
K28-001,215,220.51403537142244,220.59787763381084,cruise,True,False,True,True,True,4.1977981460760105
K28-001,216,220.59787763381084,220.68171989619924,cruise,True,False,True,True,True,4.193328384419587
K28-001,217,220.68171989619924,221.81257125982327,cruise,True,False,True,True,True,4.133264012454703
K28-001,218,221.81257125982327,222.94342262344728,cruise,True,False,True,True,True,4.073611076544012
K28-001,219,222.94342262344728,224.0199174212136,cruise,True,False,True,True,True,4.017202615593618
K28-001,220,224.0199174212136,225.0964122189799,cruise,True,False,True,True,True,3.9611572056955424
K28-001,221,225.0964122189799,225.15076878480872,cruise,True,False,True,True,True,3.9583367912541547
K28-001,222,225.15076878480872,225.20512535063753,cruise,True,False,True,True,True,3.9555172900440994
K28-001,223,225.20512535063753,226.33597671424707,cruise,True,False,True,True,True,3.8970656065666986
K28-001,224,226.33597671424707,227.46682807785663,cruise,True,False,True,True,True,3.8390036874677236
K28-001,225,227.46682807785663,228.572808572197,cruise,True,False,True,True,True,3.7825907811418062
K28-001,226,228.572808572197,229.67878906653738,cruise,True,False,True,True,True,3.7265410313084715
K28-001,227,229.67878906653738,229.70365993580657,cruise,True,False,True,True,True,3.725284744815866
K28-001,228,229.70365993580657,229.72853080507574,cruise,True,False,True,True,True,3.7240286395745557
K28-001,229,229.72853080507574,230.85938216867083,cruise,True,False,True,True,True,3.6671055097104954
K28-001,230,230.85938216867083,231.99023353226593,cruise,True,False,True,True,True,3.6105521369392193
K28-001,231,231.99023353226593,233.12108489588994,cruise,True,False,True,True,True,3.554363759581861
K28-001,232,233.12108489588994,234.25193625951394,cruise,True,False,True,True,True,3.4985357071706176
K28-001,233,234.25193625951394,234.25655108668715,cruise,True,False,True,True,True,3.498308613552993
K28-001,234,234.25655108668715,234.2611659138604,cruise,True,False,True,True,True,3.4980815258580975
K28-001,235,234.2611659138604,235.38740245028228,cruise,True,False,True,True,True,3.4428377469431837
K28-001,236,235.38740245028228,236.51363898670417,cruise,True,False,True,True,True,3.387942337383919
K28-001,237,236.51363898670417,237.64449035029924,cruise,True,False,True,True,True,3.333168114544094
K28-001,238,237.64449035029924,238.77534171389433,cruise,True,False,True,True,True,3.2787364014386355
K28-001,239,238.77534171389433,238.8094422376561,cruise,True,False,True,True,True,3.2771003025487886
K28-001,240,238.8094422376561,238.84354276141784,cruise,True,False,True,True,True,3.2754645111181446
K28-001,241,238.84354276141784,239.9402936012801,cruise,True,False,True,True,True,3.2230169864462965
K28-001,242,239.9402936012801,241.03704444114237,cruise,True,False,True,True,True,3.1708835916653015
K28-001,243,241.03704444114237,242.16789580473747,cruise,True,False,True,True,True,3.1174542326031798
K28-001,244,242.16789580473747,243.29874716833257,cruise,True,False,True,True,True,3.0643508547431964
K28-001,245,243.29874716833257,243.36233338865392,cruise,True,False,True,True,True,3.0613745240876824
K28-001,246,243.36233338865392,243.4259196089753,cruise,True,False,True,True,True,3.058399210884474
K28-001,247,243.4259196089753,244.4931847522635,cruise,True,False,True,True,True,3.0086111737691112
K28-001,248,244.4931847522635,245.56044989555167,cruise,True,False,True,True,True,2.959106331416365
K28-001,249,245.56044989555167,246.69130125916124,cruise,True,False,True,True,True,2.9069575063059574
K28-001,250,246.69130125916124,247.82215262277077,cruise,True,False,True,True,True,2.855119299766372
K28-001,251,247.82215262277077,247.91522453953456,cruise,True,False,True,True,True,2.850866605153101
K28-001,252,247.91522453953456,248.00829645629832,cruise,True,False,True,True,True,2.8466159876492156
K28-001,253,248.00829645629832,249.04607590312966,cruise,True,False,True,True,True,2.7993604469304216
K28-001,254,249.04607590312966,250.083855349961,cruise,True,False,True,True,True,2.752360121831913
K28-001,255,250.083855349961,251.21470671357056,cruise,True,False,True,True,True,2.7014320001001266
K28-001,256,251.21470671357056,252.34555807718013,cruise,True,False,True,True,True,2.6508001932967034
K28-001,257,252.34555807718013,252.46811569051795,cruise,True,False,True,True,True,2.645330551693789
K28-001,258,252.46811569051795,252.5906733038558,cruise,True,False,True,True,True,2.6398643458865365
K28-001,259,252.5906733038558,253.5989670541275,cruise,True,False,True,True,True,2.595023177695751
K28-001,260,253.5989670541275,254.60726080439923,cruise,True,False,True,True,True,2.5504118960570707
K28-001,261,254.60726080439923,255.7381121679943,cruise,True,False,True,True,True,2.500648737128344
K28-001,262,255.7381121679943,256.86896353158943,cruise,True,False,True,True,True,2.4511685535075856
K28-001,263,256.86896353158943,257.02100684150133,cruise,True,False,True,True,True,2.444537334515587
K28-001,264,257.02100684150133,257.17305015141324,cruise,True,False,True,True,True,2.4379111653175016
K28-001,265,257.17305015141324,258.15185820512534,cruise,True,False,True,True,True,2.3953743077373133
K28-001,266,258.15185820512534,259.13066625883744,cruise,True,False,True,True,True,2.353044388274782
K28-001,267,259.13066625883744,260.26151762243256,cruise,True,False,True,True,True,2.3043941777493018
K28-001,268,260.26151762243256,261.3923689860277,cruise,True,False,True,True,True,2.2560144823417545
K28-001,269,261.3923689860277,261.573897992382,cruise,True,False,True,True,True,2.24827336699974
K28-001,270,261.573897992382,261.7554269987363,cruise,True,False,True,True,True,2.240539132996787
K28-001,271,261.7554269987363,262.0643708458029,cruise,True,False,True,True,True,2.2273920426809326
K28-001,272,262.0643708458029,262.3733146928695,cruise,True,False,True,True,True,2.21426478860225
K28-001,273,262.3733146928695,306.9016197465804,descent,True,False,True,True,True,2.21426478860225
K28-001,274,306.9016197465804,738.9016197465804,handoff,True,False,True,True,True,2.2209209779533126
K28-001,275,738.9016197465804,774.5242637895492,return_climb,True,False,True,True,True,2.21426478860225
K28-001,276,774.5242637895492,774.8332076366158,return_cruise,True,False,True,True,True,2.21426478860225
K28-001,277,774.8332076366158,775.1421514836824,return_cruise,True,False,True,True,True,2.2273920426809326
K28-001,278,775.1421514836824,775.3236804900367,return_cruise,True,False,True,True,True,2.240539132996787
K28-001,279,775.3236804900367,775.505209496391,return_cruise,True,False,True,True,True,2.24827336699974
K28-001,280,775.505209496391,776.6360608599861,return_cruise,True,False,True,True,True,2.2560144823417545
K28-001,281,776.6360608599861,777.7669122235811,return_cruise,True,False,True,True,True,2.3043941777493018
K28-001,282,777.7669122235811,778.7457202772932,return_cruise,True,False,True,True,True,2.353044388274782
K28-001,283,778.7457202772932,779.7245283310053,return_cruise,True,False,True,True,True,2.3953743077373133
K28-001,284,779.7245283310053,779.8765716409173,return_cruise,True,False,True,True,True,2.4379111653175016
K28-001,285,779.8765716409173,780.0286149508293,return_cruise,True,False,True,True,True,2.444537334515587
K28-001,286,780.0286149508293,781.1594663144243,return_cruise,True,False,True,True,True,2.4511685535075856
K28-001,287,781.1594663144243,782.2903176780194,return_cruise,True,False,True,True,True,2.500648737128344
K28-001,288,782.2903176780194,783.2986114282911,return_cruise,True,False,True,True,True,2.5504118960570707
K28-001,289,783.2986114282911,784.3069051785628,return_cruise,True,False,True,True,True,2.595023177695751
K28-001,290,784.3069051785628,784.4294627919007,return_cruise,True,False,True,True,True,2.6398643458865365
K28-001,291,784.4294627919007,784.5520204052385,return_cruise,True,False,True,True,True,2.645330551693789
K28-001,292,784.5520204052385,785.6828717688481,return_cruise,True,False,True,True,True,2.6508001932967034
K28-001,293,785.6828717688481,786.8137231324578,return_cruise,True,False,True,True,True,2.7014320001013914
K28-001,294,786.8137231324578,787.8515025792891,return_cruise,True,False,True,True,True,2.752360121831913
K28-001,295,787.8515025792891,788.8892820261204,return_cruise,True,False,True,True,True,2.7993604469304216
K28-001,296,788.8892820261204,788.9823539428842,return_cruise,True,False,True,True,True,2.8466159876492156
K28-001,297,788.9823539428842,789.0754258596479,return_cruise,True,False,True,True,True,2.850866605153101
K28-001,298,789.0754258596479,790.2062772232574,return_cruise,True,False,True,True,True,2.855119299766372
K28-001,299,790.2062772232574,791.337128586867,return_cruise,True,False,True,True,True,2.906957506304664
K28-001,300,791.337128586867,792.4043937301552,return_cruise,True,False,True,True,True,2.959106331416365
K28-001,301,792.4043937301552,793.4716588734434,return_cruise,True,False,True,True,True,3.0086111737691112
K28-001,302,793.4716588734434,793.5352450937647,return_cruise,True,False,True,True,True,3.058399210884474
K28-001,303,793.5352450937647,793.598831314086,return_cruise,True,False,True,True,True,3.0613745240876824
K28-001,304,793.598831314086,794.7296826776811,return_cruise,True,False,True,True,True,3.0643508547431964
K28-001,305,794.7296826776811,795.8605340412762,return_cruise,True,False,True,True,True,3.1174542326031798
K28-001,306,795.8605340412762,796.9572848811384,return_cruise,True,False,True,True,True,3.1708835916653015
K28-001,307,796.9572848811384,798.0540357210007,return_cruise,True,False,True,True,True,3.2230169864462965
K28-001,308,798.0540357210007,798.0881362447624,return_cruise,True,False,True,True,True,3.2754645111181446
K28-001,309,798.0881362447624,798.1222367685242,return_cruise,True,False,True,True,True,3.2771003025487886
K28-001,310,798.1222367685242,799.2530881321193,return_cruise,True,False,True,True,True,3.2787364014386355
K28-001,311,799.2530881321193,800.3839394957143,return_cruise,True,False,True,True,True,3.333168114544094
K28-001,312,800.3839394957143,801.5101760321362,return_cruise,True,False,True,True,True,3.387942337383919
K28-001,313,801.5101760321362,802.6364125685581,return_cruise,True,False,True,True,True,3.4428377469431837
K28-001,314,802.6364125685581,802.6410273957313,return_cruise,True,False,True,True,True,3.4980815258580975
K28-001,315,802.6410273957313,802.6456422229045,return_cruise,True,False,True,True,True,3.498308613552993
K28-001,316,802.6456422229045,803.7764935865285,return_cruise,True,False,True,True,True,3.4985357071706176
K28-001,317,803.7764935865285,804.9073449501526,return_cruise,True,False,True,True,True,3.554363759581861
K28-001,318,804.9073449501526,806.0381963137477,return_cruise,True,False,True,True,True,3.6105521369392193
K28-001,319,806.0381963137477,807.1690476773427,return_cruise,True,False,True,True,True,3.6671055097104954
K28-001,320,807.1690476773427,807.1939185466119,return_cruise,True,False,True,True,True,3.7240286395745557
K28-001,321,807.1939185466119,807.2187894158811,return_cruise,True,False,True,True,True,3.725284744815866
K28-001,322,807.2187894158811,808.3247699102216,return_cruise,True,False,True,True,True,3.7265410313084715
K28-001,323,808.3247699102216,809.430750404562,return_cruise,True,False,True,True,True,3.7825907811418062
K28-001,324,809.430750404562,810.5616017681716,return_cruise,True,False,True,True,True,3.8390036874677236
K28-001,325,810.5616017681716,811.6924531317811,return_cruise,True,False,True,True,True,3.8970656065681624
K28-001,326,811.6924531317811,811.7468096976099,return_cruise,True,False,True,True,True,3.9555172900440994
K28-001,327,811.7468096976099,811.8011662634387,return_cruise,True,False,True,True,True,3.9583367912541547
K28-001,328,811.8011662634387,812.877661061205,return_cruise,True,False,True,True,True,3.9611572056955424
K28-001,329,812.877661061205,813.9541558589713,return_cruise,True,False,True,True,True,4.017202615593618
K28-001,330,813.9541558589713,815.0850072225953,return_cruise,True,False,True,True,True,4.073611076544012
K28-001,331,815.0850072225953,816.2158585862194,return_cruise,True,False,True,True,True,4.133264012454703
K28-001,332,816.2158585862194,816.2997008486078,return_cruise,True,False,True,True,True,4.193328384419587
K28-001,333,816.2997008486078,816.3835431109962,return_cruise,True,False,True,True,True,4.1977981460760105
K28-001,334,816.3835431109962,817.4305522122029,return_cruise,True,False,True,True,True,4.202270202965863
K28-001,335,817.4305522122029,818.4775613134096,return_cruise,True,False,True,True,True,4.25831081067922
K28-001,336,818.4775613134096,819.6084126770047,return_cruise,True,False,True,True,True,4.3147143538152335
K28-001,337,819.6084126770047,820.7392640405998,return_cruise,True,False,True,True,True,4.376047710546757
K28-001,338,820.7392640405998,820.8525919994595,return_cruise,True,False,True,True,True,4.4378160286904915
K28-001,339,820.8525919994595,820.9659199583192,return_cruise,True,False,True,True,True,4.444030340633134
K28-001,340,820.9659199583192,821.9834433630836,return_cruise,True,False,True,True,True,4.4502490893138145
K28-001,341,821.9834433630836,823.0009667678478,return_cruise,True,False,True,True,True,4.506284373021401
K28-001,342,823.0009667678478,824.1318181314429,return_cruise,True,False,True,True,True,4.562682465062167
K28-001,343,824.1318181314429,825.2626694950379,return_cruise,True,False,True,True,True,4.625793377379466
K28-001,344,825.2626694950379,825.4054831504573,return_cruise,True,False,True,True,True,4.6893648470628335
K28-001,345,825.4054831504573,825.5482968058766,return_cruise,True,False,True,True,True,4.697426293003019
K28-001,346,825.5482968058766,826.5363345140668,return_cruise,True,False,True,True,True,4.705495205532571
K28-001,347,826.5363345140668,827.5243722222569,return_cruise,True,False,True,True,True,4.7615245743285755
K28-001,348,827.5243722222569,828.6552235858666,return_cruise,True,False,True,True,True,4.817916611453896
K28-001,349,828.6552235858666,829.7860749494761,return_cruise,True,False,True,True,True,4.882910859692117
K28-001,350,829.7860749494761,829.958374301455,return_cruise,True,False,True,True,True,4.9483935813444475
K28-001,351,829.958374301455,830.130673653434,return_cruise,True,False,True,True,True,4.95841403772657
K28-001,352,830.130673653434,831.0892256650501,return_cruise,True,False,True,True,True,4.968446030987721
K28-001,353,831.0892256650501,832.0477776766662,return_cruise,True,False,True,True,True,5.024468813612003
K28-001,354,832.0477776766662,833.1786290402903,return_cruise,True,False,True,True,True,5.080854109935984
K28-001,355,833.1786290402903,834.3094804039143,return_cruise,True,False,True,True,True,5.147847173786133
K28-001,356,834.3094804039143,834.5112654523357,return_cruise,True,False,True,True,True,5.215359235268721
K28-001,357,834.5112654523357,834.713050500757,return_cruise,True,False,True,True,True,5.2274610246403626
K28-001,358,834.713050500757,835.6421168159308,return_cruise,True,False,True,True,True,5.239579641843292
K28-001,359,835.6421168159308,836.5711831311045,return_cruise,True,False,True,True,True,5.295595073093054
K28-001,360,836.5711831311045,837.7020344946995,return_cruise,True,False,True,True,True,5.351972846846579
K28-001,361,837.7020344946995,838.8328858582946,return_cruise,True,False,True,True,True,5.4210911241073205
K28-001,362,838.8328858582946,839.0641566033046,return_cruise,True,False,True,True,True,5.490761865444
K28-001,363,839.0641566033046,839.2954273483144,return_cruise,True,False,True,True,True,5.505079093837466
K28-001,364,839.2954273483144,840.1950079669285,return_cruise,True,False,True,True,True,5.519419876002715
K28-001,365,840.1950079669285,841.0945885855426,return_cruise,True,False,True,True,True,5.575427080396878
K28-001,366,841.0945885855426,842.2254399491377,return_cruise,True,False,True,True,True,5.631796437193202
K28-001,367,842.2254399491377,843.3562913127328,return_cruise,True,False,True,True,True,5.703178659389181
K28-001,368,843.3562913127328,843.6170477543022,return_cruise,True,False,True,True,True,5.775150143398307
K28-001,369,843.6170477543022,843.8778041958717,return_cruise,True,False,True,True,True,5.79183025786763
K28-001,370,843.8778041958717,844.7478991178973,return_cruise,True,False,True,True,True,5.808542342985945
K28-001,371,844.7478991178973,845.6179940399229,return_cruise,True,False,True,True,True,5.864540314966462
K28-001,372,845.6179940399229,846.748845403547,return_cruise,True,False,True,True,True,5.920900227642662
K28-001,373,846.748845403547,847.879696767171,return_cruise,True,False,True,True,True,5.994699111698651
K28-001,374,847.879696767171,848.1699389051829,return_cruise,True,False,True,True,True,6.069127841894385
K28-001,375,848.1699389051829,848.4601810431948,return_cruise,True,False,True,True,True,6.088333453087387
K28-001,376,848.4601810431948,849.300790268778,return_cruise,True,False,True,True,True,6.107581449754292
K28-001,377,849.300790268778,850.1413994943612,return_cruise,True,False,True,True,True,6.163569029551141
K28-001,378,850.1413994943612,851.2722508579707,return_cruise,True,False,True,True,True,6.219918313511414
K28-001,379,851.2722508579707,852.4031022215803,return_cruise,True,False,True,True,True,6.296302498228087
K28-001,380,852.4031022215803,852.7228300562836,return_cruise,True,False,True,True,True,6.373361435369077
K28-001,381,852.7228300562836,853.0425578909867,return_cruise,True,False,True,True,True,6.3952724608416815
K28-001,382,853.0425578909867,853.8536814198931,return_cruise,True,False,True,True,True,6.4172386546098465
K28-001,383,853.8536814198931,854.6648049487994,return_cruise,True,False,True,True,True,6.47321449856166
K28-001,384,854.6648049487994,855.7956563123945,return_cruise,True,False,True,True,True,6.52955178151322
K28-001,385,855.7956563123945,856.9265076759896,return_cruise,True,False,True,True,True,6.6087081094205615
K28-001,386,856.9265076759896,857.2757212071497,return_cruise,True,False,True,True,True,6.688589051002452
K28-001,387,857.2757212071497,857.6249347383098,return_cruise,True,False,True,True,True,6.713405249052073
K28-001,388,857.6249347383098,858.4065725707737,return_cruise,True,False,True,True,True,6.738292214443064
K28-001,389,858.4065725707737,859.1882104032377,return_cruise,True,False,True,True,True,6.794254758463367
K28-001,390,859.1882104032377,860.3190617668328,return_cruise,True,False,True,True,True,6.850578443140037
K28-001,391,860.3190617668328,861.4499131304278,return_cruise,True,False,True,True,True,6.932714664058366
K28-001,392,861.4499131304278,861.8286123580303,return_cruise,True,False,True,True,True,7.0156310674184965
K28-001,393,861.8286123580303,862.2073115856329,return_cruise,True,False,True,True,True,7.04357504975053
K28-001,394,862.2073115856329,862.9594637216254,return_cruise,True,False,True,True,True,7.07160876064367
K28-001,395,862.9594637216254,863.7116158576181,return_cruise,True,False,True,True,True,7.127556174624345
K28-001,396,863.7116158576181,864.8424672212421,return_cruise,True,False,True,True,True,7.183864392230063
K28-001,397,864.8424672212421,865.9733185848662,return_cruise,True,False,True,True,True,7.26921238504093
K28-001,398,865.9733185848662,866.3815035091455,return_cruise,True,False,True,True,True,7.355402736679423
K28-001,399,866.3815035091455,866.7896884334249,return_cruise,True,False,True,True,True,7.386723571827034
K28-001,400,866.7896884334249,867.5123548727407,return_cruise,True,False,True,True,True,7.418157127847778
K28-001,401,867.5123548727407,868.2350213120566,return_cruise,True,False,True,True,True,7.474087258545808
K28-001,402,868.2350213120566,869.3658726756661,return_cruise,True,False,True,True,True,7.530377810532315
K28-001,403,869.3658726756661,870.4967240392757,return_cruise,True,False,True,True,True,7.619197446144241
K28-001,404,870.4967240392757,870.9343946600119,return_cruise,True,False,True,True,True,7.708929308200069
K28-001,405,870.9343946600119,871.3720652807481,return_cruise,True,False,True,True,True,7.743906859448003
K28-001,406,871.3720652807481,872.0652460236215,return_cruise,True,False,True,True,True,7.779024979816583
K28-001,407,872.0652460236215,872.758426766495,return_cruise,True,False,True,True,True,7.834935278653376
K28-001,408,872.758426766495,873.88927813009,return_cruise,True,False,True,True,True,7.891205563055024
K28-001,409,873.88927813009,875.0201294936851,return_cruise,True,False,True,True,True,7.983789367064674
K28-001,410,875.0201294936851,875.4872858108781,return_cruise,True,False,True,True,True,8.077364269783828
K28-001,411,875.4872858108781,875.9544421280712,return_cruise,True,False,True,True,True,8.116314453696333
K28-001,412,875.9544421280712,876.6181371745022,return_cruise,True,False,True,True,True,8.155438934994578
K28-001,413,876.6181371745022,877.2818322209332,return_cruise,True,False,True,True,True,8.211326365852585
K28-001,414,877.2818322209332,878.4126835845283,return_cruise,True,False,True,True,True,8.267573283218312
K28-001,415,878.4126835845283,879.5435349481234,return_cruise,True,False,True,True,True,8.364252103631344
K28-001,416,879.5435349481234,880.0401769619932,return_cruise,True,False,True,True,True,8.462011503492988
K28-001,417,880.0401769619932,880.5368189758631,return_cruise,True,False,True,True,True,8.50529271162496
K28-001,418,880.5368189758631,881.1710283255883,return_cruise,True,False,True,True,True,8.54878910638675
K28-001,419,881.1710283255883,881.8052376753135,return_cruise,True,False,True,True,True,8.604650026812777
K28-001,420,881.8052376753135,882.9360890389376,return_cruise,True,False,True,True,True,8.660869859043032
K28-001,421,882.9360890389376,884.0669404025616,return_cruise,True,False,True,True,True,8.76201980829984
K28-001,422,884.0669404025616,884.5930681128739,return_cruise,True,False,True,True,True,8.86435240027977
K28-001,423,884.5930681128739,885.1191958231861,return_cruise,True,False,True,True,True,8.912373404147175
K28-001,424,885.1191958231861,885.723919476469,return_cruise,True,False,True,True,True,8.960659260095568
K28-001,425,885.723919476469,886.3286431297518,return_cruise,True,False,True,True,True,9.016489266706941
K28-001,426,886.3286431297518,887.4594944933468,return_cruise,True,False,True,True,True,9.072677519364177
K28-001,427,887.4594944933468,888.5903458569419,return_cruise,True,False,True,True,True,9.17872854699317
K28-001,428,888.5903458569419,889.1459592637254,return_cruise,True,False,True,True,True,9.286079313661745
K28-001,429,889.1459592637254,889.701572670509,return_cruise,True,False,True,True,True,9.339309079837477
K28-001,430,889.701572670509,890.2768106273494,return_cruise,True,False,True,True,True,9.392864194286815
K28-001,431,890.2768106273494,890.8520485841898,return_cruise,True,False,True,True,True,9.448657918867141
K28-001,432,890.8520485841898,891.9828999477849,return_cruise,True,False,True,True,True,9.504809113291259
K28-001,433,891.9828999477849,893.1137513113799,return_cruise,True,False,True,True,True,9.616255685828108
K28-001,434,893.1137513113799,893.6988504148403,return_cruise,True,False,True,True,True,9.729137197034063
K28-001,435,893.6988504148403,894.2839495183007,return_cruise,True,False,True,True,True,9.788117187144152
K28-001,436,894.2839495183007,894.8297017784498,return_cruise,True,False,True,True,True,9.847496490746607
K28-001,437,894.8297017784498,895.375454038599,return_cruise,True,False,True,True,True,9.903247328419639
K28-001,438,895.375454038599,896.5063054022086,return_cruise,True,False,True,True,True,9.95935472447583
K28-001,439,896.5063054022086,897.6371567658182,return_cruise,True,False,True,True,True,10.07676925775398
K28-001,440,897.6371567658182,898.251741565721,return_cruise,True,False,True,True,True,10.195775917791735
K28-001,441,898.251741565721,898.8663263656238,return_cruise,True,False,True,True,True,10.261135658176755
K28-001,442,898.8663263656238,899.382592929316,return_cruise,True,False,True,True,True,10.3269855692578
K28-001,443,899.382592929316,899.8988594930083,return_cruise,True,False,True,True,True,10.382685310772032
K28-001,444,899.8988594930083,901.0297108566324,return_cruise,True,False,True,True,True,10.438740531972655
K28-001,445,901.0297108566324,902.1605622202565,return_cruise,True,False,True,True,True,10.56279045957558
K28-001,446,902.1605622202565,902.8046327166016,return_cruise,True,False,True,True,True,10.688616660017743
K28-001,447,902.8046327166016,903.4487032129468,return_cruise,True,False,True,True,True,10.761093665901456
K28-001,448,903.4487032129468,903.9354840801967,return_cruise,True,False,True,True,True,10.834173082770775
K28-001,449,903.9354840801967,904.4222649474466,return_cruise,True,False,True,True,True,10.889811409404501
K28-001,450,904.4222649474466,905.5531163110417,return_cruise,True,False,True,True,True,10.945803927899007
K28-001,451,905.5531163110417,906.6839676746367,return_cruise,True,False,True,True,True,11.077273632478907
K28-001,452,906.6839676746367,907.3575238676877,return_cruise,True,False,True,True,True,11.210737144983128
K28-001,453,907.3575238676877,908.0310800607388,return_cruise,True,False,True,True,True,11.29120271907074
K28-001,454,908.0310800607388,908.4883752313118,return_cruise,True,False,True,True,True,11.372410292660007
K28-001,455,908.4883752313118,908.9456704018849,return_cruise,True,False,True,True,True,11.427974070782057
K28-001,456,908.9456704018849,910.0765217654799,return_cruise,True,False,True,True,True,11.483890488361212
K28-001,457,910.0765217654799,911.207373129075,return_cruise,True,False,True,True,True,11.62370982204375
K28-001,458,911.207373129075,911.9104150185683,return_cruise,True,False,True,True,True,11.765782315389544
K28-001,459,911.9104150185683,912.6134569080617,return_cruise,True,False,True,True,True,11.855275382864676
K28-001,460,912.6134569080617,913.0412663821779,return_cruise,True,False,True,True,True,11.9456854155912
K28-001,461,913.0412663821779,913.4690758562941,return_cruise,True,False,True,True,True,12.001157693061387
K28-001,462,913.4690758562941,914.5999272199037,return_cruise,True,False,True,True,True,12.056980718236147
K28-001,463,914.5999272199037,915.7307785835134,return_cruise,True,False,True,True,True,12.206262576469044
K28-001,464,915.7307785835134,916.4633061694492,return_cruise,True,False,True,True,True,12.358109957832255
K28-001,465,916.4633061694492,917.1958337553849,return_cruise,True,False,True,True,True,12.457882060165971
K28-001,466,917.1958337553849,917.5941575330443,return_cruise,True,False,True,True,True,12.558792435012137
K28-001,467,917.5941575330443,917.9924813107036,return_cruise,True,False,True,True,True,12.614150982818572
K28-001,468,917.9924813107036,919.1233326743277,return_cruise,True,False,True,True,True,12.669857944683173
K28-001,469,919.1233326743277,920.2541840379517,return_cruise,True,False,True,True,True,12.829948463734937
K28-001,470,920.2541840379517,921.0161973205644,return_cruise,True,False,True,True,True,12.992984970038847
K28-001,471,921.0161973205644,921.7782106031771,return_cruise,True,False,True,True,True,13.104560997678448
K28-001,472,921.7782106031771,922.1470486841596,return_cruise,True,False,True,True,True,13.21755815461384
K28-001,473,922.1470486841596,922.5158867651421,return_cruise,True,False,True,True,True,13.272773297955155
K28-001,474,922.5158867651421,923.6467381287372,return_cruise,True,False,True,True,True,13.328333936512834
K28-001,475,923.6467381287372,924.7775894923323,return_cruise,True,False,True,True,True,13.50088056288753
K28-001,476,924.7775894923323,925.5690884714162,return_cruise,True,False,True,True,True,13.676842393762044
K28-001,477,925.5690884714162,926.3605874505001,return_cruise,True,False,True,True,True,13.802103882498244
K28-001,478,926.3605874505001,926.6999398350403,return_cruise,True,False,True,True,True,13.929152355340932
K28-001,479,926.6999398350403,927.0392922195804,return_cruise,True,False,True,True,True,13.984183661395917
K28-001,480,927.0392922195804,928.1701435831754,return_cruise,True,False,True,True,True,14.039556753929801
K28-001,481,928.1701435831754,929.3009949467705,return_cruise,True,False,True,True,True,14.226602003874746
K28-001,482,929.3009949467705,930.1219796222969,return_cruise,True,False,True,True,True,14.41764914830648
K28-001,483,930.1219796222969,930.9429642978232,return_cruise,True,False,True,True,True,14.558950453029212
K28-001,484,930.9429642978232,931.2528309859065,return_cruise,True,False,True,True,True,14.702518373345498
K28-001,485,931.2528309859065,931.5626976739898,return_cruise,True,False,True,True,True,14.757309438670447
K28-001,486,931.5626976739898,932.6935490375993,return_cruise,True,False,True,True,True,14.812437491922495
K28-001,487,932.6935490375993,933.8244004012089,return_cruise,True,False,True,True,True,15.016550160642126
K28-001,488,933.8244004012089,934.6748707734121,return_cruise,True,False,True,True,True,15.225409449526168
K28-001,489,934.6748707734121,935.5253411456152,return_cruise,True,False,True,True,True,15.385742536829184
K28-001,490,935.5253411456152,935.8057221370073,return_cruise,True,False,True,True,True,15.548980577890234
K28-001,491,935.8057221370073,936.0861031283991,return_cruise,True,False,True,True,True,15.60345053830369
K28-001,492,936.0861031283991,937.2169544920088,return_cruise,True,False,True,True,True,15.658251147070914
K28-001,493,937.2169544920088,938.3478058556183,return_cruise,True,False,True,True,True,15.882712675012456
K28-001,494,938.3478058556183,939.2277619242783,return_cruise,True,False,True,True,True,16.112881639118598
K28-001,495,939.2277619242783,940.1077179929383,return_cruise,True,False,True,True,True,16.29611351710429
K28-001,496,940.1077179929383,940.3586132878878,return_cruise,True,False,True,True,True,16.483113954901214
K28-001,497,940.3586132878878,940.6095085828374,return_cruise,True,False,True,True,True,16.53714310027786
K28-001,498,940.6095085828374,941.7403599464325,return_cruise,True,False,True,True,True,16.591494312741602
K28-001,499,941.7403599464325,942.8712113100275,return_cruise,True,False,True,True,True,16.840566441644455
K28-001,500,942.8712113100275,943.7806530752616,return_cruise,True,False,True,True,True,17.096606537115576
K28-001,501,943.7806530752616,944.6900948404957,return_cruise,True,False,True,True,True,17.307825011361956
K28-001,502,944.6900948404957,944.9115044388857,return_cruise,True,False,True,True,True,17.524000220810322
K28-001,503,944.9115044388857,945.1329140372756,return_cruise,True,False,True,True,True,17.577404483093275
K28-001,504,945.1329140372756,946.2637654008706,return_cruise,True,False,True,True,True,17.631118864711112
K28-001,505,946.2637654008706,947.3946167644657,return_cruise,True,False,True,True,True,17.910428203474282
K28-001,506,947.3946167644657,948.3335442262594,return_cruise,True,False,True,True,True,18.198384745567097
K28-001,507,948.3335442262594,949.2724716880531,return_cruise,True,False,True,True,True,18.444400232664634
K28-001,508,949.2724716880531,949.4643955898545,return_cruise,True,False,True,True,True,18.69703112066219
K28-001,509,949.4643955898545,949.6563194916558,return_cruise,True,False,True,True,True,18.749514390028992
K28-001,510,949.6563194916558,950.7871708552799,return_cruise,True,False,True,True,True,18.802290592275597
K28-001,511,950.7871708552799,951.918022218904,return_cruise,True,False,True,True,True,19.11936521983536
K28-001,512,951.918022218904,952.8864353771401,return_cruise,True,False,True,True,True,19.447343190206695
K28-001,513,952.8864353771401,953.8548485353762,return_cruise,True,False,True,True,True,19.737385205628357
K28-001,514,953.8548485353762,954.0172867407351,return_cruise,True,False,True,True,True,20.036368540267915
K28-001,515,954.0172867407351,954.1797249460941,return_cruise,True,False,True,True,True,20.08742806505026
K28-001,516,954.1797249460941,955.3105763097037,return_cruise,True,False,True,True,True,20.138754876011262
K28-001,517,955.3105763097037,956.4414276733132,return_cruise,True,False,True,True,True,20.503682898184167
K28-001,518,956.4414276733132,957.4393265281234,return_cruise,True,False,True,True,True,20.882502268859383
K28-001,519,957.4393265281234,958.4372253829335,return_cruise,True,False,True,True,True,21.22900977909201
K28-001,520,958.4372253829335,958.5701778917329,return_cruise,True,False,True,True,True,21.587621980781208
K28-001,521,958.5701778917329,958.7031304005322,return_cruise,True,False,True,True,True,21.636348293413306
K28-001,522,958.7031304005322,959.8339817641273,return_cruise,True,False,True,True,True,21.68530215131706
K28-001,523,959.8339817641273,960.9648331277224,return_cruise,True,False,True,True,True,22.11109863941246
K28-001,524,960.9648331277224,961.9922176791066,return_cruise,True,False,True,True,True,22.55437747244312
K28-001,525,961.9922176791066,963.0196022304908,return_cruise,True,False,True,True,True,22.97298378640356
K28-001,526,963.0196022304908,963.1230690427305,return_cruise,True,False,True,True,True,23.407307173506666
K28-001,527,963.1230690427305,963.2265358549703,return_cruise,True,False,True,True,True,23.45193712405478
K28-001,528,963.2265358549703,964.3573872185653,return_cruise,True,False,True,True,True,23.496731450805584
K28-001,529,964.3573872185653,965.4882385821604,return_cruise,True,False,True,True,True,23.997105022055266
K28-001,530,965.4882385821604,966.545108829987,return_cruise,True,False,True,True,True,24.517310356462204
K28-001,531,966.545108829987,967.6019790778137,return_cruise,True,False,True,True,True,25.021074075363558
K28-001,532,967.6019790778137,967.6759601935821,return_cruise,True,False,True,True,True,25.540794565839505
K28-001,533,967.6759601935821,967.7499413093506,return_cruise,True,False,True,True,True,25.57772735751206
K28-001,534,967.7499413093506,968.8807926729746,return_cruise,True,False,True,True,True,25.61472795513434
K28-001,535,968.8807926729746,970.0116440365987,return_cruise,True,False,True,True,True,26.187954447477225
K28-001,536,970.0116440365987,971.0979999809849,return_cruise,True,False,True,True,True,26.77191134651089
K28-001,537,971.0979999809849,972.1843559253712,return_cruise,True,False,True,True,True,27.3359365160194
K28-001,538,972.1843559253712,972.22885134458,return_cruise,True,False,True,True,True,27.892637314212095
K28-001,539,972.22885134458,972.2733467637888,return_cruise,True,False,True,True,True,27.915089108754543
K28-001,540,972.2733467637888,973.4041981273984,return_cruise,True,False,True,True,True,27.937503828684015
K28-001,541,973.4041981273984,974.535049491008,return_cruise,True,False,True,True,True,28.490839060973485
K28-001,542,974.535049491008,975.6508911319683,return_cruise,True,False,True,True,True,28.996496577668893
K28-001,543,975.6508911319683,976.7667327729285,return_cruise,True,False,True,True,True,29.421572052712207
K28-001,544,976.7667327729285,976.7817424955778,return_cruise,True,False,True,True,True,29.743728344586756
K28-001,545,976.7817424955778,976.796752218227,return_cruise,True,False,True,True,True,29.747229068304677
K28-001,546,976.796752218227,977.775843328838,return_cruise,True,False,True,True,True,29.75070605559381
K28-001,547,977.775843328838,978.7549344394491,return_cruise,True,False,True,True,True,29.92362584195382
K28-001,548,978.7549344394491,1051.43323949316,return_descent,True,False,True,True,True,29.982830377148545
K28-003,0,0.0,95.3591357421875,climb,True,False,True,True,True,25.16080841557533
K28-003,1,95.3591357421875,95.89584240437671,cruise,True,False,True,True,True,25.154911169755295
K28-003,2,95.89584240437671,96.43254906656591,cruise,True,False,True,True,True,25.13726732750301
K28-003,3,96.43254906656591,97.38059305409068,cruise,True,False,True,True,True,25.077890795887342
K28-003,4,97.38059305409068,98.32863704161545,cruise,True,False,True,True,True,24.98381485704637
K28-003,5,98.32863704161545,99.27668102914022,cruise,True,False,True,True,True,24.857257018509912
K28-003,6,99.27668102914022,100.22472501666499,cruise,True,False,True,True,True,24.701029248156885
K28-003,7,100.22472501666499,101.17276900414126,cruise,True,False,True,True,True,24.518347871317232
K28-003,8,101.17276900414126,102.12081299161753,cruise,True,False,True,True,True,24.312642588451297
K28-003,9,102.12081299161753,103.0688569791423,cruise,True,False,True,True,True,24.08738420525617
K28-003,10,103.0688569791423,104.01690096666707,cruise,True,False,True,True,True,23.845943629993883
K28-003,11,104.01690096666707,104.65686409860635,cruise,True,False,True,True,True,23.675421027726046
K28-003,12,104.65686409860635,105.29682723054563,cruise,True,False,True,True,True,23.499878895114364
K28-003,13,105.29682723054563,105.60490808613113,cruise,True,False,True,True,True,23.4138333805883
K28-003,14,105.60490808613113,105.91298894171663,cruise,True,False,True,True,True,23.326909434706636
K28-003,15,105.91298894171663,106.8610329291929,cruise,True,False,True,True,True,23.054793638189352
K28-003,16,106.8610329291929,107.80907691666917,cruise,True,False,True,True,True,22.77740246440665
K28-003,17,107.80907691666917,108.75712090419394,cruise,True,False,True,True,True,22.49668321730978
K28-003,18,108.75712090419394,109.70516489171871,cruise,True,False,True,True,True,22.214286855987254
K28-003,19,109.70516489171871,110.65320887924348,cruise,True,False,True,True,True,21.93159397501792
K28-003,20,110.65320887924348,111.60125286676825,cruise,True,False,True,True,True,21.64974417972404
K28-003,21,111.60125286676825,112.54929685424452,cruise,True,False,True,True,True,21.369666155986394
K28-003,22,112.54929685424452,113.49734084172078,cruise,True,False,True,True,True,21.09210666277862
K28-003,23,113.49734084172078,114.44538482929406,cruise,True,False,True,True,True,20.817657392882836
K28-003,24,114.44538482929406,115.39342881686733,cruise,True,False,True,True,True,20.546779165050765
K28-003,25,115.39342881686733,116.3414728043436,cruise,True,False,True,True,True,20.27982326216329
K28-003,26,116.3414728043436,117.28951679181986,cruise,True,False,True,True,True,20.01704995869713
K28-003,27,117.28951679181986,118.23756077929613,cruise,True,False,True,True,True,19.758644412405786
K28-003,28,118.23756077929613,119.1856047667724,cruise,True,False,True,True,True,19.504730166623034
K28-003,29,119.1856047667724,120.13364875434567,cruise,True,False,True,True,True,19.255380534926047
K28-003,30,120.13364875434567,121.08169274191894,cruise,True,False,True,True,True,19.010628143383457
K28-003,31,121.08169274191894,122.02973672939521,cruise,True,False,True,True,True,18.77047288696295
K28-003,32,122.02973672939521,122.97778071687148,cruise,True,False,True,True,True,18.534888537321137
K28-003,33,122.97778071687148,123.92582470434775,cruise,True,False,True,True,True,18.303828209969666
K28-003,34,123.92582470434775,124.87386869182403,cruise,True,False,True,True,True,18.077228873815486
K28-003,35,124.87386869182403,125.82191267939731,cruise,True,False,True,True,True,17.85501505897922
K28-003,36,125.82191267939731,126.76995666697059,cruise,True,False,True,True,True,17.637101897484442
K28-003,37,126.76995666697059,127.71800065444685,cruise,True,False,True,True,True,17.423397608286024
K28-003,38,127.71800065444685,128.66604464192312,cruise,True,False,True,True,True,17.213805522751883
K28-003,39,128.66604464192312,129.6140886293994,cruise,True,False,True,True,True,17.00822572915746
K28-003,40,129.6140886293994,130.56213261687566,cruise,True,False,True,True,True,16.806556402420654
K28-003,41,130.56213261687566,131.51017660444893,cruise,True,False,True,True,True,16.608694874135324
K28-003,42,131.51017660444893,132.4582205920222,cruise,True,False,True,True,True,16.41453848896782
K28-003,43,132.4582205920222,133.40626457949847,cruise,True,False,True,True,True,16.22398528439244
K28-003,44,133.40626457949847,134.35430856697474,cruise,True,False,True,True,True,16.036934526048057
K28-003,45,134.35430856697474,135.302352554451,cruise,True,False,True,True,True,15.853287123982383
K28-003,46,135.302352554451,136.25039654192727,cruise,True,False,True,True,True,15.672945951637729
K28-003,47,136.25039654192727,137.19844052950054,cruise,True,False,True,True,True,15.4958160851495
K28-003,48,137.19844052950054,138.14648451707382,cruise,True,False,True,True,True,15.32180497749323
K28-003,49,138.14648451707382,139.09452850455008,cruise,True,False,True,True,True,15.150822579792418
K28-003,50,139.09452850455008,140.04257249202635,cruise,True,False,True,True,True,14.982781419680109
K28-003,51,140.04257249202635,140.99061647950262,cruise,True,False,True,True,True,14.817596644849772
K28-003,52,140.99061647950262,141.9386604669789,cruise,True,False,True,True,True,14.655186038953829
K28-003,53,141.9386604669789,142.88670445455216,cruise,True,False,True,True,True,14.495470014886948
K28-003,54,142.88670445455216,143.83474844212543,cruise,True,False,True,True,True,14.338371590727277
K28-003,55,143.83474844212543,144.7827924296017,cruise,True,False,True,True,True,14.183816351580717
K28-003,56,144.7827924296017,145.73083641707797,cruise,True,False,True,True,True,14.031732400796983
K28-003,57,145.73083641707797,146.67888040455423,cruise,True,False,True,True,True,13.882050303015603
K28-003,58,146.67888040455423,147.6269243920305,cruise,True,False,True,True,True,13.734703021048531
K28-003,59,147.6269243920305,148.57496837960377,cruise,True,False,True,True,True,13.589625848611092
K28-003,60,148.57496837960377,149.52301236717705,cruise,True,False,True,True,True,13.44675633991011
K28-003,61,149.52301236717705,150.4710563546533,cruise,True,False,True,True,True,13.306034237535954
K28-003,62,150.4710563546533,151.41910034212958,cruise,True,False,True,True,True,13.167401399372295
K28-003,63,151.41910034212958,152.36714432965434,cruise,True,False,True,True,True,13.030801725423345
K28-003,64,152.36714432965434,153.31518831717912,cruise,True,False,True,True,True,12.89618108516541
K28-003,65,153.31518831717912,154.2632323047039,cruise,True,False,True,True,True,12.7634872455437
K28-003,66,154.2632323047039,155.2112762922287,cruise,True,False,True,True,True,12.632669800400976
K28-003,67,155.2112762922287,156.15932027970496,cruise,True,False,True,True,True,12.503680101513481
K28-003,68,156.15932027970496,157.10736426718123,cruise,True,False,True,True,True,12.37647119124108
K28-003,69,157.10736426718123,158.05540825470598,cruise,True,False,True,True,True,12.25099773709124
K28-003,70,158.05540825470598,159.00345224223076,cruise,True,False,True,True,True,12.127215968463616
K28-003,71,159.00345224223076,159.95149622975555,cruise,True,False,True,True,True,12.005083615233815
K28-003,72,159.95149622975555,160.89954021728033,cruise,True,False,True,True,True,11.884559848693016
K28-003,73,160.89954021728033,161.8475842047566,cruise,True,False,True,True,True,11.765605224543307
K28-003,74,161.8475842047566,162.79562819223287,cruise,True,False,True,True,True,11.648181627875204
K28-003,75,162.79562819223287,163.74367217975765,cruise,True,False,True,True,True,11.532252220556302
K28-003,76,163.74367217975765,164.69171616728244,cruise,True,False,True,True,True,11.417781390467965
K28-003,77,164.69171616728244,165.6397601548072,cruise,True,False,True,True,True,11.304734702886947
K28-003,78,165.6397601548072,166.58780414233198,cruise,True,False,True,True,True,11.193078853781671
K28-003,79,166.58780414233198,167.53584812980824,cruise,True,False,True,True,True,11.08278162511509
K28-003,80,167.53584812980824,168.4838921172845,cruise,True,False,True,True,True,10.973811842031864
K28-003,81,168.4838921172845,169.4319361048093,cruise,True,False,True,True,True,10.866139331698221
K28-003,82,169.4319361048093,170.37998009233408,cruise,True,False,True,True,True,10.759734884172786
K28-003,83,170.37998009233408,171.32802407985884,cruise,True,False,True,True,True,10.654570214590478
K28-003,84,171.32802407985884,172.27606806738362,cruise,True,False,True,True,True,10.550617927300905
K28-003,85,172.27606806738362,173.2241120548599,cruise,True,False,True,True,True,10.447851481415398
K28-003,86,173.2241120548599,174.17215604233616,cruise,True,False,True,True,True,10.346245157734998
K28-003,87,174.17215604233616,175.12020002986094,cruise,True,False,True,True,True,10.24577402729686
K28-003,88,175.12020002986094,176.0682440173857,cruise,True,False,True,True,True,10.146413921225445
K28-003,89,176.0682440173857,177.01628800491045,cruise,True,False,True,True,True,10.048141401775311
K28-003,90,177.01628800491045,177.96433199243523,cruise,True,False,True,True,True,9.950933734802618
K28-003,91,177.96433199243523,178.65625580065893,cruise,True,False,True,True,True,9.880646845002957
K28-003,92,178.65625580065893,179.3481796088826,cruise,True,False,True,True,True,9.81090705451679
K28-003,93,179.3481796088826,179.60429978813517,cruise,True,False,True,True,True,9.785229502766313
K28-003,94,179.60429978813517,179.86041996738777,cruise,True,False,True,True,True,9.759625382074546
K28-003,95,179.86041996738777,180.80846395491255,cruise,True,False,True,True,True,9.665482513607955
K28-003,96,180.80846395491255,181.7565079424373,cruise,True,False,True,True,True,9.572320084910814
K28-003,97,181.7565079424373,182.7045519299621,cruise,True,False,True,True,True,9.480118505252975
K28-003,98,182.7045519299621,183.65259591748688,cruise,True,False,True,True,True,9.388858745014048
K28-003,99,183.65259591748688,184.60063990496315,cruise,True,False,True,True,True,9.298522315372267
K28-003,100,184.60063990496315,185.5486838924394,cruise,True,False,True,True,True,9.209091248805862
K28-003,101,185.5486838924394,186.49672788001268,cruise,True,False,True,True,True,9.120548080464872
K28-003,102,186.49672788001268,187.44477186758596,cruise,True,False,True,True,True,9.03287583031124
K28-003,103,187.44477186758596,188.39281585506222,cruise,True,False,True,True,True,8.946057986008185
K28-003,104,188.39281585506222,189.3408598425385,cruise,True,False,True,True,True,8.860078486530625
K28-003,105,189.3408598425385,190.28890383001476,cruise,True,False,True,True,True,8.774921706411376
K28-003,106,190.28890383001476,191.23694781749103,cruise,True,False,True,True,True,8.690572440691497
K28-003,107,191.23694781749103,192.1849918050643,cruise,True,False,True,True,True,8.607015890487915
K28-003,108,192.1849918050643,193.13303579263757,cruise,True,False,True,True,True,8.524237649095596
K28-003,109,193.13303579263757,194.08107978011384,cruise,True,False,True,True,True,8.442223688696842
K28-003,110,194.08107978011384,195.0291237675901,cruise,True,False,True,True,True,8.360960347608284
K28-003,111,195.0291237675901,195.97716775506638,cruise,True,False,True,True,True,8.280434317985538
K28-003,112,195.97716775506638,196.92521174254264,cruise,True,False,True,True,True,8.200632634136554
K28-003,113,196.92521174254264,197.87325573011591,cruise,True,False,True,True,True,8.121542661140765
K28-003,114,197.87325573011591,198.8212997176892,cruise,True,False,True,True,True,8.043152084064857
K28-003,115,198.8212997176892,199.76934370516545,cruise,True,False,True,True,True,7.9654488975483275
K28-003,116,199.76934370516545,200.71738769264172,cruise,True,False,True,True,True,7.888421395697179
K28-003,117,200.71738769264172,201.66543168011802,cruise,True,False,True,True,True,7.812058162569258
K28-003,118,201.66543168011802,202.6134756675943,cruise,True,False,True,True,True,7.736348062828753
K28-003,119,202.6134756675943,203.56151965516756,cruise,True,False,True,True,True,7.661280232916951
K28-003,120,203.56151965516756,204.50956364274086,cruise,True,False,True,True,True,7.586844072452806
K28-003,121,204.50956364274086,205.45760763021713,cruise,True,False,True,True,True,7.513029236017516
K28-003,122,205.45760763021713,206.4056516176934,cruise,True,False,True,True,True,7.439825625201536
K28-003,123,206.4056516176934,207.3536956051697,cruise,True,False,True,True,True,7.36722338099743
K28-003,124,207.3536956051697,208.30173959264596,cruise,True,False,True,True,True,7.295212876476157
K28-003,125,208.30173959264596,209.24978358021923,cruise,True,False,True,True,True,7.223784709687678
K28-003,126,209.24978358021923,210.19782756779253,cruise,True,False,True,True,True,7.152929696851999
K28-003,127,210.19782756779253,211.1458715552688,cruise,True,False,True,True,True,7.082638865844501
K28-003,128,211.1458715552688,212.09391554274507,cruise,True,False,True,True,True,7.012903449782442
K28-003,129,212.09391554274507,213.04195953022136,cruise,True,False,True,True,True,6.943714881042283
K28-003,130,213.04195953022136,213.99000351769763,cruise,True,False,True,True,True,6.875064785267881
K28-003,131,213.99000351769763,214.9380475052709,cruise,True,False,True,True,True,6.806944975825132
K28-003,132,214.9380475052709,215.8860914928442,cruise,True,False,True,True,True,6.739347448258144
K28-003,133,215.8860914928442,216.8341354803205,cruise,True,False,True,True,True,6.672264375083344
K28-003,134,216.8341354803205,217.78217946779677,cruise,True,False,True,True,True,6.605688100616476
K28-003,135,217.78217946779677,218.73022345527303,cruise,True,False,True,True,True,6.53961113616424
K28-003,136,218.73022345527303,219.6782674427493,cruise,True,False,True,True,True,6.474026155208804
K28-003,137,219.6782674427493,220.62631143032257,cruise,True,False,True,True,True,6.40892598889711
K28-003,138,220.62631143032257,221.57435541789587,cruise,True,False,True,True,True,6.344303621598414
K28-003,139,221.57435541789587,222.52239940537217,cruise,True,False,True,True,True,6.280152186615041
K28-003,140,222.52239940537217,223.47044339284844,cruise,True,False,True,True,True,6.216464962120625
K28-003,141,223.47044339284844,224.4184873803732,cruise,True,False,True,True,True,6.153235367104031
K28-003,142,224.4184873803732,225.36653136789795,cruise,True,False,True,True,True,6.090456957621029
K28-003,143,225.36653136789795,226.3145753554227,cruise,True,False,True,True,True,6.028123422958998
K28-003,144,226.3145753554227,227.2626193429475,cruise,True,False,True,True,True,5.966228582123279
K28-003,145,227.2626193429475,228.21066333042378,cruise,True,False,True,True,True,5.904766380358765
K28-003,146,228.21066333042378,229.15870731790005,cruise,True,False,True,True,True,5.843730885721172
K28-003,147,229.15870731790005,230.1067513054248,cruise,True,False,True,True,True,5.783116285871515
K28-003,148,230.1067513054248,231.05479529294956,cruise,True,False,True,True,True,5.722916884934975
K28-003,149,231.05479529294956,232.00283928047432,cruise,True,False,True,True,True,5.663127100436867
K28-003,150,232.00283928047432,232.9508832679991,cruise,True,False,True,True,True,5.603741460329488
K28-003,151,232.9508832679991,233.8989272554754,cruise,True,False,True,True,True,5.544754600182799
K28-003,152,233.8989272554754,234.84697124295167,cruise,True,False,True,True,True,5.486161260394965
K28-003,153,234.84697124295167,235.79501523047642,cruise,True,False,True,True,True,5.427956283483226
K28-003,154,235.79501523047642,236.7430592180012,cruise,True,False,True,True,True,5.370134611573107
K28-003,155,236.7430592180012,237.69110320552596,cruise,True,False,True,True,True,5.312691283784744
K28-003,156,237.69110320552596,238.63914719305072,cruise,True,False,True,True,True,5.255621433842961
K28-003,157,238.63914719305072,239.58719118052701,cruise,True,False,True,True,True,5.198920287752486
K28-003,158,239.58719118052701,240.53523516800328,cruise,True,False,True,True,True,5.142583161449366
K28-003,159,240.53523516800328,241.48327915552804,cruise,True,False,True,True,True,5.08660545858865
K28-003,160,241.48327915552804,242.43132314305282,cruise,True,False,True,True,True,5.030982668436991
K28-003,161,242.43132314305282,243.37936713057758,cruise,True,False,True,True,True,4.975710363725483
K28-003,162,243.37936713057758,244.32741111810233,cruise,True,False,True,True,True,4.920784198676799
K28-003,163,244.32741111810233,245.27545510557863,cruise,True,False,True,True,True,4.86619990701719
K28-003,164,245.27545510557863,246.2234990930549,cruise,True,False,True,True,True,4.811953300049424
K28-003,165,246.2234990930549,247.17154308057965,cruise,True,False,True,True,True,4.758040264844922
K28-003,166,247.17154308057965,248.11958706810444,cruise,True,False,True,True,True,4.704456762418843
K28-003,167,248.11958706810444,249.0676310556292,cruise,True,False,True,True,True,4.651198826000325
K28-003,168,249.0676310556292,250.01567504315395,cruise,True,False,True,True,True,4.598262559304246
K28-003,169,250.01567504315395,250.96371903063024,cruise,True,False,True,True,True,4.545644134963084
K28-003,170,250.96371903063024,251.9117630181065,cruise,True,False,True,True,True,4.493339792832288
K28-003,171,251.9117630181065,252.6556475026631,cruise,True,False,True,True,True,4.45251659931732
K28-003,172,252.6556475026631,253.3995319872197,cruise,True,False,True,True,True,4.411882746655479
K28-003,173,253.3995319872197,253.60369149018788,cruise,True,False,True,True,True,4.400763646466714
K28-003,174,253.60369149018788,253.80785099315605,cruise,True,False,True,True,True,4.389658641824795
K28-003,175,253.80785099315605,254.75589498068084,cruise,True,False,True,True,True,4.338274635302895
K28-003,176,254.75589498068084,255.7039389682056,cruise,True,False,True,True,True,4.287190312832109
K28-003,177,255.7039389682056,256.65198295568183,cruise,True,False,True,True,True,4.236402228233203
K28-003,178,256.65198295568183,257.60002694315807,cruise,True,False,True,True,True,4.185906993898826
K28-003,179,257.60002694315807,258.54807093073134,cruise,True,False,True,True,True,4.135701279518159
K28-003,180,258.54807093073134,259.4961149183046,cruise,True,False,True,True,True,4.085781810810246
K28-003,181,259.4961149183046,260.4441589057809,cruise,True,False,True,True,True,4.036145368233832
K28-003,182,260.4441589057809,261.39220289325715,cruise,True,False,True,True,True,3.9867887858287077
K28-003,183,261.39220289325715,262.3402468807334,cruise,True,False,True,True,True,3.9377089500250406
K28-003,184,262.3402468807334,263.28829086820963,cruise,True,False,True,True,True,3.8889027985220253
K28-003,185,263.28829086820963,264.2363348557829,cruise,True,False,True,True,True,3.840367319159526
K28-003,186,264.2363348557829,265.18437884335617,cruise,True,False,True,True,True,3.7920995488377685
K28-003,187,265.18437884335617,266.13242283083247,cruise,True,False,True,True,True,3.7440965724982505
K28-003,188,266.13242283083247,267.0804668183087,cruise,True,False,True,True,True,3.696355522036498
K28-003,189,267.0804668183087,268.02851080578495,cruise,True,False,True,True,True,3.648873575375177
K28-003,190,268.02851080578495,268.97655479326124,cruise,True,False,True,True,True,3.601647955443312
K28-003,191,268.97655479326124,269.9245987808345,cruise,True,False,True,True,True,3.554675929249669
K28-003,192,269.9245987808345,270.8726427684078,cruise,True,False,True,True,True,3.50795480697424
K28-003,193,270.8726427684078,271.8206867558841,cruise,True,False,True,True,True,3.4614819410526962
K28-003,194,271.8206867558841,272.7687307433603,cruise,True,False,True,True,True,3.4152547253083583
K28-003,195,272.7687307433603,273.71677473083656,cruise,True,False,True,True,True,3.369270594106524
K28-003,196,273.71677473083656,274.66481871831286,cruise,True,False,True,True,True,3.323527021500041
K28-003,197,274.66481871831286,275.61286270588613,cruise,True,False,True,True,True,3.278021520462545
K28-003,198,275.61286270588613,276.5609066934594,cruise,True,False,True,True,True,3.2327516420454714
K28-003,199,276.5609066934594,277.5089506809357,cruise,True,False,True,True,True,3.187714974674577
K28-003,200,277.5089506809357,278.45699466841194,cruise,True,False,True,True,True,3.1429091433464293
K28-003,201,278.45699466841194,279.4050386558882,cruise,True,False,True,True,True,3.0983318089033105
K28-003,202,279.4050386558882,280.3530826433645,cruise,True,False,True,True,True,3.0539806673550487
K28-003,203,280.3530826433645,281.30112663093774,cruise,True,False,True,True,True,3.0098534491365
K28-003,204,281.30112663093774,282.249170618511,cruise,True,False,True,True,True,2.9659479184638258
K28-003,205,282.249170618511,283.1972146059873,cruise,True,False,True,True,True,2.9222618726776375
K28-003,206,283.1972146059873,284.14525859346355,cruise,True,False,True,True,True,2.8787931415510855
K28-003,207,284.14525859346355,285.0933025809398,cruise,True,False,True,True,True,2.8355395866992126
K28-003,208,285.0933025809398,286.0413465684161,cruise,True,False,True,True,True,2.7924991009467703
K28-003,209,286.0413465684161,286.98939055598936,cruise,True,False,True,True,True,2.7496696077382694
K28-003,210,286.98939055598936,287.93743454356263,cruise,True,False,True,True,True,2.707049060557452
K28-003,211,287.93743454356263,288.88547853103887,cruise,True,False,True,True,True,2.6646354423317717
K28-003,212,288.88547853103887,289.8335225185151,cruise,True,False,True,True,True,2.6224267648739215
K28-003,213,289.8335225185151,290.78156650599135,cruise,True,False,True,True,True,2.5804210683689206
K28-003,214,290.78156650599135,291.72961049346765,cruise,True,False,True,True,True,2.538616420802086
K28-003,215,291.72961049346765,292.6776544810409,cruise,True,False,True,True,True,2.497010917454901
K28-003,216,292.6776544810409,293.6256984686142,cruise,True,False,True,True,True,2.4556026804018387
K28-003,217,293.6256984686142,294.57374245609043,cruise,True,False,True,True,True,2.414389858023654
K28-003,218,294.57374245609043,295.52178644356667,cruise,True,False,True,True,True,2.3733706244733668
K28-003,219,295.52178644356667,296.46983043109145,cruise,True,False,True,True,True,2.3325431792557083
K28-003,220,296.46983043109145,297.41787441861624,cruise,True,False,True,True,True,2.2919057467363757
K28-003,221,297.41787441861624,298.365918406141,cruise,True,False,True,True,True,2.251456575694064
K28-003,222,298.365918406141,299.3139623936658,cruise,True,False,True,True,True,2.2111939388829853
K28-003,223,299.3139623936658,300.26200638114204,cruise,True,False,True,True,True,2.17111613258362
K28-003,224,300.26200638114204,301.21005036861834,cruise,True,False,True,True,True,2.1312214761902197
K28-003,225,301.21005036861834,302.1580943561431,cruise,True,False,True,True,True,2.0915083118070896
K28-003,226,302.1580943561431,303.1061383436679,cruise,True,False,True,True,True,2.051975003828076
K28-003,227,303.1061383436679,304.0541823311927,cruise,True,False,True,True,True,2.01261993855114
K28-003,228,304.0541823311927,305.0022263187175,cruise,True,False,True,True,True,1.9734415237654588
K28-003,229,305.0022263187175,305.9502703061937,cruise,True,False,True,True,True,1.9344381884241386
K28-003,230,305.9502703061937,306.89831429367,cruise,True,False,True,True,True,1.8956083822324956
K28-003,231,306.89831429367,307.162856487959,cruise,True,False,True,True,True,1.8848040717797403
K28-003,232,307.162856487959,307.427398682248,cruise,True,False,True,True,True,1.87401312067432
K28-003,233,307.427398682248,333.07631835998234,descent,True,False,True,True,True,1.87401312067432
K28-003,234,333.07631835998234,729.0763183599823,handoff,True,False,True,True,True,1.8824688650781525
K28-003,235,729.0763183599823,749.5954541021698,return_climb,True,False,True,True,True,1.87401312067432
K28-003,236,749.5954541021698,749.8599962964588,return_cruise,True,False,True,True,True,1.87401312067432
K28-003,237,749.8599962964588,750.1245384907478,return_cruise,True,False,True,True,True,1.884804071774667
K28-003,238,750.1245384907478,751.072582478224,return_cruise,True,False,True,True,True,1.8956083822324956
K28-003,239,751.072582478224,752.0206264657003,return_cruise,True,False,True,True,True,1.9344381884241386
K28-003,240,752.0206264657003,752.9686704532251,return_cruise,True,False,True,True,True,1.9734415237654588
K28-003,241,752.9686704532251,753.9167144407498,return_cruise,True,False,True,True,True,2.0126199385408654
K28-003,242,753.9167144407498,754.8647584282746,return_cruise,True,False,True,True,True,2.051975003828076
K28-003,243,754.8647584282746,755.8128024157994,return_cruise,True,False,True,True,True,2.0915083118070896
K28-003,244,755.8128024157994,756.7608464032757,return_cruise,True,False,True,True,True,2.1312214761902197
K28-003,245,756.7608464032757,757.7088903907519,return_cruise,True,False,True,True,True,2.17111613258362
K28-003,246,757.7088903907519,758.6569343782767,return_cruise,True,False,True,True,True,2.2111939388829853
K28-003,247,758.6569343782767,759.6049783658015,return_cruise,True,False,True,True,True,2.251456575694064
K28-003,248,759.6049783658015,760.5530223533262,return_cruise,True,False,True,True,True,2.2919057467363757
K28-003,249,760.5530223533262,761.501066340851,return_cruise,True,False,True,True,True,2.3325431792557083
K28-003,250,761.501066340851,762.4491103283273,return_cruise,True,False,True,True,True,2.3733706244733668
K28-003,251,762.4491103283273,763.3971543158035,return_cruise,True,False,True,True,True,2.414389858023654
K28-003,252,763.3971543158035,764.3451983033767,return_cruise,True,False,True,True,True,2.4556026804018387
K28-003,253,764.3451983033767,765.29324229095,return_cruise,True,False,True,True,True,2.497010917454901
K28-003,254,765.29324229095,766.2412862784263,return_cruise,True,False,True,True,True,2.538616420802086
K28-003,255,766.2412862784263,767.1893302659025,return_cruise,True,False,True,True,True,2.5804210683689206
K28-003,256,767.1893302659025,768.1373742533788,return_cruise,True,False,True,True,True,2.6224267648739215
K28-003,257,768.1373742533788,769.085418240855,return_cruise,True,False,True,True,True,2.6646354423317717
K28-003,258,769.085418240855,770.0334622284282,return_cruise,True,False,True,True,True,2.707049060557452
K28-003,259,770.0334622284282,770.9815062160015,return_cruise,True,False,True,True,True,2.7496696077382694
K28-003,260,770.9815062160015,771.9295502034778,return_cruise,True,False,True,True,True,2.7924991009467703
K28-003,261,771.9295502034778,772.877594190954,return_cruise,True,False,True,True,True,2.8355395866992126
K28-003,262,772.877594190954,773.8256381784303,return_cruise,True,False,True,True,True,2.8787931415510855
K28-003,263,773.8256381784303,774.7736821659065,return_cruise,True,False,True,True,True,2.9222618726776375
K28-003,264,774.7736821659065,775.7217261534797,return_cruise,True,False,True,True,True,2.9659479184638258
K28-003,265,775.7217261534797,776.6697701410529,return_cruise,True,False,True,True,True,3.0098534491365
K28-003,266,776.6697701410529,777.6178141285292,return_cruise,True,False,True,True,True,3.0539806673550487
K28-003,267,777.6178141285292,778.5658581160054,return_cruise,True,False,True,True,True,3.0983318089033105
K28-003,268,778.5658581160054,779.5139021034817,return_cruise,True,False,True,True,True,3.1429091433464293
K28-003,269,779.5139021034817,780.4619460909579,return_cruise,True,False,True,True,True,3.187714974674577
K28-003,270,780.4619460909579,781.4099900785311,return_cruise,True,False,True,True,True,3.2327516420454714
K28-003,271,781.4099900785311,782.3580340661043,return_cruise,True,False,True,True,True,3.278021520462545
K28-003,272,782.3580340661043,783.3060780535806,return_cruise,True,False,True,True,True,3.323527021500041
K28-003,273,783.3060780535806,784.2541220410568,return_cruise,True,False,True,True,True,3.369270594106524
K28-003,274,784.2541220410568,785.202166028533,return_cruise,True,False,True,True,True,3.4152547253083583
K28-003,275,785.202166028533,786.1502100160093,return_cruise,True,False,True,True,True,3.4614819410526962
K28-003,276,786.1502100160093,787.0982540035825,return_cruise,True,False,True,True,True,3.50795480697424
K28-003,277,787.0982540035825,788.0462979911557,return_cruise,True,False,True,True,True,3.554675929249669
K28-003,278,788.0462979911557,788.994341978632,return_cruise,True,False,True,True,True,3.601647955443312
K28-003,279,788.994341978632,789.9423859661082,return_cruise,True,False,True,True,True,3.648873575375177
K28-003,280,789.9423859661082,790.8904299535844,return_cruise,True,False,True,True,True,3.696355522036498
K28-003,281,790.8904299535844,791.8384739410607,return_cruise,True,False,True,True,True,3.7440965724982505
K28-003,282,791.8384739410607,792.786517928634,return_cruise,True,False,True,True,True,3.7920995488377685
K28-003,283,792.786517928634,793.7345619162072,return_cruise,True,False,True,True,True,3.840367319159526
K28-003,284,793.7345619162072,794.6826059036835,return_cruise,True,False,True,True,True,3.8889027985220253
K28-003,285,794.6826059036835,795.6306498911597,return_cruise,True,False,True,True,True,3.937708950025055
K28-003,286,795.6306498911597,796.5786938786359,return_cruise,True,False,True,True,True,3.9867887858287077
K28-003,287,796.5786938786359,797.5267378661122,return_cruise,True,False,True,True,True,4.036145368233832
K28-003,288,797.5267378661122,798.4747818536855,return_cruise,True,False,True,True,True,4.085781810810246
K28-003,289,798.4747818536855,799.4228258412587,return_cruise,True,False,True,True,True,4.135701279518159
K28-003,290,799.4228258412587,800.370869828735,return_cruise,True,False,True,True,True,4.185906993898826
K28-003,291,800.370869828735,801.3189138162112,return_cruise,True,False,True,True,True,4.236402228233203
K28-003,292,801.3189138162112,802.266957803736,return_cruise,True,False,True,True,True,4.287190312832109
K28-003,293,802.266957803736,803.2150017912608,return_cruise,True,False,True,True,True,4.338274635302895
K28-003,294,803.2150017912608,803.419161294229,return_cruise,True,False,True,True,True,4.389658641824795
K28-003,295,803.419161294229,803.6233207971972,return_cruise,True,False,True,True,True,4.400763646466714
K28-003,296,803.6233207971972,804.3672052817537,return_cruise,True,False,True,True,True,4.411882746655479
K28-003,297,804.3672052817537,805.1110897663103,return_cruise,True,False,True,True,True,4.45251659931732
K28-003,298,805.1110897663103,806.0591337537866,return_cruise,True,False,True,True,True,4.493339792832288
K28-003,299,806.0591337537866,807.0071777412628,return_cruise,True,False,True,True,True,4.545644134963084
K28-003,300,807.0071777412628,807.9552217287876,return_cruise,True,False,True,True,True,4.598262559304246
K28-003,301,807.9552217287876,808.9032657163124,return_cruise,True,False,True,True,True,4.651198826000325
K28-003,302,808.9032657163124,809.8513097038372,return_cruise,True,False,True,True,True,4.704456762418843
K28-003,303,809.8513097038372,810.799353691362,return_cruise,True,False,True,True,True,4.758040264851957
K28-003,304,810.799353691362,811.7473976788382,return_cruise,True,False,True,True,True,4.811953300049424
K28-003,305,811.7473976788382,812.6954416663144,return_cruise,True,False,True,True,True,4.86619990701719
K28-003,306,812.6954416663144,813.6434856538392,return_cruise,True,False,True,True,True,4.920784198676799
K28-003,307,813.6434856538392,814.591529641364,return_cruise,True,False,True,True,True,4.975710363725483
K28-003,308,814.591529641364,815.5395736288888,return_cruise,True,False,True,True,True,5.030982668436991
K28-003,309,815.5395736288888,816.4876176164136,return_cruise,True,False,True,True,True,5.08660545858865
K28-003,310,816.4876176164136,817.4356616038898,return_cruise,True,False,True,True,True,5.142583161449366
K28-003,311,817.4356616038898,818.383705591366,return_cruise,True,False,True,True,True,5.1989202877525
K28-003,312,818.383705591366,819.3317495788908,return_cruise,True,False,True,True,True,5.255621433842961
K28-003,313,819.3317495788908,820.2797935664156,return_cruise,True,False,True,True,True,5.312691283784744
K28-003,314,820.2797935664156,821.2278375539404,return_cruise,True,False,True,True,True,5.370134611573107
K28-003,315,821.2278375539404,822.1758815414652,return_cruise,True,False,True,True,True,5.427956283483226
K28-003,316,822.1758815414652,823.1239255289414,return_cruise,True,False,True,True,True,5.486161260394965
K28-003,317,823.1239255289414,824.0719695164177,return_cruise,True,False,True,True,True,5.544754600182799
K28-003,318,824.0719695164177,825.0200135039424,return_cruise,True,False,True,True,True,5.603741460329488
K28-003,319,825.0200135039424,825.9680574914672,return_cruise,True,False,True,True,True,5.663127100436867
K28-003,320,825.9680574914672,826.916101478992,return_cruise,True,False,True,True,True,5.722916884934975
K28-003,321,826.916101478992,827.8641454665168,return_cruise,True,False,True,True,True,5.783116285871515
K28-003,322,827.8641454665168,828.812189453993,return_cruise,True,False,True,True,True,5.843730885721172
K28-003,323,828.812189453993,829.7602334414693,return_cruise,True,False,True,True,True,5.904766380358765
K28-003,324,829.7602334414693,830.708277428994,return_cruise,True,False,True,True,True,5.966228582123279
K28-003,325,830.708277428994,831.6563214165188,return_cruise,True,False,True,True,True,6.028123422958998
K28-003,326,831.6563214165188,832.6043654040436,return_cruise,True,False,True,True,True,6.090456957621029
K28-003,327,832.6043654040436,833.5524093915684,return_cruise,True,False,True,True,True,6.153235367104031
K28-003,328,833.5524093915684,834.5004533790446,return_cruise,True,False,True,True,True,6.216464962120625
K28-003,329,834.5004533790446,835.4484973665209,return_cruise,True,False,True,True,True,6.280152186615041
K28-003,330,835.4484973665209,836.3965413540942,return_cruise,True,False,True,True,True,6.344303621598414
K28-003,331,836.3965413540942,837.3445853416674,return_cruise,True,False,True,True,True,6.40892598889711
K28-003,332,837.3445853416674,838.2926293291437,return_cruise,True,False,True,True,True,6.474026155208804
K28-003,333,838.2926293291437,839.2406733166199,return_cruise,True,False,True,True,True,6.53961113616424
K28-003,334,839.2406733166199,840.1887173040961,return_cruise,True,False,True,True,True,6.605688100616476
K28-003,335,840.1887173040961,841.1367612915724,return_cruise,True,False,True,True,True,6.672264375083344
K28-003,336,841.1367612915724,842.0848052791457,return_cruise,True,False,True,True,True,6.739347448258144
K28-003,337,842.0848052791457,843.0328492667189,return_cruise,True,False,True,True,True,6.806944975825132
K28-003,338,843.0328492667189,843.9808932541952,return_cruise,True,False,True,True,True,6.875064785267881
K28-003,339,843.9808932541952,844.9289372416714,return_cruise,True,False,True,True,True,6.943714881042283
K28-003,340,844.9289372416714,845.8769812291476,return_cruise,True,False,True,True,True,7.012903449782442
K28-003,341,845.8769812291476,846.8250252166239,return_cruise,True,False,True,True,True,7.082638865844501
K28-003,342,846.8250252166239,847.7730692041972,return_cruise,True,False,True,True,True,7.152929696851999
K28-003,343,847.7730692041972,848.7211131917704,return_cruise,True,False,True,True,True,7.223784709687678
K28-003,344,848.7211131917704,849.6691571792467,return_cruise,True,False,True,True,True,7.295212876476157
K28-003,345,849.6691571792467,850.6172011667229,return_cruise,True,False,True,True,True,7.36722338099743
K28-003,346,850.6172011667229,851.5652451541991,return_cruise,True,False,True,True,True,7.439825625201536
K28-003,347,851.5652451541991,852.5132891416754,return_cruise,True,False,True,True,True,7.513029236017516
K28-003,348,852.5132891416754,853.4613331292487,return_cruise,True,False,True,True,True,7.586844072452806
K28-003,349,853.4613331292487,854.4093771168219,return_cruise,True,False,True,True,True,7.661280232916951
K28-003,350,854.4093771168219,855.3574211042982,return_cruise,True,False,True,True,True,7.736348062828753
K28-003,351,855.3574211042982,856.3054650917744,return_cruise,True,False,True,True,True,7.812058162569258
K28-003,352,856.3054650917744,857.2535090792506,return_cruise,True,False,True,True,True,7.888421395697179
K28-003,353,857.2535090792506,858.2015530667269,return_cruise,True,False,True,True,True,7.9654488975483275
K28-003,354,858.2015530667269,859.1495970543002,return_cruise,True,False,True,True,True,8.043152084064857
K28-003,355,859.1495970543002,860.0976410418734,return_cruise,True,False,True,True,True,8.121542661140765
K28-003,356,860.0976410418734,861.0456850293497,return_cruise,True,False,True,True,True,8.200632634136554
K28-003,357,861.0456850293497,861.9937290168259,return_cruise,True,False,True,True,True,8.280434317985538
K28-003,358,861.9937290168259,862.9417730043021,return_cruise,True,False,True,True,True,8.360960347608284
K28-003,359,862.9417730043021,863.8898169917784,return_cruise,True,False,True,True,True,8.442223688696842
K28-003,360,863.8898169917784,864.8378609793517,return_cruise,True,False,True,True,True,8.524237649095596
K28-003,361,864.8378609793517,865.785904966925,return_cruise,True,False,True,True,True,8.607015890487915
K28-003,362,865.785904966925,866.7339489544013,return_cruise,True,False,True,True,True,8.690572440691497
K28-003,363,866.7339489544013,867.6819929418775,return_cruise,True,False,True,True,True,8.774921706411376
K28-003,364,867.6819929418775,868.6300369293538,return_cruise,True,False,True,True,True,8.860078486530625
K28-003,365,868.6300369293538,869.57808091683,return_cruise,True,False,True,True,True,8.946057986008185
K28-003,366,869.57808091683,870.5261249044032,return_cruise,True,False,True,True,True,9.03287583031124
K28-003,367,870.5261249044032,871.4741688919765,return_cruise,True,False,True,True,True,9.120548080464872
K28-003,368,871.4741688919765,872.4222128794528,return_cruise,True,False,True,True,True,9.209091248805862
K28-003,369,872.4222128794528,873.370256866929,return_cruise,True,False,True,True,True,9.298522315372267
K28-003,370,873.370256866929,874.3183008544538,return_cruise,True,False,True,True,True,9.388858745014048
K28-003,371,874.3183008544538,875.2663448419786,return_cruise,True,False,True,True,True,9.480118505252975
K28-003,372,875.2663448419786,876.2143888295034,return_cruise,True,False,True,True,True,9.572320084910814
K28-003,373,876.2143888295034,877.1624328170282,return_cruise,True,False,True,True,True,9.665482513607955
K28-003,374,877.1624328170282,877.4185529962807,return_cruise,True,False,True,True,True,9.759625382074546
K28-003,375,877.4185529962807,877.6746731755333,return_cruise,True,False,True,True,True,9.785229502766313
K28-003,376,877.6746731755333,878.366596983757,return_cruise,True,False,True,True,True,9.81090705451679
K28-003,377,878.366596983757,879.0585207919806,return_cruise,True,False,True,True,True,9.880646845002957
K28-003,378,879.0585207919806,880.0065647795054,return_cruise,True,False,True,True,True,9.950933734802618
K28-003,379,880.0065647795054,880.9546087670302,return_cruise,True,False,True,True,True,10.048141401775311
K28-003,380,880.9546087670302,881.902652754555,return_cruise,True,False,True,True,True,10.146413921225445
K28-003,381,881.902652754555,882.8506967420798,return_cruise,True,False,True,True,True,10.24577402729686
K28-003,382,882.8506967420798,883.798740729556,return_cruise,True,False,True,True,True,10.346245157734998
K28-003,383,883.798740729556,884.7467847170323,return_cruise,True,False,True,True,True,10.447851481415398
K28-003,384,884.7467847170323,885.694828704557,return_cruise,True,False,True,True,True,10.550617927300905
K28-003,385,885.694828704557,886.6428726920818,return_cruise,True,False,True,True,True,10.654570214590478
K28-003,386,886.6428726920818,887.5909166796066,return_cruise,True,False,True,True,True,10.759734884172786
K28-003,387,887.5909166796066,888.5389606671314,return_cruise,True,False,True,True,True,10.866139331698221
K28-003,388,888.5389606671314,889.4870046546076,return_cruise,True,False,True,True,True,10.973811842031864
K28-003,389,889.4870046546076,890.4350486420839,return_cruise,True,False,True,True,True,11.08278162511509
K28-003,390,890.4350486420839,891.3830926296087,return_cruise,True,False,True,True,True,11.193078853781671
K28-003,391,891.3830926296087,892.3311366171334,return_cruise,True,False,True,True,True,11.304734702886947
K28-003,392,892.3311366171334,893.2791806046582,return_cruise,True,False,True,True,True,11.417781390467965
K28-003,393,893.2791806046582,894.227224592183,return_cruise,True,False,True,True,True,11.532252220556302
K28-003,394,894.227224592183,895.1752685796592,return_cruise,True,False,True,True,True,11.648181627875204
K28-003,395,895.1752685796592,896.1233125671355,return_cruise,True,False,True,True,True,11.765605224543307
K28-003,396,896.1233125671355,897.0713565546603,return_cruise,True,False,True,True,True,11.884559848693016
K28-003,397,897.0713565546603,898.019400542185,return_cruise,True,False,True,True,True,12.005083615233815
K28-003,398,898.019400542185,898.9674445297098,return_cruise,True,False,True,True,True,12.127215968463616
K28-003,399,898.9674445297098,899.9154885172346,return_cruise,True,False,True,True,True,12.25099773709124
K28-003,400,899.9154885172346,900.8635325047109,return_cruise,True,False,True,True,True,12.37647119124108
K28-003,401,900.8635325047109,901.8115764921871,return_cruise,True,False,True,True,True,12.503680101513481
K28-003,402,901.8115764921871,902.7596204797119,return_cruise,True,False,True,True,True,12.632669800400976
K28-003,403,902.7596204797119,903.7076644672367,return_cruise,True,False,True,True,True,12.7634872455437
K28-003,404,903.7076644672367,904.6557084547615,return_cruise,True,False,True,True,True,12.89618108516541
K28-003,405,904.6557084547615,905.6037524422862,return_cruise,True,False,True,True,True,13.030801725423345
K28-003,406,905.6037524422862,906.5517964297625,return_cruise,True,False,True,True,True,13.167401399372295
K28-003,407,906.5517964297625,907.4998404172387,return_cruise,True,False,True,True,True,13.306034237535954
K28-003,408,907.4998404172387,908.4478844048119,return_cruise,True,False,True,True,True,13.44675633991011
K28-003,409,908.4478844048119,909.3959283923853,return_cruise,True,False,True,True,True,13.589625848611092
K28-003,410,909.3959283923853,910.3439723798615,return_cruise,True,False,True,True,True,13.734703021048531
K28-003,411,910.3439723798615,911.2920163673377,return_cruise,True,False,True,True,True,13.882050303015603
K28-003,412,911.2920163673377,912.240060354814,return_cruise,True,False,True,True,True,14.031732400796983
K28-003,413,912.240060354814,913.1881043422902,return_cruise,True,False,True,True,True,14.183816351580717
K28-003,414,913.1881043422902,914.1361483298634,return_cruise,True,False,True,True,True,14.338371590727277
K28-003,415,914.1361483298634,915.0841923174368,return_cruise,True,False,True,True,True,14.495470014886948
K28-003,416,915.0841923174368,916.032236304913,return_cruise,True,False,True,True,True,14.655186038953829
K28-003,417,916.032236304913,916.9802802923892,return_cruise,True,False,True,True,True,14.817596644849772
K28-003,418,916.9802802923892,917.9283242798655,return_cruise,True,False,True,True,True,14.982781419680109
K28-003,419,917.9283242798655,918.8763682673417,return_cruise,True,False,True,True,True,15.150822579792418
K28-003,420,918.8763682673417,919.8244122549149,return_cruise,True,False,True,True,True,15.32180497749323
K28-003,421,919.8244122549149,920.7724562424883,return_cruise,True,False,True,True,True,15.4958160851495
K28-003,422,920.7724562424883,921.7205002299645,return_cruise,True,False,True,True,True,15.672945951637729
K28-003,423,921.7205002299645,922.6685442174407,return_cruise,True,False,True,True,True,15.853287123982383
K28-003,424,922.6685442174407,923.616588204917,return_cruise,True,False,True,True,True,16.036934526048057
K28-003,425,923.616588204917,924.5646321923932,return_cruise,True,False,True,True,True,16.22398528439244
K28-003,426,924.5646321923932,925.5126761799664,return_cruise,True,False,True,True,True,16.41453848896782
K28-003,427,925.5126761799664,926.4607201675398,return_cruise,True,False,True,True,True,16.608694874135324
K28-003,428,926.4607201675398,927.408764155016,return_cruise,True,False,True,True,True,16.806556402420654
K28-003,429,927.408764155016,928.3568081424922,return_cruise,True,False,True,True,True,17.00822572915746
K28-003,430,928.3568081424922,929.3048521299685,return_cruise,True,False,True,True,True,17.213805522751883
K28-003,431,929.3048521299685,930.2528961174447,return_cruise,True,False,True,True,True,17.423397608286024
K28-003,432,930.2528961174447,931.2009401050179,return_cruise,True,False,True,True,True,17.637101897484442
K28-003,433,931.2009401050179,932.1489840925913,return_cruise,True,False,True,True,True,17.85501505897922
K28-003,434,932.1489840925913,933.0970280800675,return_cruise,True,False,True,True,True,18.077228873815486
K28-003,435,933.0970280800675,934.0450720675437,return_cruise,True,False,True,True,True,18.303828209969666
K28-003,436,934.0450720675437,934.99311605502,return_cruise,True,False,True,True,True,18.534888537321137
K28-003,437,934.99311605502,935.9411600424962,return_cruise,True,False,True,True,True,18.77047288696295
K28-003,438,935.9411600424962,936.8892040300695,return_cruise,True,False,True,True,True,19.010628143383457
K28-003,439,936.8892040300695,937.8372480176428,return_cruise,True,False,True,True,True,19.255380534926047
K28-003,440,937.8372480176428,938.785292005119,return_cruise,True,False,True,True,True,19.504730166623034
K28-003,441,938.785292005119,939.7333359925952,return_cruise,True,False,True,True,True,19.758644412405786
K28-003,442,939.7333359925952,940.6813799800715,return_cruise,True,False,True,True,True,20.01704995869713
K28-003,443,940.6813799800715,941.6294239675477,return_cruise,True,False,True,True,True,20.27982326216329
K28-003,444,941.6294239675477,942.5774679551209,return_cruise,True,False,True,True,True,20.546779165050765
K28-003,445,942.5774679551209,943.5255119426942,return_cruise,True,False,True,True,True,20.817657392882836
K28-003,446,943.5255119426942,944.4735559301704,return_cruise,True,False,True,True,True,21.09210666277862
K28-003,447,944.4735559301704,945.4215999176466,return_cruise,True,False,True,True,True,21.369666155986394
K28-003,448,945.4215999176466,946.3696439051714,return_cruise,True,False,True,True,True,21.64974417972404
K28-003,449,946.3696439051714,947.3176878926962,return_cruise,True,False,True,True,True,21.93159397501792
K28-003,450,947.3176878926962,948.265731880221,return_cruise,True,False,True,True,True,22.214286855987254
K28-003,451,948.265731880221,949.2137758677458,return_cruise,True,False,True,True,True,22.49668321730978
K28-003,452,949.2137758677458,950.161819855222,return_cruise,True,False,True,True,True,22.77740246440665
K28-003,453,950.161819855222,951.1098638426982,return_cruise,True,False,True,True,True,23.054793638189352
K28-003,454,951.1098638426982,951.4179446982837,return_cruise,True,False,True,True,True,23.326909434706636
K28-003,455,951.4179446982837,951.7260255538691,return_cruise,True,False,True,True,True,23.4138333805883
K28-003,456,951.7260255538691,952.3659886858084,return_cruise,True,False,True,True,True,23.499878895114364
K28-003,457,952.3659886858084,953.0059518177477,return_cruise,True,False,True,True,True,23.675421027726046
K28-003,458,953.0059518177477,953.9539958052725,return_cruise,True,False,True,True,True,23.845943629993883
K28-003,459,953.9539958052725,954.9020397927973,return_cruise,True,False,True,True,True,24.08738420525617
K28-003,460,954.9020397927973,955.8500837802735,return_cruise,True,False,True,True,True,24.312642588451297
K28-003,461,955.8500837802735,956.7981277677497,return_cruise,True,False,True,True,True,24.518347871317232
K28-003,462,956.7981277677497,957.7461717552745,return_cruise,True,False,True,True,True,24.701029248156885
K28-003,463,957.7461717552745,958.6942157427993,return_cruise,True,False,True,True,True,24.857257018509912
K28-003,464,958.6942157427993,959.6422597303241,return_cruise,True,False,True,True,True,24.98381485704637
K28-003,465,959.6422597303241,960.5903037178489,return_cruise,True,False,True,True,True,25.077890795887342
K28-003,466,960.5903037178489,961.1270103800381,return_cruise,True,False,True,True,True,25.13726732750301
K28-003,467,961.1270103800381,961.6637170422273,return_cruise,True,False,True,True,True,25.154911169755295
K28-003,468,961.6637170422273,1080.8626367199618,return_descent,True,False,True,True,True,25.16080841557533
K28-010,0,1560.8626367199668,1669.078303223873,climb,True,False,True,True,True,23.968262608738186
K28-010,1,1669.078303223873,1669.9739161133732,cruise,True,False,True,True,True,23.955793579493374
K28-010,2,1669.9739161133732,1670.8695290028734,cruise,True,False,True,True,True,23.918599862438654
K28-010,3,1670.8695290028734,1671.9039629246822,cruise,True,False,True,True,True,23.845712590674523
K28-010,4,1671.9039629246822,1672.938396846491,cruise,True,False,True,True,True,23.74228602982923
K28-010,5,1672.938396846491,1673.9728307683,cruise,True,False,True,True,True,23.61047528280035
K28-010,6,1673.9728307683,1675.0072646901087,cruise,True,False,True,True,True,23.452858591525114
K28-010,7,1675.0072646901087,1676.0416986119044,cruise,True,False,True,True,True,23.272286610578902
K28-010,8,1676.0416986119044,1677.0761325337,cruise,True,False,True,True,True,23.071737007822676
K28-010,9,1677.0761325337,1677.3284244213444,cruise,True,False,True,True,True,23.020133153604334
K28-010,10,1677.3284244213444,1677.5807163089887,cruise,True,False,True,True,True,22.967561071913366
K28-010,11,1677.5807163089887,1678.3628583431664,cruise,True,False,True,True,True,22.79887799178219
K28-010,12,1678.3628583431664,1679.145000377344,cruise,True,False,True,True,True,22.622508487294652
K28-010,13,1679.145000377344,1680.1794342991398,cruise,True,False,True,True,True,22.379396204804266
K28-010,14,1680.1794342991398,1681.2138682209354,cruise,True,False,True,True,True,22.127314675959468
K28-010,15,1681.2138682209354,1682.248302142731,cruise,True,False,True,True,True,21.86847358480128
K28-010,16,1682.248302142731,1683.2827360645267,cruise,True,False,True,True,True,21.604819123314243
K28-010,17,1683.2827360645267,1684.3171699863487,cruise,True,False,True,True,True,21.338039177943514
K28-010,18,1684.3171699863487,1685.3516039081708,cruise,True,False,True,True,True,21.069577660879048
K28-010,19,1685.3516039081708,1686.3860378299664,cruise,True,False,True,True,True,20.800654400016754
K28-010,20,1686.3860378299664,1687.420471751762,cruise,True,False,True,True,True,20.53228781707061
K28-010,21,1687.420471751762,1688.454905673571,cruise,True,False,True,True,True,20.26531838808164
K28-010,22,1688.454905673571,1689.4893395953798,cruise,True,False,True,True,True,20.00043152859668
K28-010,23,1689.4893395953798,1690.5237735171886,cruise,True,False,True,True,True,19.738179055467015
K28-010,24,1690.5237735171886,1691.5582074389974,cruise,True,False,True,True,True,19.478998757798735
K28-010,25,1691.5582074389974,1692.592641360793,cruise,True,False,True,True,True,19.22323187649998
K28-010,26,1692.592641360793,1693.6270752825887,cruise,True,False,True,True,True,18.97113847109506
K28-010,27,1693.6270752825887,1694.6615092044108,cruise,True,False,True,True,True,18.722910764528763
K28-010,28,1694.6615092044108,1695.6959431262328,cruise,True,False,True,True,True,18.47868462057157
K28-010,29,1695.6959431262328,1696.436445654659,cruise,True,False,True,True,True,18.306363417766903
K28-010,30,1696.436445654659,1697.1769481830854,cruise,True,False,True,True,True,18.136159743620055
K28-010,31,1697.1769481830854,1697.4708795764548,cruise,True,False,True,True,True,18.069189877847705
K28-010,32,1697.4708795764548,1697.764810969824,cruise,True,False,True,True,True,18.002555965331197
K28-010,33,1697.764810969824,1698.7992448916198,cruise,True,False,True,True,True,17.770724298298376
K28-010,34,1698.7992448916198,1699.8336788134154,cruise,True,False,True,True,True,17.543048783948464
K28-010,35,1699.8336788134154,1700.8681127352374,cruise,True,False,True,True,True,17.319503445958333
K28-010,36,1700.8681127352374,1701.9025466570595,cruise,True,False,True,True,True,17.10004600207091
K28-010,37,1701.9025466570595,1702.9369805788551,cruise,True,False,True,True,True,16.884621289523977
K28-010,38,1702.9369805788551,1703.9714145006508,cruise,True,False,True,True,True,16.673164108005764
K28-010,39,1703.9714145006508,1705.0058484224596,cruise,True,False,True,True,True,16.465601573050037
K28-010,40,1705.0058484224596,1706.0402823442685,cruise,True,False,True,True,True,16.261855058885118
K28-010,41,1706.0402823442685,1707.0747162660773,cruise,True,False,True,True,True,16.061841797669587
K28-010,42,1707.0747162660773,1708.1091501878861,cruise,True,False,True,True,True,15.865476191805143
K28-010,43,1708.1091501878861,1709.1435841096818,cruise,True,False,True,True,True,15.672670886814188
K28-010,44,1709.1435841096818,1710.1780180314774,cruise,True,False,True,True,True,15.483337644764802
K28-010,45,1710.1780180314774,1711.2124519532863,cruise,True,False,True,True,True,15.297388051702058
K28-010,46,1711.2124519532863,1712.2468858750951,cruise,True,False,True,True,True,15.11473408714599
K28-010,47,1712.2468858750951,1713.281319796904,cruise,True,False,True,True,True,14.93528857898464
K28-010,48,1713.281319796904,1714.3157537187128,cruise,True,False,True,True,True,14.75896556343109
K28-010,49,1714.3157537187128,1715.3501876405085,cruise,True,False,True,True,True,14.5856805662916
K28-010,50,1715.3501876405085,1716.3846215623041,cruise,True,False,True,True,True,14.415350819210587
K28-010,51,1716.3846215623041,1716.5789008097431,cruise,True,False,True,True,True,14.383683848828184
K28-010,52,1716.5789008097431,1716.7731800571821,cruise,True,False,True,True,True,14.35211773261895
K28-010,53,1716.7731800571821,1717.6133347315651,cruise,True,False,True,True,True,14.216759425906432
K28-010,54,1717.6133347315651,1718.4534894059482,cruise,True,False,True,True,True,14.083235462043405
K28-010,55,1718.4534894059482,1719.4879233277438,cruise,True,False,True,True,True,13.921294094393716
K28-010,56,1719.4879233277438,1720.5223572495395,cruise,True,False,True,True,True,13.761996596087059
K28-010,57,1720.5223572495395,1721.5567911713351,cruise,True,False,True,True,True,13.60527039334805
K28-010,58,1721.5567911713351,1722.5912250931308,cruise,True,False,True,True,True,13.451045070215656
K28-010,59,1722.5912250931308,1723.6256590149528,cruise,True,False,True,True,True,13.299252361230486
K28-010,60,1723.6256590149528,1724.6600929367748,cruise,True,False,True,True,True,13.149826131346842
K28-010,61,1724.6600929367748,1725.6945268585705,cruise,True,False,True,True,True,13.002702345807222
K28-010,62,1725.6945268585705,1726.7289607803662,cruise,True,False,True,True,True,12.857819032103393
K28-010,63,1726.7289607803662,1727.763394702175,cruise,True,False,True,True,True,12.715116235878966
K28-010,64,1727.763394702175,1728.7978286239838,cruise,True,False,True,True,True,12.574535972252647
K28-010,65,1728.7978286239838,1729.8322625457927,cruise,True,False,True,True,True,12.436022173716637
K28-010,66,1729.8322625457927,1730.8666964676015,cruise,True,False,True,True,True,12.299520635787033
K28-010,67,1730.8666964676015,1731.9011303893972,cruise,True,False,True,True,True,12.164978961082838
K28-010,68,1731.9011303893972,1732.9355643111928,cruise,True,False,True,True,True,12.032346502590187
K28-010,69,1732.9355643111928,1733.9699982330148,cruise,True,False,True,True,True,11.90157430668755
K28-010,70,1733.9699982330148,1735.0044321548369,cruise,True,False,True,True,True,11.772615056276933
K28-010,71,1735.0044321548369,1735.6869220425565,cruise,True,False,True,True,True,11.688501819480678
K28-010,72,1735.6869220425565,1736.369411930276,cruise,True,False,True,True,True,11.605145044459263
K28-010,73,1736.369411930276,1736.7213559643521,cruise,True,False,True,True,True,11.562451431362689
K28-010,74,1736.7213559643521,1737.0732999984282,cruise,True,False,True,True,True,11.519953969405009
K28-010,75,1737.0732999984282,1738.1077339202238,cruise,True,False,True,True,True,11.396165179194028
K28-010,76,1738.1077339202238,1739.1421678420195,cruise,True,False,True,True,True,11.27401531936765
K28-010,77,1739.1421678420195,1740.1766017638415,cruise,True,False,True,True,True,11.153464430660321
K28-010,78,1740.1766017638415,1741.2110356856635,cruise,True,False,True,True,True,11.034473868679427
K28-010,79,1741.2110356856635,1742.2454696074592,cruise,True,False,True,True,True,10.917006255006342
K28-010,80,1742.2454696074592,1743.2799035292549,cruise,True,False,True,True,True,10.801025429825145
K28-010,81,1743.2799035292549,1744.3143374510637,cruise,True,False,True,True,True,10.686496406175081
K28-010,82,1744.3143374510637,1745.3487713728725,cruise,True,False,True,True,True,10.573385325732048
K28-010,83,1745.3487713728725,1746.3832052946814,cruise,True,False,True,True,True,10.461659416237495
K28-010,84,1746.3832052946814,1747.4176392164902,cruise,True,False,True,True,True,10.351286950429383
K28-010,85,1747.4176392164902,1748.4520731382859,cruise,True,False,True,True,True,10.242237206548765
K28-010,86,1748.4520731382859,1749.4865070600815,cruise,True,False,True,True,True,10.134480430368342
K28-010,87,1749.4865070600815,1750.5209409819035,cruise,True,False,True,True,True,10.027987798653143
K28-010,88,1750.5209409819035,1751.5553749037256,cruise,True,False,True,True,True,9.922731384106939
K28-010,89,1751.5553749037256,1752.5898088255212,cruise,True,False,True,True,True,9.81868412167816
K28-010,90,1752.5898088255212,1753.6242427473169,cruise,True,False,True,True,True,9.715819776232308
K28-010,91,1753.6242427473169,1754.6586766691125,cruise,True,False,True,True,True,9.614112911543927
K28-010,92,1754.6586766691125,1755.6931105909082,cruise,True,False,True,True,True,9.513538860514004
K28-010,93,1755.6931105909082,1755.8293771976405,cruise,True,False,True,True,True,9.50037334618645
K28-010,94,1755.8293771976405,1755.9656438043728,cruise,True,False,True,True,True,9.487227019557693
K28-010,95,1755.9656438043728,1756.8638111194625,cruise,True,False,True,True,True,9.401052511256893
K28-010,96,1756.8638111194625,1757.7619784345522,cruise,True,False,True,True,True,9.31569420664934
K28-010,97,1757.7619784345522,1758.796412356348,cruise,True,False,True,True,True,9.218377864217047
K28-010,98,1758.796412356348,1759.8308462781436,cruise,True,False,True,True,True,9.122102804824891
K28-010,99,1759.8308462781436,1760.8652801999392,cruise,True,False,True,True,True,9.026847801616611
K28-010,100,1760.8652801999392,1761.8997141217349,cruise,True,False,True,True,True,8.932592242261748
K28-010,101,1761.8997141217349,1762.934148043557,cruise,True,False,True,True,True,8.839316106765764
K28-010,102,1762.934148043557,1763.968581965379,cruise,True,False,True,True,True,8.746999946199878
K28-010,103,1763.968581965379,1765.0030158871746,cruise,True,False,True,True,True,8.655624862316287
K28-010,104,1765.0030158871746,1766.0374498089702,cruise,True,False,True,True,True,8.565172487962897
K28-010,105,1766.0374498089702,1767.071883730779,cruise,True,False,True,True,True,8.475624968335254
K28-010,106,1767.071883730779,1768.106317652588,cruise,True,False,True,True,True,8.386964942991327
K28-010,107,1768.106317652588,1769.1407515743967,cruise,True,False,True,True,True,8.299175528576711
K28-010,108,1769.1407515743967,1770.1751854962056,cruise,True,False,True,True,True,8.212240302270914
K28-010,109,1770.1751854962056,1771.2096194180012,cruise,True,False,True,True,True,8.126143285902444
K28-010,110,1771.2096194180012,1772.244053339797,cruise,True,False,True,True,True,8.040868930690621
K28-010,111,1772.244053339797,1773.278487261619,cruise,True,False,True,True,True,7.956402102614277
K28-010,112,1773.278487261619,1774.312921183441,cruise,True,False,True,True,True,7.872728068363557
K28-010,113,1774.312921183441,1774.9373984309552,cruise,True,False,True,True,True,7.822592625569271
K28-010,114,1774.9373984309552,1775.5618756784695,cruise,True,False,True,True,True,7.7727377843364565
K28-010,115,1775.5618756784695,1775.9718323527509,cruise,True,False,True,True,True,7.740160193353532
K28-010,116,1775.9718323527509,1776.3817890270323,cruise,True,False,True,True,True,7.707701371244696
K28-010,117,1776.3817890270323,1777.416222948828,cruise,True,False,True,True,True,7.626321126538642
K28-010,118,1777.416222948828,1778.4506568706236,cruise,True,False,True,True,True,7.545678487590436
K28-010,119,1778.4506568706236,1779.4850907924456,cruise,True,False,True,True,True,7.465760532638669
K28-010,120,1779.4850907924456,1780.5195247142676,cruise,True,False,True,True,True,7.386554667269962
K28-010,121,1780.5195247142676,1781.5539586360633,cruise,True,False,True,True,True,7.308048613797041
K28-010,122,1781.5539586360633,1782.588392557859,cruise,True,False,True,True,True,7.230230401063949
K28-010,123,1782.588392557859,1783.6228264796678,cruise,True,False,True,True,True,7.153088354634534
K28-010,124,1783.6228264796678,1784.6572604014766,cruise,True,False,True,True,True,7.076611087362409
K28-010,125,1784.6572604014766,1785.6916943232854,cruise,True,False,True,True,True,7.000787490303381
K28-010,126,1785.6916943232854,1786.7261282450943,cruise,True,False,True,True,True,6.925606723997191
K28-010,127,1786.7261282450943,1787.76056216689,cruise,True,False,True,True,True,6.851058210043377
K28-010,128,1787.76056216689,1788.7949960886856,cruise,True,False,True,True,True,6.777131623024303
K28-010,129,1788.7949960886856,1789.8294300105076,cruise,True,False,True,True,True,6.7038168827074855
K28-010,130,1789.8294300105076,1790.8638639323297,cruise,True,False,True,True,True,6.631104146547216
K28-010,131,1790.8638639323297,1791.8982978541253,cruise,True,False,True,True,True,6.558983802459579
K28-010,132,1791.8982978541253,1792.932731775921,cruise,True,False,True,True,True,6.4874464618491885
K28-010,133,1792.932731775921,1793.9671656977166,cruise,True,False,True,True,True,6.4164829529134835
K28-010,134,1793.9671656977166,1795.0015996195123,cruise,True,False,True,True,True,6.346084314168436
K28-010,135,1795.0015996195123,1795.0798535855379,cruise,True,False,True,True,True,6.340781456934607
K28-010,136,1795.0798535855379,1795.1581075515635,cruise,True,False,True,True,True,6.335481778375495
K28-010,137,1795.1581075515635,1796.11428750736,cruise,True,False,True,True,True,6.270980649708235
K28-010,138,1796.11428750736,1797.0704674631563,cruise,True,False,True,True,True,6.206946815737723
K28-010,139,1797.0704674631563,1798.104901384952,cruise,True,False,True,True,True,6.138191029697026
K28-010,140,1798.104901384952,1799.1393353067476,cruise,True,False,True,True,True,6.069966249743985
K28-010,141,1799.1393353067476,1800.1737692285433,cruise,True,False,True,True,True,6.002264476815029
K28-010,142,1800.1737692285433,1801.208203150339,cruise,True,False,True,True,True,5.935077887934952
K28-010,143,1801.208203150339,1802.242637072161,cruise,True,False,True,True,True,5.868398831198675
K28-010,144,1802.242637072161,1803.277070993983,cruise,True,False,True,True,True,5.80221982089553
K28-010,145,1803.277070993983,1804.3115049157786,cruise,True,False,True,True,True,5.736533532856356
K28-010,146,1804.3115049157786,1805.3459388375743,cruise,True,False,True,True,True,5.671332799893051
K28-010,147,1805.3459388375743,1806.3803727593831,cruise,True,False,True,True,True,5.606610607455636
K28-010,148,1806.3803727593831,1807.414806681192,cruise,True,False,True,True,True,5.542360089403616
K28-010,149,1807.414806681192,1808.4492406030008,cruise,True,False,True,True,True,5.478574523911078
K28-010,150,1808.4492406030008,1809.4836745248097,cruise,True,False,True,True,True,5.415247329541913
K28-010,151,1809.4836745248097,1810.5181084466053,cruise,True,False,True,True,True,5.352372061420581
K28-010,152,1810.5181084466053,1811.552542368401,cruise,True,False,True,True,True,5.289942407548267
K28-010,153,1811.552542368401,1812.586976290223,cruise,True,False,True,True,True,5.227952185246465
K28-010,154,1812.586976290223,1813.621410212045,cruise,True,False,True,True,True,5.166395337690233
K28-010,155,1813.621410212045,1814.1878748188526,cruise,True,False,True,True,True,5.1328677953221415
K28-010,156,1814.1878748188526,1814.7543394256602,cruise,True,False,True,True,True,5.099467470267044
K28-010,157,1814.7543394256602,1815.2223087406483,cruise,True,False,True,True,True,5.071969986613283
K28-010,158,1815.2223087406483,1815.6902780556363,cruise,True,False,True,True,True,5.04455814894493
K28-010,159,1815.6902780556363,1816.724711977432,cruise,True,False,True,True,True,4.984266293924875
K28-010,160,1816.724711977432,1817.7591458992276,cruise,True,False,True,True,True,4.924384779841873
K28-010,161,1817.7591458992276,1818.7935798210497,cruise,True,False,True,True,True,4.86490813122073
K28-010,162,1818.7935798210497,1819.8280137428717,cruise,True,False,True,True,True,4.805830979971489
K28-010,163,1819.8280137428717,1820.8624476646673,cruise,True,False,True,True,True,4.747148062620752
K28-010,164,1820.8624476646673,1821.896881586463,cruise,True,False,True,True,True,4.688854217671832
K28-010,165,1821.896881586463,1822.9313155082718,cruise,True,False,True,True,True,4.630944383007034
K28-010,166,1822.9313155082718,1823.9657494300807,cruise,True,False,True,True,True,4.573413593398129
K28-010,167,1823.9657494300807,1825.0001833518895,cruise,True,False,True,True,True,4.516256978086602
K28-010,168,1825.0001833518895,1826.0346172736984,cruise,True,False,True,True,True,4.459469758421122
K28-010,169,1826.0346172736984,1827.069051195494,cruise,True,False,True,True,True,4.4030472455986285
K28-010,170,1827.069051195494,1828.1034851172897,cruise,True,False,True,True,True,4.346984838440548
K28-010,171,1828.1034851172897,1829.1379190391117,cruise,True,False,True,True,True,4.291278021252992
K28-010,172,1829.1379190391117,1830.1723529609337,cruise,True,False,True,True,True,4.2359223617660575
K28-010,173,1830.1723529609337,1831.2067868827294,cruise,True,False,True,True,True,4.180913509091695
K28-010,174,1831.2067868827294,1832.241220804525,cruise,True,False,True,True,True,4.126247191790284
K28-010,175,1832.241220804525,1833.2756547263207,cruise,True,False,True,True,True,4.071919215959269
K28-010,176,1833.2756547263207,1834.3100886481163,cruise,True,False,True,True,True,4.017925463386803
K28-010,177,1834.3100886481163,1834.3303299739366,cruise,True,False,True,True,True,4.0168722452114025
K28-010,178,1834.3303299739366,1834.350571299757,cruise,True,False,True,True,True,4.015819153428666
K28-010,179,1834.350571299757,1835.3647638957586,cruise,True,False,True,True,True,3.9632150925404517
K28-010,180,1835.3647638957586,1836.3789564917604,cruise,True,False,True,True,True,3.910924523010422
K28-010,181,1836.3789564917604,1837.413390413556,cruise,True,False,True,True,True,3.8579094614376856
K28-010,182,1837.413390413556,1838.4478243353517,cruise,True,False,True,True,True,3.805212872261663
K28-010,183,1838.4478243353517,1839.4822582571605,cruise,True,False,True,True,True,3.7528309899378343
K28-010,184,1839.4822582571605,1840.5166921789694,cruise,True,False,True,True,True,3.7007601146222555
K28-010,185,1840.5166921789694,1841.5511261007782,cruise,True,False,True,True,True,3.648996610681891
K28-010,186,1841.5511261007782,1842.585560022587,cruise,True,False,True,True,True,3.597536905217865
K28-010,187,1842.585560022587,1843.6199939443827,cruise,True,False,True,True,True,3.5463774866595514
K28-010,188,1843.6199939443827,1844.6544278661784,cruise,True,False,True,True,True,3.4955149033713724
K28-010,189,1844.6544278661784,1845.6888617879872,cruise,True,False,True,True,True,3.444945762316209
K28-010,190,1845.6888617879872,1846.723295709796,cruise,True,False,True,True,True,3.394666727756203
K28-010,191,1846.723295709796,1847.757729631605,cruise,True,False,True,True,True,3.3446745199698
K28-010,192,1847.757729631605,1848.7921635534137,cruise,True,False,True,True,True,3.2949659140253686
K28-010,193,1848.7921635534137,1849.8265974752094,cruise,True,False,True,True,True,3.245537738582186
K28-010,194,1849.8265974752094,1850.861031397005,cruise,True,False,True,True,True,3.1963868747105835
K28-010,195,1850.861031397005,1851.895465318827,cruise,True,False,True,True,True,3.1475102547621248
K28-010,196,1851.895465318827,1852.929899240649,cruise,True,False,True,True,True,3.0989048612632075
K28-010,197,1852.929899240649,1853.43835120675,cruise,True,False,True,True,True,3.075112525056028
K28-010,198,1853.43835120675,1853.9468031728509,cruise,True,False,True,True,True,3.0513846506558053
K28-010,199,1853.9468031728509,1854.4727851285456,cruise,True,False,True,True,True,3.026906172215533
K28-010,200,1854.4727851285456,1854.9987670842404,cruise,True,False,True,True,True,3.002495928132717
K28-010,201,1854.9987670842404,1856.033201006036,cruise,True,False,True,True,True,2.954686594847203
K28-010,202,1856.033201006036,1857.0676349278317,cruise,True,False,True,True,True,2.907136898692727
K28-010,203,1857.0676349278317,1858.1020688496537,cruise,True,False,True,True,True,2.859844057436078
K28-010,204,1858.1020688496537,1859.1365027714758,cruise,True,False,True,True,True,2.8128053329640608
K28-010,205,1859.1365027714758,1860.1709366932714,cruise,True,False,True,True,True,2.766018030360499
K28-010,206,1860.1709366932714,1861.205370615067,cruise,True,False,True,True,True,2.7194794969997673
K28-010,207,1861.205370615067,1862.239804536876,cruise,True,False,True,True,True,2.6731871216898924
K28-010,208,1862.239804536876,1863.2742384586847,cruise,True,False,True,True,True,2.627138333807622
K28-010,209,1863.2742384586847,1864.3086723804936,cruise,True,False,True,True,True,2.5813306024756173
K28-010,210,1864.3086723804936,1865.3431063023024,cruise,True,False,True,True,True,2.5357614357549494
K28-010,211,1865.3431063023024,1866.377540224098,cruise,True,False,True,True,True,2.4904283798546345
K28-010,212,1866.377540224098,1867.4119741458937,cruise,True,False,True,True,True,2.4453290183658396
K28-010,213,1867.4119741458937,1868.4464080677158,cruise,True,False,True,True,True,2.4004609715001948
K28-010,214,1868.4464080677158,1869.4808419895378,cruise,True,False,True,True,True,2.355821895383812
K28-010,215,1869.4808419895378,1870.5152759113334,cruise,True,False,True,True,True,2.311409481317824
K28-010,216,1870.5152759113334,1871.549709833129,cruise,True,False,True,True,True,2.2672214550974132
K28-010,217,1871.549709833129,1872.5463724405395,cruise,True,False,True,True,True,2.224857064040208
K28-010,218,1872.5463724405395,1873.5430350479498,cruise,True,False,True,True,True,2.182696918745947
K28-010,219,1873.5430350479498,1873.580806362335,cruise,True,False,True,True,True,2.1811031330448856
K28-010,220,1873.580806362335,1873.6185776767202,cruise,True,False,True,True,True,2.179509637786481
K28-010,221,1873.6185776767202,1874.6530115985422,cruise,True,False,True,True,True,2.135981464714277
K28-010,222,1874.6530115985422,1875.6874455203642,cruise,True,False,True,True,True,2.0926689142584536
K28-010,223,1875.6874455203642,1876.72187944216,cruise,True,False,True,True,True,2.0495698748156457
K28-010,224,1876.72187944216,1877.7563133639555,cruise,True,False,True,True,True,2.006682265439295
K28-010,225,1877.7563133639555,1878.7907472857644,cruise,True,False,True,True,True,1.9640040352525716
K28-010,226,1878.7907472857644,1879.8251812075732,cruise,True,False,True,True,True,1.9215331628873713
K28-010,227,1879.8251812075732,1880.859615129382,cruise,True,False,True,True,True,1.8792676559013444
K28-010,228,1880.859615129382,1881.894049051191,cruise,True,False,True,True,True,1.8372055502518663
K28-010,229,1881.894049051191,1882.9284829729866,cruise,True,False,True,True,True,1.7953449097615533
K28-010,230,1882.9284829729866,1883.9629168947822,cruise,True,False,True,True,True,1.7536838255839058
K28-010,231,1883.9629168947822,1884.997350816591,cruise,True,False,True,True,True,1.7122204157102487
K28-010,232,1884.997350816591,1886.0317847384,cruise,True,False,True,True,True,1.670952824459917
K28-010,233,1886.0317847384,1887.0662186602087,cruise,True,False,True,True,True,1.6298792219991753
K28-010,234,1887.0662186602087,1888.1006525820176,cruise,True,False,True,True,True,1.588997803872914
K28-010,235,1888.1006525820176,1889.1350865038132,cruise,True,False,True,True,True,1.5483067905288124
K28-010,236,1889.1350865038132,1890.1695204256089,cruise,True,False,True,True,True,1.5078044268722266
K28-010,237,1890.1695204256089,1891.203954347431,cruise,True,False,True,True,True,1.4674889818183345
K28-010,238,1891.203954347431,1892.238388269253,cruise,True,False,True,True,True,1.4273587478651706
K28-010,239,1892.238388269253,1892.6888275951485,cruise,True,False,True,True,True,1.40994168422165
K28-010,240,1892.6888275951485,1893.139266921044,cruise,True,False,True,True,True,1.3925592815474914
K28-010,241,1893.139266921044,1893.7232615169441,cruise,True,False,True,True,True,1.370074372241092
K28-010,242,1893.7232615169441,1894.3072561128442,cruise,True,False,True,True,True,1.3476471985948422
K28-010,243,1894.3072561128442,1895.34169003464,cruise,True,False,True,True,True,1.3080625823954648
K28-010,244,1895.34169003464,1896.3761239564355,cruise,True,False,True,True,True,1.2686565747274443
K28-010,245,1896.3761239564355,1897.4105578782576,cruise,True,False,True,True,True,1.2294275798058152
K28-010,246,1897.4105578782576,1898.4449918000796,cruise,True,False,True,True,True,1.1903740230237219
K28-010,247,1898.4449918000796,1899.4794257218753,cruise,True,False,True,True,True,1.1514943505698199
K28-010,248,1899.4794257218753,1900.513859643671,cruise,True,False,True,True,True,1.1127870290780493
K28-010,249,1900.513859643671,1901.5482935654798,cruise,True,False,True,True,True,1.0742505452616058
K28-010,250,1901.5482935654798,1902.5827274872886,cruise,True,False,True,True,True,1.0358834055762713
K28-010,251,1902.5827274872886,1903.6171614090974,cruise,True,False,True,True,True,0.9976841358700455
K28-010,252,1903.6171614090974,1904.6515953309063,cruise,True,False,True,True,True,0.9596512810536382
K28-010,253,1904.6515953309063,1905.686029252702,cruise,True,False,True,True,True,0.9217834047865665
K28-010,254,1905.686029252702,1906.7204631744976,cruise,True,False,True,True,True,0.8840790891394334
K28-010,255,1906.7204631744976,1907.7548970963196,cruise,True,False,True,True,True,0.8465369342941358
K28-010,256,1907.7548970963196,1908.7893310181416,cruise,True,False,True,True,True,0.8091555582360144
K28-010,257,1908.7893310181416,1909.8237649399373,cruise,True,False,True,True,True,0.7719335964560514
K28-010,258,1909.8237649399373,1910.858198861733,cruise,True,False,True,True,True,0.7348697016518742
K28-010,259,1910.858198861733,1911.7968488279355,cruise,True,False,True,True,True,0.7013734318465907
K28-010,260,1911.7968488279355,1912.735498794138,cruise,True,False,True,True,True,0.6680052339617646
K28-010,261,1912.735498794138,1912.8312827497311,cruise,True,False,True,True,True,0.6646073598018063
K28-010,262,1912.8312827497311,1912.9270667053243,cruise,True,False,True,True,True,0.6612108081161807
K28-010,263,1912.9270667053243,1913.9615006271463,cruise,True,False,True,True,True,0.6246131982862835
K28-010,264,1913.9615006271463,1914.9959345489683,cruise,True,False,True,True,True,0.5881684326965768
K28-010,265,1914.9959345489683,1916.030368470764,cruise,True,False,True,True,True,0.5518752459186373
K28-010,266,1916.030368470764,1917.0648023925596,cruise,True,False,True,True,True,0.5157323880974332
K28-010,267,1917.0648023925596,1918.0992363143685,cruise,True,False,True,True,True,0.47973862470094275
K28-010,268,1918.0992363143685,1919.1336702361773,cruise,True,False,True,True,True,0.4438927362763536
K28-010,269,1919.1336702361773,1920.1681041579861,cruise,True,False,True,True,True,0.4081935181974927
K28-010,270,1920.1681041579861,1921.202538079795,cruise,True,False,True,True,True,0.3726397804328485
K28-010,271,1921.202538079795,1922.2369720015906,cruise,True,False,True,True,True,0.3372303473119018
K28-010,272,1922.2369720015906,1923.2714059233863,cruise,True,False,True,True,True,0.30196405729248
K28-010,273,1923.2714059233863,1924.3058398451951,cruise,True,False,True,True,True,0.26683976273793064
K28-010,274,1924.3058398451951,1925.340273767004,cruise,True,False,True,True,True,0.23185632970091774
K28-010,275,1925.340273767004,1926.3747076888128,cruise,True,False,True,True,True,0.19701263770012645
K28-010,276,1926.3747076888128,1927.4091416106216,cruise,True,False,True,True,True,0.16230757951232988
K28-010,277,1927.4091416106216,1928.4435755324173,cruise,True,False,True,True,True,0.1277400609708792
K28-010,278,1928.4435755324173,1929.478009454213,cruise,True,False,True,True,True,0.09330900075117654
K28-010,279,1929.478009454213,1930.512443376035,cruise,True,False,True,True,True,0.05901333017760635
K28-010,280,1930.512443376035,1931.546877297857,cruise,True,False,True,True,True,0.024851993028676134
K28-010,281,1931.546877297857,1931.939303983547,cruise,True,False,True,True,True,0.011927351588710167
K28-010,282,1931.939303983547,1932.331730669237,cruise,False,True,True,True,True,-0.00097816391712513
K28-010,283,1932.331730669237,1932.9737379053427,cruise,False,True,True,True,True,-0.02205040154250071
K28-010,284,1932.9737379053427,1933.615745141448,cruise,False,True,True,True,True,-0.04307184476573411
K28-010,285,1933.615745141448,1934.6501790632437,cruise,False,True,True,True,True,-0.07683639730238667
K28-010,286,1934.6501790632437,1935.6846129850394,cruise,False,True,True,True,True,-0.11047072056088325
K28-010,287,1935.6846129850394,1936.7190469068614,cruise,False,True,True,True,True,-0.1439758113095735
K28-010,288,1936.7190469068614,1937.7534808286835,cruise,False,True,True,True,True,-0.17735265495548447
K28-010,289,1937.7534808286835,1938.787914750479,cruise,False,True,True,True,True,-0.210602225729275
K28-010,290,1938.787914750479,1939.8223486722748,cruise,False,True,True,True,True,-0.24372548684131345
K28-010,291,1939.8223486722748,1940.8567825940836,cruise,False,True,True,True,True,-0.27672339065702545
K28-010,292,1940.8567825940836,1941.8912165158924,cruise,False,True,True,True,True,-0.30959687884688947
K28-010,293,1941.8912165158924,1942.9256504377013,cruise,False,True,True,True,True,-0.3423468825529312
K28-010,294,1942.9256504377013,1943.9600843595101,cruise,False,True,True,True,True,-0.3749743225452562
K28-010,295,1943.9600843595101,1944.9945182813058,cruise,False,True,True,True,True,-0.40748010936837886
K28-010,296,1944.9945182813058,1946.0289522031014,cruise,False,True,True,True,True,-0.43986514349900574
K28-010,297,1946.0289522031014,1947.0633861249235,cruise,False,True,True,True,True,-0.4721303154906167
K28-010,298,1947.0633861249235,1948.0978200467455,cruise,False,True,True,True,True,-0.504276506110827
K28-010,299,1948.0978200467455,1949.1322539685411,cruise,False,True,True,True,True,-0.5363045864980194
K28-010,300,1949.1322539685411,1950.1666878903368,cruise,False,True,True,True,True,-0.568215418287707
K28-010,301,1950.1666878903368,1951.047325216334,cruise,False,True,True,True,True,-0.5952900837623645
K28-010,302,1951.047325216334,1951.9279625423312,cruise,False,True,True,True,True,-0.622280911649824
K28-010,303,1951.9279625423312,1952.0817591381297,cruise,False,True,True,True,True,-0.6269860930891298
K28-010,304,1952.0817591381297,1952.235555733928,cruise,False,True,True,True,True,-0.6316887359622996
K28-010,305,1952.235555733928,1953.2699896557501,cruise,False,True,True,True,True,-0.6632528988553617
K28-010,306,1953.2699896557501,1954.3044235775722,cruise,False,True,True,True,True,-0.6947031674339286
K28-010,307,1954.3044235775722,1955.3388574993678,cruise,False,True,True,True,True,-0.7260403578501382
K28-010,308,1955.3388574993678,1956.3732914211635,cruise,False,True,True,True,True,-0.7572652775561295
K28-010,309,1956.3732914211635,1957.4077253429723,cruise,False,True,True,True,True,-0.7883787254087622
K28-010,310,1957.4077253429723,1958.4421592647811,cruise,False,True,True,True,True,-0.8193814917989357
K28-010,311,1958.4421592647811,1959.47659318659,cruise,False,True,True,True,True,-0.8502743587713866
K28-010,312,1959.47659318659,1960.5110271083988,cruise,False,True,True,True,True,-0.8810581001371105
K28-010,313,1960.5110271083988,1961.5454610301945,cruise,False,True,True,True,True,-0.9117334815930604
K28-010,314,1961.5454610301945,1962.5798949519901,cruise,False,True,True,True,True,-0.9423012608285575
K28-010,315,1962.5798949519901,1963.6143288738122,cruise,False,True,True,True,True,-0.9727621876435961
K28-010,316,1963.6143288738122,1964.6487627956342,cruise,False,True,True,True,True,-1.0031170040537063
K28-010,317,1964.6487627956342,1965.6831967174298,cruise,False,True,True,True,True,-1.0333664443905093
K28-010,318,1965.6831967174298,1966.7176306392255,cruise,False,True,True,True,True,-1.0635112354246985
K28-010,319,1966.7176306392255,1967.7520645610211,cruise,False,True,True,True,True,-1.0935520964486471
K28-010,320,1967.7520645610211,1968.7864984828168,cruise,False,True,True,True,True,-1.123489739393122
K28-010,321,1968.7864984828168,1969.8209324046388,cruise,False,True,True,True,True,-1.1533248689207483
K28-010,322,1969.8209324046388,1970.8553663264609,cruise,False,True,True,True,True,-1.1830581825226432
K28-010,323,1970.8553663264609,1971.189780370943,cruise,False,True,True,True,True,-1.1926487691761594
K28-010,324,1971.189780370943,1971.5241944154252,cruise,False,True,True,True,True,-1.2022288102881618
K28-010,325,1971.5241944154252,1972.2242142927387,cruise,False,True,True,True,True,-1.222248411722802
K28-010,326,1972.2242142927387,1972.9242341700522,cruise,False,True,True,True,True,-1.2422221166614094
K28-010,327,1972.9242341700522,1973.9586680918478,cruise,False,True,True,True,True,-1.271654097200738
K28-010,328,1973.9586680918478,1974.9931020136435,cruise,False,True,True,True,True,-1.3009869820094195
K28-010,329,1974.9931020136435,1976.0275359354655,cruise,False,True,True,True,True,-1.3302214341538416
K28-010,330,1976.0275359354655,1977.0619698572875,cruise,False,True,True,True,True,-1.3593581100869727
K28-010,331,1977.0619698572875,1978.0964037790832,cruise,False,True,True,True,True,-1.3883976597361425
K28-010,332,1978.0964037790832,1979.1308377008788,cruise,False,True,True,True,True,-1.417340726590652
K28-010,333,1979.1308377008788,1980.1652716226877,cruise,False,True,True,True,True,-1.4461879477854467
K28-010,334,1980.1652716226877,1981.1997055444965,cruise,False,True,True,True,True,-1.4749399541811385
K28-010,335,1981.1997055444965,1982.2341394663054,cruise,False,True,True,True,True,-1.5035973704498815
K28-010,336,1982.2341394663054,1983.2685733881142,cruise,False,True,True,True,True,-1.5321608151556632
K28-010,337,1983.2685733881142,1984.3030073099098,cruise,False,True,True,True,True,-1.5606309008285564
K28-010,338,1984.3030073099098,1985.3374412317055,cruise,False,True,True,True,True,-1.5890082340487908
K28-010,339,1985.3374412317055,1986.3718751535275,cruise,False,True,True,True,True,-1.6172934155217717
K28-010,340,1986.3718751535275,1987.4063090753496,cruise,False,True,True,True,True,-1.6454870401498596
K28-010,341,1987.4063090753496,1988.4407429971452,cruise,False,True,True,True,True,-1.6735896971089943
K28-010,342,1988.4407429971452,1989.4751769189409,cruise,False,True,True,True,True,-1.7016019699256617
K28-010,343,1989.4751769189409,1990.2978016047327,cruise,False,True,True,True,True,-1.723814355236172
K28-010,344,1990.2978016047327,1991.1204262905244,cruise,False,True,True,True,True,-1.745970234580966
K28-010,345,1991.1204262905244,1991.3322355265282,cruise,False,True,True,True,True,-1.7516658131267917
K28-010,346,1991.3322355265282,1991.5440447625322,cruise,False,True,True,True,True,-1.7573576693917516
K28-010,347,1991.5440447625322,1992.5784786843542,cruise,False,True,True,True,True,-1.7851022354662405
K28-010,348,1992.5784786843542,1993.6129126061762,cruise,False,True,True,True,True,-1.8127586963849325
K28-010,349,1993.6129126061762,1994.6473465279719,cruise,False,True,True,True,True,-1.8403276084621467
K28-010,350,1994.6473465279719,1995.6817804497675,cruise,False,True,True,True,True,-1.8678095227744933
K28-010,351,1995.6817804497675,1996.7162143715764,cruise,False,True,True,True,True,-1.8952049852271955
K28-010,352,1996.7162143715764,1997.7506482933852,cruise,False,True,True,True,True,-1.9225145366121552
K28-010,353,1997.7506482933852,1998.785082215194,cruise,False,True,True,True,True,-1.9497387126803858
K28-010,354,1998.785082215194,1999.819516137003,cruise,False,True,True,True,True,-1.9768780441997222
K28-010,355,1999.819516137003,2000.8539500587985,cruise,False,True,True,True,True,-2.0039330570135263
K28-010,356,2000.8539500587985,2001.8883839805942,cruise,False,True,True,True,True,-2.0309042721074633
K28-010,357,2001.8883839805942,2002.9228179024162,cruise,False,True,True,True,True,-2.0577922056635884
K28-010,358,2002.9228179024162,2003.9572518242383,cruise,False,True,True,True,True,-2.0845973691235287
K28-010,359,2003.9572518242383,2004.991685746034,cruise,False,True,True,True,True,-2.1113202692408066
K28-010,360,2004.991685746034,2006.0261196678296,cruise,False,True,True,True,True,-2.137961408143994
K28-010,361,2006.0261196678296,2007.0605535896252,cruise,False,True,True,True,True,-2.1645212833896323
K28-010,362,2007.0605535896252,2008.0949875114209,cruise,False,True,True,True,True,-2.1910003880134212
K28-010,363,2008.0949875114209,2009.129421433243,cruise,False,True,True,True,True,-2.2173992105954596
K28-010,364,2009.129421433243,2010.163855355065,cruise,False,True,True,True,True,-2.2437182353012872
K28-010,365,2010.163855355065,2010.4402567593415,cruise,False,True,True,True,True,-2.2507372473415472
K28-010,366,2010.4402567593415,2010.7166581636184,cruise,False,True,True,True,True,-2.2577506054992114
K28-010,367,2010.7166581636184,2011.4746906811372,cruise,False,True,True,True,True,-2.2769558408229784
K28-010,368,2011.4746906811372,2012.232723198656,cruise,False,True,True,True,True,-2.2961188060242392
K28-010,369,2012.232723198656,2013.2671571204517,cruise,False,True,True,True,True,-2.3222012988027814
K28-010,370,2013.2671571204517,2014.3015910422473,cruise,False,True,True,True,True,-2.348205887330977
K28-010,371,2014.3015910422473,2015.3360249640693,cruise,False,True,True,True,True,-2.3741330345066842
K28-010,372,2015.3360249640693,2016.3704588858914,cruise,False,True,True,True,True,-2.399983199125927
K28-010,373,2016.3704588858914,2017.404892807687,cruise,False,True,True,True,True,-2.4257568359277855
K28-010,374,2017.404892807687,2018.4393267294827,cruise,False,True,True,True,True,-2.4514543956418606
K28-010,375,2018.4393267294827,2019.4737606512915,cruise,False,True,True,True,True,-2.477076325044038
K28-010,376,2019.4737606512915,2020.5081945731004,cruise,False,True,True,True,True,-2.5026230669837872
K28-010,377,2020.5081945731004,2021.5426284949092,cruise,False,True,True,True,True,-2.528095060450852
K28-010,378,2021.5426284949092,2022.577062416718,cruise,False,True,True,True,True,-2.553492740607723
K28-010,379,2022.577062416718,2023.6114963385137,cruise,False,True,True,True,True,-2.578816538831319
K28-010,380,2023.6114963385137,2024.6459302603093,cruise,False,True,True,True,True,-2.604066882769274
K28-010,381,2024.6459302603093,2025.6803641821314,cruise,False,True,True,True,True,-2.6292441963701094
K28-010,382,2025.6803641821314,2026.7147981039534,cruise,False,True,True,True,True,-2.654348899934348
K28-010,383,2026.7147981039534,2027.749232025749,cruise,False,True,True,True,True,-2.6793814101474283
K28-010,384,2027.749232025749,2028.7836659475447,cruise,False,True,True,True,True,-2.7043421401306063
K28-010,385,2028.7836659475447,2029.5482779921285,cruise,False,True,True,True,True,-2.722746213248783
K28-010,386,2029.5482779921285,2030.3128900367124,cruise,False,True,True,True,True,-2.741111456752151
K28-010,387,2030.3128900367124,2030.5827119139242,cruise,False,True,True,True,True,-2.7475830795032437
K28-010,388,2030.5827119139242,2030.852533791136,cruise,False,True,True,True,True,-2.754049894288954
K28-010,389,2030.852533791136,2031.886967712958,cruise,False,True,True,True,True,-2.7787977272220985
K28-010,390,2031.886967712958,2032.92140163478,cruise,False,True,True,True,True,-2.803475397519634
K28-010,391,2032.92140163478,2033.9558355565757,cruise,False,True,True,True,True,-2.8280833010553295
K28-010,392,2033.9558355565757,2034.9902694783714,cruise,False,True,True,True,True,-2.8526218303685056
K28-010,393,2034.9902694783714,2036.0247034001802,cruise,False,True,True,True,True,-2.877091374701351
K28-010,394,2036.0247034001802,2037.059137321989,cruise,False,True,True,True,True,-2.9014923200376757
K28-010,395,2037.059137321989,2038.093571243798,cruise,False,True,True,True,True,-2.9258250491338487
K28-010,396,2038.093571243798,2039.1280051656067,cruise,False,True,True,True,True,-2.9500899415630073
K28-010,397,2039.1280051656067,2040.1624390874024,cruise,False,True,True,True,True,-2.9742873737435787
K28-010,398,2040.1624390874024,2041.196873009198,cruise,False,True,True,True,True,-2.9984177189741814
K28-010,399,2041.196873009198,2042.23130693102,cruise,False,True,True,True,True,-3.022481347473388
K28-010,400,2042.23130693102,2043.265740852842,cruise,False,True,True,True,True,-3.0464786264059427
K28-010,401,2043.265740852842,2044.3001747746378,cruise,False,True,True,True,True,-3.0704099199239607
K28-010,402,2044.3001747746378,2045.3346086964334,cruise,False,True,True,True,True,-3.0942755891919376
K28-010,403,2045.3346086964334,2046.369042618229,cruise,False,True,True,True,True,-3.1180759924263697
K28-010,404,2046.369042618229,2047.4034765400247,cruise,False,True,True,True,True,-3.1418114849229966
K28-010,405,2047.4034765400247,2048.437910461847,cruise,False,True,True,True,True,-3.1654824190906083
K28-010,406,2048.437910461847,2049.472344383669,cruise,False,True,True,True,True,-3.1890891444808744
K28-010,407,2049.472344383669,2049.6907331477405,cruise,False,True,True,True,True,-3.194064799163314
K28-010,408,2049.6907331477405,2049.909121911812,cruise,False,True,True,True,True,-3.199037610690141
K28-010,409,2049.909121911812,2050.725167069536,cruise,False,True,True,True,True,-3.2175942240658344
K28-010,410,2050.725167069536,2051.54121222726,cruise,False,True,True,True,True,-3.236111353035568
K28-010,411,2051.54121222726,2052.575646149069,cruise,False,True,True,True,True,-3.2595275212970307
K28-010,412,2052.575646149069,2053.610080070878,cruise,False,True,True,True,True,-3.2828808510313365
K28-010,413,2053.610080070878,2054.6445139926873,cruise,False,True,True,True,True,-3.3061716779601653
K28-010,414,2054.6445139926873,2055.6789479144963,cruise,False,True,True,True,True,-3.329400335128639
K28-010,415,2055.6789479144963,2056.713381836292,cruise,False,True,True,True,True,-3.35256715292968
K28-010,416,2056.713381836292,2057.747815758087,cruise,False,True,True,True,True,-3.375672459135643
K28-010,417,2057.747815758087,2058.7822496798963,cruise,False,True,True,True,True,-3.3987165789254306
K28-010,418,2058.7822496798963,2059.8166836017053,cruise,False,True,True,True,True,-3.4216998349092194
K28-010,419,2059.8166836017053,2060.8511175235144,cruise,False,True,True,True,True,-3.444622547157522
K28-010,420,2060.8511175235144,2061.8855514453235,cruise,False,True,True,True,True,-3.4674850332289395
K28-010,421,2061.8855514453235,2062.919985367119,cruise,False,True,True,True,True,-3.4902876081924177
K28-010,422,2062.919985367119,2063.9544192889143,cruise,False,True,True,True,True,-3.5130305846569314
K28-010,423,2063.9544192889143,2064.9888532107366,cruise,False,True,True,True,True,-3.535714272795559
K28-010,424,2064.9888532107366,2066.023287132559,cruise,False,True,True,True,True,-3.558338980369996
K28-010,425,2066.023287132559,2067.0577210543543,cruise,False,True,True,True,True,-3.5809050127553235
K28-010,426,2067.0577210543543,2068.0921549761497,cruise,False,True,True,True,True,-3.6034126729666554
K28-010,427,2068.0921549761497,2068.798754380528,cruise,False,True,True,True,True,-3.6187537682833977
K28-010,428,2068.798754380528,2069.505353784906,cruise,False,True,True,True,True,-3.6340678629302516
K28-010,429,2069.505353784906,2069.8331883023234,cruise,False,True,True,True,True,-3.6411638612682538
K28-010,430,2069.8331883023234,2070.1610228197405,cruise,False,True,True,True,True,-3.6482540772656193
K28-010,431,2070.1610228197405,2071.195456741563,cruise,False,True,True,True,True,-3.670588415793034
K28-010,432,2071.195456741563,2072.229890663385,cruise,False,True,True,True,True,-3.692865571072687
K28-010,433,2072.229890663385,2073.2643245851805,cruise,False,True,True,True,True,-3.715085834669182
K28-010,434,2073.2643245851805,2074.298758506976,cruise,False,True,True,True,True,-3.7372494959280402
K28-010,435,2074.298758506976,2075.333192428785,cruise,False,True,True,True,True,-3.7593568419973167
K28-010,436,2075.333192428785,2076.367626350594,cruise,False,True,True,True,True,-3.781408157847224
K28-010,437,2076.367626350594,2077.402060272403,cruise,False,True,True,True,True,-3.8034037262962244
K28-010,438,2077.402060272403,2078.436494194212,cruise,False,True,True,True,True,-3.8253438280280534
K28-010,439,2078.436494194212,2079.4709281160076,cruise,False,True,True,True,True,-3.8472287416171866
K28-010,440,2079.4709281160076,2080.505362037803,cruise,False,True,True,True,True,-3.8690587435483508
K28-010,441,2080.505362037803,2081.5397959596253,cruise,False,True,True,True,True,-3.8908341082365467
K28-010,442,2081.5397959596253,2082.5742298814475,cruise,False,True,True,True,True,-3.912555108048764
K28-010,443,2082.5742298814475,2083.608663803243,cruise,False,True,True,True,True,-3.934222013322227
K28-010,444,2083.608663803243,2084.6430977250384,cruise,False,True,True,True,True,-3.95583509238827
K28-010,445,2084.6430977250384,2085.677531646834,cruise,False,True,True,True,True,-3.977394611587343
K28-010,446,2085.677531646834,2086.7119655686297,cruise,False,True,True,True,True,-3.9989008352942648
K28-010,447,2086.7119655686297,2087.746399490452,cruise,False,True,True,True,True,-4.020354025933074
K28-010,448,2087.746399490452,2088.780833412274,cruise,False,True,True,True,True,-4.041754443995018
K28-010,449,2088.780833412274,2088.9412095351377,cruise,False,True,True,True,True,-4.045067604388777
K28-010,450,2088.9412095351377,2089.101585658001,cruise,False,True,True,True,True,-4.048379503485592
K28-010,451,2089.101585658001,2089.9756434569335,cruise,False,True,True,True,True,-4.066407389845239
K28-010,452,2089.9756434569335,2090.849701255866,cruise,False,True,True,True,True,-4.084397994825437
K28-010,453,2090.849701255866,2091.884135177675,cruise,False,True,True,True,True,-4.10564163909811
K28-010,454,2091.884135177675,2092.918569099484,cruise,False,True,True,True,True,-4.1268335338379245
K28-010,455,2092.918569099484,2093.953003021293,cruise,False,True,True,True,True,-4.14797393016363
K28-010,456,2093.953003021293,2094.9874369431022,cruise,False,True,True,True,True,-4.1690630773777855
K28-010,457,2094.9874369431022,2096.0218708648977,cruise,False,True,True,True,True,-4.190101222972444
K28-010,458,2096.0218708648977,2097.0563047866935,cruise,False,True,True,True,True,-4.211088612660461
K28-010,459,2097.0563047866935,2098.0907387085026,cruise,False,True,True,True,True,-4.23202549038362
K28-010,460,2098.0907387085026,2099.1251726303117,cruise,False,True,True,True,True,-4.252912098329745
K28-010,461,2099.1251726303117,2100.1596065521207,cruise,False,True,True,True,True,-4.2737486769572115
K28-010,462,2100.1596065521207,2101.1940404739294,cruise,False,True,True,True,True,-4.294535464997978
K28-010,463,2101.1940404739294,2102.228474395725,cruise,False,True,True,True,True,-4.315272699489782
K28-010,464,2102.228474395725,2103.2629083175207,cruise,False,True,True,True,True,-4.335960615779101
K28-010,465,2103.2629083175207,2104.297342239343,cruise,False,True,True,True,True,-4.356599447543985
K28-010,466,2104.297342239343,2105.331776161165,cruise,False,True,True,True,True,-4.37718942680965
K28-010,467,2105.331776161165,2106.3662100829606,cruise,False,True,True,True,True,-4.397730783957428
K28-010,468,2106.3662100829606,2107.4006440047565,cruise,False,True,True,True,True,-4.418223747751043
K28-010,469,2107.4006440047565,2108.0492307689296,cruise,False,True,True,True,True,-4.431048188543912
K28-010,470,2108.0492307689296,2108.697817533103,cruise,False,True,True,True,True,-4.4438537497001676
K28-010,471,2108.697817533103,2109.0836646907255,cruise,False,True,True,True,True,-4.4514629012301015
K28-010,472,2109.0836646907255,2109.4695118483482,cruise,False,True,True,True,True,-4.459065402291486
K28-010,473,2109.4695118483482,2110.5039457701705,cruise,False,True,True,True,True,-4.4794145425798035
K28-010,474,2110.5039457701705,2111.5383796919928,cruise,False,True,True,True,True,-4.499716188623381
K28-010,475,2111.5383796919928,2112.572813613788,cruise,False,True,True,True,True,-4.5199705612920695
K28-010,476,2112.572813613788,2113.607247535584,cruise,False,True,True,True,True,-4.5401778799176356
K28-010,477,2113.607247535584,2114.641681457393,cruise,False,True,True,True,True,-4.56033836231353
K28-010,478,2114.641681457393,2115.676115379202,cruise,False,True,True,True,True,-4.580452224784523
K28-010,479,2115.676115379202,2116.7105493010113,cruise,False,True,True,True,True,-4.600519682144508
K28-010,480,2116.7105493010113,2117.7449832228203,cruise,False,True,True,True,True,-4.6205409477267665
K28-010,481,2117.7449832228203,2118.7794171446158,cruise,False,True,True,True,True,-4.640516233398529
K28-010,482,2118.7794171446158,2119.813851066411,cruise,False,True,True,True,True,-4.660445749576226
K28-010,483,2119.813851066411,2120.8482849882334,cruise,False,True,True,True,True,-4.680329705236332
K28-010,484,2120.8482849882334,2121.8827189100557,cruise,False,True,True,True,True,-4.7001683079291325
K28-010,485,2121.8827189100557,2122.917152831851,cruise,False,True,True,True,True,-4.7199617637930515
K28-010,486,2122.917152831851,2123.951586753647,cruise,False,True,True,True,True,-4.739710277563404
K28-010,487,2123.951586753647,2124.9860206754424,cruise,False,True,True,True,True,-4.759414052590756
K28-010,488,2124.9860206754424,2126.020454597238,cruise,False,True,True,True,True,-4.7790732908496665
K28-010,489,2126.020454597238,2127.05488851906,cruise,False,True,True,True,True,-4.798688192951843
K28-010,490,2127.05488851906,2128.0893224408824,cruise,False,True,True,True,True,-4.818258958158069
K28-010,491,2128.0893224408824,2128.1916859235403,cruise,False,True,True,True,True,-4.820193211181092
K28-010,492,2128.1916859235403,2128.294049406198,cruise,False,True,True,True,True,-4.822127034132194
K28-010,493,2128.294049406198,2129.2261198453357,cruise,False,True,True,True,True,-4.839715700096974
K28-010,494,2129.2261198453357,2130.158190284473,cruise,False,True,True,True,True,-4.857268868244063
K28-010,495,2130.158190284473,2131.1926242062823,cruise,False,True,True,True,True,-4.87670840500175
K28-010,496,2131.1926242062823,2132.2270581280914,cruise,False,True,True,True,True,-4.896104588640156
K28-010,497,2132.2270581280914,2133.2614920499004,cruise,False,True,True,True,True,-4.91545761184662
K28-010,498,2133.2614920499004,2134.2959259717095,cruise,False,True,True,True,True,-4.934767666027668
K28-010,499,2134.2959259717095,2135.330359893505,cruise,False,True,True,True,True,-4.954034941320245
K28-010,500,2135.330359893505,2136.3647938153003,cruise,False,True,True,True,True,-4.973259626604715
K28-010,501,2136.3647938153003,2137.3992277371094,cruise,False,True,True,True,True,-4.992441909514838
K28-010,502,2137.3992277371094,2138.4336616589185,cruise,False,True,True,True,True,-5.0115819764475305
K28-010,503,2138.4336616589185,2139.4680955807275,cruise,False,True,True,True,True,-5.030680012576511
K28-010,504,2139.4680955807275,2140.5025295025366,cruise,False,True,True,True,True,-5.049736201861023
K28-010,505,2140.5025295025366,2141.536963424332,cruise,False,True,True,True,True,-5.068750727055175
K28-010,506,2141.536963424332,2142.5713973461275,cruise,False,True,True,True,True,-5.087723769722089
K28-010,507,2142.5713973461275,2143.6058312679497,cruise,False,True,True,True,True,-5.1066555102403015
K28-010,508,2143.6058312679497,2144.640265189772,cruise,False,True,True,True,True,-5.125546127817898
K28-010,509,2144.640265189772,2145.6746991115674,cruise,False,True,True,True,True,-5.144395800498529
K28-010,510,2145.6746991115674,2146.709133033363,cruise,False,True,True,True,True,-5.1632047051749765
K28-010,511,2146.709133033363,2147.2997071563277,cruise,False,True,True,True,True,-5.1739247820882355
K28-010,512,2147.2997071563277,2147.8902812792926,cruise,False,True,True,True,True,-5.184631660748622
K28-010,513,2147.8902812792926,2148.334141078123,cruise,False,True,True,True,True,-5.192669998146755
K28-010,514,2148.334141078123,2148.7780008769537,cruise,False,True,True,True,True,-5.200700912380199
K28-010,515,2148.7780008769537,2149.812434798776,cruise,False,True,True,True,True,-5.2193885630214965
K28-010,516,2149.812434798776,2150.846868720598,cruise,False,True,True,True,True,-5.238036141900054
K28-010,517,2150.846868720598,2151.8813026423936,cruise,False,True,True,True,True,-5.256643820292737
K28-010,518,2151.8813026423936,2152.915736564189,cruise,False,True,True,True,True,-5.275211768382945
K28-010,519,2152.915736564189,2153.950170485998,cruise,False,True,True,True,True,-5.2937401552667325
K28-010,520,2153.950170485998,2154.984604407807,cruise,False,True,True,True,True,-5.312229148966992
K28-010,521,2154.984604407807,2156.0190383296163,cruise,False,True,True,True,True,-5.330678916436142
K28-010,522,2156.0190383296163,2157.0534722514253,cruise,False,True,True,True,True,-5.3490896235732635
K28-010,523,2157.0534722514253,2158.0879061732207,cruise,False,True,True,True,True,-5.367461435225124
K28-010,524,2158.0879061732207,2159.122340095016,cruise,False,True,True,True,True,-5.385794515197958
K28-010,525,2159.122340095016,2160.1567740168384,cruise,False,True,True,True,True,-5.404089026270384
K28-010,526,2160.1567740168384,2161.1912079386607,cruise,False,True,True,True,True,-5.422345130193193
K28-010,527,2161.1912079386607,2162.225641860456,cruise,False,True,True,True,True,-5.440562987706741
K28-010,528,2162.225641860456,2163.2600757822515,cruise,False,True,True,True,True,-5.458742758544616
K28-010,529,2163.2600757822515,2164.2945097040474,cruise,False,True,True,True,True,-5.476884601441
K28-010,530,2164.2945097040474,2165.328943625843,cruise,False,True,True,True,True,-5.494988674144508
K28-010,531,2165.328943625843,2166.363377547665,cruise,False,True,True,True,True,-5.513055133419641
K28-010,532,2166.363377547665,2167.3978114694874,cruise,False,True,True,True,True,-5.531084135060411
K28-010,533,2167.3978114694874,2167.44216231194,cruise,False,True,True,True,True,-5.531856284526754
K28-010,534,2167.44216231194,2167.486513154393,cruise,False,True,True,True,True,-5.532628365435073
K28-010,535,2167.486513154393,2168.476596233736,cruise,False,True,True,True,True,-5.549846387466815
K28-010,536,2168.476596233736,2169.466679313079,cruise,False,True,True,True,True,-5.567030383789074
K28-010,537,2169.466679313079,2170.501113234888,cruise,False,True,True,True,True,-5.584947937672197
K28-010,538,2170.501113234888,2171.5355471566972,cruise,False,True,True,True,True,-5.60282864752088
K28-010,539,2171.5355471566972,2172.5699810785063,cruise,False,True,True,True,True,-5.620672664384102
K28-010,540,2172.5699810785063,2173.6044150003154,cruise,False,True,True,True,True,-5.6384801383835
K28-010,541,2173.6044150003154,2174.6388489221113,cruise,False,True,True,True,True,-5.656251218719802
K28-010,542,2174.6388489221113,2175.6732828439067,cruise,False,True,True,True,True,-5.673986053687429
K28-010,543,2175.6732828439067,2176.7077167657158,cruise,False,True,True,True,True,-5.691684790673122
K28-010,544,2176.7077167657158,2177.742150687525,cruise,False,True,True,True,True,-5.709347576170586
K28-010,545,2177.742150687525,2178.7765846093334,cruise,False,True,True,True,True,-5.7269745557816805
K28-010,546,2178.7765846093334,2179.8110185311425,cruise,False,True,True,True,True,-5.7445658742288686
K28-010,547,2179.8110185311425,2180.8454524529384,cruise,False,True,True,True,True,-5.762121675359282
K28-010,548,2180.8454524529384,2181.879886374734,cruise,False,True,True,True,True,-5.779642102150802
K28-010,549,2181.879886374734,2182.914320296556,cruise,False,True,True,True,True,-5.797127296723303
K28-010,550,2182.914320296556,2183.9487542183783,cruise,False,True,True,True,True,-5.8145774003397435
K28-010,551,2183.9487542183783,2184.702897924723,cruise,False,True,True,True,True,-5.827277187656819
K28-010,552,2184.702897924723,2185.4570416310676,cruise,False,True,True,True,True,-5.839958452931626
K28-010,553,2185.4570416310676,2270.4266247609503,descent,False,True,True,True,True,-5.839958452931626
K28-010,554,2270.4266247609503,2666.4266247609503,handoff,False,True,True,True,True,-5.835887289603264
K28-010,555,2666.4266247609503,2734.4022912648566,return_climb,False,True,True,True,True,-5.839958452931626
K28-010,556,2734.4022912648566,2735.156434971201,return_cruise,False,True,True,True,True,-5.839958452931626
K28-010,557,2735.156434971201,2735.910578677546,return_cruise,False,True,True,True,True,-5.827277187656819
K28-010,558,2735.910578677546,2736.945012599368,return_cruise,False,True,True,True,True,-5.8145774003397435
K28-010,559,2736.945012599368,2737.9794465211903,return_cruise,False,True,True,True,True,-5.797127296723303
K28-010,560,2737.9794465211903,2739.0138804429857,return_cruise,False,True,True,True,True,-5.779642102150802
K28-010,561,2739.0138804429857,2740.0483143647816,return_cruise,False,True,True,True,True,-5.762121675359282
K28-010,562,2740.0483143647816,2741.0827482865907,return_cruise,False,True,True,True,True,-5.7445658742288686
K28-010,563,2741.0827482865907,2742.1171822083993,return_cruise,False,True,True,True,True,-5.7269745557816805
K28-010,564,2742.1171822083993,2743.1516161302084,return_cruise,False,True,True,True,True,-5.709347576170586
K28-010,565,2743.1516161302084,2744.1860500520174,return_cruise,False,True,True,True,True,-5.691684790673122
K28-010,566,2744.1860500520174,2745.220483973813,return_cruise,False,True,True,True,True,-5.673986053687429
K28-010,567,2745.220483973813,2746.2549178956087,return_cruise,False,True,True,True,True,-5.656251218719802
K28-010,568,2746.2549178956087,2747.289351817418,return_cruise,False,True,True,True,True,-5.6384801383835
K28-010,569,2747.289351817418,2748.323785739227,return_cruise,False,True,True,True,True,-5.620672664384102
K28-010,570,2748.323785739227,2749.358219661036,return_cruise,False,True,True,True,True,-5.60282864752088
K28-010,571,2749.358219661036,2750.392653582845,return_cruise,False,True,True,True,True,-5.584947937671657
K28-010,572,2750.392653582845,2751.382736662188,return_cruise,False,True,True,True,True,-5.567030383789074
K28-010,573,2751.382736662188,2752.372819741531,return_cruise,False,True,True,True,True,-5.549846387466815
K28-010,574,2752.372819741531,2752.417170583984,return_cruise,False,True,True,True,True,-5.532628365435073
K28-010,575,2752.417170583984,2752.461521426437,return_cruise,False,True,True,True,True,-5.531856284526754
K28-010,576,2752.461521426437,2753.495955348259,return_cruise,False,True,True,True,True,-5.531084135060411
K28-010,577,2753.495955348259,2754.5303892700813,return_cruise,False,True,True,True,True,-5.513055133419641
K28-010,578,2754.5303892700813,2755.5648231918767,return_cruise,False,True,True,True,True,-5.494988674144508
K28-010,579,2755.5648231918767,2756.5992571136726,return_cruise,False,True,True,True,True,-5.476884601441
K28-010,580,2756.5992571136726,2757.633691035468,return_cruise,False,True,True,True,True,-5.458742758544616
K28-010,581,2757.633691035468,2758.6681249572634,return_cruise,False,True,True,True,True,-5.440562987706741
K28-010,582,2758.6681249572634,2759.7025588790857,return_cruise,False,True,True,True,True,-5.422345130193193
K28-010,583,2759.7025588790857,2760.736992800908,return_cruise,False,True,True,True,True,-5.404089026270384
K28-010,584,2760.736992800908,2761.7714267227034,return_cruise,False,True,True,True,True,-5.385794515197958
K28-010,585,2761.7714267227034,2762.805860644499,return_cruise,False,True,True,True,True,-5.367461435225124
K28-010,586,2762.805860644499,2763.840294566308,return_cruise,False,True,True,True,True,-5.3490896235732635
K28-010,587,2763.840294566308,2764.874728488117,return_cruise,False,True,True,True,True,-5.330678916436142
K28-010,588,2764.874728488117,2765.909162409926,return_cruise,False,True,True,True,True,-5.312229148966992
K28-010,589,2765.909162409926,2766.943596331735,return_cruise,False,True,True,True,True,-5.293740155266178
K28-010,590,2766.943596331735,2767.9780302535305,return_cruise,False,True,True,True,True,-5.275211768382945
K28-010,591,2767.9780302535305,2769.012464175326,return_cruise,False,True,True,True,True,-5.256643820292737
K28-010,592,2769.012464175326,2770.046898097148,return_cruise,False,True,True,True,True,-5.238036141900054
K28-010,593,2770.046898097148,2771.0813320189704,return_cruise,False,True,True,True,True,-5.2193885630214965
K28-010,594,2771.0813320189704,2771.525191817801,return_cruise,False,True,True,True,True,-5.200700912380199
K28-010,595,2771.525191817801,2771.9690516166315,return_cruise,False,True,True,True,True,-5.192669998146755
K28-010,596,2771.9690516166315,2772.5596257395964,return_cruise,False,True,True,True,True,-5.184631660748622
K28-010,597,2772.5596257395964,2773.1501998625613,return_cruise,False,True,True,True,True,-5.1739247820882355
K28-010,598,2773.1501998625613,2774.1846337843567,return_cruise,False,True,True,True,True,-5.1632047051749765
K28-010,599,2774.1846337843567,2775.219067706152,return_cruise,False,True,True,True,True,-5.144395800498529
K28-010,600,2775.219067706152,2776.2535016279744,return_cruise,False,True,True,True,True,-5.125546127817898
K28-010,601,2776.2535016279744,2777.2879355497967,return_cruise,False,True,True,True,True,-5.1066555102403015
K28-010,602,2777.2879355497967,2778.322369471592,return_cruise,False,True,True,True,True,-5.087723769722089
K28-010,603,2778.322369471592,2779.3568033933875,return_cruise,False,True,True,True,True,-5.068750727055175
K28-010,604,2779.3568033933875,2780.3912373151966,return_cruise,False,True,True,True,True,-5.049736201861023
K28-010,605,2780.3912373151966,2781.4256712370056,return_cruise,False,True,True,True,True,-5.030680012576511
K28-010,606,2781.4256712370056,2782.4601051588147,return_cruise,False,True,True,True,True,-5.0115819764475305
K28-010,607,2782.4601051588147,2783.494539080624,return_cruise,False,True,True,True,True,-4.99244190951427
K28-010,608,2783.494539080624,2784.528973002419,return_cruise,False,True,True,True,True,-4.973259626604715
K28-010,609,2784.528973002419,2785.5634069242146,return_cruise,False,True,True,True,True,-4.954034941320245
K28-010,610,2785.5634069242146,2786.5978408460237,return_cruise,False,True,True,True,True,-4.934767666027668
K28-010,611,2786.5978408460237,2787.6322747678328,return_cruise,False,True,True,True,True,-4.915457611847188
K28-010,612,2787.6322747678328,2788.666708689642,return_cruise,False,True,True,True,True,-4.896104588640156
K28-010,613,2788.666708689642,2789.701142611451,return_cruise,False,True,True,True,True,-4.87670840500175
K28-010,614,2789.701142611451,2790.6332130505884,return_cruise,False,True,True,True,True,-4.857268868244063
K28-010,615,2790.6332130505884,2791.565283489726,return_cruise,False,True,True,True,True,-4.839715700096974
K28-010,616,2791.565283489726,2791.667646972384,return_cruise,False,True,True,True,True,-4.822127034132194
K28-010,617,2791.667646972384,2791.7700104550418,return_cruise,False,True,True,True,True,-4.820193211181092
K28-010,618,2791.7700104550418,2792.804444376864,return_cruise,False,True,True,True,True,-4.818258958158069
K28-010,619,2792.804444376864,2793.8388782986863,return_cruise,False,True,True,True,True,-4.798688192951843
K28-010,620,2793.8388782986863,2794.8733122204817,return_cruise,False,True,True,True,True,-4.7790732908496665
K28-010,621,2794.8733122204817,2795.907746142277,return_cruise,False,True,True,True,True,-4.759414052590756
K28-010,622,2795.907746142277,2796.942180064073,return_cruise,False,True,True,True,True,-4.739710277563404
K28-010,623,2796.942180064073,2797.9766139858684,return_cruise,False,True,True,True,True,-4.7199617637930515
K28-010,624,2797.9766139858684,2799.0110479076907,return_cruise,False,True,True,True,True,-4.7001683079291325
K28-010,625,2799.0110479076907,2800.045481829513,return_cruise,False,True,True,True,True,-4.680329705236332
K28-010,626,2800.045481829513,2801.0799157513084,return_cruise,False,True,True,True,True,-4.660445749576226
K28-010,627,2801.0799157513084,2802.114349673104,return_cruise,False,True,True,True,True,-4.640516233398529
K28-010,628,2802.114349673104,2803.148783594913,return_cruise,False,True,True,True,True,-4.6205409477267665
K28-010,629,2803.148783594913,2804.183217516722,return_cruise,False,True,True,True,True,-4.600519682144508
K28-010,630,2804.183217516722,2805.217651438531,return_cruise,False,True,True,True,True,-4.580452224784523
K28-010,631,2805.217651438531,2806.25208536034,return_cruise,False,True,True,True,True,-4.56033836231353
K28-010,632,2806.25208536034,2807.286519282136,return_cruise,False,True,True,True,True,-4.5401778799176356
K28-010,633,2807.286519282136,2808.3209532039314,return_cruise,False,True,True,True,True,-4.5199705612920695
K28-010,634,2808.3209532039314,2809.3553871257536,return_cruise,False,True,True,True,True,-4.499716188623381
K28-010,635,2809.3553871257536,2810.389821047576,return_cruise,False,True,True,True,True,-4.4794145425798035
K28-010,636,2810.389821047576,2810.7756682051986,return_cruise,False,True,True,True,True,-4.459065402291486
K28-010,637,2810.7756682051986,2811.1615153628213,return_cruise,False,True,True,True,True,-4.4514629012301015
K28-010,638,2811.1615153628213,2811.8101021269945,return_cruise,False,True,True,True,True,-4.4438537497001676
K28-010,639,2811.8101021269945,2812.4586888911676,return_cruise,False,True,True,True,True,-4.431048188543912
K28-010,640,2812.4586888911676,2813.4931228129635,return_cruise,False,True,True,True,True,-4.418223747751043
K28-010,641,2813.4931228129635,2814.527556734759,return_cruise,False,True,True,True,True,-4.397730783957428
K28-010,642,2814.527556734759,2815.561990656581,return_cruise,False,True,True,True,True,-4.37718942680965
K28-010,643,2815.561990656581,2816.5964245784035,return_cruise,False,True,True,True,True,-4.356599447543985
K28-010,644,2816.5964245784035,2817.6308585001993,return_cruise,False,True,True,True,True,-4.335960615779101
K28-010,645,2817.6308585001993,2818.6652924219948,return_cruise,False,True,True,True,True,-4.315272699489782
K28-010,646,2818.6652924219948,2819.6997263438034,return_cruise,False,True,True,True,True,-4.294535464997978
K28-010,647,2819.6997263438034,2820.7341602656124,return_cruise,False,True,True,True,True,-4.2737486769572115
K28-010,648,2820.7341602656124,2821.7685941874215,return_cruise,False,True,True,True,True,-4.252912098329745
K28-010,649,2821.7685941874215,2822.8030281092306,return_cruise,False,True,True,True,True,-4.23202549038362
K28-010,650,2822.8030281092306,2823.8374620310265,return_cruise,False,True,True,True,True,-4.211088612660461
K28-010,651,2823.8374620310265,2824.871895952822,return_cruise,False,True,True,True,True,-4.190101222972444
K28-010,652,2824.871895952822,2825.906329874631,return_cruise,False,True,True,True,True,-4.1690630773777855
K28-010,653,2825.906329874631,2826.94076379644,return_cruise,False,True,True,True,True,-4.14797393016363
K28-010,654,2826.94076379644,2827.975197718249,return_cruise,False,True,True,True,True,-4.1268335338379245
K28-010,655,2827.975197718249,2829.009631640058,return_cruise,False,True,True,True,True,-4.105641639097485
K28-010,656,2829.009631640058,2829.8836894389906,return_cruise,False,True,True,True,True,-4.084397994825437
K28-010,657,2829.8836894389906,2830.757747237923,return_cruise,False,True,True,True,True,-4.066407389845239
K28-010,658,2830.757747237923,2830.9181233607865,return_cruise,False,True,True,True,True,-4.048379503485592
K28-010,659,2830.9181233607865,2831.07849948365,return_cruise,False,True,True,True,True,-4.045067604388777
K28-010,660,2831.07849948365,2832.112933405472,return_cruise,False,True,True,True,True,-4.041754443995018
K28-010,661,2832.112933405472,2833.1473673272944,return_cruise,False,True,True,True,True,-4.020354025933074
K28-010,662,2833.1473673272944,2834.1818012490903,return_cruise,False,True,True,True,True,-3.9989008352942648
K28-010,663,2834.1818012490903,2835.2162351708857,return_cruise,False,True,True,True,True,-3.977394611587343
K28-010,664,2835.2162351708857,2836.250669092681,return_cruise,False,True,True,True,True,-3.95583509238827
K28-010,665,2836.250669092681,2837.2851030144766,return_cruise,False,True,True,True,True,-3.934222013322227
K28-010,666,2837.2851030144766,2838.319536936299,return_cruise,False,True,True,True,True,-3.912555108048764
K28-010,667,2838.319536936299,2839.353970858121,return_cruise,False,True,True,True,True,-3.8908341082365467
K28-010,668,2839.353970858121,2840.3884047799165,return_cruise,False,True,True,True,True,-3.8690587435483366
K28-010,669,2840.3884047799165,2841.422838701712,return_cruise,False,True,True,True,True,-3.8472287416171866
K28-010,670,2841.422838701712,2842.457272623521,return_cruise,False,True,True,True,True,-3.8253438280280534
K28-010,671,2842.457272623521,2843.49170654533,return_cruise,False,True,True,True,True,-3.8034037262962244
K28-010,672,2843.49170654533,2844.526140467139,return_cruise,False,True,True,True,True,-3.781408157847224
K28-010,673,2844.526140467139,2845.560574388948,return_cruise,False,True,True,True,True,-3.7593568419966488
K28-010,674,2845.560574388948,2846.5950083107437,return_cruise,False,True,True,True,True,-3.7372494959280402
K28-010,675,2846.5950083107437,2847.629442232539,return_cruise,False,True,True,True,True,-3.715085834669182
K28-010,676,2847.629442232539,2848.6638761543613,return_cruise,False,True,True,True,True,-3.692865571072687
K28-010,677,2848.6638761543613,2849.6983100761836,return_cruise,False,True,True,True,True,-3.670588415793034
K28-010,678,2849.6983100761836,2850.0261445936007,return_cruise,False,True,True,True,True,-3.6482540772656193
K28-010,679,2850.0261445936007,2850.353979111018,return_cruise,False,True,True,True,True,-3.6411638612682538
K28-010,680,2850.353979111018,2851.060578515396,return_cruise,False,True,True,True,True,-3.6340678629302516
K28-010,681,2851.060578515396,2851.7671779197744,return_cruise,False,True,True,True,True,-3.6187537682833977
K28-010,682,2851.7671779197744,2852.80161184157,return_cruise,False,True,True,True,True,-3.6034126729666554
K28-010,683,2852.80161184157,2853.8360457633653,return_cruise,False,True,True,True,True,-3.5809050127553235
K28-010,684,2853.8360457633653,2854.8704796851875,return_cruise,False,True,True,True,True,-3.558338980369996
K28-010,685,2854.8704796851875,2855.90491360701,return_cruise,False,True,True,True,True,-3.535714272795559
K28-010,686,2855.90491360701,2856.9393475288052,return_cruise,False,True,True,True,True,-3.5130305846569314
K28-010,687,2856.9393475288052,2857.9737814506007,return_cruise,False,True,True,True,True,-3.4902876081924177
K28-010,688,2857.9737814506007,2859.0082153724097,return_cruise,False,True,True,True,True,-3.4674850332289395
K28-010,689,2859.0082153724097,2860.042649294219,return_cruise,False,True,True,True,True,-3.444622547157522
K28-010,690,2860.042649294219,2861.077083216028,return_cruise,False,True,True,True,True,-3.4216998349092194
K28-010,691,2861.077083216028,2862.111517137837,return_cruise,False,True,True,True,True,-3.3987165789254306
K28-010,692,2862.111517137837,2863.1459510596324,return_cruise,False,True,True,True,True,-3.375672459135643
K28-010,693,2863.1459510596324,2864.180384981428,return_cruise,False,True,True,True,True,-3.35256715292968
K28-010,694,2864.180384981428,2865.214818903237,return_cruise,False,True,True,True,True,-3.329400335128639
K28-010,695,2865.214818903237,2866.249252825046,return_cruise,False,True,True,True,True,-3.3061716779601653
K28-010,696,2866.249252825046,2867.283686746855,return_cruise,False,True,True,True,True,-3.2828808510313365
K28-010,697,2867.283686746855,2868.318120668664,return_cruise,False,True,True,True,True,-3.2595275212970307
K28-010,698,2868.318120668664,2869.134165826388,return_cruise,False,True,True,True,True,-3.236111353035568
K28-010,699,2869.134165826388,2869.9502109841123,return_cruise,False,True,True,True,True,-3.2175942240658344
K28-010,700,2869.9502109841123,2870.1685997481836,return_cruise,False,True,True,True,True,-3.199037610690141
K28-010,701,2870.1685997481836,2870.386988512255,return_cruise,False,True,True,True,True,-3.194064799163314
K28-010,702,2870.386988512255,2871.421422434077,return_cruise,False,True,True,True,True,-3.1890891444808744
K28-010,703,2871.421422434077,2872.4558563558994,return_cruise,False,True,True,True,True,-3.1654824190906083
K28-010,704,2872.4558563558994,2873.490290277695,return_cruise,False,True,True,True,True,-3.1418114849229966
K28-010,705,2873.490290277695,2874.5247241994903,return_cruise,False,True,True,True,True,-3.1180759924263697
K28-010,706,2874.5247241994903,2875.5591581212857,return_cruise,False,True,True,True,True,-3.0942755891919376
K28-010,707,2875.5591581212857,2876.5935920430816,return_cruise,False,True,True,True,True,-3.0704099199239607
K28-010,708,2876.5935920430816,2877.628025964904,return_cruise,False,True,True,True,True,-3.0464786264059427
K28-010,709,2877.628025964904,2878.662459886726,return_cruise,False,True,True,True,True,-3.022481347473388
K28-010,710,2878.662459886726,2879.6968938085215,return_cruise,False,True,True,True,True,-2.9984177189741814
K28-010,711,2879.6968938085215,2880.731327730317,return_cruise,False,True,True,True,True,-2.9742873737435787
K28-010,712,2880.731327730317,2881.765761652126,return_cruise,False,True,True,True,True,-2.9500899415630073
K28-010,713,2881.765761652126,2882.800195573935,return_cruise,False,True,True,True,True,-2.9258250491338487
K28-010,714,2882.800195573935,2883.834629495744,return_cruise,False,True,True,True,True,-2.9014923200376757
K28-010,715,2883.834629495744,2884.869063417553,return_cruise,False,True,True,True,True,-2.877091374701351
K28-010,716,2884.869063417553,2885.9034973393486,return_cruise,False,True,True,True,True,-2.8526218303685056
K28-010,717,2885.9034973393486,2886.9379312611445,return_cruise,False,True,True,True,True,-2.8280833010553295
K28-010,718,2886.9379312611445,2887.9723651829668,return_cruise,False,True,True,True,True,-2.803475397519634
K28-010,719,2887.9723651829668,2889.006799104789,return_cruise,False,True,True,True,True,-2.7787977272220985
K28-010,720,2889.006799104789,2889.2766209820006,return_cruise,False,True,True,True,True,-2.754049894288954
K28-010,721,2889.2766209820006,2889.546442859212,return_cruise,False,True,True,True,True,-2.7475830795032437
K28-010,722,2889.546442859212,2890.311054903796,return_cruise,False,True,True,True,True,-2.741111456752151
K28-010,723,2890.311054903796,2891.07566694838,return_cruise,False,True,True,True,True,-2.722746213248783
K28-010,724,2891.07566694838,2892.1101008701753,return_cruise,False,True,True,True,True,-2.7043421401306063
K28-010,725,2892.1101008701753,2893.144534791971,return_cruise,False,True,True,True,True,-2.6793814101474283
K28-010,726,2893.144534791971,2894.1789687137934,return_cruise,False,True,True,True,True,-2.654348899934348
K28-010,727,2894.1789687137934,2895.2134026356157,return_cruise,False,True,True,True,True,-2.6292441963701094
K28-010,728,2895.2134026356157,2896.247836557411,return_cruise,False,True,True,True,True,-2.604066882769274
K28-010,729,2896.247836557411,2897.282270479207,return_cruise,False,True,True,True,True,-2.578816538831319
K28-010,730,2897.282270479207,2898.316704401016,return_cruise,False,True,True,True,True,-2.553492740607723
K28-010,731,2898.316704401016,2899.3511383228247,return_cruise,False,True,True,True,True,-2.528095060450852
K28-010,732,2899.3511383228247,2900.3855722446337,return_cruise,False,True,True,True,True,-2.5026230669837872
K28-010,733,2900.3855722446337,2901.420006166443,return_cruise,False,True,True,True,True,-2.477076325044038
K28-010,734,2901.420006166443,2902.4544400882382,return_cruise,False,True,True,True,True,-2.4514543956418606
K28-010,735,2902.4544400882382,2903.488874010034,return_cruise,False,True,True,True,True,-2.4257568359277855
K28-010,736,2903.488874010034,2904.5233079318564,return_cruise,False,True,True,True,True,-2.399983199125927
K28-010,737,2904.5233079318564,2905.5577418536786,return_cruise,False,True,True,True,True,-2.3741330345066842
K28-010,738,2905.5577418536786,2906.592175775474,return_cruise,False,True,True,True,True,-2.348205887330977
K28-010,739,2906.592175775474,2907.62660969727,return_cruise,False,True,True,True,True,-2.3222012988027814
K28-010,740,2907.62660969727,2908.384642214789,return_cruise,False,True,True,True,True,-2.2961188060242392
K28-010,741,2908.384642214789,2909.142674732308,return_cruise,False,True,True,True,True,-2.2769558408229784
K28-010,742,2909.142674732308,2909.419076136585,return_cruise,False,True,True,True,True,-2.2577506054992114
K28-010,743,2909.419076136585,2909.6954775408617,return_cruise,False,True,True,True,True,-2.2507372473415472
K28-010,744,2909.6954775408617,2910.729911462684,return_cruise,False,True,True,True,True,-2.2437182353012872
K28-010,745,2910.729911462684,2911.764345384506,return_cruise,False,True,True,True,True,-2.2173992105954596
K28-010,746,2911.764345384506,2912.7987793063016,return_cruise,False,True,True,True,True,-2.1910003880134212
K28-010,747,2912.7987793063016,2913.8332132280975,return_cruise,False,True,True,True,True,-2.1645212833896323
K28-010,748,2913.8332132280975,2914.867647149893,return_cruise,False,True,True,True,True,-2.137961408143994
K28-010,749,2914.867647149893,2915.9020810716884,return_cruise,False,True,True,True,True,-2.1113202692408066
K28-010,750,2915.9020810716884,2916.9365149935106,return_cruise,False,True,True,True,True,-2.0845973691235287
K28-010,751,2916.9365149935106,2917.970948915333,return_cruise,False,True,True,True,True,-2.0577922056635884
K28-010,752,2917.970948915333,2919.0053828371283,return_cruise,False,True,True,True,True,-2.0309042721074633
K28-010,753,2919.0053828371283,2920.0398167589237,return_cruise,False,True,True,True,True,-2.0039330570135263
K28-010,754,2920.0398167589237,2921.074250680733,return_cruise,False,True,True,True,True,-1.9768780441997222
K28-010,755,2921.074250680733,2922.108684602542,return_cruise,False,True,True,True,True,-1.9497387126803858
K28-010,756,2922.108684602542,2923.143118524351,return_cruise,False,True,True,True,True,-1.9225145366121552
K28-010,757,2923.143118524351,2924.17755244616,return_cruise,False,True,True,True,True,-1.8952049852263713
K28-010,758,2924.17755244616,2925.2119863679554,return_cruise,False,True,True,True,True,-1.8678095227744933
K28-010,759,2925.2119863679554,2926.246420289751,return_cruise,False,True,True,True,True,-1.8403276084621467
K28-010,760,2926.246420289751,2927.280854211573,return_cruise,False,True,True,True,True,-1.8127586963849325
K28-010,761,2927.280854211573,2928.3152881333954,return_cruise,False,True,True,True,True,-1.7851022354662405
K28-010,762,2928.3152881333954,2928.527097369399,return_cruise,False,True,True,True,True,-1.7573576693917516
K28-010,763,2928.527097369399,2928.738906605403,return_cruise,False,True,True,True,True,-1.7516658131267917
K28-010,764,2928.738906605403,2929.5615312911946,return_cruise,False,True,True,True,True,-1.745970234580966
K28-010,765,2929.5615312911946,2930.384155976986,return_cruise,False,True,True,True,True,-1.723814355236172
K28-010,766,2930.384155976986,2931.4185898987816,return_cruise,False,True,True,True,True,-1.7016019699256617
K28-010,767,2931.4185898987816,2932.453023820577,return_cruise,False,True,True,True,True,-1.6735896971089943
K28-010,768,2932.453023820577,2933.4874577423993,return_cruise,False,True,True,True,True,-1.6454870401498596
K28-010,769,2933.4874577423993,2934.5218916642216,return_cruise,False,True,True,True,True,-1.6172934155217717
K28-010,770,2934.5218916642216,2935.556325586017,return_cruise,False,True,True,True,True,-1.5890082340487908
K28-010,771,2935.556325586017,2936.5907595078124,return_cruise,False,True,True,True,True,-1.5606309008285564
K28-010,772,2936.5907595078124,2937.6251934296215,return_cruise,False,True,True,True,True,-1.5321608151556632
K28-010,773,2937.6251934296215,2938.6596273514306,return_cruise,False,True,True,True,True,-1.5035973704498815
K28-010,774,2938.6596273514306,2939.6940612732396,return_cruise,False,True,True,True,True,-1.4749399541811385
K28-010,775,2939.6940612732396,2940.7284951950487,return_cruise,False,True,True,True,True,-1.4461879477854467
K28-010,776,2940.7284951950487,2941.762929116844,return_cruise,False,True,True,True,True,-1.417340726590652
K28-010,777,2941.762929116844,2942.7973630386396,return_cruise,False,True,True,True,True,-1.3883976597361425
K28-010,778,2942.7973630386396,2943.831796960462,return_cruise,False,True,True,True,True,-1.3593581100869727
K28-010,779,2943.831796960462,2944.866230882284,return_cruise,False,True,True,True,True,-1.3302214341538416
K28-010,780,2944.866230882284,2945.9006648040795,return_cruise,False,True,True,True,True,-1.3009869820094195
K28-010,781,2945.9006648040795,2946.935098725875,return_cruise,False,True,True,True,True,-1.271654097200738
K28-010,782,2946.935098725875,2947.6351186031884,return_cruise,False,True,True,True,True,-1.2422221166614094
K28-010,783,2947.6351186031884,2948.335138480502,return_cruise,False,True,True,True,True,-1.222248411722802
K28-010,784,2948.335138480502,2948.669552524984,return_cruise,False,True,True,True,True,-1.2022288102881618
K28-010,785,2948.669552524984,2949.003966569466,return_cruise,False,True,True,True,True,-1.1926487691761594
K28-010,786,2949.003966569466,2950.038400491288,return_cruise,False,True,True,True,True,-1.1830581825226432
K28-010,787,2950.038400491288,2951.0728344131103,return_cruise,False,True,True,True,True,-1.153324868920734
K28-010,788,2951.0728344131103,2952.1072683349057,return_cruise,False,True,True,True,True,-1.123489739393122
K28-010,789,2952.1072683349057,2953.141702256701,return_cruise,False,True,True,True,True,-1.0935520964486471
K28-010,790,2953.141702256701,2954.176136178497,return_cruise,False,True,True,True,True,-1.0635112354246985
K28-010,791,2954.176136178497,2955.2105701002924,return_cruise,False,True,True,True,True,-1.0333664443905093
K28-010,792,2955.2105701002924,2956.2450040221147,return_cruise,False,True,True,True,True,-1.0031170040537063
K28-010,793,2956.2450040221147,2957.279437943937,return_cruise,False,True,True,True,True,-0.9727621876435961
K28-010,794,2957.279437943937,2958.3138718657324,return_cruise,False,True,True,True,True,-0.9423012608285575
K28-010,795,2958.3138718657324,2959.348305787528,return_cruise,False,True,True,True,True,-0.9117334815930604
K28-010,796,2959.348305787528,2960.382739709337,return_cruise,False,True,True,True,True,-0.8810581001371105
K28-010,797,2960.382739709337,2961.417173631146,return_cruise,False,True,True,True,True,-0.8502743587723103
K28-010,798,2961.417173631146,2962.451607552955,return_cruise,False,True,True,True,True,-0.8193814917989357
K28-010,799,2962.451607552955,2963.486041474764,return_cruise,False,True,True,True,True,-0.7883787254087622
K28-010,800,2963.486041474764,2964.52047539656,return_cruise,False,True,True,True,True,-0.7572652775561295
K28-010,801,2964.52047539656,2965.5549093183554,return_cruise,False,True,True,True,True,-0.7260403578501382
K28-010,802,2965.5549093183554,2966.5893432401776,return_cruise,False,True,True,True,True,-0.6947031674339286
K28-010,803,2966.5893432401776,2967.623777162,return_cruise,False,True,True,True,True,-0.6632528988553617
K28-010,804,2967.623777162,2967.7775737577986,return_cruise,False,True,True,True,True,-0.6316887359622996
K28-010,805,2967.7775737577986,2967.9313703535972,return_cruise,False,True,True,True,True,-0.6269860930891298
K28-010,806,2967.9313703535972,2968.8120076795944,return_cruise,False,True,True,True,True,-0.622280911649824
K28-010,807,2968.8120076795944,2969.6926450055917,return_cruise,False,True,True,True,True,-0.5952900837623645
K28-010,808,2969.6926450055917,2970.7270789273875,return_cruise,False,True,True,True,True,-0.568215418287707
K28-010,809,2970.7270789273875,2971.761512849183,return_cruise,False,True,True,True,True,-0.5363045864980194
K28-010,810,2971.761512849183,2972.795946771005,return_cruise,False,True,True,True,True,-0.504276506110827
K28-010,811,2972.795946771005,2973.8303806928275,return_cruise,False,True,True,True,True,-0.4721303154906167
K28-010,812,2973.8303806928275,2974.8648146146234,return_cruise,False,True,True,True,True,-0.43986514349900574
K28-010,813,2974.8648146146234,2975.899248536419,return_cruise,False,True,True,True,True,-0.40748010936837886
K28-010,814,2975.899248536419,2976.9336824582274,return_cruise,False,True,True,True,True,-0.3749743225452562
K28-010,815,2976.9336824582274,2977.9681163800365,return_cruise,False,True,True,True,True,-0.3423468825529312
K28-010,816,2977.9681163800365,2979.0025503018455,return_cruise,False,True,True,True,True,-0.30959687884688947
K28-010,817,2979.0025503018455,2980.0369842236546,return_cruise,False,True,True,True,True,-0.27672339065702545
K28-010,818,2980.0369842236546,2981.0714181454505,return_cruise,False,True,True,True,True,-0.24372548684131345
K28-010,819,2981.0714181454505,2982.105852067246,return_cruise,False,True,True,True,True,-0.210602225729275
K28-010,820,2982.105852067246,2983.140285989068,return_cruise,False,True,True,True,True,-0.17735265495548447
K28-010,821,2983.140285989068,2984.1747199108904,return_cruise,False,True,True,True,True,-0.1439758113095735
K28-010,822,2984.1747199108904,2985.2091538326863,return_cruise,False,True,True,True,True,-0.11047072056088325
K28-010,823,2985.2091538326863,2986.2435877544817,return_cruise,False,True,True,True,True,-0.07683639730238667
K28-010,824,2986.2435877544817,2986.8855949905874,return_cruise,False,True,True,True,True,-0.04307184476573411
K28-010,825,2986.8855949905874,2987.527602226693,return_cruise,False,True,True,True,True,-0.02205040154250071
K28-010,826,2987.527602226693,2987.9200289123833,return_cruise,False,True,True,True,True,-0.00097816391712513
K28-010,827,2987.9200289123833,2988.3124555980735,return_cruise,True,False,True,True,True,0.011927351588710167
K28-010,828,2988.3124555980735,2989.3468895198957,return_cruise,True,False,True,True,True,0.024851993028676134
K28-010,829,2989.3468895198957,2990.381323441718,return_cruise,True,False,True,True,True,0.05901333017760635
K28-010,830,2990.381323441718,2991.415757363514,return_cruise,True,False,True,True,True,0.09330900075117654
K28-010,831,2991.415757363514,2992.4501912853093,return_cruise,True,False,True,True,True,0.1277400609708792
K28-010,832,2992.4501912853093,2993.4846252071184,return_cruise,True,False,True,True,True,0.16230757951232988
K28-010,833,2993.4846252071184,2994.519059128927,return_cruise,True,False,True,True,True,0.19701263770012645
K28-010,834,2994.519059128927,2995.553493050736,return_cruise,True,False,True,True,True,0.23185632970091774
K28-010,835,2995.553493050736,2996.587926972545,return_cruise,True,False,True,True,True,0.26683976273793064
K28-010,836,2996.587926972545,2997.622360894341,return_cruise,True,False,True,True,True,0.30196405729248
K28-010,837,2997.622360894341,2998.6567948161364,return_cruise,True,False,True,True,True,0.3372303473119018
K28-010,838,2998.6567948161364,2999.6912287379455,return_cruise,True,False,True,True,True,0.3726397804328485
K28-010,839,2999.6912287379455,3000.7256626597546,return_cruise,True,False,True,True,True,0.4081935181974927
K28-010,840,3000.7256626597546,3001.7600965815636,return_cruise,True,False,True,True,True,0.4438927362763536
K28-010,841,3001.7600965815636,3002.7945305033722,return_cruise,True,False,True,True,True,0.47973862470094275
K28-010,842,3002.7945305033722,3003.828964425168,return_cruise,True,False,True,True,True,0.5157323880974332
K28-010,843,3003.828964425168,3004.8633983469635,return_cruise,True,False,True,True,True,0.5518752459186373
K28-010,844,3004.8633983469635,3005.897832268786,return_cruise,True,False,True,True,True,0.5881684326965768
K28-010,845,3005.897832268786,3006.932266190608,return_cruise,True,False,True,True,True,0.6246131982862835
K28-010,846,3006.932266190608,3007.028050146201,return_cruise,True,False,True,True,True,0.6612108081161807
K28-010,847,3007.028050146201,3007.1238341017943,return_cruise,True,False,True,True,True,0.6646073598018205
K28-010,848,3007.1238341017943,3008.062484067997,return_cruise,True,False,True,True,True,0.6680052339617646
K28-010,849,3008.062484067997,3009.0011340341994,return_cruise,True,False,True,True,True,0.7013734318465907
K28-010,850,3009.0011340341994,3010.035567955995,return_cruise,True,False,True,True,True,0.7348697016518742
K28-010,851,3010.035567955995,3011.0700018777907,return_cruise,True,False,True,True,True,0.7719335964560514
K28-010,852,3011.0700018777907,3012.104435799613,return_cruise,True,False,True,True,True,0.8091555582360144
K28-010,853,3012.104435799613,3013.138869721435,return_cruise,True,False,True,True,True,0.8465369342941358
K28-010,854,3013.138869721435,3014.173303643231,return_cruise,True,False,True,True,True,0.8840790891394334
K28-010,855,3014.173303643231,3015.2077375650265,return_cruise,True,False,True,True,True,0.9217834047865665
K28-010,856,3015.2077375650265,3016.2421714868356,return_cruise,True,False,True,True,True,0.9596512810536382
K28-010,857,3016.2421714868356,3017.2766054086446,return_cruise,True,False,True,True,True,0.9976841358700455
K28-010,858,3017.2766054086446,3018.3110393304537,return_cruise,True,False,True,True,True,1.0358834055762713
K28-010,859,3018.3110393304537,3019.3454732522628,return_cruise,True,False,True,True,True,1.0742505452616058
K28-010,860,3019.3454732522628,3020.379907174058,return_cruise,True,False,True,True,True,1.1127870290780493
K28-010,861,3020.379907174058,3021.4143410958536,return_cruise,True,False,True,True,True,1.1514943505698199
K28-010,862,3021.4143410958536,3022.448775017676,return_cruise,True,False,True,True,True,1.1903740230237219
K28-010,863,3022.448775017676,3023.483208939498,return_cruise,True,False,True,True,True,1.2294275798058152
K28-010,864,3023.483208939498,3024.517642861294,return_cruise,True,False,True,True,True,1.2686565747274443
K28-010,865,3024.517642861294,3025.5520767830894,return_cruise,True,False,True,True,True,1.3080625823954648
K28-010,866,3025.5520767830894,3026.1360713789895,return_cruise,True,False,True,True,True,1.3476471985948422
K28-010,867,3026.1360713789895,3026.7200659748896,return_cruise,True,False,True,True,True,1.370074372241092
K28-010,868,3026.7200659748896,3027.170505300785,return_cruise,True,False,True,True,True,1.3925592815474914
K28-010,869,3027.170505300785,3027.6209446266803,return_cruise,True,False,True,True,True,1.40994168422165
K28-010,870,3027.6209446266803,3028.6553785485025,return_cruise,True,False,True,True,True,1.4273587478651706
K28-010,871,3028.6553785485025,3029.689812470325,return_cruise,True,False,True,True,True,1.4674889818183345
K28-010,872,3029.689812470325,3030.72424639212,return_cruise,True,False,True,True,True,1.5078044268722266
K28-010,873,3030.72424639212,3031.7586803139156,return_cruise,True,False,True,True,True,1.5483067905288124
K28-010,874,3031.7586803139156,3032.7931142357247,return_cruise,True,False,True,True,True,1.588997803872914
K28-010,875,3032.7931142357247,3033.827548157534,return_cruise,True,False,True,True,True,1.6298792219991753
K28-010,876,3033.827548157534,3034.861982079343,return_cruise,True,False,True,True,True,1.670952824459917
K28-010,877,3034.861982079343,3035.896416001152,return_cruise,True,False,True,True,True,1.7122204157102487
K28-010,878,3035.896416001152,3036.9308499229473,return_cruise,True,False,True,True,True,1.7536838255839058
K28-010,879,3036.9308499229473,3037.965283844743,return_cruise,True,False,True,True,True,1.7953449097615533
K28-010,880,3037.965283844743,3038.9997177665523,return_cruise,True,False,True,True,True,1.8372055502518663
K28-010,881,3038.9997177665523,3040.0341516883614,return_cruise,True,False,True,True,True,1.8792676559013444
K28-010,882,3040.0341516883614,3041.06858561017,return_cruise,True,False,True,True,True,1.9215331628873713
K28-010,883,3041.06858561017,3042.103019531979,return_cruise,True,False,True,True,True,1.9640040352525716
K28-010,884,3042.103019531979,3043.1374534537745,return_cruise,True,False,True,True,True,2.006682265439295
K28-010,885,3043.1374534537745,3044.1718873755703,return_cruise,True,False,True,True,True,2.0495698748156457
K28-010,886,3044.1718873755703,3045.2063212973926,return_cruise,True,False,True,True,True,2.0926689142584536
K28-010,887,3045.2063212973926,3046.240755219215,return_cruise,True,False,True,True,True,2.135981464714277
K28-010,888,3046.240755219215,3046.2785265336,return_cruise,True,False,True,True,True,2.179509637786481
K28-010,889,3046.2785265336,3046.3162978479854,return_cruise,True,False,True,True,True,2.1811031330448856
K28-010,890,3046.3162978479854,3047.312960455396,return_cruise,True,False,True,True,True,2.182696918745947
K28-010,891,3047.312960455396,3048.3096230628066,return_cruise,True,False,True,True,True,2.224857064040208
K28-010,892,3048.3096230628066,3049.344056984602,return_cruise,True,False,True,True,True,2.2672214550974132
K28-010,893,3049.344056984602,3050.3784909063975,return_cruise,True,False,True,True,True,2.311409481317824
K28-010,894,3050.3784909063975,3051.4129248282197,return_cruise,True,False,True,True,True,2.355821895383812
K28-010,895,3051.4129248282197,3052.447358750042,return_cruise,True,False,True,True,True,2.4004609715001948
K28-010,896,3052.447358750042,3053.4817926718374,return_cruise,True,False,True,True,True,2.4453290183658396
K28-010,897,3053.4817926718374,3054.5162265936333,return_cruise,True,False,True,True,True,2.4904283798546345
K28-010,898,3054.5162265936333,3055.5506605154424,return_cruise,True,False,True,True,True,2.5357614357549494
K28-010,899,3055.5506605154424,3056.5850944372514,return_cruise,True,False,True,True,True,2.5813306024756173
K28-010,900,3056.5850944372514,3057.6195283590605,return_cruise,True,False,True,True,True,2.627138333807622
K28-010,901,3057.6195283590605,3058.6539622808696,return_cruise,True,False,True,True,True,2.673187121691271
K28-010,902,3058.6539622808696,3059.688396202665,return_cruise,True,False,True,True,True,2.7194794969997673
K28-010,903,3059.688396202665,3060.722830124461,return_cruise,True,False,True,True,True,2.766018030360499
K28-010,904,3060.722830124461,3061.757264046283,return_cruise,True,False,True,True,True,2.8128053329640608
K28-010,905,3061.757264046283,3062.7916979681054,return_cruise,True,False,True,True,True,2.859844057436078
K28-010,906,3062.7916979681054,3063.826131889901,return_cruise,True,False,True,True,True,2.907136898692727
K28-010,907,3063.826131889901,3064.8605658116967,return_cruise,True,False,True,True,True,2.954686594847203
K28-010,908,3064.8605658116967,3065.386547767391,return_cruise,True,False,True,True,True,3.002495928132717
K28-010,909,3065.386547767391,3065.9125297230858,return_cruise,True,False,True,True,True,3.026906172215533
K28-010,910,3065.9125297230858,3066.4209816891866,return_cruise,True,False,True,True,True,3.0513846506558053
K28-010,911,3066.4209816891866,3066.9294336552875,return_cruise,True,False,True,True,True,3.075112525056028
K28-010,912,3066.9294336552875,3067.96386757711,return_cruise,True,False,True,True,True,3.0989048612632075
K28-010,913,3067.96386757711,3068.998301498932,return_cruise,True,False,True,True,True,3.1475102547621248
K28-010,914,3068.998301498932,3070.0327354207275,return_cruise,True,False,True,True,True,3.1963868747105835
K28-010,915,3070.0327354207275,3071.0671693425234,return_cruise,True,False,True,True,True,3.245537738582186
K28-010,916,3071.0671693425234,3072.1016032643324,return_cruise,True,False,True,True,True,3.2949659140253686
K28-010,917,3072.1016032643324,3073.1360371861415,return_cruise,True,False,True,True,True,3.3446745199698
K28-010,918,3073.1360371861415,3074.1704711079506,return_cruise,True,False,True,True,True,3.394666727756203
K28-010,919,3074.1704711079506,3075.2049050297596,return_cruise,True,False,True,True,True,3.444945762316209
K28-010,920,3075.2049050297596,3076.239338951555,return_cruise,True,False,True,True,True,3.4955149033713724
K28-010,921,3076.239338951555,3077.2737728733505,return_cruise,True,False,True,True,True,3.5463774866595514
K28-010,922,3077.2737728733505,3078.3082067951595,return_cruise,True,False,True,True,True,3.597536905217865
K28-010,923,3078.3082067951595,3079.3426407169686,return_cruise,True,False,True,True,True,3.648996610681891
K28-010,924,3079.3426407169686,3080.3770746387777,return_cruise,True,False,True,True,True,3.7007601146222555
K28-010,925,3080.3770746387777,3081.4115085605868,return_cruise,True,False,True,True,True,3.752830989936271
K28-010,926,3081.4115085605868,3082.445942482382,return_cruise,True,False,True,True,True,3.805212872261663
K28-010,927,3082.445942482382,3083.4803764041776,return_cruise,True,False,True,True,True,3.8579094614376856
K28-010,928,3083.4803764041776,3084.4945690001796,return_cruise,True,False,True,True,True,3.910924523010422
K28-010,929,3084.4945690001796,3085.5087615961816,return_cruise,True,False,True,True,True,3.9632150925404517
K28-010,930,3085.5087615961816,3085.529002922002,return_cruise,True,False,True,True,True,4.015819153428666
K28-010,931,3085.529002922002,3085.549244247822,return_cruise,True,False,True,True,True,4.0168722452114025
K28-010,932,3085.549244247822,3086.5836781696175,return_cruise,True,False,True,True,True,4.017925463386803
K28-010,933,3086.5836781696175,3087.618112091413,return_cruise,True,False,True,True,True,4.071919215959269
K28-010,934,3087.618112091413,3088.6525460132084,return_cruise,True,False,True,True,True,4.126247191790284
K28-010,935,3088.6525460132084,3089.686979935004,return_cruise,True,False,True,True,True,4.180913509091695
K28-010,936,3089.686979935004,3090.721413856826,return_cruise,True,False,True,True,True,4.2359223617660575
K28-010,937,3090.721413856826,3091.7558477786483,return_cruise,True,False,True,True,True,4.291278021252992
K28-010,938,3091.7558477786483,3092.7902817004438,return_cruise,True,False,True,True,True,4.346984838440548
K28-010,939,3092.7902817004438,3093.824715622239,return_cruise,True,False,True,True,True,4.4030472455986285
K28-010,940,3093.824715622239,3094.8591495440483,return_cruise,True,False,True,True,True,4.459469758421122
K28-010,941,3094.8591495440483,3095.8935834658573,return_cruise,True,False,True,True,True,4.516256978086602
K28-010,942,3095.8935834658573,3096.9280173876664,return_cruise,True,False,True,True,True,4.573413593398129
K28-010,943,3096.9280173876664,3097.9624513094755,return_cruise,True,False,True,True,True,4.630944383007034
K28-010,944,3097.9624513094755,3098.996885231271,return_cruise,True,False,True,True,True,4.688854217671832
K28-010,945,3098.996885231271,3100.0313191530663,return_cruise,True,False,True,True,True,4.747148062620752
K28-010,946,3100.0313191530663,3101.0657530748886,return_cruise,True,False,True,True,True,4.805830979971489
K28-010,947,3101.0657530748886,3102.100186996711,return_cruise,True,False,True,True,True,4.864908131220716
K28-010,948,3102.100186996711,3103.1346209185062,return_cruise,True,False,True,True,True,4.924384779841873
K28-010,949,3103.1346209185062,3104.1690548403017,return_cruise,True,False,True,True,True,4.984266293924875
K28-010,950,3104.1690548403017,3104.63702415529,return_cruise,True,False,True,True,True,5.04455814894493
K28-010,951,3104.63702415529,3105.1049934702783,return_cruise,True,False,True,True,True,5.071969986613283
K28-010,952,3105.1049934702783,3105.671458077086,return_cruise,True,False,True,True,True,5.099467470267044
K28-010,953,3105.671458077086,3106.2379226838934,return_cruise,True,False,True,True,True,5.1328677953221415
K28-010,954,3106.2379226838934,3107.2723566057157,return_cruise,True,False,True,True,True,5.166395337690233
K28-010,955,3107.2723566057157,3108.306790527538,return_cruise,True,False,True,True,True,5.227952185246465
K28-010,956,3108.306790527538,3109.3412244493334,return_cruise,True,False,True,True,True,5.289942407548267
K28-010,957,3109.3412244493334,3110.375658371129,return_cruise,True,False,True,True,True,5.352372061420581
K28-010,958,3110.375658371129,3111.410092292938,return_cruise,True,False,True,True,True,5.415247329541913
K28-010,959,3111.410092292938,3112.444526214747,return_cruise,True,False,True,True,True,5.478574523911078
K28-010,960,3112.444526214747,3113.478960136556,return_cruise,True,False,True,True,True,5.542360089403616
K28-010,961,3113.478960136556,3114.513394058365,return_cruise,True,False,True,True,True,5.606610607455636
K28-010,962,3114.513394058365,3115.5478279801605,return_cruise,True,False,True,True,True,5.671332799893051
K28-010,963,3115.5478279801605,3116.582261901956,return_cruise,True,False,True,True,True,5.736533532856356
K28-010,964,3116.582261901956,3117.616695823778,return_cruise,True,False,True,True,True,5.80221982089553
K28-010,965,3117.616695823778,3118.6511297456004,return_cruise,True,False,True,True,True,5.868398831198675
K28-010,966,3118.6511297456004,3119.685563667396,return_cruise,True,False,True,True,True,5.935077887934952
K28-010,967,3119.685563667396,3120.7199975891913,return_cruise,True,False,True,True,True,6.002264476815029
K28-010,968,3120.7199975891913,3121.7544315109867,return_cruise,True,False,True,True,True,6.069966249743985
K28-010,969,3121.7544315109867,3122.788865432782,return_cruise,True,False,True,True,True,6.138191029697026
K28-010,970,3122.788865432782,3123.7450453885785,return_cruise,True,False,True,True,True,6.206946815737723
K28-010,971,3123.7450453885785,3124.701225344375,return_cruise,True,False,True,True,True,6.270980649708235
K28-010,972,3124.701225344375,3124.779479310401,return_cruise,True,False,True,True,True,6.335481778375495
K28-010,973,3124.779479310401,3124.8577332764266,return_cruise,True,False,True,True,True,6.340781456934607
K28-010,974,3124.8577332764266,3125.892167198222,return_cruise,True,False,True,True,True,6.346084314168436
K28-010,975,3125.892167198222,3126.9266011200175,return_cruise,True,False,True,True,True,6.4164829529134835
K28-010,976,3126.9266011200175,3127.9610350418134,return_cruise,True,False,True,True,True,6.4874464618491885
K28-010,977,3127.9610350418134,3128.995468963609,return_cruise,True,False,True,True,True,6.558983802459579
K28-010,978,3128.995468963609,3130.029902885431,return_cruise,True,False,True,True,True,6.631104146547216
K28-010,979,3130.029902885431,3131.0643368072533,return_cruise,True,False,True,True,True,6.7038168827074855
K28-010,980,3131.0643368072533,3132.098770729049,return_cruise,True,False,True,True,True,6.777131623024303
K28-010,981,3132.098770729049,3133.1332046508446,return_cruise,True,False,True,True,True,6.851058210043377
K28-010,982,3133.1332046508446,3134.1676385726537,return_cruise,True,False,True,True,True,6.925606723997191
K28-010,983,3134.1676385726537,3135.2020724944628,return_cruise,True,False,True,True,True,7.000787490303381
K28-010,984,3135.2020724944628,3136.236506416272,return_cruise,True,False,True,True,True,7.076611087362409
K28-010,985,3136.236506416272,3137.270940338081,return_cruise,True,False,True,True,True,7.153088354634534
K28-010,986,3137.270940338081,3138.3053742598768,return_cruise,True,False,True,True,True,7.230230401063949
K28-010,987,3138.3053742598768,3139.339808181672,return_cruise,True,False,True,True,True,7.308048613797041
K28-010,988,3139.339808181672,3140.3742421034945,return_cruise,True,False,True,True,True,7.386554667269962
K28-010,989,3140.3742421034945,3141.4086760253167,return_cruise,True,False,True,True,True,7.465760532638669
K28-010,990,3141.4086760253167,3142.4431099471126,return_cruise,True,False,True,True,True,7.545678487590436
K28-010,991,3142.4431099471126,3143.477543868908,return_cruise,True,False,True,True,True,7.626321126538642
K28-010,992,3143.477543868908,3143.8875005431896,return_cruise,True,False,True,True,True,7.707701371244696
K28-010,993,3143.8875005431896,3144.297457217471,return_cruise,True,False,True,True,True,7.740160193353532
K28-010,994,3144.297457217471,3144.9219344649855,return_cruise,True,False,True,True,True,7.7727377843364565
K28-010,995,3144.9219344649855,3145.5464117125,return_cruise,True,False,True,True,True,7.822592625569271
K28-010,996,3145.5464117125,3146.580845634322,return_cruise,True,False,True,True,True,7.872728068363557
K28-010,997,3146.580845634322,3147.6152795561443,return_cruise,True,False,True,True,True,7.956402102614291
K28-010,998,3147.6152795561443,3148.64971347794,return_cruise,True,False,True,True,True,8.040868930690621
K28-010,999,3148.64971347794,3149.6841473997356,return_cruise,True,False,True,True,True,8.126143285902444
K28-010,1000,3149.6841473997356,3150.7185813215447,return_cruise,True,False,True,True,True,8.212240302270914
K28-010,1001,3150.7185813215447,3151.7530152433537,return_cruise,True,False,True,True,True,8.299175528576711
K28-010,1002,3151.7530152433537,3152.7874491651623,return_cruise,True,False,True,True,True,8.386964942991327
K28-010,1003,3152.7874491651623,3153.8218830869714,return_cruise,True,False,True,True,True,8.475624968335254
K28-010,1004,3153.8218830869714,3154.8563170087673,return_cruise,True,False,True,True,True,8.565172487962897
K28-010,1005,3154.8563170087673,3155.8907509305627,return_cruise,True,False,True,True,True,8.655624862316287
K28-010,1006,3155.8907509305627,3156.925184852385,return_cruise,True,False,True,True,True,8.746999946199878
K28-010,1007,3156.925184852385,3157.9596187742072,return_cruise,True,False,True,True,True,8.839316106765764
K28-010,1008,3157.9596187742072,3158.994052696003,return_cruise,True,False,True,True,True,8.932592242261748
K28-010,1009,3158.994052696003,3160.0284866177985,return_cruise,True,False,True,True,True,9.026847801616611
K28-010,1010,3160.0284866177985,3161.062920539594,return_cruise,True,False,True,True,True,9.122102804824891
K28-010,1011,3161.062920539594,3162.0973544613894,return_cruise,True,False,True,True,True,9.218377864217047
K28-010,1012,3162.0973544613894,3162.995521776479,return_cruise,True,False,True,True,True,9.31569420664934
K28-010,1013,3162.995521776479,3163.893689091569,return_cruise,True,False,True,True,True,9.401052511256893
K28-010,1014,3163.893689091569,3164.0299556983014,return_cruise,True,False,True,True,True,9.487227019557693
K28-010,1015,3164.0299556983014,3164.1662223050334,return_cruise,True,False,True,True,True,9.50037334618645
K28-010,1016,3164.1662223050334,3165.2006562268293,return_cruise,True,False,True,True,True,9.513538860514004
K28-010,1017,3165.2006562268293,3166.2350901486247,return_cruise,True,False,True,True,True,9.614112911543927
K28-010,1018,3166.2350901486247,3167.26952407042,return_cruise,True,False,True,True,True,9.715819776232308
K28-010,1019,3167.26952407042,3168.3039579922156,return_cruise,True,False,True,True,True,9.81868412167816
K28-010,1020,3168.3039579922156,3169.338391914038,return_cruise,True,False,True,True,True,9.922731384106939
K28-010,1021,3169.338391914038,3170.37282583586,return_cruise,True,False,True,True,True,10.027987798653143
K28-010,1022,3170.37282583586,3171.4072597576555,return_cruise,True,False,True,True,True,10.134480430368342
K28-010,1023,3171.4072597576555,3172.441693679451,return_cruise,True,False,True,True,True,10.242237206548765
K28-010,1024,3172.441693679451,3173.47612760126,return_cruise,True,False,True,True,True,10.351286950429383
K28-010,1025,3173.47612760126,3174.510561523069,return_cruise,True,False,True,True,True,10.461659416237495
K28-010,1026,3174.510561523069,3175.544995444878,return_cruise,True,False,True,True,True,10.573385325732048
K28-010,1027,3175.544995444878,3176.5794293666872,return_cruise,True,False,True,True,True,10.686496406175081
K28-010,1028,3176.5794293666872,3177.6138632884827,return_cruise,True,False,True,True,True,10.801025429825145
K28-010,1029,3177.6138632884827,3178.648297210278,return_cruise,True,False,True,True,True,10.917006255006342
K28-010,1030,3178.648297210278,3179.6827311321003,return_cruise,True,False,True,True,True,11.034473868679427
K28-010,1031,3179.6827311321003,3180.7171650539226,return_cruise,True,False,True,True,True,11.153464430660321
K28-010,1032,3180.7171650539226,3181.751598975718,return_cruise,True,False,True,True,True,11.27401531936765
K28-010,1033,3181.751598975718,3182.7860328975135,return_cruise,True,False,True,True,True,11.396165179194028
K28-010,1034,3182.7860328975135,3183.1379769315895,return_cruise,True,False,True,True,True,11.519953969405009
K28-010,1035,3183.1379769315895,3183.4899209656655,return_cruise,True,False,True,True,True,11.562451431362703
K28-010,1036,3183.4899209656655,3184.172410853385,return_cruise,True,False,True,True,True,11.605145044459263
K28-010,1037,3184.172410853385,3184.8549007411048,return_cruise,True,False,True,True,True,11.688501819480678
K28-010,1038,3184.8549007411048,3185.889334662927,return_cruise,True,False,True,True,True,11.772615056276933
K28-010,1039,3185.889334662927,3186.9237685847493,return_cruise,True,False,True,True,True,11.90157430668755
K28-010,1040,3186.9237685847493,3187.9582025065447,return_cruise,True,False,True,True,True,12.032346502590187
K28-010,1041,3187.9582025065447,3188.99263642834,return_cruise,True,False,True,True,True,12.164978961082838
K28-010,1042,3188.99263642834,3190.027070350149,return_cruise,True,False,True,True,True,12.299520635787033
K28-010,1043,3190.027070350149,3191.0615042719583,return_cruise,True,False,True,True,True,12.436022173716651
K28-010,1044,3191.0615042719583,3192.0959381937673,return_cruise,True,False,True,True,True,12.574535972252647
K28-010,1045,3192.0959381937673,3193.1303721155764,return_cruise,True,False,True,True,True,12.715116235878966
K28-010,1046,3193.1303721155764,3194.164806037372,return_cruise,True,False,True,True,True,12.857819032103393
K28-010,1047,3194.164806037372,3195.1992399591672,return_cruise,True,False,True,True,True,13.002702345807222
K28-010,1048,3195.1992399591672,3196.2336738809895,return_cruise,True,False,True,True,True,13.149826131346842
K28-010,1049,3196.2336738809895,3197.2681078028118,return_cruise,True,False,True,True,True,13.299252361230486
K28-010,1050,3197.2681078028118,3198.302541724607,return_cruise,True,False,True,True,True,13.451045070215656
K28-010,1051,3198.302541724607,3199.3369756464026,return_cruise,True,False,True,True,True,13.60527039334805
K28-010,1052,3199.3369756464026,3200.371409568198,return_cruise,True,False,True,True,True,13.761996596087059
K28-010,1053,3200.371409568198,3201.405843489994,return_cruise,True,False,True,True,True,13.921294094393716
K28-010,1054,3201.405843489994,3202.245998164377,return_cruise,True,False,True,True,True,14.083235462043405
K28-010,1055,3202.245998164377,3203.08615283876,return_cruise,True,False,True,True,True,14.216759425906432
K28-010,1056,3203.08615283876,3203.2804320861987,return_cruise,True,False,True,True,True,14.35211773261895
K28-010,1057,3203.2804320861987,3203.474711333638,return_cruise,True,False,True,True,True,14.383683848828184
K28-010,1058,3203.474711333638,3204.5091452554334,return_cruise,True,False,True,True,True,14.415350819210587
K28-010,1059,3204.5091452554334,3205.543579177229,return_cruise,True,False,True,True,True,14.5856805662916
K28-010,1060,3205.543579177229,3206.578013099038,return_cruise,True,False,True,True,True,14.75896556343109
K28-010,1061,3206.578013099038,3207.612447020847,return_cruise,True,False,True,True,True,14.93528857898464
K28-010,1062,3207.612447020847,3208.646880942656,return_cruise,True,False,True,True,True,15.11473408714599
K28-010,1063,3208.646880942656,3209.681314864465,return_cruise,True,False,True,True,True,15.297388051702058
K28-010,1064,3209.681314864465,3210.7157487862605,return_cruise,True,False,True,True,True,15.483337644764802
K28-010,1065,3210.7157487862605,3211.7501827080564,return_cruise,True,False,True,True,True,15.672670886814188
K28-010,1066,3211.7501827080564,3212.7846166298655,return_cruise,True,False,True,True,True,15.865476191805143
K28-010,1067,3212.7846166298655,3213.8190505516745,return_cruise,True,False,True,True,True,16.061841797669587
K28-010,1068,3213.8190505516745,3214.8534844734836,return_cruise,True,False,True,True,True,16.261855058885118
K28-010,1069,3214.8534844734836,3215.887918395292,return_cruise,True,False,True,True,True,16.465601573050037
K28-010,1070,3215.887918395292,3216.9223523170876,return_cruise,True,False,True,True,True,16.673164108005764
K28-010,1071,3216.9223523170876,3217.9567862388835,return_cruise,True,False,True,True,True,16.884621289523977
K28-010,1072,3217.9567862388835,3218.991220160706,return_cruise,True,False,True,True,True,17.10004600207091
K28-010,1073,3218.991220160706,3220.025654082528,return_cruise,True,False,True,True,True,17.319503445958333
K28-010,1074,3220.025654082528,3221.0600880043235,return_cruise,True,False,True,True,True,17.543048783948464
K28-010,1075,3221.0600880043235,3222.0945219261193,return_cruise,True,False,True,True,True,17.770724298298376
K28-010,1076,3222.0945219261193,3222.3884533194887,return_cruise,True,False,True,True,True,18.002555965331197
K28-010,1077,3222.3884533194887,3222.682384712858,return_cruise,True,False,True,True,True,18.069189877847705
K28-010,1078,3222.682384712858,3223.422887241284,return_cruise,True,False,True,True,True,18.136159743620055
K28-010,1079,3223.422887241284,3224.1633897697106,return_cruise,True,False,True,True,True,18.306363417766903
K28-010,1080,3224.1633897697106,3225.197823691533,return_cruise,True,False,True,True,True,18.47868462057157
K28-010,1081,3225.197823691533,3226.232257613355,return_cruise,True,False,True,True,True,18.722910764528763
K28-010,1082,3226.232257613355,3227.266691535151,return_cruise,True,False,True,True,True,18.97113847109506
K28-010,1083,3227.266691535151,3228.3011254569465,return_cruise,True,False,True,True,True,19.22323187649998
K28-010,1084,3228.3011254569465,3229.3355593787555,return_cruise,True,False,True,True,True,19.478998757798735
K28-010,1085,3229.3355593787555,3230.3699933005646,return_cruise,True,False,True,True,True,19.738179055467015
K28-010,1086,3230.3699933005646,3231.4044272223737,return_cruise,True,False,True,True,True,20.00043152859668
K28-010,1087,3231.4044272223737,3232.4388611441827,return_cruise,True,False,True,True,True,20.26531838808164
K28-010,1088,3232.4388611441827,3233.473295065978,return_cruise,True,False,True,True,True,20.53228781707061
K28-010,1089,3233.473295065978,3234.5077289877736,return_cruise,True,False,True,True,True,20.800654400016754
K28-010,1090,3234.5077289877736,3235.542162909596,return_cruise,True,False,True,True,True,21.069577660879048
K28-010,1091,3235.542162909596,3236.576596831418,return_cruise,True,False,True,True,True,21.338039177943514
K28-010,1092,3236.576596831418,3237.611030753214,return_cruise,True,False,True,True,True,21.604819123314243
K28-010,1093,3237.611030753214,3238.6454646750094,return_cruise,True,False,True,True,True,21.86847358480128
K28-010,1094,3238.6454646750094,3239.679898596805,return_cruise,True,False,True,True,True,22.127314675959468
K28-010,1095,3239.679898596805,3240.7143325186003,return_cruise,True,False,True,True,True,22.379396204804266
K28-010,1096,3240.7143325186003,3241.496474552778,return_cruise,True,False,True,True,True,22.622508487294652
K28-010,1097,3241.496474552778,3242.278616586956,return_cruise,True,False,True,True,True,22.79887799178219
K28-010,1098,3242.278616586956,3242.5309084746004,return_cruise,True,False,True,True,True,22.967561071913366
K28-010,1099,3242.5309084746004,3242.7832003622448,return_cruise,True,False,True,True,True,23.020133153604334
K28-010,1100,3242.7832003622448,3243.81763428404,return_cruise,True,False,True,True,True,23.071737007822676
K28-010,1101,3243.81763428404,3244.8520682058356,return_cruise,True,False,True,True,True,23.272286610578902
K28-010,1102,3244.8520682058356,3245.8865021276447,return_cruise,True,False,True,True,True,23.452858591525114
K28-010,1103,3245.8865021276447,3246.9209360494538,return_cruise,True,False,True,True,True,23.61047528280035
K28-010,1104,3246.9209360494538,3247.955369971263,return_cruise,True,False,True,True,True,23.74228602982923
K28-010,1105,3247.955369971263,3248.989803893072,return_cruise,True,False,True,True,True,23.845712590674523
K28-010,1106,3248.989803893072,3249.885416782572,return_cruise,True,False,True,True,True,23.918599862438654
K28-010,1107,3249.885416782572,3250.7810296720722,return_cruise,True,False,True,True,True,23.955793579493374
K28-010,1108,3250.7810296720722,3386.050612801955,return_descent,True,False,True,True,True,23.968262608738186
K28-015,0,0.0,55.88725179036459,climb,True,False,True,True,True,28.560414627442952
K28-015,1,55.88725179036459,56.85183871627528,cruise,True,False,True,True,True,28.51891569553254
K28-015,2,56.85183871627528,57.816425642185976,cruise,True,False,True,True,True,28.39674639289757
K28-015,3,57.816425642185976,58.256093056856265,cruise,True,False,True,True,True,28.315946660872697
K28-015,4,58.256093056856265,58.695760471526555,cruise,True,False,True,True,True,28.220570846027613
K28-015,5,58.695760471526555,59.370192070384434,cruise,True,False,True,True,True,28.048190612379884
K28-015,6,59.370192070384434,60.04462366924231,cruise,True,False,True,True,True,27.847654767113113
K28-015,7,60.04462366924231,61.15872268277048,cruise,True,False,True,True,True,27.465458009025966
K28-015,8,61.15872268277048,62.27282169629865,cruise,True,False,True,True,True,27.03517381304539
K28-015,9,62.27282169629865,62.96477992135888,cruise,True,False,True,True,True,26.75083441225054
K28-015,10,62.96477992135888,63.656738146419116,cruise,True,False,True,True,True,26.457448087028112
K28-015,11,63.656738146419116,64.0788789348728,cruise,True,False,True,True,True,26.27526271163299
K28-015,12,64.0788789348728,64.5010197233265,cruise,True,False,True,True,True,26.091357548723124
K28-015,13,64.5010197233265,65.61511873686891,cruise,True,False,True,True,True,25.60139970071964
K28-015,14,65.61511873686891,66.72921775041132,cruise,True,False,True,True,True,25.110590938501502
K28-015,15,66.72921775041132,67.67346678586149,cruise,True,False,True,True,True,24.69811593773855
K28-015,16,67.67346678586149,68.61771582131166,cruise,True,False,True,True,True,24.29143270278169
K28-015,17,68.61771582131166,68.7875657993754,cruise,True,False,True,True,True,24.21903331899634
K28-015,18,68.7875657993754,68.95741577743914,cruise,True,False,True,True,True,24.14688508959803
K28-015,19,68.95741577743914,70.07151479095306,cruise,True,False,True,True,True,23.680330852741776
K28-015,20,70.07151479095306,71.18561380446698,cruise,True,False,True,True,True,23.22637179342952
K28-015,21,71.18561380446698,72.2997128180094,cruise,True,False,True,True,True,22.785871084535543
K28-015,22,72.2997128180094,73.41381183155181,cruise,True,False,True,True,True,22.359201767086702
K28-015,23,73.41381183155181,73.49625266375111,cruise,True,False,True,True,True,22.328181408995164
K28-015,24,73.49625266375111,73.5786934959504,cruise,True,False,True,True,True,22.29723702560166
K28-015,25,73.5786934959504,74.61035167726502,cruise,True,False,True,True,True,21.91639703437332
K28-015,26,74.61035167726502,75.64200985857963,cruise,True,False,True,True,True,21.54725956330448
K28-015,27,75.64200985857963,76.7561088721078,cruise,True,False,True,True,True,21.161440340456494
K28-015,28,76.7561088721078,77.87020788563598,cruise,True,False,True,True,True,20.78849462771703
K28-015,29,77.87020788563598,78.20493952823948,cruise,True,False,True,True,True,20.678883785858517
K28-015,30,78.20493952823948,78.53967117084298,cruise,True,False,True,True,True,20.570375803755184
K28-015,31,78.53967117084298,79.31903854176765,cruise,True,False,True,True,True,20.321925524641344
K28-015,32,79.31903854176765,80.09840591269233,cruise,True,False,True,True,True,20.07919217316872
K28-015,33,80.09840591269233,81.21250492620624,cruise,True,False,True,True,True,19.741767853651965
K28-015,34,81.21250492620624,82.32660393972016,cruise,True,False,True,True,True,19.415114036950058
K28-015,35,82.32660393972016,82.91362639272785,cruise,True,False,True,True,True,19.247154047287637
K28-015,36,82.91362639272785,83.50064884573554,cruise,True,False,True,True,True,19.081964467829664
K28-015,37,83.50064884573554,84.02772540627026,cruise,True,False,True,True,True,18.935944241049015
K28-015,38,84.02772540627026,84.55480196680499,cruise,True,False,True,True,True,18.79204702390524
K28-015,39,84.55480196680499,85.66890098031891,cruise,True,False,True,True,True,18.494646657289238
K28-015,40,85.66890098031891,86.78299999383283,cruise,True,False,True,True,True,18.206047634741253
K28-015,41,86.78299999383283,87.62231325710357,cruise,True,False,True,True,True,17.99417756048284
K28-015,42,87.62231325710357,88.4616265203743,cruise,True,False,True,True,True,17.786877408151554
K28-015,43,88.4616265203743,88.73641227061748,cruise,True,False,True,True,True,17.719972843954082
K28-015,44,88.73641227061748,89.01119802086066,cruise,True,False,True,True,True,17.653534076472084
K28-015,45,89.01119802086066,90.12529703440308,cruise,True,False,True,True,True,17.388819135963402
K28-015,46,90.12529703440308,91.23939604794549,cruise,True,False,True,True,True,17.13130348343219
K28-015,47,91.23939604794549,92.33100012160617,cruise,True,False,True,True,True,16.885638499289897
K28-015,48,92.33100012160617,93.42260419526684,cruise,True,False,True,True,True,16.646250176009644
K28-015,49,93.42260419526684,93.44509913512009,cruise,True,False,True,True,True,16.64138099078592
K28-015,50,93.44509913512009,93.46759407497333,cruise,True,False,True,True,True,16.63651434632237
K28-015,51,93.46759407497333,94.5816930885015,cruise,True,False,True,True,True,16.398613396757256
K28-015,52,94.5816930885015,95.69579210202966,cruise,True,False,True,True,True,16.166654502593914
K28-015,53,95.69579210202966,96.80989111555783,cruise,True,False,True,True,True,15.940369142423805
K28-015,54,96.80989111555783,97.923990129086,cruise,True,False,True,True,True,15.719504860277695
K28-015,55,97.923990129086,98.1537859996227,cruise,True,False,True,True,True,15.674601447719951
K28-015,56,98.1537859996227,98.3835818701594,cruise,True,False,True,True,True,15.629916511844726
K28-015,57,98.3835818701594,99.26788501313662,cruise,True,False,True,True,True,15.459961740669868
K28-015,58,99.26788501313662,100.15218815611384,cruise,True,False,True,True,True,15.293103748840608
K28-015,59,100.15218815611384,101.266287169642,cruise,True,False,True,True,True,15.087133101510148
K28-015,60,101.266287169642,102.38038618317017,cruise,True,False,True,True,True,14.885714066002379
K28-015,61,102.38038618317017,102.86247286398417,cruise,True,False,True,True,True,14.799920696738198
K28-015,62,102.86247286398417,103.34455954479816,cruise,True,False,True,True,True,14.714929945606855
K28-015,63,103.34455954479816,103.97657187751233,cruise,True,False,True,True,True,14.604699880568091
K28-015,64,103.97657187751233,104.6085842102265,cruise,True,False,True,True,True,14.495794000704976
K28-015,65,104.6085842102265,105.72268322374042,cruise,True,False,True,True,True,14.306950284707185
K28-015,66,105.72268322374042,106.83678223725434,cruise,True,False,True,True,True,14.121971425783443
K28-015,67,106.83678223725434,107.57115972859943,cruise,True,False,True,True,True,14.002080488830046
K28-015,68,107.57115972859943,108.30553721994453,cruise,True,False,True,True,True,13.883763443415972
K28-015,69,108.30553721994453,108.68525874214185,cruise,True,False,True,True,True,13.82319008181932
K28-015,70,108.68525874214185,109.06498026433918,cruise,True,False,True,True,True,13.76302173450624
K28-015,71,109.06498026433918,110.1790792778531,cruise,True,False,True,True,True,13.58877711711935
K28-015,72,110.1790792778531,111.29317829136703,cruise,True,False,True,True,True,13.417848766408852
K28-015,73,111.29317829136703,112.27984659297516,cruise,True,False,True,True,True,13.269143972365569
K28-015,74,112.27984659297516,113.2665148945833,cruise,True,False,True,True,True,13.122867199839192
K28-015,75,113.2665148945833,113.39394560648908,cruise,True,False,True,True,True,13.104148279074067
K28-015,76,113.39394560648908,113.52137631839487,cruise,True,False,True,True,True,13.08546843550856
K28-015,77,113.52137631839487,114.63547533193729,cruise,True,False,True,True,True,12.923795129633888
K28-015,78,114.63547533193729,115.74957434547972,cruise,True,False,True,True,True,12.764994688282783
K28-015,79,115.74957434547972,116.86367335899364,cruise,True,False,True,True,True,12.6089696961687
K28-015,80,116.86367335899364,117.97777237250756,cruise,True,False,True,True,True,12.455627453508427
K28-015,81,117.97777237250756,118.1026324708648,cruise,True,False,True,True,True,12.438605237827247
K28-015,82,118.1026324708648,118.22749256922206,cruise,True,False,True,True,True,12.421615484338759
K28-015,83,118.22749256922206,119.21673148439298,cruise,True,False,True,True,True,12.28814292649291
K28-015,84,119.21673148439298,120.2059703995639,cruise,True,False,True,True,True,12.156642286962267
K28-015,85,120.2059703995639,121.32006941309207,cruise,True,False,True,True,True,12.010835049658283
K28-015,86,121.32006941309207,122.43416842662025,cruise,True,False,True,True,True,11.867381455451792
K28-015,87,122.43416842662025,122.81131933549435,cruise,True,False,True,True,True,11.8193390058711
K28-015,88,122.81131933549435,123.18847024436845,cruise,True,False,True,True,True,11.771555135247254
K28-015,89,123.18847024436845,123.92541834900825,cruise,True,False,True,True,True,11.678922067825198
K28-015,90,123.92541834900825,124.66236645364808,cruise,True,False,True,True,True,11.587246242152148
K28-015,91,124.66236645364808,125.77646546719049,cruise,True,False,True,True,True,11.45042812361244
K28-015,92,125.77646546719049,126.89056448073292,cruise,True,False,True,True,True,11.315690289299638
K28-015,93,126.89056448073292,127.52000619987005,cruise,True,False,True,True,True,11.240462825730901
K28-015,94,127.52000619987005,128.1494479190072,cruise,True,False,True,True,True,11.165869210685102
K28-015,95,128.1494479190072,128.63410521338398,cruise,True,False,True,True,True,11.10885902364933
K28-015,96,128.63410521338398,129.11876250776075,cruise,True,False,True,True,True,11.05221382256623
K28-015,97,129.11876250776075,130.23286152127466,cruise,True,False,True,True,True,10.923360704643457
K28-015,98,130.23286152127466,131.34696053478856,cruise,True,False,True,True,True,10.796358626743014
K28-015,99,131.34696053478856,132.22869306421725,cruise,True,False,True,True,True,10.69712339436117
K28-015,100,132.22869306421725,133.11042559364594,cruise,True,False,True,True,True,10.59899068342672
K28-015,101,133.11042559364594,133.34279207775967,cruise,True,False,True,True,True,10.573309930619928
K28-015,102,133.34279207775967,133.5751585618734,cruise,True,False,True,True,True,10.547703662602515
K28-015,103,133.5751585618734,134.6892575753873,cruise,True,False,True,True,True,10.425953904366352
K28-015,104,134.6892575753873,135.8033565889012,cruise,True,False,True,True,True,10.305861232437962
K28-015,105,135.8033565889012,136.91745560242938,cruise,True,False,True,True,True,10.187381842553464
K28-015,106,136.91745560242938,138.03155461595756,cruise,True,False,True,True,True,10.070473616386593
K28-015,107,138.03155461595756,138.05147894237493,cruise,True,False,True,True,True,10.068396902862062
K28-015,108,138.05147894237493,138.0714032687923,cruise,True,False,True,True,True,10.0663206786094
K28-015,109,138.0714032687923,139.1655779559031,cruise,True,False,True,True,True,9.953046338664166
K28-015,110,139.1655779559031,140.2597526430139,cruise,True,False,True,True,True,9.841210113591771
K28-015,111,140.2597526430139,141.37385165652782,cruise,True,False,True,True,True,9.72877830005504
K28-015,112,141.37385165652782,142.48795067004173,cruise,True,False,True,True,True,9.617764432550032
K28-015,113,142.48795067004173,142.76016580673638,cruise,True,False,True,True,True,9.590851247579806
K28-015,114,142.76016580673638,143.03238094343104,cruise,True,False,True,True,True,9.56402013123433
K28-015,115,143.03238094343104,143.8742648202788,cruise,True,False,True,True,True,9.481553261498135
K28-015,116,143.8742648202788,144.71614869712656,cruise,True,False,True,True,True,9.399852383510762
K28-015,117,144.71614869712656,145.83024771064046,cruise,True,False,True,True,True,9.29288819687413
K28-015,118,145.83024771064046,146.94434672415437,cruise,True,False,True,True,True,9.187209832646573
K28-015,119,146.94434672415437,147.46885267111207,cruise,True,False,True,True,True,9.137894111221996
K28-015,120,147.46885267111207,147.99335861806978,cruise,True,False,True,True,True,9.08885360972809
K28-015,121,147.99335861806978,148.58295168462598,cruise,True,False,True,True,True,9.034052379059176
K28-015,122,148.58295168462598,149.17254475118222,cruise,True,False,True,True,True,8.979590883921844
K28-015,123,149.17254475118222,150.28664376472463,cruise,True,False,True,True,True,8.877593002493697
K28-015,124,150.28664376472463,151.40074277826704,cruise,True,False,True,True,True,8.776766259388808
K28-015,125,151.40074277826704,152.1775395357416,cruise,True,False,True,True,True,8.70714453666804
K28-015,126,152.1775395357416,152.95433629321616,cruise,True,False,True,True,True,8.638070690977628
K28-015,127,152.95433629321616,153.29163854925554,cruise,True,False,True,True,True,8.60824576133497
K28-015,128,153.29163854925554,153.62894080529492,cruise,True,False,True,True,True,8.578521852939346
K28-015,129,153.62894080529492,154.74303981880882,cruise,True,False,True,True,True,8.481054150545717
K28-015,130,154.74303981880882,155.85713883232273,cruise,True,False,True,True,True,8.384657435961799
K28-015,131,155.85713883232273,156.88622640008882,cruise,True,False,True,True,True,8.296547835405718
K28-015,132,156.88622640008882,157.9153139678549,cruise,True,False,True,True,True,8.209314727042269
K28-015,133,157.9153139678549,158.00032541363123,cruise,True,False,True,True,True,8.202147184354288
K28-015,134,158.00032541363123,158.08533685940756,cruise,True,False,True,True,True,8.1949854965289
K28-015,135,158.08533685940756,159.19943587292147,cruise,True,False,True,True,True,8.101666326675812
K28-015,136,159.19943587292147,160.31353488643538,cruise,True,False,True,True,True,8.009330195998572
K28-015,137,160.31353488643538,161.42763389996352,cruise,True,False,True,True,True,7.917956794489868
K28-015,138,161.42763389996352,162.54173291349167,cruise,True,False,True,True,True,7.827526429354208
K28-015,139,162.54173291349167,162.70901227799263,cruise,True,False,True,True,True,7.8140287590561
K28-015,140,162.70901227799263,162.8762916424936,cruise,True,False,True,True,True,7.800551853704349
K28-015,141,162.8762916424936,163.8231112915208,cruise,True,False,True,True,True,7.724659443405372
K28-015,142,163.8231112915208,164.769930940548,cruise,True,False,True,True,True,7.649418977245205
K28-015,143,164.769930940548,165.8840299540619,cruise,True,False,True,True,True,7.561705376010551
K28-015,144,165.8840299540619,166.9981289675758,cruise,True,False,True,True,True,7.474861739307755
K28-015,145,166.9981289675758,167.41769914260786,cruise,True,False,True,True,True,7.442378398148506
K28-015,146,167.41769914260786,167.8372693176399,cruise,True,False,True,True,True,7.410015145754386
K28-015,147,167.8372693176399,168.53179815615027,cruise,True,False,True,True,True,7.356704725820066
K28-015,148,168.53179815615027,169.2263269946606,cruise,True,False,True,True,True,7.303717039696508
K28-015,149,169.2263269946606,170.34042600817452,cruise,True,False,True,True,True,7.2193835153631625
K28-015,150,170.34042600817452,171.45452502168843,cruise,True,False,True,True,True,7.1358549969334035
K28-015,151,171.45452502168843,172.12638600698352,cruise,True,False,True,True,True,7.085865610705099
K28-015,152,172.12638600698352,172.79824699227862,cruise,True,False,True,True,True,7.036160239857168
K28-015,153,172.79824699227862,173.24048502049743,cruise,True,False,True,True,True,7.00359620726347
K28-015,154,173.24048502049743,173.68272304871624,cruise,True,False,True,True,True,6.9711529510469035
K28-015,155,173.68272304871624,174.79682206225866,cruise,True,False,True,True,True,6.8899504409976515
K28-015,156,174.79682206225866,175.91092107580107,cruise,True,False,True,True,True,6.809494941983786
K28-015,157,175.91092107580107,176.83507287135922,cruise,True,False,True,True,True,6.743313759727002
K28-015,158,176.83507287135922,177.75922466691736,cruise,True,False,True,True,True,6.677629736454378
K28-015,159,177.75922466691736,177.94917188487315,cruise,True,False,True,True,True,6.664190171244769
K28-015,160,177.94917188487315,178.13911910282894,cruise,True,False,True,True,True,6.650771233947125
K28-015,161,178.13911910282894,179.25321811635712,cruise,True,False,True,True,True,6.572477044592958
K28-015,162,179.25321811635712,180.36731712988527,cruise,True,False,True,True,True,6.49487788081133
K28-015,163,180.36731712988527,181.4814161434134,cruise,True,False,True,True,True,6.417961588764911
K28-015,164,181.4814161434134,182.59551515694156,cruise,True,False,True,True,True,6.341716328636707
K28-015,165,182.59551515694156,182.65785874950262,cruise,True,False,True,True,True,6.337469329559667
K28-015,166,182.65785874950262,182.7202023420637,cruise,True,False,True,True,True,6.333224393549912
K28-015,167,182.7202023420637,183.77195776301653,cruise,True,False,True,True,True,6.2619201345679585
K28-015,168,183.77195776301653,184.82371318396937,cruise,True,False,True,True,True,6.191193051425373
K28-015,169,184.82371318396937,185.9378121975118,cruise,True,False,True,True,True,6.116892831073599
K28-015,170,185.9378121975118,187.0519112110542,cruise,True,False,True,True,True,6.043219216934261
K28-015,171,187.0519112110542,187.36654561387832,cruise,True,False,True,True,True,6.022524965314773
K28-015,172,187.36654561387832,187.68118001670243,cruise,True,False,True,True,True,6.001879625783417
K28-015,173,187.68118001670243,188.48064462739222,cruise,True,False,True,True,True,5.949639702648653
K28-015,174,188.48064462739222,189.28010923808202,cruise,True,False,True,True,True,5.897710379648601
K28-015,175,189.28010923808202,190.39420825159593,cruise,True,False,True,True,True,5.825855075236589
K28-015,176,190.39420825159593,191.50830726510983,cruise,True,False,True,True,True,5.7545861982628566
K28-015,177,191.50830726510983,192.0752324782255,cruise,True,False,True,True,True,5.7185421017471185
K28-015,178,192.0752324782255,192.64215769134114,cruise,True,False,True,True,True,5.682646185497148
K28-015,179,192.64215769134114,193.1893314917679,cruise,True,False,True,True,True,5.6481402613069065
K28-015,180,193.1893314917679,193.73650529219464,cruise,True,False,True,True,True,5.613770175430119
K28-015,181,193.73650529219464,194.85060430570854,cruise,True,False,True,True,True,5.544204809679499
K28-015,182,194.85060430570854,195.96470331922245,cruise,True,False,True,True,True,5.475189417733574
K28-015,183,195.96470331922245,196.78391934285494,cruise,True,False,True,True,True,5.42478710572739
K28-015,184,196.78391934285494,197.60313536648744,cruise,True,False,True,True,True,5.374674169355288
K28-015,185,197.60313536648744,197.89801835636885,cruise,True,False,True,True,True,5.356705833564121
K28-015,186,197.89801835636885,198.19290134625027,cruise,True,False,True,True,True,5.33877441392859
K28-015,187,198.19290134625027,199.30700035979268,cruise,True,False,True,True,True,5.271358221527464
K28-015,188,199.30700035979268,200.4210993733351,cruise,True,False,True,True,True,5.204458829972722
K28-015,189,200.4210993733351,201.49260620723064,cruise,True,False,True,True,True,5.140597264227765
K28-015,190,201.49260620723064,202.56411304112618,cruise,True,False,True,True,True,5.07719969004377
K28-015,191,202.56411304112618,202.60670522074454,cruise,True,False,True,True,True,5.0746891435506285
K28-015,192,202.60670522074454,202.6492974003629,cruise,True,False,True,True,True,5.072179319231466
K28-015,193,202.6492974003629,203.76339641389106,cruise,True,False,True,True,True,5.006784068799021
K28-015,194,203.76339641389106,204.87749542741923,cruise,True,False,True,True,True,4.941875346554156
K28-015,195,204.87749542741923,205.9915944409474,cruise,True,False,True,True,True,4.877445998125268
K28-015,196,205.9915944409474,207.10569345447556,cruise,True,False,True,True,True,4.813489025118244
K28-015,197,207.10569345447556,207.3153920852471,cruise,True,False,True,True,True,4.80150313887647
K28-015,198,207.3153920852471,207.52509071601867,cruise,True,False,True,True,True,4.789533699781174
K28-015,199,207.52509071601867,208.42949109876102,cruise,True,False,True,True,True,4.738098563777228
K28-015,200,208.42949109876102,209.33389148150337,cruise,True,False,True,True,True,4.686964964833507
K28-015,201,209.33389148150337,210.4479904950458,cruise,True,False,True,True,True,4.624384621030089
K28-015,202,210.4479904950458,211.5620895085882,cruise,True,False,True,True,True,4.56225013139418
K28-015,203,211.5620895085882,212.02407894974974,cruise,True,False,True,True,True,4.536613775883893
K28-015,204,212.02407894974974,212.48606839091127,cruise,True,False,True,True,True,4.511052564302602
K28-015,205,212.48606839091127,213.13817796326367,cruise,True,False,True,True,True,4.475099325488614
K28-015,206,213.13817796326367,213.79028753561607,cruise,True,False,True,True,True,4.439293715127604
K28-015,207,213.79028753561607,214.90438654912998,cruise,True,False,True,True,True,4.378459613454183
K28-015,208,214.90438654912998,216.0184855626439,cruise,True,False,True,True,True,4.318047008760118
K28-015,209,216.0184855626439,216.73276581409695,cruise,True,False,True,True,True,4.279533849293372
K28-015,210,216.73276581409695,217.44704606555,cruise,True,False,True,True,True,4.241190069246457
K28-015,211,217.44704606555,217.84686482763937,cruise,True,False,True,True,True,4.21980050628045
K28-015,212,217.84686482763937,218.24668358972872,cruise,True,False,True,True,True,4.198463293479847
K28-015,213,218.24668358972872,219.36078260324263,cruise,True,False,True,True,True,4.1392809752641995
K28-015,214,219.36078260324263,220.47488161675653,cruise,True,False,True,True,True,4.0804977325557275
K28-015,215,220.47488161675653,221.44145267859955,cruise,True,False,True,True,True,4.029817690840304
K28-015,216,221.44145267859955,222.40802374044253,cruise,True,False,True,True,True,3.979430606754491
K28-015,217,222.40802374044253,222.5555516921277,cruise,True,False,True,True,True,3.9717655720278913
K28-015,218,222.5555516921277,222.70307964381283,cruise,True,False,True,True,True,3.964107271945693
K28-015,219,222.70307964381283,223.817178657341,cruise,True,False,True,True,True,3.906489714329851
K28-015,220,223.817178657341,224.93127767086915,cruise,True,False,True,True,True,3.8492505473689533
K28-015,221,224.93127767086915,226.04537668438306,cruise,True,False,True,True,True,3.792384850288741
K28-015,222,226.04537668438306,227.15947569789697,cruise,True,False,True,True,True,3.7358877973472886
K28-015,223,227.15947569789697,227.264238556616,cruise,True,False,True,True,True,3.730593961744276
K28-015,224,227.264238556616,227.36900141533502,cruise,True,False,True,True,True,3.7253033400061213
K28-015,225,227.36900141533502,228.3783375701584,cruise,True,False,True,True,True,3.6744947995289294
K28-015,226,228.3783375701584,229.3876737249818,cruise,True,False,True,True,True,3.6239807817015333
K28-015,227,229.3876737249818,230.5017727384957,cruise,True,False,True,True,True,3.568561621306415
K28-015,228,230.5017727384957,231.6158717520096,cruise,True,False,True,True,True,3.51349270520096
K28-015,229,231.6158717520096,231.9729254209917,cruise,True,False,True,True,True,3.4959172535331646
K28-015,230,231.9729254209917,232.32997908997376,cruise,True,False,True,True,True,3.478377182387703
K28-015,231,232.32997908997376,233.0870244345056,cruise,True,False,True,True,True,3.441304124899915
K28-015,232,233.0870244345056,233.84406977903743,cruise,True,False,True,True,True,3.404388145897144
K28-015,233,233.84406977903743,234.95816879257984,cruise,True,False,True,True,True,3.35034397469596
K28-015,234,234.95816879257984,236.07226780612226,cruise,True,False,True,True,True,3.296632987830705
K28-015,235,236.07226780612226,236.68161228549428,cruise,True,False,True,True,True,3.2673958264648775
K28-015,236,236.68161228549428,237.2909567648663,cruise,True,False,True,True,True,3.238256459035341
K28-015,237,237.2909567648663,237.79571129900822,cruise,True,False,True,True,True,3.2141922627476447
K28-015,238,237.79571129900822,238.30046583315013,cruise,True,False,True,True,True,3.1901943578224774
K28-015,239,238.30046583315013,239.41456484667827,cruise,True,False,True,True,True,3.13745879307902
K28-015,240,239.41456484667827,240.52866386020642,cruise,True,False,True,True,True,3.0850405659888196
K28-015,241,240.52866386020642,241.39029914998264,cruise,True,False,True,True,True,3.044715943605013
K28-015,242,241.39029914998264,242.25193443975886,cruise,True,False,True,True,True,3.0045771429097243
K28-015,243,242.25193443975886,242.5043981635108,cruise,True,False,True,True,True,2.9928512140029113
K28-015,244,242.5043981635108,242.75686188726277,cruise,True,False,True,True,True,2.9811410498041084
K28-015,245,242.75686188726277,243.2283040258191,cruise,True,False,True,True,True,2.9593159488369025
K28-015,246,243.2283040258191,243.69974616437545,cruise,True,False,True,True,True,2.9375453998776067
K28-015,247,243.69974616437545,277.00444831281294,descent,True,False,True,True,True,2.9375453998776067
K28-015,248,277.00444831281294,517.0044483128129,handoff,True,False,True,True,True,2.9471914933238423
K28-015,249,517.0044483128129,544.7583667698441,return_climb,True,False,True,True,True,2.9375453998776067
K28-015,250,544.7583667698441,545.2298089084004,return_cruise,True,False,True,True,True,2.9375453998776067
K28-015,251,545.2298089084004,545.7012510469567,return_cruise,True,False,True,True,True,2.9593159488369025
K28-015,252,545.7012510469567,545.9537147707086,return_cruise,True,False,True,True,True,2.9811410498041084
K28-015,253,545.9537147707086,546.2061784944606,return_cruise,True,False,True,True,True,2.9928512140029113
K28-015,254,546.2061784944606,547.0678137842368,return_cruise,True,False,True,True,True,3.0045771429097243
K28-015,255,547.0678137842368,547.9294490740131,return_cruise,True,False,True,True,True,3.044715943605013
K28-015,256,547.9294490740131,549.0435480875412,return_cruise,True,False,True,True,True,3.0850405659888196
K28-015,257,549.0435480875412,550.1576471010694,return_cruise,True,False,True,True,True,3.13745879308037
K28-015,258,550.1576471010694,550.6624016352113,return_cruise,True,False,True,True,True,3.1901943578224774
K28-015,259,550.6624016352113,551.1671561693531,return_cruise,True,False,True,True,True,3.2141922627476447
K28-015,260,551.1671561693531,551.7765006487251,return_cruise,True,False,True,True,True,3.238256459035341
K28-015,261,551.7765006487251,552.3858451280971,return_cruise,True,False,True,True,True,3.2673958264648775
K28-015,262,552.3858451280971,553.4999441416395,return_cruise,True,False,True,True,True,3.296632987830705
K28-015,263,553.4999441416395,554.6140431551819,return_cruise,True,False,True,True,True,3.35034397469596
K28-015,264,554.6140431551819,555.3710884997138,return_cruise,True,False,True,True,True,3.404388145897144
K28-015,265,555.3710884997138,556.1281338442457,return_cruise,True,False,True,True,True,3.441304124899915
K28-015,266,556.1281338442457,556.4851875132277,return_cruise,True,False,True,True,True,3.478377182387703
K28-015,267,556.4851875132277,556.8422411822098,return_cruise,True,False,True,True,True,3.4959172535331646
K28-015,268,556.8422411822098,557.9563401957238,return_cruise,True,False,True,True,True,3.51349270520096
K28-015,269,557.9563401957238,559.0704392092377,return_cruise,True,False,True,True,True,3.568561621306415
K28-015,270,559.0704392092377,560.0797753640611,return_cruise,True,False,True,True,True,3.6239807817015333
K28-015,271,560.0797753640611,561.0891115188845,return_cruise,True,False,True,True,True,3.6744947995289294
K28-015,272,561.0891115188845,561.1938743776035,return_cruise,True,False,True,True,True,3.7253033400061213
K28-015,273,561.1938743776035,561.2986372363225,return_cruise,True,False,True,True,True,3.730593961744276
K28-015,274,561.2986372363225,562.4127362498365,return_cruise,True,False,True,True,True,3.7358877973472886
K28-015,275,562.4127362498365,563.5268352633504,return_cruise,True,False,True,True,True,3.792384850288741
K28-015,276,563.5268352633504,564.6409342768786,return_cruise,True,False,True,True,True,3.8492505473689533
K28-015,277,564.6409342768786,565.7550332904068,return_cruise,True,False,True,True,True,3.906489714329851
K28-015,278,565.7550332904068,565.9025612420919,return_cruise,True,False,True,True,True,3.964107271945693
K28-015,279,565.9025612420919,566.0500891937771,return_cruise,True,False,True,True,True,3.9717655720278913
K28-015,280,566.0500891937771,567.0166602556201,return_cruise,True,False,True,True,True,3.9794306067544767
K28-015,281,567.0166602556201,567.9832313174632,return_cruise,True,False,True,True,True,4.029817690840304
K28-015,282,567.9832313174632,569.0973303309771,return_cruise,True,False,True,True,True,4.0804977325557275
K28-015,283,569.0973303309771,570.2114293444911,return_cruise,True,False,True,True,True,4.1392809752641995
K28-015,284,570.2114293444911,570.6112481065804,return_cruise,True,False,True,True,True,4.198463293479847
K28-015,285,570.6112481065804,571.0110668686698,return_cruise,True,False,True,True,True,4.21980050628045
K28-015,286,571.0110668686698,571.7253471201228,return_cruise,True,False,True,True,True,4.241190069246457
K28-015,287,571.7253471201228,572.4396273715759,return_cruise,True,False,True,True,True,4.279533849293372
K28-015,288,572.4396273715759,573.5537263850898,return_cruise,True,False,True,True,True,4.318047008760118
K28-015,289,573.5537263850898,574.6678253986038,return_cruise,True,False,True,True,True,4.378459613454183
K28-015,290,574.6678253986038,575.3199349709562,return_cruise,True,False,True,True,True,4.439293715127604
K28-015,291,575.3199349709562,575.9720445433086,return_cruise,True,False,True,True,True,4.475099325488614
K28-015,292,575.9720445433086,576.4340339844701,return_cruise,True,False,True,True,True,4.511052564302602
K28-015,293,576.4340339844701,576.8960234256317,return_cruise,True,False,True,True,True,4.536613775883893
K28-015,294,576.8960234256317,578.0101224391741,return_cruise,True,False,True,True,True,4.56225013139418
K28-015,295,578.0101224391741,579.1242214527165,return_cruise,True,False,True,True,True,4.624384621030089
K28-015,296,579.1242214527165,580.0286218354588,return_cruise,True,False,True,True,True,4.686964964833507
K28-015,297,580.0286218354588,580.9330222182011,return_cruise,True,False,True,True,True,4.738098563777228
K28-015,298,580.9330222182011,581.1427208489727,return_cruise,True,False,True,True,True,4.789533699781174
K28-015,299,581.1427208489727,581.3524194797442,return_cruise,True,False,True,True,True,4.80150313887647
K28-015,300,581.3524194797442,582.4665184932724,return_cruise,True,False,True,True,True,4.813489025118244
K28-015,301,582.4665184932724,583.5806175068005,return_cruise,True,False,True,True,True,4.877445998123605
K28-015,302,583.5806175068005,584.6947165203287,return_cruise,True,False,True,True,True,4.941875346554156
K28-015,303,584.6947165203287,585.8088155338569,return_cruise,True,False,True,True,True,5.006784068799021
K28-015,304,585.8088155338569,585.8514077134753,return_cruise,True,False,True,True,True,5.072179319231466
K28-015,305,585.8514077134753,585.8939998930937,return_cruise,True,False,True,True,True,5.0746891435506285
K28-015,306,585.8939998930937,586.9655067269892,return_cruise,True,False,True,True,True,5.07719969004377
K28-015,307,586.9655067269892,588.0370135608848,return_cruise,True,False,True,True,True,5.140597264227765
K28-015,308,588.0370135608848,589.1511125744272,return_cruise,True,False,True,True,True,5.204458829972722
K28-015,309,589.1511125744272,590.2652115879696,return_cruise,True,False,True,True,True,5.271358221527464
K28-015,310,590.2652115879696,590.560094577851,return_cruise,True,False,True,True,True,5.33877441392859
K28-015,311,590.560094577851,590.8549775677325,return_cruise,True,False,True,True,True,5.356705833564121
K28-015,312,590.8549775677325,591.674193591365,return_cruise,True,False,True,True,True,5.374674169355288
K28-015,313,591.674193591365,592.4934096149975,return_cruise,True,False,True,True,True,5.42478710572739
K28-015,314,592.4934096149975,593.6075086285115,return_cruise,True,False,True,True,True,5.475189417733574
K28-015,315,593.6075086285115,594.7216076420254,return_cruise,True,False,True,True,True,5.544204809679499
K28-015,316,594.7216076420254,595.2687814424522,return_cruise,True,False,True,True,True,5.613770175430119
K28-015,317,595.2687814424522,595.815955242879,return_cruise,True,False,True,True,True,5.6481402613069065
K28-015,318,595.815955242879,596.3828804559946,return_cruise,True,False,True,True,True,5.682646185497148
K28-015,319,596.3828804559946,596.9498056691102,return_cruise,True,False,True,True,True,5.7185421017471185
K28-015,320,596.9498056691102,598.0639046826242,return_cruise,True,False,True,True,True,5.7545861982628566
K28-015,321,598.0639046826242,599.1780036961381,return_cruise,True,False,True,True,True,5.825855075236589
K28-015,322,599.1780036961381,599.977468306828,return_cruise,True,False,True,True,True,5.897710379648601
K28-015,323,599.977468306828,600.7769329175178,return_cruise,True,False,True,True,True,5.949639702648653
K28-015,324,600.7769329175178,601.0915673203419,return_cruise,True,False,True,True,True,6.001879625783417
K28-015,325,601.0915673203419,601.4062017231661,return_cruise,True,False,True,True,True,6.022524965314773
K28-015,326,601.4062017231661,602.5203007367085,return_cruise,True,False,True,True,True,6.043219216934261
K28-015,327,602.5203007367085,603.6343997502509,return_cruise,True,False,True,True,True,6.116892831073599
K28-015,328,603.6343997502509,604.6861551712037,return_cruise,True,False,True,True,True,6.191193051425373
K28-015,329,604.6861551712037,605.7379105921566,return_cruise,True,False,True,True,True,6.2619201345679585
K28-015,330,605.7379105921566,605.8002541847177,return_cruise,True,False,True,True,True,6.333224393549912
K28-015,331,605.8002541847177,605.8625977772788,return_cruise,True,False,True,True,True,6.337469329559681
K28-015,332,605.8625977772788,606.976696790807,return_cruise,True,False,True,True,True,6.341716328636707
K28-015,333,606.976696790807,608.0907958043351,return_cruise,True,False,True,True,True,6.417961588764911
K28-015,334,608.0907958043351,609.2048948178633,return_cruise,True,False,True,True,True,6.49487788081133
K28-015,335,609.2048948178633,610.3189938313915,return_cruise,True,False,True,True,True,6.572477044592958
K28-015,336,610.3189938313915,610.5089410493473,return_cruise,True,False,True,True,True,6.650771233947125
K28-015,337,610.5089410493473,610.6988882673031,return_cruise,True,False,True,True,True,6.664190171244769
K28-015,338,610.6988882673031,611.6230400628613,return_cruise,True,False,True,True,True,6.677629736454378
K28-015,339,611.6230400628613,612.5471918584194,return_cruise,True,False,True,True,True,6.743313759727002
K28-015,340,612.5471918584194,613.6612908719618,return_cruise,True,False,True,True,True,6.809494941983786
K28-015,341,613.6612908719618,614.7753898855042,return_cruise,True,False,True,True,True,6.8899504409976515
K28-015,342,614.7753898855042,615.217627913723,return_cruise,True,False,True,True,True,6.9711529510469035
K28-015,343,615.217627913723,615.6598659419419,return_cruise,True,False,True,True,True,7.00359620726347
K28-015,344,615.6598659419419,616.331726927237,return_cruise,True,False,True,True,True,7.036160239857168
K28-015,345,616.331726927237,617.0035879125321,return_cruise,True,False,True,True,True,7.085865610705099
K28-015,346,617.0035879125321,618.1176869260461,return_cruise,True,False,True,True,True,7.1358549969334035
K28-015,347,618.1176869260461,619.23178593956,return_cruise,True,False,True,True,True,7.2193835153631625
K28-015,348,619.23178593956,619.9263147780704,return_cruise,True,False,True,True,True,7.303717039696508
K28-015,349,619.9263147780704,620.6208436165807,return_cruise,True,False,True,True,True,7.356704725820066
K28-015,350,620.6208436165807,621.0404137916128,return_cruise,True,False,True,True,True,7.410015145754386
K28-015,351,621.0404137916128,621.4599839666448,return_cruise,True,False,True,True,True,7.442378398148506
K28-015,352,621.4599839666448,622.5740829801588,return_cruise,True,False,True,True,True,7.474861739307755
K28-015,353,622.5740829801588,623.6881819936727,return_cruise,True,False,True,True,True,7.561705376010551
K28-015,354,623.6881819936727,624.6350016427,return_cruise,True,False,True,True,True,7.649418977245205
K28-015,355,624.6350016427,625.5818212917272,return_cruise,True,False,True,True,True,7.724659443405372
K28-015,356,625.5818212917272,625.7491006562282,return_cruise,True,False,True,True,True,7.800551853704349
K28-015,357,625.7491006562282,625.9163800207291,return_cruise,True,False,True,True,True,7.8140287590561
K28-015,358,625.9163800207291,627.0304790342573,return_cruise,True,False,True,True,True,7.827526429354194
K28-015,359,627.0304790342573,628.1445780477854,return_cruise,True,False,True,True,True,7.917956794489868
K28-015,360,628.1445780477854,629.2586770612994,return_cruise,True,False,True,True,True,8.009330195998572
K28-015,361,629.2586770612994,630.3727760748134,return_cruise,True,False,True,True,True,8.101666326675812
K28-015,362,630.3727760748134,630.4577875205897,return_cruise,True,False,True,True,True,8.1949854965289
K28-015,363,630.4577875205897,630.542798966366,return_cruise,True,False,True,True,True,8.202147184354288
K28-015,364,630.542798966366,631.5718865341321,return_cruise,True,False,True,True,True,8.209314727042269
K28-015,365,631.5718865341321,632.6009741018981,return_cruise,True,False,True,True,True,8.296547835405718
K28-015,366,632.6009741018981,633.7150731154121,return_cruise,True,False,True,True,True,8.384657435961799
K28-015,367,633.7150731154121,634.8291721289261,return_cruise,True,False,True,True,True,8.481054150545717
K28-015,368,634.8291721289261,635.1664743849655,return_cruise,True,False,True,True,True,8.578521852939346
K28-015,369,635.1664743849655,635.5037766410048,return_cruise,True,False,True,True,True,8.60824576133497
K28-015,370,635.5037766410048,636.2805733984794,return_cruise,True,False,True,True,True,8.638070690977628
K28-015,371,636.2805733984794,637.057370155954,return_cruise,True,False,True,True,True,8.70714453666804
K28-015,372,637.057370155954,638.1714691694964,return_cruise,True,False,True,True,True,8.776766259388808
K28-015,373,638.1714691694964,639.2855681830388,return_cruise,True,False,True,True,True,8.877593002493697
K28-015,374,639.2855681830388,639.875161249595,return_cruise,True,False,True,True,True,8.979590883921844
K28-015,375,639.875161249595,640.4647543161511,return_cruise,True,False,True,True,True,9.034052379059176
K28-015,376,640.4647543161511,640.9892602631088,return_cruise,True,False,True,True,True,9.08885360972809
K28-015,377,640.9892602631088,641.5137662100665,return_cruise,True,False,True,True,True,9.137894111221996
K28-015,378,641.5137662100665,642.6278652235804,return_cruise,True,False,True,True,True,9.187209832646573
K28-015,379,642.6278652235804,643.7419642370944,return_cruise,True,False,True,True,True,9.29288819687413
K28-015,380,643.7419642370944,644.5838481139422,return_cruise,True,False,True,True,True,9.399852383510762
K28-015,381,644.5838481139422,645.4257319907899,return_cruise,True,False,True,True,True,9.481553261498135
K28-015,382,645.4257319907899,645.6979471274846,return_cruise,True,False,True,True,True,9.56402013123433
K28-015,383,645.6979471274846,645.9701622641792,return_cruise,True,False,True,True,True,9.590851247579806
K28-015,384,645.9701622641792,647.084261277693,return_cruise,True,False,True,True,True,9.617764432550032
K28-015,385,647.084261277693,648.198360291207,return_cruise,True,False,True,True,True,9.72877830005504
K28-015,386,648.198360291207,649.2925349783178,return_cruise,True,False,True,True,True,9.841210113591771
K28-015,387,649.2925349783178,650.3867096654286,return_cruise,True,False,True,True,True,9.953046338664166
K28-015,388,650.3867096654286,650.406633991846,return_cruise,True,False,True,True,True,10.0663206786094
K28-015,389,650.406633991846,650.4265583182633,return_cruise,True,False,True,True,True,10.068396902862062
K28-015,390,650.4265583182633,651.5406573317915,return_cruise,True,False,True,True,True,10.070473616386593
K28-015,391,651.5406573317915,652.6547563453197,return_cruise,True,False,True,True,True,10.187381842553464
K28-015,392,652.6547563453197,653.7688553588337,return_cruise,True,False,True,True,True,10.305861232437962
K28-015,393,653.7688553588337,654.8829543723476,return_cruise,True,False,True,True,True,10.425953904366352
K28-015,394,654.8829543723476,655.1153208564614,return_cruise,True,False,True,True,True,10.547703662602515
K28-015,395,655.1153208564614,655.3476873405751,return_cruise,True,False,True,True,True,10.573309930619928
K28-015,396,655.3476873405751,656.2294198700039,return_cruise,True,False,True,True,True,10.59899068342672
K28-015,397,656.2294198700039,657.1111523994325,return_cruise,True,False,True,True,True,10.69712339436117
K28-015,398,657.1111523994325,658.2252514129465,return_cruise,True,False,True,True,True,10.796358626743014
K28-015,399,658.2252514129465,659.3393504264603,return_cruise,True,False,True,True,True,10.923360704643457
K28-015,400,659.3393504264603,659.8240077208371,return_cruise,True,False,True,True,True,11.05221382256623
K28-015,401,659.8240077208371,660.3086650152139,return_cruise,True,False,True,True,True,11.10885902364933
K28-015,402,660.3086650152139,660.9381067343511,return_cruise,True,False,True,True,True,11.165869210685102
K28-015,403,660.9381067343511,661.5675484534883,return_cruise,True,False,True,True,True,11.240462825730901
K28-015,404,661.5675484534883,662.6816474670306,return_cruise,True,False,True,True,True,11.315690289299638
K28-015,405,662.6816474670306,663.795746480573,return_cruise,True,False,True,True,True,11.45042812361244
K28-015,406,663.795746480573,664.5326945852129,return_cruise,True,False,True,True,True,11.587246242152148
K28-015,407,664.5326945852129,665.2696426898527,return_cruise,True,False,True,True,True,11.678922067825198
K28-015,408,665.2696426898527,665.6467935987268,return_cruise,True,False,True,True,True,11.771555135247254
K28-015,409,665.6467935987268,666.023944507601,return_cruise,True,False,True,True,True,11.8193390058711
K28-015,410,666.023944507601,667.1380435211291,return_cruise,True,False,True,True,True,11.867381455451792
K28-015,411,667.1380435211291,668.2521425346573,return_cruise,True,False,True,True,True,12.010835049658283
K28-015,412,668.2521425346573,669.2413814498283,return_cruise,True,False,True,True,True,12.156642286962267
K28-015,413,669.2413814498283,670.2306203649991,return_cruise,True,False,True,True,True,12.28814292649291
K28-015,414,670.2306203649991,670.3554804633565,return_cruise,True,False,True,True,True,12.421615484338759
K28-015,415,670.3554804633565,670.4803405617137,return_cruise,True,False,True,True,True,12.438605237827247
K28-015,416,670.4803405617137,671.5944395752276,return_cruise,True,False,True,True,True,12.455627453508427
K28-015,417,671.5944395752276,672.7085385887416,return_cruise,True,False,True,True,True,12.6089696961687
K28-015,418,672.7085385887416,673.822637602284,return_cruise,True,False,True,True,True,12.764994688282783
K28-015,419,673.822637602284,674.9367366158264,return_cruise,True,False,True,True,True,12.923795129633888
K28-015,420,674.9367366158264,675.0641673277322,return_cruise,True,False,True,True,True,13.08546843550856
K28-015,421,675.0641673277322,675.1915980396379,return_cruise,True,False,True,True,True,13.104148279074067
K28-015,422,675.1915980396379,676.1782663412461,return_cruise,True,False,True,True,True,13.122867199839192
K28-015,423,676.1782663412461,677.1649346428542,return_cruise,True,False,True,True,True,13.269143972365569
K28-015,424,677.1649346428542,678.2790336563681,return_cruise,True,False,True,True,True,13.417848766408852
K28-015,425,678.2790336563681,679.393132669882,return_cruise,True,False,True,True,True,13.58877711711935
K28-015,426,679.393132669882,679.7728541920793,return_cruise,True,False,True,True,True,13.76302173450624
K28-015,427,679.7728541920793,680.1525757142766,return_cruise,True,False,True,True,True,13.82319008181932
K28-015,428,680.1525757142766,680.8869532056217,return_cruise,True,False,True,True,True,13.883763443415972
K28-015,429,680.8869532056217,681.6213306969668,return_cruise,True,False,True,True,True,14.002080488830046
K28-015,430,681.6213306969668,682.7354297104807,return_cruise,True,False,True,True,True,14.121971425783443
K28-015,431,682.7354297104807,683.8495287239947,return_cruise,True,False,True,True,True,14.306950284707185
K28-015,432,683.8495287239947,684.4815410567089,return_cruise,True,False,True,True,True,14.495794000704976
K28-015,433,684.4815410567089,685.1135533894231,return_cruise,True,False,True,True,True,14.604699880568091
K28-015,434,685.1135533894231,685.5956400702371,return_cruise,True,False,True,True,True,14.714929945606855
K28-015,435,685.5956400702371,686.077726751051,return_cruise,True,False,True,True,True,14.799920696738198
K28-015,436,686.077726751051,687.1918257645792,return_cruise,True,False,True,True,True,14.885714066002379
K28-015,437,687.1918257645792,688.3059247781074,return_cruise,True,False,True,True,True,15.087133101510148
K28-015,438,688.3059247781074,689.1902279210847,return_cruise,True,False,True,True,True,15.293103748840608
K28-015,439,689.1902279210847,690.0745310640618,return_cruise,True,False,True,True,True,15.459961740669868
K28-015,440,690.0745310640618,690.3043269345985,return_cruise,True,False,True,True,True,15.629916511844726
K28-015,441,690.3043269345985,690.5341228051352,return_cruise,True,False,True,True,True,15.674601447719951
K28-015,442,690.5341228051352,691.6482218186634,return_cruise,True,False,True,True,True,15.719504860277695
K28-015,443,691.6482218186634,692.7623208321916,return_cruise,True,False,True,True,True,15.940369142423805
K28-015,444,692.7623208321916,693.8764198457197,return_cruise,True,False,True,True,True,16.166654502593914
K28-015,445,693.8764198457197,694.9905188592479,return_cruise,True,False,True,True,True,16.398613396757256
K28-015,446,694.9905188592479,695.0130137991011,return_cruise,True,False,True,True,True,16.636514346322386
K28-015,447,695.0130137991011,695.0355087389544,return_cruise,True,False,True,True,True,16.64138099078592
K28-015,448,695.0355087389544,696.1271128126151,return_cruise,True,False,True,True,True,16.646250176009644
K28-015,449,696.1271128126151,697.2187168862757,return_cruise,True,False,True,True,True,16.885638499289897
K28-015,450,697.2187168862757,698.3328158998181,return_cruise,True,False,True,True,True,17.13130348343219
K28-015,451,698.3328158998181,699.4469149133605,return_cruise,True,False,True,True,True,17.388819135963402
K28-015,452,699.4469149133605,699.7217006636037,return_cruise,True,False,True,True,True,17.653534076472084
K28-015,453,699.7217006636037,699.9964864138468,return_cruise,True,False,True,True,True,17.719972843954082
K28-015,454,699.9964864138468,700.8357996771175,return_cruise,True,False,True,True,True,17.786877408151554
K28-015,455,700.8357996771175,701.6751129403882,return_cruise,True,False,True,True,True,17.99417756048284
K28-015,456,701.6751129403882,702.7892119539022,return_cruise,True,False,True,True,True,18.206047634741253
K28-015,457,702.7892119539022,703.9033109674161,return_cruise,True,False,True,True,True,18.494646657289238
K28-015,458,703.9033109674161,704.4303875279509,return_cruise,True,False,True,True,True,18.79204702390524
K28-015,459,704.4303875279509,704.9574640884856,return_cruise,True,False,True,True,True,18.935944241049015
K28-015,460,704.9574640884856,705.5444865414933,return_cruise,True,False,True,True,True,19.081964467829664
K28-015,461,705.5444865414933,706.1315089945009,return_cruise,True,False,True,True,True,19.247154047287637
K28-015,462,706.1315089945009,707.2456080080148,return_cruise,True,False,True,True,True,19.415114036950058
K28-015,463,707.2456080080148,708.3597070215287,return_cruise,True,False,True,True,True,19.741767853651965
K28-015,464,708.3597070215287,709.1390743924534,return_cruise,True,False,True,True,True,20.07919217316872
K28-015,465,709.1390743924534,709.918441763378,return_cruise,True,False,True,True,True,20.321925524641344
K28-015,466,709.918441763378,710.2531734059816,return_cruise,True,False,True,True,True,20.570375803755184
K28-015,467,710.2531734059816,710.5879050485851,return_cruise,True,False,True,True,True,20.678883785858517
K28-015,468,710.5879050485851,711.7020040621132,return_cruise,True,False,True,True,True,20.78849462771703
K28-015,469,711.7020040621132,712.8161030756414,return_cruise,True,False,True,True,True,21.161440340456494
K28-015,470,712.8161030756414,713.847761256956,return_cruise,True,False,True,True,True,21.54725956330448
K28-015,471,713.847761256956,714.8794194382706,return_cruise,True,False,True,True,True,21.91639703437332
K28-015,472,714.8794194382706,714.9618602704699,return_cruise,True,False,True,True,True,22.29723702560166
K28-015,473,714.9618602704699,715.0443011026691,return_cruise,True,False,True,True,True,22.328181408995164
K28-015,474,715.0443011026691,716.1584001162115,return_cruise,True,False,True,True,True,22.359201767086702
K28-015,475,716.1584001162115,717.2724991297539,return_cruise,True,False,True,True,True,22.785871084535543
K28-015,476,717.2724991297539,718.3865981432679,return_cruise,True,False,True,True,True,23.22637179342952
K28-015,477,718.3865981432679,719.5006971567818,return_cruise,True,False,True,True,True,23.680330852741776
K28-015,478,719.5006971567818,719.6705471348456,return_cruise,True,False,True,True,True,24.14688508959803
K28-015,479,719.6705471348456,719.8403971129094,return_cruise,True,False,True,True,True,24.21903331899634
K28-015,480,719.8403971129094,720.7846461483596,return_cruise,True,False,True,True,True,24.29143270278169
K28-015,481,720.7846461483596,721.7288951838098,return_cruise,True,False,True,True,True,24.69811593773855
K28-015,482,721.7288951838098,722.8429941973521,return_cruise,True,False,True,True,True,25.110590938501502
K28-015,483,722.8429941973521,723.9570932108945,return_cruise,True,False,True,True,True,25.60139970071964
K28-015,484,723.9570932108945,724.3792339993482,return_cruise,True,False,True,True,True,26.091357548723124
K28-015,485,724.3792339993482,724.8013747878019,return_cruise,True,False,True,True,True,26.27526271163299
K28-015,486,724.8013747878019,725.4933330128622,return_cruise,True,False,True,True,True,26.457448087028112
K28-015,487,725.4933330128622,726.1852912379225,return_cruise,True,False,True,True,True,26.75083441225054
K28-015,488,726.1852912379225,727.2993902514506,return_cruise,True,False,True,True,True,27.03517381304539
K28-015,489,727.2993902514506,728.4134892649788,return_cruise,True,False,True,True,True,27.465458009025966
K28-015,490,728.4134892649788,729.0879208638366,return_cruise,True,False,True,True,True,27.847654767113113
K28-015,491,729.0879208638366,729.7623524626945,return_cruise,True,False,True,True,True,28.048190612379884
K28-015,492,729.7623524626945,730.2020198773648,return_cruise,True,False,True,True,True,28.220570846027613
K28-015,493,730.2020198773648,730.641687292035,return_cruise,True,False,True,True,True,28.315946660872697
K28-015,494,730.641687292035,731.6062742179457,return_cruise,True,False,True,True,True,28.39674639289757
K28-015,495,731.6062742179457,732.5708611438564,return_cruise,True,False,True,True,True,28.518915695535
K28-015,496,732.5708611438564,799.6355632922939,return_descent,True,False,True,True,True,28.560414627442952
K28-016,0,1561.4332394931612,1619.5758835361298,climb,True,False,True,True,True,29.982830377148545
K28-016,1,1619.5758835361298,1620.554974646741,cruise,True,False,True,True,True,29.92362584195382
K28-016,2,1620.554974646741,1621.534065757352,cruise,True,False,True,True,True,29.75070605559381
K28-016,3,1621.534065757352,1621.5490754800012,cruise,True,False,True,True,True,29.747229068304677
K28-016,4,1621.5490754800012,1621.5640852026504,cruise,True,False,True,True,True,29.743728344586756
K28-016,5,1621.5640852026504,1622.6799268436107,cruise,True,False,True,True,True,29.421572052712207
K28-016,6,1622.6799268436107,1623.795768484571,cruise,True,False,True,True,True,28.996496577668893
K28-016,7,1623.795768484571,1624.9266198481805,cruise,True,False,True,True,True,28.490839060973485
K28-016,8,1624.9266198481805,1626.05747121179,cruise,True,False,True,True,True,27.937503828684015
K28-016,9,1626.05747121179,1626.101966630999,cruise,True,False,True,True,True,27.915089108754543
K28-016,10,1626.101966630999,1626.146462050208,cruise,True,False,True,True,True,27.892637314212095
K28-016,11,1626.146462050208,1627.2328179945941,cruise,True,False,True,True,True,27.3359365160194
K28-016,12,1627.2328179945941,1628.3191739389804,cruise,True,False,True,True,True,26.77191134651089
K28-016,13,1628.3191739389804,1629.4500253026044,cruise,True,False,True,True,True,26.187954447477225
K28-016,14,1629.4500253026044,1630.5808766662285,cruise,True,False,True,True,True,25.61472795513434
K28-016,15,1630.5808766662285,1630.654857781997,cruise,True,False,True,True,True,25.57772735751206
K28-016,16,1630.654857781997,1630.7288388977654,cruise,True,False,True,True,True,25.540794565839505
K28-016,17,1630.7288388977654,1631.7857091455921,cruise,True,False,True,True,True,25.021074075363558
K28-016,18,1631.7857091455921,1632.8425793934189,cruise,True,False,True,True,True,24.517310356462204
K28-016,19,1632.8425793934189,1633.973430757014,cruise,True,False,True,True,True,23.997105022055266
K28-016,20,1633.973430757014,1635.1042821206092,cruise,True,False,True,True,True,23.496731450805584
K28-016,21,1635.1042821206092,1635.207748932849,cruise,True,False,True,True,True,23.45193712405478
K28-016,22,1635.207748932849,1635.3112157450887,cruise,True,False,True,True,True,23.407307173506666
K28-016,23,1635.3112157450887,1636.338600296473,cruise,True,False,True,True,True,22.97298378640356
K28-016,24,1636.338600296473,1637.3659848478574,cruise,True,False,True,True,True,22.55437747244312
K28-016,25,1637.3659848478574,1638.4968362114525,cruise,True,False,True,True,True,22.11109863941246
K28-016,26,1638.4968362114525,1639.6276875750477,cruise,True,False,True,True,True,21.68530215131706
K28-016,27,1639.6276875750477,1639.7606400838472,cruise,True,False,True,True,True,21.636348293413306
K28-016,28,1639.7606400838472,1639.8935925926467,cruise,True,False,True,True,True,21.587621980781208
K28-016,29,1639.8935925926467,1640.891491447457,cruise,True,False,True,True,True,21.22900977909201
K28-016,30,1640.891491447457,1641.8893903022672,cruise,True,False,True,True,True,20.882502268859383
K28-016,31,1641.8893903022672,1643.0202416658767,cruise,True,False,True,True,True,20.503682898184167
K28-016,32,1643.0202416658767,1644.1510930294862,cruise,True,False,True,True,True,20.138754876011262
K28-016,33,1644.1510930294862,1644.3135312348452,cruise,True,False,True,True,True,20.08742806505026
K28-016,34,1644.3135312348452,1644.4759694402042,cruise,True,False,True,True,True,20.036368540267915
K28-016,35,1644.4759694402042,1645.4443825984401,cruise,True,False,True,True,True,19.737385205628357
K28-016,36,1645.4443825984401,1646.4127957566764,cruise,True,False,True,True,True,19.447343190206695
K28-016,37,1646.4127957566764,1647.5436471203004,cruise,True,False,True,True,True,19.11936521983536
K28-016,38,1647.5436471203004,1648.6744984839245,cruise,True,False,True,True,True,18.802290592275597
K28-016,39,1648.6744984839245,1648.8664223857259,cruise,True,False,True,True,True,18.749514390028992
K28-016,40,1648.8664223857259,1649.0583462875272,cruise,True,False,True,True,True,18.69703112066219
K28-016,41,1649.0583462875272,1649.997273749321,cruise,True,False,True,True,True,18.444400232664634
K28-016,42,1649.997273749321,1650.9362012111148,cruise,True,False,True,True,True,18.198384745567097
K28-016,43,1650.9362012111148,1652.06705257471,cruise,True,False,True,True,True,17.910428203474282
K28-016,44,1652.06705257471,1653.1979039383052,cruise,True,False,True,True,True,17.631118864711112
K28-016,45,1653.1979039383052,1653.4193135366952,cruise,True,False,True,True,True,17.577404483093275
K28-016,46,1653.4193135366952,1653.6407231350852,cruise,True,False,True,True,True,17.524000220810322
K28-016,47,1653.6407231350852,1654.5501649003193,cruise,True,False,True,True,True,17.307825011361956
K28-016,48,1654.5501649003193,1655.4596066655533,cruise,True,False,True,True,True,17.096606537115576
K28-016,49,1655.4596066655533,1656.5904580291485,cruise,True,False,True,True,True,16.840566441644455
K28-016,50,1656.5904580291485,1657.7213093927437,cruise,True,False,True,True,True,16.591494312741602
K28-016,51,1657.7213093927437,1657.9722046876932,cruise,True,False,True,True,True,16.53714310027786
K28-016,52,1657.9722046876932,1658.2230999826427,cruise,True,False,True,True,True,16.4831139549012
K28-016,53,1658.2230999826427,1659.1030560513027,cruise,True,False,True,True,True,16.29611351710429
K28-016,54,1659.1030560513027,1659.9830121199627,cruise,True,False,True,True,True,16.112881639118598
K28-016,55,1659.9830121199627,1661.1138634835722,cruise,True,False,True,True,True,15.882712675012456
K28-016,56,1661.1138634835722,1662.2447148471817,cruise,True,False,True,True,True,15.658251147070914
K28-016,57,1662.2447148471817,1662.5250958385736,cruise,True,False,True,True,True,15.60345053830369
K28-016,58,1662.5250958385736,1662.8054768299655,cruise,True,False,True,True,True,15.548980577890234
K28-016,59,1662.8054768299655,1663.6559472021686,cruise,True,False,True,True,True,15.385742536829184
K28-016,60,1663.6559472021686,1664.5064175743717,cruise,True,False,True,True,True,15.225409449526182
K28-016,61,1664.5064175743717,1665.6372689379812,cruise,True,False,True,True,True,15.016550160642126
K28-016,62,1665.6372689379812,1666.7681203015907,cruise,True,False,True,True,True,14.812437491922495
K28-016,63,1666.7681203015907,1667.077986989674,cruise,True,False,True,True,True,14.757309438670447
K28-016,64,1667.077986989674,1667.3878536777572,cruise,True,False,True,True,True,14.702518373345498
K28-016,65,1667.3878536777572,1668.2088383532835,cruise,True,False,True,True,True,14.558950453029212
K28-016,66,1668.2088383532835,1669.0298230288097,cruise,True,False,True,True,True,14.41764914830648
K28-016,67,1669.0298230288097,1670.1606743924049,cruise,True,False,True,True,True,14.226602003874746
K28-016,68,1670.1606743924049,1671.291525756,cruise,True,False,True,True,True,14.039556753929801
K28-016,69,1671.291525756,1671.63087814054,cruise,True,False,True,True,True,13.984183661395917
K28-016,70,1671.63087814054,1671.97023052508,cruise,True,False,True,True,True,13.929152355340932
K28-016,71,1671.97023052508,1672.761729504164,cruise,True,False,True,True,True,13.802103882498244
K28-016,72,1672.761729504164,1673.5532284832477,cruise,True,False,True,True,True,13.676842393762044
K28-016,73,1673.5532284832477,1674.684079846843,cruise,True,False,True,True,True,13.500880562887545
K28-016,74,1674.684079846843,1675.814931210438,cruise,True,False,True,True,True,13.328333936512834
K28-016,75,1675.814931210438,1676.1837692914205,cruise,True,False,True,True,True,13.272773297955155
K28-016,76,1676.1837692914205,1676.552607372403,cruise,True,False,True,True,True,13.21755815461384
K28-016,77,1676.552607372403,1677.3146206550155,cruise,True,False,True,True,True,13.104560997678448
K28-016,78,1677.3146206550155,1678.076633937628,cruise,True,False,True,True,True,12.992984970038847
K28-016,79,1678.076633937628,1679.207485301252,cruise,True,False,True,True,True,12.829948463734937
K28-016,80,1679.207485301252,1680.3383366648761,cruise,True,False,True,True,True,12.669857944683173
K28-016,81,1680.3383366648761,1680.7366604425354,cruise,True,False,True,True,True,12.614150982818572
K28-016,82,1680.7366604425354,1681.1349842201946,cruise,True,False,True,True,True,12.558792435012137
K28-016,83,1681.1349842201946,1681.8675118061303,cruise,True,False,True,True,True,12.457882060165971
K28-016,84,1681.8675118061303,1682.600039392066,cruise,True,False,True,True,True,12.358109957832255
K28-016,85,1682.600039392066,1683.7308907556755,cruise,True,False,True,True,True,12.206262576469044
K28-016,86,1683.7308907556755,1684.861742119285,cruise,True,False,True,True,True,12.056980718236147
K28-016,87,1684.861742119285,1685.2895515934013,cruise,True,False,True,True,True,12.001157693061387
K28-016,88,1685.2895515934013,1685.7173610675175,cruise,True,False,True,True,True,11.9456854155912
K28-016,89,1685.7173610675175,1686.4204029570108,cruise,True,False,True,True,True,11.855275382864676
K28-016,90,1686.4204029570108,1687.123444846504,cruise,True,False,True,True,True,11.765782315389544
K28-016,91,1687.123444846504,1688.2542962100993,cruise,True,False,True,True,True,11.62370982204375
K28-016,92,1688.2542962100993,1689.3851475736944,cruise,True,False,True,True,True,11.483890488361212
K28-016,93,1689.3851475736944,1689.8424427442676,cruise,True,False,True,True,True,11.427974070782057
K28-016,94,1689.8424427442676,1690.2997379148408,cruise,True,False,True,True,True,11.372410292660007
K28-016,95,1690.2997379148408,1690.9732941078917,cruise,True,False,True,True,True,11.29120271907074
K28-016,96,1690.9732941078917,1691.6468503009426,cruise,True,False,True,True,True,11.210737144983128
K28-016,97,1691.6468503009426,1692.7777016645377,cruise,True,False,True,True,True,11.077273632478907
K28-016,98,1692.7777016645377,1693.908553028133,cruise,True,False,True,True,True,10.945803927899007
K28-016,99,1693.908553028133,1694.395333895383,cruise,True,False,True,True,True,10.889811409404501
K28-016,100,1694.395333895383,1694.882114762633,cruise,True,False,True,True,True,10.834173082770775
K28-016,101,1694.882114762633,1695.526185258978,cruise,True,False,True,True,True,10.761093665901456
K28-016,102,1695.526185258978,1696.1702557553233,cruise,True,False,True,True,True,10.688616660017743
K28-016,103,1696.1702557553233,1697.3011071189474,cruise,True,False,True,True,True,10.56279045957558
K28-016,104,1697.3011071189474,1698.4319584825714,cruise,True,False,True,True,True,10.438740531972655
K28-016,105,1698.4319584825714,1698.9482250462638,cruise,True,False,True,True,True,10.382685310772032
K28-016,106,1698.9482250462638,1699.4644916099562,cruise,True,False,True,True,True,10.3269855692578
K28-016,107,1699.4644916099562,1700.079076409859,cruise,True,False,True,True,True,10.261135658176755
K28-016,108,1700.079076409859,1700.6936612097618,cruise,True,False,True,True,True,10.195775917791735
K28-016,109,1700.6936612097618,1701.8245125733713,cruise,True,False,True,True,True,10.07676925775398
K28-016,110,1701.8245125733713,1702.9553639369808,cruise,True,False,True,True,True,9.95935472447583
K28-016,111,1702.9553639369808,1703.50111619713,cruise,True,False,True,True,True,9.903247328419639
K28-016,112,1703.50111619713,1704.046868457279,cruise,True,False,True,True,True,9.847496490746607
K28-016,113,1704.046868457279,1704.6319675607394,cruise,True,False,True,True,True,9.788117187144152
K28-016,114,1704.6319675607394,1705.2170666641998,cruise,True,False,True,True,True,9.729137197034063
K28-016,115,1705.2170666641998,1706.347918027795,cruise,True,False,True,True,True,9.616255685828108
K28-016,116,1706.347918027795,1707.4787693913902,cruise,True,False,True,True,True,9.504809113291259
K28-016,117,1707.4787693913902,1708.0540073482307,cruise,True,False,True,True,True,9.448657918867141
K28-016,118,1708.0540073482307,1708.6292453050712,cruise,True,False,True,True,True,9.392864194286815
K28-016,119,1708.6292453050712,1709.1848587118548,cruise,True,False,True,True,True,9.339309079837477
K28-016,120,1709.1848587118548,1709.7404721186383,cruise,True,False,True,True,True,9.286079313661745
K28-016,121,1709.7404721186383,1710.8713234822335,cruise,True,False,True,True,True,9.17872854699317
K28-016,122,1710.8713234822335,1712.0021748458287,cruise,True,False,True,True,True,9.072677519364177
K28-016,123,1712.0021748458287,1712.6068984991116,cruise,True,False,True,True,True,9.016489266706941
K28-016,124,1712.6068984991116,1713.2116221523945,cruise,True,False,True,True,True,8.960659260095568
K28-016,125,1713.2116221523945,1713.7377498627068,cruise,True,False,True,True,True,8.912373404147175
K28-016,126,1713.7377498627068,1714.263877573019,cruise,True,False,True,True,True,8.86435240027977
K28-016,127,1714.263877573019,1715.394728936643,cruise,True,False,True,True,True,8.76201980829984
K28-016,128,1715.394728936643,1716.5255803002672,cruise,True,False,True,True,True,8.660869859043032
K28-016,129,1716.5255803002672,1717.1597896499925,cruise,True,False,True,True,True,8.604650026812777
K28-016,130,1717.1597896499925,1717.7939989997178,cruise,True,False,True,True,True,8.54878910638675
K28-016,131,1717.7939989997178,1718.2906410135877,cruise,True,False,True,True,True,8.50529271162496
K28-016,132,1718.2906410135877,1718.7872830274575,cruise,True,False,True,True,True,8.462011503492988
K28-016,133,1718.7872830274575,1719.9181343910527,cruise,True,False,True,True,True,8.364252103631344
K28-016,134,1719.9181343910527,1721.048985754648,cruise,True,False,True,True,True,8.267573283218312
K28-016,135,1721.048985754648,1721.712680801079,cruise,True,False,True,True,True,8.211326365852585
K28-016,136,1721.712680801079,1722.37637584751,cruise,True,False,True,True,True,8.155438934994578
K28-016,137,1722.37637584751,1722.843532164703,cruise,True,False,True,True,True,8.116314453696333
K28-016,138,1722.843532164703,1723.310688481896,cruise,True,False,True,True,True,8.077364269783828
K28-016,139,1723.310688481896,1724.4415398454912,cruise,True,False,True,True,True,7.983789367064674
K28-016,140,1724.4415398454912,1725.5723912090864,cruise,True,False,True,True,True,7.891205563055024
K28-016,141,1725.5723912090864,1726.2655719519598,cruise,True,False,True,True,True,7.834935278653376
K28-016,142,1726.2655719519598,1726.9587526948333,cruise,True,False,True,True,True,7.779024979816583
K28-016,143,1726.9587526948333,1727.3964233155693,cruise,True,False,True,True,True,7.743906859448003
K28-016,144,1727.3964233155693,1727.8340939363054,cruise,True,False,True,True,True,7.708929308200069
K28-016,145,1727.8340939363054,1728.964945299915,cruise,True,False,True,True,True,7.619197446144241
K28-016,146,1728.964945299915,1730.0957966635244,cruise,True,False,True,True,True,7.530377810532315
K28-016,147,1730.0957966635244,1730.8184631028403,cruise,True,False,True,True,True,7.474087258545808
K28-016,148,1730.8184631028403,1731.541129542156,cruise,True,False,True,True,True,7.418157127847778
K28-016,149,1731.541129542156,1731.9493144664355,cruise,True,False,True,True,True,7.386723571827034
K28-016,150,1731.9493144664355,1732.3574993907148,cruise,True,False,True,True,True,7.355402736679423
K28-016,151,1732.3574993907148,1733.4883507543389,cruise,True,False,True,True,True,7.26921238504093
K28-016,152,1733.4883507543389,1734.619202117963,cruise,True,False,True,True,True,7.183864392230063
K28-016,153,1734.619202117963,1735.3713542539556,cruise,True,False,True,True,True,7.127556174624345
K28-016,154,1735.3713542539556,1736.1235063899483,cruise,True,False,True,True,True,7.07160876064367
K28-016,155,1736.1235063899483,1736.5022056175508,cruise,True,False,True,True,True,7.04357504975053
K28-016,156,1736.5022056175508,1736.8809048451533,cruise,True,False,True,True,True,7.0156310674184965
K28-016,157,1736.8809048451533,1738.0117562087485,cruise,True,False,True,True,True,6.932714664058366
K28-016,158,1738.0117562087485,1739.1426075723436,cruise,True,False,True,True,True,6.850578443140037
K28-016,159,1739.1426075723436,1739.9242454048076,cruise,True,False,True,True,True,6.794254758463367
K28-016,160,1739.9242454048076,1740.7058832372716,cruise,True,False,True,True,True,6.738292214443064
K28-016,161,1740.7058832372716,1741.0550967684317,cruise,True,False,True,True,True,6.713405249052073
K28-016,162,1741.0550967684317,1741.4043102995918,cruise,True,False,True,True,True,6.688589051002452
K28-016,163,1741.4043102995918,1742.535161663187,cruise,True,False,True,True,True,6.6087081094205615
K28-016,164,1742.535161663187,1743.6660130267821,cruise,True,False,True,True,True,6.52955178151322
K28-016,165,1743.6660130267821,1744.4771365556885,cruise,True,False,True,True,True,6.47321449856166
K28-016,166,1744.4771365556885,1745.2882600845949,cruise,True,False,True,True,True,6.4172386546098465
K28-016,167,1745.2882600845949,1745.607987919298,cruise,True,False,True,True,True,6.3952724608416815
K28-016,168,1745.607987919298,1745.9277157540012,cruise,True,False,True,True,True,6.373361435369077
K28-016,169,1745.9277157540012,1747.0585671176107,cruise,True,False,True,True,True,6.296302498228087
K28-016,170,1747.0585671176107,1748.1894184812202,cruise,True,False,True,True,True,6.219918313511414
K28-016,171,1748.1894184812202,1749.0300277068034,cruise,True,False,True,True,True,6.163569029551141
K28-016,172,1749.0300277068034,1749.8706369323866,cruise,True,False,True,True,True,6.107581449754292
K28-016,173,1749.8706369323866,1750.1608790703986,cruise,True,False,True,True,True,6.088333453087387
K28-016,174,1750.1608790703986,1750.4511212084105,cruise,True,False,True,True,True,6.069127841894385
K28-016,175,1750.4511212084105,1751.5819725720346,cruise,True,False,True,True,True,5.994699111698651
K28-016,176,1751.5819725720346,1752.7128239356587,cruise,True,False,True,True,True,5.920900227642662
K28-016,177,1752.7128239356587,1753.5829188576843,cruise,True,False,True,True,True,5.864540314966462
K28-016,178,1753.5829188576843,1754.4530137797099,cruise,True,False,True,True,True,5.808542342985945
K28-016,179,1754.4530137797099,1754.7137702212794,cruise,True,False,True,True,True,5.79183025786763
K28-016,180,1754.7137702212794,1754.974526662849,cruise,True,False,True,True,True,5.775150143398307
K28-016,181,1754.974526662849,1756.1053780264442,cruise,True,False,True,True,True,5.703178659389181
K28-016,182,1756.1053780264442,1757.2362293900394,cruise,True,False,True,True,True,5.631796437193202
K28-016,183,1757.2362293900394,1758.1358100086536,cruise,True,False,True,True,True,5.575427080396878
K28-016,184,1758.1358100086536,1759.0353906272678,cruise,True,False,True,True,True,5.519419876002715
K28-016,185,1759.0353906272678,1759.2666613722777,cruise,True,False,True,True,True,5.505079093837466
K28-016,186,1759.2666613722777,1759.4979321172875,cruise,True,False,True,True,True,5.490761865444
K28-016,187,1759.4979321172875,1760.6287834808827,cruise,True,False,True,True,True,5.4210911241073205
K28-016,188,1760.6287834808827,1761.759634844478,cruise,True,False,True,True,True,5.351972846846579
K28-016,189,1761.759634844478,1762.6887011596516,cruise,True,False,True,True,True,5.295595073093054
K28-016,190,1762.6887011596516,1763.6177674748253,cruise,True,False,True,True,True,5.239579641843292
K28-016,191,1763.6177674748253,1763.8195525232468,cruise,True,False,True,True,True,5.2274610246403626
K28-016,192,1763.8195525232468,1764.021337571668,cruise,True,False,True,True,True,5.215359235268721
K28-016,193,1764.021337571668,1765.152188935292,cruise,True,False,True,True,True,5.147847173786133
K28-016,194,1765.152188935292,1766.2830402989161,cruise,True,False,True,True,True,5.080854109935984
K28-016,195,1766.2830402989161,1767.2415923105323,cruise,True,False,True,True,True,5.024468813612003
K28-016,196,1767.2415923105323,1768.2001443221484,cruise,True,False,True,True,True,4.968446030987721
K28-016,197,1768.2001443221484,1768.3724436741275,cruise,True,False,True,True,True,4.95841403772657
K28-016,198,1768.3724436741275,1768.5447430261065,cruise,True,False,True,True,True,4.9483935813444475
K28-016,199,1768.5447430261065,1769.675594389716,cruise,True,False,True,True,True,4.882910859692117
K28-016,200,1769.675594389716,1770.8064457533255,cruise,True,False,True,True,True,4.817916611453896
K28-016,201,1770.8064457533255,1771.7944834615157,cruise,True,False,True,True,True,4.7615245743285755
K28-016,202,1771.7944834615157,1772.782521169706,cruise,True,False,True,True,True,4.705495205532571
K28-016,203,1772.782521169706,1772.9253348251252,cruise,True,False,True,True,True,4.697426293003019
K28-016,204,1772.9253348251252,1773.0681484805446,cruise,True,False,True,True,True,4.6893648470628335
K28-016,205,1773.0681484805446,1774.1989998441397,cruise,True,False,True,True,True,4.625793377379466
K28-016,206,1774.1989998441397,1775.329851207735,cruise,True,False,True,True,True,4.562682465062167
K28-016,207,1775.329851207735,1776.3473746124992,cruise,True,False,True,True,True,4.506284373021401
K28-016,208,1776.3473746124992,1777.3648980172634,cruise,True,False,True,True,True,4.4502490893138145
K28-016,209,1777.3648980172634,1777.4782259761232,cruise,True,False,True,True,True,4.444030340633134
K28-016,210,1777.4782259761232,1777.591553934983,cruise,True,False,True,True,True,4.4378160286904915
K28-016,211,1777.591553934983,1778.7224052985782,cruise,True,False,True,True,True,4.376047710546757
K28-016,212,1778.7224052985782,1779.8532566621734,cruise,True,False,True,True,True,4.3147143538152335
K28-016,213,1779.8532566621734,1780.90026576338,cruise,True,False,True,True,True,4.25831081067922
K28-016,214,1780.90026576338,1781.9472748645867,cruise,True,False,True,True,True,4.202270202965863
K28-016,215,1781.9472748645867,1782.031117126975,cruise,True,False,True,True,True,4.1977981460760105
K28-016,216,1782.031117126975,1782.1149593893633,cruise,True,False,True,True,True,4.193328384419587
K28-016,217,1782.1149593893633,1783.2458107529874,cruise,True,False,True,True,True,4.133264012454703
K28-016,218,1783.2458107529874,1784.3766621166114,cruise,True,False,True,True,True,4.073611076544012
K28-016,219,1784.3766621166114,1785.4531569143778,cruise,True,False,True,True,True,4.017202615593618
K28-016,220,1785.4531569143778,1786.5296517121442,cruise,True,False,True,True,True,3.9611572056955424
K28-016,221,1786.5296517121442,1786.584008277973,cruise,True,False,True,True,True,3.9583367912541547
K28-016,222,1786.584008277973,1786.6383648438018,cruise,True,False,True,True,True,3.9555172900440994
K28-016,223,1786.6383648438018,1787.7692162074113,cruise,True,False,True,True,True,3.8970656065666986
K28-016,224,1787.7692162074113,1788.9000675710208,cruise,True,False,True,True,True,3.8390036874677236
K28-016,225,1788.9000675710208,1790.0060480653613,cruise,True,False,True,True,True,3.7825907811418062
K28-016,226,1790.0060480653613,1791.1120285597017,cruise,True,False,True,True,True,3.7265410313084715
K28-016,227,1791.1120285597017,1791.1368994289708,cruise,True,False,True,True,True,3.725284744815866
K28-016,228,1791.1368994289708,1791.1617702982398,cruise,True,False,True,True,True,3.7240286395745557
K28-016,229,1791.1617702982398,1792.292621661835,cruise,True,False,True,True,True,3.6671055097104954
K28-016,230,1792.292621661835,1793.4234730254302,cruise,True,False,True,True,True,3.6105521369392193
K28-016,231,1793.4234730254302,1794.5543243890543,cruise,True,False,True,True,True,3.554363759581861
K28-016,232,1794.5543243890543,1795.6851757526783,cruise,True,False,True,True,True,3.4985357071706176
K28-016,233,1795.6851757526783,1795.6897905798514,cruise,True,False,True,True,True,3.498308613552993
K28-016,234,1795.6897905798514,1795.6944054070248,cruise,True,False,True,True,True,3.4980815258580975
K28-016,235,1795.6944054070248,1796.8206419434466,cruise,True,False,True,True,True,3.4428377469431837
K28-016,236,1796.8206419434466,1797.9468784798685,cruise,True,False,True,True,True,3.387942337383919
K28-016,237,1797.9468784798685,1799.0777298434637,cruise,True,False,True,True,True,3.333168114544094
K28-016,238,1799.0777298434637,1800.2085812070588,cruise,True,False,True,True,True,3.2787364014386355
K28-016,239,1800.2085812070588,1800.2426817308206,cruise,True,False,True,True,True,3.2771003025487886
K28-016,240,1800.2426817308206,1800.2767822545823,cruise,True,False,True,True,True,3.2754645111181446
K28-016,241,1800.2767822545823,1801.3735330944446,cruise,True,False,True,True,True,3.2230169864462965
K28-016,242,1801.3735330944446,1802.470283934307,cruise,True,False,True,True,True,3.1708835916653015
K28-016,243,1802.470283934307,1803.6011352979021,cruise,True,False,True,True,True,3.1174542326031798
K28-016,244,1803.6011352979021,1804.7319866614973,cruise,True,False,True,True,True,3.0643508547431964
K28-016,245,1804.7319866614973,1804.7955728818188,cruise,True,False,True,True,True,3.0613745240876824
K28-016,246,1804.7955728818188,1804.8591591021402,cruise,True,False,True,True,True,3.058399210884474
K28-016,247,1804.8591591021402,1805.9264242454285,cruise,True,False,True,True,True,3.0086111737691112
K28-016,248,1805.9264242454285,1806.9936893887168,cruise,True,False,True,True,True,2.959106331416365
K28-016,249,1806.9936893887168,1808.1245407523263,cruise,True,False,True,True,True,2.9069575063059574
K28-016,250,1808.1245407523263,1809.2553921159358,cruise,True,False,True,True,True,2.855119299766372
K28-016,251,1809.2553921159358,1809.3484640326997,cruise,True,False,True,True,True,2.850866605153101
K28-016,252,1809.3484640326997,1809.4415359494635,cruise,True,False,True,True,True,2.8466159876492156
K28-016,253,1809.4415359494635,1810.4793153962949,cruise,True,False,True,True,True,2.7993604469304216
K28-016,254,1810.4793153962949,1811.5170948431262,cruise,True,False,True,True,True,2.752360121831913
K28-016,255,1811.5170948431262,1812.6479462067357,cruise,True,False,True,True,True,2.7014320001001266
K28-016,256,1812.6479462067357,1813.7787975703452,cruise,True,False,True,True,True,2.6508001932967034
K28-016,257,1813.7787975703452,1813.901355183683,cruise,True,False,True,True,True,2.645330551693789
K28-016,258,1813.901355183683,1814.023912797021,cruise,True,False,True,True,True,2.6398643458865365
K28-016,259,1814.023912797021,1815.0322065472928,cruise,True,False,True,True,True,2.595023177695751
K28-016,260,1815.0322065472928,1816.0405002975647,cruise,True,False,True,True,True,2.5504118960570707
K28-016,261,1816.0405002975647,1817.1713516611599,cruise,True,False,True,True,True,2.500648737128344
K28-016,262,1817.1713516611599,1818.302203024755,cruise,True,False,True,True,True,2.4511685535075856
K28-016,263,1818.302203024755,1818.454246334667,cruise,True,False,True,True,True,2.444537334515587
K28-016,264,1818.454246334667,1818.606289644579,cruise,True,False,True,True,True,2.4379111653175016
K28-016,265,1818.606289644579,1819.585097698291,cruise,True,False,True,True,True,2.3953743077373133
K28-016,266,1819.585097698291,1820.5639057520032,cruise,True,False,True,True,True,2.353044388274782
K28-016,267,1820.5639057520032,1821.6947571155983,cruise,True,False,True,True,True,2.3043941777493018
K28-016,268,1821.6947571155983,1822.8256084791935,cruise,True,False,True,True,True,2.2560144823417545
K28-016,269,1822.8256084791935,1823.007137485548,cruise,True,False,True,True,True,2.24827336699974
K28-016,270,1823.007137485548,1823.1886664919023,cruise,True,False,True,True,True,2.240539132996787
K28-016,271,1823.1886664919023,1823.4976103389688,cruise,True,False,True,True,True,2.2273920426809326
K28-016,272,1823.4976103389688,1823.8065541860353,cruise,True,False,True,True,True,2.21426478860225
K28-016,273,1823.8065541860353,1868.3348592397463,descent,True,False,True,True,True,2.21426478860225
K28-016,274,1868.3348592397463,2336.334859239746,handoff,True,False,True,True,True,2.2209209779533126
K28-016,275,2336.334859239746,2371.9575032827147,return_climb,True,False,True,True,True,2.21426478860225
K28-016,276,2371.9575032827147,2372.266447129781,return_cruise,True,False,True,True,True,2.21426478860225
K28-016,277,2372.266447129781,2372.5753909768478,return_cruise,True,False,True,True,True,2.2273920426809326
K28-016,278,2372.5753909768478,2372.756919983202,return_cruise,True,False,True,True,True,2.240539132996787
K28-016,279,2372.756919983202,2372.938448989556,return_cruise,True,False,True,True,True,2.24827336699974
K28-016,280,2372.938448989556,2374.069300353151,return_cruise,True,False,True,True,True,2.2560144823417545
K28-016,281,2374.069300353151,2375.200151716746,return_cruise,True,False,True,True,True,2.3043941777493018
K28-016,282,2375.200151716746,2376.178959770458,return_cruise,True,False,True,True,True,2.353044388274782
K28-016,283,2376.178959770458,2377.15776782417,return_cruise,True,False,True,True,True,2.3953743077373133
K28-016,284,2377.15776782417,2377.309811134082,return_cruise,True,False,True,True,True,2.4379111653175016
K28-016,285,2377.309811134082,2377.4618544439936,return_cruise,True,False,True,True,True,2.444537334515587
K28-016,286,2377.4618544439936,2378.5927058075886,return_cruise,True,False,True,True,True,2.4511685535075856
K28-016,287,2378.5927058075886,2379.7235571711835,return_cruise,True,False,True,True,True,2.500648737128344
K28-016,288,2379.7235571711835,2380.731850921455,return_cruise,True,False,True,True,True,2.5504118960570707
K28-016,289,2380.731850921455,2381.7401446717267,return_cruise,True,False,True,True,True,2.595023177695751
K28-016,290,2381.7401446717267,2381.8627022850646,return_cruise,True,False,True,True,True,2.6398643458865365
K28-016,291,2381.8627022850646,2381.9852598984025,return_cruise,True,False,True,True,True,2.645330551693789
K28-016,292,2381.9852598984025,2383.116111262012,return_cruise,True,False,True,True,True,2.6508001932967034
K28-016,293,2383.116111262012,2384.2469626256216,return_cruise,True,False,True,True,True,2.7014320001013914
K28-016,294,2384.2469626256216,2385.284742072453,return_cruise,True,False,True,True,True,2.752360121831913
K28-016,295,2385.284742072453,2386.3225215192842,return_cruise,True,False,True,True,True,2.7993604469304216
K28-016,296,2386.3225215192842,2386.415593436048,return_cruise,True,False,True,True,True,2.8466159876492156
K28-016,297,2386.415593436048,2386.5086653528115,return_cruise,True,False,True,True,True,2.850866605153101
K28-016,298,2386.5086653528115,2387.639516716421,return_cruise,True,False,True,True,True,2.855119299766372
K28-016,299,2387.639516716421,2388.7703680800305,return_cruise,True,False,True,True,True,2.906957506304664
K28-016,300,2388.7703680800305,2389.837633223319,return_cruise,True,False,True,True,True,2.959106331416365
K28-016,301,2389.837633223319,2390.904898366607,return_cruise,True,False,True,True,True,3.0086111737691112
K28-016,302,2390.904898366607,2390.9684845869283,return_cruise,True,False,True,True,True,3.058399210884474
K28-016,303,2390.9684845869283,2391.0320708072495,return_cruise,True,False,True,True,True,3.0613745240876824
K28-016,304,2391.0320708072495,2392.1629221708445,return_cruise,True,False,True,True,True,3.0643508547431964
K28-016,305,2392.1629221708445,2393.2937735344394,return_cruise,True,False,True,True,True,3.1174542326031798
K28-016,306,2393.2937735344394,2394.3905243743015,return_cruise,True,False,True,True,True,3.1708835916653015
K28-016,307,2394.3905243743015,2395.4872752141637,return_cruise,True,False,True,True,True,3.2230169864462965
K28-016,308,2395.4872752141637,2395.5213757379256,return_cruise,True,False,True,True,True,3.2754645111181446
K28-016,309,2395.5213757379256,2395.5554762616875,return_cruise,True,False,True,True,True,3.2771003025487886
K28-016,310,2395.5554762616875,2396.6863276252825,return_cruise,True,False,True,True,True,3.2787364014386355
K28-016,311,2396.6863276252825,2397.8171789888775,return_cruise,True,False,True,True,True,3.333168114544094
K28-016,312,2397.8171789888775,2398.9434155252993,return_cruise,True,False,True,True,True,3.387942337383919
K28-016,313,2398.9434155252993,2400.069652061721,return_cruise,True,False,True,True,True,3.4428377469431837
K28-016,314,2400.069652061721,2400.0742668888943,return_cruise,True,False,True,True,True,3.4980815258580975
K28-016,315,2400.0742668888943,2400.0788817160674,return_cruise,True,False,True,True,True,3.498308613552993
K28-016,316,2400.0788817160674,2401.2097330796914,return_cruise,True,False,True,True,True,3.4985357071706176
K28-016,317,2401.2097330796914,2402.3405844433155,return_cruise,True,False,True,True,True,3.554363759581861
K28-016,318,2402.3405844433155,2403.4714358069104,return_cruise,True,False,True,True,True,3.6105521369392193
K28-016,319,2403.4714358069104,2404.6022871705054,return_cruise,True,False,True,True,True,3.6671055097104954
K28-016,320,2404.6022871705054,2404.6271580397747,return_cruise,True,False,True,True,True,3.7240286395745557
K28-016,321,2404.6271580397747,2404.652028909044,return_cruise,True,False,True,True,True,3.725284744815866
K28-016,322,2404.652028909044,2405.758009403384,return_cruise,True,False,True,True,True,3.7265410313084715
K28-016,323,2405.758009403384,2406.8639898977244,return_cruise,True,False,True,True,True,3.7825907811418062
K28-016,324,2406.8639898977244,2407.994841261334,return_cruise,True,False,True,True,True,3.8390036874677236
K28-016,325,2407.994841261334,2409.1256926249434,return_cruise,True,False,True,True,True,3.8970656065681624
K28-016,326,2409.1256926249434,2409.180049190772,return_cruise,True,False,True,True,True,3.9555172900440994
K28-016,327,2409.180049190772,2409.2344057566006,return_cruise,True,False,True,True,True,3.9583367912541547
K28-016,328,2409.2344057566006,2410.310900554367,return_cruise,True,False,True,True,True,3.9611572056955424
K28-016,329,2410.310900554367,2411.3873953521334,return_cruise,True,False,True,True,True,4.017202615593618
K28-016,330,2411.3873953521334,2412.5182467157574,return_cruise,True,False,True,True,True,4.073611076544012
K28-016,331,2412.5182467157574,2413.6490980793815,return_cruise,True,False,True,True,True,4.133264012454703
K28-016,332,2413.6490980793815,2413.73294034177,return_cruise,True,False,True,True,True,4.193328384419587
K28-016,333,2413.73294034177,2413.816782604158,return_cruise,True,False,True,True,True,4.1977981460760105
K28-016,334,2413.816782604158,2414.8637917053647,return_cruise,True,False,True,True,True,4.202270202965863
K28-016,335,2414.8637917053647,2415.9108008065714,return_cruise,True,False,True,True,True,4.25831081067922
K28-016,336,2415.9108008065714,2417.0416521701663,return_cruise,True,False,True,True,True,4.3147143538152335
K28-016,337,2417.0416521701663,2418.1725035337613,return_cruise,True,False,True,True,True,4.376047710546757
K28-016,338,2418.1725035337613,2418.285831492621,return_cruise,True,False,True,True,True,4.4378160286904915
K28-016,339,2418.285831492621,2418.399159451481,return_cruise,True,False,True,True,True,4.444030340633134
K28-016,340,2418.399159451481,2419.416682856245,return_cruise,True,False,True,True,True,4.4502490893138145
K28-016,341,2419.416682856245,2420.4342062610094,return_cruise,True,False,True,True,True,4.506284373021401
K28-016,342,2420.4342062610094,2421.5650576246044,return_cruise,True,False,True,True,True,4.562682465062167
K28-016,343,2421.5650576246044,2422.6959089881993,return_cruise,True,False,True,True,True,4.625793377379466
K28-016,344,2422.6959089881993,2422.838722643619,return_cruise,True,False,True,True,True,4.6893648470628335
K28-016,345,2422.838722643619,2422.9815362990385,return_cruise,True,False,True,True,True,4.697426293003019
K28-016,346,2422.9815362990385,2423.969574007229,return_cruise,True,False,True,True,True,4.705495205532571
K28-016,347,2423.969574007229,2424.9576117154193,return_cruise,True,False,True,True,True,4.7615245743285755
K28-016,348,2424.9576117154193,2426.0884630790288,return_cruise,True,False,True,True,True,4.817916611453896
K28-016,349,2426.0884630790288,2427.2193144426383,return_cruise,True,False,True,True,True,4.882910859692117
K28-016,350,2427.2193144426383,2427.391613794617,return_cruise,True,False,True,True,True,4.9483935813444475
K28-016,351,2427.391613794617,2427.563913146596,return_cruise,True,False,True,True,True,4.95841403772657
K28-016,352,2427.563913146596,2428.522465158212,return_cruise,True,False,True,True,True,4.968446030987721
K28-016,353,2428.522465158212,2429.481017169828,return_cruise,True,False,True,True,True,5.024468813612003
K28-016,354,2429.481017169828,2430.6118685334523,return_cruise,True,False,True,True,True,5.080854109935984
K28-016,355,2430.6118685334523,2431.7427198970763,return_cruise,True,False,True,True,True,5.147847173786133
K28-016,356,2431.7427198970763,2431.9445049454976,return_cruise,True,False,True,True,True,5.215359235268721
K28-016,357,2431.9445049454976,2432.146289993919,return_cruise,True,False,True,True,True,5.2274610246403626
K28-016,358,2432.146289993919,2433.0753563090925,return_cruise,True,False,True,True,True,5.239579641843292
K28-016,359,2433.0753563090925,2434.004422624266,return_cruise,True,False,True,True,True,5.295595073093054
K28-016,360,2434.004422624266,2435.135273987861,return_cruise,True,False,True,True,True,5.351972846846579
K28-016,361,2435.135273987861,2436.266125351456,return_cruise,True,False,True,True,True,5.4210911241073205
K28-016,362,2436.266125351456,2436.497396096466,return_cruise,True,False,True,True,True,5.490761865444
K28-016,363,2436.497396096466,2436.7286668414763,return_cruise,True,False,True,True,True,5.505079093837466
K28-016,364,2436.7286668414763,2437.6282474600903,return_cruise,True,False,True,True,True,5.519419876002715
K28-016,365,2437.6282474600903,2438.5278280787043,return_cruise,True,False,True,True,True,5.575427080396878
K28-016,366,2438.5278280787043,2439.658679442299,return_cruise,True,False,True,True,True,5.631796437193202
K28-016,367,2439.658679442299,2440.789530805894,return_cruise,True,False,True,True,True,5.703178659389181
K28-016,368,2440.789530805894,2441.0502872474635,return_cruise,True,False,True,True,True,5.775150143398307
K28-016,369,2441.0502872474635,2441.311043689033,return_cruise,True,False,True,True,True,5.79183025786763
K28-016,370,2441.311043689033,2442.1811386110585,return_cruise,True,False,True,True,True,5.808542342985945
K28-016,371,2442.1811386110585,2443.051233533084,return_cruise,True,False,True,True,True,5.864540314966462
K28-016,372,2443.051233533084,2444.182084896708,return_cruise,True,False,True,True,True,5.920900227642662
K28-016,373,2444.182084896708,2445.312936260332,return_cruise,True,False,True,True,True,5.994699111698651
K28-016,374,2445.312936260332,2445.603178398344,return_cruise,True,False,True,True,True,6.069127841894385
K28-016,375,2445.603178398344,2445.8934205363557,return_cruise,True,False,True,True,True,6.088333453087387
K28-016,376,2445.8934205363557,2446.734029761939,return_cruise,True,False,True,True,True,6.107581449754292
K28-016,377,2446.734029761939,2447.574638987522,return_cruise,True,False,True,True,True,6.163569029551141
K28-016,378,2447.574638987522,2448.7054903511316,return_cruise,True,False,True,True,True,6.219918313511414
K28-016,379,2448.7054903511316,2449.836341714741,return_cruise,True,False,True,True,True,6.296302498228087
K28-016,380,2449.836341714741,2450.1560695494445,return_cruise,True,False,True,True,True,6.373361435369077
K28-016,381,2450.1560695494445,2450.475797384148,return_cruise,True,False,True,True,True,6.3952724608416815
K28-016,382,2450.475797384148,2451.286920913054,return_cruise,True,False,True,True,True,6.4172386546098465
K28-016,383,2451.286920913054,2452.09804444196,return_cruise,True,False,True,True,True,6.47321449856166
K28-016,384,2452.09804444196,2453.228895805555,return_cruise,True,False,True,True,True,6.52955178151322
K28-016,385,2453.228895805555,2454.35974716915,return_cruise,True,False,True,True,True,6.6087081094205615
K28-016,386,2454.35974716915,2454.70896070031,return_cruise,True,False,True,True,True,6.688589051002452
K28-016,387,2454.70896070031,2455.05817423147,return_cruise,True,False,True,True,True,6.713405249052073
K28-016,388,2455.05817423147,2455.8398120639336,return_cruise,True,False,True,True,True,6.738292214443064
K28-016,389,2455.8398120639336,2456.6214498963973,return_cruise,True,False,True,True,True,6.794254758463367
K28-016,390,2456.6214498963973,2457.7523012599922,return_cruise,True,False,True,True,True,6.850578443140037
K28-016,391,2457.7523012599922,2458.883152623587,return_cruise,True,False,True,True,True,6.932714664058366
K28-016,392,2458.883152623587,2459.2618518511895,return_cruise,True,False,True,True,True,7.0156310674184965
K28-016,393,2459.2618518511895,2459.6405510787918,return_cruise,True,False,True,True,True,7.04357504975053
K28-016,394,2459.6405510787918,2460.3927032147844,return_cruise,True,False,True,True,True,7.07160876064367
K28-016,395,2460.3927032147844,2461.144855350777,return_cruise,True,False,True,True,True,7.127556174624345
K28-016,396,2461.144855350777,2462.275706714401,return_cruise,True,False,True,True,True,7.183864392230063
K28-016,397,2462.275706714401,2463.4065580780252,return_cruise,True,False,True,True,True,7.26921238504093
K28-016,398,2463.4065580780252,2463.8147430023046,return_cruise,True,False,True,True,True,7.355402736679423
K28-016,399,2463.8147430023046,2464.222927926584,return_cruise,True,False,True,True,True,7.386723571827034
K28-016,400,2464.222927926584,2464.9455943658995,return_cruise,True,False,True,True,True,7.418157127847778
K28-016,401,2464.9455943658995,2465.668260805215,return_cruise,True,False,True,True,True,7.474087258545808
K28-016,402,2465.668260805215,2466.7991121688246,return_cruise,True,False,True,True,True,7.530377810532315
K28-016,403,2466.7991121688246,2467.929963532434,return_cruise,True,False,True,True,True,7.619197446144241
K28-016,404,2467.929963532434,2468.3676341531705,return_cruise,True,False,True,True,True,7.708929308200069
K28-016,405,2468.3676341531705,2468.8053047739068,return_cruise,True,False,True,True,True,7.743906859448003
K28-016,406,2468.8053047739068,2469.49848551678,return_cruise,True,False,True,True,True,7.779024979816583
K28-016,407,2469.49848551678,2470.191666259653,return_cruise,True,False,True,True,True,7.834935278653376
K28-016,408,2470.191666259653,2471.322517623248,return_cruise,True,False,True,True,True,7.891205563055024
K28-016,409,2471.322517623248,2472.453368986843,return_cruise,True,False,True,True,True,7.983789367064674
K28-016,410,2472.453368986843,2472.920525304036,return_cruise,True,False,True,True,True,8.077364269783828
K28-016,411,2472.920525304036,2473.387681621229,return_cruise,True,False,True,True,True,8.116314453696333
K28-016,412,2473.387681621229,2474.05137666766,return_cruise,True,False,True,True,True,8.155438934994578
K28-016,413,2474.05137666766,2474.7150717140908,return_cruise,True,False,True,True,True,8.211326365852585
K28-016,414,2474.7150717140908,2475.8459230776857,return_cruise,True,False,True,True,True,8.267573283218312
K28-016,415,2475.8459230776857,2476.9767744412807,return_cruise,True,False,True,True,True,8.364252103631344
K28-016,416,2476.9767744412807,2477.4734164551505,return_cruise,True,False,True,True,True,8.462011503492988
K28-016,417,2477.4734164551505,2477.9700584690204,return_cruise,True,False,True,True,True,8.50529271162496
K28-016,418,2477.9700584690204,2478.6042678187455,return_cruise,True,False,True,True,True,8.54878910638675
K28-016,419,2478.6042678187455,2479.2384771684706,return_cruise,True,False,True,True,True,8.604650026812777
K28-016,420,2479.2384771684706,2480.3693285320946,return_cruise,True,False,True,True,True,8.660869859043032
K28-016,421,2480.3693285320946,2481.5001798957187,return_cruise,True,False,True,True,True,8.76201980829984
K28-016,422,2481.5001798957187,2482.026307606031,return_cruise,True,False,True,True,True,8.86435240027977
K28-016,423,2482.026307606031,2482.5524353163432,return_cruise,True,False,True,True,True,8.912373404147175
K28-016,424,2482.5524353163432,2483.157158969626,return_cruise,True,False,True,True,True,8.960659260095568
K28-016,425,2483.157158969626,2483.7618826229086,return_cruise,True,False,True,True,True,9.016489266706941
K28-016,426,2483.7618826229086,2484.8927339865036,return_cruise,True,False,True,True,True,9.072677519364177
K28-016,427,2484.8927339865036,2486.0235853500985,return_cruise,True,False,True,True,True,9.17872854699317
K28-016,428,2486.0235853500985,2486.5791987568823,return_cruise,True,False,True,True,True,9.286079313661745
K28-016,429,2486.5791987568823,2487.134812163666,return_cruise,True,False,True,True,True,9.339309079837477
K28-016,430,2487.134812163666,2487.7100501205064,return_cruise,True,False,True,True,True,9.392864194286815
K28-016,431,2487.7100501205064,2488.2852880773466,return_cruise,True,False,True,True,True,9.448657918867141
K28-016,432,2488.2852880773466,2489.4161394409416,return_cruise,True,False,True,True,True,9.504809113291259
K28-016,433,2489.4161394409416,2490.5469908045366,return_cruise,True,False,True,True,True,9.616255685828108
K28-016,434,2490.5469908045366,2491.132089907997,return_cruise,True,False,True,True,True,9.729137197034063
K28-016,435,2491.132089907997,2491.7171890114573,return_cruise,True,False,True,True,True,9.788117187144152
K28-016,436,2491.7171890114573,2492.2629412716065,return_cruise,True,False,True,True,True,9.847496490746607
K28-016,437,2492.2629412716065,2492.8086935317556,return_cruise,True,False,True,True,True,9.903247328419639
K28-016,438,2492.8086935317556,2493.939544895365,return_cruise,True,False,True,True,True,9.95935472447583
K28-016,439,2493.939544895365,2495.0703962589746,return_cruise,True,False,True,True,True,10.07676925775398
K28-016,440,2495.0703962589746,2495.6849810588774,return_cruise,True,False,True,True,True,10.195775917791735
K28-016,441,2495.6849810588774,2496.29956585878,return_cruise,True,False,True,True,True,10.261135658176755
K28-016,442,2496.29956585878,2496.8158324224723,return_cruise,True,False,True,True,True,10.3269855692578
K28-016,443,2496.8158324224723,2497.3320989861645,return_cruise,True,False,True,True,True,10.382685310772032
K28-016,444,2497.3320989861645,2498.4629503497886,return_cruise,True,False,True,True,True,10.438740531972655
K28-016,445,2498.4629503497886,2499.5938017134126,return_cruise,True,False,True,True,True,10.56279045957558
K28-016,446,2499.5938017134126,2500.237872209758,return_cruise,True,False,True,True,True,10.688616660017743
K28-016,447,2500.237872209758,2500.881942706103,return_cruise,True,False,True,True,True,10.761093665901456
K28-016,448,2500.881942706103,2501.368723573353,return_cruise,True,False,True,True,True,10.834173082770775
K28-016,449,2501.368723573353,2501.8555044406025,return_cruise,True,False,True,True,True,10.889811409404501
K28-016,450,2501.8555044406025,2502.9863558041975,return_cruise,True,False,True,True,True,10.945803927899007
K28-016,451,2502.9863558041975,2504.1172071677925,return_cruise,True,False,True,True,True,11.077273632478907
K28-016,452,2504.1172071677925,2504.7907633608434,return_cruise,True,False,True,True,True,11.210737144983128
K28-016,453,2504.7907633608434,2505.4643195538943,return_cruise,True,False,True,True,True,11.29120271907074
K28-016,454,2505.4643195538943,2505.9216147244674,return_cruise,True,False,True,True,True,11.372410292660007
K28-016,455,2505.9216147244674,2506.3789098950406,return_cruise,True,False,True,True,True,11.427974070782057
K28-016,456,2506.3789098950406,2507.5097612586355,return_cruise,True,False,True,True,True,11.483890488361212
K28-016,457,2507.5097612586355,2508.6406126222305,return_cruise,True,False,True,True,True,11.62370982204375
K28-016,458,2508.6406126222305,2509.343654511724,return_cruise,True,False,True,True,True,11.765782315389544
K28-016,459,2509.343654511724,2510.046696401217,return_cruise,True,False,True,True,True,11.855275382864676
K28-016,460,2510.046696401217,2510.4745058753333,return_cruise,True,False,True,True,True,11.9456854155912
K28-016,461,2510.4745058753333,2510.9023153494495,return_cruise,True,False,True,True,True,12.001157693061387
K28-016,462,2510.9023153494495,2512.033166713059,return_cruise,True,False,True,True,True,12.056980718236147
K28-016,463,2512.033166713059,2513.1640180766685,return_cruise,True,False,True,True,True,12.206262576469044
K28-016,464,2513.1640180766685,2513.8965456626042,return_cruise,True,False,True,True,True,12.358109957832255
K28-016,465,2513.8965456626042,2514.62907324854,return_cruise,True,False,True,True,True,12.457882060165971
K28-016,466,2514.62907324854,2515.027397026199,return_cruise,True,False,True,True,True,12.558792435012137
K28-016,467,2515.027397026199,2515.4257208038584,return_cruise,True,False,True,True,True,12.614150982818572
K28-016,468,2515.4257208038584,2516.5565721674825,return_cruise,True,False,True,True,True,12.669857944683173
K28-016,469,2516.5565721674825,2517.6874235311066,return_cruise,True,False,True,True,True,12.829948463734937
K28-016,470,2517.6874235311066,2518.4494368137193,return_cruise,True,False,True,True,True,12.992984970038847
K28-016,471,2518.4494368137193,2519.211450096332,return_cruise,True,False,True,True,True,13.104560997678448
K28-016,472,2519.211450096332,2519.5802881773147,return_cruise,True,False,True,True,True,13.21755815461384
K28-016,473,2519.5802881773147,2519.9491262582974,return_cruise,True,False,True,True,True,13.272773297955155
K28-016,474,2519.9491262582974,2521.0799776218923,return_cruise,True,False,True,True,True,13.328333936512834
K28-016,475,2521.0799776218923,2522.2108289854873,return_cruise,True,False,True,True,True,13.50088056288753
K28-016,476,2522.2108289854873,2523.002327964571,return_cruise,True,False,True,True,True,13.676842393762044
K28-016,477,2523.002327964571,2523.793826943655,return_cruise,True,False,True,True,True,13.802103882498244
K28-016,478,2523.793826943655,2524.133179328195,return_cruise,True,False,True,True,True,13.929152355340932
K28-016,479,2524.133179328195,2524.4725317127354,return_cruise,True,False,True,True,True,13.984183661395917
K28-016,480,2524.4725317127354,2525.6033830763304,return_cruise,True,False,True,True,True,14.039556753929801
K28-016,481,2525.6033830763304,2526.7342344399253,return_cruise,True,False,True,True,True,14.226602003874746
K28-016,482,2526.7342344399253,2527.5552191154516,return_cruise,True,False,True,True,True,14.41764914830648
K28-016,483,2527.5552191154516,2528.376203790978,return_cruise,True,False,True,True,True,14.558950453029212
K28-016,484,2528.376203790978,2528.686070479061,return_cruise,True,False,True,True,True,14.702518373345498
K28-016,485,2528.686070479061,2528.9959371671443,return_cruise,True,False,True,True,True,14.757309438670447
K28-016,486,2528.9959371671443,2530.126788530754,return_cruise,True,False,True,True,True,14.812437491922495
K28-016,487,2530.126788530754,2531.2576398943634,return_cruise,True,False,True,True,True,15.016550160642126
K28-016,488,2531.2576398943634,2532.1081102665667,return_cruise,True,False,True,True,True,15.225409449526168
K28-016,489,2532.1081102665667,2532.95858063877,return_cruise,True,False,True,True,True,15.385742536829184
K28-016,490,2532.95858063877,2533.238961630162,return_cruise,True,False,True,True,True,15.548980577890234
K28-016,491,2533.238961630162,2533.519342621554,return_cruise,True,False,True,True,True,15.60345053830369
K28-016,492,2533.519342621554,2534.6501939851637,return_cruise,True,False,True,True,True,15.658251147070914
K28-016,493,2534.6501939851637,2535.781045348773,return_cruise,True,False,True,True,True,15.882712675012456
K28-016,494,2535.781045348773,2536.661001417433,return_cruise,True,False,True,True,True,16.112881639118598
K28-016,495,2536.661001417433,2537.540957486093,return_cruise,True,False,True,True,True,16.29611351710429
K28-016,496,2537.540957486093,2537.7918527810425,return_cruise,True,False,True,True,True,16.483113954901214
K28-016,497,2537.7918527810425,2538.042748075992,return_cruise,True,False,True,True,True,16.53714310027786
K28-016,498,2538.042748075992,2539.173599439587,return_cruise,True,False,True,True,True,16.591494312741602
K28-016,499,2539.173599439587,2540.304450803182,return_cruise,True,False,True,True,True,16.840566441644455
K28-016,500,2540.304450803182,2541.213892568416,return_cruise,True,False,True,True,True,17.096606537115576
K28-016,501,2541.213892568416,2542.1233343336503,return_cruise,True,False,True,True,True,17.307825011361956
K28-016,502,2542.1233343336503,2542.3447439320403,return_cruise,True,False,True,True,True,17.524000220810322
K28-016,503,2542.3447439320403,2542.5661535304303,return_cruise,True,False,True,True,True,17.577404483093275
K28-016,504,2542.5661535304303,2543.697004894025,return_cruise,True,False,True,True,True,17.631118864711112
K28-016,505,2543.697004894025,2544.82785625762,return_cruise,True,False,True,True,True,17.910428203474282
K28-016,506,2544.82785625762,2545.766783719414,return_cruise,True,False,True,True,True,18.198384745567097
K28-016,507,2545.766783719414,2546.705711181208,return_cruise,True,False,True,True,True,18.444400232664634
K28-016,508,2546.705711181208,2546.8976350830094,return_cruise,True,False,True,True,True,18.69703112066219
K28-016,509,2546.8976350830094,2547.089558984811,return_cruise,True,False,True,True,True,18.749514390028992
K28-016,510,2547.089558984811,2548.220410348435,return_cruise,True,False,True,True,True,18.802290592275597
K28-016,511,2548.220410348435,2549.351261712059,return_cruise,True,False,True,True,True,19.11936521983536
K28-016,512,2549.351261712059,2550.3196748702953,return_cruise,True,False,True,True,True,19.447343190206695
K28-016,513,2550.3196748702953,2551.2880880285315,return_cruise,True,False,True,True,True,19.737385205628357
K28-016,514,2551.2880880285315,2551.4505262338907,return_cruise,True,False,True,True,True,20.036368540267915
K28-016,515,2551.4505262338907,2551.61296443925,return_cruise,True,False,True,True,True,20.08742806505026
K28-016,516,2551.61296443925,2552.7438158028594,return_cruise,True,False,True,True,True,20.138754876011262
K28-016,517,2552.7438158028594,2553.874667166469,return_cruise,True,False,True,True,True,20.503682898184167
K28-016,518,2553.874667166469,2554.872566021279,return_cruise,True,False,True,True,True,20.882502268859383
K28-016,519,2554.872566021279,2555.870464876089,return_cruise,True,False,True,True,True,21.22900977909201
K28-016,520,2555.870464876089,2556.0034173848885,return_cruise,True,False,True,True,True,21.587621980781208
K28-016,521,2556.0034173848885,2556.136369893688,return_cruise,True,False,True,True,True,21.636348293413306
K28-016,522,2556.136369893688,2557.267221257283,return_cruise,True,False,True,True,True,21.68530215131706
K28-016,523,2557.267221257283,2558.398072620878,return_cruise,True,False,True,True,True,22.11109863941246
K28-016,524,2558.398072620878,2559.425457172262,return_cruise,True,False,True,True,True,22.55437747244312
K28-016,525,2559.425457172262,2560.4528417236465,return_cruise,True,False,True,True,True,22.97298378640356
K28-016,526,2560.4528417236465,2560.5563085358863,return_cruise,True,False,True,True,True,23.407307173506666
K28-016,527,2560.5563085358863,2560.659775348126,return_cruise,True,False,True,True,True,23.45193712405478
K28-016,528,2560.659775348126,2561.790626711721,return_cruise,True,False,True,True,True,23.496731450805584
K28-016,529,2561.790626711721,2562.921478075316,return_cruise,True,False,True,True,True,23.997105022055266
K28-016,530,2562.921478075316,2563.9783483231427,return_cruise,True,False,True,True,True,24.517310356462204
K28-016,531,2563.9783483231427,2565.0352185709694,return_cruise,True,False,True,True,True,25.021074075363558
K28-016,532,2565.0352185709694,2565.1091996867376,return_cruise,True,False,True,True,True,25.540794565839505
K28-016,533,2565.1091996867376,2565.1831808025063,return_cruise,True,False,True,True,True,25.57772735751206
K28-016,534,2565.1831808025063,2566.3140321661303,return_cruise,True,False,True,True,True,25.61472795513434
K28-016,535,2566.3140321661303,2567.4448835297544,return_cruise,True,False,True,True,True,26.187954447477225
K28-016,536,2567.4448835297544,2568.531239474141,return_cruise,True,False,True,True,True,26.77191134651089
K28-016,537,2568.531239474141,2569.6175954185273,return_cruise,True,False,True,True,True,27.3359365160194
K28-016,538,2569.6175954185273,2569.6620908377363,return_cruise,True,False,True,True,True,27.892637314212095
K28-016,539,2569.6620908377363,2569.7065862569452,return_cruise,True,False,True,True,True,27.915089108754543
K28-016,540,2569.7065862569452,2570.8374376205547,return_cruise,True,False,True,True,True,27.937503828684015
K28-016,541,2570.8374376205547,2571.9682889841642,return_cruise,True,False,True,True,True,28.490839060973485
K28-016,542,2571.9682889841642,2573.0841306251245,return_cruise,True,False,True,True,True,28.996496577668893
K28-016,543,2573.0841306251245,2574.199972266085,return_cruise,True,False,True,True,True,29.421572052712207
K28-016,544,2574.199972266085,2574.214981988734,return_cruise,True,False,True,True,True,29.743728344586756
K28-016,545,2574.214981988734,2574.2299917113833,return_cruise,True,False,True,True,True,29.747229068304677
K28-016,546,2574.2299917113833,2575.2090828219943,return_cruise,True,False,True,True,True,29.75070605559381
K28-016,547,2575.2090828219943,2576.1881739326054,return_cruise,True,False,True,True,True,29.92362584195382
K28-016,548,2576.1881739326054,2648.8664789863165,return_descent,True,False,True,True,True,29.982830377148545
K28-017,0,3188.8664789863224,3247.009123029291,climb,True,False,True,True,True,29.982830377148545
K28-017,1,3247.009123029291,3247.988214139902,cruise,True,False,True,True,True,29.92362584195382
K28-017,2,3247.988214139902,3248.967305250513,cruise,True,False,True,True,True,29.75070605559381
K28-017,3,3248.967305250513,3248.9823149731624,cruise,True,False,True,True,True,29.747229068304677
K28-017,4,3248.9823149731624,3248.9973246958116,cruise,True,False,True,True,True,29.743728344586756
K28-017,5,3248.9973246958116,3250.113166336772,cruise,True,False,True,True,True,29.421572052712207
K28-017,6,3250.113166336772,3251.229007977732,cruise,True,False,True,True,True,28.996496577668893
K28-017,7,3251.229007977732,3252.3598593413417,cruise,True,False,True,True,True,28.490839060973485
K28-017,8,3252.3598593413417,3253.490710704951,cruise,True,False,True,True,True,27.937503828684015
K28-017,9,3253.490710704951,3253.53520612416,cruise,True,False,True,True,True,27.915089108754543
K28-017,10,3253.53520612416,3253.579701543369,cruise,True,False,True,True,True,27.892637314212095
K28-017,11,3253.579701543369,3254.6660574877556,cruise,True,False,True,True,True,27.3359365160194
K28-017,12,3254.6660574877556,3255.752413432142,cruise,True,False,True,True,True,26.77191134651089
K28-017,13,3255.752413432142,3256.883264795766,cruise,True,False,True,True,True,26.187954447477225
K28-017,14,3256.883264795766,3258.01411615939,cruise,True,False,True,True,True,25.61472795513434
K28-017,15,3258.01411615939,3258.0880972751584,cruise,True,False,True,True,True,25.57772735751206
K28-017,16,3258.0880972751584,3258.1620783909266,cruise,True,False,True,True,True,25.540794565839505
K28-017,17,3258.1620783909266,3259.2189486387533,cruise,True,False,True,True,True,25.021074075363558
K28-017,18,3259.2189486387533,3260.27581888658,cruise,True,False,True,True,True,24.517310356462204
K28-017,19,3260.27581888658,3261.406670250175,cruise,True,False,True,True,True,23.997105022055266
K28-017,20,3261.406670250175,3262.53752161377,cruise,True,False,True,True,True,23.496731450805584
K28-017,21,3262.53752161377,3262.6409884260097,cruise,True,False,True,True,True,23.45193712405478
K28-017,22,3262.6409884260097,3262.7444552382494,cruise,True,False,True,True,True,23.407307173506666
K28-017,23,3262.7444552382494,3263.7718397896338,cruise,True,False,True,True,True,22.97298378640356
K28-017,24,3263.7718397896338,3264.799224341018,cruise,True,False,True,True,True,22.55437747244312
K28-017,25,3264.799224341018,3265.930075704613,cruise,True,False,True,True,True,22.11109863941246
K28-017,26,3265.930075704613,3267.060927068208,cruise,True,False,True,True,True,21.68530215131706
K28-017,27,3267.060927068208,3267.1938795770075,cruise,True,False,True,True,True,21.636348293413306
K28-017,28,3267.1938795770075,3267.326832085807,cruise,True,False,True,True,True,21.587621980781208
K28-017,29,3267.326832085807,3268.324730940617,cruise,True,False,True,True,True,21.22900977909201
K28-017,30,3268.324730940617,3269.322629795427,cruise,True,False,True,True,True,20.882502268859383
K28-017,31,3269.322629795427,3270.4534811590365,cruise,True,False,True,True,True,20.503682898184167
K28-017,32,3270.4534811590365,3271.584332522646,cruise,True,False,True,True,True,20.138754876011262
K28-017,33,3271.584332522646,3271.7467707280052,cruise,True,False,True,True,True,20.08742806505026
K28-017,34,3271.7467707280052,3271.9092089333644,cruise,True,False,True,True,True,20.036368540267915
K28-017,35,3271.9092089333644,3272.8776220916006,cruise,True,False,True,True,True,19.737385205628357
K28-017,36,3272.8776220916006,3273.846035249837,cruise,True,False,True,True,True,19.447343190206695
K28-017,37,3273.846035249837,3274.976886613461,cruise,True,False,True,True,True,19.11936521983536
K28-017,38,3274.976886613461,3276.107737977085,cruise,True,False,True,True,True,18.802290592275597
K28-017,39,3276.107737977085,3276.2996618788866,cruise,True,False,True,True,True,18.749514390028992
K28-017,40,3276.2996618788866,3276.491585780688,cruise,True,False,True,True,True,18.69703112066219
K28-017,41,3276.491585780688,3277.430513242482,cruise,True,False,True,True,True,18.444400232664634
K28-017,42,3277.430513242482,3278.369440704276,cruise,True,False,True,True,True,18.198384745567097
K28-017,43,3278.369440704276,3279.5002920678708,cruise,True,False,True,True,True,17.910428203474282
K28-017,44,3279.5002920678708,3280.6311434314657,cruise,True,False,True,True,True,17.631118864711112
K28-017,45,3280.6311434314657,3280.8525530298557,cruise,True,False,True,True,True,17.577404483093275
K28-017,46,3280.8525530298557,3281.0739626282457,cruise,True,False,True,True,True,17.524000220810322
K28-017,47,3281.0739626282457,3281.9834043934798,cruise,True,False,True,True,True,17.307825011361956
K28-017,48,3281.9834043934798,3282.892846158714,cruise,True,False,True,True,True,17.096606537115576
K28-017,49,3282.892846158714,3284.023697522309,cruise,True,False,True,True,True,16.840566441644455
K28-017,50,3284.023697522309,3285.1545488859038,cruise,True,False,True,True,True,16.591494312741602
K28-017,51,3285.1545488859038,3285.4054441808535,cruise,True,False,True,True,True,16.53714310027786
K28-017,52,3285.4054441808535,3285.656339475803,cruise,True,False,True,True,True,16.4831139549012
K28-017,53,3285.656339475803,3286.536295544463,cruise,True,False,True,True,True,16.29611351710429
K28-017,54,3286.536295544463,3287.4162516131228,cruise,True,False,True,True,True,16.112881639118598
K28-017,55,3287.4162516131228,3288.5471029767323,cruise,True,False,True,True,True,15.882712675012456
K28-017,56,3288.5471029767323,3289.677954340342,cruise,True,False,True,True,True,15.658251147070914
K28-017,57,3289.677954340342,3289.958335331734,cruise,True,False,True,True,True,15.60345053830369
K28-017,58,3289.958335331734,3290.238716323126,cruise,True,False,True,True,True,15.548980577890234
K28-017,59,3290.238716323126,3291.0891866953293,cruise,True,False,True,True,True,15.385742536829184
K28-017,60,3291.0891866953293,3291.9396570675326,cruise,True,False,True,True,True,15.225409449526182
K28-017,61,3291.9396570675326,3293.070508431142,cruise,True,False,True,True,True,15.016550160642126
K28-017,62,3293.070508431142,3294.2013597947516,cruise,True,False,True,True,True,14.812437491922495
K28-017,63,3294.2013597947516,3294.511226482835,cruise,True,False,True,True,True,14.757309438670447
K28-017,64,3294.511226482835,3294.821093170918,cruise,True,False,True,True,True,14.702518373345498
K28-017,65,3294.821093170918,3295.6420778464444,cruise,True,False,True,True,True,14.558950453029212
K28-017,66,3295.6420778464444,3296.4630625219706,cruise,True,False,True,True,True,14.41764914830648
K28-017,67,3296.4630625219706,3297.5939138855656,cruise,True,False,True,True,True,14.226602003874746
K28-017,68,3297.5939138855656,3298.7247652491606,cruise,True,False,True,True,True,14.039556753929801
K28-017,69,3298.7247652491606,3299.064117633701,cruise,True,False,True,True,True,13.984183661395917
K28-017,70,3299.064117633701,3299.403470018241,cruise,True,False,True,True,True,13.929152355340932
K28-017,71,3299.403470018241,3300.194968997325,cruise,True,False,True,True,True,13.802103882498244
K28-017,72,3300.194968997325,3300.9864679764087,cruise,True,False,True,True,True,13.676842393762044
K28-017,73,3300.9864679764087,3302.1173193400036,cruise,True,False,True,True,True,13.500880562887545
K28-017,74,3302.1173193400036,3303.2481707035986,cruise,True,False,True,True,True,13.328333936512834
K28-017,75,3303.2481707035986,3303.6170087845812,cruise,True,False,True,True,True,13.272773297955155
K28-017,76,3303.6170087845812,3303.985846865564,cruise,True,False,True,True,True,13.21755815461384
K28-017,77,3303.985846865564,3304.7478601481766,cruise,True,False,True,True,True,13.104560997678448
K28-017,78,3304.7478601481766,3305.5098734307894,cruise,True,False,True,True,True,12.992984970038847
K28-017,79,3305.5098734307894,3306.6407247944135,cruise,True,False,True,True,True,12.829948463734937
K28-017,80,3306.6407247944135,3307.7715761580375,cruise,True,False,True,True,True,12.669857944683173
K28-017,81,3307.7715761580375,3308.169899935697,cruise,True,False,True,True,True,12.614150982818572
K28-017,82,3308.169899935697,3308.568223713356,cruise,True,False,True,True,True,12.558792435012137
K28-017,83,3308.568223713356,3309.3007512992917,cruise,True,False,True,True,True,12.457882060165971
K28-017,84,3309.3007512992917,3310.0332788852274,cruise,True,False,True,True,True,12.358109957832255
K28-017,85,3310.0332788852274,3311.164130248837,cruise,True,False,True,True,True,12.206262576469044
K28-017,86,3311.164130248837,3312.2949816124465,cruise,True,False,True,True,True,12.056980718236147
K28-017,87,3312.2949816124465,3312.7227910865627,cruise,True,False,True,True,True,12.001157693061387
K28-017,88,3312.7227910865627,3313.150600560679,cruise,True,False,True,True,True,11.9456854155912
K28-017,89,3313.150600560679,3313.853642450172,cruise,True,False,True,True,True,11.855275382864676
K28-017,90,3313.853642450172,3314.5566843396655,cruise,True,False,True,True,True,11.765782315389544
K28-017,91,3314.5566843396655,3315.6875357032604,cruise,True,False,True,True,True,11.62370982204375
K28-017,92,3315.6875357032604,3316.8183870668554,cruise,True,False,True,True,True,11.483890488361212
K28-017,93,3316.8183870668554,3317.2756822374286,cruise,True,False,True,True,True,11.427974070782057
K28-017,94,3317.2756822374286,3317.7329774080017,cruise,True,False,True,True,True,11.372410292660007
K28-017,95,3317.7329774080017,3318.4065336010526,cruise,True,False,True,True,True,11.29120271907074
K28-017,96,3318.4065336010526,3319.0800897941035,cruise,True,False,True,True,True,11.210737144983128
K28-017,97,3319.0800897941035,3320.2109411576985,cruise,True,False,True,True,True,11.077273632478907
K28-017,98,3320.2109411576985,3321.3417925212934,cruise,True,False,True,True,True,10.945803927899007
K28-017,99,3321.3417925212934,3321.828573388543,cruise,True,False,True,True,True,10.889811409404501
K28-017,100,3321.828573388543,3322.315354255793,cruise,True,False,True,True,True,10.834173082770775
K28-017,101,3322.315354255793,3322.959424752138,cruise,True,False,True,True,True,10.761093665901456
K28-017,102,3322.959424752138,3323.6034952484833,cruise,True,False,True,True,True,10.688616660017743
K28-017,103,3323.6034952484833,3324.7343466121074,cruise,True,False,True,True,True,10.56279045957558
K28-017,104,3324.7343466121074,3325.8651979757315,cruise,True,False,True,True,True,10.438740531972655
K28-017,105,3325.8651979757315,3326.3814645394236,cruise,True,False,True,True,True,10.382685310772032
K28-017,106,3326.3814645394236,3326.897731103116,cruise,True,False,True,True,True,10.3269855692578
K28-017,107,3326.897731103116,3327.5123159030186,cruise,True,False,True,True,True,10.261135658176755
K28-017,108,3327.5123159030186,3328.1269007029214,cruise,True,False,True,True,True,10.195775917791735
K28-017,109,3328.1269007029214,3329.257752066531,cruise,True,False,True,True,True,10.07676925775398
K28-017,110,3329.257752066531,3330.3886034301404,cruise,True,False,True,True,True,9.95935472447583
K28-017,111,3330.3886034301404,3330.9343556902895,cruise,True,False,True,True,True,9.903247328419639
K28-017,112,3330.9343556902895,3331.4801079504387,cruise,True,False,True,True,True,9.847496490746607
K28-017,113,3331.4801079504387,3332.065207053899,cruise,True,False,True,True,True,9.788117187144152
K28-017,114,3332.065207053899,3332.6503061573594,cruise,True,False,True,True,True,9.729137197034063
K28-017,115,3332.6503061573594,3333.7811575209544,cruise,True,False,True,True,True,9.616255685828108
K28-017,116,3333.7811575209544,3334.9120088845493,cruise,True,False,True,True,True,9.504809113291259
K28-017,117,3334.9120088845493,3335.4872468413896,cruise,True,False,True,True,True,9.448657918867141
K28-017,118,3335.4872468413896,3336.06248479823,cruise,True,False,True,True,True,9.392864194286815
K28-017,119,3336.06248479823,3336.6180982050137,cruise,True,False,True,True,True,9.339309079837477
K28-017,120,3336.6180982050137,3337.1737116117974,cruise,True,False,True,True,True,9.286079313661745
K28-017,121,3337.1737116117974,3338.3045629753924,cruise,True,False,True,True,True,9.17872854699317
K28-017,122,3338.3045629753924,3339.4354143389874,cruise,True,False,True,True,True,9.072677519364177
K28-017,123,3339.4354143389874,3340.04013799227,cruise,True,False,True,True,True,9.016489266706941
K28-017,124,3340.04013799227,3340.6448616455527,cruise,True,False,True,True,True,8.960659260095568
K28-017,125,3340.6448616455527,3341.170989355865,cruise,True,False,True,True,True,8.912373404147175
K28-017,126,3341.170989355865,3341.6971170661773,cruise,True,False,True,True,True,8.86435240027977
K28-017,127,3341.6971170661773,3342.8279684298013,cruise,True,False,True,True,True,8.76201980829984
K28-017,128,3342.8279684298013,3343.9588197934254,cruise,True,False,True,True,True,8.660869859043032
K28-017,129,3343.9588197934254,3344.5930291431505,cruise,True,False,True,True,True,8.604650026812777
K28-017,130,3344.5930291431505,3345.2272384928756,cruise,True,False,True,True,True,8.54878910638675
K28-017,131,3345.2272384928756,3345.7238805067454,cruise,True,False,True,True,True,8.50529271162496
K28-017,132,3345.7238805067454,3346.2205225206153,cruise,True,False,True,True,True,8.462011503492988
K28-017,133,3346.2205225206153,3347.3513738842103,cruise,True,False,True,True,True,8.364252103631344
K28-017,134,3347.3513738842103,3348.482225247805,cruise,True,False,True,True,True,8.267573283218312
K28-017,135,3348.482225247805,3349.145920294236,cruise,True,False,True,True,True,8.211326365852585
K28-017,136,3349.145920294236,3349.809615340667,cruise,True,False,True,True,True,8.155438934994578
K28-017,137,3349.809615340667,3350.27677165786,cruise,True,False,True,True,True,8.116314453696333
K28-017,138,3350.27677165786,3350.743927975053,cruise,True,False,True,True,True,8.077364269783828
K28-017,139,3350.743927975053,3351.874779338648,cruise,True,False,True,True,True,7.983789367064674
K28-017,140,3351.874779338648,3353.005630702243,cruise,True,False,True,True,True,7.891205563055024
K28-017,141,3353.005630702243,3353.698811445116,cruise,True,False,True,True,True,7.834935278653376
K28-017,142,3353.698811445116,3354.391992187989,cruise,True,False,True,True,True,7.779024979816583
K28-017,143,3354.391992187989,3354.8296628087255,cruise,True,False,True,True,True,7.743906859448003
K28-017,144,3354.8296628087255,3355.267333429462,cruise,True,False,True,True,True,7.708929308200069
K28-017,145,3355.267333429462,3356.3981847930713,cruise,True,False,True,True,True,7.619197446144241
K28-017,146,3356.3981847930713,3357.529036156681,cruise,True,False,True,True,True,7.530377810532315
K28-017,147,3357.529036156681,3358.2517025959964,cruise,True,False,True,True,True,7.474087258545808
K28-017,148,3358.2517025959964,3358.974369035312,cruise,True,False,True,True,True,7.418157127847778
K28-017,149,3358.974369035312,3359.3825539595914,cruise,True,False,True,True,True,7.386723571827034
K28-017,150,3359.3825539595914,3359.7907388838707,cruise,True,False,True,True,True,7.355402736679423
K28-017,151,3359.7907388838707,3360.921590247495,cruise,True,False,True,True,True,7.26921238504093
K28-017,152,3360.921590247495,3362.052441611119,cruise,True,False,True,True,True,7.183864392230063
K28-017,153,3362.052441611119,3362.8045937471115,cruise,True,False,True,True,True,7.127556174624345
K28-017,154,3362.8045937471115,3363.556745883104,cruise,True,False,True,True,True,7.07160876064367
K28-017,155,3363.556745883104,3363.9354451107065,cruise,True,False,True,True,True,7.04357504975053
K28-017,156,3363.9354451107065,3364.314144338309,cruise,True,False,True,True,True,7.0156310674184965
K28-017,157,3364.314144338309,3365.4449957019037,cruise,True,False,True,True,True,6.932714664058366
K28-017,158,3365.4449957019037,3366.5758470654987,cruise,True,False,True,True,True,6.850578443140037
K28-017,159,3366.5758470654987,3367.3574848979624,cruise,True,False,True,True,True,6.794254758463367
K28-017,160,3367.3574848979624,3368.139122730426,cruise,True,False,True,True,True,6.738292214443064
K28-017,161,3368.139122730426,3368.488336261586,cruise,True,False,True,True,True,6.713405249052073
K28-017,162,3368.488336261586,3368.837549792746,cruise,True,False,True,True,True,6.688589051002452
K28-017,163,3368.837549792746,3369.968401156341,cruise,True,False,True,True,True,6.6087081094205615
K28-017,164,3369.968401156341,3371.099252519936,cruise,True,False,True,True,True,6.52955178151322
K28-017,165,3371.099252519936,3371.910376048842,cruise,True,False,True,True,True,6.47321449856166
K28-017,166,3371.910376048842,3372.721499577748,cruise,True,False,True,True,True,6.4172386546098465
K28-017,167,3372.721499577748,3373.0412274124515,cruise,True,False,True,True,True,6.3952724608416815
K28-017,168,3373.0412274124515,3373.360955247155,cruise,True,False,True,True,True,6.373361435369077
K28-017,169,3373.360955247155,3374.4918066107643,cruise,True,False,True,True,True,6.296302498228087
K28-017,170,3374.4918066107643,3375.622657974374,cruise,True,False,True,True,True,6.219918313511414
K28-017,171,3375.622657974374,3376.463267199957,cruise,True,False,True,True,True,6.163569029551141
K28-017,172,3376.463267199957,3377.3038764255402,cruise,True,False,True,True,True,6.107581449754292
K28-017,173,3377.3038764255402,3377.594118563552,cruise,True,False,True,True,True,6.088333453087387
K28-017,174,3377.594118563552,3377.8843607015638,cruise,True,False,True,True,True,6.069127841894385
K28-017,175,3377.8843607015638,3379.015212065188,cruise,True,False,True,True,True,5.994699111698651
K28-017,176,3379.015212065188,3380.146063428812,cruise,True,False,True,True,True,5.920900227642662
K28-017,177,3380.146063428812,3381.0161583508375,cruise,True,False,True,True,True,5.864540314966462
K28-017,178,3381.0161583508375,3381.886253272863,cruise,True,False,True,True,True,5.808542342985945
K28-017,179,3381.886253272863,3382.1470097144324,cruise,True,False,True,True,True,5.79183025786763
K28-017,180,3382.1470097144324,3382.407766156002,cruise,True,False,True,True,True,5.775150143398307
K28-017,181,3382.407766156002,3383.5386175195968,cruise,True,False,True,True,True,5.703178659389181
K28-017,182,3383.5386175195968,3384.6694688831917,cruise,True,False,True,True,True,5.631796437193202
K28-017,183,3384.6694688831917,3385.5690495018057,cruise,True,False,True,True,True,5.575427080396878
K28-017,184,3385.5690495018057,3386.4686301204197,cruise,True,False,True,True,True,5.519419876002715
K28-017,185,3386.4686301204197,3386.6999008654298,cruise,True,False,True,True,True,5.505079093837466
K28-017,186,3386.6999008654298,3386.93117161044,cruise,True,False,True,True,True,5.490761865444
K28-017,187,3386.93117161044,3388.062022974035,cruise,True,False,True,True,True,5.4210911241073205
K28-017,188,3388.062022974035,3389.1928743376297,cruise,True,False,True,True,True,5.351972846846579
K28-017,189,3389.1928743376297,3390.1219406528035,cruise,True,False,True,True,True,5.295595073093054
K28-017,190,3390.1219406528035,3391.051006967977,cruise,True,False,True,True,True,5.239579641843292
K28-017,191,3391.051006967977,3391.2527920163984,cruise,True,False,True,True,True,5.2274610246403626
K28-017,192,3391.2527920163984,3391.4545770648197,cruise,True,False,True,True,True,5.215359235268721
K28-017,193,3391.4545770648197,3392.5854284284437,cruise,True,False,True,True,True,5.147847173786133
K28-017,194,3392.5854284284437,3393.716279792068,cruise,True,False,True,True,True,5.080854109935984
K28-017,195,3393.716279792068,3394.674831803684,cruise,True,False,True,True,True,5.024468813612003
K28-017,196,3394.674831803684,3395.6333838153,cruise,True,False,True,True,True,4.968446030987721
K28-017,197,3395.6333838153,3395.805683167279,cruise,True,False,True,True,True,4.95841403772657
K28-017,198,3395.805683167279,3395.9779825192577,cruise,True,False,True,True,True,4.9483935813444475
K28-017,199,3395.9779825192577,3397.108833882867,cruise,True,False,True,True,True,4.882910859692117
K28-017,200,3397.108833882867,3398.2396852464767,cruise,True,False,True,True,True,4.817916611453896
K28-017,201,3398.2396852464767,3399.227722954667,cruise,True,False,True,True,True,4.7615245743285755
K28-017,202,3399.227722954667,3400.2157606628575,cruise,True,False,True,True,True,4.705495205532571
K28-017,203,3400.2157606628575,3400.358574318277,cruise,True,False,True,True,True,4.697426293003019
K28-017,204,3400.358574318277,3400.5013879736966,cruise,True,False,True,True,True,4.6893648470628335
K28-017,205,3400.5013879736966,3401.6322393372916,cruise,True,False,True,True,True,4.625793377379466
K28-017,206,3401.6322393372916,3402.7630907008866,cruise,True,False,True,True,True,4.562682465062167
K28-017,207,3402.7630907008866,3403.780614105651,cruise,True,False,True,True,True,4.506284373021401
K28-017,208,3403.780614105651,3404.798137510415,cruise,True,False,True,True,True,4.4502490893138145
K28-017,209,3404.798137510415,3404.911465469275,cruise,True,False,True,True,True,4.444030340633134
K28-017,210,3404.911465469275,3405.0247934281347,cruise,True,False,True,True,True,4.4378160286904915
K28-017,211,3405.0247934281347,3406.1556447917296,cruise,True,False,True,True,True,4.376047710546757
K28-017,212,3406.1556447917296,3407.2864961553246,cruise,True,False,True,True,True,4.3147143538152335
K28-017,213,3407.2864961553246,3408.333505256531,cruise,True,False,True,True,True,4.25831081067922
K28-017,214,3408.333505256531,3409.380514357738,cruise,True,False,True,True,True,4.202270202965863
K28-017,215,3409.380514357738,3409.464356620126,cruise,True,False,True,True,True,4.1977981460760105
K28-017,216,3409.464356620126,3409.5481988825145,cruise,True,False,True,True,True,4.193328384419587
K28-017,217,3409.5481988825145,3410.6790502461386,cruise,True,False,True,True,True,4.133264012454703
K28-017,218,3410.6790502461386,3411.8099016097626,cruise,True,False,True,True,True,4.073611076544012
K28-017,219,3411.8099016097626,3412.886396407529,cruise,True,False,True,True,True,4.017202615593618
K28-017,220,3412.886396407529,3413.9628912052954,cruise,True,False,True,True,True,3.9611572056955424
K28-017,221,3413.9628912052954,3414.017247771124,cruise,True,False,True,True,True,3.9583367912541547
K28-017,222,3414.017247771124,3414.0716043369525,cruise,True,False,True,True,True,3.9555172900440994
K28-017,223,3414.0716043369525,3415.202455700562,cruise,True,False,True,True,True,3.8970656065666986
K28-017,224,3415.202455700562,3416.3333070641715,cruise,True,False,True,True,True,3.8390036874677236
K28-017,225,3416.3333070641715,3417.4392875585118,cruise,True,False,True,True,True,3.7825907811418062
K28-017,226,3417.4392875585118,3418.545268052852,cruise,True,False,True,True,True,3.7265410313084715
K28-017,227,3418.545268052852,3418.5701389221213,cruise,True,False,True,True,True,3.725284744815866
K28-017,228,3418.5701389221213,3418.5950097913906,cruise,True,False,True,True,True,3.7240286395745557
K28-017,229,3418.5950097913906,3419.7258611549855,cruise,True,False,True,True,True,3.6671055097104954
K28-017,230,3419.7258611549855,3420.8567125185805,cruise,True,False,True,True,True,3.6105521369392193
K28-017,231,3420.8567125185805,3421.9875638822045,cruise,True,False,True,True,True,3.554363759581861
K28-017,232,3421.9875638822045,3423.1184152458286,cruise,True,False,True,True,True,3.4985357071706176
K28-017,233,3423.1184152458286,3423.1230300730017,cruise,True,False,True,True,True,3.498308613552993
K28-017,234,3423.1230300730017,3423.127644900175,cruise,True,False,True,True,True,3.4980815258580975
K28-017,235,3423.127644900175,3424.2538814365967,cruise,True,False,True,True,True,3.4428377469431837
K28-017,236,3424.2538814365967,3425.3801179730185,cruise,True,False,True,True,True,3.387942337383919
K28-017,237,3425.3801179730185,3426.5109693366135,cruise,True,False,True,True,True,3.333168114544094
K28-017,238,3426.5109693366135,3427.6418207002084,cruise,True,False,True,True,True,3.2787364014386355
K28-017,239,3427.6418207002084,3427.6759212239704,cruise,True,False,True,True,True,3.2771003025487886
K28-017,240,3427.6759212239704,3427.7100217477323,cruise,True,False,True,True,True,3.2754645111181446
K28-017,241,3427.7100217477323,3428.8067725875944,cruise,True,False,True,True,True,3.2230169864462965
K28-017,242,3428.8067725875944,3429.9035234274565,cruise,True,False,True,True,True,3.1708835916653015
K28-017,243,3429.9035234274565,3431.0343747910515,cruise,True,False,True,True,True,3.1174542326031798
K28-017,244,3431.0343747910515,3432.1652261546465,cruise,True,False,True,True,True,3.0643508547431964
K28-017,245,3432.1652261546465,3432.2288123749677,cruise,True,False,True,True,True,3.0613745240876824
K28-017,246,3432.2288123749677,3432.292398595289,cruise,True,False,True,True,True,3.058399210884474
K28-017,247,3432.292398595289,3433.359663738577,cruise,True,False,True,True,True,3.0086111737691112
K28-017,248,3433.359663738577,3434.4269288818655,cruise,True,False,True,True,True,2.959106331416365
K28-017,249,3434.4269288818655,3435.557780245475,cruise,True,False,True,True,True,2.9069575063059574
K28-017,250,3435.557780245475,3436.6886316090845,cruise,True,False,True,True,True,2.855119299766372
K28-017,251,3436.6886316090845,3436.781703525848,cruise,True,False,True,True,True,2.850866605153101
K28-017,252,3436.781703525848,3436.8747754426117,cruise,True,False,True,True,True,2.8466159876492156
K28-017,253,3436.8747754426117,3437.912554889443,cruise,True,False,True,True,True,2.7993604469304216
K28-017,254,3437.912554889443,3438.9503343362744,cruise,True,False,True,True,True,2.752360121831913
K28-017,255,3438.9503343362744,3440.081185699884,cruise,True,False,True,True,True,2.7014320001001266
K28-017,256,3440.081185699884,3441.2120370634934,cruise,True,False,True,True,True,2.6508001932967034
K28-017,257,3441.2120370634934,3441.3345946768313,cruise,True,False,True,True,True,2.645330551693789
K28-017,258,3441.3345946768313,3441.4571522901692,cruise,True,False,True,True,True,2.6398643458865365
K28-017,259,3441.4571522901692,3442.465446040441,cruise,True,False,True,True,True,2.595023177695751
K28-017,260,3442.465446040441,3443.4737397907124,cruise,True,False,True,True,True,2.5504118960570707
K28-017,261,3443.4737397907124,3444.6045911543074,cruise,True,False,True,True,True,2.500648737128344
K28-017,262,3444.6045911543074,3445.7354425179024,cruise,True,False,True,True,True,2.4511685535075856
K28-017,263,3445.7354425179024,3445.887485827814,cruise,True,False,True,True,True,2.444537334515587
K28-017,264,3445.887485827814,3446.039529137726,cruise,True,False,True,True,True,2.4379111653175016
K28-017,265,3446.039529137726,3447.018337191438,cruise,True,False,True,True,True,2.3953743077373133
K28-017,266,3447.018337191438,3447.99714524515,cruise,True,False,True,True,True,2.353044388274782
K28-017,267,3447.99714524515,3449.127996608745,cruise,True,False,True,True,True,2.3043941777493018
K28-017,268,3449.127996608745,3450.25884797234,cruise,True,False,True,True,True,2.2560144823417545
K28-017,269,3450.25884797234,3450.440376978694,cruise,True,False,True,True,True,2.24827336699974
K28-017,270,3450.440376978694,3450.621905985048,cruise,True,False,True,True,True,2.240539132996787
K28-017,271,3450.621905985048,3450.9308498321147,cruise,True,False,True,True,True,2.2273920426809326
K28-017,272,3450.9308498321147,3451.2397936791813,cruise,True,False,True,True,True,2.21426478860225
K28-017,273,3451.2397936791813,3495.768098732892,descent,True,False,True,True,True,2.21426478860225
K28-017,274,3495.768098732892,3963.768098732892,handoff,True,False,True,True,True,2.2209209779533126
K28-017,275,3963.768098732892,3999.390742775861,return_climb,True,False,True,True,True,2.21426478860225
K28-017,276,3999.390742775861,3999.6996866229274,return_cruise,True,False,True,True,True,2.21426478860225
K28-017,277,3999.6996866229274,4000.008630469994,return_cruise,True,False,True,True,True,2.2273920426809326
K28-017,278,4000.008630469994,4000.190159476348,return_cruise,True,False,True,True,True,2.240539132996787
K28-017,279,4000.190159476348,4000.371688482702,return_cruise,True,False,True,True,True,2.24827336699974
K28-017,280,4000.371688482702,4001.502539846297,return_cruise,True,False,True,True,True,2.2560144823417545
K28-017,281,4001.502539846297,4002.633391209892,return_cruise,True,False,True,True,True,2.3043941777493018
K28-017,282,4002.633391209892,4003.612199263604,return_cruise,True,False,True,True,True,2.353044388274782
K28-017,283,4003.612199263604,4004.5910073173163,return_cruise,True,False,True,True,True,2.3953743077373133
K28-017,284,4004.5910073173163,4004.743050627228,return_cruise,True,False,True,True,True,2.4379111653175016
K28-017,285,4004.743050627228,4004.89509393714,return_cruise,True,False,True,True,True,2.444537334515587
K28-017,286,4004.89509393714,4006.0259453007347,return_cruise,True,False,True,True,True,2.4511685535075856
K28-017,287,4006.0259453007347,4007.1567966643297,return_cruise,True,False,True,True,True,2.500648737128344
K28-017,288,4007.1567966643297,4008.1650904146013,return_cruise,True,False,True,True,True,2.5504118960570707
K28-017,289,4008.1650904146013,4009.173384164873,return_cruise,True,False,True,True,True,2.595023177695751
K28-017,290,4009.173384164873,4009.295941778211,return_cruise,True,False,True,True,True,2.6398643458865365
K28-017,291,4009.295941778211,4009.4184993915487,return_cruise,True,False,True,True,True,2.645330551693789
K28-017,292,4009.4184993915487,4010.5493507551582,return_cruise,True,False,True,True,True,2.6508001932967034
K28-017,293,4010.5493507551582,4011.6802021187677,return_cruise,True,False,True,True,True,2.7014320001013914
K28-017,294,4011.6802021187677,4012.717981565599,return_cruise,True,False,True,True,True,2.752360121831913
K28-017,295,4012.717981565599,4013.7557610124304,return_cruise,True,False,True,True,True,2.7993604469304216
K28-017,296,4013.7557610124304,4013.848832929194,return_cruise,True,False,True,True,True,2.8466159876492156
K28-017,297,4013.848832929194,4013.9419048459577,return_cruise,True,False,True,True,True,2.850866605153101
K28-017,298,4013.9419048459577,4015.072756209567,return_cruise,True,False,True,True,True,2.855119299766372
K28-017,299,4015.072756209567,4016.2036075731767,return_cruise,True,False,True,True,True,2.906957506304664
K28-017,300,4016.2036075731767,4017.270872716465,return_cruise,True,False,True,True,True,2.959106331416365
K28-017,301,4017.270872716465,4018.3381378597533,return_cruise,True,False,True,True,True,3.0086111737691112
K28-017,302,4018.3381378597533,4018.4017240800745,return_cruise,True,False,True,True,True,3.058399210884474
K28-017,303,4018.4017240800745,4018.4653103003957,return_cruise,True,False,True,True,True,3.0613745240876824
K28-017,304,4018.4653103003957,4019.5961616639906,return_cruise,True,False,True,True,True,3.0643508547431964
K28-017,305,4019.5961616639906,4020.7270130275856,return_cruise,True,False,True,True,True,3.1174542326031798
K28-017,306,4020.7270130275856,4021.8237638674477,return_cruise,True,False,True,True,True,3.1708835916653015
K28-017,307,4021.8237638674477,4022.92051470731,return_cruise,True,False,True,True,True,3.2230169864462965
K28-017,308,4022.92051470731,4022.954615231072,return_cruise,True,False,True,True,True,3.2754645111181446
K28-017,309,4022.954615231072,4022.9887157548337,return_cruise,True,False,True,True,True,3.2771003025487886
K28-017,310,4022.9887157548337,4024.1195671184287,return_cruise,True,False,True,True,True,3.2787364014386355
K28-017,311,4024.1195671184287,4025.2504184820236,return_cruise,True,False,True,True,True,3.333168114544094
K28-017,312,4025.2504184820236,4026.3766550184455,return_cruise,True,False,True,True,True,3.387942337383919
K28-017,313,4026.3766550184455,4027.5028915548673,return_cruise,True,False,True,True,True,3.4428377469431837
K28-017,314,4027.5028915548673,4027.5075063820404,return_cruise,True,False,True,True,True,3.4980815258580975
K28-017,315,4027.5075063820404,4027.5121212092135,return_cruise,True,False,True,True,True,3.498308613552993
K28-017,316,4027.5121212092135,4028.6429725728376,return_cruise,True,False,True,True,True,3.4985357071706176
K28-017,317,4028.6429725728376,4029.7738239364617,return_cruise,True,False,True,True,True,3.554363759581861
K28-017,318,4029.7738239364617,4030.9046753000566,return_cruise,True,False,True,True,True,3.6105521369392193
K28-017,319,4030.9046753000566,4032.0355266636516,return_cruise,True,False,True,True,True,3.6671055097104954
K28-017,320,4032.0355266636516,4032.060397532921,return_cruise,True,False,True,True,True,3.7240286395745557
K28-017,321,4032.060397532921,4032.08526840219,return_cruise,True,False,True,True,True,3.725284744815866
K28-017,322,4032.08526840219,4033.1912488965304,return_cruise,True,False,True,True,True,3.7265410313084715
K28-017,323,4033.1912488965304,4034.2972293908706,return_cruise,True,False,True,True,True,3.7825907811418062
K28-017,324,4034.2972293908706,4035.42808075448,return_cruise,True,False,True,True,True,3.8390036874677236
K28-017,325,4035.42808075448,4036.5589321180896,return_cruise,True,False,True,True,True,3.8970656065681624
K28-017,326,4036.5589321180896,4036.613288683918,return_cruise,True,False,True,True,True,3.9555172900440994
K28-017,327,4036.613288683918,4036.667645249747,return_cruise,True,False,True,True,True,3.9583367912541547
K28-017,328,4036.667645249747,4037.744140047513,return_cruise,True,False,True,True,True,3.9611572056955424
K28-017,329,4037.744140047513,4038.8206348452795,return_cruise,True,False,True,True,True,4.017202615593618
K28-017,330,4038.8206348452795,4039.9514862089036,return_cruise,True,False,True,True,True,4.073611076544012
K28-017,331,4039.9514862089036,4041.0823375725276,return_cruise,True,False,True,True,True,4.133264012454703
K28-017,332,4041.0823375725276,4041.166179834916,return_cruise,True,False,True,True,True,4.193328384419587
K28-017,333,4041.166179834916,4041.2500220973043,return_cruise,True,False,True,True,True,4.1977981460760105
K28-017,334,4041.2500220973043,4042.297031198511,return_cruise,True,False,True,True,True,4.202270202965863
K28-017,335,4042.297031198511,4043.3440402997176,return_cruise,True,False,True,True,True,4.25831081067922
K28-017,336,4043.3440402997176,4044.4748916633125,return_cruise,True,False,True,True,True,4.3147143538152335
K28-017,337,4044.4748916633125,4045.6057430269075,return_cruise,True,False,True,True,True,4.376047710546757
K28-017,338,4045.6057430269075,4045.7190709857673,return_cruise,True,False,True,True,True,4.4378160286904915
K28-017,339,4045.7190709857673,4045.832398944627,return_cruise,True,False,True,True,True,4.444030340633134
K28-017,340,4045.832398944627,4046.8499223493914,return_cruise,True,False,True,True,True,4.4502490893138145
K28-017,341,4046.8499223493914,4047.8674457541556,return_cruise,True,False,True,True,True,4.506284373021401
K28-017,342,4047.8674457541556,4048.9982971177506,return_cruise,True,False,True,True,True,4.562682465062167
K28-017,343,4048.9982971177506,4050.1291484813455,return_cruise,True,False,True,True,True,4.625793377379466
K28-017,344,4050.1291484813455,4050.271962136765,return_cruise,True,False,True,True,True,4.6893648470628335
K28-017,345,4050.271962136765,4050.4147757921846,return_cruise,True,False,True,True,True,4.697426293003019
K28-017,346,4050.4147757921846,4051.402813500375,return_cruise,True,False,True,True,True,4.705495205532571
K28-017,347,4051.402813500375,4052.3908512085654,return_cruise,True,False,True,True,True,4.7615245743285755
K28-017,348,4052.3908512085654,4053.521702572175,return_cruise,True,False,True,True,True,4.817916611453896
K28-017,349,4053.521702572175,4054.6525539357845,return_cruise,True,False,True,True,True,4.882910859692117
K28-017,350,4054.6525539357845,4054.8248532877633,return_cruise,True,False,True,True,True,4.9483935813444475
K28-017,351,4054.8248532877633,4054.997152639742,return_cruise,True,False,True,True,True,4.95841403772657
K28-017,352,4054.997152639742,4055.9557046513582,return_cruise,True,False,True,True,True,4.968446030987721
K28-017,353,4055.9557046513582,4056.9142566629744,return_cruise,True,False,True,True,True,5.024468813612003
K28-017,354,4056.9142566629744,4058.0451080265984,return_cruise,True,False,True,True,True,5.080854109935984
K28-017,355,4058.0451080265984,4059.1759593902225,return_cruise,True,False,True,True,True,5.147847173786133
K28-017,356,4059.1759593902225,4059.3777444386437,return_cruise,True,False,True,True,True,5.215359235268721
K28-017,357,4059.3777444386437,4059.579529487065,return_cruise,True,False,True,True,True,5.2274610246403626
K28-017,358,4059.579529487065,4060.5085958022387,return_cruise,True,False,True,True,True,5.239579641843292
K28-017,359,4060.5085958022387,4061.4376621174124,return_cruise,True,False,True,True,True,5.295595073093054
K28-017,360,4061.4376621174124,4062.5685134810074,return_cruise,True,False,True,True,True,5.351972846846579
K28-017,361,4062.5685134810074,4063.6993648446023,return_cruise,True,False,True,True,True,5.4210911241073205
K28-017,362,4063.6993648446023,4063.9306355896124,return_cruise,True,False,True,True,True,5.490761865444
K28-017,363,4063.9306355896124,4064.1619063346225,return_cruise,True,False,True,True,True,5.505079093837466
K28-017,364,4064.1619063346225,4065.0614869532365,return_cruise,True,False,True,True,True,5.519419876002715
K28-017,365,4065.0614869532365,4065.9610675718504,return_cruise,True,False,True,True,True,5.575427080396878
K28-017,366,4065.9610675718504,4067.0919189354454,return_cruise,True,False,True,True,True,5.631796437193202
K28-017,367,4067.0919189354454,4068.2227702990403,return_cruise,True,False,True,True,True,5.703178659389181
K28-017,368,4068.2227702990403,4068.4835267406097,return_cruise,True,False,True,True,True,5.775150143398307
K28-017,369,4068.4835267406097,4068.744283182179,return_cruise,True,False,True,True,True,5.79183025786763
K28-017,370,4068.744283182179,4069.6143781042047,return_cruise,True,False,True,True,True,5.808542342985945
K28-017,371,4069.6143781042047,4070.4844730262303,return_cruise,True,False,True,True,True,5.864540314966462
K28-017,372,4070.4844730262303,4071.6153243898543,return_cruise,True,False,True,True,True,5.920900227642662
K28-017,373,4071.6153243898543,4072.7461757534784,return_cruise,True,False,True,True,True,5.994699111698651
K28-017,374,4072.7461757534784,4073.03641789149,return_cruise,True,False,True,True,True,6.069127841894385
K28-017,375,4073.03641789149,4073.326660029502,return_cruise,True,False,True,True,True,6.088333453087387
K28-017,376,4073.326660029502,4074.167269255085,return_cruise,True,False,True,True,True,6.107581449754292
K28-017,377,4074.167269255085,4075.0078784806683,return_cruise,True,False,True,True,True,6.163569029551141
K28-017,378,4075.0078784806683,4076.138729844278,return_cruise,True,False,True,True,True,6.219918313511414
K28-017,379,4076.138729844278,4077.2695812078873,return_cruise,True,False,True,True,True,6.296302498228087
K28-017,380,4077.2695812078873,4077.5893090425907,return_cruise,True,False,True,True,True,6.373361435369077
K28-017,381,4077.5893090425907,4077.909036877294,return_cruise,True,False,True,True,True,6.3952724608416815
K28-017,382,4077.909036877294,4078.7201604062,return_cruise,True,False,True,True,True,6.4172386546098465
K28-017,383,4078.7201604062,4079.5312839351063,return_cruise,True,False,True,True,True,6.47321449856166
K28-017,384,4079.5312839351063,4080.6621352987013,return_cruise,True,False,True,True,True,6.52955178151322
K28-017,385,4080.6621352987013,4081.7929866622962,return_cruise,True,False,True,True,True,6.6087081094205615
K28-017,386,4081.7929866622962,4082.142200193456,return_cruise,True,False,True,True,True,6.688589051002452
K28-017,387,4082.142200193456,4082.491413724616,return_cruise,True,False,True,True,True,6.713405249052073
K28-017,388,4082.491413724616,4083.2730515570797,return_cruise,True,False,True,True,True,6.738292214443064
K28-017,389,4083.2730515570797,4084.0546893895435,return_cruise,True,False,True,True,True,6.794254758463367
K28-017,390,4084.0546893895435,4085.1855407531384,return_cruise,True,False,True,True,True,6.850578443140037
K28-017,391,4085.1855407531384,4086.3163921167334,return_cruise,True,False,True,True,True,6.932714664058366
K28-017,392,4086.3163921167334,4086.6950913443357,return_cruise,True,False,True,True,True,7.0156310674184965
K28-017,393,4086.6950913443357,4087.073790571938,return_cruise,True,False,True,True,True,7.04357504975053
K28-017,394,4087.073790571938,4087.8259427079306,return_cruise,True,False,True,True,True,7.07160876064367
K28-017,395,4087.8259427079306,4088.5780948439233,return_cruise,True,False,True,True,True,7.127556174624345
K28-017,396,4088.5780948439233,4089.7089462075473,return_cruise,True,False,True,True,True,7.183864392230063
K28-017,397,4089.7089462075473,4090.8397975711714,return_cruise,True,False,True,True,True,7.26921238504093
K28-017,398,4090.8397975711714,4091.2479824954507,return_cruise,True,False,True,True,True,7.355402736679423
K28-017,399,4091.2479824954507,4091.65616741973,return_cruise,True,False,True,True,True,7.386723571827034
K28-017,400,4091.65616741973,4092.3788338590457,return_cruise,True,False,True,True,True,7.418157127847778
K28-017,401,4092.3788338590457,4093.1015002983613,return_cruise,True,False,True,True,True,7.474087258545808
K28-017,402,4093.1015002983613,4094.232351661971,return_cruise,True,False,True,True,True,7.530377810532315
K28-017,403,4094.232351661971,4095.3632030255803,return_cruise,True,False,True,True,True,7.619197446144241
K28-017,404,4095.3632030255803,4095.8008736463166,return_cruise,True,False,True,True,True,7.708929308200069
K28-017,405,4095.8008736463166,4096.238544267053,return_cruise,True,False,True,True,True,7.743906859448003
K28-017,406,4096.238544267053,4096.931725009927,return_cruise,True,False,True,True,True,7.779024979816583
K28-017,407,4096.931725009927,4097.6249057528,return_cruise,True,False,True,True,True,7.834935278653376
K28-017,408,4097.6249057528,4098.755757116395,return_cruise,True,False,True,True,True,7.891205563055024
K28-017,409,4098.755757116395,4099.88660847999,return_cruise,True,False,True,True,True,7.983789367064674
K28-017,410,4099.88660847999,4100.353764797183,return_cruise,True,False,True,True,True,8.077364269783828
K28-017,411,4100.353764797183,4100.820921114377,return_cruise,True,False,True,True,True,8.116314453696333
K28-017,412,4100.820921114377,4101.4846161608075,return_cruise,True,False,True,True,True,8.155438934994578
K28-017,413,4101.4846161608075,4102.148311207238,return_cruise,True,False,True,True,True,8.211326365852585
K28-017,414,4102.148311207238,4103.279162570833,return_cruise,True,False,True,True,True,8.267573283218312
K28-017,415,4103.279162570833,4104.410013934428,return_cruise,True,False,True,True,True,8.364252103631344
K28-017,416,4104.410013934428,4104.906655948298,return_cruise,True,False,True,True,True,8.462011503492988
K28-017,417,4104.906655948298,4105.403297962168,return_cruise,True,False,True,True,True,8.50529271162496
K28-017,418,4105.403297962168,4106.037507311893,return_cruise,True,False,True,True,True,8.54878910638675
K28-017,419,4106.037507311893,4106.671716661618,return_cruise,True,False,True,True,True,8.604650026812777
K28-017,420,4106.671716661618,4107.802568025242,return_cruise,True,False,True,True,True,8.660869859043032
K28-017,421,4107.802568025242,4108.933419388866,return_cruise,True,False,True,True,True,8.76201980829984
K28-017,422,4108.933419388866,4109.459547099178,return_cruise,True,False,True,True,True,8.86435240027977
K28-017,423,4109.459547099178,4109.98567480949,return_cruise,True,False,True,True,True,8.912373404147175
K28-017,424,4109.98567480949,4110.590398462773,return_cruise,True,False,True,True,True,8.960659260095568
K28-017,425,4110.590398462773,4111.195122116056,return_cruise,True,False,True,True,True,9.016489266706941
K28-017,426,4111.195122116056,4112.325973479651,return_cruise,True,False,True,True,True,9.072677519364177
K28-017,427,4112.325973479651,4113.456824843246,return_cruise,True,False,True,True,True,9.17872854699317
K28-017,428,4113.456824843246,4114.01243825003,return_cruise,True,False,True,True,True,9.286079313661745
K28-017,429,4114.01243825003,4114.568051656814,return_cruise,True,False,True,True,True,9.339309079837477
K28-017,430,4114.568051656814,4115.143289613654,return_cruise,True,False,True,True,True,9.392864194286815
K28-017,431,4115.143289613654,4115.718527570494,return_cruise,True,False,True,True,True,9.448657918867141
K28-017,432,4115.718527570494,4116.849378934089,return_cruise,True,False,True,True,True,9.504809113291259
K28-017,433,4116.849378934089,4117.980230297684,return_cruise,True,False,True,True,True,9.616255685828108
K28-017,434,4117.980230297684,4118.5653294011445,return_cruise,True,False,True,True,True,9.729137197034063
K28-017,435,4118.5653294011445,4119.150428504605,return_cruise,True,False,True,True,True,9.788117187144152
K28-017,436,4119.150428504605,4119.696180764754,return_cruise,True,False,True,True,True,9.847496490746607
K28-017,437,4119.696180764754,4120.241933024903,return_cruise,True,False,True,True,True,9.903247328419639
K28-017,438,4120.241933024903,4121.372784388513,return_cruise,True,False,True,True,True,9.95935472447583
K28-017,439,4121.372784388513,4122.503635752122,return_cruise,True,False,True,True,True,10.07676925775398
K28-017,440,4122.503635752122,4123.118220552025,return_cruise,True,False,True,True,True,10.195775917791735
K28-017,441,4123.118220552025,4123.732805351929,return_cruise,True,False,True,True,True,10.261135658176755
K28-017,442,4123.732805351929,4124.249071915621,return_cruise,True,False,True,True,True,10.3269855692578
K28-017,443,4124.249071915621,4124.765338479314,return_cruise,True,False,True,True,True,10.382685310772032
K28-017,444,4124.765338479314,4125.896189842938,return_cruise,True,False,True,True,True,10.438740531972655
K28-017,445,4125.896189842938,4127.027041206562,return_cruise,True,False,True,True,True,10.56279045957558
K28-017,446,4127.027041206562,4127.671111702907,return_cruise,True,False,True,True,True,10.688616660017743
K28-017,447,4127.671111702907,4128.315182199252,return_cruise,True,False,True,True,True,10.761093665901456
K28-017,448,4128.315182199252,4128.801963066502,return_cruise,True,False,True,True,True,10.834173082770775
K28-017,449,4128.801963066502,4129.288743933752,return_cruise,True,False,True,True,True,10.889811409404501
K28-017,450,4129.288743933752,4130.419595297347,return_cruise,True,False,True,True,True,10.945803927899007
K28-017,451,4130.419595297347,4131.550446660942,return_cruise,True,False,True,True,True,11.077273632478907
K28-017,452,4131.550446660942,4132.224002853993,return_cruise,True,False,True,True,True,11.210737144983128
K28-017,453,4132.224002853993,4132.897559047044,return_cruise,True,False,True,True,True,11.29120271907074
K28-017,454,4132.897559047044,4133.354854217617,return_cruise,True,False,True,True,True,11.372410292660007
K28-017,455,4133.354854217617,4133.81214938819,return_cruise,True,False,True,True,True,11.427974070782057
K28-017,456,4133.81214938819,4134.943000751785,return_cruise,True,False,True,True,True,11.483890488361212
K28-017,457,4134.943000751785,4136.07385211538,return_cruise,True,False,True,True,True,11.62370982204375
K28-017,458,4136.07385211538,4136.776894004874,return_cruise,True,False,True,True,True,11.765782315389544
K28-017,459,4136.776894004874,4137.479935894367,return_cruise,True,False,True,True,True,11.855275382864676
K28-017,460,4137.479935894367,4137.907745368484,return_cruise,True,False,True,True,True,11.9456854155912
K28-017,461,4137.907745368484,4138.3355548426,return_cruise,True,False,True,True,True,12.001157693061387
K28-017,462,4138.3355548426,4139.466406206209,return_cruise,True,False,True,True,True,12.056980718236147
K28-017,463,4139.466406206209,4140.597257569819,return_cruise,True,False,True,True,True,12.206262576469044
K28-017,464,4140.597257569819,4141.3297851557545,return_cruise,True,False,True,True,True,12.358109957832255
K28-017,465,4141.3297851557545,4142.06231274169,return_cruise,True,False,True,True,True,12.457882060165971
K28-017,466,4142.06231274169,4142.4606365193495,return_cruise,True,False,True,True,True,12.558792435012137
K28-017,467,4142.4606365193495,4142.858960297009,return_cruise,True,False,True,True,True,12.614150982818572
K28-017,468,4142.858960297009,4143.989811660633,return_cruise,True,False,True,True,True,12.669857944683173
K28-017,469,4143.989811660633,4145.120663024257,return_cruise,True,False,True,True,True,12.829948463734937
K28-017,470,4145.120663024257,4145.882676306869,return_cruise,True,False,True,True,True,12.992984970038847
K28-017,471,4145.882676306869,4146.6446895894815,return_cruise,True,False,True,True,True,13.104560997678448
K28-017,472,4146.6446895894815,4147.013527670464,return_cruise,True,False,True,True,True,13.21755815461384
K28-017,473,4147.013527670464,4147.382365751447,return_cruise,True,False,True,True,True,13.272773297955155
K28-017,474,4147.382365751447,4148.513217115042,return_cruise,True,False,True,True,True,13.328333936512834
K28-017,475,4148.513217115042,4149.644068478637,return_cruise,True,False,True,True,True,13.50088056288753
K28-017,476,4149.644068478637,4150.435567457721,return_cruise,True,False,True,True,True,13.676842393762044
K28-017,477,4150.435567457721,4151.227066436805,return_cruise,True,False,True,True,True,13.802103882498244
K28-017,478,4151.227066436805,4151.566418821345,return_cruise,True,False,True,True,True,13.929152355340932
K28-017,479,4151.566418821345,4151.905771205885,return_cruise,True,False,True,True,True,13.984183661395917
K28-017,480,4151.905771205885,4153.03662256948,return_cruise,True,False,True,True,True,14.039556753929801
K28-017,481,4153.03662256948,4154.167473933075,return_cruise,True,False,True,True,True,14.226602003874746
K28-017,482,4154.167473933075,4154.988458608601,return_cruise,True,False,True,True,True,14.41764914830648
K28-017,483,4154.988458608601,4155.809443284127,return_cruise,True,False,True,True,True,14.558950453029212
K28-017,484,4155.809443284127,4156.11930997221,return_cruise,True,False,True,True,True,14.702518373345498
K28-017,485,4156.11930997221,4156.429176660294,return_cruise,True,False,True,True,True,14.757309438670447
K28-017,486,4156.429176660294,4157.560028023903,return_cruise,True,False,True,True,True,14.812437491922495
K28-017,487,4157.560028023903,4158.690879387513,return_cruise,True,False,True,True,True,15.016550160642126
K28-017,488,4158.690879387513,4159.541349759716,return_cruise,True,False,True,True,True,15.225409449526168
K28-017,489,4159.541349759716,4160.391820131918,return_cruise,True,False,True,True,True,15.385742536829184
K28-017,490,4160.391820131918,4160.6722011233105,return_cruise,True,False,True,True,True,15.548980577890234
K28-017,491,4160.6722011233105,4160.952582114703,return_cruise,True,False,True,True,True,15.60345053830369
K28-017,492,4160.952582114703,4162.083433478312,return_cruise,True,False,True,True,True,15.658251147070914
K28-017,493,4162.083433478312,4163.214284841922,return_cruise,True,False,True,True,True,15.882712675012456
K28-017,494,4163.214284841922,4164.094240910582,return_cruise,True,False,True,True,True,16.112881639118598
K28-017,495,4164.094240910582,4164.974196979242,return_cruise,True,False,True,True,True,16.29611351710429
K28-017,496,4164.974196979242,4165.225092274191,return_cruise,True,False,True,True,True,16.483113954901214
K28-017,497,4165.225092274191,4165.475987569141,return_cruise,True,False,True,True,True,16.53714310027786
K28-017,498,4165.475987569141,4166.606838932736,return_cruise,True,False,True,True,True,16.591494312741602
K28-017,499,4166.606838932736,4167.737690296331,return_cruise,True,False,True,True,True,16.840566441644455
K28-017,500,4167.737690296331,4168.647132061565,return_cruise,True,False,True,True,True,17.096606537115576
K28-017,501,4168.647132061565,4169.556573826799,return_cruise,True,False,True,True,True,17.307825011361956
K28-017,502,4169.556573826799,4169.777983425189,return_cruise,True,False,True,True,True,17.524000220810322
K28-017,503,4169.777983425189,4169.999393023579,return_cruise,True,False,True,True,True,17.577404483093275
K28-017,504,4169.999393023579,4171.130244387174,return_cruise,True,False,True,True,True,17.631118864711112
K28-017,505,4171.130244387174,4172.261095750769,return_cruise,True,False,True,True,True,17.910428203474282
K28-017,506,4172.261095750769,4173.200023212562,return_cruise,True,False,True,True,True,18.198384745567097
K28-017,507,4173.200023212562,4174.138950674355,return_cruise,True,False,True,True,True,18.444400232664634
K28-017,508,4174.138950674355,4174.330874576157,return_cruise,True,False,True,True,True,18.69703112066219
K28-017,509,4174.330874576157,4174.5227984779585,return_cruise,True,False,True,True,True,18.749514390028992
K28-017,510,4174.5227984779585,4175.653649841583,return_cruise,True,False,True,True,True,18.802290592275597
K28-017,511,4175.653649841583,4176.784501205207,return_cruise,True,False,True,True,True,19.11936521983536
K28-017,512,4176.784501205207,4177.752914363443,return_cruise,True,False,True,True,True,19.447343190206695
K28-017,513,4177.752914363443,4178.721327521679,return_cruise,True,False,True,True,True,19.737385205628357
K28-017,514,4178.721327521679,4178.883765727038,return_cruise,True,False,True,True,True,20.036368540267915
K28-017,515,4178.883765727038,4179.046203932397,return_cruise,True,False,True,True,True,20.08742806505026
K28-017,516,4179.046203932397,4180.177055296006,return_cruise,True,False,True,True,True,20.138754876011262
K28-017,517,4180.177055296006,4181.307906659616,return_cruise,True,False,True,True,True,20.503682898184167
K28-017,518,4181.307906659616,4182.305805514426,return_cruise,True,False,True,True,True,20.882502268859383
K28-017,519,4182.305805514426,4183.303704369236,return_cruise,True,False,True,True,True,21.22900977909201
K28-017,520,4183.303704369236,4183.436656878035,return_cruise,True,False,True,True,True,21.587621980781208
K28-017,521,4183.436656878035,4183.569609386835,return_cruise,True,False,True,True,True,21.636348293413306
K28-017,522,4183.569609386835,4184.70046075043,return_cruise,True,False,True,True,True,21.68530215131706
K28-017,523,4184.70046075043,4185.8313121140245,return_cruise,True,False,True,True,True,22.11109863941246
K28-017,524,4185.8313121140245,4186.858696665408,return_cruise,True,False,True,True,True,22.55437747244312
K28-017,525,4186.858696665408,4187.886081216792,return_cruise,True,False,True,True,True,22.97298378640356
K28-017,526,4187.886081216792,4187.989548029032,return_cruise,True,False,True,True,True,23.407307173506666
K28-017,527,4187.989548029032,4188.093014841273,return_cruise,True,False,True,True,True,23.45193712405478
K28-017,528,4188.093014841273,4189.223866204868,return_cruise,True,False,True,True,True,23.496731450805584
K28-017,529,4189.223866204868,4190.354717568463,return_cruise,True,False,True,True,True,23.997105022055266
K28-017,530,4190.354717568463,4191.411587816289,return_cruise,True,False,True,True,True,24.517310356462204
K28-017,531,4191.411587816289,4192.468458064116,return_cruise,True,False,True,True,True,25.021074075363558
K28-017,532,4192.468458064116,4192.542439179884,return_cruise,True,False,True,True,True,25.540794565839505
K28-017,533,4192.542439179884,4192.6164202956525,return_cruise,True,False,True,True,True,25.57772735751206
K28-017,534,4192.6164202956525,4193.7472716592765,return_cruise,True,False,True,True,True,25.61472795513434
K28-017,535,4193.7472716592765,4194.878123022901,return_cruise,True,False,True,True,True,26.187954447477225
K28-017,536,4194.878123022901,4195.964478967287,return_cruise,True,False,True,True,True,26.77191134651089
K28-017,537,4195.964478967287,4197.050834911673,return_cruise,True,False,True,True,True,27.3359365160194
K28-017,538,4197.050834911673,4197.095330330882,return_cruise,True,False,True,True,True,27.892637314212095
K28-017,539,4197.095330330882,4197.1398257500905,return_cruise,True,False,True,True,True,27.915089108754543
K28-017,540,4197.1398257500905,4198.2706771137,return_cruise,True,False,True,True,True,27.937503828684015
K28-017,541,4198.2706771137,4199.4015284773095,return_cruise,True,False,True,True,True,28.490839060973485
K28-017,542,4199.4015284773095,4200.51737011827,return_cruise,True,False,True,True,True,28.996496577668893
K28-017,543,4200.51737011827,4201.633211759231,return_cruise,True,False,True,True,True,29.421572052712207
K28-017,544,4201.633211759231,4201.648221481881,return_cruise,True,False,True,True,True,29.743728344586756
K28-017,545,4201.648221481881,4201.66323120453,return_cruise,True,False,True,True,True,29.747229068304677
K28-017,546,4201.66323120453,4202.642322315141,return_cruise,True,False,True,True,True,29.75070605559381
K28-017,547,4202.642322315141,4203.6214134257525,return_cruise,True,False,True,True,True,29.92362584195382
K28-017,548,4203.6214134257525,4276.299718479463,return_descent,True,False,True,True,True,29.982830377148545
K28-018,0,3866.0506128019324,3924.193256844901,climb,True,False,True,True,True,29.982830377148545
K28-018,1,3924.193256844901,3925.172347955512,cruise,True,False,True,True,True,29.92362584195382
K28-018,2,3925.172347955512,3926.151439066123,cruise,True,False,True,True,True,29.75070605559381
K28-018,3,3926.151439066123,3926.1664487887724,cruise,True,False,True,True,True,29.747229068304677
K28-018,4,3926.1664487887724,3926.1814585114216,cruise,True,False,True,True,True,29.743728344586756
K28-018,5,3926.1814585114216,3927.297300152382,cruise,True,False,True,True,True,29.421572052712207
K28-018,6,3927.297300152382,3928.413141793342,cruise,True,False,True,True,True,28.996496577668893
K28-018,7,3928.413141793342,3929.5439931569517,cruise,True,False,True,True,True,28.490839060973485
K28-018,8,3929.5439931569517,3930.6748445205612,cruise,True,False,True,True,True,27.937503828684015
K28-018,9,3930.6748445205612,3930.71933993977,cruise,True,False,True,True,True,27.915089108754543
K28-018,10,3930.71933993977,3930.763835358979,cruise,True,False,True,True,True,27.892637314212095
K28-018,11,3930.763835358979,3931.8501913033656,cruise,True,False,True,True,True,27.3359365160194
K28-018,12,3931.8501913033656,3932.936547247752,cruise,True,False,True,True,True,26.77191134651089
K28-018,13,3932.936547247752,3934.067398611376,cruise,True,False,True,True,True,26.187954447477225
K28-018,14,3934.067398611376,3935.198249975,cruise,True,False,True,True,True,25.61472795513434
K28-018,15,3935.198249975,3935.2722310907684,cruise,True,False,True,True,True,25.57772735751206
K28-018,16,3935.2722310907684,3935.3462122065366,cruise,True,False,True,True,True,25.540794565839505
K28-018,17,3935.3462122065366,3936.4030824543634,cruise,True,False,True,True,True,25.021074075363558
K28-018,18,3936.4030824543634,3937.45995270219,cruise,True,False,True,True,True,24.517310356462204
K28-018,19,3937.45995270219,3938.590804065785,cruise,True,False,True,True,True,23.997105022055266
K28-018,20,3938.590804065785,3939.72165542938,cruise,True,False,True,True,True,23.496731450805584
K28-018,21,3939.72165542938,3939.8251222416197,cruise,True,False,True,True,True,23.45193712405478
K28-018,22,3939.8251222416197,3939.9285890538595,cruise,True,False,True,True,True,23.407307173506666
K28-018,23,3939.9285890538595,3940.955973605244,cruise,True,False,True,True,True,22.97298378640356
K28-018,24,3940.955973605244,3941.983358156628,cruise,True,False,True,True,True,22.55437747244312
K28-018,25,3941.983358156628,3943.114209520223,cruise,True,False,True,True,True,22.11109863941246
K28-018,26,3943.114209520223,3944.245060883818,cruise,True,False,True,True,True,21.68530215131706
K28-018,27,3944.245060883818,3944.3780133926175,cruise,True,False,True,True,True,21.636348293413306
K28-018,28,3944.3780133926175,3944.510965901417,cruise,True,False,True,True,True,21.587621980781208
K28-018,29,3944.510965901417,3945.508864756227,cruise,True,False,True,True,True,21.22900977909201
K28-018,30,3945.508864756227,3946.506763611037,cruise,True,False,True,True,True,20.882502268859383
K28-018,31,3946.506763611037,3947.6376149746466,cruise,True,False,True,True,True,20.503682898184167
K28-018,32,3947.6376149746466,3948.768466338256,cruise,True,False,True,True,True,20.138754876011262
K28-018,33,3948.768466338256,3948.9309045436153,cruise,True,False,True,True,True,20.08742806505026
K28-018,34,3948.9309045436153,3949.0933427489745,cruise,True,False,True,True,True,20.036368540267915
K28-018,35,3949.0933427489745,3950.0617559072107,cruise,True,False,True,True,True,19.737385205628357
K28-018,36,3950.0617559072107,3951.030169065447,cruise,True,False,True,True,True,19.447343190206695
K28-018,37,3951.030169065447,3952.161020429071,cruise,True,False,True,True,True,19.11936521983536
K28-018,38,3952.161020429071,3953.291871792695,cruise,True,False,True,True,True,18.802290592275597
K28-018,39,3953.291871792695,3953.4837956944966,cruise,True,False,True,True,True,18.749514390028992
K28-018,40,3953.4837956944966,3953.675719596298,cruise,True,False,True,True,True,18.69703112066219
K28-018,41,3953.675719596298,3954.614647058092,cruise,True,False,True,True,True,18.444400232664634
K28-018,42,3954.614647058092,3955.553574519886,cruise,True,False,True,True,True,18.198384745567097
K28-018,43,3955.553574519886,3956.684425883481,cruise,True,False,True,True,True,17.910428203474282
K28-018,44,3956.684425883481,3957.8152772470758,cruise,True,False,True,True,True,17.631118864711112
K28-018,45,3957.8152772470758,3958.0366868454657,cruise,True,False,True,True,True,17.577404483093275
K28-018,46,3958.0366868454657,3958.2580964438557,cruise,True,False,True,True,True,17.524000220810322
K28-018,47,3958.2580964438557,3959.16753820909,cruise,True,False,True,True,True,17.307825011361956
K28-018,48,3959.16753820909,3960.076979974324,cruise,True,False,True,True,True,17.096606537115576
K28-018,49,3960.076979974324,3961.207831337919,cruise,True,False,True,True,True,16.840566441644455
K28-018,50,3961.207831337919,3962.338682701514,cruise,True,False,True,True,True,16.591494312741602
K28-018,51,3962.338682701514,3962.5895779964635,cruise,True,False,True,True,True,16.53714310027786
K28-018,52,3962.5895779964635,3962.840473291413,cruise,True,False,True,True,True,16.4831139549012
K28-018,53,3962.840473291413,3963.720429360073,cruise,True,False,True,True,True,16.29611351710429
K28-018,54,3963.720429360073,3964.600385428733,cruise,True,False,True,True,True,16.112881639118598
K28-018,55,3964.600385428733,3965.7312367923423,cruise,True,False,True,True,True,15.882712675012456
K28-018,56,3965.7312367923423,3966.862088155952,cruise,True,False,True,True,True,15.658251147070914
K28-018,57,3966.862088155952,3967.142469147344,cruise,True,False,True,True,True,15.60345053830369
K28-018,58,3967.142469147344,3967.422850138736,cruise,True,False,True,True,True,15.548980577890234
K28-018,59,3967.422850138736,3968.2733205109394,cruise,True,False,True,True,True,15.385742536829184
K28-018,60,3968.2733205109394,3969.1237908831426,cruise,True,False,True,True,True,15.225409449526182
K28-018,61,3969.1237908831426,3970.254642246752,cruise,True,False,True,True,True,15.016550160642126
K28-018,62,3970.254642246752,3971.3854936103617,cruise,True,False,True,True,True,14.812437491922495
K28-018,63,3971.3854936103617,3971.695360298445,cruise,True,False,True,True,True,14.757309438670447
K28-018,64,3971.695360298445,3972.005226986528,cruise,True,False,True,True,True,14.702518373345498
K28-018,65,3972.005226986528,3972.8262116620544,cruise,True,False,True,True,True,14.558950453029212
K28-018,66,3972.8262116620544,3973.6471963375807,cruise,True,False,True,True,True,14.41764914830648
K28-018,67,3973.6471963375807,3974.7780477011756,cruise,True,False,True,True,True,14.226602003874746
K28-018,68,3974.7780477011756,3975.9088990647706,cruise,True,False,True,True,True,14.039556753929801
K28-018,69,3975.9088990647706,3976.248251449311,cruise,True,False,True,True,True,13.984183661395917
K28-018,70,3976.248251449311,3976.587603833851,cruise,True,False,True,True,True,13.929152355340932
K28-018,71,3976.587603833851,3977.379102812935,cruise,True,False,True,True,True,13.802103882498244
K28-018,72,3977.379102812935,3978.1706017920187,cruise,True,False,True,True,True,13.676842393762044
K28-018,73,3978.1706017920187,3979.3014531556137,cruise,True,False,True,True,True,13.500880562887545
K28-018,74,3979.3014531556137,3980.4323045192086,cruise,True,False,True,True,True,13.328333936512834
K28-018,75,3980.4323045192086,3980.8011426001913,cruise,True,False,True,True,True,13.272773297955155
K28-018,76,3980.8011426001913,3981.169980681174,cruise,True,False,True,True,True,13.21755815461384
K28-018,77,3981.169980681174,3981.9319939637867,cruise,True,False,True,True,True,13.104560997678448
K28-018,78,3981.9319939637867,3982.6940072463995,cruise,True,False,True,True,True,12.992984970038847
K28-018,79,3982.6940072463995,3983.8248586100235,cruise,True,False,True,True,True,12.829948463734937
K28-018,80,3983.8248586100235,3984.9557099736476,cruise,True,False,True,True,True,12.669857944683173
K28-018,81,3984.9557099736476,3985.354033751307,cruise,True,False,True,True,True,12.614150982818572
K28-018,82,3985.354033751307,3985.752357528966,cruise,True,False,True,True,True,12.558792435012137
K28-018,83,3985.752357528966,3986.4848851149018,cruise,True,False,True,True,True,12.457882060165971
K28-018,84,3986.4848851149018,3987.2174127008375,cruise,True,False,True,True,True,12.358109957832255
K28-018,85,3987.2174127008375,3988.348264064447,cruise,True,False,True,True,True,12.206262576469044
K28-018,86,3988.348264064447,3989.4791154280565,cruise,True,False,True,True,True,12.056980718236147
K28-018,87,3989.4791154280565,3989.9069249021727,cruise,True,False,True,True,True,12.001157693061387
K28-018,88,3989.9069249021727,3990.334734376289,cruise,True,False,True,True,True,11.9456854155912
K28-018,89,3990.334734376289,3991.037776265782,cruise,True,False,True,True,True,11.855275382864676
K28-018,90,3991.037776265782,3991.7408181552755,cruise,True,False,True,True,True,11.765782315389544
K28-018,91,3991.7408181552755,3992.8716695188705,cruise,True,False,True,True,True,11.62370982204375
K28-018,92,3992.8716695188705,3994.0025208824654,cruise,True,False,True,True,True,11.483890488361212
K28-018,93,3994.0025208824654,3994.4598160530386,cruise,True,False,True,True,True,11.427974070782057
K28-018,94,3994.4598160530386,3994.9171112236118,cruise,True,False,True,True,True,11.372410292660007
K28-018,95,3994.9171112236118,3995.5906674166627,cruise,True,False,True,True,True,11.29120271907074
K28-018,96,3995.5906674166627,3996.2642236097136,cruise,True,False,True,True,True,11.210737144983128
K28-018,97,3996.2642236097136,3997.3950749733085,cruise,True,False,True,True,True,11.077273632478907
K28-018,98,3997.3950749733085,3998.5259263369035,cruise,True,False,True,True,True,10.945803927899007
K28-018,99,3998.5259263369035,3999.0127072041532,cruise,True,False,True,True,True,10.889811409404501
K28-018,100,3999.0127072041532,3999.499488071403,cruise,True,False,True,True,True,10.834173082770775
K28-018,101,3999.499488071403,4000.143558567748,cruise,True,False,True,True,True,10.761093665901456
K28-018,102,4000.143558567748,4000.7876290640934,cruise,True,False,True,True,True,10.688616660017743
K28-018,103,4000.7876290640934,4001.9184804277174,cruise,True,False,True,True,True,10.56279045957558
K28-018,104,4001.9184804277174,4003.0493317913415,cruise,True,False,True,True,True,10.438740531972655
K28-018,105,4003.0493317913415,4003.5655983550337,cruise,True,False,True,True,True,10.382685310772032
K28-018,106,4003.5655983550337,4004.081864918726,cruise,True,False,True,True,True,10.3269855692578
K28-018,107,4004.081864918726,4004.6964497186286,cruise,True,False,True,True,True,10.261135658176755
K28-018,108,4004.6964497186286,4005.3110345185314,cruise,True,False,True,True,True,10.195775917791735
K28-018,109,4005.3110345185314,4006.441885882141,cruise,True,False,True,True,True,10.07676925775398
K28-018,110,4006.441885882141,4007.5727372457504,cruise,True,False,True,True,True,9.95935472447583
K28-018,111,4007.5727372457504,4008.1184895058996,cruise,True,False,True,True,True,9.903247328419639
K28-018,112,4008.1184895058996,4008.6642417660487,cruise,True,False,True,True,True,9.847496490746607
K28-018,113,4008.6642417660487,4009.249340869509,cruise,True,False,True,True,True,9.788117187144152
K28-018,114,4009.249340869509,4009.8344399729694,cruise,True,False,True,True,True,9.729137197034063
K28-018,115,4009.8344399729694,4010.9652913365644,cruise,True,False,True,True,True,9.616255685828108
K28-018,116,4010.9652913365644,4012.0961427001594,cruise,True,False,True,True,True,9.504809113291259
K28-018,117,4012.0961427001594,4012.6713806569996,cruise,True,False,True,True,True,9.448657918867141
K28-018,118,4012.6713806569996,4013.24661861384,cruise,True,False,True,True,True,9.392864194286815
K28-018,119,4013.24661861384,4013.8022320206237,cruise,True,False,True,True,True,9.339309079837477
K28-018,120,4013.8022320206237,4014.3578454274075,cruise,True,False,True,True,True,9.286079313661745
K28-018,121,4014.3578454274075,4015.4886967910024,cruise,True,False,True,True,True,9.17872854699317
K28-018,122,4015.4886967910024,4016.6195481545974,cruise,True,False,True,True,True,9.072677519364177
K28-018,123,4016.6195481545974,4017.22427180788,cruise,True,False,True,True,True,9.016489266706941
K28-018,124,4017.22427180788,4017.828995461163,cruise,True,False,True,True,True,8.960659260095568
K28-018,125,4017.828995461163,4018.355123171475,cruise,True,False,True,True,True,8.912373404147175
K28-018,126,4018.355123171475,4018.8812508817873,cruise,True,False,True,True,True,8.86435240027977
K28-018,127,4018.8812508817873,4020.0121022454114,cruise,True,False,True,True,True,8.76201980829984
K28-018,128,4020.0121022454114,4021.1429536090354,cruise,True,False,True,True,True,8.660869859043032
K28-018,129,4021.1429536090354,4021.7771629587605,cruise,True,False,True,True,True,8.604650026812777
K28-018,130,4021.7771629587605,4022.4113723084856,cruise,True,False,True,True,True,8.54878910638675
K28-018,131,4022.4113723084856,4022.9080143223555,cruise,True,False,True,True,True,8.50529271162496
K28-018,132,4022.9080143223555,4023.4046563362253,cruise,True,False,True,True,True,8.462011503492988
K28-018,133,4023.4046563362253,4024.5355076998203,cruise,True,False,True,True,True,8.364252103631344
K28-018,134,4024.5355076998203,4025.6663590634153,cruise,True,False,True,True,True,8.267573283218312
K28-018,135,4025.6663590634153,4026.330054109846,cruise,True,False,True,True,True,8.211326365852585
K28-018,136,4026.330054109846,4026.993749156277,cruise,True,False,True,True,True,8.155438934994578
K28-018,137,4026.993749156277,4027.46090547347,cruise,True,False,True,True,True,8.116314453696333
K28-018,138,4027.46090547347,4027.928061790663,cruise,True,False,True,True,True,8.077364269783828
K28-018,139,4027.928061790663,4029.058913154258,cruise,True,False,True,True,True,7.983789367064674
K28-018,140,4029.058913154258,4030.189764517853,cruise,True,False,True,True,True,7.891205563055024
K28-018,141,4030.189764517853,4030.882945260726,cruise,True,False,True,True,True,7.834935278653376
K28-018,142,4030.882945260726,4031.5761260035993,cruise,True,False,True,True,True,7.779024979816583
K28-018,143,4031.5761260035993,4032.0137966243356,cruise,True,False,True,True,True,7.743906859448003
K28-018,144,4032.0137966243356,4032.451467245072,cruise,True,False,True,True,True,7.708929308200069
K28-018,145,4032.451467245072,4033.5823186086814,cruise,True,False,True,True,True,7.619197446144241
K28-018,146,4033.5823186086814,4034.713169972291,cruise,True,False,True,True,True,7.530377810532315
K28-018,147,4034.713169972291,4035.4358364116065,cruise,True,False,True,True,True,7.474087258545808
K28-018,148,4035.4358364116065,4036.158502850922,cruise,True,False,True,True,True,7.418157127847778
K28-018,149,4036.158502850922,4036.5666877752014,cruise,True,False,True,True,True,7.386723571827034
K28-018,150,4036.5666877752014,4036.974872699481,cruise,True,False,True,True,True,7.355402736679423
K28-018,151,4036.974872699481,4038.105724063105,cruise,True,False,True,True,True,7.26921238504093
K28-018,152,4038.105724063105,4039.236575426729,cruise,True,False,True,True,True,7.183864392230063
K28-018,153,4039.236575426729,4039.9887275627216,cruise,True,False,True,True,True,7.127556174624345
K28-018,154,4039.9887275627216,4040.7408796987143,cruise,True,False,True,True,True,7.07160876064367
K28-018,155,4040.7408796987143,4041.1195789263165,cruise,True,False,True,True,True,7.04357504975053
K28-018,156,4041.1195789263165,4041.498278153919,cruise,True,False,True,True,True,7.0156310674184965
K28-018,157,4041.498278153919,4042.629129517514,cruise,True,False,True,True,True,6.932714664058366
K28-018,158,4042.629129517514,4043.7599808811087,cruise,True,False,True,True,True,6.850578443140037
K28-018,159,4043.7599808811087,4044.5416187135725,cruise,True,False,True,True,True,6.794254758463367
K28-018,160,4044.5416187135725,4045.323256546036,cruise,True,False,True,True,True,6.738292214443064
K28-018,161,4045.323256546036,4045.672470077196,cruise,True,False,True,True,True,6.713405249052073
K28-018,162,4045.672470077196,4046.021683608356,cruise,True,False,True,True,True,6.688589051002452
K28-018,163,4046.021683608356,4047.152534971951,cruise,True,False,True,True,True,6.6087081094205615
K28-018,164,4047.152534971951,4048.283386335546,cruise,True,False,True,True,True,6.52955178151322
K28-018,165,4048.283386335546,4049.094509864452,cruise,True,False,True,True,True,6.47321449856166
K28-018,166,4049.094509864452,4049.905633393358,cruise,True,False,True,True,True,6.4172386546098465
K28-018,167,4049.905633393358,4050.2253612280615,cruise,True,False,True,True,True,6.3952724608416815
K28-018,168,4050.2253612280615,4050.545089062765,cruise,True,False,True,True,True,6.373361435369077
K28-018,169,4050.545089062765,4051.6759404263744,cruise,True,False,True,True,True,6.296302498228087
K28-018,170,4051.6759404263744,4052.806791789984,cruise,True,False,True,True,True,6.219918313511414
K28-018,171,4052.806791789984,4053.647401015567,cruise,True,False,True,True,True,6.163569029551141
K28-018,172,4053.647401015567,4054.4880102411503,cruise,True,False,True,True,True,6.107581449754292
K28-018,173,4054.4880102411503,4054.778252379162,cruise,True,False,True,True,True,6.088333453087387
K28-018,174,4054.778252379162,4055.068494517174,cruise,True,False,True,True,True,6.069127841894385
K28-018,175,4055.068494517174,4056.199345880798,cruise,True,False,True,True,True,5.994699111698651
K28-018,176,4056.199345880798,4057.330197244422,cruise,True,False,True,True,True,5.920900227642662
K28-018,177,4057.330197244422,4058.2002921664475,cruise,True,False,True,True,True,5.864540314966462
K28-018,178,4058.2002921664475,4059.070387088473,cruise,True,False,True,True,True,5.808542342985945
K28-018,179,4059.070387088473,4059.3311435300425,cruise,True,False,True,True,True,5.79183025786763
K28-018,180,4059.3311435300425,4059.591899971612,cruise,True,False,True,True,True,5.775150143398307
K28-018,181,4059.591899971612,4060.722751335207,cruise,True,False,True,True,True,5.703178659389181
K28-018,182,4060.722751335207,4061.8536026988018,cruise,True,False,True,True,True,5.631796437193202
K28-018,183,4061.8536026988018,4062.7531833174157,cruise,True,False,True,True,True,5.575427080396878
K28-018,184,4062.7531833174157,4063.6527639360297,cruise,True,False,True,True,True,5.519419876002715
K28-018,185,4063.6527639360297,4063.88403468104,cruise,True,False,True,True,True,5.505079093837466
K28-018,186,4063.88403468104,4064.11530542605,cruise,True,False,True,True,True,5.490761865444
K28-018,187,4064.11530542605,4065.246156789645,cruise,True,False,True,True,True,5.4210911241073205
K28-018,188,4065.246156789645,4066.37700815324,cruise,True,False,True,True,True,5.351972846846579
K28-018,189,4066.37700815324,4067.3060744684135,cruise,True,False,True,True,True,5.295595073093054
K28-018,190,4067.3060744684135,4068.235140783587,cruise,True,False,True,True,True,5.239579641843292
K28-018,191,4068.235140783587,4068.4369258320085,cruise,True,False,True,True,True,5.2274610246403626
K28-018,192,4068.4369258320085,4068.6387108804297,cruise,True,False,True,True,True,5.215359235268721
K28-018,193,4068.6387108804297,4069.7695622440538,cruise,True,False,True,True,True,5.147847173786133
K28-018,194,4069.7695622440538,4070.900413607678,cruise,True,False,True,True,True,5.080854109935984
K28-018,195,4070.900413607678,4071.858965619294,cruise,True,False,True,True,True,5.024468813612003
K28-018,196,4071.858965619294,4072.81751763091,cruise,True,False,True,True,True,4.968446030987721
K28-018,197,4072.81751763091,4072.989816982889,cruise,True,False,True,True,True,4.95841403772657
K28-018,198,4072.989816982889,4073.1621163348677,cruise,True,False,True,True,True,4.9483935813444475
K28-018,199,4073.1621163348677,4074.2929676984772,cruise,True,False,True,True,True,4.882910859692117
K28-018,200,4074.2929676984772,4075.4238190620867,cruise,True,False,True,True,True,4.817916611453896
K28-018,201,4075.4238190620867,4076.411856770277,cruise,True,False,True,True,True,4.7615245743285755
K28-018,202,4076.411856770277,4077.3998944784676,cruise,True,False,True,True,True,4.705495205532571
K28-018,203,4077.3998944784676,4077.542708133887,cruise,True,False,True,True,True,4.697426293003019
K28-018,204,4077.542708133887,4077.6855217893067,cruise,True,False,True,True,True,4.6893648470628335
K28-018,205,4077.6855217893067,4078.8163731529016,cruise,True,False,True,True,True,4.625793377379466
K28-018,206,4078.8163731529016,4079.9472245164966,cruise,True,False,True,True,True,4.562682465062167
K28-018,207,4079.9472245164966,4080.964747921261,cruise,True,False,True,True,True,4.506284373021401
K28-018,208,4080.964747921261,4081.982271326025,cruise,True,False,True,True,True,4.4502490893138145
K28-018,209,4081.982271326025,4082.095599284885,cruise,True,False,True,True,True,4.444030340633134
K28-018,210,4082.095599284885,4082.2089272437447,cruise,True,False,True,True,True,4.4378160286904915
K28-018,211,4082.2089272437447,4083.3397786073397,cruise,True,False,True,True,True,4.376047710546757
K28-018,212,4083.3397786073397,4084.4706299709346,cruise,True,False,True,True,True,4.3147143538152335
K28-018,213,4084.4706299709346,4085.5176390721413,cruise,True,False,True,True,True,4.25831081067922
K28-018,214,4085.5176390721413,4086.564648173348,cruise,True,False,True,True,True,4.202270202965863
K28-018,215,4086.564648173348,4086.648490435736,cruise,True,False,True,True,True,4.1977981460760105
K28-018,216,4086.648490435736,4086.7323326981245,cruise,True,False,True,True,True,4.193328384419587
K28-018,217,4086.7323326981245,4087.8631840617486,cruise,True,False,True,True,True,4.133264012454703
K28-018,218,4087.8631840617486,4088.9940354253727,cruise,True,False,True,True,True,4.073611076544012
K28-018,219,4088.9940354253727,4090.070530223139,cruise,True,False,True,True,True,4.017202615593618
K28-018,220,4090.070530223139,4091.1470250209054,cruise,True,False,True,True,True,3.9611572056955424
K28-018,221,4091.1470250209054,4091.201381586734,cruise,True,False,True,True,True,3.9583367912541547
K28-018,222,4091.201381586734,4091.2557381525626,cruise,True,False,True,True,True,3.9555172900440994
K28-018,223,4091.2557381525626,4092.386589516172,cruise,True,False,True,True,True,3.8970656065666986
K28-018,224,4092.386589516172,4093.5174408797816,cruise,True,False,True,True,True,3.8390036874677236
K28-018,225,4093.5174408797816,4094.623421374122,cruise,True,False,True,True,True,3.7825907811418062
K28-018,226,4094.623421374122,4095.729401868462,cruise,True,False,True,True,True,3.7265410313084715
K28-018,227,4095.729401868462,4095.7542727377313,cruise,True,False,True,True,True,3.725284744815866
K28-018,228,4095.7542727377313,4095.7791436070006,cruise,True,False,True,True,True,3.7240286395745557
K28-018,229,4095.7791436070006,4096.909994970596,cruise,True,False,True,True,True,3.6671055097104954
K28-018,230,4096.909994970596,4098.040846334191,cruise,True,False,True,True,True,3.6105521369392193
K28-018,231,4098.040846334191,4099.171697697815,cruise,True,False,True,True,True,3.554363759581861
K28-018,232,4099.171697697815,4100.302549061439,cruise,True,False,True,True,True,3.4985357071706176
K28-018,233,4100.302549061439,4100.307163888612,cruise,True,False,True,True,True,3.498308613552993
K28-018,234,4100.307163888612,4100.311778715785,cruise,True,False,True,True,True,3.4980815258580975
K28-018,235,4100.311778715785,4101.438015252207,cruise,True,False,True,True,True,3.4428377469431837
K28-018,236,4101.438015252207,4102.564251788629,cruise,True,False,True,True,True,3.387942337383919
K28-018,237,4102.564251788629,4103.695103152224,cruise,True,False,True,True,True,3.333168114544094
K28-018,238,4103.695103152224,4104.825954515819,cruise,True,False,True,True,True,3.2787364014386355
K28-018,239,4104.825954515819,4104.86005503958,cruise,True,False,True,True,True,3.2771003025487886
K28-018,240,4104.86005503958,4104.894155563342,cruise,True,False,True,True,True,3.2754645111181446
K28-018,241,4104.894155563342,4105.9909064032045,cruise,True,False,True,True,True,3.2230169864462965
K28-018,242,4105.9909064032045,4107.087657243067,cruise,True,False,True,True,True,3.1708835916653015
K28-018,243,4107.087657243067,4108.218508606662,cruise,True,False,True,True,True,3.1174542326031798
K28-018,244,4108.218508606662,4109.349359970257,cruise,True,False,True,True,True,3.0643508547431964
K28-018,245,4109.349359970257,4109.412946190579,cruise,True,False,True,True,True,3.0613745240876824
K28-018,246,4109.412946190579,4109.4765324109,cruise,True,False,True,True,True,3.058399210884474
K28-018,247,4109.4765324109,4110.543797554188,cruise,True,False,True,True,True,3.0086111737691112
K28-018,248,4110.543797554188,4111.611062697476,cruise,True,False,True,True,True,2.959106331416365
K28-018,249,4111.611062697476,4112.7419140610855,cruise,True,False,True,True,True,2.9069575063059574
K28-018,250,4112.7419140610855,4113.872765424695,cruise,True,False,True,True,True,2.855119299766372
K28-018,251,4113.872765424695,4113.965837341459,cruise,True,False,True,True,True,2.850866605153101
K28-018,252,4113.965837341459,4114.058909258222,cruise,True,False,True,True,True,2.8466159876492156
K28-018,253,4114.058909258222,4115.096688705054,cruise,True,False,True,True,True,2.7993604469304216
K28-018,254,4115.096688705054,4116.134468151885,cruise,True,False,True,True,True,2.752360121831913
K28-018,255,4116.134468151885,4117.265319515494,cruise,True,False,True,True,True,2.7014320001001266
K28-018,256,4117.265319515494,4118.396170879104,cruise,True,False,True,True,True,2.6508001932967034
K28-018,257,4118.396170879104,4118.518728492441,cruise,True,False,True,True,True,2.645330551693789
K28-018,258,4118.518728492441,4118.641286105779,cruise,True,False,True,True,True,2.6398643458865365
K28-018,259,4118.641286105779,4119.649579856051,cruise,True,False,True,True,True,2.595023177695751
K28-018,260,4119.649579856051,4120.657873606323,cruise,True,False,True,True,True,2.5504118960570707
K28-018,261,4120.657873606323,4121.788724969918,cruise,True,False,True,True,True,2.500648737128344
K28-018,262,4121.788724969918,4122.919576333513,cruise,True,False,True,True,True,2.4511685535075856
K28-018,263,4122.919576333513,4123.071619643425,cruise,True,False,True,True,True,2.444537334515587
K28-018,264,4123.071619643425,4123.223662953337,cruise,True,False,True,True,True,2.4379111653175016
K28-018,265,4123.223662953337,4124.202471007049,cruise,True,False,True,True,True,2.3953743077373133
K28-018,266,4124.202471007049,4125.181279060761,cruise,True,False,True,True,True,2.353044388274782
K28-018,267,4125.181279060761,4126.312130424356,cruise,True,False,True,True,True,2.3043941777493018
K28-018,268,4126.312130424356,4127.442981787951,cruise,True,False,True,True,True,2.2560144823417545
K28-018,269,4127.442981787951,4127.624510794305,cruise,True,False,True,True,True,2.24827336699974
K28-018,270,4127.624510794305,4127.806039800659,cruise,True,False,True,True,True,2.240539132996787
K28-018,271,4127.806039800659,4128.114983647726,cruise,True,False,True,True,True,2.2273920426809326
K28-018,272,4128.114983647726,4128.423927494793,cruise,True,False,True,True,True,2.21426478860225
K28-018,273,4128.423927494793,4172.952232548504,descent,True,False,True,True,True,2.21426478860225
K28-018,274,4172.952232548504,4604.952232548504,handoff,True,False,True,True,True,2.2209209779533126
K28-018,275,4604.952232548504,4640.574876591473,return_climb,True,False,True,True,True,2.21426478860225
K28-018,276,4640.574876591473,4640.88382043854,return_cruise,True,False,True,True,True,2.21426478860225
K28-018,277,4640.88382043854,4641.192764285607,return_cruise,True,False,True,True,True,2.2273920426809326
K28-018,278,4641.192764285607,4641.374293291961,return_cruise,True,False,True,True,True,2.240539132996787
K28-018,279,4641.374293291961,4641.555822298315,return_cruise,True,False,True,True,True,2.24827336699974
K28-018,280,4641.555822298315,4642.68667366191,return_cruise,True,False,True,True,True,2.2560144823417545
K28-018,281,4642.68667366191,4643.817525025505,return_cruise,True,False,True,True,True,2.3043941777493018
K28-018,282,4643.817525025505,4644.796333079217,return_cruise,True,False,True,True,True,2.353044388274782
K28-018,283,4644.796333079217,4645.775141132929,return_cruise,True,False,True,True,True,2.3953743077373133
K28-018,284,4645.775141132929,4645.927184442841,return_cruise,True,False,True,True,True,2.4379111653175016
K28-018,285,4645.927184442841,4646.0792277527535,return_cruise,True,False,True,True,True,2.444537334515587
K28-018,286,4646.0792277527535,4647.210079116348,return_cruise,True,False,True,True,True,2.4511685535075856
K28-018,287,4647.210079116348,4648.340930479943,return_cruise,True,False,True,True,True,2.500648737128344
K28-018,288,4648.340930479943,4649.349224230215,return_cruise,True,False,True,True,True,2.5504118960570707
K28-018,289,4649.349224230215,4650.3575179804875,return_cruise,True,False,True,True,True,2.595023177695751
K28-018,290,4650.3575179804875,4650.480075593825,return_cruise,True,False,True,True,True,2.6398643458865365
K28-018,291,4650.480075593825,4650.602633207162,return_cruise,True,False,True,True,True,2.645330551693789
K28-018,292,4650.602633207162,4651.733484570772,return_cruise,True,False,True,True,True,2.6508001932967034
K28-018,293,4651.733484570772,4652.864335934381,return_cruise,True,False,True,True,True,2.7014320001013914
K28-018,294,4652.864335934381,4653.902115381213,return_cruise,True,False,True,True,True,2.752360121831913
K28-018,295,4653.902115381213,4654.939894828044,return_cruise,True,False,True,True,True,2.7993604469304216
K28-018,296,4654.939894828044,4655.032966744808,return_cruise,True,False,True,True,True,2.8466159876492156
K28-018,297,4655.032966744808,4655.126038661571,return_cruise,True,False,True,True,True,2.850866605153101
K28-018,298,4655.126038661571,4656.256890025181,return_cruise,True,False,True,True,True,2.855119299766372
K28-018,299,4656.256890025181,4657.38774138879,return_cruise,True,False,True,True,True,2.906957506304664
K28-018,300,4657.38774138879,4658.455006532078,return_cruise,True,False,True,True,True,2.959106331416365
K28-018,301,4658.455006532078,4659.522271675366,return_cruise,True,False,True,True,True,3.0086111737691112
K28-018,302,4659.522271675366,4659.585857895688,return_cruise,True,False,True,True,True,3.058399210884474
K28-018,303,4659.585857895688,4659.649444116009,return_cruise,True,False,True,True,True,3.0613745240876824
K28-018,304,4659.649444116009,4660.780295479604,return_cruise,True,False,True,True,True,3.0643508547431964
K28-018,305,4660.780295479604,4661.911146843199,return_cruise,True,False,True,True,True,3.1174542326031798
K28-018,306,4661.911146843199,4663.007897683062,return_cruise,True,False,True,True,True,3.1708835916653015
K28-018,307,4663.007897683062,4664.104648522924,return_cruise,True,False,True,True,True,3.2230169864462965
K28-018,308,4664.104648522924,4664.138749046686,return_cruise,True,False,True,True,True,3.2754645111181446
K28-018,309,4664.138749046686,4664.172849570447,return_cruise,True,False,True,True,True,3.2771003025487886
K28-018,310,4664.172849570447,4665.303700934042,return_cruise,True,False,True,True,True,3.2787364014386355
K28-018,311,4665.303700934042,4666.434552297637,return_cruise,True,False,True,True,True,3.333168114544094
K28-018,312,4666.434552297637,4667.560788834059,return_cruise,True,False,True,True,True,3.387942337383919
K28-018,313,4667.560788834059,4668.687025370481,return_cruise,True,False,True,True,True,3.4428377469431837
K28-018,314,4668.687025370481,4668.691640197654,return_cruise,True,False,True,True,True,3.4980815258580975
K28-018,315,4668.691640197654,4668.696255024827,return_cruise,True,False,True,True,True,3.498308613552993
K28-018,316,4668.696255024827,4669.827106388451,return_cruise,True,False,True,True,True,3.4985357071706176
K28-018,317,4669.827106388451,4670.957957752075,return_cruise,True,False,True,True,True,3.554363759581861
K28-018,318,4670.957957752075,4672.08880911567,return_cruise,True,False,True,True,True,3.6105521369392193
K28-018,319,4672.08880911567,4673.219660479265,return_cruise,True,False,True,True,True,3.6671055097104954
K28-018,320,4673.219660479265,4673.244531348534,return_cruise,True,False,True,True,True,3.7240286395745557
K28-018,321,4673.244531348534,4673.269402217803,return_cruise,True,False,True,True,True,3.725284744815866
K28-018,322,4673.269402217803,4674.375382712144,return_cruise,True,False,True,True,True,3.7265410313084715
K28-018,323,4674.375382712144,4675.481363206484,return_cruise,True,False,True,True,True,3.7825907811418062
K28-018,324,4675.481363206484,4676.612214570094,return_cruise,True,False,True,True,True,3.8390036874677236
K28-018,325,4676.612214570094,4677.743065933703,return_cruise,True,False,True,True,True,3.8970656065681624
K28-018,326,4677.743065933703,4677.797422499532,return_cruise,True,False,True,True,True,3.9555172900440994
K28-018,327,4677.797422499532,4677.851779065361,return_cruise,True,False,True,True,True,3.9583367912541547
K28-018,328,4677.851779065361,4678.928273863127,return_cruise,True,False,True,True,True,3.9611572056955424
K28-018,329,4678.928273863127,4680.004768660893,return_cruise,True,False,True,True,True,4.017202615593618
K28-018,330,4680.004768660893,4681.135620024517,return_cruise,True,False,True,True,True,4.073611076544012
K28-018,331,4681.135620024517,4682.266471388141,return_cruise,True,False,True,True,True,4.133264012454703
K28-018,332,4682.266471388141,4682.35031365053,return_cruise,True,False,True,True,True,4.193328384419587
K28-018,333,4682.35031365053,4682.434155912918,return_cruise,True,False,True,True,True,4.1977981460760105
K28-018,334,4682.434155912918,4683.481165014125,return_cruise,True,False,True,True,True,4.202270202965863
K28-018,335,4683.481165014125,4684.528174115331,return_cruise,True,False,True,True,True,4.25831081067922
K28-018,336,4684.528174115331,4685.659025478926,return_cruise,True,False,True,True,True,4.3147143538152335
K28-018,337,4685.659025478926,4686.789876842521,return_cruise,True,False,True,True,True,4.376047710546757
K28-018,338,4686.789876842521,4686.9032048013805,return_cruise,True,False,True,True,True,4.4378160286904915
K28-018,339,4686.9032048013805,4687.01653276024,return_cruise,True,False,True,True,True,4.444030340633134
K28-018,340,4687.01653276024,4688.034056165005,return_cruise,True,False,True,True,True,4.4502490893138145
K28-018,341,4688.034056165005,4689.051579569769,return_cruise,True,False,True,True,True,4.506284373021401
K28-018,342,4689.051579569769,4690.182430933364,return_cruise,True,False,True,True,True,4.562682465062167
K28-018,343,4690.182430933364,4691.313282296959,return_cruise,True,False,True,True,True,4.625793377379466
K28-018,344,4691.313282296959,4691.456095952379,return_cruise,True,False,True,True,True,4.6893648470628335
K28-018,345,4691.456095952379,4691.598909607798,return_cruise,True,False,True,True,True,4.697426293003019
K28-018,346,4691.598909607798,4692.586947315988,return_cruise,True,False,True,True,True,4.705495205532571
K28-018,347,4692.586947315988,4693.574985024178,return_cruise,True,False,True,True,True,4.7615245743285755
K28-018,348,4693.574985024178,4694.705836387788,return_cruise,True,False,True,True,True,4.817916611453896
K28-018,349,4694.705836387788,4695.836687751397,return_cruise,True,False,True,True,True,4.882910859692117
K28-018,350,4695.836687751397,4696.008987103376,return_cruise,True,False,True,True,True,4.9483935813444475
K28-018,351,4696.008987103376,4696.181286455355,return_cruise,True,False,True,True,True,4.95841403772657
K28-018,352,4696.181286455355,4697.139838466971,return_cruise,True,False,True,True,True,4.968446030987721
K28-018,353,4697.139838466971,4698.098390478587,return_cruise,True,False,True,True,True,5.024468813612003
K28-018,354,4698.098390478587,4699.229241842211,return_cruise,True,False,True,True,True,5.080854109935984
K28-018,355,4699.229241842211,4700.360093205835,return_cruise,True,False,True,True,True,5.147847173786133
K28-018,356,4700.360093205835,4700.561878254257,return_cruise,True,False,True,True,True,5.215359235268721
K28-018,357,4700.561878254257,4700.763663302679,return_cruise,True,False,True,True,True,5.2274610246403626
K28-018,358,4700.763663302679,4701.692729617853,return_cruise,True,False,True,True,True,5.239579641843292
K28-018,359,4701.692729617853,4702.621795933027,return_cruise,True,False,True,True,True,5.295595073093054
K28-018,360,4702.621795933027,4703.752647296622,return_cruise,True,False,True,True,True,5.351972846846579
K28-018,361,4703.752647296622,4704.883498660217,return_cruise,True,False,True,True,True,5.4210911241073205
K28-018,362,4704.883498660217,4705.114769405227,return_cruise,True,False,True,True,True,5.490761865444
K28-018,363,4705.114769405227,4705.346040150237,return_cruise,True,False,True,True,True,5.505079093837466
K28-018,364,4705.346040150237,4706.245620768851,return_cruise,True,False,True,True,True,5.519419876002715
K28-018,365,4706.245620768851,4707.145201387465,return_cruise,True,False,True,True,True,5.575427080396878
K28-018,366,4707.145201387465,4708.27605275106,return_cruise,True,False,True,True,True,5.631796437193202
K28-018,367,4708.27605275106,4709.406904114655,return_cruise,True,False,True,True,True,5.703178659389181
K28-018,368,4709.406904114655,4709.667660556224,return_cruise,True,False,True,True,True,5.775150143398307
K28-018,369,4709.667660556224,4709.928416997794,return_cruise,True,False,True,True,True,5.79183025786763
K28-018,370,4709.928416997794,4710.798511919819,return_cruise,True,False,True,True,True,5.808542342985945
K28-018,371,4710.798511919819,4711.668606841845,return_cruise,True,False,True,True,True,5.864540314966462
K28-018,372,4711.668606841845,4712.799458205469,return_cruise,True,False,True,True,True,5.920900227642662
K28-018,373,4712.799458205469,4713.930309569093,return_cruise,True,False,True,True,True,5.994699111698651
K28-018,374,4713.930309569093,4714.220551707105,return_cruise,True,False,True,True,True,6.069127841894385
K28-018,375,4714.220551707105,4714.510793845117,return_cruise,True,False,True,True,True,6.088333453087387
K28-018,376,4714.510793845117,4715.3514030707,return_cruise,True,False,True,True,True,6.107581449754292
K28-018,377,4715.3514030707,4716.192012296283,return_cruise,True,False,True,True,True,6.163569029551141
K28-018,378,4716.192012296283,4717.322863659892,return_cruise,True,False,True,True,True,6.219918313511414
K28-018,379,4717.322863659892,4718.453715023502,return_cruise,True,False,True,True,True,6.296302498228087
K28-018,380,4718.453715023502,4718.773442858205,return_cruise,True,False,True,True,True,6.373361435369077
K28-018,381,4718.773442858205,4719.093170692909,return_cruise,True,False,True,True,True,6.3952724608416815
K28-018,382,4719.093170692909,4719.904294221815,return_cruise,True,False,True,True,True,6.4172386546098465
K28-018,383,4719.904294221815,4720.715417750721,return_cruise,True,False,True,True,True,6.47321449856166
K28-018,384,4720.715417750721,4721.846269114316,return_cruise,True,False,True,True,True,6.52955178151322
K28-018,385,4721.846269114316,4722.977120477911,return_cruise,True,False,True,True,True,6.6087081094205615
K28-018,386,4722.977120477911,4723.326334009071,return_cruise,True,False,True,True,True,6.688589051002452
K28-018,387,4723.326334009071,4723.675547540231,return_cruise,True,False,True,True,True,6.713405249052073
K28-018,388,4723.675547540231,4724.457185372695,return_cruise,True,False,True,True,True,6.738292214443064
K28-018,389,4724.457185372695,4725.238823205159,return_cruise,True,False,True,True,True,6.794254758463367
K28-018,390,4725.238823205159,4726.369674568754,return_cruise,True,False,True,True,True,6.850578443140037
K28-018,391,4726.369674568754,4727.500525932349,return_cruise,True,False,True,True,True,6.932714664058366
K28-018,392,4727.500525932349,4727.879225159952,return_cruise,True,False,True,True,True,7.0156310674184965
K28-018,393,4727.879225159952,4728.257924387554,return_cruise,True,False,True,True,True,7.04357504975053
K28-018,394,4728.257924387554,4729.010076523547,return_cruise,True,False,True,True,True,7.07160876064367
K28-018,395,4729.010076523547,4729.762228659539,return_cruise,True,False,True,True,True,7.127556174624345
K28-018,396,4729.762228659539,4730.893080023163,return_cruise,True,False,True,True,True,7.183864392230063
K28-018,397,4730.893080023163,4732.023931386787,return_cruise,True,False,True,True,True,7.26921238504093
K28-018,398,4732.023931386787,4732.432116311066,return_cruise,True,False,True,True,True,7.355402736679423
K28-018,399,4732.432116311066,4732.840301235346,return_cruise,True,False,True,True,True,7.386723571827034
K28-018,400,4732.840301235346,4733.562967674661,return_cruise,True,False,True,True,True,7.418157127847778
K28-018,401,4733.562967674661,4734.285634113977,return_cruise,True,False,True,True,True,7.474087258545808
K28-018,402,4734.285634113977,4735.416485477586,return_cruise,True,False,True,True,True,7.530377810532315
K28-018,403,4735.416485477586,4736.547336841196,return_cruise,True,False,True,True,True,7.619197446144241
K28-018,404,4736.547336841196,4736.985007461932,return_cruise,True,False,True,True,True,7.708929308200069
K28-018,405,4736.985007461932,4737.4226780826675,return_cruise,True,False,True,True,True,7.743906859448003
K28-018,406,4737.4226780826675,4738.115858825541,return_cruise,True,False,True,True,True,7.779024979816583
K28-018,407,4738.115858825541,4738.809039568415,return_cruise,True,False,True,True,True,7.834935278653376
K28-018,408,4738.809039568415,4739.93989093201,return_cruise,True,False,True,True,True,7.891205563055024
K28-018,409,4739.93989093201,4741.070742295605,return_cruise,True,False,True,True,True,7.983789367064674
K28-018,410,4741.070742295605,4741.537898612798,return_cruise,True,False,True,True,True,8.077364269783828
K28-018,411,4741.537898612798,4742.005054929991,return_cruise,True,False,True,True,True,8.116314453696333
K28-018,412,4742.005054929991,4742.668749976422,return_cruise,True,False,True,True,True,8.155438934994578
K28-018,413,4742.668749976422,4743.332445022853,return_cruise,True,False,True,True,True,8.211326365852585
K28-018,414,4743.332445022853,4744.463296386448,return_cruise,True,False,True,True,True,8.267573283218312
K28-018,415,4744.463296386448,4745.594147750043,return_cruise,True,False,True,True,True,8.364252103631344
K28-018,416,4745.594147750043,4746.090789763913,return_cruise,True,False,True,True,True,8.462011503492988
K28-018,417,4746.090789763913,4746.5874317777825,return_cruise,True,False,True,True,True,8.50529271162496
K28-018,418,4746.5874317777825,4747.221641127508,return_cruise,True,False,True,True,True,8.54878910638675
K28-018,419,4747.221641127508,4747.855850477233,return_cruise,True,False,True,True,True,8.604650026812777
K28-018,420,4747.855850477233,4748.986701840857,return_cruise,True,False,True,True,True,8.660869859043032
K28-018,421,4748.986701840857,4750.117553204481,return_cruise,True,False,True,True,True,8.76201980829984
K28-018,422,4750.117553204481,4750.643680914793,return_cruise,True,False,True,True,True,8.86435240027977
K28-018,423,4750.643680914793,4751.169808625104,return_cruise,True,False,True,True,True,8.912373404147175
K28-018,424,4751.169808625104,4751.774532278388,return_cruise,True,False,True,True,True,8.960659260095568
K28-018,425,4751.774532278388,4752.379255931671,return_cruise,True,False,True,True,True,9.016489266706941
K28-018,426,4752.379255931671,4753.510107295266,return_cruise,True,False,True,True,True,9.072677519364177
K28-018,427,4753.510107295266,4754.640958658861,return_cruise,True,False,True,True,True,9.17872854699317
K28-018,428,4754.640958658861,4755.196572065644,return_cruise,True,False,True,True,True,9.286079313661745
K28-018,429,4755.196572065644,4755.752185472428,return_cruise,True,False,True,True,True,9.339309079837477
K28-018,430,4755.752185472428,4756.3274234292685,return_cruise,True,False,True,True,True,9.392864194286815
K28-018,431,4756.3274234292685,4756.902661386109,return_cruise,True,False,True,True,True,9.448657918867141
K28-018,432,4756.902661386109,4758.033512749704,return_cruise,True,False,True,True,True,9.504809113291259
K28-018,433,4758.033512749704,4759.164364113299,return_cruise,True,False,True,True,True,9.616255685828108
K28-018,434,4759.164364113299,4759.749463216759,return_cruise,True,False,True,True,True,9.729137197034063
K28-018,435,4759.749463216759,4760.334562320219,return_cruise,True,False,True,True,True,9.788117187144152
K28-018,436,4760.334562320219,4760.880314580369,return_cruise,True,False,True,True,True,9.847496490746607
K28-018,437,4760.880314580369,4761.426066840518,return_cruise,True,False,True,True,True,9.903247328419639
K28-018,438,4761.426066840518,4762.556918204127,return_cruise,True,False,True,True,True,9.95935472447583
K28-018,439,4762.556918204127,4763.687769567737,return_cruise,True,False,True,True,True,10.07676925775398
K28-018,440,4763.687769567737,4764.30235436764,return_cruise,True,False,True,True,True,10.195775917791735
K28-018,441,4764.30235436764,4764.916939167543,return_cruise,True,False,True,True,True,10.261135658176755
K28-018,442,4764.916939167543,4765.433205731236,return_cruise,True,False,True,True,True,10.3269855692578
K28-018,443,4765.433205731236,4765.9494722949285,return_cruise,True,False,True,True,True,10.382685310772032
K28-018,444,4765.9494722949285,4767.0803236585525,return_cruise,True,False,True,True,True,10.438740531972655
K28-018,445,4767.0803236585525,4768.211175022177,return_cruise,True,False,True,True,True,10.56279045957558
K28-018,446,4768.211175022177,4768.855245518522,return_cruise,True,False,True,True,True,10.688616660017743
K28-018,447,4768.855245518522,4769.499316014867,return_cruise,True,False,True,True,True,10.761093665901456
K28-018,448,4769.499316014867,4769.986096882117,return_cruise,True,False,True,True,True,10.834173082770775
K28-018,449,4769.986096882117,4770.4728777493665,return_cruise,True,False,True,True,True,10.889811409404501
K28-018,450,4770.4728777493665,4771.603729112961,return_cruise,True,False,True,True,True,10.945803927899007
K28-018,451,4771.603729112961,4772.734580476556,return_cruise,True,False,True,True,True,11.077273632478907
K28-018,452,4772.734580476556,4773.408136669607,return_cruise,True,False,True,True,True,11.210737144983128
K28-018,453,4773.408136669607,4774.081692862658,return_cruise,True,False,True,True,True,11.29120271907074
K28-018,454,4774.081692862658,4774.538988033231,return_cruise,True,False,True,True,True,11.372410292660007
K28-018,455,4774.538988033231,4774.9962832038045,return_cruise,True,False,True,True,True,11.427974070782057
K28-018,456,4774.9962832038045,4776.1271345673995,return_cruise,True,False,True,True,True,11.483890488361212
K28-018,457,4776.1271345673995,4777.257985930994,return_cruise,True,False,True,True,True,11.62370982204375
K28-018,458,4777.257985930994,4777.961027820488,return_cruise,True,False,True,True,True,11.765782315389544
K28-018,459,4777.961027820488,4778.664069709982,return_cruise,True,False,True,True,True,11.855275382864676
K28-018,460,4778.664069709982,4779.091879184099,return_cruise,True,False,True,True,True,11.9456854155912
K28-018,461,4779.091879184099,4779.519688658214,return_cruise,True,False,True,True,True,12.001157693061387
K28-018,462,4779.519688658214,4780.650540021824,return_cruise,True,False,True,True,True,12.056980718236147
K28-018,463,4780.650540021824,4781.781391385433,return_cruise,True,False,True,True,True,12.206262576469044
K28-018,464,4781.781391385433,4782.513918971369,return_cruise,True,False,True,True,True,12.358109957832255
K28-018,465,4782.513918971369,4783.246446557305,return_cruise,True,False,True,True,True,12.457882060165971
K28-018,466,4783.246446557305,4783.644770334964,return_cruise,True,False,True,True,True,12.558792435012137
K28-018,467,4783.644770334964,4784.043094112623,return_cruise,True,False,True,True,True,12.614150982818572
K28-018,468,4784.043094112623,4785.173945476247,return_cruise,True,False,True,True,True,12.669857944683173
K28-018,469,4785.173945476247,4786.304796839871,return_cruise,True,False,True,True,True,12.829948463734937
K28-018,470,4786.304796839871,4787.066810122484,return_cruise,True,False,True,True,True,12.992984970038847
K28-018,471,4787.066810122484,4787.828823405096,return_cruise,True,False,True,True,True,13.104560997678448
K28-018,472,4787.828823405096,4788.197661486079,return_cruise,True,False,True,True,True,13.21755815461384
K28-018,473,4788.197661486079,4788.566499567061,return_cruise,True,False,True,True,True,13.272773297955155
K28-018,474,4788.566499567061,4789.697350930656,return_cruise,True,False,True,True,True,13.328333936512834
K28-018,475,4789.697350930656,4790.828202294251,return_cruise,True,False,True,True,True,13.50088056288753
K28-018,476,4790.828202294251,4791.6197012733355,return_cruise,True,False,True,True,True,13.676842393762044
K28-018,477,4791.6197012733355,4792.41120025242,return_cruise,True,False,True,True,True,13.802103882498244
K28-018,478,4792.41120025242,4792.75055263696,return_cruise,True,False,True,True,True,13.929152355340932
K28-018,479,4792.75055263696,4793.089905021499,return_cruise,True,False,True,True,True,13.984183661395917
K28-018,480,4793.089905021499,4794.220756385094,return_cruise,True,False,True,True,True,14.039556753929801
K28-018,481,4794.220756385094,4795.351607748689,return_cruise,True,False,True,True,True,14.226602003874746
K28-018,482,4795.351607748689,4796.1725924242155,return_cruise,True,False,True,True,True,14.41764914830648
K28-018,483,4796.1725924242155,4796.993577099742,return_cruise,True,False,True,True,True,14.558950453029212
K28-018,484,4796.993577099742,4797.303443787825,return_cruise,True,False,True,True,True,14.702518373345498
K28-018,485,4797.303443787825,4797.613310475908,return_cruise,True,False,True,True,True,14.757309438670447
K28-018,486,4797.613310475908,4798.744161839518,return_cruise,True,False,True,True,True,14.812437491922495
K28-018,487,4798.744161839518,4799.875013203127,return_cruise,True,False,True,True,True,15.016550160642126
K28-018,488,4799.875013203127,4800.72548357533,return_cruise,True,False,True,True,True,15.225409449526168
K28-018,489,4800.72548357533,4801.575953947533,return_cruise,True,False,True,True,True,15.385742536829184
K28-018,490,4801.575953947533,4801.856334938925,return_cruise,True,False,True,True,True,15.548980577890234
K28-018,491,4801.856334938925,4802.136715930317,return_cruise,True,False,True,True,True,15.60345053830369
K28-018,492,4802.136715930317,4803.267567293927,return_cruise,True,False,True,True,True,15.658251147070914
K28-018,493,4803.267567293927,4804.398418657536,return_cruise,True,False,True,True,True,15.882712675012456
K28-018,494,4804.398418657536,4805.2783747261965,return_cruise,True,False,True,True,True,16.112881639118598
K28-018,495,4805.2783747261965,4806.158330794857,return_cruise,True,False,True,True,True,16.29611351710429
K28-018,496,4806.158330794857,4806.409226089806,return_cruise,True,False,True,True,True,16.483113954901214
K28-018,497,4806.409226089806,4806.660121384755,return_cruise,True,False,True,True,True,16.53714310027786
K28-018,498,4806.660121384755,4807.79097274835,return_cruise,True,False,True,True,True,16.591494312741602
K28-018,499,4807.79097274835,4808.921824111945,return_cruise,True,False,True,True,True,16.840566441644455
K28-018,500,4808.921824111945,4809.831265877179,return_cruise,True,False,True,True,True,17.096606537115576
K28-018,501,4809.831265877179,4810.740707642413,return_cruise,True,False,True,True,True,17.307825011361956
K28-018,502,4810.740707642413,4810.962117240803,return_cruise,True,False,True,True,True,17.524000220810322
K28-018,503,4810.962117240803,4811.183526839193,return_cruise,True,False,True,True,True,17.577404483093275
K28-018,504,4811.183526839193,4812.314378202788,return_cruise,True,False,True,True,True,17.631118864711112
K28-018,505,4812.314378202788,4813.445229566383,return_cruise,True,False,True,True,True,17.910428203474282
K28-018,506,4813.445229566383,4814.384157028177,return_cruise,True,False,True,True,True,18.198384745567097
K28-018,507,4814.384157028177,4815.32308448997,return_cruise,True,False,True,True,True,18.444400232664634
K28-018,508,4815.32308448997,4815.5150083917715,return_cruise,True,False,True,True,True,18.69703112066219
K28-018,509,4815.5150083917715,4815.706932293573,return_cruise,True,False,True,True,True,18.749514390028992
K28-018,510,4815.706932293573,4816.837783657197,return_cruise,True,False,True,True,True,18.802290592275597
K28-018,511,4816.837783657197,4817.968635020821,return_cruise,True,False,True,True,True,19.11936521983536
K28-018,512,4817.968635020821,4818.9370481790575,return_cruise,True,False,True,True,True,19.447343190206695
K28-018,513,4818.9370481790575,4819.905461337294,return_cruise,True,False,True,True,True,19.737385205628357
K28-018,514,4819.905461337294,4820.067899542652,return_cruise,True,False,True,True,True,20.036368540267915
K28-018,515,4820.067899542652,4820.230337748011,return_cruise,True,False,True,True,True,20.08742806505026
K28-018,516,4820.230337748011,4821.361189111621,return_cruise,True,False,True,True,True,20.138754876011262
K28-018,517,4821.361189111621,4822.49204047523,return_cruise,True,False,True,True,True,20.503682898184167
K28-018,518,4822.49204047523,4823.48993933004,return_cruise,True,False,True,True,True,20.882502268859383
K28-018,519,4823.48993933004,4824.48783818485,return_cruise,True,False,True,True,True,21.22900977909201
K28-018,520,4824.48783818485,4824.62079069365,return_cruise,True,False,True,True,True,21.587621980781208
K28-018,521,4824.62079069365,4824.753743202449,return_cruise,True,False,True,True,True,21.636348293413306
K28-018,522,4824.753743202449,4825.884594566044,return_cruise,True,False,True,True,True,21.68530215131706
K28-018,523,4825.884594566044,4827.015445929639,return_cruise,True,False,True,True,True,22.11109863941246
K28-018,524,4827.015445929639,4828.042830481023,return_cruise,True,False,True,True,True,22.55437747244312
K28-018,525,4828.042830481023,4829.070215032407,return_cruise,True,False,True,True,True,22.97298378640356
K28-018,526,4829.070215032407,4829.173681844647,return_cruise,True,False,True,True,True,23.407307173506666
K28-018,527,4829.173681844647,4829.277148656887,return_cruise,True,False,True,True,True,23.45193712405478
K28-018,528,4829.277148656887,4830.408000020482,return_cruise,True,False,True,True,True,23.496731450805584
K28-018,529,4830.408000020482,4831.538851384077,return_cruise,True,False,True,True,True,23.997105022055266
K28-018,530,4831.538851384077,4832.595721631904,return_cruise,True,False,True,True,True,24.517310356462204
K28-018,531,4832.595721631904,4833.652591879731,return_cruise,True,False,True,True,True,25.021074075363558
K28-018,532,4833.652591879731,4833.726572995499,return_cruise,True,False,True,True,True,25.540794565839505
K28-018,533,4833.726572995499,4833.800554111267,return_cruise,True,False,True,True,True,25.57772735751206
K28-018,534,4833.800554111267,4834.931405474891,return_cruise,True,False,True,True,True,25.61472795513434
K28-018,535,4834.931405474891,4836.062256838515,return_cruise,True,False,True,True,True,26.187954447477225
K28-018,536,4836.062256838515,4837.148612782901,return_cruise,True,False,True,True,True,26.77191134651089
K28-018,537,4837.148612782901,4838.234968727287,return_cruise,True,False,True,True,True,27.3359365160194
K28-018,538,4838.234968727287,4838.279464146496,return_cruise,True,False,True,True,True,27.892637314212095
K28-018,539,4838.279464146496,4838.323959565705,return_cruise,True,False,True,True,True,27.915089108754543
K28-018,540,4838.323959565705,4839.454810929315,return_cruise,True,False,True,True,True,27.937503828684015
K28-018,541,4839.454810929315,4840.585662292924,return_cruise,True,False,True,True,True,28.490839060973485
K28-018,542,4840.585662292924,4841.701503933885,return_cruise,True,False,True,True,True,28.996496577668893
K28-018,543,4841.701503933885,4842.817345574846,return_cruise,True,False,True,True,True,29.421572052712207
K28-018,544,4842.817345574846,4842.832355297495,return_cruise,True,False,True,True,True,29.743728344586756
K28-018,545,4842.832355297495,4842.847365020145,return_cruise,True,False,True,True,True,29.747229068304677
K28-018,546,4842.847365020145,4843.826456130756,return_cruise,True,False,True,True,True,29.75070605559381
K28-018,547,4843.826456130756,4844.805547241367,return_cruise,True,False,True,True,True,29.92362584195382
K28-018,548,4844.805547241367,4917.483852295078,return_descent,True,False,True,True,True,29.982830377148545
K28-019,0,4816.299718479484,4874.442362522453,climb,True,False,True,True,True,29.982830377148545
K28-019,1,4874.442362522453,4875.421453633064,cruise,True,False,True,True,True,29.92362584195382
K28-019,2,4875.421453633064,4876.400544743675,cruise,True,False,True,True,True,29.75070605559381
K28-019,3,4876.400544743675,4876.4155544663245,cruise,True,False,True,True,True,29.747229068304677
K28-019,4,4876.4155544663245,4876.430564188974,cruise,True,False,True,True,True,29.743728344586756
K28-019,5,4876.430564188974,4877.546405829935,cruise,True,False,True,True,True,29.421572052712207
K28-019,6,4877.546405829935,4878.662247470896,cruise,True,False,True,True,True,28.996496577668893
K28-019,7,4878.662247470896,4879.793098834505,cruise,True,False,True,True,True,28.490839060973485
K28-019,8,4879.793098834505,4880.923950198115,cruise,True,False,True,True,True,27.937503828684015
K28-019,9,4880.923950198115,4880.968445617324,cruise,True,False,True,True,True,27.915089108754543
K28-019,10,4880.968445617324,4881.0129410365325,cruise,True,False,True,True,True,27.892637314212095
K28-019,11,4881.0129410365325,4882.099296980919,cruise,True,False,True,True,True,27.3359365160194
K28-019,12,4882.099296980919,4883.185652925305,cruise,True,False,True,True,True,26.77191134651089
K28-019,13,4883.185652925305,4884.316504288929,cruise,True,False,True,True,True,26.187954447477225
K28-019,14,4884.316504288929,4885.447355652553,cruise,True,False,True,True,True,25.61472795513434
K28-019,15,4885.447355652553,4885.521336768321,cruise,True,False,True,True,True,25.57772735751206
K28-019,16,4885.521336768321,4885.595317884089,cruise,True,False,True,True,True,25.540794565839505
K28-019,17,4885.595317884089,4886.652188131916,cruise,True,False,True,True,True,25.021074075363558
K28-019,18,4886.652188131916,4887.709058379743,cruise,True,False,True,True,True,24.517310356462204
K28-019,19,4887.709058379743,4888.839909743338,cruise,True,False,True,True,True,23.997105022055266
K28-019,20,4888.839909743338,4889.9707611069325,cruise,True,False,True,True,True,23.496731450805584
K28-019,21,4889.9707611069325,4890.074227919173,cruise,True,False,True,True,True,23.45193712405478
K28-019,22,4890.074227919173,4890.177694731413,cruise,True,False,True,True,True,23.407307173506666
K28-019,23,4890.177694731413,4891.205079282797,cruise,True,False,True,True,True,22.97298378640356
K28-019,24,4891.205079282797,4892.232463834181,cruise,True,False,True,True,True,22.55437747244312
K28-019,25,4892.232463834181,4893.363315197776,cruise,True,False,True,True,True,22.11109863941246
K28-019,26,4893.363315197776,4894.494166561371,cruise,True,False,True,True,True,21.68530215131706
K28-019,27,4894.494166561371,4894.62711907017,cruise,True,False,True,True,True,21.636348293413306
K28-019,28,4894.62711907017,4894.7600715789695,cruise,True,False,True,True,True,21.587621980781208
K28-019,29,4894.7600715789695,4895.7579704337795,cruise,True,False,True,True,True,21.22900977909201
K28-019,30,4895.7579704337795,4896.75586928859,cruise,True,False,True,True,True,20.882502268859383
K28-019,31,4896.75586928859,4897.886720652199,cruise,True,False,True,True,True,20.503682898184167
K28-019,32,4897.886720652199,4899.017572015809,cruise,True,False,True,True,True,20.138754876011262
K28-019,33,4899.017572015809,4899.180010221167,cruise,True,False,True,True,True,20.08742806505026
K28-019,34,4899.180010221167,4899.342448426526,cruise,True,False,True,True,True,20.036368540267915
K28-019,35,4899.342448426526,4900.310861584762,cruise,True,False,True,True,True,19.737385205628357
K28-019,36,4900.310861584762,4901.2792747429985,cruise,True,False,True,True,True,19.447343190206695
K28-019,37,4901.2792747429985,4902.410126106623,cruise,True,False,True,True,True,19.11936521983536
K28-019,38,4902.410126106623,4903.540977470247,cruise,True,False,True,True,True,18.802290592275597
K28-019,39,4903.540977470247,4903.732901372048,cruise,True,False,True,True,True,18.749514390028992
K28-019,40,4903.732901372048,4903.92482527385,cruise,True,False,True,True,True,18.69703112066219
K28-019,41,4903.92482527385,4904.863752735643,cruise,True,False,True,True,True,18.444400232664634
K28-019,42,4904.863752735643,4905.8026801974365,cruise,True,False,True,True,True,18.198384745567097
K28-019,43,4905.8026801974365,4906.9335315610315,cruise,True,False,True,True,True,17.910428203474282
K28-019,44,4906.9335315610315,4908.064382924626,cruise,True,False,True,True,True,17.631118864711112
K28-019,45,4908.064382924626,4908.285792523016,cruise,True,False,True,True,True,17.577404483093275
K28-019,46,4908.285792523016,4908.507202121406,cruise,True,False,True,True,True,17.524000220810322
K28-019,47,4908.507202121406,4909.4166438866405,cruise,True,False,True,True,True,17.307825011361956
K28-019,48,4909.4166438866405,4910.326085651875,cruise,True,False,True,True,True,17.096606537115576
K28-019,49,4910.326085651875,4911.4569370154695,cruise,True,False,True,True,True,16.840566441644455
K28-019,50,4911.4569370154695,4912.5877883790645,cruise,True,False,True,True,True,16.591494312741602
K28-019,51,4912.5877883790645,4912.838683674014,cruise,True,False,True,True,True,16.53714310027786
K28-019,52,4912.838683674014,4913.089578968963,cruise,True,False,True,True,True,16.4831139549012
K28-019,53,4913.089578968963,4913.969535037623,cruise,True,False,True,True,True,16.29611351710429
K28-019,54,4913.969535037623,4914.8494911062835,cruise,True,False,True,True,True,16.112881639118598
K28-019,55,4914.8494911062835,4915.980342469893,cruise,True,False,True,True,True,15.882712675012456
K28-019,56,4915.980342469893,4917.1111938335025,cruise,True,False,True,True,True,15.658251147070914
K28-019,57,4917.1111938335025,4917.391574824895,cruise,True,False,True,True,True,15.60345053830369
K28-019,58,4917.391574824895,4917.671955816287,cruise,True,False,True,True,True,15.548980577890234
K28-019,59,4917.671955816287,4918.52242618849,cruise,True,False,True,True,True,15.385742536829184
K28-019,60,4918.52242618849,4919.372896560692,cruise,True,False,True,True,True,15.225409449526182
K28-019,61,4919.372896560692,4920.503747924302,cruise,True,False,True,True,True,15.016550160642126
K28-019,62,4920.503747924302,4921.634599287911,cruise,True,False,True,True,True,14.812437491922495
K28-019,63,4921.634599287911,4921.944465975995,cruise,True,False,True,True,True,14.757309438670447
K28-019,64,4921.944465975995,4922.254332664078,cruise,True,False,True,True,True,14.702518373345498
K28-019,65,4922.254332664078,4923.075317339604,cruise,True,False,True,True,True,14.558950453029212
K28-019,66,4923.075317339604,4923.8963020151305,cruise,True,False,True,True,True,14.41764914830648
K28-019,67,4923.8963020151305,4925.027153378725,cruise,True,False,True,True,True,14.226602003874746
K28-019,68,4925.027153378725,4926.15800474232,cruise,True,False,True,True,True,14.039556753929801
K28-019,69,4926.15800474232,4926.49735712686,cruise,True,False,True,True,True,13.984183661395917
K28-019,70,4926.49735712686,4926.8367095114,cruise,True,False,True,True,True,13.929152355340932
K28-019,71,4926.8367095114,4927.628208490484,cruise,True,False,True,True,True,13.802103882498244
K28-019,72,4927.628208490484,4928.4197074695685,cruise,True,False,True,True,True,13.676842393762044
K28-019,73,4928.4197074695685,4929.550558833163,cruise,True,False,True,True,True,13.500880562887545
K28-019,74,4929.550558833163,4930.681410196758,cruise,True,False,True,True,True,13.328333936512834
K28-019,75,4930.681410196758,4931.050248277741,cruise,True,False,True,True,True,13.272773297955155
K28-019,76,4931.050248277741,4931.419086358724,cruise,True,False,True,True,True,13.21755815461384
K28-019,77,4931.419086358724,4932.181099641336,cruise,True,False,True,True,True,13.104560997678448
K28-019,78,4932.181099641336,4932.943112923948,cruise,True,False,True,True,True,12.992984970038847
K28-019,79,4932.943112923948,4934.073964287572,cruise,True,False,True,True,True,12.829948463734937
K28-019,80,4934.073964287572,4935.204815651196,cruise,True,False,True,True,True,12.669857944683173
K28-019,81,4935.204815651196,4935.603139428856,cruise,True,False,True,True,True,12.614150982818572
K28-019,82,4935.603139428856,4936.001463206515,cruise,True,False,True,True,True,12.558792435012137
K28-019,83,4936.001463206515,4936.733990792451,cruise,True,False,True,True,True,12.457882060165971
K28-019,84,4936.733990792451,4937.466518378386,cruise,True,False,True,True,True,12.358109957832255
K28-019,85,4937.466518378386,4938.597369741996,cruise,True,False,True,True,True,12.206262576469044
K28-019,86,4938.597369741996,4939.728221105605,cruise,True,False,True,True,True,12.056980718236147
K28-019,87,4939.728221105605,4940.156030579721,cruise,True,False,True,True,True,12.001157693061387
K28-019,88,4940.156030579721,4940.583840053838,cruise,True,False,True,True,True,11.9456854155912
K28-019,89,4940.583840053838,4941.2868819433315,cruise,True,False,True,True,True,11.855275382864676
K28-019,90,4941.2868819433315,4941.989923832825,cruise,True,False,True,True,True,11.765782315389544
K28-019,91,4941.989923832825,4943.12077519642,cruise,True,False,True,True,True,11.62370982204375
K28-019,92,4943.12077519642,4944.251626560015,cruise,True,False,True,True,True,11.483890488361212
K28-019,93,4944.251626560015,4944.708921730588,cruise,True,False,True,True,True,11.427974070782057
K28-019,94,4944.708921730588,4945.1662169011615,cruise,True,False,True,True,True,11.372410292660007
K28-019,95,4945.1662169011615,4945.839773094212,cruise,True,False,True,True,True,11.29120271907074
K28-019,96,4945.839773094212,4946.513329287263,cruise,True,False,True,True,True,11.210737144983128
K28-019,97,4946.513329287263,4947.644180650858,cruise,True,False,True,True,True,11.077273632478907
K28-019,98,4947.644180650858,4948.775032014453,cruise,True,False,True,True,True,10.945803927899007
K28-019,99,4948.775032014453,4949.261812881703,cruise,True,False,True,True,True,10.889811409404501
K28-019,100,4949.261812881703,4949.748593748953,cruise,True,False,True,True,True,10.834173082770775
K28-019,101,4949.748593748953,4950.392664245298,cruise,True,False,True,True,True,10.761093665901456
K28-019,102,4950.392664245298,4951.036734741643,cruise,True,False,True,True,True,10.688616660017743
K28-019,103,4951.036734741643,4952.167586105267,cruise,True,False,True,True,True,10.56279045957558
K28-019,104,4952.167586105267,4953.298437468891,cruise,True,False,True,True,True,10.438740531972655
K28-019,105,4953.298437468891,4953.814704032584,cruise,True,False,True,True,True,10.382685310772032
K28-019,106,4953.814704032584,4954.3309705962765,cruise,True,False,True,True,True,10.3269855692578
K28-019,107,4954.3309705962765,4954.94555539618,cruise,True,False,True,True,True,10.261135658176755
K28-019,108,4954.94555539618,4955.560140196083,cruise,True,False,True,True,True,10.195775917791735
K28-019,109,4955.560140196083,4956.6909915596925,cruise,True,False,True,True,True,10.07676925775398
K28-019,110,4956.6909915596925,4957.821842923302,cruise,True,False,True,True,True,9.95935472447583
K28-019,111,4957.821842923302,4958.367595183451,cruise,True,False,True,True,True,9.903247328419639
K28-019,112,4958.367595183451,4958.9133474436,cruise,True,False,True,True,True,9.847496490746607
K28-019,113,4958.9133474436,4959.498446547061,cruise,True,False,True,True,True,9.788117187144152
K28-019,114,4959.498446547061,4960.083545650521,cruise,True,False,True,True,True,9.729137197034063
K28-019,115,4960.083545650521,4961.214397014116,cruise,True,False,True,True,True,9.616255685828108
K28-019,116,4961.214397014116,4962.345248377711,cruise,True,False,True,True,True,9.504809113291259
K28-019,117,4962.345248377711,4962.920486334551,cruise,True,False,True,True,True,9.448657918867141
K28-019,118,4962.920486334551,4963.4957242913915,cruise,True,False,True,True,True,9.392864194286815
K28-019,119,4963.4957242913915,4964.051337698175,cruise,True,False,True,True,True,9.339309079837477
K28-019,120,4964.051337698175,4964.606951104959,cruise,True,False,True,True,True,9.286079313661745
K28-019,121,4964.606951104959,4965.737802468554,cruise,True,False,True,True,True,9.17872854699317
K28-019,122,4965.737802468554,4966.868653832149,cruise,True,False,True,True,True,9.072677519364177
K28-019,123,4966.868653832149,4967.473377485432,cruise,True,False,True,True,True,9.016489266706941
K28-019,124,4967.473377485432,4968.078101138715,cruise,True,False,True,True,True,8.960659260095568
K28-019,125,4968.078101138715,4968.604228849027,cruise,True,False,True,True,True,8.912373404147175
K28-019,126,4968.604228849027,4969.130356559339,cruise,True,False,True,True,True,8.86435240027977
K28-019,127,4969.130356559339,4970.261207922963,cruise,True,False,True,True,True,8.76201980829984
K28-019,128,4970.261207922963,4971.392059286587,cruise,True,False,True,True,True,8.660869859043032
K28-019,129,4971.392059286587,4972.026268636312,cruise,True,False,True,True,True,8.604650026812777
K28-019,130,4972.026268636312,4972.660477986037,cruise,True,False,True,True,True,8.54878910638675
K28-019,131,4972.660477986037,4973.157119999907,cruise,True,False,True,True,True,8.50529271162496
K28-019,132,4973.157119999907,4973.653762013777,cruise,True,False,True,True,True,8.462011503492988
K28-019,133,4973.653762013777,4974.784613377372,cruise,True,False,True,True,True,8.364252103631344
K28-019,134,4974.784613377372,4975.915464740967,cruise,True,False,True,True,True,8.267573283218312
K28-019,135,4975.915464740967,4976.579159787398,cruise,True,False,True,True,True,8.211326365852585
K28-019,136,4976.579159787398,4977.2428548338285,cruise,True,False,True,True,True,8.155438934994578
K28-019,137,4977.2428548338285,4977.710011151022,cruise,True,False,True,True,True,8.116314453696333
K28-019,138,4977.710011151022,4978.177167468215,cruise,True,False,True,True,True,8.077364269783828
K28-019,139,4978.177167468215,4979.30801883181,cruise,True,False,True,True,True,7.983789367064674
K28-019,140,4979.30801883181,4980.438870195405,cruise,True,False,True,True,True,7.891205563055024
K28-019,141,4980.438870195405,4981.132050938279,cruise,True,False,True,True,True,7.834935278653376
K28-019,142,4981.132050938279,4981.825231681152,cruise,True,False,True,True,True,7.779024979816583
K28-019,143,4981.825231681152,4982.262902301888,cruise,True,False,True,True,True,7.743906859448003
K28-019,144,4982.262902301888,4982.700572922624,cruise,True,False,True,True,True,7.708929308200069
K28-019,145,4982.700572922624,4983.831424286233,cruise,True,False,True,True,True,7.619197446144241
K28-019,146,4983.831424286233,4984.962275649843,cruise,True,False,True,True,True,7.530377810532315
K28-019,147,4984.962275649843,4985.6849420891585,cruise,True,False,True,True,True,7.474087258545808
K28-019,148,4985.6849420891585,4986.407608528474,cruise,True,False,True,True,True,7.418157127847778
K28-019,149,4986.407608528474,4986.8157934527535,cruise,True,False,True,True,True,7.386723571827034
K28-019,150,4986.8157934527535,4987.223978377033,cruise,True,False,True,True,True,7.355402736679423
K28-019,151,4987.223978377033,4988.354829740657,cruise,True,False,True,True,True,7.26921238504093
K28-019,152,4988.354829740657,4989.485681104281,cruise,True,False,True,True,True,7.183864392230063
K28-019,153,4989.485681104281,4990.237833240273,cruise,True,False,True,True,True,7.127556174624345
K28-019,154,4990.237833240273,4990.989985376265,cruise,True,False,True,True,True,7.07160876064367
K28-019,155,4990.989985376265,4991.368684603868,cruise,True,False,True,True,True,7.04357504975053
K28-019,156,4991.368684603868,4991.747383831471,cruise,True,False,True,True,True,7.0156310674184965
K28-019,157,4991.747383831471,4992.878235195066,cruise,True,False,True,True,True,6.932714664058366
K28-019,158,4992.878235195066,4994.009086558661,cruise,True,False,True,True,True,6.850578443140037
K28-019,159,4994.009086558661,4994.790724391125,cruise,True,False,True,True,True,6.794254758463367
K28-019,160,4994.790724391125,4995.572362223589,cruise,True,False,True,True,True,6.738292214443064
K28-019,161,4995.572362223589,4995.921575754749,cruise,True,False,True,True,True,6.713405249052073
K28-019,162,4995.921575754749,4996.270789285909,cruise,True,False,True,True,True,6.688589051002452
K28-019,163,4996.270789285909,4997.401640649504,cruise,True,False,True,True,True,6.6087081094205615
K28-019,164,4997.401640649504,4998.532492013099,cruise,True,False,True,True,True,6.52955178151322
K28-019,165,4998.532492013099,4999.343615542005,cruise,True,False,True,True,True,6.47321449856166
K28-019,166,4999.343615542005,5000.154739070911,cruise,True,False,True,True,True,6.4172386546098465
K28-019,167,5000.154739070911,5000.4744669056145,cruise,True,False,True,True,True,6.3952724608416815
K28-019,168,5000.4744669056145,5000.794194740318,cruise,True,False,True,True,True,6.373361435369077
K28-019,169,5000.794194740318,5001.925046103927,cruise,True,False,True,True,True,6.296302498228087
K28-019,170,5001.925046103927,5003.055897467537,cruise,True,False,True,True,True,6.219918313511414
K28-019,171,5003.055897467537,5003.89650669312,cruise,True,False,True,True,True,6.163569029551141
K28-019,172,5003.89650669312,5004.737115918702,cruise,True,False,True,True,True,6.107581449754292
K28-019,173,5004.737115918702,5005.027358056715,cruise,True,False,True,True,True,6.088333453087387
K28-019,174,5005.027358056715,5005.317600194727,cruise,True,False,True,True,True,6.069127841894385
K28-019,175,5005.317600194727,5006.448451558351,cruise,True,False,True,True,True,5.994699111698651
K28-019,176,5006.448451558351,5007.579302921975,cruise,True,False,True,True,True,5.920900227642662
K28-019,177,5007.579302921975,5008.4493978440005,cruise,True,False,True,True,True,5.864540314966462
K28-019,178,5008.4493978440005,5009.319492766026,cruise,True,False,True,True,True,5.808542342985945
K28-019,179,5009.319492766026,5009.580249207595,cruise,True,False,True,True,True,5.79183025786763
K28-019,180,5009.580249207595,5009.841005649165,cruise,True,False,True,True,True,5.775150143398307
K28-019,181,5009.841005649165,5010.97185701276,cruise,True,False,True,True,True,5.703178659389181
K28-019,182,5010.97185701276,5012.102708376355,cruise,True,False,True,True,True,5.631796437193202
K28-019,183,5012.102708376355,5013.002288994969,cruise,True,False,True,True,True,5.575427080396878
K28-019,184,5013.002288994969,5013.901869613583,cruise,True,False,True,True,True,5.519419876002715
K28-019,185,5013.901869613583,5014.133140358593,cruise,True,False,True,True,True,5.505079093837466
K28-019,186,5014.133140358593,5014.364411103603,cruise,True,False,True,True,True,5.490761865444
K28-019,187,5014.364411103603,5015.495262467198,cruise,True,False,True,True,True,5.4210911241073205
K28-019,188,5015.495262467198,5016.626113830793,cruise,True,False,True,True,True,5.351972846846579
K28-019,189,5016.626113830793,5017.555180145967,cruise,True,False,True,True,True,5.295595073093054
K28-019,190,5017.555180145967,5018.484246461141,cruise,True,False,True,True,True,5.239579641843292
K28-019,191,5018.484246461141,5018.686031509563,cruise,True,False,True,True,True,5.2274610246403626
K28-019,192,5018.686031509563,5018.8878165579845,cruise,True,False,True,True,True,5.215359235268721
K28-019,193,5018.8878165579845,5020.0186679216085,cruise,True,False,True,True,True,5.147847173786133
K28-019,194,5020.0186679216085,5021.149519285233,cruise,True,False,True,True,True,5.080854109935984
K28-019,195,5021.149519285233,5022.108071296849,cruise,True,False,True,True,True,5.024468813612003
K28-019,196,5022.108071296849,5023.066623308465,cruise,True,False,True,True,True,4.968446030987721
K28-019,197,5023.066623308465,5023.238922660444,cruise,True,False,True,True,True,4.95841403772657
K28-019,198,5023.238922660444,5023.4112220124225,cruise,True,False,True,True,True,4.9483935813444475
K28-019,199,5023.4112220124225,5024.542073376032,cruise,True,False,True,True,True,4.882910859692117
K28-019,200,5024.542073376032,5025.6729247396415,cruise,True,False,True,True,True,4.817916611453896
K28-019,201,5025.6729247396415,5026.6609624478315,cruise,True,False,True,True,True,4.7615245743285755
K28-019,202,5026.6609624478315,5027.649000156021,cruise,True,False,True,True,True,4.705495205532571
K28-019,203,5027.649000156021,5027.791813811441,cruise,True,False,True,True,True,4.697426293003019
K28-019,204,5027.791813811441,5027.934627466861,cruise,True,False,True,True,True,4.6893648470628335
K28-019,205,5027.934627466861,5029.0654788304555,cruise,True,False,True,True,True,4.625793377379466
K28-019,206,5029.0654788304555,5030.1963301940505,cruise,True,False,True,True,True,4.562682465062167
K28-019,207,5030.1963301940505,5031.213853598815,cruise,True,False,True,True,True,4.506284373021401
K28-019,208,5031.213853598815,5032.23137700358,cruise,True,False,True,True,True,4.4502490893138145
K28-019,209,5032.23137700358,5032.344704962439,cruise,True,False,True,True,True,4.444030340633134
K28-019,210,5032.344704962439,5032.458032921299,cruise,True,False,True,True,True,4.4378160286904915
K28-019,211,5032.458032921299,5033.5888842848935,cruise,True,False,True,True,True,4.376047710546757
K28-019,212,5033.5888842848935,5034.7197356484885,cruise,True,False,True,True,True,4.3147143538152335
K28-019,213,5034.7197356484885,5035.766744749695,cruise,True,False,True,True,True,4.25831081067922
K28-019,214,5035.766744749695,5036.813753850902,cruise,True,False,True,True,True,4.202270202965863
K28-019,215,5036.813753850902,5036.89759611329,cruise,True,False,True,True,True,4.1977981460760105
K28-019,216,5036.89759611329,5036.981438375678,cruise,True,False,True,True,True,4.193328384419587
K28-019,217,5036.981438375678,5038.1122897393025,cruise,True,False,True,True,True,4.133264012454703
K28-019,218,5038.1122897393025,5039.2431411029265,cruise,True,False,True,True,True,4.073611076544012
K28-019,219,5039.2431411029265,5040.319635900692,cruise,True,False,True,True,True,4.017202615593618
K28-019,220,5040.319635900692,5041.396130698458,cruise,True,False,True,True,True,3.9611572056955424
K28-019,221,5041.396130698458,5041.450487264287,cruise,True,False,True,True,True,3.9583367912541547
K28-019,222,5041.450487264287,5041.504843830116,cruise,True,False,True,True,True,3.9555172900440994
K28-019,223,5041.504843830116,5042.635695193726,cruise,True,False,True,True,True,3.8970656065666986
K28-019,224,5042.635695193726,5043.7665465573355,cruise,True,False,True,True,True,3.8390036874677236
K28-019,225,5043.7665465573355,5044.872527051676,cruise,True,False,True,True,True,3.7825907811418062
K28-019,226,5044.872527051676,5045.978507546017,cruise,True,False,True,True,True,3.7265410313084715
K28-019,227,5045.978507546017,5046.003378415286,cruise,True,False,True,True,True,3.725284744815866
K28-019,228,5046.003378415286,5046.0282492845545,cruise,True,False,True,True,True,3.7240286395745557
K28-019,229,5046.0282492845545,5047.159100648149,cruise,True,False,True,True,True,3.6671055097104954
K28-019,230,5047.159100648149,5048.289952011744,cruise,True,False,True,True,True,3.6105521369392193
K28-019,231,5048.289952011744,5049.420803375368,cruise,True,False,True,True,True,3.554363759581861
K28-019,232,5049.420803375368,5050.5516547389925,cruise,True,False,True,True,True,3.4985357071706176
K28-019,233,5050.5516547389925,5050.556269566166,cruise,True,False,True,True,True,3.498308613552993
K28-019,234,5050.556269566166,5050.560884393339,cruise,True,False,True,True,True,3.4980815258580975
K28-019,235,5050.560884393339,5051.687120929761,cruise,True,False,True,True,True,3.4428377469431837
K28-019,236,5051.687120929761,5052.813357466182,cruise,True,False,True,True,True,3.387942337383919
K28-019,237,5052.813357466182,5053.944208829777,cruise,True,False,True,True,True,3.333168114544094
K28-019,238,5053.944208829777,5055.075060193372,cruise,True,False,True,True,True,3.2787364014386355
K28-019,239,5055.075060193372,5055.109160717134,cruise,True,False,True,True,True,3.2771003025487886
K28-019,240,5055.109160717134,5055.143261240895,cruise,True,False,True,True,True,3.2754645111181446
K28-019,241,5055.143261240895,5056.240012080758,cruise,True,False,True,True,True,3.2230169864462965
K28-019,242,5056.240012080758,5057.3367629206205,cruise,True,False,True,True,True,3.1708835916653015
K28-019,243,5057.3367629206205,5058.467614284215,cruise,True,False,True,True,True,3.1174542326031798
K28-019,244,5058.467614284215,5059.59846564781,cruise,True,False,True,True,True,3.0643508547431964
K28-019,245,5059.59846564781,5059.662051868132,cruise,True,False,True,True,True,3.0613745240876824
K28-019,246,5059.662051868132,5059.725638088454,cruise,True,False,True,True,True,3.058399210884474
K28-019,247,5059.725638088454,5060.792903231742,cruise,True,False,True,True,True,3.0086111737691112
K28-019,248,5060.792903231742,5061.860168375029,cruise,True,False,True,True,True,2.959106331416365
K28-019,249,5061.860168375029,5062.991019738639,cruise,True,False,True,True,True,2.9069575063059574
K28-019,250,5062.991019738639,5064.121871102248,cruise,True,False,True,True,True,2.855119299766372
K28-019,251,5064.121871102248,5064.214943019012,cruise,True,False,True,True,True,2.850866605153101
K28-019,252,5064.214943019012,5064.308014935776,cruise,True,False,True,True,True,2.8466159876492156
K28-019,253,5064.308014935776,5065.345794382607,cruise,True,False,True,True,True,2.7993604469304216
K28-019,254,5065.345794382607,5066.383573829438,cruise,True,False,True,True,True,2.752360121831913
K28-019,255,5066.383573829438,5067.514425193048,cruise,True,False,True,True,True,2.7014320001001266
K28-019,256,5067.514425193048,5068.645276556657,cruise,True,False,True,True,True,2.6508001932967034
K28-019,257,5068.645276556657,5068.767834169995,cruise,True,False,True,True,True,2.645330551693789
K28-019,258,5068.767834169995,5068.890391783332,cruise,True,False,True,True,True,2.6398643458865365
K28-019,259,5068.890391783332,5069.898685533604,cruise,True,False,True,True,True,2.595023177695751
K28-019,260,5069.898685533604,5070.906979283876,cruise,True,False,True,True,True,2.5504118960570707
K28-019,261,5070.906979283876,5072.037830647471,cruise,True,False,True,True,True,2.500648737128344
K28-019,262,5072.037830647471,5073.168682011066,cruise,True,False,True,True,True,2.4511685535075856
K28-019,263,5073.168682011066,5073.320725320978,cruise,True,False,True,True,True,2.444537334515587
K28-019,264,5073.320725320978,5073.472768630891,cruise,True,False,True,True,True,2.4379111653175016
K28-019,265,5073.472768630891,5074.4515766846025,cruise,True,False,True,True,True,2.3953743077373133
K28-019,266,5074.4515766846025,5075.430384738314,cruise,True,False,True,True,True,2.353044388274782
K28-019,267,5075.430384738314,5076.561236101909,cruise,True,False,True,True,True,2.3043941777493018
K28-019,268,5076.561236101909,5077.692087465504,cruise,True,False,True,True,True,2.2560144823417545
K28-019,269,5077.692087465504,5077.873616471858,cruise,True,False,True,True,True,2.24827336699974
K28-019,270,5077.873616471858,5078.055145478213,cruise,True,False,True,True,True,2.240539132996787
K28-019,271,5078.055145478213,5078.36408932528,cruise,True,False,True,True,True,2.2273920426809326
K28-019,272,5078.36408932528,5078.673033172347,cruise,True,False,True,True,True,2.21426478860225
K28-019,273,5078.673033172347,5123.2013382260575,descent,True,False,True,True,True,2.21426478860225
K28-019,274,5123.2013382260575,5555.2013382260575,handoff,True,False,True,True,True,2.2209209779533126
K28-019,275,5555.2013382260575,5590.823982269027,return_climb,True,False,True,True,True,2.21426478860225
K28-019,276,5590.823982269027,5591.132926116094,return_cruise,True,False,True,True,True,2.21426478860225
K28-019,277,5591.132926116094,5591.441869963161,return_cruise,True,False,True,True,True,2.2273920426809326
K28-019,278,5591.441869963161,5591.623398969515,return_cruise,True,False,True,True,True,2.240539132996787
K28-019,279,5591.623398969515,5591.804927975869,return_cruise,True,False,True,True,True,2.24827336699974
K28-019,280,5591.804927975869,5592.935779339464,return_cruise,True,False,True,True,True,2.2560144823417545
K28-019,281,5592.935779339464,5594.066630703059,return_cruise,True,False,True,True,True,2.3043941777493018
K28-019,282,5594.066630703059,5595.045438756771,return_cruise,True,False,True,True,True,2.353044388274782
K28-019,283,5595.045438756771,5596.0242468104825,return_cruise,True,False,True,True,True,2.3953743077373133
K28-019,284,5596.0242468104825,5596.176290120395,return_cruise,True,False,True,True,True,2.4379111653175016
K28-019,285,5596.176290120395,5596.328333430307,return_cruise,True,False,True,True,True,2.444537334515587
K28-019,286,5596.328333430307,5597.459184793902,return_cruise,True,False,True,True,True,2.4511685535075856
K28-019,287,5597.459184793902,5598.590036157497,return_cruise,True,False,True,True,True,2.500648737128344
K28-019,288,5598.590036157497,5599.598329907769,return_cruise,True,False,True,True,True,2.5504118960570707
K28-019,289,5599.598329907769,5600.606623658041,return_cruise,True,False,True,True,True,2.595023177695751
K28-019,290,5600.606623658041,5600.729181271378,return_cruise,True,False,True,True,True,2.6398643458865365
K28-019,291,5600.729181271378,5600.851738884716,return_cruise,True,False,True,True,True,2.645330551693789
K28-019,292,5600.851738884716,5601.982590248325,return_cruise,True,False,True,True,True,2.6508001932967034
K28-019,293,5601.982590248325,5603.113441611935,return_cruise,True,False,True,True,True,2.7014320001013914
K28-019,294,5603.113441611935,5604.151221058766,return_cruise,True,False,True,True,True,2.752360121831913
K28-019,295,5604.151221058766,5605.1890005055975,return_cruise,True,False,True,True,True,2.7993604469304216
K28-019,296,5605.1890005055975,5605.282072422361,return_cruise,True,False,True,True,True,2.8466159876492156
K28-019,297,5605.282072422361,5605.375144339125,return_cruise,True,False,True,True,True,2.850866605153101
K28-019,298,5605.375144339125,5606.505995702734,return_cruise,True,False,True,True,True,2.855119299766372
K28-019,299,5606.505995702734,5607.636847066344,return_cruise,True,False,True,True,True,2.906957506304664
K28-019,300,5607.636847066344,5608.704112209632,return_cruise,True,False,True,True,True,2.959106331416365
K28-019,301,5608.704112209632,5609.771377352919,return_cruise,True,False,True,True,True,3.0086111737691112
K28-019,302,5609.771377352919,5609.834963573241,return_cruise,True,False,True,True,True,3.058399210884474
K28-019,303,5609.834963573241,5609.898549793563,return_cruise,True,False,True,True,True,3.0613745240876824
K28-019,304,5609.898549793563,5611.029401157158,return_cruise,True,False,True,True,True,3.0643508547431964
K28-019,305,5611.029401157158,5612.160252520753,return_cruise,True,False,True,True,True,3.1174542326031798
K28-019,306,5612.160252520753,5613.257003360615,return_cruise,True,False,True,True,True,3.1708835916653015
K28-019,307,5613.257003360615,5614.353754200478,return_cruise,True,False,True,True,True,3.2230169864462965
K28-019,308,5614.353754200478,5614.387854724239,return_cruise,True,False,True,True,True,3.2754645111181446
K28-019,309,5614.387854724239,5614.421955248001,return_cruise,True,False,True,True,True,3.2771003025487886
K28-019,310,5614.421955248001,5615.552806611596,return_cruise,True,False,True,True,True,3.2787364014386355
K28-019,311,5615.552806611596,5616.683657975191,return_cruise,True,False,True,True,True,3.333168114544094
K28-019,312,5616.683657975191,5617.809894511613,return_cruise,True,False,True,True,True,3.387942337383919
K28-019,313,5617.809894511613,5618.936131048034,return_cruise,True,False,True,True,True,3.4428377469431837
K28-019,314,5618.936131048034,5618.9407458752075,return_cruise,True,False,True,True,True,3.4980815258580975
K28-019,315,5618.9407458752075,5618.945360702381,return_cruise,True,False,True,True,True,3.498308613552993
K28-019,316,5618.945360702381,5620.076212066005,return_cruise,True,False,True,True,True,3.4985357071706176
K28-019,317,5620.076212066005,5621.207063429629,return_cruise,True,False,True,True,True,3.554363759581861
K28-019,318,5621.207063429629,5622.337914793224,return_cruise,True,False,True,True,True,3.6105521369392193
K28-019,319,5622.337914793224,5623.468766156819,return_cruise,True,False,True,True,True,3.6671055097104954
K28-019,320,5623.468766156819,5623.4936370260875,return_cruise,True,False,True,True,True,3.7240286395745557
K28-019,321,5623.4936370260875,5623.518507895356,return_cruise,True,False,True,True,True,3.725284744815866
K28-019,322,5623.518507895356,5624.624488389697,return_cruise,True,False,True,True,True,3.7265410313084715
K28-019,323,5624.624488389697,5625.730468884038,return_cruise,True,False,True,True,True,3.7825907811418062
K28-019,324,5625.730468884038,5626.861320247647,return_cruise,True,False,True,True,True,3.8390036874677236
K28-019,325,5626.861320247647,5627.992171611257,return_cruise,True,False,True,True,True,3.8970656065681624
K28-019,326,5627.992171611257,5628.046528177086,return_cruise,True,False,True,True,True,3.9555172900440994
K28-019,327,5628.046528177086,5628.100884742915,return_cruise,True,False,True,True,True,3.9583367912541547
K28-019,328,5628.100884742915,5629.177379540681,return_cruise,True,False,True,True,True,3.9611572056955424
K28-019,329,5629.177379540681,5630.253874338447,return_cruise,True,False,True,True,True,4.017202615593618
K28-019,330,5630.253874338447,5631.384725702071,return_cruise,True,False,True,True,True,4.073611076544012
K28-019,331,5631.384725702071,5632.515577065695,return_cruise,True,False,True,True,True,4.133264012454703
K28-019,332,5632.515577065695,5632.599419328083,return_cruise,True,False,True,True,True,4.193328384419587
K28-019,333,5632.599419328083,5632.683261590471,return_cruise,True,False,True,True,True,4.1977981460760105
K28-019,334,5632.683261590471,5633.730270691678,return_cruise,True,False,True,True,True,4.202270202965863
K28-019,335,5633.730270691678,5634.777279792885,return_cruise,True,False,True,True,True,4.25831081067922
K28-019,336,5634.777279792885,5635.90813115648,return_cruise,True,False,True,True,True,4.3147143538152335
K28-019,337,5635.90813115648,5637.038982520075,return_cruise,True,False,True,True,True,4.376047710546757
K28-019,338,5637.038982520075,5637.152310478934,return_cruise,True,False,True,True,True,4.4378160286904915
K28-019,339,5637.152310478934,5637.265638437793,return_cruise,True,False,True,True,True,4.444030340633134
K28-019,340,5637.265638437793,5638.283161842558,return_cruise,True,False,True,True,True,4.4502490893138145
K28-019,341,5638.283161842558,5639.300685247323,return_cruise,True,False,True,True,True,4.506284373021401
K28-019,342,5639.300685247323,5640.431536610918,return_cruise,True,False,True,True,True,4.562682465062167
K28-019,343,5640.431536610918,5641.562387974513,return_cruise,True,False,True,True,True,4.625793377379466
K28-019,344,5641.562387974513,5641.705201629932,return_cruise,True,False,True,True,True,4.6893648470628335
K28-019,345,5641.705201629932,5641.848015285352,return_cruise,True,False,True,True,True,4.697426293003019
K28-019,346,5641.848015285352,5642.836052993542,return_cruise,True,False,True,True,True,4.705495205532571
K28-019,347,5642.836052993542,5643.824090701732,return_cruise,True,False,True,True,True,4.7615245743285755
K28-019,348,5643.824090701732,5644.954942065341,return_cruise,True,False,True,True,True,4.817916611453896
K28-019,349,5644.954942065341,5646.085793428951,return_cruise,True,False,True,True,True,4.882910859692117
K28-019,350,5646.085793428951,5646.2580927809295,return_cruise,True,False,True,True,True,4.9483935813444475
K28-019,351,5646.2580927809295,5646.430392132908,return_cruise,True,False,True,True,True,4.95841403772657
K28-019,352,5646.430392132908,5647.388944144524,return_cruise,True,False,True,True,True,4.968446030987721
K28-019,353,5647.388944144524,5648.347496156141,return_cruise,True,False,True,True,True,5.024468813612003
K28-019,354,5648.347496156141,5649.478347519765,return_cruise,True,False,True,True,True,5.080854109935984
K28-019,355,5649.478347519765,5650.609198883389,return_cruise,True,False,True,True,True,5.147847173786133
K28-019,356,5650.609198883389,5650.81098393181,return_cruise,True,False,True,True,True,5.215359235268721
K28-019,357,5650.81098393181,5651.012768980232,return_cruise,True,False,True,True,True,5.2274610246403626
K28-019,358,5651.012768980232,5651.941835295406,return_cruise,True,False,True,True,True,5.239579641843292
K28-019,359,5651.941835295406,5652.87090161058,return_cruise,True,False,True,True,True,5.295595073093054
K28-019,360,5652.87090161058,5654.001752974175,return_cruise,True,False,True,True,True,5.351972846846579
K28-019,361,5654.001752974175,5655.13260433777,return_cruise,True,False,True,True,True,5.4210911241073205
K28-019,362,5655.13260433777,5655.36387508278,return_cruise,True,False,True,True,True,5.490761865444
K28-019,363,5655.36387508278,5655.5951458277905,return_cruise,True,False,True,True,True,5.505079093837466
K28-019,364,5655.5951458277905,5656.4947264464045,return_cruise,True,False,True,True,True,5.519419876002715
K28-019,365,5656.4947264464045,5657.394307065018,return_cruise,True,False,True,True,True,5.575427080396878
K28-019,366,5657.394307065018,5658.525158428613,return_cruise,True,False,True,True,True,5.631796437193202
K28-019,367,5658.525158428613,5659.656009792208,return_cruise,True,False,True,True,True,5.703178659389181
K28-019,368,5659.656009792208,5659.916766233778,return_cruise,True,False,True,True,True,5.775150143398307
K28-019,369,5659.916766233778,5660.177522675347,return_cruise,True,False,True,True,True,5.79183025786763
K28-019,370,5660.177522675347,5661.047617597373,return_cruise,True,False,True,True,True,5.808542342985945
K28-019,371,5661.047617597373,5661.917712519398,return_cruise,True,False,True,True,True,5.864540314966462
K28-019,372,5661.917712519398,5663.048563883022,return_cruise,True,False,True,True,True,5.920900227642662
K28-019,373,5663.048563883022,5664.179415246646,return_cruise,True,False,True,True,True,5.994699111698651
K28-019,374,5664.179415246646,5664.469657384659,return_cruise,True,False,True,True,True,6.069127841894385
K28-019,375,5664.469657384659,5664.759899522671,return_cruise,True,False,True,True,True,6.088333453087387
K28-019,376,5664.759899522671,5665.600508748254,return_cruise,True,False,True,True,True,6.107581449754292
K28-019,377,5665.600508748254,5666.441117973836,return_cruise,True,False,True,True,True,6.163569029551141
K28-019,378,5666.441117973836,5667.571969337446,return_cruise,True,False,True,True,True,6.219918313511414
K28-019,379,5667.571969337446,5668.702820701055,return_cruise,True,False,True,True,True,6.296302498228087
K28-019,380,5668.702820701055,5669.022548535759,return_cruise,True,False,True,True,True,6.373361435369077
K28-019,381,5669.022548535759,5669.342276370462,return_cruise,True,False,True,True,True,6.3952724608416815
K28-019,382,5669.342276370462,5670.153399899368,return_cruise,True,False,True,True,True,6.4172386546098465
K28-019,383,5670.153399899368,5670.964523428274,return_cruise,True,False,True,True,True,6.47321449856166
K28-019,384,5670.964523428274,5672.095374791869,return_cruise,True,False,True,True,True,6.52955178151322
K28-019,385,5672.095374791869,5673.226226155464,return_cruise,True,False,True,True,True,6.6087081094205615
K28-019,386,5673.226226155464,5673.575439686624,return_cruise,True,False,True,True,True,6.688589051002452
K28-019,387,5673.575439686624,5673.924653217784,return_cruise,True,False,True,True,True,6.713405249052073
K28-019,388,5673.924653217784,5674.706291050248,return_cruise,True,False,True,True,True,6.738292214443064
K28-019,389,5674.706291050248,5675.487928882712,return_cruise,True,False,True,True,True,6.794254758463367
K28-019,390,5675.487928882712,5676.618780246307,return_cruise,True,False,True,True,True,6.850578443140037
K28-019,391,5676.618780246307,5677.749631609902,return_cruise,True,False,True,True,True,6.932714664058366
K28-019,392,5677.749631609902,5678.128330837505,return_cruise,True,False,True,True,True,7.0156310674184965
K28-019,393,5678.128330837505,5678.507030065108,return_cruise,True,False,True,True,True,7.04357504975053
K28-019,394,5678.507030065108,5679.2591822011,return_cruise,True,False,True,True,True,7.07160876064367
K28-019,395,5679.2591822011,5680.011334337092,return_cruise,True,False,True,True,True,7.127556174624345
K28-019,396,5680.011334337092,5681.142185700716,return_cruise,True,False,True,True,True,7.183864392230063
K28-019,397,5681.142185700716,5682.27303706434,return_cruise,True,False,True,True,True,7.26921238504093
K28-019,398,5682.27303706434,5682.68122198862,return_cruise,True,False,True,True,True,7.355402736679423
K28-019,399,5682.68122198862,5683.089406912899,return_cruise,True,False,True,True,True,7.386723571827034
K28-019,400,5683.089406912899,5683.812073352215,return_cruise,True,False,True,True,True,7.418157127847778
K28-019,401,5683.812073352215,5684.53473979153,return_cruise,True,False,True,True,True,7.474087258545808
K28-019,402,5684.53473979153,5685.66559115514,return_cruise,True,False,True,True,True,7.530377810532315
K28-019,403,5685.66559115514,5686.796442518749,return_cruise,True,False,True,True,True,7.619197446144241
K28-019,404,5686.796442518749,5687.234113139485,return_cruise,True,False,True,True,True,7.708929308200069
K28-019,405,5687.234113139485,5687.671783760221,return_cruise,True,False,True,True,True,7.743906859448003
K28-019,406,5687.671783760221,5688.364964503095,return_cruise,True,False,True,True,True,7.779024979816583
K28-019,407,5688.364964503095,5689.058145245968,return_cruise,True,False,True,True,True,7.834935278653376
K28-019,408,5689.058145245968,5690.188996609563,return_cruise,True,False,True,True,True,7.891205563055024
K28-019,409,5690.188996609563,5691.319847973158,return_cruise,True,False,True,True,True,7.983789367064674
K28-019,410,5691.319847973158,5691.787004290351,return_cruise,True,False,True,True,True,8.077364269783828
K28-019,411,5691.787004290351,5692.254160607545,return_cruise,True,False,True,True,True,8.116314453696333
K28-019,412,5692.254160607545,5692.9178556539755,return_cruise,True,False,True,True,True,8.155438934994578
K28-019,413,5692.9178556539755,5693.581550700406,return_cruise,True,False,True,True,True,8.211326365852585
K28-019,414,5693.581550700406,5694.712402064001,return_cruise,True,False,True,True,True,8.267573283218312
K28-019,415,5694.712402064001,5695.843253427596,return_cruise,True,False,True,True,True,8.364252103631344
K28-019,416,5695.843253427596,5696.339895441466,return_cruise,True,False,True,True,True,8.462011503492988
K28-019,417,5696.339895441466,5696.836537455336,return_cruise,True,False,True,True,True,8.50529271162496
K28-019,418,5696.836537455336,5697.470746805061,return_cruise,True,False,True,True,True,8.54878910638675
K28-019,419,5697.470746805061,5698.104956154786,return_cruise,True,False,True,True,True,8.604650026812777
K28-019,420,5698.104956154786,5699.23580751841,return_cruise,True,False,True,True,True,8.660869859043032
K28-019,421,5699.23580751841,5700.366658882034,return_cruise,True,False,True,True,True,8.76201980829984
K28-019,422,5700.366658882034,5700.892786592346,return_cruise,True,False,True,True,True,8.86435240027977
K28-019,423,5700.892786592346,5701.418914302658,return_cruise,True,False,True,True,True,8.912373404147175
K28-019,424,5701.418914302658,5702.023637955941,return_cruise,True,False,True,True,True,8.960659260095568
K28-019,425,5702.023637955941,5702.628361609224,return_cruise,True,False,True,True,True,9.016489266706941
K28-019,426,5702.628361609224,5703.759212972819,return_cruise,True,False,True,True,True,9.072677519364177
K28-019,427,5703.759212972819,5704.890064336414,return_cruise,True,False,True,True,True,9.17872854699317
K28-019,428,5704.890064336414,5705.445677743198,return_cruise,True,False,True,True,True,9.286079313661745
K28-019,429,5705.445677743198,5706.001291149982,return_cruise,True,False,True,True,True,9.339309079837477
K28-019,430,5706.001291149982,5706.576529106822,return_cruise,True,False,True,True,True,9.392864194286815
K28-019,431,5706.576529106822,5707.151767063662,return_cruise,True,False,True,True,True,9.448657918867141
K28-019,432,5707.151767063662,5708.282618427257,return_cruise,True,False,True,True,True,9.504809113291259
K28-019,433,5708.282618427257,5709.413469790852,return_cruise,True,False,True,True,True,9.616255685828108
K28-019,434,5709.413469790852,5709.9985688943125,return_cruise,True,False,True,True,True,9.729137197034063
K28-019,435,5709.9985688943125,5710.583667997773,return_cruise,True,False,True,True,True,9.788117187144152
K28-019,436,5710.583667997773,5711.129420257922,return_cruise,True,False,True,True,True,9.847496490746607
K28-019,437,5711.129420257922,5711.675172518071,return_cruise,True,False,True,True,True,9.903247328419639
K28-019,438,5711.675172518071,5712.806023881681,return_cruise,True,False,True,True,True,9.95935472447583
K28-019,439,5712.806023881681,5713.93687524529,return_cruise,True,False,True,True,True,10.07676925775398
K28-019,440,5713.93687524529,5714.551460045193,return_cruise,True,False,True,True,True,10.195775917791735
K28-019,441,5714.551460045193,5715.166044845097,return_cruise,True,False,True,True,True,10.261135658176755
K28-019,442,5715.166044845097,5715.682311408789,return_cruise,True,False,True,True,True,10.3269855692578
K28-019,443,5715.682311408789,5716.198577972482,return_cruise,True,False,True,True,True,10.382685310772032
K28-019,444,5716.198577972482,5717.329429336106,return_cruise,True,False,True,True,True,10.438740531972655
K28-019,445,5717.329429336106,5718.46028069973,return_cruise,True,False,True,True,True,10.56279045957558
K28-019,446,5718.46028069973,5719.104351196075,return_cruise,True,False,True,True,True,10.688616660017743
K28-019,447,5719.104351196075,5719.74842169242,return_cruise,True,False,True,True,True,10.761093665901456
K28-019,448,5719.74842169242,5720.23520255967,return_cruise,True,False,True,True,True,10.834173082770775
K28-019,449,5720.23520255967,5720.72198342692,return_cruise,True,False,True,True,True,10.889811409404501
K28-019,450,5720.72198342692,5721.852834790515,return_cruise,True,False,True,True,True,10.945803927899007
K28-019,451,5721.852834790515,5722.98368615411,return_cruise,True,False,True,True,True,11.077273632478907
K28-019,452,5722.98368615411,5723.657242347161,return_cruise,True,False,True,True,True,11.210737144983128
K28-019,453,5723.657242347161,5724.330798540212,return_cruise,True,False,True,True,True,11.29120271907074
K28-019,454,5724.330798540212,5724.788093710785,return_cruise,True,False,True,True,True,11.372410292660007
K28-019,455,5724.788093710785,5725.245388881358,return_cruise,True,False,True,True,True,11.427974070782057
K28-019,456,5725.245388881358,5726.376240244953,return_cruise,True,False,True,True,True,11.483890488361212
K28-019,457,5726.376240244953,5727.507091608548,return_cruise,True,False,True,True,True,11.62370982204375
K28-019,458,5727.507091608548,5728.210133498042,return_cruise,True,False,True,True,True,11.765782315389544
K28-019,459,5728.210133498042,5728.913175387535,return_cruise,True,False,True,True,True,11.855275382864676
K28-019,460,5728.913175387535,5729.340984861652,return_cruise,True,False,True,True,True,11.9456854155912
K28-019,461,5729.340984861652,5729.768794335768,return_cruise,True,False,True,True,True,12.001157693061387
K28-019,462,5729.768794335768,5730.899645699377,return_cruise,True,False,True,True,True,12.056980718236147
K28-019,463,5730.899645699377,5732.030497062987,return_cruise,True,False,True,True,True,12.206262576469044
K28-019,464,5732.030497062987,5732.7630246489225,return_cruise,True,False,True,True,True,12.358109957832255
K28-019,465,5732.7630246489225,5733.495552234858,return_cruise,True,False,True,True,True,12.457882060165971
K28-019,466,5733.495552234858,5733.8938760125175,return_cruise,True,False,True,True,True,12.558792435012137
K28-019,467,5733.8938760125175,5734.292199790177,return_cruise,True,False,True,True,True,12.614150982818572
K28-019,468,5734.292199790177,5735.423051153801,return_cruise,True,False,True,True,True,12.669857944683173
K28-019,469,5735.423051153801,5736.553902517425,return_cruise,True,False,True,True,True,12.829948463734937
K28-019,470,5736.553902517425,5737.315915800037,return_cruise,True,False,True,True,True,12.992984970038847
K28-019,471,5737.315915800037,5738.0779290826495,return_cruise,True,False,True,True,True,13.104560997678448
K28-019,472,5738.0779290826495,5738.446767163632,return_cruise,True,False,True,True,True,13.21755815461384
K28-019,473,5738.446767163632,5738.815605244615,return_cruise,True,False,True,True,True,13.272773297955155
K28-019,474,5738.815605244615,5739.94645660821,return_cruise,True,False,True,True,True,13.328333936512834
K28-019,475,5739.94645660821,5741.077307971805,return_cruise,True,False,True,True,True,13.50088056288753
K28-019,476,5741.077307971805,5741.868806950889,return_cruise,True,False,True,True,True,13.676842393762044
K28-019,477,5741.868806950889,5742.660305929973,return_cruise,True,False,True,True,True,13.802103882498244
K28-019,478,5742.660305929973,5742.999658314513,return_cruise,True,False,True,True,True,13.929152355340932
K28-019,479,5742.999658314513,5743.339010699053,return_cruise,True,False,True,True,True,13.984183661395917
K28-019,480,5743.339010699053,5744.469862062648,return_cruise,True,False,True,True,True,14.039556753929801
K28-019,481,5744.469862062648,5745.600713426243,return_cruise,True,False,True,True,True,14.226602003874746
K28-019,482,5745.600713426243,5746.421698101769,return_cruise,True,False,True,True,True,14.41764914830648
K28-019,483,5746.421698101769,5747.242682777295,return_cruise,True,False,True,True,True,14.558950453029212
K28-019,484,5747.242682777295,5747.552549465378,return_cruise,True,False,True,True,True,14.702518373345498
K28-019,485,5747.552549465378,5747.862416153462,return_cruise,True,False,True,True,True,14.757309438670447
K28-019,486,5747.862416153462,5748.993267517071,return_cruise,True,False,True,True,True,14.812437491922495
K28-019,487,5748.993267517071,5750.124118880681,return_cruise,True,False,True,True,True,15.016550160642126
K28-019,488,5750.124118880681,5750.974589252884,return_cruise,True,False,True,True,True,15.225409449526168
K28-019,489,5750.974589252884,5751.825059625086,return_cruise,True,False,True,True,True,15.385742536829184
K28-019,490,5751.825059625086,5752.1054406164785,return_cruise,True,False,True,True,True,15.548980577890234
K28-019,491,5752.1054406164785,5752.385821607871,return_cruise,True,False,True,True,True,15.60345053830369
K28-019,492,5752.385821607871,5753.51667297148,return_cruise,True,False,True,True,True,15.658251147070914
K28-019,493,5753.51667297148,5754.64752433509,return_cruise,True,False,True,True,True,15.882712675012456
K28-019,494,5754.64752433509,5755.52748040375,return_cruise,True,False,True,True,True,16.112881639118598
K28-019,495,5755.52748040375,5756.40743647241,return_cruise,True,False,True,True,True,16.29611351710429
K28-019,496,5756.40743647241,5756.658331767359,return_cruise,True,False,True,True,True,16.483113954901214
K28-019,497,5756.658331767359,5756.909227062309,return_cruise,True,False,True,True,True,16.53714310027786
K28-019,498,5756.909227062309,5758.040078425904,return_cruise,True,False,True,True,True,16.591494312741602
K28-019,499,5758.040078425904,5759.170929789499,return_cruise,True,False,True,True,True,16.840566441644455
K28-019,500,5759.170929789499,5760.080371554733,return_cruise,True,False,True,True,True,17.096606537115576
K28-019,501,5760.080371554733,5760.989813319967,return_cruise,True,False,True,True,True,17.307825011361956
K28-019,502,5760.989813319967,5761.211222918357,return_cruise,True,False,True,True,True,17.524000220810322
K28-019,503,5761.211222918357,5761.432632516747,return_cruise,True,False,True,True,True,17.577404483093275
K28-019,504,5761.432632516747,5762.563483880342,return_cruise,True,False,True,True,True,17.631118864711112
K28-019,505,5762.563483880342,5763.694335243937,return_cruise,True,False,True,True,True,17.910428203474282
K28-019,506,5763.694335243937,5764.63326270573,return_cruise,True,False,True,True,True,18.198384745567097
K28-019,507,5764.63326270573,5765.572190167523,return_cruise,True,False,True,True,True,18.444400232664634
K28-019,508,5765.572190167523,5765.764114069325,return_cruise,True,False,True,True,True,18.69703112066219
K28-019,509,5765.764114069325,5765.9560379711265,return_cruise,True,False,True,True,True,18.749514390028992
K28-019,510,5765.9560379711265,5767.086889334751,return_cruise,True,False,True,True,True,18.802290592275597
K28-019,511,5767.086889334751,5768.217740698375,return_cruise,True,False,True,True,True,19.11936521983536
K28-019,512,5768.217740698375,5769.186153856611,return_cruise,True,False,True,True,True,19.447343190206695
K28-019,513,5769.186153856611,5770.154567014847,return_cruise,True,False,True,True,True,19.737385205628357
K28-019,514,5770.154567014847,5770.317005220206,return_cruise,True,False,True,True,True,20.036368540267915
K28-019,515,5770.317005220206,5770.479443425565,return_cruise,True,False,True,True,True,20.08742806505026
K28-019,516,5770.479443425565,5771.610294789174,return_cruise,True,False,True,True,True,20.138754876011262
K28-019,517,5771.610294789174,5772.741146152784,return_cruise,True,False,True,True,True,20.503682898184167
K28-019,518,5772.741146152784,5773.739045007594,return_cruise,True,False,True,True,True,20.882502268859383
K28-019,519,5773.739045007594,5774.736943862404,return_cruise,True,False,True,True,True,21.22900977909201
K28-019,520,5774.736943862404,5774.869896371203,return_cruise,True,False,True,True,True,21.587621980781208
K28-019,521,5774.869896371203,5775.002848880003,return_cruise,True,False,True,True,True,21.636348293413306
K28-019,522,5775.002848880003,5776.133700243598,return_cruise,True,False,True,True,True,21.68530215131706
K28-019,523,5776.133700243598,5777.2645516071925,return_cruise,True,False,True,True,True,22.11109863941246
K28-019,524,5777.2645516071925,5778.291936158576,return_cruise,True,False,True,True,True,22.55437747244312
K28-019,525,5778.291936158576,5779.31932070996,return_cruise,True,False,True,True,True,22.97298378640356
K28-019,526,5779.31932070996,5779.4227875222,return_cruise,True,False,True,True,True,23.407307173506666
K28-019,527,5779.4227875222,5779.526254334441,return_cruise,True,False,True,True,True,23.45193712405478
K28-019,528,5779.526254334441,5780.657105698036,return_cruise,True,False,True,True,True,23.496731450805584
K28-019,529,5780.657105698036,5781.787957061631,return_cruise,True,False,True,True,True,23.997105022055266
K28-019,530,5781.787957061631,5782.844827309457,return_cruise,True,False,True,True,True,24.517310356462204
K28-019,531,5782.844827309457,5783.901697557284,return_cruise,True,False,True,True,True,25.021074075363558
K28-019,532,5783.901697557284,5783.975678673052,return_cruise,True,False,True,True,True,25.540794565839505
K28-019,533,5783.975678673052,5784.0496597888205,return_cruise,True,False,True,True,True,25.57772735751206
K28-019,534,5784.0496597888205,5785.1805111524445,return_cruise,True,False,True,True,True,25.61472795513434
K28-019,535,5785.1805111524445,5786.311362516069,return_cruise,True,False,True,True,True,26.187954447477225
K28-019,536,5786.311362516069,5787.397718460455,return_cruise,True,False,True,True,True,26.77191134651089
K28-019,537,5787.397718460455,5788.484074404841,return_cruise,True,False,True,True,True,27.3359365160194
K28-019,538,5788.484074404841,5788.52856982405,return_cruise,True,False,True,True,True,27.892637314212095
K28-019,539,5788.52856982405,5788.5730652432585,return_cruise,True,False,True,True,True,27.915089108754543
K28-019,540,5788.5730652432585,5789.703916606868,return_cruise,True,False,True,True,True,27.937503828684015
K28-019,541,5789.703916606868,5790.8347679704775,return_cruise,True,False,True,True,True,28.490839060973485
K28-019,542,5790.8347679704775,5791.950609611438,return_cruise,True,False,True,True,True,28.996496577668893
K28-019,543,5791.950609611438,5793.066451252399,return_cruise,True,False,True,True,True,29.421572052712207
K28-019,544,5793.066451252399,5793.081460975049,return_cruise,True,False,True,True,True,29.743728344586756
K28-019,545,5793.081460975049,5793.096470697698,return_cruise,True,False,True,True,True,29.747229068304677
K28-019,546,5793.096470697698,5794.075561808309,return_cruise,True,False,True,True,True,29.75070605559381
K28-019,547,5794.075561808309,5795.0546529189205,return_cruise,True,False,True,True,True,29.92362584195382
K28-019,548,5795.0546529189205,5867.732957972631,return_descent,True,False,True,True,True,29.982830377148545
K28-024,0,6126.840301881925,6235.055968385832,climb,True,False,True,True,True,23.968262608738186
K28-024,1,6235.055968385832,6235.9515812753325,cruise,True,False,True,True,True,23.955793579493374
K28-024,2,6235.9515812753325,6236.847194164833,cruise,True,False,True,True,True,23.918599862438654
K28-024,3,6236.847194164833,6237.881628086642,cruise,True,False,True,True,True,23.845712590674523
K28-024,4,6237.881628086642,6238.916062008451,cruise,True,False,True,True,True,23.74228602982923
K28-024,5,6238.916062008451,6239.95049593026,cruise,True,False,True,True,True,23.61047528280035
K28-024,6,6239.95049593026,6240.984929852069,cruise,True,False,True,True,True,23.452858591525114
K28-024,7,6240.984929852069,6242.019363773865,cruise,True,False,True,True,True,23.272286610578902
K28-024,8,6242.019363773865,6243.05379769566,cruise,True,False,True,True,True,23.071737007822676
K28-024,9,6243.05379769566,6243.306089583305,cruise,True,False,True,True,True,23.020133153604334
K28-024,10,6243.306089583305,6243.55838147095,cruise,True,False,True,True,True,22.967561071913366
K28-024,11,6243.55838147095,6244.340523505128,cruise,True,False,True,True,True,22.79887799178219
K28-024,12,6244.340523505128,6245.122665539306,cruise,True,False,True,True,True,22.622508487294652
K28-024,13,6245.122665539306,6246.157099461101,cruise,True,False,True,True,True,22.379396204804266
K28-024,14,6246.157099461101,6247.1915333828965,cruise,True,False,True,True,True,22.127314675959468
K28-024,15,6247.1915333828965,6248.225967304692,cruise,True,False,True,True,True,21.86847358480128
K28-024,16,6248.225967304692,6249.260401226487,cruise,True,False,True,True,True,21.604819123314243
K28-024,17,6249.260401226487,6250.294835148309,cruise,True,False,True,True,True,21.338039177943514
K28-024,18,6250.294835148309,6251.329269070131,cruise,True,False,True,True,True,21.069577660879048
K28-024,19,6251.329269070131,6252.363702991926,cruise,True,False,True,True,True,20.800654400016754
K28-024,20,6252.363702991926,6253.398136913722,cruise,True,False,True,True,True,20.53228781707061
K28-024,21,6253.398136913722,6254.432570835531,cruise,True,False,True,True,True,20.26531838808164
K28-024,22,6254.432570835531,6255.46700475734,cruise,True,False,True,True,True,20.00043152859668
K28-024,23,6255.46700475734,6256.501438679149,cruise,True,False,True,True,True,19.738179055467015
K28-024,24,6256.501438679149,6257.535872600958,cruise,True,False,True,True,True,19.478998757798735
K28-024,25,6257.535872600958,6258.5703065227535,cruise,True,False,True,True,True,19.22323187649998
K28-024,26,6258.5703065227535,6259.604740444549,cruise,True,False,True,True,True,18.97113847109506
K28-024,27,6259.604740444549,6260.639174366371,cruise,True,False,True,True,True,18.722910764528763
K28-024,28,6260.639174366371,6261.673608288193,cruise,True,False,True,True,True,18.47868462057157
K28-024,29,6261.673608288193,6262.414110816619,cruise,True,False,True,True,True,18.306363417766903
K28-024,30,6262.414110816619,6263.154613345045,cruise,True,False,True,True,True,18.136159743620055
K28-024,31,6263.154613345045,6263.448544738414,cruise,True,False,True,True,True,18.069189877847705
K28-024,32,6263.448544738414,6263.742476131783,cruise,True,False,True,True,True,18.002555965331197
K28-024,33,6263.742476131783,6264.776910053579,cruise,True,False,True,True,True,17.770724298298376
K28-024,34,6264.776910053579,6265.811343975374,cruise,True,False,True,True,True,17.543048783948464
K28-024,35,6265.811343975374,6266.845777897196,cruise,True,False,True,True,True,17.319503445958333
K28-024,36,6266.845777897196,6267.880211819018,cruise,True,False,True,True,True,17.10004600207091
K28-024,37,6267.880211819018,6268.914645740813,cruise,True,False,True,True,True,16.884621289523977
K28-024,38,6268.914645740813,6269.949079662609,cruise,True,False,True,True,True,16.673164108005764
K28-024,39,6269.949079662609,6270.983513584418,cruise,True,False,True,True,True,16.465601573050037
K28-024,40,6270.983513584418,6272.017947506227,cruise,True,False,True,True,True,16.261855058885118
K28-024,41,6272.017947506227,6273.052381428036,cruise,True,False,True,True,True,16.061841797669587
K28-024,42,6273.052381428036,6274.086815349845,cruise,True,False,True,True,True,15.865476191805143
K28-024,43,6274.086815349845,6275.12124927164,cruise,True,False,True,True,True,15.672670886814188
K28-024,44,6275.12124927164,6276.155683193436,cruise,True,False,True,True,True,15.483337644764802
K28-024,45,6276.155683193436,6277.190117115245,cruise,True,False,True,True,True,15.297388051702058
K28-024,46,6277.190117115245,6278.224551037054,cruise,True,False,True,True,True,15.11473408714599
K28-024,47,6278.224551037054,6279.258984958863,cruise,True,False,True,True,True,14.93528857898464
K28-024,48,6279.258984958863,6280.293418880672,cruise,True,False,True,True,True,14.75896556343109
K28-024,49,6280.293418880672,6281.3278528024675,cruise,True,False,True,True,True,14.5856805662916
K28-024,50,6281.3278528024675,6282.362286724263,cruise,True,False,True,True,True,14.415350819210587
K28-024,51,6282.362286724263,6282.556565971702,cruise,True,False,True,True,True,14.383683848828184
K28-024,52,6282.556565971702,6282.750845219141,cruise,True,False,True,True,True,14.35211773261895
K28-024,53,6282.750845219141,6283.590999893525,cruise,True,False,True,True,True,14.216759425906432
K28-024,54,6283.590999893525,6284.431154567908,cruise,True,False,True,True,True,14.083235462043405
K28-024,55,6284.431154567908,6285.465588489704,cruise,True,False,True,True,True,13.921294094393716
K28-024,56,6285.465588489704,6286.500022411499,cruise,True,False,True,True,True,13.761996596087059
K28-024,57,6286.500022411499,6287.534456333295,cruise,True,False,True,True,True,13.60527039334805
K28-024,58,6287.534456333295,6288.56889025509,cruise,True,False,True,True,True,13.451045070215656
K28-024,59,6288.56889025509,6289.603324176912,cruise,True,False,True,True,True,13.299252361230486
K28-024,60,6289.603324176912,6290.637758098734,cruise,True,False,True,True,True,13.149826131346842
K28-024,61,6290.637758098734,6291.672192020529,cruise,True,False,True,True,True,13.002702345807222
K28-024,62,6291.672192020529,6292.7066259423245,cruise,True,False,True,True,True,12.857819032103393
K28-024,63,6292.7066259423245,6293.741059864134,cruise,True,False,True,True,True,12.715116235878966
K28-024,64,6293.741059864134,6294.775493785943,cruise,True,False,True,True,True,12.574535972252647
K28-024,65,6294.775493785943,6295.809927707752,cruise,True,False,True,True,True,12.436022173716637
K28-024,66,6295.809927707752,6296.844361629561,cruise,True,False,True,True,True,12.299520635787033
K28-024,67,6296.844361629561,6297.878795551356,cruise,True,False,True,True,True,12.164978961082838
K28-024,68,6297.878795551356,6298.913229473152,cruise,True,False,True,True,True,12.032346502590187
K28-024,69,6298.913229473152,6299.9476633949735,cruise,True,False,True,True,True,11.90157430668755
K28-024,70,6299.9476633949735,6300.982097316795,cruise,True,False,True,True,True,11.772615056276933
K28-024,71,6300.982097316795,6301.664587204515,cruise,True,False,True,True,True,11.688501819480678
K28-024,72,6301.664587204515,6302.347077092234,cruise,True,False,True,True,True,11.605145044459263
K28-024,73,6302.347077092234,6302.69902112631,cruise,True,False,True,True,True,11.562451431362689
K28-024,74,6302.69902112631,6303.050965160386,cruise,True,False,True,True,True,11.519953969405009
K28-024,75,6303.050965160386,6304.0853990821815,cruise,True,False,True,True,True,11.396165179194028
K28-024,76,6304.0853990821815,6305.119833003977,cruise,True,False,True,True,True,11.27401531936765
K28-024,77,6305.119833003977,6306.154266925799,cruise,True,False,True,True,True,11.153464430660321
K28-024,78,6306.154266925799,6307.188700847621,cruise,True,False,True,True,True,11.034473868679427
K28-024,79,6307.188700847621,6308.223134769416,cruise,True,False,True,True,True,10.917006255006342
K28-024,80,6308.223134769416,6309.257568691211,cruise,True,False,True,True,True,10.801025429825145
K28-024,81,6309.257568691211,6310.2920026130205,cruise,True,False,True,True,True,10.686496406175081
K28-024,82,6310.2920026130205,6311.32643653483,cruise,True,False,True,True,True,10.573385325732048
K28-024,83,6311.32643653483,6312.360870456639,cruise,True,False,True,True,True,10.461659416237495
K28-024,84,6312.360870456639,6313.395304378448,cruise,True,False,True,True,True,10.351286950429383
K28-024,85,6313.395304378448,6314.429738300243,cruise,True,False,True,True,True,10.242237206548765
K28-024,86,6314.429738300243,6315.4641722220385,cruise,True,False,True,True,True,10.134480430368342
K28-024,87,6315.4641722220385,6316.49860614386,cruise,True,False,True,True,True,10.027987798653143
K28-024,88,6316.49860614386,6317.533040065682,cruise,True,False,True,True,True,9.922731384106939
K28-024,89,6317.533040065682,6318.567473987478,cruise,True,False,True,True,True,9.81868412167816
K28-024,90,6318.567473987478,6319.601907909273,cruise,True,False,True,True,True,9.715819776232308
K28-024,91,6319.601907909273,6320.636341831068,cruise,True,False,True,True,True,9.614112911543927
K28-024,92,6320.636341831068,6321.670775752864,cruise,True,False,True,True,True,9.513538860514004
K28-024,93,6321.670775752864,6321.807042359596,cruise,True,False,True,True,True,9.50037334618645
K28-024,94,6321.807042359596,6321.943308966329,cruise,True,False,True,True,True,9.487227019557693
K28-024,95,6321.943308966329,6322.841476281419,cruise,True,False,True,True,True,9.401052511256893
K28-024,96,6322.841476281419,6323.739643596509,cruise,True,False,True,True,True,9.31569420664934
K28-024,97,6323.739643596509,6324.774077518305,cruise,True,False,True,True,True,9.218377864217047
K28-024,98,6324.774077518305,6325.8085114401,cruise,True,False,True,True,True,9.122102804824891
K28-024,99,6325.8085114401,6326.8429453618955,cruise,True,False,True,True,True,9.026847801616611
K28-024,100,6326.8429453618955,6327.877379283691,cruise,True,False,True,True,True,8.932592242261748
K28-024,101,6327.877379283691,6328.911813205513,cruise,True,False,True,True,True,8.839316106765764
K28-024,102,6328.911813205513,6329.946247127335,cruise,True,False,True,True,True,8.746999946199878
K28-024,103,6329.946247127335,6330.98068104913,cruise,True,False,True,True,True,8.655624862316287
K28-024,104,6330.98068104913,6332.015114970925,cruise,True,False,True,True,True,8.565172487962897
K28-024,105,6332.015114970925,6333.0495488927345,cruise,True,False,True,True,True,8.475624968335254
K28-024,106,6333.0495488927345,6334.083982814544,cruise,True,False,True,True,True,8.386964942991327
K28-024,107,6334.083982814544,6335.118416736353,cruise,True,False,True,True,True,8.299175528576711
K28-024,108,6335.118416736353,6336.152850658162,cruise,True,False,True,True,True,8.212240302270914
K28-024,109,6336.152850658162,6337.187284579957,cruise,True,False,True,True,True,8.126143285902444
K28-024,110,6337.187284579957,6338.221718501753,cruise,True,False,True,True,True,8.040868930690621
K28-024,111,6338.221718501753,6339.256152423574,cruise,True,False,True,True,True,7.956402102614277
K28-024,112,6339.256152423574,6340.290586345396,cruise,True,False,True,True,True,7.872728068363557
K28-024,113,6340.290586345396,6340.91506359291,cruise,True,False,True,True,True,7.822592625569271
K28-024,114,6340.91506359291,6341.539540840424,cruise,True,False,True,True,True,7.7727377843364565
K28-024,115,6341.539540840424,6341.949497514705,cruise,True,False,True,True,True,7.740160193353532
K28-024,116,6341.949497514705,6342.359454188987,cruise,True,False,True,True,True,7.707701371244696
K28-024,117,6342.359454188987,6343.393888110782,cruise,True,False,True,True,True,7.626321126538642
K28-024,118,6343.393888110782,6344.428322032578,cruise,True,False,True,True,True,7.545678487590436
K28-024,119,6344.428322032578,6345.4627559544,cruise,True,False,True,True,True,7.465760532638669
K28-024,120,6345.4627559544,6346.4971898762215,cruise,True,False,True,True,True,7.386554667269962
K28-024,121,6346.4971898762215,6347.531623798017,cruise,True,False,True,True,True,7.308048613797041
K28-024,122,6347.531623798017,6348.566057719812,cruise,True,False,True,True,True,7.230230401063949
K28-024,123,6348.566057719812,6349.600491641621,cruise,True,False,True,True,True,7.153088354634534
K28-024,124,6349.600491641621,6350.63492556343,cruise,True,False,True,True,True,7.076611087362409
K28-024,125,6350.63492556343,6351.6693594852395,cruise,True,False,True,True,True,7.000787490303381
K28-024,126,6351.6693594852395,6352.703793407049,cruise,True,False,True,True,True,6.925606723997191
K28-024,127,6352.703793407049,6353.738227328844,cruise,True,False,True,True,True,6.851058210043377
K28-024,128,6353.738227328844,6354.772661250639,cruise,True,False,True,True,True,6.777131623024303
K28-024,129,6354.772661250639,6355.807095172461,cruise,True,False,True,True,True,6.7038168827074855
K28-024,130,6355.807095172461,6356.841529094283,cruise,True,False,True,True,True,6.631104146547216
K28-024,131,6356.841529094283,6357.8759630160785,cruise,True,False,True,True,True,6.558983802459579
K28-024,132,6357.8759630160785,6358.910396937874,cruise,True,False,True,True,True,6.4874464618491885
K28-024,133,6358.910396937874,6359.944830859669,cruise,True,False,True,True,True,6.4164829529134835
K28-024,134,6359.944830859669,6360.979264781465,cruise,True,False,True,True,True,6.346084314168436
K28-024,135,6360.979264781465,6361.057518747491,cruise,True,False,True,True,True,6.340781456934607
K28-024,136,6361.057518747491,6361.135772713516,cruise,True,False,True,True,True,6.335481778375495
K28-024,137,6361.135772713516,6362.091952669313,cruise,True,False,True,True,True,6.270980649708235
K28-024,138,6362.091952669313,6363.04813262511,cruise,True,False,True,True,True,6.206946815737723
K28-024,139,6363.04813262511,6364.082566546906,cruise,True,False,True,True,True,6.138191029697026
K28-024,140,6364.082566546906,6365.117000468701,cruise,True,False,True,True,True,6.069966249743985
K28-024,141,6365.117000468701,6366.151434390496,cruise,True,False,True,True,True,6.002264476815029
K28-024,142,6366.151434390496,6367.185868312292,cruise,True,False,True,True,True,5.935077887934952
K28-024,143,6367.185868312292,6368.220302234114,cruise,True,False,True,True,True,5.868398831198675
K28-024,144,6368.220302234114,6369.2547361559355,cruise,True,False,True,True,True,5.80221982089553
K28-024,145,6369.2547361559355,6370.289170077731,cruise,True,False,True,True,True,5.736533532856356
K28-024,146,6370.289170077731,6371.323603999526,cruise,True,False,True,True,True,5.671332799893051
K28-024,147,6371.323603999526,6372.358037921335,cruise,True,False,True,True,True,5.606610607455636
K28-024,148,6372.358037921335,6373.392471843144,cruise,True,False,True,True,True,5.542360089403616
K28-024,149,6373.392471843144,6374.4269057649535,cruise,True,False,True,True,True,5.478574523911078
K28-024,150,6374.4269057649535,6375.461339686763,cruise,True,False,True,True,True,5.415247329541913
K28-024,151,6375.461339686763,6376.495773608558,cruise,True,False,True,True,True,5.352372061420581
K28-024,152,6376.495773608558,6377.530207530353,cruise,True,False,True,True,True,5.289942407548267
K28-024,153,6377.530207530353,6378.564641452175,cruise,True,False,True,True,True,5.227952185246465
K28-024,154,6378.564641452175,6379.599075373997,cruise,True,False,True,True,True,5.166395337690233
K28-024,155,6379.599075373997,6380.165539980804,cruise,True,False,True,True,True,5.1328677953221415
K28-024,156,6380.165539980804,6380.732004587611,cruise,True,False,True,True,True,5.099467470267044
K28-024,157,6380.732004587611,6381.1999739026,cruise,True,False,True,True,True,5.071969986613283
K28-024,158,6381.1999739026,6381.667943217588,cruise,True,False,True,True,True,5.04455814894493
K28-024,159,6381.667943217588,6382.702377139383,cruise,True,False,True,True,True,4.984266293924875
K28-024,160,6382.702377139383,6383.736811061179,cruise,True,False,True,True,True,4.924384779841873
K28-024,161,6383.736811061179,6384.7712449830005,cruise,True,False,True,True,True,4.86490813122073
K28-024,162,6384.7712449830005,6385.805678904822,cruise,True,False,True,True,True,4.805830979971489
K28-024,163,6385.805678904822,6386.840112826618,cruise,True,False,True,True,True,4.747148062620752
K28-024,164,6386.840112826618,6387.874546748413,cruise,True,False,True,True,True,4.688854217671832
K28-024,165,6387.874546748413,6388.908980670222,cruise,True,False,True,True,True,4.630944383007034
K28-024,166,6388.908980670222,6389.943414592031,cruise,True,False,True,True,True,4.573413593398129
K28-024,167,6389.943414592031,6390.97784851384,cruise,True,False,True,True,True,4.516256978086602
K28-024,168,6390.97784851384,6392.0122824356495,cruise,True,False,True,True,True,4.459469758421122
K28-024,169,6392.0122824356495,6393.046716357445,cruise,True,False,True,True,True,4.4030472455986285
K28-024,170,6393.046716357445,6394.08115027924,cruise,True,False,True,True,True,4.346984838440548
K28-024,171,6394.08115027924,6395.115584201062,cruise,True,False,True,True,True,4.291278021252992
K28-024,172,6395.115584201062,6396.150018122884,cruise,True,False,True,True,True,4.2359223617660575
K28-024,173,6396.150018122884,6397.184452044679,cruise,True,False,True,True,True,4.180913509091695
K28-024,174,6397.184452044679,6398.218885966475,cruise,True,False,True,True,True,4.126247191790284
K28-024,175,6398.218885966475,6399.25331988827,cruise,True,False,True,True,True,4.071919215959269
K28-024,176,6399.25331988827,6400.287753810066,cruise,True,False,True,True,True,4.017925463386803
K28-024,177,6400.287753810066,6400.307995135886,cruise,True,False,True,True,True,4.0168722452114025
K28-024,178,6400.307995135886,6400.328236461706,cruise,True,False,True,True,True,4.015819153428666
K28-024,179,6400.328236461706,6401.342429057708,cruise,True,False,True,True,True,3.9632150925404517
K28-024,180,6401.342429057708,6402.356621653709,cruise,True,False,True,True,True,3.910924523010422
K28-024,181,6402.356621653709,6403.391055575505,cruise,True,False,True,True,True,3.8579094614376856
K28-024,182,6403.391055575505,6404.4254894973,cruise,True,False,True,True,True,3.805212872261663
K28-024,183,6404.4254894973,6405.459923419109,cruise,True,False,True,True,True,3.7528309899378343
K28-024,184,6405.459923419109,6406.494357340918,cruise,True,False,True,True,True,3.7007601146222555
K28-024,185,6406.494357340918,6407.528791262727,cruise,True,False,True,True,True,3.648996610681891
K28-024,186,6407.528791262727,6408.563225184536,cruise,True,False,True,True,True,3.597536905217865
K28-024,187,6408.563225184536,6409.597659106332,cruise,True,False,True,True,True,3.5463774866595514
K28-024,188,6409.597659106332,6410.632093028127,cruise,True,False,True,True,True,3.4955149033713724
K28-024,189,6410.632093028127,6411.666526949936,cruise,True,False,True,True,True,3.444945762316209
K28-024,190,6411.666526949936,6412.700960871745,cruise,True,False,True,True,True,3.394666727756203
K28-024,191,6412.700960871745,6413.735394793554,cruise,True,False,True,True,True,3.3446745199698
K28-024,192,6413.735394793554,6414.7698287153635,cruise,True,False,True,True,True,3.2949659140253686
K28-024,193,6414.7698287153635,6415.804262637159,cruise,True,False,True,True,True,3.245537738582186
K28-024,194,6415.804262637159,6416.838696558954,cruise,True,False,True,True,True,3.1963868747105835
K28-024,195,6416.838696558954,6417.873130480776,cruise,True,False,True,True,True,3.1475102547621248
K28-024,196,6417.873130480776,6418.907564402598,cruise,True,False,True,True,True,3.0989048612632075
K28-024,197,6418.907564402598,6419.416016368699,cruise,True,False,True,True,True,3.075112525056028
K28-024,198,6419.416016368699,6419.9244683348,cruise,True,False,True,True,True,3.0513846506558053
K28-024,199,6419.9244683348,6420.450450290495,cruise,True,False,True,True,True,3.026906172215533
K28-024,200,6420.450450290495,6420.97643224619,cruise,True,False,True,True,True,3.002495928132717
K28-024,201,6420.97643224619,6422.010866167985,cruise,True,False,True,True,True,2.954686594847203
K28-024,202,6422.010866167985,6423.0453000897805,cruise,True,False,True,True,True,2.907136898692727
K28-024,203,6423.0453000897805,6424.079734011602,cruise,True,False,True,True,True,2.859844057436078
K28-024,204,6424.079734011602,6425.114167933424,cruise,True,False,True,True,True,2.8128053329640608
K28-024,205,6425.114167933424,6426.14860185522,cruise,True,False,True,True,True,2.766018030360499
K28-024,206,6426.14860185522,6427.183035777015,cruise,True,False,True,True,True,2.7194794969997673
K28-024,207,6427.183035777015,6428.217469698824,cruise,True,False,True,True,True,2.6731871216898924
K28-024,208,6428.217469698824,6429.251903620633,cruise,True,False,True,True,True,2.627138333807622
K28-024,209,6429.251903620633,6430.286337542442,cruise,True,False,True,True,True,2.5813306024756173
K28-024,210,6430.286337542442,6431.320771464251,cruise,True,False,True,True,True,2.5357614357549494
K28-024,211,6431.320771464251,6432.355205386047,cruise,True,False,True,True,True,2.4904283798546345
K28-024,212,6432.355205386047,6433.389639307842,cruise,True,False,True,True,True,2.4453290183658396
K28-024,213,6433.389639307842,6434.424073229664,cruise,True,False,True,True,True,2.4004609715001948
K28-024,214,6434.424073229664,6435.458507151486,cruise,True,False,True,True,True,2.355821895383812
K28-024,215,6435.458507151486,6436.492941073281,cruise,True,False,True,True,True,2.311409481317824
K28-024,216,6436.492941073281,6437.527374995077,cruise,True,False,True,True,True,2.2672214550974132
K28-024,217,6437.527374995077,6438.524037602487,cruise,True,False,True,True,True,2.224857064040208
K28-024,218,6438.524037602487,6439.520700209897,cruise,True,False,True,True,True,2.182696918745947
K28-024,219,6439.520700209897,6439.558471524282,cruise,True,False,True,True,True,2.1811031330448856
K28-024,220,6439.558471524282,6439.596242838667,cruise,True,False,True,True,True,2.179509637786481
K28-024,221,6439.596242838667,6440.630676760489,cruise,True,False,True,True,True,2.135981464714277
K28-024,222,6440.630676760489,6441.665110682311,cruise,True,False,True,True,True,2.0926689142584536
K28-024,223,6441.665110682311,6442.699544604106,cruise,True,False,True,True,True,2.0495698748156457
K28-024,224,6442.699544604106,6443.733978525902,cruise,True,False,True,True,True,2.006682265439295
K28-024,225,6443.733978525902,6444.768412447711,cruise,True,False,True,True,True,1.9640040352525716
K28-024,226,6444.768412447711,6445.80284636952,cruise,True,False,True,True,True,1.9215331628873713
K28-024,227,6445.80284636952,6446.837280291329,cruise,True,False,True,True,True,1.8792676559013444
K28-024,228,6446.837280291329,6447.871714213138,cruise,True,False,True,True,True,1.8372055502518663
K28-024,229,6447.871714213138,6448.906148134934,cruise,True,False,True,True,True,1.7953449097615533
K28-024,230,6448.906148134934,6449.940582056729,cruise,True,False,True,True,True,1.7536838255839058
K28-024,231,6449.940582056729,6450.975015978538,cruise,True,False,True,True,True,1.7122204157102487
K28-024,232,6450.975015978538,6452.009449900347,cruise,True,False,True,True,True,1.670952824459917
K28-024,233,6452.009449900347,6453.043883822156,cruise,True,False,True,True,True,1.6298792219991753
K28-024,234,6453.043883822156,6454.078317743965,cruise,True,False,True,True,True,1.588997803872914
K28-024,235,6454.078317743965,6455.112751665761,cruise,True,False,True,True,True,1.5483067905288124
K28-024,236,6455.112751665761,6456.147185587556,cruise,True,False,True,True,True,1.5078044268722266
K28-024,237,6456.147185587556,6457.181619509378,cruise,True,False,True,True,True,1.4674889818183345
K28-024,238,6457.181619509378,6458.2160534312,cruise,True,False,True,True,True,1.4273587478651706
K28-024,239,6458.2160534312,6458.6664927570955,cruise,True,False,True,True,True,1.40994168422165
K28-024,240,6458.6664927570955,6459.116932082991,cruise,True,False,True,True,True,1.3925592815474914
K28-024,241,6459.116932082991,6459.700926678892,cruise,True,False,True,True,True,1.370074372241092
K28-024,242,6459.700926678892,6460.284921274792,cruise,True,False,True,True,True,1.3476471985948422
K28-024,243,6460.284921274792,6461.319355196588,cruise,True,False,True,True,True,1.3080625823954648
K28-024,244,6461.319355196588,6462.353789118383,cruise,True,False,True,True,True,1.2686565747274443
K28-024,245,6462.353789118383,6463.388223040205,cruise,True,False,True,True,True,1.2294275798058152
K28-024,246,6463.388223040205,6464.422656962027,cruise,True,False,True,True,True,1.1903740230237219
K28-024,247,6464.422656962027,6465.457090883822,cruise,True,False,True,True,True,1.1514943505698199
K28-024,248,6465.457090883822,6466.491524805618,cruise,True,False,True,True,True,1.1127870290780493
K28-024,249,6466.491524805618,6467.525958727427,cruise,True,False,True,True,True,1.0742505452616058
K28-024,250,6467.525958727427,6468.560392649236,cruise,True,False,True,True,True,1.0358834055762713
K28-024,251,6468.560392649236,6469.594826571045,cruise,True,False,True,True,True,0.9976841358700455
K28-024,252,6469.594826571045,6470.629260492854,cruise,True,False,True,True,True,0.9596512810536382
K28-024,253,6470.629260492854,6471.663694414649,cruise,True,False,True,True,True,0.9217834047865665
K28-024,254,6471.663694414649,6472.698128336445,cruise,True,False,True,True,True,0.8840790891394334
K28-024,255,6472.698128336445,6473.732562258267,cruise,True,False,True,True,True,0.8465369342941358
K28-024,256,6473.732562258267,6474.766996180088,cruise,True,False,True,True,True,0.8091555582360144
K28-024,257,6474.766996180088,6475.801430101884,cruise,True,False,True,True,True,0.7719335964560514
K28-024,258,6475.801430101884,6476.835864023679,cruise,True,False,True,True,True,0.7348697016518742
K28-024,259,6476.835864023679,6477.774513989882,cruise,True,False,True,True,True,0.7013734318465907
K28-024,260,6477.774513989882,6478.713163956084,cruise,True,False,True,True,True,0.6680052339617646
K28-024,261,6478.713163956084,6478.808947911677,cruise,True,False,True,True,True,0.6646073598018063
K28-024,262,6478.808947911677,6478.90473186727,cruise,True,False,True,True,True,0.6612108081161807
K28-024,263,6478.90473186727,6479.939165789092,cruise,True,False,True,True,True,0.6246131982862835
K28-024,264,6479.939165789092,6480.973599710914,cruise,True,False,True,True,True,0.5881684326965768
K28-024,265,6480.973599710914,6482.008033632709,cruise,True,False,True,True,True,0.5518752459186373
K28-024,266,6482.008033632709,6483.042467554505,cruise,True,False,True,True,True,0.5157323880974332
K28-024,267,6483.042467554505,6484.076901476314,cruise,True,False,True,True,True,0.47973862470094275
K28-024,268,6484.076901476314,6485.111335398123,cruise,True,False,True,True,True,0.4438927362763536
K28-024,269,6485.111335398123,6486.145769319932,cruise,True,False,True,True,True,0.4081935181974927
K28-024,270,6486.145769319932,6487.180203241741,cruise,True,False,True,True,True,0.3726397804328485
K28-024,271,6487.180203241741,6488.214637163536,cruise,True,False,True,True,True,0.3372303473119018
K28-024,272,6488.214637163536,6489.249071085332,cruise,True,False,True,True,True,0.30196405729248
K28-024,273,6489.249071085332,6490.283505007141,cruise,True,False,True,True,True,0.26683976273793064
K28-024,274,6490.283505007141,6491.31793892895,cruise,True,False,True,True,True,0.23185632970091774
K28-024,275,6491.31793892895,6492.352372850759,cruise,True,False,True,True,True,0.19701263770012645
K28-024,276,6492.352372850759,6493.386806772568,cruise,True,False,True,True,True,0.16230757951232988
K28-024,277,6493.386806772568,6494.421240694363,cruise,True,False,True,True,True,0.1277400609708792
K28-024,278,6494.421240694363,6495.455674616159,cruise,True,False,True,True,True,0.09330900075117654
K28-024,279,6495.455674616159,6496.490108537981,cruise,True,False,True,True,True,0.05901333017760635
K28-024,280,6496.490108537981,6497.524542459802,cruise,True,False,True,True,True,0.024851993028676134
K28-024,281,6497.524542459802,6497.916969145493,cruise,True,False,True,True,True,0.011927351588710167
K28-024,282,6497.916969145493,6498.309395831183,cruise,False,True,True,True,True,-0.00097816391712513
K28-024,283,6498.309395831183,6498.951403067288,cruise,False,True,True,True,True,-0.02205040154250071
K28-024,284,6498.951403067288,6499.593410303393,cruise,False,True,True,True,True,-0.04307184476573411
K28-024,285,6499.593410303393,6500.627844225189,cruise,False,True,True,True,True,-0.07683639730238667
K28-024,286,6500.627844225189,6501.662278146984,cruise,False,True,True,True,True,-0.11047072056088325
K28-024,287,6501.662278146984,6502.696712068806,cruise,False,True,True,True,True,-0.1439758113095735
K28-024,288,6502.696712068806,6503.731145990628,cruise,False,True,True,True,True,-0.17735265495548447
K28-024,289,6503.731145990628,6504.765579912423,cruise,False,True,True,True,True,-0.210602225729275
K28-024,290,6504.765579912423,6505.800013834219,cruise,False,True,True,True,True,-0.24372548684131345
K28-024,291,6505.800013834219,6506.834447756028,cruise,False,True,True,True,True,-0.27672339065702545
K28-024,292,6506.834447756028,6507.868881677837,cruise,False,True,True,True,True,-0.30959687884688947
K28-024,293,6507.868881677837,6508.903315599646,cruise,False,True,True,True,True,-0.3423468825529312
K28-024,294,6508.903315599646,6509.937749521455,cruise,False,True,True,True,True,-0.3749743225452562
K28-024,295,6509.937749521455,6510.97218344325,cruise,False,True,True,True,True,-0.40748010936837886
K28-024,296,6510.97218344325,6512.006617365046,cruise,False,True,True,True,True,-0.43986514349900574
K28-024,297,6512.006617365046,6513.0410512868675,cruise,False,True,True,True,True,-0.4721303154906167
K28-024,298,6513.0410512868675,6514.075485208689,cruise,False,True,True,True,True,-0.504276506110827
K28-024,299,6514.075485208689,6515.109919130485,cruise,False,True,True,True,True,-0.5363045864980194
K28-024,300,6515.109919130485,6516.14435305228,cruise,False,True,True,True,True,-0.568215418287707
K28-024,301,6516.14435305228,6517.024990378277,cruise,False,True,True,True,True,-0.5952900837623645
K28-024,302,6517.024990378277,6517.905627704274,cruise,False,True,True,True,True,-0.622280911649824
K28-024,303,6517.905627704274,6518.059424300072,cruise,False,True,True,True,True,-0.6269860930891298
K28-024,304,6518.059424300072,6518.213220895871,cruise,False,True,True,True,True,-0.6316887359622996
K28-024,305,6518.213220895871,6519.247654817693,cruise,False,True,True,True,True,-0.6632528988553617
K28-024,306,6519.247654817693,6520.282088739515,cruise,False,True,True,True,True,-0.6947031674339286
K28-024,307,6520.282088739515,6521.31652266131,cruise,False,True,True,True,True,-0.7260403578501382
K28-024,308,6521.31652266131,6522.3509565831055,cruise,False,True,True,True,True,-0.7572652775561295
K28-024,309,6522.3509565831055,6523.3853905049145,cruise,False,True,True,True,True,-0.7883787254087622
K28-024,310,6523.3853905049145,6524.419824426724,cruise,False,True,True,True,True,-0.8193814917989357
K28-024,311,6524.419824426724,6525.454258348533,cruise,False,True,True,True,True,-0.8502743587713866
K28-024,312,6525.454258348533,6526.488692270342,cruise,False,True,True,True,True,-0.8810581001371105
K28-024,313,6526.488692270342,6527.523126192137,cruise,False,True,True,True,True,-0.9117334815930604
K28-024,314,6527.523126192137,6528.557560113933,cruise,False,True,True,True,True,-0.9423012608285575
K28-024,315,6528.557560113933,6529.591994035754,cruise,False,True,True,True,True,-0.9727621876435961
K28-024,316,6529.591994035754,6530.626427957576,cruise,False,True,True,True,True,-1.0031170040537063
K28-024,317,6530.626427957576,6531.660861879372,cruise,False,True,True,True,True,-1.0333664443905093
K28-024,318,6531.660861879372,6532.695295801167,cruise,False,True,True,True,True,-1.0635112354246985
K28-024,319,6532.695295801167,6533.7297297229625,cruise,False,True,True,True,True,-1.0935520964486471
K28-024,320,6533.7297297229625,6534.764163644758,cruise,False,True,True,True,True,-1.123489739393122
K28-024,321,6534.764163644758,6535.79859756658,cruise,False,True,True,True,True,-1.1533248689207483
K28-024,322,6535.79859756658,6536.8330314884015,cruise,False,True,True,True,True,-1.1830581825226432
K28-024,323,6536.8330314884015,6537.167445532884,cruise,False,True,True,True,True,-1.1926487691761594
K28-024,324,6537.167445532884,6537.501859577366,cruise,False,True,True,True,True,-1.2022288102881618
K28-024,325,6537.501859577366,6538.20187945468,cruise,False,True,True,True,True,-1.222248411722802
K28-024,326,6538.20187945468,6538.901899331994,cruise,False,True,True,True,True,-1.2422221166614094
K28-024,327,6538.901899331994,6539.93633325379,cruise,False,True,True,True,True,-1.271654097200738
K28-024,328,6539.93633325379,6540.970767175585,cruise,False,True,True,True,True,-1.3009869820094195
K28-024,329,6540.970767175585,6542.005201097407,cruise,False,True,True,True,True,-1.3302214341538416
K28-024,330,6542.005201097407,6543.039635019229,cruise,False,True,True,True,True,-1.3593581100869727
K28-024,331,6543.039635019229,6544.074068941024,cruise,False,True,True,True,True,-1.3883976597361425
K28-024,332,6544.074068941024,6545.1085028628195,cruise,False,True,True,True,True,-1.417340726590652
K28-024,333,6545.1085028628195,6546.142936784629,cruise,False,True,True,True,True,-1.4461879477854467
K28-024,334,6546.142936784629,6547.177370706438,cruise,False,True,True,True,True,-1.4749399541811385
K28-024,335,6547.177370706438,6548.211804628247,cruise,False,True,True,True,True,-1.5035973704498815
K28-024,336,6548.211804628247,6549.246238550056,cruise,False,True,True,True,True,-1.5321608151556632
K28-024,337,6549.246238550056,6550.280672471851,cruise,False,True,True,True,True,-1.5606309008285564
K28-024,338,6550.280672471851,6551.315106393647,cruise,False,True,True,True,True,-1.5890082340487908
K28-024,339,6551.315106393647,6552.349540315468,cruise,False,True,True,True,True,-1.6172934155217717
K28-024,340,6552.349540315468,6553.38397423729,cruise,False,True,True,True,True,-1.6454870401498596
K28-024,341,6553.38397423729,6554.418408159086,cruise,False,True,True,True,True,-1.6735896971089943
K28-024,342,6554.418408159086,6555.452842080881,cruise,False,True,True,True,True,-1.7016019699256617
K28-024,343,6555.452842080881,6556.275466766673,cruise,False,True,True,True,True,-1.723814355236172
K28-024,344,6556.275466766673,6557.098091452465,cruise,False,True,True,True,True,-1.745970234580966
K28-024,345,6557.098091452465,6557.3099006884695,cruise,False,True,True,True,True,-1.7516658131267917
K28-024,346,6557.3099006884695,6557.521709924474,cruise,False,True,True,True,True,-1.7573576693917516
K28-024,347,6557.521709924474,6558.5561438462955,cruise,False,True,True,True,True,-1.7851022354662405
K28-024,348,6558.5561438462955,6559.590577768117,cruise,False,True,True,True,True,-1.8127586963849325
K28-024,349,6559.590577768117,6560.625011689913,cruise,False,True,True,True,True,-1.8403276084621467
K28-024,350,6560.625011689913,6561.659445611708,cruise,False,True,True,True,True,-1.8678095227744933
K28-024,351,6561.659445611708,6562.693879533517,cruise,False,True,True,True,True,-1.8952049852271955
K28-024,352,6562.693879533517,6563.728313455326,cruise,False,True,True,True,True,-1.9225145366121552
K28-024,353,6563.728313455326,6564.762747377135,cruise,False,True,True,True,True,-1.9497387126803858
K28-024,354,6564.762747377135,6565.797181298944,cruise,False,True,True,True,True,-1.9768780441997222
K28-024,355,6565.797181298944,6566.83161522074,cruise,False,True,True,True,True,-2.0039330570135263
K28-024,356,6566.83161522074,6567.866049142535,cruise,False,True,True,True,True,-2.0309042721074633
K28-024,357,6567.866049142535,6568.900483064357,cruise,False,True,True,True,True,-2.0577922056635884
K28-024,358,6568.900483064357,6569.934916986179,cruise,False,True,True,True,True,-2.0845973691235287
K28-024,359,6569.934916986179,6570.969350907974,cruise,False,True,True,True,True,-2.1113202692408066
K28-024,360,6570.969350907974,6572.00378482977,cruise,False,True,True,True,True,-2.137961408143994
K28-024,361,6572.00378482977,6573.038218751565,cruise,False,True,True,True,True,-2.1645212833896323
K28-024,362,6573.038218751565,6574.072652673361,cruise,False,True,True,True,True,-2.1910003880134212
K28-024,363,6574.072652673361,6575.107086595182,cruise,False,True,True,True,True,-2.2173992105954596
K28-024,364,6575.107086595182,6576.141520517004,cruise,False,True,True,True,True,-2.2437182353012872
K28-024,365,6576.141520517004,6576.417921921281,cruise,False,True,True,True,True,-2.2507372473415472
K28-024,366,6576.417921921281,6576.694323325558,cruise,False,True,True,True,True,-2.2577506054992114
K28-024,367,6576.694323325558,6577.4523558430765,cruise,False,True,True,True,True,-2.2769558408229784
K28-024,368,6577.4523558430765,6578.210388360595,cruise,False,True,True,True,True,-2.2961188060242392
K28-024,369,6578.210388360595,6579.2448222823905,cruise,False,True,True,True,True,-2.3222012988027814
K28-024,370,6579.2448222823905,6580.279256204186,cruise,False,True,True,True,True,-2.348205887330977
K28-024,371,6580.279256204186,6581.313690126008,cruise,False,True,True,True,True,-2.3741330345066842
K28-024,372,6581.313690126008,6582.3481240478295,cruise,False,True,True,True,True,-2.399983199125927
K28-024,373,6582.3481240478295,6583.382557969625,cruise,False,True,True,True,True,-2.4257568359277855
K28-024,374,6583.382557969625,6584.41699189142,cruise,False,True,True,True,True,-2.4514543956418606
K28-024,375,6584.41699189142,6585.451425813229,cruise,False,True,True,True,True,-2.477076325044038
K28-024,376,6585.451425813229,6586.4858597350385,cruise,False,True,True,True,True,-2.5026230669837872
K28-024,377,6586.4858597350385,6587.520293656848,cruise,False,True,True,True,True,-2.528095060450852
K28-024,378,6587.520293656848,6588.554727578657,cruise,False,True,True,True,True,-2.553492740607723
K28-024,379,6588.554727578657,6589.589161500452,cruise,False,True,True,True,True,-2.578816538831319
K28-024,380,6589.589161500452,6590.6235954222475,cruise,False,True,True,True,True,-2.604066882769274
K28-024,381,6590.6235954222475,6591.658029344069,cruise,False,True,True,True,True,-2.6292441963701094
K28-024,382,6591.658029344069,6592.692463265891,cruise,False,True,True,True,True,-2.654348899934348
K28-024,383,6592.692463265891,6593.7268971876865,cruise,False,True,True,True,True,-2.6793814101474283
K28-024,384,6593.7268971876865,6594.761331109482,cruise,False,True,True,True,True,-2.7043421401306063
K28-024,385,6594.761331109482,6595.525943154065,cruise,False,True,True,True,True,-2.722746213248783
K28-024,386,6595.525943154065,6596.290555198649,cruise,False,True,True,True,True,-2.741111456752151
K28-024,387,6596.290555198649,6596.560377075861,cruise,False,True,True,True,True,-2.7475830795032437
K28-024,388,6596.560377075861,6596.830198953073,cruise,False,True,True,True,True,-2.754049894288954
K28-024,389,6596.830198953073,6597.864632874895,cruise,False,True,True,True,True,-2.7787977272220985
K28-024,390,6597.864632874895,6598.899066796716,cruise,False,True,True,True,True,-2.803475397519634
K28-024,391,6598.899066796716,6599.933500718512,cruise,False,True,True,True,True,-2.8280833010553295
K28-024,392,6599.933500718512,6600.967934640307,cruise,False,True,True,True,True,-2.8526218303685056
K28-024,393,6600.967934640307,6602.002368562116,cruise,False,True,True,True,True,-2.877091374701351
K28-024,394,6602.002368562116,6603.036802483925,cruise,False,True,True,True,True,-2.9014923200376757
K28-024,395,6603.036802483925,6604.071236405734,cruise,False,True,True,True,True,-2.9258250491338487
K28-024,396,6604.071236405734,6605.1056703275435,cruise,False,True,True,True,True,-2.9500899415630073
K28-024,397,6605.1056703275435,6606.140104249339,cruise,False,True,True,True,True,-2.9742873737435787
K28-024,398,6606.140104249339,6607.174538171134,cruise,False,True,True,True,True,-2.9984177189741814
K28-024,399,6607.174538171134,6608.208972092956,cruise,False,True,True,True,True,-3.022481347473388
K28-024,400,6608.208972092956,6609.243406014778,cruise,False,True,True,True,True,-3.0464786264059427
K28-024,401,6609.243406014778,6610.277839936573,cruise,False,True,True,True,True,-3.0704099199239607
K28-024,402,6610.277839936573,6611.312273858369,cruise,False,True,True,True,True,-3.0942755891919376
K28-024,403,6611.312273858369,6612.346707780164,cruise,False,True,True,True,True,-3.1180759924263697
K28-024,404,6612.346707780164,6613.38114170196,cruise,False,True,True,True,True,-3.1418114849229966
K28-024,405,6613.38114170196,6614.4155756237815,cruise,False,True,True,True,True,-3.1654824190906083
K28-024,406,6614.4155756237815,6615.450009545603,cruise,False,True,True,True,True,-3.1890891444808744
K28-024,407,6615.450009545603,6615.668398309675,cruise,False,True,True,True,True,-3.194064799163314
K28-024,408,6615.668398309675,6615.886787073746,cruise,False,True,True,True,True,-3.199037610690141
K28-024,409,6615.886787073746,6616.70283223147,cruise,False,True,True,True,True,-3.2175942240658344
K28-024,410,6616.70283223147,6617.518877389194,cruise,False,True,True,True,True,-3.236111353035568
K28-024,411,6617.518877389194,6618.553311311003,cruise,False,True,True,True,True,-3.2595275212970307
K28-024,412,6618.553311311003,6619.587745232812,cruise,False,True,True,True,True,-3.2828808510313365
K28-024,413,6619.587745232812,6620.622179154621,cruise,False,True,True,True,True,-3.3061716779601653
K28-024,414,6620.622179154621,6621.65661307643,cruise,False,True,True,True,True,-3.329400335128639
K28-024,415,6621.65661307643,6622.691046998226,cruise,False,True,True,True,True,-3.35256715292968
K28-024,416,6622.691046998226,6623.725480920021,cruise,False,True,True,True,True,-3.375672459135643
K28-024,417,6623.725480920021,6624.75991484183,cruise,False,True,True,True,True,-3.3987165789254306
K28-024,418,6624.75991484183,6625.794348763639,cruise,False,True,True,True,True,-3.4216998349092194
K28-024,419,6625.794348763639,6626.8287826854485,cruise,False,True,True,True,True,-3.444622547157522
K28-024,420,6626.8287826854485,6627.8632166072575,cruise,False,True,True,True,True,-3.4674850332289395
K28-024,421,6627.8632166072575,6628.897650529053,cruise,False,True,True,True,True,-3.4902876081924177
K28-024,422,6628.897650529053,6629.932084450848,cruise,False,True,True,True,True,-3.5130305846569314
K28-024,423,6629.932084450848,6630.96651837267,cruise,False,True,True,True,True,-3.535714272795559
K28-024,424,6630.96651837267,6632.000952294492,cruise,False,True,True,True,True,-3.558338980369996
K28-024,425,6632.000952294492,6633.035386216287,cruise,False,True,True,True,True,-3.5809050127553235
K28-024,426,6633.035386216287,6634.069820138083,cruise,False,True,True,True,True,-3.6034126729666554
K28-024,427,6634.069820138083,6634.776419542462,cruise,False,True,True,True,True,-3.6187537682833977
K28-024,428,6634.776419542462,6635.48301894684,cruise,False,True,True,True,True,-3.6340678629302516
K28-024,429,6635.48301894684,6635.810853464258,cruise,False,True,True,True,True,-3.6411638612682538
K28-024,430,6635.810853464258,6636.1386879816755,cruise,False,True,True,True,True,-3.6482540772656193
K28-024,431,6636.1386879816755,6637.173121903497,cruise,False,True,True,True,True,-3.670588415793034
K28-024,432,6637.173121903497,6638.207555825319,cruise,False,True,True,True,True,-3.692865571072687
K28-024,433,6638.207555825319,6639.2419897471145,cruise,False,True,True,True,True,-3.715085834669182
K28-024,434,6639.2419897471145,6640.27642366891,cruise,False,True,True,True,True,-3.7372494959280402
K28-024,435,6640.27642366891,6641.310857590719,cruise,False,True,True,True,True,-3.7593568419973167
K28-024,436,6641.310857590719,6642.345291512528,cruise,False,True,True,True,True,-3.781408157847224
K28-024,437,6642.345291512528,6643.379725434337,cruise,False,True,True,True,True,-3.8034037262962244
K28-024,438,6643.379725434337,6644.414159356146,cruise,False,True,True,True,True,-3.8253438280280534
K28-024,439,6644.414159356146,6645.448593277942,cruise,False,True,True,True,True,-3.8472287416171866
K28-024,440,6645.448593277942,6646.483027199737,cruise,False,True,True,True,True,-3.8690587435483508
K28-024,441,6646.483027199737,6647.517461121559,cruise,False,True,True,True,True,-3.8908341082365467
K28-024,442,6647.517461121559,6648.551895043381,cruise,False,True,True,True,True,-3.912555108048764
K28-024,443,6648.551895043381,6649.586328965176,cruise,False,True,True,True,True,-3.934222013322227
K28-024,444,6649.586328965176,6650.6207628869715,cruise,False,True,True,True,True,-3.95583509238827
K28-024,445,6650.6207628869715,6651.655196808767,cruise,False,True,True,True,True,-3.977394611587343
K28-024,446,6651.655196808767,6652.689630730562,cruise,False,True,True,True,True,-3.9989008352942648
K28-024,447,6652.689630730562,6653.724064652384,cruise,False,True,True,True,True,-4.020354025933074
K28-024,448,6653.724064652384,6654.758498574206,cruise,False,True,True,True,True,-4.041754443995018
K28-024,449,6654.758498574206,6654.918874697069,cruise,False,True,True,True,True,-4.045067604388777
K28-024,450,6654.918874697069,6655.079250819933,cruise,False,True,True,True,True,-4.048379503485592
K28-024,451,6655.079250819933,6655.953308618865,cruise,False,True,True,True,True,-4.066407389845239
K28-024,452,6655.953308618865,6656.827366417797,cruise,False,True,True,True,True,-4.084397994825437
K28-024,453,6656.827366417797,6657.861800339606,cruise,False,True,True,True,True,-4.10564163909811
K28-024,454,6657.861800339606,6658.896234261415,cruise,False,True,True,True,True,-4.1268335338379245
K28-024,455,6658.896234261415,6659.930668183224,cruise,False,True,True,True,True,-4.14797393016363
K28-024,456,6659.930668183224,6660.965102105033,cruise,False,True,True,True,True,-4.1690630773777855
K28-024,457,6660.965102105033,6661.9995360268285,cruise,False,True,True,True,True,-4.190101222972444
K28-024,458,6661.9995360268285,6663.033969948624,cruise,False,True,True,True,True,-4.211088612660461
K28-024,459,6663.033969948624,6664.068403870433,cruise,False,True,True,True,True,-4.23202549038362
K28-024,460,6664.068403870433,6665.102837792242,cruise,False,True,True,True,True,-4.252912098329745
K28-024,461,6665.102837792242,6666.137271714051,cruise,False,True,True,True,True,-4.2737486769572115
K28-024,462,6666.137271714051,6667.17170563586,cruise,False,True,True,True,True,-4.294535464997978
K28-024,463,6667.17170563586,6668.206139557656,cruise,False,True,True,True,True,-4.315272699489782
K28-024,464,6668.206139557656,6669.240573479451,cruise,False,True,True,True,True,-4.335960615779101
K28-024,465,6669.240573479451,6670.275007401273,cruise,False,True,True,True,True,-4.356599447543985
K28-024,466,6670.275007401273,6671.309441323095,cruise,False,True,True,True,True,-4.37718942680965
K28-024,467,6671.309441323095,6672.34387524489,cruise,False,True,True,True,True,-4.397730783957428
K28-024,468,6672.34387524489,6673.3783091666855,cruise,False,True,True,True,True,-4.418223747751043
K28-024,469,6673.3783091666855,6674.026895930859,cruise,False,True,True,True,True,-4.431048188543912
K28-024,470,6674.026895930859,6674.675482695032,cruise,False,True,True,True,True,-4.4438537497001676
K28-024,471,6674.675482695032,6675.061329852654,cruise,False,True,True,True,True,-4.4514629012301015
K28-024,472,6675.061329852654,6675.447177010276,cruise,False,True,True,True,True,-4.459065402291486
K28-024,473,6675.447177010276,6676.481610932098,cruise,False,True,True,True,True,-4.4794145425798035
K28-024,474,6676.481610932098,6677.51604485392,cruise,False,True,True,True,True,-4.499716188623381
K28-024,475,6677.51604485392,6678.550478775715,cruise,False,True,True,True,True,-4.5199705612920695
K28-024,476,6678.550478775715,6679.584912697511,cruise,False,True,True,True,True,-4.5401778799176356
K28-024,477,6679.584912697511,6680.61934661932,cruise,False,True,True,True,True,-4.56033836231353
K28-024,478,6680.61934661932,6681.653780541129,cruise,False,True,True,True,True,-4.580452224784523
K28-024,479,6681.653780541129,6682.688214462938,cruise,False,True,True,True,True,-4.600519682144508
K28-024,480,6682.688214462938,6683.722648384747,cruise,False,True,True,True,True,-4.6205409477267665
K28-024,481,6683.722648384747,6684.7570823065425,cruise,False,True,True,True,True,-4.640516233398529
K28-024,482,6684.7570823065425,6685.791516228338,cruise,False,True,True,True,True,-4.660445749576226
K28-024,483,6685.791516228338,6686.82595015016,cruise,False,True,True,True,True,-4.680329705236332
K28-024,484,6686.82595015016,6687.860384071982,cruise,False,True,True,True,True,-4.7001683079291325
K28-024,485,6687.860384071982,6688.894817993777,cruise,False,True,True,True,True,-4.7199617637930515
K28-024,486,6688.894817993777,6689.929251915572,cruise,False,True,True,True,True,-4.739710277563404
K28-024,487,6689.929251915572,6690.963685837368,cruise,False,True,True,True,True,-4.759414052590756
K28-024,488,6690.963685837368,6691.998119759163,cruise,False,True,True,True,True,-4.7790732908496665
K28-024,489,6691.998119759163,6693.032553680985,cruise,False,True,True,True,True,-4.798688192951843
K28-024,490,6693.032553680985,6694.066987602807,cruise,False,True,True,True,True,-4.818258958158069
K28-024,491,6694.066987602807,6694.169351085465,cruise,False,True,True,True,True,-4.820193211181092
K28-024,492,6694.169351085465,6694.271714568123,cruise,False,True,True,True,True,-4.822127034132194
K28-024,493,6694.271714568123,6695.20378500726,cruise,False,True,True,True,True,-4.839715700096974
K28-024,494,6695.20378500726,6696.135855446398,cruise,False,True,True,True,True,-4.857268868244063
K28-024,495,6696.135855446398,6697.170289368207,cruise,False,True,True,True,True,-4.87670840500175
K28-024,496,6697.170289368207,6698.204723290016,cruise,False,True,True,True,True,-4.896104588640156
K28-024,497,6698.204723290016,6699.239157211825,cruise,False,True,True,True,True,-4.91545761184662
K28-024,498,6699.239157211825,6700.273591133634,cruise,False,True,True,True,True,-4.934767666027668
K28-024,499,6700.273591133634,6701.308025055429,cruise,False,True,True,True,True,-4.954034941320245
K28-024,500,6701.308025055429,6702.342458977225,cruise,False,True,True,True,True,-4.973259626604715
K28-024,501,6702.342458977225,6703.376892899034,cruise,False,True,True,True,True,-4.992441909514838
K28-024,502,6703.376892899034,6704.411326820843,cruise,False,True,True,True,True,-5.0115819764475305
K28-024,503,6704.411326820843,6705.445760742652,cruise,False,True,True,True,True,-5.030680012576511
K28-024,504,6705.445760742652,6706.480194664461,cruise,False,True,True,True,True,-5.049736201861023
K28-024,505,6706.480194664461,6707.514628586257,cruise,False,True,True,True,True,-5.068750727055175
K28-024,506,6707.514628586257,6708.549062508052,cruise,False,True,True,True,True,-5.087723769722089
K28-024,507,6708.549062508052,6709.583496429874,cruise,False,True,True,True,True,-5.1066555102403015
K28-024,508,6709.583496429874,6710.617930351696,cruise,False,True,True,True,True,-5.125546127817898
K28-024,509,6710.617930351696,6711.652364273491,cruise,False,True,True,True,True,-5.144395800498529
K28-024,510,6711.652364273491,6712.686798195286,cruise,False,True,True,True,True,-5.1632047051749765
K28-024,511,6712.686798195286,6713.277372318252,cruise,False,True,True,True,True,-5.1739247820882355
K28-024,512,6713.277372318252,6713.867946441217,cruise,False,True,True,True,True,-5.184631660748622
K28-024,513,6713.867946441217,6714.311806240047,cruise,False,True,True,True,True,-5.192669998146755
K28-024,514,6714.311806240047,6714.755666038877,cruise,False,True,True,True,True,-5.200700912380199
K28-024,515,6714.755666038877,6715.790099960699,cruise,False,True,True,True,True,-5.2193885630214965
K28-024,516,6715.790099960699,6716.824533882521,cruise,False,True,True,True,True,-5.238036141900054
K28-024,517,6716.824533882521,6717.858967804316,cruise,False,True,True,True,True,-5.256643820292737
K28-024,518,6717.858967804316,6718.893401726112,cruise,False,True,True,True,True,-5.275211768382945
K28-024,519,6718.893401726112,6719.927835647921,cruise,False,True,True,True,True,-5.2937401552667325
K28-024,520,6719.927835647921,6720.96226956973,cruise,False,True,True,True,True,-5.312229148966992
K28-024,521,6720.96226956973,6721.996703491539,cruise,False,True,True,True,True,-5.330678916436142
K28-024,522,6721.996703491539,6723.031137413348,cruise,False,True,True,True,True,-5.3490896235732635
K28-024,523,6723.031137413348,6724.065571335143,cruise,False,True,True,True,True,-5.367461435225124
K28-024,524,6724.065571335143,6725.100005256939,cruise,False,True,True,True,True,-5.385794515197958
K28-024,525,6725.100005256939,6726.134439178761,cruise,False,True,True,True,True,-5.404089026270384
K28-024,526,6726.134439178761,6727.1688731005825,cruise,False,True,True,True,True,-5.422345130193193
K28-024,527,6727.1688731005825,6728.203307022378,cruise,False,True,True,True,True,-5.440562987706741
K28-024,528,6728.203307022378,6729.237740944173,cruise,False,True,True,True,True,-5.458742758544616
K28-024,529,6729.237740944173,6730.272174865969,cruise,False,True,True,True,True,-5.476884601441
K28-024,530,6730.272174865969,6731.306608787764,cruise,False,True,True,True,True,-5.494988674144508
K28-024,531,6731.306608787764,6732.341042709586,cruise,False,True,True,True,True,-5.513055133419641
K28-024,532,6732.341042709586,6733.375476631408,cruise,False,True,True,True,True,-5.531084135060411
K28-024,533,6733.375476631408,6733.41982747386,cruise,False,True,True,True,True,-5.531856284526754
K28-024,534,6733.41982747386,6733.464178316312,cruise,False,True,True,True,True,-5.532628365435073
K28-024,535,6733.464178316312,6734.4542613956555,cruise,False,True,True,True,True,-5.549846387466815
K28-024,536,6734.4542613956555,6735.444344474999,cruise,False,True,True,True,True,-5.567030383789074
K28-024,537,6735.444344474999,6736.478778396808,cruise,False,True,True,True,True,-5.584947937672197
K28-024,538,6736.478778396808,6737.513212318617,cruise,False,True,True,True,True,-5.60282864752088
K28-024,539,6737.513212318617,6738.547646240426,cruise,False,True,True,True,True,-5.620672664384102
K28-024,540,6738.547646240426,6739.582080162235,cruise,False,True,True,True,True,-5.6384801383835
K28-024,541,6739.582080162235,6740.61651408403,cruise,False,True,True,True,True,-5.656251218719802
K28-024,542,6740.61651408403,6741.650948005826,cruise,False,True,True,True,True,-5.673986053687429
K28-024,543,6741.650948005826,6742.685381927635,cruise,False,True,True,True,True,-5.691684790673122
K28-024,544,6742.685381927635,6743.719815849444,cruise,False,True,True,True,True,-5.709347576170586
K28-024,545,6743.719815849444,6744.754249771253,cruise,False,True,True,True,True,-5.7269745557816805
K28-024,546,6744.754249771253,6745.788683693062,cruise,False,True,True,True,True,-5.7445658742288686
K28-024,547,6745.788683693062,6746.823117614857,cruise,False,True,True,True,True,-5.762121675359282
K28-024,548,6746.823117614857,6747.857551536653,cruise,False,True,True,True,True,-5.779642102150802
K28-024,549,6747.857551536653,6748.891985458475,cruise,False,True,True,True,True,-5.797127296723303
K28-024,550,6748.891985458475,6749.9264193802965,cruise,False,True,True,True,True,-5.8145774003397435
K28-024,551,6749.9264193802965,6750.680563086641,cruise,False,True,True,True,True,-5.827277187656819
K28-024,552,6750.680563086641,6751.434706792986,cruise,False,True,True,True,True,-5.839958452931626
K28-024,553,6751.434706792986,6836.404289922869,descent,False,True,True,True,True,-5.839958452931626
K28-024,554,6836.404289922869,7232.404289922869,handoff,False,True,True,True,True,-5.835887289603264
K28-024,555,7232.404289922869,7300.379956426775,return_climb,False,True,True,True,True,-5.839958452931626
K28-024,556,7300.379956426775,7301.134100133119,return_cruise,False,True,True,True,True,-5.839958452931626
K28-024,557,7301.134100133119,7301.888243839464,return_cruise,False,True,True,True,True,-5.827277187656819
K28-024,558,7301.888243839464,7302.922677761286,return_cruise,False,True,True,True,True,-5.8145774003397435
K28-024,559,7302.922677761286,7303.9571116831075,return_cruise,False,True,True,True,True,-5.797127296723303
K28-024,560,7303.9571116831075,7304.991545604903,return_cruise,False,True,True,True,True,-5.779642102150802
K28-024,561,7304.991545604903,7306.025979526698,return_cruise,False,True,True,True,True,-5.762121675359282
K28-024,562,7306.025979526698,7307.0604134485075,return_cruise,False,True,True,True,True,-5.7445658742288686
K28-024,563,7307.0604134485075,7308.0948473703165,return_cruise,False,True,True,True,True,-5.7269745557816805
K28-024,564,7308.0948473703165,7309.129281292126,return_cruise,False,True,True,True,True,-5.709347576170586
K28-024,565,7309.129281292126,7310.163715213935,return_cruise,False,True,True,True,True,-5.691684790673122
K28-024,566,7310.163715213935,7311.19814913573,return_cruise,False,True,True,True,True,-5.673986053687429
K28-024,567,7311.19814913573,7312.2325830575255,return_cruise,False,True,True,True,True,-5.656251218719802
K28-024,568,7312.2325830575255,7313.267016979335,return_cruise,False,True,True,True,True,-5.6384801383835
K28-024,569,7313.267016979335,7314.301450901144,return_cruise,False,True,True,True,True,-5.620672664384102
K28-024,570,7314.301450901144,7315.335884822953,return_cruise,False,True,True,True,True,-5.60282864752088
K28-024,571,7315.335884822953,7316.370318744762,return_cruise,False,True,True,True,True,-5.584947937671657
K28-024,572,7316.370318744762,7317.360401824105,return_cruise,False,True,True,True,True,-5.567030383789074
K28-024,573,7317.360401824105,7318.350484903448,return_cruise,False,True,True,True,True,-5.549846387466815
K28-024,574,7318.350484903448,7318.3948357459,return_cruise,False,True,True,True,True,-5.532628365435073
K28-024,575,7318.3948357459,7318.439186588353,return_cruise,False,True,True,True,True,-5.531856284526754
K28-024,576,7318.439186588353,7319.473620510174,return_cruise,False,True,True,True,True,-5.531084135060411
K28-024,577,7319.473620510174,7320.508054431996,return_cruise,False,True,True,True,True,-5.513055133419641
K28-024,578,7320.508054431996,7321.542488353792,return_cruise,False,True,True,True,True,-5.494988674144508
K28-024,579,7321.542488353792,7322.576922275587,return_cruise,False,True,True,True,True,-5.476884601441
K28-024,580,7322.576922275587,7323.6113561973825,return_cruise,False,True,True,True,True,-5.458742758544616
K28-024,581,7323.6113561973825,7324.645790119178,return_cruise,False,True,True,True,True,-5.440562987706741
K28-024,582,7324.645790119178,7325.680224041,return_cruise,False,True,True,True,True,-5.422345130193193
K28-024,583,7325.680224041,7326.714657962822,return_cruise,False,True,True,True,True,-5.404089026270384
K28-024,584,7326.714657962822,7327.749091884617,return_cruise,False,True,True,True,True,-5.385794515197958
K28-024,585,7327.749091884617,7328.783525806412,return_cruise,False,True,True,True,True,-5.367461435225124
K28-024,586,7328.783525806412,7329.8179597282215,return_cruise,False,True,True,True,True,-5.3490896235732635
K28-024,587,7329.8179597282215,7330.8523936500305,return_cruise,False,True,True,True,True,-5.330678916436142
K28-024,588,7330.8523936500305,7331.88682757184,return_cruise,False,True,True,True,True,-5.312229148966992
K28-024,589,7331.88682757184,7332.921261493649,return_cruise,False,True,True,True,True,-5.293740155266178
K28-024,590,7332.921261493649,7333.955695415444,return_cruise,False,True,True,True,True,-5.275211768382945
K28-024,591,7333.955695415444,7334.9901293372395,return_cruise,False,True,True,True,True,-5.256643820292737
K28-024,592,7334.9901293372395,7336.024563259061,return_cruise,False,True,True,True,True,-5.238036141900054
K28-024,593,7336.024563259061,7337.058997180883,return_cruise,False,True,True,True,True,-5.2193885630214965
K28-024,594,7337.058997180883,7337.502856979713,return_cruise,False,True,True,True,True,-5.200700912380199
K28-024,595,7337.502856979713,7337.946716778543,return_cruise,False,True,True,True,True,-5.192669998146755
K28-024,596,7337.946716778543,7338.537290901509,return_cruise,False,True,True,True,True,-5.184631660748622
K28-024,597,7338.537290901509,7339.127865024474,return_cruise,False,True,True,True,True,-5.1739247820882355
K28-024,598,7339.127865024474,7340.162298946269,return_cruise,False,True,True,True,True,-5.1632047051749765
K28-024,599,7340.162298946269,7341.196732868065,return_cruise,False,True,True,True,True,-5.144395800498529
K28-024,600,7341.196732868065,7342.231166789887,return_cruise,False,True,True,True,True,-5.125546127817898
K28-024,601,7342.231166789887,7343.265600711708,return_cruise,False,True,True,True,True,-5.1066555102403015
K28-024,602,7343.265600711708,7344.300034633504,return_cruise,False,True,True,True,True,-5.087723769722089
K28-024,603,7344.300034633504,7345.334468555299,return_cruise,False,True,True,True,True,-5.068750727055175
K28-024,604,7345.334468555299,7346.368902477108,return_cruise,False,True,True,True,True,-5.049736201861023
K28-024,605,7346.368902477108,7347.403336398917,return_cruise,False,True,True,True,True,-5.030680012576511
K28-024,606,7347.403336398917,7348.4377703207265,return_cruise,False,True,True,True,True,-5.0115819764475305
K28-024,607,7348.4377703207265,7349.472204242536,return_cruise,False,True,True,True,True,-4.99244190951427
K28-024,608,7349.472204242536,7350.506638164331,return_cruise,False,True,True,True,True,-4.973259626604715
K28-024,609,7350.506638164331,7351.541072086126,return_cruise,False,True,True,True,True,-4.954034941320245
K28-024,610,7351.541072086126,7352.5755060079355,return_cruise,False,True,True,True,True,-4.934767666027668
K28-024,611,7352.5755060079355,7353.6099399297445,return_cruise,False,True,True,True,True,-4.915457611847188
K28-024,612,7353.6099399297445,7354.644373851554,return_cruise,False,True,True,True,True,-4.896104588640156
K28-024,613,7354.644373851554,7355.678807773363,return_cruise,False,True,True,True,True,-4.87670840500175
K28-024,614,7355.678807773363,7356.6108782125,return_cruise,False,True,True,True,True,-4.857268868244063
K28-024,615,7356.6108782125,7357.542948651638,return_cruise,False,True,True,True,True,-4.839715700096974
K28-024,616,7357.542948651638,7357.645312134296,return_cruise,False,True,True,True,True,-4.822127034132194
K28-024,617,7357.645312134296,7357.7476756169535,return_cruise,False,True,True,True,True,-4.820193211181092
K28-024,618,7357.7476756169535,7358.782109538775,return_cruise,False,True,True,True,True,-4.818258958158069
K28-024,619,7358.782109538775,7359.816543460597,return_cruise,False,True,True,True,True,-4.798688192951843
K28-024,620,7359.816543460597,7360.850977382393,return_cruise,False,True,True,True,True,-4.7790732908496665
K28-024,621,7360.850977382393,7361.885411304188,return_cruise,False,True,True,True,True,-4.759414052590756
K28-024,622,7361.885411304188,7362.919845225983,return_cruise,False,True,True,True,True,-4.739710277563404
K28-024,623,7362.919845225983,7363.954279147779,return_cruise,False,True,True,True,True,-4.7199617637930515
K28-024,624,7363.954279147779,7364.988713069601,return_cruise,False,True,True,True,True,-4.7001683079291325
K28-024,625,7364.988713069601,7366.023146991422,return_cruise,False,True,True,True,True,-4.680329705236332
K28-024,626,7366.023146991422,7367.057580913218,return_cruise,False,True,True,True,True,-4.660445749576226
K28-024,627,7367.057580913218,7368.092014835013,return_cruise,False,True,True,True,True,-4.640516233398529
K28-024,628,7368.092014835013,7369.126448756822,return_cruise,False,True,True,True,True,-4.6205409477267665
K28-024,629,7369.126448756822,7370.160882678631,return_cruise,False,True,True,True,True,-4.600519682144508
K28-024,630,7370.160882678631,7371.1953166004405,return_cruise,False,True,True,True,True,-4.580452224784523
K28-024,631,7371.1953166004405,7372.22975052225,return_cruise,False,True,True,True,True,-4.56033836231353
K28-024,632,7372.22975052225,7373.264184444045,return_cruise,False,True,True,True,True,-4.5401778799176356
K28-024,633,7373.264184444045,7374.29861836584,return_cruise,False,True,True,True,True,-4.5199705612920695
K28-024,634,7374.29861836584,7375.333052287662,return_cruise,False,True,True,True,True,-4.499716188623381
K28-024,635,7375.333052287662,7376.367486209484,return_cruise,False,True,True,True,True,-4.4794145425798035
K28-024,636,7376.367486209484,7376.753333367106,return_cruise,False,True,True,True,True,-4.459065402291486
K28-024,637,7376.753333367106,7377.1391805247285,return_cruise,False,True,True,True,True,-4.4514629012301015
K28-024,638,7377.1391805247285,7377.787767288902,return_cruise,False,True,True,True,True,-4.4438537497001676
K28-024,639,7377.787767288902,7378.436354053075,return_cruise,False,True,True,True,True,-4.431048188543912
K28-024,640,7378.436354053075,7379.47078797487,return_cruise,False,True,True,True,True,-4.418223747751043
K28-024,641,7379.47078797487,7380.505221896666,return_cruise,False,True,True,True,True,-4.397730783957428
K28-024,642,7380.505221896666,7381.5396558184875,return_cruise,False,True,True,True,True,-4.37718942680965
K28-024,643,7381.5396558184875,7382.574089740309,return_cruise,False,True,True,True,True,-4.356599447543985
K28-024,644,7382.574089740309,7383.608523662105,return_cruise,False,True,True,True,True,-4.335960615779101
K28-024,645,7383.608523662105,7384.6429575839,return_cruise,False,True,True,True,True,-4.315272699489782
K28-024,646,7384.6429575839,7385.677391505709,return_cruise,False,True,True,True,True,-4.294535464997978
K28-024,647,7385.677391505709,7386.711825427518,return_cruise,False,True,True,True,True,-4.2737486769572115
K28-024,648,7386.711825427518,7387.746259349327,return_cruise,False,True,True,True,True,-4.252912098329745
K28-024,649,7387.746259349327,7388.780693271136,return_cruise,False,True,True,True,True,-4.23202549038362
K28-024,650,7388.780693271136,7389.815127192932,return_cruise,False,True,True,True,True,-4.211088612660461
K28-024,651,7389.815127192932,7390.849561114727,return_cruise,False,True,True,True,True,-4.190101222972444
K28-024,652,7390.849561114727,7391.883995036536,return_cruise,False,True,True,True,True,-4.1690630773777855
K28-024,653,7391.883995036536,7392.918428958345,return_cruise,False,True,True,True,True,-4.14797393016363
K28-024,654,7392.918428958345,7393.9528628801545,return_cruise,False,True,True,True,True,-4.1268335338379245
K28-024,655,7393.9528628801545,7394.987296801964,return_cruise,False,True,True,True,True,-4.105641639097485
K28-024,656,7394.987296801964,7395.8613546008955,return_cruise,False,True,True,True,True,-4.084397994825437
K28-024,657,7395.8613546008955,7396.7354123998275,return_cruise,False,True,True,True,True,-4.066407389845239
K28-024,658,7396.7354123998275,7396.895788522691,return_cruise,False,True,True,True,True,-4.048379503485592
K28-024,659,7396.895788522691,7397.056164645554,return_cruise,False,True,True,True,True,-4.045067604388777
K28-024,660,7397.056164645554,7398.090598567376,return_cruise,False,True,True,True,True,-4.041754443995018
K28-024,661,7398.090598567376,7399.125032489198,return_cruise,False,True,True,True,True,-4.020354025933074
K28-024,662,7399.125032489198,7400.159466410993,return_cruise,False,True,True,True,True,-3.9989008352942648
K28-024,663,7400.159466410993,7401.193900332789,return_cruise,False,True,True,True,True,-3.977394611587343
K28-024,664,7401.193900332789,7402.228334254584,return_cruise,False,True,True,True,True,-3.95583509238827
K28-024,665,7402.228334254584,7403.26276817638,return_cruise,False,True,True,True,True,-3.934222013322227
K28-024,666,7403.26276817638,7404.2972020982015,return_cruise,False,True,True,True,True,-3.912555108048764
K28-024,667,7404.2972020982015,7405.331636020023,return_cruise,False,True,True,True,True,-3.8908341082365467
K28-024,668,7405.331636020023,7406.366069941819,return_cruise,False,True,True,True,True,-3.8690587435483366
K28-024,669,7406.366069941819,7407.400503863614,return_cruise,False,True,True,True,True,-3.8472287416171866
K28-024,670,7407.400503863614,7408.434937785423,return_cruise,False,True,True,True,True,-3.8253438280280534
K28-024,671,7408.434937785423,7409.469371707232,return_cruise,False,True,True,True,True,-3.8034037262962244
K28-024,672,7409.469371707232,7410.503805629041,return_cruise,False,True,True,True,True,-3.781408157847224
K28-024,673,7410.503805629041,7411.53823955085,return_cruise,False,True,True,True,True,-3.7593568419966488
K28-024,674,7411.53823955085,7412.572673472646,return_cruise,False,True,True,True,True,-3.7372494959280402
K28-024,675,7412.572673472646,7413.607107394441,return_cruise,False,True,True,True,True,-3.715085834669182
K28-024,676,7413.607107394441,7414.641541316263,return_cruise,False,True,True,True,True,-3.692865571072687
K28-024,677,7414.641541316263,7415.675975238085,return_cruise,False,True,True,True,True,-3.670588415793034
K28-024,678,7415.675975238085,7416.0038097555025,return_cruise,False,True,True,True,True,-3.6482540772656193
K28-024,679,7416.0038097555025,7416.33164427292,return_cruise,False,True,True,True,True,-3.6411638612682538
K28-024,680,7416.33164427292,7417.038243677299,return_cruise,False,True,True,True,True,-3.6340678629302516
K28-024,681,7417.038243677299,7417.744843081678,return_cruise,False,True,True,True,True,-3.6187537682833977
K28-024,682,7417.744843081678,7418.779277003473,return_cruise,False,True,True,True,True,-3.6034126729666554
K28-024,683,7418.779277003473,7419.813710925268,return_cruise,False,True,True,True,True,-3.5809050127553235
K28-024,684,7419.813710925268,7420.84814484709,return_cruise,False,True,True,True,True,-3.558338980369996
K28-024,685,7420.84814484709,7421.882578768912,return_cruise,False,True,True,True,True,-3.535714272795559
K28-024,686,7421.882578768912,7422.917012690707,return_cruise,False,True,True,True,True,-3.5130305846569314
K28-024,687,7422.917012690707,7423.951446612503,return_cruise,False,True,True,True,True,-3.4902876081924177
K28-024,688,7423.951446612503,7424.985880534312,return_cruise,False,True,True,True,True,-3.4674850332289395
K28-024,689,7424.985880534312,7426.020314456121,return_cruise,False,True,True,True,True,-3.444622547157522
K28-024,690,7426.020314456121,7427.05474837793,return_cruise,False,True,True,True,True,-3.4216998349092194
K28-024,691,7427.05474837793,7428.089182299739,return_cruise,False,True,True,True,True,-3.3987165789254306
K28-024,692,7428.089182299739,7429.123616221535,return_cruise,False,True,True,True,True,-3.375672459135643
K28-024,693,7429.123616221535,7430.15805014333,return_cruise,False,True,True,True,True,-3.35256715292968
K28-024,694,7430.15805014333,7431.192484065139,return_cruise,False,True,True,True,True,-3.329400335128639
K28-024,695,7431.192484065139,7432.226917986948,return_cruise,False,True,True,True,True,-3.3061716779601653
K28-024,696,7432.226917986948,7433.261351908757,return_cruise,False,True,True,True,True,-3.2828808510313365
K28-024,697,7433.261351908757,7434.295785830566,return_cruise,False,True,True,True,True,-3.2595275212970307
K28-024,698,7434.295785830566,7435.11183098829,return_cruise,False,True,True,True,True,-3.236111353035568
K28-024,699,7435.11183098829,7435.927876146015,return_cruise,False,True,True,True,True,-3.2175942240658344
K28-024,700,7435.927876146015,7436.146264910086,return_cruise,False,True,True,True,True,-3.199037610690141
K28-024,701,7436.146264910086,7436.364653674157,return_cruise,False,True,True,True,True,-3.194064799163314
K28-024,702,7436.364653674157,7437.399087595979,return_cruise,False,True,True,True,True,-3.1890891444808744
K28-024,703,7437.399087595979,7438.433521517801,return_cruise,False,True,True,True,True,-3.1654824190906083
K28-024,704,7438.433521517801,7439.467955439596,return_cruise,False,True,True,True,True,-3.1418114849229966
K28-024,705,7439.467955439596,7440.502389361392,return_cruise,False,True,True,True,True,-3.1180759924263697
K28-024,706,7440.502389361392,7441.536823283187,return_cruise,False,True,True,True,True,-3.0942755891919376
K28-024,707,7441.536823283187,7442.571257204982,return_cruise,False,True,True,True,True,-3.0704099199239607
K28-024,708,7442.571257204982,7443.605691126804,return_cruise,False,True,True,True,True,-3.0464786264059427
K28-024,709,7443.605691126804,7444.640125048626,return_cruise,False,True,True,True,True,-3.022481347473388
K28-024,710,7444.640125048626,7445.6745589704215,return_cruise,False,True,True,True,True,-2.9984177189741814
K28-024,711,7445.6745589704215,7446.708992892217,return_cruise,False,True,True,True,True,-2.9742873737435787
K28-024,712,7446.708992892217,7447.743426814026,return_cruise,False,True,True,True,True,-2.9500899415630073
K28-024,713,7447.743426814026,7448.777860735835,return_cruise,False,True,True,True,True,-2.9258250491338487
K28-024,714,7448.777860735835,7449.812294657644,return_cruise,False,True,True,True,True,-2.9014923200376757
K28-024,715,7449.812294657644,7450.846728579453,return_cruise,False,True,True,True,True,-2.877091374701351
K28-024,716,7450.846728579453,7451.881162501249,return_cruise,False,True,True,True,True,-2.8526218303685056
K28-024,717,7451.881162501249,7452.915596423044,return_cruise,False,True,True,True,True,-2.8280833010553295
K28-024,718,7452.915596423044,7453.950030344866,return_cruise,False,True,True,True,True,-2.803475397519634
K28-024,719,7453.950030344866,7454.984464266688,return_cruise,False,True,True,True,True,-2.7787977272220985
K28-024,720,7454.984464266688,7455.2542861439,return_cruise,False,True,True,True,True,-2.754049894288954
K28-024,721,7455.2542861439,7455.524108021112,return_cruise,False,True,True,True,True,-2.7475830795032437
K28-024,722,7455.524108021112,7456.288720065695,return_cruise,False,True,True,True,True,-2.741111456752151
K28-024,723,7456.288720065695,7457.0533321102785,return_cruise,False,True,True,True,True,-2.722746213248783
K28-024,724,7457.0533321102785,7458.087766032074,return_cruise,False,True,True,True,True,-2.7043421401306063
K28-024,725,7458.087766032074,7459.122199953869,return_cruise,False,True,True,True,True,-2.6793814101474283
K28-024,726,7459.122199953869,7460.156633875691,return_cruise,False,True,True,True,True,-2.654348899934348
K28-024,727,7460.156633875691,7461.191067797513,return_cruise,False,True,True,True,True,-2.6292441963701094
K28-024,728,7461.191067797513,7462.225501719308,return_cruise,False,True,True,True,True,-2.604066882769274
K28-024,729,7462.225501719308,7463.259935641104,return_cruise,False,True,True,True,True,-2.578816538831319
K28-024,730,7463.259935641104,7464.294369562913,return_cruise,False,True,True,True,True,-2.553492740607723
K28-024,731,7464.294369562913,7465.328803484722,return_cruise,False,True,True,True,True,-2.528095060450852
K28-024,732,7465.328803484722,7466.363237406531,return_cruise,False,True,True,True,True,-2.5026230669837872
K28-024,733,7466.363237406531,7467.39767132834,return_cruise,False,True,True,True,True,-2.477076325044038
K28-024,734,7467.39767132834,7468.4321052501355,return_cruise,False,True,True,True,True,-2.4514543956418606
K28-024,735,7468.4321052501355,7469.466539171931,return_cruise,False,True,True,True,True,-2.4257568359277855
K28-024,736,7469.466539171931,7470.500973093753,return_cruise,False,True,True,True,True,-2.399983199125927
K28-024,737,7470.500973093753,7471.5354070155745,return_cruise,False,True,True,True,True,-2.3741330345066842
K28-024,738,7471.5354070155745,7472.56984093737,return_cruise,False,True,True,True,True,-2.348205887330977
K28-024,739,7472.56984093737,7473.604274859165,return_cruise,False,True,True,True,True,-2.3222012988027814
K28-024,740,7473.604274859165,7474.362307376684,return_cruise,False,True,True,True,True,-2.2961188060242392
K28-024,741,7474.362307376684,7475.1203398942025,return_cruise,False,True,True,True,True,-2.2769558408229784
K28-024,742,7475.1203398942025,7475.396741298479,return_cruise,False,True,True,True,True,-2.2577506054992114
K28-024,743,7475.396741298479,7475.673142702756,return_cruise,False,True,True,True,True,-2.2507372473415472
K28-024,744,7475.673142702756,7476.707576624578,return_cruise,False,True,True,True,True,-2.2437182353012872
K28-024,745,7476.707576624578,7477.7420105464,return_cruise,False,True,True,True,True,-2.2173992105954596
K28-024,746,7477.7420105464,7478.776444468195,return_cruise,False,True,True,True,True,-2.1910003880134212
K28-024,747,7478.776444468195,7479.810878389991,return_cruise,False,True,True,True,True,-2.1645212833896323
K28-024,748,7479.810878389991,7480.845312311786,return_cruise,False,True,True,True,True,-2.137961408143994
K28-024,749,7480.845312311786,7481.8797462335815,return_cruise,False,True,True,True,True,-2.1113202692408066
K28-024,750,7481.8797462335815,7482.914180155403,return_cruise,False,True,True,True,True,-2.0845973691235287
K28-024,751,7482.914180155403,7483.948614077225,return_cruise,False,True,True,True,True,-2.0577922056635884
K28-024,752,7483.948614077225,7484.9830479990205,return_cruise,False,True,True,True,True,-2.0309042721074633
K28-024,753,7484.9830479990205,7486.017481920816,return_cruise,False,True,True,True,True,-2.0039330570135263
K28-024,754,7486.017481920816,7487.051915842625,return_cruise,False,True,True,True,True,-1.9768780441997222
K28-024,755,7487.051915842625,7488.086349764434,return_cruise,False,True,True,True,True,-1.9497387126803858
K28-024,756,7488.086349764434,7489.120783686243,return_cruise,False,True,True,True,True,-1.9225145366121552
K28-024,757,7489.120783686243,7490.155217608052,return_cruise,False,True,True,True,True,-1.8952049852263713
K28-024,758,7490.155217608052,7491.189651529848,return_cruise,False,True,True,True,True,-1.8678095227744933
K28-024,759,7491.189651529848,7492.224085451643,return_cruise,False,True,True,True,True,-1.8403276084621467
K28-024,760,7492.224085451643,7493.258519373465,return_cruise,False,True,True,True,True,-1.8127586963849325
K28-024,761,7493.258519373465,7494.292953295287,return_cruise,False,True,True,True,True,-1.7851022354662405
K28-024,762,7494.292953295287,7494.504762531291,return_cruise,False,True,True,True,True,-1.7573576693917516
K28-024,763,7494.504762531291,7494.716571767295,return_cruise,False,True,True,True,True,-1.7516658131267917
K28-024,764,7494.716571767295,7495.539196453087,return_cruise,False,True,True,True,True,-1.745970234580966
K28-024,765,7495.539196453087,7496.361821138879,return_cruise,False,True,True,True,True,-1.723814355236172
K28-024,766,7496.361821138879,7497.396255060675,return_cruise,False,True,True,True,True,-1.7016019699256617
K28-024,767,7497.396255060675,7498.43068898247,return_cruise,False,True,True,True,True,-1.6735896971089943
K28-024,768,7498.43068898247,7499.465122904292,return_cruise,False,True,True,True,True,-1.6454870401498596
K28-024,769,7499.465122904292,7500.499556826114,return_cruise,False,True,True,True,True,-1.6172934155217717
K28-024,770,7500.499556826114,7501.533990747909,return_cruise,False,True,True,True,True,-1.5890082340487908
K28-024,771,7501.533990747909,7502.568424669705,return_cruise,False,True,True,True,True,-1.5606309008285564
K28-024,772,7502.568424669705,7503.602858591514,return_cruise,False,True,True,True,True,-1.5321608151556632
K28-024,773,7503.602858591514,7504.637292513323,return_cruise,False,True,True,True,True,-1.5035973704498815
K28-024,774,7504.637292513323,7505.671726435132,return_cruise,False,True,True,True,True,-1.4749399541811385
K28-024,775,7505.671726435132,7506.706160356941,return_cruise,False,True,True,True,True,-1.4461879477854467
K28-024,776,7506.706160356941,7507.740594278736,return_cruise,False,True,True,True,True,-1.417340726590652
K28-024,777,7507.740594278736,7508.775028200532,return_cruise,False,True,True,True,True,-1.3883976597361425
K28-024,778,7508.775028200532,7509.809462122354,return_cruise,False,True,True,True,True,-1.3593581100869727
K28-024,779,7509.809462122354,7510.843896044175,return_cruise,False,True,True,True,True,-1.3302214341538416
K28-024,780,7510.843896044175,7511.878329965971,return_cruise,False,True,True,True,True,-1.3009869820094195
K28-024,781,7511.878329965971,7512.912763887766,return_cruise,False,True,True,True,True,-1.271654097200738
K28-024,782,7512.912763887766,7513.61278376508,return_cruise,False,True,True,True,True,-1.2422221166614094
K28-024,783,7513.61278376508,7514.312803642394,return_cruise,False,True,True,True,True,-1.222248411722802
K28-024,784,7514.312803642394,7514.6472176868765,return_cruise,False,True,True,True,True,-1.2022288102881618
K28-024,785,7514.6472176868765,7514.981631731359,return_cruise,False,True,True,True,True,-1.1926487691761594
K28-024,786,7514.981631731359,7516.016065653181,return_cruise,False,True,True,True,True,-1.1830581825226432
K28-024,787,7516.016065653181,7517.0504995750025,return_cruise,False,True,True,True,True,-1.153324868920734
K28-024,788,7517.0504995750025,7518.084933496798,return_cruise,False,True,True,True,True,-1.123489739393122
K28-024,789,7518.084933496798,7519.119367418593,return_cruise,False,True,True,True,True,-1.0935520964486471
K28-024,790,7519.119367418593,7520.153801340389,return_cruise,False,True,True,True,True,-1.0635112354246985
K28-024,791,7520.153801340389,7521.188235262184,return_cruise,False,True,True,True,True,-1.0333664443905093
K28-024,792,7521.188235262184,7522.222669184006,return_cruise,False,True,True,True,True,-1.0031170040537063
K28-024,793,7522.222669184006,7523.257103105828,return_cruise,False,True,True,True,True,-0.9727621876435961
K28-024,794,7523.257103105828,7524.291537027623,return_cruise,False,True,True,True,True,-0.9423012608285575
K28-024,795,7524.291537027623,7525.325970949419,return_cruise,False,True,True,True,True,-0.9117334815930604
K28-024,796,7525.325970949419,7526.360404871228,return_cruise,False,True,True,True,True,-0.8810581001371105
K28-024,797,7526.360404871228,7527.394838793037,return_cruise,False,True,True,True,True,-0.8502743587723103
K28-024,798,7527.394838793037,7528.429272714846,return_cruise,False,True,True,True,True,-0.8193814917989357
K28-024,799,7528.429272714846,7529.463706636655,return_cruise,False,True,True,True,True,-0.7883787254087622
K28-024,800,7529.463706636655,7530.49814055845,return_cruise,False,True,True,True,True,-0.7572652775561295
K28-024,801,7530.49814055845,7531.532574480246,return_cruise,False,True,True,True,True,-0.7260403578501382
K28-024,802,7531.532574480246,7532.567008402068,return_cruise,False,True,True,True,True,-0.6947031674339286
K28-024,803,7532.567008402068,7533.601442323889,return_cruise,False,True,True,True,True,-0.6632528988553617
K28-024,804,7533.601442323889,7533.755238919688,return_cruise,False,True,True,True,True,-0.6316887359622996
K28-024,805,7533.755238919688,7533.909035515487,return_cruise,False,True,True,True,True,-0.6269860930891298
K28-024,806,7533.909035515487,7534.7896728414835,return_cruise,False,True,True,True,True,-0.622280911649824
K28-024,807,7534.7896728414835,7535.67031016748,return_cruise,False,True,True,True,True,-0.5952900837623645
K28-024,808,7535.67031016748,7536.704744089276,return_cruise,False,True,True,True,True,-0.568215418287707
K28-024,809,7536.704744089276,7537.739178011071,return_cruise,False,True,True,True,True,-0.5363045864980194
K28-024,810,7537.739178011071,7538.773611932893,return_cruise,False,True,True,True,True,-0.504276506110827
K28-024,811,7538.773611932893,7539.808045854715,return_cruise,False,True,True,True,True,-0.4721303154906167
K28-024,812,7539.808045854715,7540.84247977651,return_cruise,False,True,True,True,True,-0.43986514349900574
K28-024,813,7540.84247977651,7541.8769136983055,return_cruise,False,True,True,True,True,-0.40748010936837886
K28-024,814,7541.8769136983055,7542.911347620115,return_cruise,False,True,True,True,True,-0.3749743225452562
K28-024,815,7542.911347620115,7543.945781541924,return_cruise,False,True,True,True,True,-0.3423468825529312
K28-024,816,7543.945781541924,7544.980215463733,return_cruise,False,True,True,True,True,-0.30959687884688947
K28-024,817,7544.980215463733,7546.014649385542,return_cruise,False,True,True,True,True,-0.27672339065702545
K28-024,818,7546.014649385542,7547.049083307337,return_cruise,False,True,True,True,True,-0.24372548684131345
K28-024,819,7547.049083307337,7548.083517229133,return_cruise,False,True,True,True,True,-0.210602225729275
K28-024,820,7548.083517229133,7549.1179511509545,return_cruise,False,True,True,True,True,-0.17735265495548447
K28-024,821,7549.1179511509545,7550.152385072776,return_cruise,False,True,True,True,True,-0.1439758113095735
K28-024,822,7550.152385072776,7551.186818994572,return_cruise,False,True,True,True,True,-0.11047072056088325
K28-024,823,7551.186818994572,7552.221252916367,return_cruise,False,True,True,True,True,-0.07683639730238667
K28-024,824,7552.221252916367,7552.863260152472,return_cruise,False,True,True,True,True,-0.04307184476573411
K28-024,825,7552.863260152472,7553.5052673885775,return_cruise,False,True,True,True,True,-0.02205040154250071
K28-024,826,7553.5052673885775,7553.897694074268,return_cruise,False,True,True,True,True,-0.00097816391712513
K28-024,827,7553.897694074268,7554.290120759958,return_cruise,True,False,True,True,True,0.011927351588710167
K28-024,828,7554.290120759958,7555.32455468178,return_cruise,True,False,True,True,True,0.024851993028676134
K28-024,829,7555.32455468178,7556.358988603602,return_cruise,True,False,True,True,True,0.05901333017760635
K28-024,830,7556.358988603602,7557.393422525397,return_cruise,True,False,True,True,True,0.09330900075117654
K28-024,831,7557.393422525397,7558.427856447192,return_cruise,True,False,True,True,True,0.1277400609708792
K28-024,832,7558.427856447192,7559.4622903690015,return_cruise,True,False,True,True,True,0.16230757951232988
K28-024,833,7559.4622903690015,7560.496724290811,return_cruise,True,False,True,True,True,0.19701263770012645
K28-024,834,7560.496724290811,7561.53115821262,return_cruise,True,False,True,True,True,0.23185632970091774
K28-024,835,7561.53115821262,7562.565592134429,return_cruise,True,False,True,True,True,0.26683976273793064
K28-024,836,7562.565592134429,7563.600026056224,return_cruise,True,False,True,True,True,0.30196405729248
K28-024,837,7563.600026056224,7564.63445997802,return_cruise,True,False,True,True,True,0.3372303473119018
K28-024,838,7564.63445997802,7565.668893899829,return_cruise,True,False,True,True,True,0.3726397804328485
K28-024,839,7565.668893899829,7566.703327821638,return_cruise,True,False,True,True,True,0.4081935181974927
K28-024,840,7566.703327821638,7567.737761743447,return_cruise,True,False,True,True,True,0.4438927362763536
K28-024,841,7567.737761743447,7568.772195665256,return_cruise,True,False,True,True,True,0.47973862470094275
K28-024,842,7568.772195665256,7569.806629587051,return_cruise,True,False,True,True,True,0.5157323880974332
K28-024,843,7569.806629587051,7570.841063508847,return_cruise,True,False,True,True,True,0.5518752459186373
K28-024,844,7570.841063508847,7571.8754974306685,return_cruise,True,False,True,True,True,0.5881684326965768
K28-024,845,7571.8754974306685,7572.90993135249,return_cruise,True,False,True,True,True,0.6246131982862835
K28-024,846,7572.90993135249,7573.005715308083,return_cruise,True,False,True,True,True,0.6612108081161807
K28-024,847,7573.005715308083,7573.1014992636765,return_cruise,True,False,True,True,True,0.6646073598018205
K28-024,848,7573.1014992636765,7574.040149229879,return_cruise,True,False,True,True,True,0.6680052339617646
K28-024,849,7574.040149229879,7574.978799196081,return_cruise,True,False,True,True,True,0.7013734318465907
K28-024,850,7574.978799196081,7576.013233117877,return_cruise,True,False,True,True,True,0.7348697016518742
K28-024,851,7576.013233117877,7577.047667039672,return_cruise,True,False,True,True,True,0.7719335964560514
K28-024,852,7577.047667039672,7578.082100961494,return_cruise,True,False,True,True,True,0.8091555582360144
K28-024,853,7578.082100961494,7579.116534883316,return_cruise,True,False,True,True,True,0.8465369342941358
K28-024,854,7579.116534883316,7580.150968805111,return_cruise,True,False,True,True,True,0.8840790891394334
K28-024,855,7580.150968805111,7581.185402726906,return_cruise,True,False,True,True,True,0.9217834047865665
K28-024,856,7581.185402726906,7582.2198366487155,return_cruise,True,False,True,True,True,0.9596512810536382
K28-024,857,7582.2198366487155,7583.254270570525,return_cruise,True,False,True,True,True,0.9976841358700455
K28-024,858,7583.254270570525,7584.288704492334,return_cruise,True,False,True,True,True,1.0358834055762713
K28-024,859,7584.288704492334,7585.323138414143,return_cruise,True,False,True,True,True,1.0742505452616058
K28-024,860,7585.323138414143,7586.357572335938,return_cruise,True,False,True,True,True,1.1127870290780493
K28-024,861,7586.357572335938,7587.392006257734,return_cruise,True,False,True,True,True,1.1514943505698199
K28-024,862,7587.392006257734,7588.426440179555,return_cruise,True,False,True,True,True,1.1903740230237219
K28-024,863,7588.426440179555,7589.460874101377,return_cruise,True,False,True,True,True,1.2294275798058152
K28-024,864,7589.460874101377,7590.495308023173,return_cruise,True,False,True,True,True,1.2686565747274443
K28-024,865,7590.495308023173,7591.529741944968,return_cruise,True,False,True,True,True,1.3080625823954648
K28-024,866,7591.529741944968,7592.113736540869,return_cruise,True,False,True,True,True,1.3476471985948422
K28-024,867,7592.113736540869,7592.697731136769,return_cruise,True,False,True,True,True,1.370074372241092
K28-024,868,7592.697731136769,7593.148170462665,return_cruise,True,False,True,True,True,1.3925592815474914
K28-024,869,7593.148170462665,7593.598609788561,return_cruise,True,False,True,True,True,1.40994168422165
K28-024,870,7593.598609788561,7594.6330437103825,return_cruise,True,False,True,True,True,1.4273587478651706
K28-024,871,7594.6330437103825,7595.667477632204,return_cruise,True,False,True,True,True,1.4674889818183345
K28-024,872,7595.667477632204,7596.701911554,return_cruise,True,False,True,True,True,1.5078044268722266
K28-024,873,7596.701911554,7597.736345475795,return_cruise,True,False,True,True,True,1.5483067905288124
K28-024,874,7597.736345475795,7598.770779397604,return_cruise,True,False,True,True,True,1.588997803872914
K28-024,875,7598.770779397604,7599.805213319413,return_cruise,True,False,True,True,True,1.6298792219991753
K28-024,876,7599.805213319413,7600.839647241222,return_cruise,True,False,True,True,True,1.670952824459917
K28-024,877,7600.839647241222,7601.874081163031,return_cruise,True,False,True,True,True,1.7122204157102487
K28-024,878,7601.874081163031,7602.908515084827,return_cruise,True,False,True,True,True,1.7536838255839058
K28-024,879,7602.908515084827,7603.942949006622,return_cruise,True,False,True,True,True,1.7953449097615533
K28-024,880,7603.942949006622,7604.977382928431,return_cruise,True,False,True,True,True,1.8372055502518663
K28-024,881,7604.977382928431,7606.01181685024,return_cruise,True,False,True,True,True,1.8792676559013444
K28-024,882,7606.01181685024,7607.0462507720495,return_cruise,True,False,True,True,True,1.9215331628873713
K28-024,883,7607.0462507720495,7608.0806846938585,return_cruise,True,False,True,True,True,1.9640040352525716
K28-024,884,7608.0806846938585,7609.115118615654,return_cruise,True,False,True,True,True,2.006682265439295
K28-024,885,7609.115118615654,7610.149552537449,return_cruise,True,False,True,True,True,2.0495698748156457
K28-024,886,7610.149552537449,7611.183986459271,return_cruise,True,False,True,True,True,2.0926689142584536
K28-024,887,7611.183986459271,7612.218420381093,return_cruise,True,False,True,True,True,2.135981464714277
K28-024,888,7612.218420381093,7612.256191695478,return_cruise,True,False,True,True,True,2.179509637786481
K28-024,889,7612.256191695478,7612.293963009864,return_cruise,True,False,True,True,True,2.1811031330448856
K28-024,890,7612.293963009864,7613.290625617274,return_cruise,True,False,True,True,True,2.182696918745947
K28-024,891,7613.290625617274,7614.287288224684,return_cruise,True,False,True,True,True,2.224857064040208
K28-024,892,7614.287288224684,7615.321722146479,return_cruise,True,False,True,True,True,2.2672214550974132
K28-024,893,7615.321722146479,7616.356156068275,return_cruise,True,False,True,True,True,2.311409481317824
K28-024,894,7616.356156068275,7617.3905899900965,return_cruise,True,False,True,True,True,2.355821895383812
K28-024,895,7617.3905899900965,7618.425023911918,return_cruise,True,False,True,True,True,2.4004609715001948
K28-024,896,7618.425023911918,7619.459457833714,return_cruise,True,False,True,True,True,2.4453290183658396
K28-024,897,7619.459457833714,7620.493891755509,return_cruise,True,False,True,True,True,2.4904283798546345
K28-024,898,7620.493891755509,7621.528325677318,return_cruise,True,False,True,True,True,2.5357614357549494
K28-024,899,7621.528325677318,7622.562759599127,return_cruise,True,False,True,True,True,2.5813306024756173
K28-024,900,7622.562759599127,7623.597193520936,return_cruise,True,False,True,True,True,2.627138333807622
K28-024,901,7623.597193520936,7624.631627442745,return_cruise,True,False,True,True,True,2.673187121691271
K28-024,902,7624.631627442745,7625.666061364541,return_cruise,True,False,True,True,True,2.7194794969997673
K28-024,903,7625.666061364541,7626.700495286336,return_cruise,True,False,True,True,True,2.766018030360499
K28-024,904,7626.700495286336,7627.734929208158,return_cruise,True,False,True,True,True,2.8128053329640608
K28-024,905,7627.734929208158,7628.76936312998,return_cruise,True,False,True,True,True,2.859844057436078
K28-024,906,7628.76936312998,7629.803797051775,return_cruise,True,False,True,True,True,2.907136898692727
K28-024,907,7629.803797051775,7630.838230973571,return_cruise,True,False,True,True,True,2.954686594847203
K28-024,908,7630.838230973571,7631.364212929266,return_cruise,True,False,True,True,True,3.002495928132717
K28-024,909,7631.364212929266,7631.890194884961,return_cruise,True,False,True,True,True,3.026906172215533
K28-024,910,7631.890194884961,7632.398646851062,return_cruise,True,False,True,True,True,3.0513846506558053
K28-024,911,7632.398646851062,7632.907098817163,return_cruise,True,False,True,True,True,3.075112525056028
K28-024,912,7632.907098817163,7633.941532738985,return_cruise,True,False,True,True,True,3.0989048612632075
K28-024,913,7633.941532738985,7634.975966660807,return_cruise,True,False,True,True,True,3.1475102547621248
K28-024,914,7634.975966660807,7636.010400582602,return_cruise,True,False,True,True,True,3.1963868747105835
K28-024,915,7636.010400582602,7637.044834504398,return_cruise,True,False,True,True,True,3.245537738582186
K28-024,916,7637.044834504398,7638.079268426207,return_cruise,True,False,True,True,True,3.2949659140253686
K28-024,917,7638.079268426207,7639.113702348016,return_cruise,True,False,True,True,True,3.3446745199698
K28-024,918,7639.113702348016,7640.148136269825,return_cruise,True,False,True,True,True,3.394666727756203
K28-024,919,7640.148136269825,7641.182570191634,return_cruise,True,False,True,True,True,3.444945762316209
K28-024,920,7641.182570191634,7642.2170041134295,return_cruise,True,False,True,True,True,3.4955149033713724
K28-024,921,7642.2170041134295,7643.251438035225,return_cruise,True,False,True,True,True,3.5463774866595514
K28-024,922,7643.251438035225,7644.285871957034,return_cruise,True,False,True,True,True,3.597536905217865
K28-024,923,7644.285871957034,7645.320305878843,return_cruise,True,False,True,True,True,3.648996610681891
K28-024,924,7645.320305878843,7646.354739800652,return_cruise,True,False,True,True,True,3.7007601146222555
K28-024,925,7646.354739800652,7647.389173722461,return_cruise,True,False,True,True,True,3.752830989936271
K28-024,926,7647.389173722461,7648.423607644257,return_cruise,True,False,True,True,True,3.805212872261663
K28-024,927,7648.423607644257,7649.458041566052,return_cruise,True,False,True,True,True,3.8579094614376856
K28-024,928,7649.458041566052,7650.472234162054,return_cruise,True,False,True,True,True,3.910924523010422
K28-024,929,7650.472234162054,7651.486426758055,return_cruise,True,False,True,True,True,3.9632150925404517
K28-024,930,7651.486426758055,7651.506668083875,return_cruise,True,False,True,True,True,4.015819153428666
K28-024,931,7651.506668083875,7651.526909409696,return_cruise,True,False,True,True,True,4.0168722452114025
K28-024,932,7651.526909409696,7652.561343331491,return_cruise,True,False,True,True,True,4.017925463386803
K28-024,933,7652.561343331491,7653.5957772532865,return_cruise,True,False,True,True,True,4.071919215959269
K28-024,934,7653.5957772532865,7654.630211175082,return_cruise,True,False,True,True,True,4.126247191790284
K28-024,935,7654.630211175082,7655.664645096877,return_cruise,True,False,True,True,True,4.180913509091695
K28-024,936,7655.664645096877,7656.699079018699,return_cruise,True,False,True,True,True,4.2359223617660575
K28-024,937,7656.699079018699,7657.733512940521,return_cruise,True,False,True,True,True,4.291278021252992
K28-024,938,7657.733512940521,7658.767946862316,return_cruise,True,False,True,True,True,4.346984838440548
K28-024,939,7658.767946862316,7659.802380784112,return_cruise,True,False,True,True,True,4.4030472455986285
K28-024,940,7659.802380784112,7660.836814705921,return_cruise,True,False,True,True,True,4.459469758421122
K28-024,941,7660.836814705921,7661.87124862773,return_cruise,True,False,True,True,True,4.516256978086602
K28-024,942,7661.87124862773,7662.905682549539,return_cruise,True,False,True,True,True,4.573413593398129
K28-024,943,7662.905682549539,7663.940116471348,return_cruise,True,False,True,True,True,4.630944383007034
K28-024,944,7663.940116471348,7664.9745503931435,return_cruise,True,False,True,True,True,4.688854217671832
K28-024,945,7664.9745503931435,7666.008984314939,return_cruise,True,False,True,True,True,4.747148062620752
K28-024,946,7666.008984314939,7667.043418236761,return_cruise,True,False,True,True,True,4.805830979971489
K28-024,947,7667.043418236761,7668.077852158583,return_cruise,True,False,True,True,True,4.864908131220716
K28-024,948,7668.077852158583,7669.112286080378,return_cruise,True,False,True,True,True,4.924384779841873
K28-024,949,7669.112286080378,7670.146720002173,return_cruise,True,False,True,True,True,4.984266293924875
K28-024,950,7670.146720002173,7670.614689317162,return_cruise,True,False,True,True,True,5.04455814894493
K28-024,951,7670.614689317162,7671.08265863215,return_cruise,True,False,True,True,True,5.071969986613283
K28-024,952,7671.08265863215,7671.649123238957,return_cruise,True,False,True,True,True,5.099467470267044
K28-024,953,7671.649123238957,7672.215587845764,return_cruise,True,False,True,True,True,5.1328677953221415
K28-024,954,7672.215587845764,7673.250021767586,return_cruise,True,False,True,True,True,5.166395337690233
K28-024,955,7673.250021767586,7674.284455689408,return_cruise,True,False,True,True,True,5.227952185246465
K28-024,956,7674.284455689408,7675.318889611203,return_cruise,True,False,True,True,True,5.289942407548267
K28-024,957,7675.318889611203,7676.353323532999,return_cruise,True,False,True,True,True,5.352372061420581
K28-024,958,7676.353323532999,7677.387757454808,return_cruise,True,False,True,True,True,5.415247329541913
K28-024,959,7677.387757454808,7678.422191376617,return_cruise,True,False,True,True,True,5.478574523911078
K28-024,960,7678.422191376617,7679.456625298426,return_cruise,True,False,True,True,True,5.542360089403616
K28-024,961,7679.456625298426,7680.491059220235,return_cruise,True,False,True,True,True,5.606610607455636
K28-024,962,7680.491059220235,7681.52549314203,return_cruise,True,False,True,True,True,5.671332799893051
K28-024,963,7681.52549314203,7682.559927063826,return_cruise,True,False,True,True,True,5.736533532856356
K28-024,964,7682.559927063826,7683.594360985648,return_cruise,True,False,True,True,True,5.80221982089553
K28-024,965,7683.594360985648,7684.6287949074695,return_cruise,True,False,True,True,True,5.868398831198675
K28-024,966,7684.6287949074695,7685.663228829265,return_cruise,True,False,True,True,True,5.935077887934952
K28-024,967,7685.663228829265,7686.69766275106,return_cruise,True,False,True,True,True,6.002264476815029
K28-024,968,7686.69766275106,7687.732096672856,return_cruise,True,False,True,True,True,6.069966249743985
K28-024,969,7687.732096672856,7688.766530594651,return_cruise,True,False,True,True,True,6.138191029697026
K28-024,970,7688.766530594651,7689.722710550448,return_cruise,True,False,True,True,True,6.206946815737723
K28-024,971,7689.722710550448,7690.678890506245,return_cruise,True,False,True,True,True,6.270980649708235
K28-024,972,7690.678890506245,7690.757144472271,return_cruise,True,False,True,True,True,6.335481778375495
K28-024,973,7690.757144472271,7690.835398438297,return_cruise,True,False,True,True,True,6.340781456934607
K28-024,974,7690.835398438297,7691.869832360092,return_cruise,True,False,True,True,True,6.346084314168436
K28-024,975,7691.869832360092,7692.904266281887,return_cruise,True,False,True,True,True,6.4164829529134835
K28-024,976,7692.904266281887,7693.938700203683,return_cruise,True,False,True,True,True,6.4874464618491885
K28-024,977,7693.938700203683,7694.973134125478,return_cruise,True,False,True,True,True,6.558983802459579
K28-024,978,7694.973134125478,7696.0075680473,return_cruise,True,False,True,True,True,6.631104146547216
K28-024,979,7696.0075680473,7697.042001969122,return_cruise,True,False,True,True,True,6.7038168827074855
K28-024,980,7697.042001969122,7698.076435890917,return_cruise,True,False,True,True,True,6.777131623024303
K28-024,981,7698.076435890917,7699.110869812713,return_cruise,True,False,True,True,True,6.851058210043377
K28-024,982,7699.110869812713,7700.145303734522,return_cruise,True,False,True,True,True,6.925606723997191
K28-024,983,7700.145303734522,7701.179737656331,return_cruise,True,False,True,True,True,7.000787490303381
K28-024,984,7701.179737656331,7702.21417157814,return_cruise,True,False,True,True,True,7.076611087362409
K28-024,985,7702.21417157814,7703.248605499949,return_cruise,True,False,True,True,True,7.153088354634534
K28-024,986,7703.248605499949,7704.283039421744,return_cruise,True,False,True,True,True,7.230230401063949
K28-024,987,7704.283039421744,7705.31747334354,return_cruise,True,False,True,True,True,7.308048613797041
K28-024,988,7705.31747334354,7706.351907265362,return_cruise,True,False,True,True,True,7.386554667269962
K28-024,989,7706.351907265362,7707.3863411871835,return_cruise,True,False,True,True,True,7.465760532638669
K28-024,990,7707.3863411871835,7708.420775108979,return_cruise,True,False,True,True,True,7.545678487590436
K28-024,991,7708.420775108979,7709.455209030774,return_cruise,True,False,True,True,True,7.626321126538642
K28-024,992,7709.455209030774,7709.865165705056,return_cruise,True,False,True,True,True,7.707701371244696
K28-024,993,7709.865165705056,7710.2751223793375,return_cruise,True,False,True,True,True,7.740160193353532
K28-024,994,7710.2751223793375,7710.899599626851,return_cruise,True,False,True,True,True,7.7727377843364565
K28-024,995,7710.899599626851,7711.524076874365,return_cruise,True,False,True,True,True,7.822592625569271
K28-024,996,7711.524076874365,7712.558510796187,return_cruise,True,False,True,True,True,7.872728068363557
K28-024,997,7712.558510796187,7713.592944718009,return_cruise,True,False,True,True,True,7.956402102614291
K28-024,998,7713.592944718009,7714.627378639804,return_cruise,True,False,True,True,True,8.040868930690621
K28-024,999,7714.627378639804,7715.6618125616,return_cruise,True,False,True,True,True,8.126143285902444
K28-024,1000,7715.6618125616,7716.696246483409,return_cruise,True,False,True,True,True,8.212240302270914
K28-024,1001,7716.696246483409,7717.730680405218,return_cruise,True,False,True,True,True,8.299175528576711
K28-024,1002,7717.730680405218,7718.765114327027,return_cruise,True,False,True,True,True,8.386964942991327
K28-024,1003,7718.765114327027,7719.799548248836,return_cruise,True,False,True,True,True,8.475624968335254
K28-024,1004,7719.799548248836,7720.833982170631,return_cruise,True,False,True,True,True,8.565172487962897
K28-024,1005,7720.833982170631,7721.868416092427,return_cruise,True,False,True,True,True,8.655624862316287
K28-024,1006,7721.868416092427,7722.9028500142485,return_cruise,True,False,True,True,True,8.746999946199878
K28-024,1007,7722.9028500142485,7723.93728393607,return_cruise,True,False,True,True,True,8.839316106765764
K28-024,1008,7723.93728393607,7724.971717857866,return_cruise,True,False,True,True,True,8.932592242261748
K28-024,1009,7724.971717857866,7726.006151779661,return_cruise,True,False,True,True,True,9.026847801616611
K28-024,1010,7726.006151779661,7727.040585701457,return_cruise,True,False,True,True,True,9.122102804824891
K28-024,1011,7727.040585701457,7728.075019623252,return_cruise,True,False,True,True,True,9.218377864217047
K28-024,1012,7728.075019623252,7728.973186938342,return_cruise,True,False,True,True,True,9.31569420664934
K28-024,1013,7728.973186938342,7729.871354253432,return_cruise,True,False,True,True,True,9.401052511256893
K28-024,1014,7729.871354253432,7730.007620860165,return_cruise,True,False,True,True,True,9.487227019557693
K28-024,1015,7730.007620860165,7730.1438874668975,return_cruise,True,False,True,True,True,9.50037334618645
K28-024,1016,7730.1438874668975,7731.178321388693,return_cruise,True,False,True,True,True,9.513538860514004
K28-024,1017,7731.178321388693,7732.212755310488,return_cruise,True,False,True,True,True,9.614112911543927
K28-024,1018,7732.212755310488,7733.247189232284,return_cruise,True,False,True,True,True,9.715819776232308
K28-024,1019,7733.247189232284,7734.281623154079,return_cruise,True,False,True,True,True,9.81868412167816
K28-024,1020,7734.281623154079,7735.316057075901,return_cruise,True,False,True,True,True,9.922731384106939
K28-024,1021,7735.316057075901,7736.350490997723,return_cruise,True,False,True,True,True,10.027987798653143
K28-024,1022,7736.350490997723,7737.384924919518,return_cruise,True,False,True,True,True,10.134480430368342
K28-024,1023,7737.384924919518,7738.419358841314,return_cruise,True,False,True,True,True,10.242237206548765
K28-024,1024,7738.419358841314,7739.453792763123,return_cruise,True,False,True,True,True,10.351286950429383
K28-024,1025,7739.453792763123,7740.488226684932,return_cruise,True,False,True,True,True,10.461659416237495
K28-024,1026,7740.488226684932,7741.522660606741,return_cruise,True,False,True,True,True,10.573385325732048
K28-024,1027,7741.522660606741,7742.55709452855,return_cruise,True,False,True,True,True,10.686496406175081
K28-024,1028,7742.55709452855,7743.591528450345,return_cruise,True,False,True,True,True,10.801025429825145
K28-024,1029,7743.591528450345,7744.625962372141,return_cruise,True,False,True,True,True,10.917006255006342
K28-024,1030,7744.625962372141,7745.660396293963,return_cruise,True,False,True,True,True,11.034473868679427
K28-024,1031,7745.660396293963,7746.694830215784,return_cruise,True,False,True,True,True,11.153464430660321
K28-024,1032,7746.694830215784,7747.72926413758,return_cruise,True,False,True,True,True,11.27401531936765
K28-024,1033,7747.72926413758,7748.763698059375,return_cruise,True,False,True,True,True,11.396165179194028
K28-024,1034,7748.763698059375,7749.115642093451,return_cruise,True,False,True,True,True,11.519953969405009
K28-024,1035,7749.115642093451,7749.467586127527,return_cruise,True,False,True,True,True,11.562451431362703
K28-024,1036,7749.467586127527,7750.150076015247,return_cruise,True,False,True,True,True,11.605145044459263
K28-024,1037,7750.150076015247,7750.832565902966,return_cruise,True,False,True,True,True,11.688501819480678
K28-024,1038,7750.832565902966,7751.866999824788,return_cruise,True,False,True,True,True,11.772615056276933
K28-024,1039,7751.866999824788,7752.90143374661,return_cruise,True,False,True,True,True,11.90157430668755
K28-024,1040,7752.90143374661,7753.935867668405,return_cruise,True,False,True,True,True,12.032346502590187
K28-024,1041,7753.935867668405,7754.9703015902005,return_cruise,True,False,True,True,True,12.164978961082838
K28-024,1042,7754.9703015902005,7756.00473551201,return_cruise,True,False,True,True,True,12.299520635787033
K28-024,1043,7756.00473551201,7757.039169433819,return_cruise,True,False,True,True,True,12.436022173716651
K28-024,1044,7757.039169433819,7758.073603355628,return_cruise,True,False,True,True,True,12.574535972252647
K28-024,1045,7758.073603355628,7759.108037277437,return_cruise,True,False,True,True,True,12.715116235878966
K28-024,1046,7759.108037277437,7760.142471199232,return_cruise,True,False,True,True,True,12.857819032103393
K28-024,1047,7760.142471199232,7761.176905121028,return_cruise,True,False,True,True,True,13.002702345807222
K28-024,1048,7761.176905121028,7762.211339042849,return_cruise,True,False,True,True,True,13.149826131346842
K28-024,1049,7762.211339042849,7763.245772964671,return_cruise,True,False,True,True,True,13.299252361230486
K28-024,1050,7763.245772964671,7764.280206886467,return_cruise,True,False,True,True,True,13.451045070215656
K28-024,1051,7764.280206886467,7765.314640808262,return_cruise,True,False,True,True,True,13.60527039334805
K28-024,1052,7765.314640808262,7766.3490747300575,return_cruise,True,False,True,True,True,13.761996596087059
K28-024,1053,7766.3490747300575,7767.383508651853,return_cruise,True,False,True,True,True,13.921294094393716
K28-024,1054,7767.383508651853,7768.223663326236,return_cruise,True,False,True,True,True,14.083235462043405
K28-024,1055,7768.223663326236,7769.06381800062,return_cruise,True,False,True,True,True,14.216759425906432
K28-024,1056,7769.06381800062,7769.258097248059,return_cruise,True,False,True,True,True,14.35211773261895
K28-024,1057,7769.258097248059,7769.452376495498,return_cruise,True,False,True,True,True,14.383683848828184
K28-024,1058,7769.452376495498,7770.486810417294,return_cruise,True,False,True,True,True,14.415350819210587
K28-024,1059,7770.486810417294,7771.521244339089,return_cruise,True,False,True,True,True,14.5856805662916
K28-024,1060,7771.521244339089,7772.555678260898,return_cruise,True,False,True,True,True,14.75896556343109
K28-024,1061,7772.555678260898,7773.590112182707,return_cruise,True,False,True,True,True,14.93528857898464
K28-024,1062,7773.590112182707,7774.624546104516,return_cruise,True,False,True,True,True,15.11473408714599
K28-024,1063,7774.624546104516,7775.6589800263255,return_cruise,True,False,True,True,True,15.297388051702058
K28-024,1064,7775.6589800263255,7776.693413948121,return_cruise,True,False,True,True,True,15.483337644764802
K28-024,1065,7776.693413948121,7777.727847869916,return_cruise,True,False,True,True,True,15.672670886814188
K28-024,1066,7777.727847869916,7778.762281791725,return_cruise,True,False,True,True,True,15.865476191805143
K28-024,1067,7778.762281791725,7779.7967157135345,return_cruise,True,False,True,True,True,16.061841797669587
K28-024,1068,7779.7967157135345,7780.8311496353435,return_cruise,True,False,True,True,True,16.261855058885118
K28-024,1069,7780.8311496353435,7781.865583557153,return_cruise,True,False,True,True,True,16.465601573050037
K28-024,1070,7781.865583557153,7782.900017478948,return_cruise,True,False,True,True,True,16.673164108005764
K28-024,1071,7782.900017478948,7783.9344514007435,return_cruise,True,False,True,True,True,16.884621289523977
K28-024,1072,7783.9344514007435,7784.968885322565,return_cruise,True,False,True,True,True,17.10004600207091
K28-024,1073,7784.968885322565,7786.003319244387,return_cruise,True,False,True,True,True,17.319503445958333
K28-024,1074,7786.003319244387,7787.0377531661825,return_cruise,True,False,True,True,True,17.543048783948464
K28-024,1075,7787.0377531661825,7788.072187087978,return_cruise,True,False,True,True,True,17.770724298298376
K28-024,1076,7788.072187087978,7788.366118481347,return_cruise,True,False,True,True,True,18.002555965331197
K28-024,1077,7788.366118481347,7788.660049874717,return_cruise,True,False,True,True,True,18.069189877847705
K28-024,1078,7788.660049874717,7789.400552403143,return_cruise,True,False,True,True,True,18.136159743620055
K28-024,1079,7789.400552403143,7790.141054931569,return_cruise,True,False,True,True,True,18.306363417766903
K28-024,1080,7790.141054931569,7791.175488853391,return_cruise,True,False,True,True,True,18.47868462057157
K28-024,1081,7791.175488853391,7792.209922775212,return_cruise,True,False,True,True,True,18.722910764528763
K28-024,1082,7792.209922775212,7793.244356697008,return_cruise,True,False,True,True,True,18.97113847109506
K28-024,1083,7793.244356697008,7794.278790618803,return_cruise,True,False,True,True,True,19.22323187649998
K28-024,1084,7794.278790618803,7795.313224540612,return_cruise,True,False,True,True,True,19.478998757798735
K28-024,1085,7795.313224540612,7796.347658462421,return_cruise,True,False,True,True,True,19.738179055467015
K28-024,1086,7796.347658462421,7797.38209238423,return_cruise,True,False,True,True,True,20.00043152859668
K28-024,1087,7797.38209238423,7798.4165263060395,return_cruise,True,False,True,True,True,20.26531838808164
K28-024,1088,7798.4165263060395,7799.450960227835,return_cruise,True,False,True,True,True,20.53228781707061
K28-024,1089,7799.450960227835,7800.48539414963,return_cruise,True,False,True,True,True,20.800654400016754
K28-024,1090,7800.48539414963,7801.519828071452,return_cruise,True,False,True,True,True,21.069577660879048
K28-024,1091,7801.519828071452,7802.554261993274,return_cruise,True,False,True,True,True,21.338039177943514
K28-024,1092,7802.554261993274,7803.588695915069,return_cruise,True,False,True,True,True,21.604819123314243
K28-024,1093,7803.588695915069,7804.623129836865,return_cruise,True,False,True,True,True,21.86847358480128
K28-024,1094,7804.623129836865,7805.65756375866,return_cruise,True,False,True,True,True,22.127314675959468
K28-024,1095,7805.65756375866,7806.691997680456,return_cruise,True,False,True,True,True,22.379396204804266
K28-024,1096,7806.691997680456,7807.474139714634,return_cruise,True,False,True,True,True,22.622508487294652
K28-024,1097,7807.474139714634,7808.2562817488115,return_cruise,True,False,True,True,True,22.79887799178219
K28-024,1098,7808.2562817488115,7808.508573636456,return_cruise,True,False,True,True,True,22.967561071913366
K28-024,1099,7808.508573636456,7808.760865524101,return_cruise,True,False,True,True,True,23.020133153604334
K28-024,1100,7808.760865524101,7809.7952994458965,return_cruise,True,False,True,True,True,23.071737007822676
K28-024,1101,7809.7952994458965,7810.829733367692,return_cruise,True,False,True,True,True,23.272286610578902
K28-024,1102,7810.829733367692,7811.864167289501,return_cruise,True,False,True,True,True,23.452858591525114
K28-024,1103,7811.864167289501,7812.89860121131,return_cruise,True,False,True,True,True,23.61047528280035
K28-024,1104,7812.89860121131,7813.933035133119,return_cruise,True,False,True,True,True,23.74228602982923
K28-024,1105,7813.933035133119,7814.967469054928,return_cruise,True,False,True,True,True,23.845712590674523
K28-024,1106,7814.967469054928,7815.863081944429,return_cruise,True,False,True,True,True,23.918599862438654
K28-024,1107,7815.863081944429,7816.758694833929,return_cruise,True,False,True,True,True,23.955793579493374
K28-024,1108,7816.758694833929,7952.028277963812,return_descent,True,False,True,True,True,23.968262608738186
K28-026,0,6377.732957972645,6473.092093714832,climb,True,False,True,True,True,25.16080841557533
K28-026,1,6473.092093714832,6473.628800377021,cruise,True,False,True,True,True,25.154911169755295
K28-026,2,6473.628800377021,6474.165507039211,cruise,True,False,True,True,True,25.13726732750301
K28-026,3,6474.165507039211,6475.113551026736,cruise,True,False,True,True,True,25.077890795887342
K28-026,4,6475.113551026736,6476.061595014261,cruise,True,False,True,True,True,24.98381485704637
K28-026,5,6476.061595014261,6477.009639001786,cruise,True,False,True,True,True,24.857257018509912
K28-026,6,6477.009639001786,6477.957682989311,cruise,True,False,True,True,True,24.701029248156885
K28-026,7,6477.957682989311,6478.905726976787,cruise,True,False,True,True,True,24.518347871317232
K28-026,8,6478.905726976787,6479.853770964263,cruise,True,False,True,True,True,24.312642588451297
K28-026,9,6479.853770964263,6480.801814951788,cruise,True,False,True,True,True,24.08738420525617
K28-026,10,6480.801814951788,6481.7498589393135,cruise,True,False,True,True,True,23.845943629993883
K28-026,11,6481.7498589393135,6482.389822071253,cruise,True,False,True,True,True,23.675421027726046
K28-026,12,6482.389822071253,6483.029785203192,cruise,True,False,True,True,True,23.499878895114364
K28-026,13,6483.029785203192,6483.337866058777,cruise,True,False,True,True,True,23.4138333805883
K28-026,14,6483.337866058777,6483.645946914362,cruise,True,False,True,True,True,23.326909434706636
K28-026,15,6483.645946914362,6484.593990901838,cruise,True,False,True,True,True,23.054793638189352
K28-026,16,6484.593990901838,6485.542034889314,cruise,True,False,True,True,True,22.77740246440665
K28-026,17,6485.542034889314,6486.490078876839,cruise,True,False,True,True,True,22.49668321730978
K28-026,18,6486.490078876839,6487.438122864364,cruise,True,False,True,True,True,22.214286855987254
K28-026,19,6487.438122864364,6488.386166851889,cruise,True,False,True,True,True,21.93159397501792
K28-026,20,6488.386166851889,6489.3342108394145,cruise,True,False,True,True,True,21.64974417972404
K28-026,21,6489.3342108394145,6490.2822548268905,cruise,True,False,True,True,True,21.369666155986394
K28-026,22,6490.2822548268905,6491.2302988143665,cruise,True,False,True,True,True,21.09210666277862
K28-026,23,6491.2302988143665,6492.17834280194,cruise,True,False,True,True,True,20.817657392882836
K28-026,24,6492.17834280194,6493.126386789513,cruise,True,False,True,True,True,20.546779165050765
K28-026,25,6493.126386789513,6494.074430776989,cruise,True,False,True,True,True,20.27982326216329
K28-026,26,6494.074430776989,6495.022474764465,cruise,True,False,True,True,True,20.01704995869713
K28-026,27,6495.022474764465,6495.970518751941,cruise,True,False,True,True,True,19.758644412405786
K28-026,28,6495.970518751941,6496.918562739417,cruise,True,False,True,True,True,19.504730166623034
K28-026,29,6496.918562739417,6497.8666067269905,cruise,True,False,True,True,True,19.255380534926047
K28-026,30,6497.8666067269905,6498.814650714564,cruise,True,False,True,True,True,19.010628143383457
K28-026,31,6498.814650714564,6499.76269470204,cruise,True,False,True,True,True,18.77047288696295
K28-026,32,6499.76269470204,6500.710738689516,cruise,True,False,True,True,True,18.534888537321137
K28-026,33,6500.710738689516,6501.658782676992,cruise,True,False,True,True,True,18.303828209969666
K28-026,34,6501.658782676992,6502.606826664468,cruise,True,False,True,True,True,18.077228873815486
K28-026,35,6502.606826664468,6503.554870652041,cruise,True,False,True,True,True,17.85501505897922
K28-026,36,6503.554870652041,6504.502914639615,cruise,True,False,True,True,True,17.637101897484442
K28-026,37,6504.502914639615,6505.450958627091,cruise,True,False,True,True,True,17.423397608286024
K28-026,38,6505.450958627091,6506.399002614567,cruise,True,False,True,True,True,17.213805522751883
K28-026,39,6506.399002614567,6507.347046602043,cruise,True,False,True,True,True,17.00822572915746
K28-026,40,6507.347046602043,6508.295090589519,cruise,True,False,True,True,True,16.806556402420654
K28-026,41,6508.295090589519,6509.243134577092,cruise,True,False,True,True,True,16.608694874135324
K28-026,42,6509.243134577092,6510.191178564665,cruise,True,False,True,True,True,16.41453848896782
K28-026,43,6510.191178564665,6511.139222552141,cruise,True,False,True,True,True,16.22398528439244
K28-026,44,6511.139222552141,6512.087266539617,cruise,True,False,True,True,True,16.036934526048057
K28-026,45,6512.087266539617,6513.035310527093,cruise,True,False,True,True,True,15.853287123982383
K28-026,46,6513.035310527093,6513.983354514569,cruise,True,False,True,True,True,15.672945951637729
K28-026,47,6513.983354514569,6514.931398502143,cruise,True,False,True,True,True,15.4958160851495
K28-026,48,6514.931398502143,6515.879442489716,cruise,True,False,True,True,True,15.32180497749323
K28-026,49,6515.879442489716,6516.827486477192,cruise,True,False,True,True,True,15.150822579792418
K28-026,50,6516.827486477192,6517.775530464668,cruise,True,False,True,True,True,14.982781419680109
K28-026,51,6517.775530464668,6518.723574452144,cruise,True,False,True,True,True,14.817596644849772
K28-026,52,6518.723574452144,6519.67161843962,cruise,True,False,True,True,True,14.655186038953829
K28-026,53,6519.67161843962,6520.619662427193,cruise,True,False,True,True,True,14.495470014886948
K28-026,54,6520.619662427193,6521.567706414767,cruise,True,False,True,True,True,14.338371590727277
K28-026,55,6521.567706414767,6522.515750402243,cruise,True,False,True,True,True,14.183816351580717
K28-026,56,6522.515750402243,6523.463794389719,cruise,True,False,True,True,True,14.031732400796983
K28-026,57,6523.463794389719,6524.411838377195,cruise,True,False,True,True,True,13.882050303015603
K28-026,58,6524.411838377195,6525.359882364671,cruise,True,False,True,True,True,13.734703021048531
K28-026,59,6525.359882364671,6526.307926352244,cruise,True,False,True,True,True,13.589625848611092
K28-026,60,6526.307926352244,6527.255970339817,cruise,True,False,True,True,True,13.44675633991011
K28-026,61,6527.255970339817,6528.204014327293,cruise,True,False,True,True,True,13.306034237535954
K28-026,62,6528.204014327293,6529.152058314769,cruise,True,False,True,True,True,13.167401399372295
K28-026,63,6529.152058314769,6530.1001023022945,cruise,True,False,True,True,True,13.030801725423345
K28-026,64,6530.1001023022945,6531.04814628982,cruise,True,False,True,True,True,12.89618108516541
K28-026,65,6531.04814628982,6531.996190277345,cruise,True,False,True,True,True,12.7634872455437
K28-026,66,6531.996190277345,6532.94423426487,cruise,True,False,True,True,True,12.632669800400976
K28-026,67,6532.94423426487,6533.892278252346,cruise,True,False,True,True,True,12.503680101513481
K28-026,68,6533.892278252346,6534.840322239822,cruise,True,False,True,True,True,12.37647119124108
K28-026,69,6534.840322239822,6535.788366227347,cruise,True,False,True,True,True,12.25099773709124
K28-026,70,6535.788366227347,6536.736410214872,cruise,True,False,True,True,True,12.127215968463616
K28-026,71,6536.736410214872,6537.684454202397,cruise,True,False,True,True,True,12.005083615233815
K28-026,72,6537.684454202397,6538.632498189922,cruise,True,False,True,True,True,11.884559848693016
K28-026,73,6538.632498189922,6539.5805421773985,cruise,True,False,True,True,True,11.765605224543307
K28-026,74,6539.5805421773985,6540.5285861648745,cruise,True,False,True,True,True,11.648181627875204
K28-026,75,6540.5285861648745,6541.4766301524,cruise,True,False,True,True,True,11.532252220556302
K28-026,76,6541.4766301524,6542.424674139925,cruise,True,False,True,True,True,11.417781390467965
K28-026,77,6542.424674139925,6543.37271812745,cruise,True,False,True,True,True,11.304734702886947
K28-026,78,6543.37271812745,6544.320762114975,cruise,True,False,True,True,True,11.193078853781671
K28-026,79,6544.320762114975,6545.268806102451,cruise,True,False,True,True,True,11.08278162511509
K28-026,80,6545.268806102451,6546.216850089927,cruise,True,False,True,True,True,10.973811842031864
K28-026,81,6546.216850089927,6547.164894077452,cruise,True,False,True,True,True,10.866139331698221
K28-026,82,6547.164894077452,6548.112938064977,cruise,True,False,True,True,True,10.759734884172786
K28-026,83,6548.112938064977,6549.060982052502,cruise,True,False,True,True,True,10.654570214590478
K28-026,84,6549.060982052502,6550.0090260400275,cruise,True,False,True,True,True,10.550617927300905
K28-026,85,6550.0090260400275,6550.9570700275035,cruise,True,False,True,True,True,10.447851481415398
K28-026,86,6550.9570700275035,6551.9051140149795,cruise,True,False,True,True,True,10.346245157734998
K28-026,87,6551.9051140149795,6552.853158002505,cruise,True,False,True,True,True,10.24577402729686
K28-026,88,6552.853158002505,6553.80120199003,cruise,True,False,True,True,True,10.146413921225445
K28-026,89,6553.80120199003,6554.749245977555,cruise,True,False,True,True,True,10.048141401775311
K28-026,90,6554.749245977555,6555.69728996508,cruise,True,False,True,True,True,9.950933734802618
K28-026,91,6555.69728996508,6556.389213773304,cruise,True,False,True,True,True,9.880646845002957
K28-026,92,6556.389213773304,6557.081137581527,cruise,True,False,True,True,True,9.81090705451679
K28-026,93,6557.081137581527,6557.33725776078,cruise,True,False,True,True,True,9.785229502766313
K28-026,94,6557.33725776078,6557.593377940032,cruise,True,False,True,True,True,9.759625382074546
K28-026,95,6557.593377940032,6558.541421927557,cruise,True,False,True,True,True,9.665482513607955
K28-026,96,6558.541421927557,6559.489465915082,cruise,True,False,True,True,True,9.572320084910814
K28-026,97,6559.489465915082,6560.437509902607,cruise,True,False,True,True,True,9.480118505252975
K28-026,98,6560.437509902607,6561.3855538901325,cruise,True,False,True,True,True,9.388858745014048
K28-026,99,6561.3855538901325,6562.333597877609,cruise,True,False,True,True,True,9.298522315372267
K28-026,100,6562.333597877609,6563.281641865085,cruise,True,False,True,True,True,9.209091248805862
K28-026,101,6563.281641865085,6564.229685852658,cruise,True,False,True,True,True,9.120548080464872
K28-026,102,6564.229685852658,6565.177729840231,cruise,True,False,True,True,True,9.03287583031124
K28-026,103,6565.177729840231,6566.125773827707,cruise,True,False,True,True,True,8.946057986008185
K28-026,104,6566.125773827707,6567.073817815183,cruise,True,False,True,True,True,8.860078486530625
K28-026,105,6567.073817815183,6568.021861802659,cruise,True,False,True,True,True,8.774921706411376
K28-026,106,6568.021861802659,6568.969905790135,cruise,True,False,True,True,True,8.690572440691497
K28-026,107,6568.969905790135,6569.917949777709,cruise,True,False,True,True,True,8.607015890487915
K28-026,108,6569.917949777709,6570.865993765282,cruise,True,False,True,True,True,8.524237649095596
K28-026,109,6570.865993765282,6571.814037752758,cruise,True,False,True,True,True,8.442223688696842
K28-026,110,6571.814037752758,6572.762081740234,cruise,True,False,True,True,True,8.360960347608284
K28-026,111,6572.762081740234,6573.71012572771,cruise,True,False,True,True,True,8.280434317985538
K28-026,112,6573.71012572771,6574.658169715186,cruise,True,False,True,True,True,8.200632634136554
K28-026,113,6574.658169715186,6575.606213702759,cruise,True,False,True,True,True,8.121542661140765
K28-026,114,6575.606213702759,6576.554257690333,cruise,True,False,True,True,True,8.043152084064857
K28-026,115,6576.554257690333,6577.502301677809,cruise,True,False,True,True,True,7.9654488975483275
K28-026,116,6577.502301677809,6578.450345665285,cruise,True,False,True,True,True,7.888421395697179
K28-026,117,6578.450345665285,6579.398389652761,cruise,True,False,True,True,True,7.812058162569258
K28-026,118,6579.398389652761,6580.346433640237,cruise,True,False,True,True,True,7.736348062828753
K28-026,119,6580.346433640237,6581.29447762781,cruise,True,False,True,True,True,7.661280232916951
K28-026,120,6581.29447762781,6582.242521615383,cruise,True,False,True,True,True,7.586844072452806
K28-026,121,6582.242521615383,6583.190565602859,cruise,True,False,True,True,True,7.513029236017516
K28-026,122,6583.190565602859,6584.138609590335,cruise,True,False,True,True,True,7.439825625201536
K28-026,123,6584.138609590335,6585.086653577811,cruise,True,False,True,True,True,7.36722338099743
K28-026,124,6585.086653577811,6586.034697565287,cruise,True,False,True,True,True,7.295212876476157
K28-026,125,6586.034697565287,6586.982741552861,cruise,True,False,True,True,True,7.223784709687678
K28-026,126,6586.982741552861,6587.930785540434,cruise,True,False,True,True,True,7.152929696851999
K28-026,127,6587.930785540434,6588.87882952791,cruise,True,False,True,True,True,7.082638865844501
K28-026,128,6588.87882952791,6589.826873515386,cruise,True,False,True,True,True,7.012903449782442
K28-026,129,6589.826873515386,6590.774917502862,cruise,True,False,True,True,True,6.943714881042283
K28-026,130,6590.774917502862,6591.722961490338,cruise,True,False,True,True,True,6.875064785267881
K28-026,131,6591.722961490338,6592.671005477911,cruise,True,False,True,True,True,6.806944975825132
K28-026,132,6592.671005477911,6593.619049465485,cruise,True,False,True,True,True,6.739347448258144
K28-026,133,6593.619049465485,6594.567093452961,cruise,True,False,True,True,True,6.672264375083344
K28-026,134,6594.567093452961,6595.515137440437,cruise,True,False,True,True,True,6.605688100616476
K28-026,135,6595.515137440437,6596.463181427913,cruise,True,False,True,True,True,6.53961113616424
K28-026,136,6596.463181427913,6597.411225415389,cruise,True,False,True,True,True,6.474026155208804
K28-026,137,6597.411225415389,6598.359269402962,cruise,True,False,True,True,True,6.40892598889711
K28-026,138,6598.359269402962,6599.3073133905355,cruise,True,False,True,True,True,6.344303621598414
K28-026,139,6599.3073133905355,6600.2553573780115,cruise,True,False,True,True,True,6.280152186615041
K28-026,140,6600.2553573780115,6601.2034013654875,cruise,True,False,True,True,True,6.216464962120625
K28-026,141,6601.2034013654875,6602.151445353013,cruise,True,False,True,True,True,6.153235367104031
K28-026,142,6602.151445353013,6603.099489340538,cruise,True,False,True,True,True,6.090456957621029
K28-026,143,6603.099489340538,6604.047533328063,cruise,True,False,True,True,True,6.028123422958998
K28-026,144,6604.047533328063,6604.995577315588,cruise,True,False,True,True,True,5.966228582123279
K28-026,145,6604.995577315588,6605.943621303064,cruise,True,False,True,True,True,5.904766380358765
K28-026,146,6605.943621303064,6606.89166529054,cruise,True,False,True,True,True,5.843730885721172
K28-026,147,6606.89166529054,6607.839709278065,cruise,True,False,True,True,True,5.783116285871515
K28-026,148,6607.839709278065,6608.78775326559,cruise,True,False,True,True,True,5.722916884934975
K28-026,149,6608.78775326559,6609.735797253115,cruise,True,False,True,True,True,5.663127100436867
K28-026,150,6609.735797253115,6610.6838412406405,cruise,True,False,True,True,True,5.603741460329488
K28-026,151,6610.6838412406405,6611.6318852281165,cruise,True,False,True,True,True,5.544754600182799
K28-026,152,6611.6318852281165,6612.5799292155925,cruise,True,False,True,True,True,5.486161260394965
K28-026,153,6612.5799292155925,6613.527973203118,cruise,True,False,True,True,True,5.427956283483226
K28-026,154,6613.527973203118,6614.476017190643,cruise,True,False,True,True,True,5.370134611573107
K28-026,155,6614.476017190643,6615.424061178168,cruise,True,False,True,True,True,5.312691283784744
K28-026,156,6615.424061178168,6616.372105165693,cruise,True,False,True,True,True,5.255621433842961
K28-026,157,6616.372105165693,6617.320149153169,cruise,True,False,True,True,True,5.198920287752486
K28-026,158,6617.320149153169,6618.268193140645,cruise,True,False,True,True,True,5.142583161449366
K28-026,159,6618.268193140645,6619.21623712817,cruise,True,False,True,True,True,5.08660545858865
K28-026,160,6619.21623712817,6620.164281115695,cruise,True,False,True,True,True,5.030982668436991
K28-026,161,6620.164281115695,6621.11232510322,cruise,True,False,True,True,True,4.975710363725483
K28-026,162,6621.11232510322,6622.060369090746,cruise,True,False,True,True,True,4.920784198676799
K28-026,163,6622.060369090746,6623.008413078222,cruise,True,False,True,True,True,4.86619990701719
K28-026,164,6623.008413078222,6623.956457065698,cruise,True,False,True,True,True,4.811953300049424
K28-026,165,6623.956457065698,6624.904501053223,cruise,True,False,True,True,True,4.758040264844922
K28-026,166,6624.904501053223,6625.852545040748,cruise,True,False,True,True,True,4.704456762418843
K28-026,167,6625.852545040748,6626.800589028273,cruise,True,False,True,True,True,4.651198826000325
K28-026,168,6626.800589028273,6627.748633015798,cruise,True,False,True,True,True,4.598262559304246
K28-026,169,6627.748633015798,6628.696677003274,cruise,True,False,True,True,True,4.545644134963084
K28-026,170,6628.696677003274,6629.64472099075,cruise,True,False,True,True,True,4.493339792832288
K28-026,171,6629.64472099075,6630.388605475307,cruise,True,False,True,True,True,4.45251659931732
K28-026,172,6630.388605475307,6631.132489959863,cruise,True,False,True,True,True,4.411882746655479
K28-026,173,6631.132489959863,6631.336649462832,cruise,True,False,True,True,True,4.400763646466714
K28-026,174,6631.336649462832,6631.540808965799,cruise,True,False,True,True,True,4.389658641824795
K28-026,175,6631.540808965799,6632.488852953325,cruise,True,False,True,True,True,4.338274635302895
K28-026,176,6632.488852953325,6633.43689694085,cruise,True,False,True,True,True,4.287190312832109
K28-026,177,6633.43689694085,6634.384940928326,cruise,True,False,True,True,True,4.236402228233203
K28-026,178,6634.384940928326,6635.332984915802,cruise,True,False,True,True,True,4.185906993898826
K28-026,179,6635.332984915802,6636.281028903375,cruise,True,False,True,True,True,4.135701279518159
K28-026,180,6636.281028903375,6637.229072890948,cruise,True,False,True,True,True,4.085781810810246
K28-026,181,6637.229072890948,6638.177116878424,cruise,True,False,True,True,True,4.036145368233832
K28-026,182,6638.177116878424,6639.1251608659,cruise,True,False,True,True,True,3.9867887858287077
K28-026,183,6639.1251608659,6640.073204853376,cruise,True,False,True,True,True,3.9377089500250406
K28-026,184,6640.073204853376,6641.021248840852,cruise,True,False,True,True,True,3.8889027985220253
K28-026,185,6641.021248840852,6641.969292828426,cruise,True,False,True,True,True,3.840367319159526
K28-026,186,6641.969292828426,6642.917336815999,cruise,True,False,True,True,True,3.7920995488377685
K28-026,187,6642.917336815999,6643.865380803475,cruise,True,False,True,True,True,3.7440965724982505
K28-026,188,6643.865380803475,6644.813424790951,cruise,True,False,True,True,True,3.696355522036498
K28-026,189,6644.813424790951,6645.761468778427,cruise,True,False,True,True,True,3.648873575375177
K28-026,190,6645.761468778427,6646.709512765903,cruise,True,False,True,True,True,3.601647955443312
K28-026,191,6646.709512765903,6647.6575567534765,cruise,True,False,True,True,True,3.554675929249669
K28-026,192,6647.6575567534765,6648.60560074105,cruise,True,False,True,True,True,3.50795480697424
K28-026,193,6648.60560074105,6649.553644728526,cruise,True,False,True,True,True,3.4614819410526962
K28-026,194,6649.553644728526,6650.501688716002,cruise,True,False,True,True,True,3.4152547253083583
K28-026,195,6650.501688716002,6651.449732703478,cruise,True,False,True,True,True,3.369270594106524
K28-026,196,6651.449732703478,6652.397776690954,cruise,True,False,True,True,True,3.323527021500041
K28-026,197,6652.397776690954,6653.345820678527,cruise,True,False,True,True,True,3.278021520462545
K28-026,198,6653.345820678527,6654.2938646661005,cruise,True,False,True,True,True,3.2327516420454714
K28-026,199,6654.2938646661005,6655.2419086535765,cruise,True,False,True,True,True,3.187714974674577
K28-026,200,6655.2419086535765,6656.1899526410525,cruise,True,False,True,True,True,3.1429091433464293
K28-026,201,6656.1899526410525,6657.1379966285285,cruise,True,False,True,True,True,3.0983318089033105
K28-026,202,6657.1379966285285,6658.0860406160045,cruise,True,False,True,True,True,3.0539806673550487
K28-026,203,6658.0860406160045,6659.034084603578,cruise,True,False,True,True,True,3.0098534491365
K28-026,204,6659.034084603578,6659.982128591151,cruise,True,False,True,True,True,2.9659479184638258
K28-026,205,6659.982128591151,6660.930172578627,cruise,True,False,True,True,True,2.9222618726776375
K28-026,206,6660.930172578627,6661.878216566103,cruise,True,False,True,True,True,2.8787931415510855
K28-026,207,6661.878216566103,6662.826260553579,cruise,True,False,True,True,True,2.8355395866992126
K28-026,208,6662.826260553579,6663.774304541055,cruise,True,False,True,True,True,2.7924991009467703
K28-026,209,6663.774304541055,6664.722348528629,cruise,True,False,True,True,True,2.7496696077382694
K28-026,210,6664.722348528629,6665.670392516202,cruise,True,False,True,True,True,2.707049060557452
K28-026,211,6665.670392516202,6666.618436503678,cruise,True,False,True,True,True,2.6646354423317717
K28-026,212,6666.618436503678,6667.566480491154,cruise,True,False,True,True,True,2.6224267648739215
K28-026,213,6667.566480491154,6668.51452447863,cruise,True,False,True,True,True,2.5804210683689206
K28-026,214,6668.51452447863,6669.462568466106,cruise,True,False,True,True,True,2.538616420802086
K28-026,215,6669.462568466106,6670.410612453679,cruise,True,False,True,True,True,2.497010917454901
K28-026,216,6670.410612453679,6671.358656441253,cruise,True,False,True,True,True,2.4556026804018387
K28-026,217,6671.358656441253,6672.306700428729,cruise,True,False,True,True,True,2.414389858023654
K28-026,218,6672.306700428729,6673.254744416205,cruise,True,False,True,True,True,2.3733706244733668
K28-026,219,6673.254744416205,6674.20278840373,cruise,True,False,True,True,True,2.3325431792557083
K28-026,220,6674.20278840373,6675.150832391255,cruise,True,False,True,True,True,2.2919057467363757
K28-026,221,6675.150832391255,6676.09887637878,cruise,True,False,True,True,True,2.251456575694064
K28-026,222,6676.09887637878,6677.046920366305,cruise,True,False,True,True,True,2.2111939388829853
K28-026,223,6677.046920366305,6677.994964353781,cruise,True,False,True,True,True,2.17111613258362
K28-026,224,6677.994964353781,6678.943008341257,cruise,True,False,True,True,True,2.1312214761902197
K28-026,225,6678.943008341257,6679.891052328782,cruise,True,False,True,True,True,2.0915083118070896
K28-026,226,6679.891052328782,6680.839096316307,cruise,True,False,True,True,True,2.051975003828076
K28-026,227,6680.839096316307,6681.7871403038325,cruise,True,False,True,True,True,2.01261993855114
K28-026,228,6681.7871403038325,6682.735184291358,cruise,True,False,True,True,True,1.9734415237654588
K28-026,229,6682.735184291358,6683.683228278834,cruise,True,False,True,True,True,1.9344381884241386
K28-026,230,6683.683228278834,6684.63127226631,cruise,True,False,True,True,True,1.8956083822324956
K28-026,231,6684.63127226631,6684.895814460599,cruise,True,False,True,True,True,1.8848040717797403
K28-026,232,6684.895814460599,6685.160356654887,cruise,True,False,True,True,True,1.87401312067432
K28-026,233,6685.160356654887,6710.809276332622,descent,True,False,True,True,True,1.87401312067432
K28-026,234,6710.809276332622,7106.809276332622,handoff,True,False,True,True,True,1.8824688650781525
K28-026,235,7106.809276332622,7127.328412074809,return_climb,True,False,True,True,True,1.87401312067432
K28-026,236,7127.328412074809,7127.592954269098,return_cruise,True,False,True,True,True,1.87401312067432
K28-026,237,7127.592954269098,7127.857496463387,return_cruise,True,False,True,True,True,1.884804071774667
K28-026,238,7127.857496463387,7128.805540450863,return_cruise,True,False,True,True,True,1.8956083822324956
K28-026,239,7128.805540450863,7129.753584438339,return_cruise,True,False,True,True,True,1.9344381884241386
K28-026,240,7129.753584438339,7130.701628425864,return_cruise,True,False,True,True,True,1.9734415237654588
K28-026,241,7130.701628425864,7131.649672413389,return_cruise,True,False,True,True,True,2.0126199385408654
K28-026,242,7131.649672413389,7132.597716400915,return_cruise,True,False,True,True,True,2.051975003828076
K28-026,243,7132.597716400915,7133.54576038844,return_cruise,True,False,True,True,True,2.0915083118070896
K28-026,244,7133.54576038844,7134.493804375916,return_cruise,True,False,True,True,True,2.1312214761902197
K28-026,245,7134.493804375916,7135.441848363392,return_cruise,True,False,True,True,True,2.17111613258362
K28-026,246,7135.441848363392,7136.389892350917,return_cruise,True,False,True,True,True,2.2111939388829853
K28-026,247,7136.389892350917,7137.337936338442,return_cruise,True,False,True,True,True,2.251456575694064
K28-026,248,7137.337936338442,7138.285980325967,return_cruise,True,False,True,True,True,2.2919057467363757
K28-026,249,7138.285980325967,7139.234024313492,return_cruise,True,False,True,True,True,2.3325431792557083
K28-026,250,7139.234024313492,7140.182068300968,return_cruise,True,False,True,True,True,2.3733706244733668
K28-026,251,7140.182068300968,7141.130112288444,return_cruise,True,False,True,True,True,2.414389858023654
K28-026,252,7141.130112288444,7142.078156276018,return_cruise,True,False,True,True,True,2.4556026804018387
K28-026,253,7142.078156276018,7143.026200263591,return_cruise,True,False,True,True,True,2.497010917454901
K28-026,254,7143.026200263591,7143.974244251067,return_cruise,True,False,True,True,True,2.538616420802086
K28-026,255,7143.974244251067,7144.922288238543,return_cruise,True,False,True,True,True,2.5804210683689206
K28-026,256,7144.922288238543,7145.870332226019,return_cruise,True,False,True,True,True,2.6224267648739215
K28-026,257,7145.870332226019,7146.818376213495,return_cruise,True,False,True,True,True,2.6646354423317717
K28-026,258,7146.818376213495,7147.766420201068,return_cruise,True,False,True,True,True,2.707049060557452
K28-026,259,7147.766420201068,7148.714464188642,return_cruise,True,False,True,True,True,2.7496696077382694
K28-026,260,7148.714464188642,7149.662508176118,return_cruise,True,False,True,True,True,2.7924991009467703
K28-026,261,7149.662508176118,7150.610552163594,return_cruise,True,False,True,True,True,2.8355395866992126
K28-026,262,7150.610552163594,7151.55859615107,return_cruise,True,False,True,True,True,2.8787931415510855
K28-026,263,7151.55859615107,7152.506640138546,return_cruise,True,False,True,True,True,2.9222618726776375
K28-026,264,7152.506640138546,7153.454684126119,return_cruise,True,False,True,True,True,2.9659479184638258
K28-026,265,7153.454684126119,7154.402728113692,return_cruise,True,False,True,True,True,3.0098534491365
K28-026,266,7154.402728113692,7155.350772101168,return_cruise,True,False,True,True,True,3.0539806673550487
K28-026,267,7155.350772101168,7156.298816088644,return_cruise,True,False,True,True,True,3.0983318089033105
K28-026,268,7156.298816088644,7157.24686007612,return_cruise,True,False,True,True,True,3.1429091433464293
K28-026,269,7157.24686007612,7158.194904063596,return_cruise,True,False,True,True,True,3.187714974674577
K28-026,270,7158.194904063596,7159.14294805117,return_cruise,True,False,True,True,True,3.2327516420454714
K28-026,271,7159.14294805117,7160.090992038743,return_cruise,True,False,True,True,True,3.278021520462545
K28-026,272,7160.090992038743,7161.039036026219,return_cruise,True,False,True,True,True,3.323527021500041
K28-026,273,7161.039036026219,7161.987080013695,return_cruise,True,False,True,True,True,3.369270594106524
K28-026,274,7161.987080013695,7162.935124001171,return_cruise,True,False,True,True,True,3.4152547253083583
K28-026,275,7162.935124001171,7163.883167988647,return_cruise,True,False,True,True,True,3.4614819410526962
K28-026,276,7163.883167988647,7164.83121197622,return_cruise,True,False,True,True,True,3.50795480697424
K28-026,277,7164.83121197622,7165.779255963794,return_cruise,True,False,True,True,True,3.554675929249669
K28-026,278,7165.779255963794,7166.72729995127,return_cruise,True,False,True,True,True,3.601647955443312
K28-026,279,7166.72729995127,7167.675343938746,return_cruise,True,False,True,True,True,3.648873575375177
K28-026,280,7167.675343938746,7168.623387926222,return_cruise,True,False,True,True,True,3.696355522036498
K28-026,281,7168.623387926222,7169.571431913698,return_cruise,True,False,True,True,True,3.7440965724982505
K28-026,282,7169.571431913698,7170.519475901271,return_cruise,True,False,True,True,True,3.7920995488377685
K28-026,283,7170.519475901271,7171.467519888844,return_cruise,True,False,True,True,True,3.840367319159526
K28-026,284,7171.467519888844,7172.41556387632,return_cruise,True,False,True,True,True,3.8889027985220253
K28-026,285,7172.41556387632,7173.3636078637965,return_cruise,True,False,True,True,True,3.937708950025055
K28-026,286,7173.3636078637965,7174.3116518512725,return_cruise,True,False,True,True,True,3.9867887858287077
K28-026,287,7174.3116518512725,7175.2596958387485,return_cruise,True,False,True,True,True,4.036145368233832
K28-026,288,7175.2596958387485,7176.207739826322,return_cruise,True,False,True,True,True,4.085781810810246
K28-026,289,7176.207739826322,7177.155783813895,return_cruise,True,False,True,True,True,4.135701279518159
K28-026,290,7177.155783813895,7178.103827801371,return_cruise,True,False,True,True,True,4.185906993898826
K28-026,291,7178.103827801371,7179.051871788847,return_cruise,True,False,True,True,True,4.236402228233203
K28-026,292,7179.051871788847,7179.999915776372,return_cruise,True,False,True,True,True,4.287190312832109
K28-026,293,7179.999915776372,7180.947959763897,return_cruise,True,False,True,True,True,4.338274635302895
K28-026,294,7180.947959763897,7181.152119266865,return_cruise,True,False,True,True,True,4.389658641824795
K28-026,295,7181.152119266865,7181.356278769834,return_cruise,True,False,True,True,True,4.400763646466714
K28-026,296,7181.356278769834,7182.10016325439,return_cruise,True,False,True,True,True,4.411882746655479
K28-026,297,7182.10016325439,7182.844047738947,return_cruise,True,False,True,True,True,4.45251659931732
K28-026,298,7182.844047738947,7183.792091726423,return_cruise,True,False,True,True,True,4.493339792832288
K28-026,299,7183.792091726423,7184.740135713899,return_cruise,True,False,True,True,True,4.545644134963084
K28-026,300,7184.740135713899,7185.688179701424,return_cruise,True,False,True,True,True,4.598262559304246
K28-026,301,7185.688179701424,7186.636223688949,return_cruise,True,False,True,True,True,4.651198826000325
K28-026,302,7186.636223688949,7187.584267676474,return_cruise,True,False,True,True,True,4.704456762418843
K28-026,303,7187.584267676474,7188.532311663999,return_cruise,True,False,True,True,True,4.758040264851957
K28-026,304,7188.532311663999,7189.480355651475,return_cruise,True,False,True,True,True,4.811953300049424
K28-026,305,7189.480355651475,7190.428399638951,return_cruise,True,False,True,True,True,4.86619990701719
K28-026,306,7190.428399638951,7191.376443626476,return_cruise,True,False,True,True,True,4.920784198676799
K28-026,307,7191.376443626476,7192.324487614002,return_cruise,True,False,True,True,True,4.975710363725483
K28-026,308,7192.324487614002,7193.272531601527,return_cruise,True,False,True,True,True,5.030982668436991
K28-026,309,7193.272531601527,7194.220575589052,return_cruise,True,False,True,True,True,5.08660545858865
K28-026,310,7194.220575589052,7195.168619576528,return_cruise,True,False,True,True,True,5.142583161449366
K28-026,311,7195.168619576528,7196.116663564004,return_cruise,True,False,True,True,True,5.1989202877525
K28-026,312,7196.116663564004,7197.064707551529,return_cruise,True,False,True,True,True,5.255621433842961
K28-026,313,7197.064707551529,7198.012751539054,return_cruise,True,False,True,True,True,5.312691283784744
K28-026,314,7198.012751539054,7198.960795526579,return_cruise,True,False,True,True,True,5.370134611573107
K28-026,315,7198.960795526579,7199.908839514104,return_cruise,True,False,True,True,True,5.427956283483226
K28-026,316,7199.908839514104,7200.85688350158,return_cruise,True,False,True,True,True,5.486161260394965
K28-026,317,7200.85688350158,7201.804927489056,return_cruise,True,False,True,True,True,5.544754600182799
K28-026,318,7201.804927489056,7202.7529714765815,return_cruise,True,False,True,True,True,5.603741460329488
K28-026,319,7202.7529714765815,7203.701015464107,return_cruise,True,False,True,True,True,5.663127100436867
K28-026,320,7203.701015464107,7204.649059451632,return_cruise,True,False,True,True,True,5.722916884934975
K28-026,321,7204.649059451632,7205.597103439157,return_cruise,True,False,True,True,True,5.783116285871515
K28-026,322,7205.597103439157,7206.545147426633,return_cruise,True,False,True,True,True,5.843730885721172
K28-026,323,7206.545147426633,7207.493191414109,return_cruise,True,False,True,True,True,5.904766380358765
K28-026,324,7207.493191414109,7208.441235401634,return_cruise,True,False,True,True,True,5.966228582123279
K28-026,325,7208.441235401634,7209.389279389159,return_cruise,True,False,True,True,True,6.028123422958998
K28-026,326,7209.389279389159,7210.337323376684,return_cruise,True,False,True,True,True,6.090456957621029
K28-026,327,7210.337323376684,7211.285367364209,return_cruise,True,False,True,True,True,6.153235367104031
K28-026,328,7211.285367364209,7212.233411351685,return_cruise,True,False,True,True,True,6.216464962120625
K28-026,329,7212.233411351685,7213.181455339161,return_cruise,True,False,True,True,True,6.280152186615041
K28-026,330,7213.181455339161,7214.129499326735,return_cruise,True,False,True,True,True,6.344303621598414
K28-026,331,7214.129499326735,7215.077543314308,return_cruise,True,False,True,True,True,6.40892598889711
K28-026,332,7215.077543314308,7216.025587301784,return_cruise,True,False,True,True,True,6.474026155208804
K28-026,333,7216.025587301784,7216.97363128926,return_cruise,True,False,True,True,True,6.53961113616424
K28-026,334,7216.97363128926,7217.921675276736,return_cruise,True,False,True,True,True,6.605688100616476
K28-026,335,7217.921675276736,7218.869719264212,return_cruise,True,False,True,True,True,6.672264375083344
K28-026,336,7218.869719264212,7219.817763251785,return_cruise,True,False,True,True,True,6.739347448258144
K28-026,337,7219.817763251785,7220.765807239359,return_cruise,True,False,True,True,True,6.806944975825132
K28-026,338,7220.765807239359,7221.713851226835,return_cruise,True,False,True,True,True,6.875064785267881
K28-026,339,7221.713851226835,7222.661895214311,return_cruise,True,False,True,True,True,6.943714881042283
K28-026,340,7222.661895214311,7223.609939201787,return_cruise,True,False,True,True,True,7.012903449782442
K28-026,341,7223.609939201787,7224.557983189263,return_cruise,True,False,True,True,True,7.082638865844501
K28-026,342,7224.557983189263,7225.506027176836,return_cruise,True,False,True,True,True,7.152929696851999
K28-026,343,7225.506027176836,7226.4540711644095,return_cruise,True,False,True,True,True,7.223784709687678
K28-026,344,7226.4540711644095,7227.4021151518855,return_cruise,True,False,True,True,True,7.295212876476157
K28-026,345,7227.4021151518855,7228.3501591393615,return_cruise,True,False,True,True,True,7.36722338099743
K28-026,346,7228.3501591393615,7229.2982031268375,return_cruise,True,False,True,True,True,7.439825625201536
K28-026,347,7229.2982031268375,7230.2462471143135,return_cruise,True,False,True,True,True,7.513029236017516
K28-026,348,7230.2462471143135,7231.194291101887,return_cruise,True,False,True,True,True,7.586844072452806
K28-026,349,7231.194291101887,7232.14233508946,return_cruise,True,False,True,True,True,7.661280232916951
K28-026,350,7232.14233508946,7233.090379076936,return_cruise,True,False,True,True,True,7.736348062828753
K28-026,351,7233.090379076936,7234.038423064412,return_cruise,True,False,True,True,True,7.812058162569258
K28-026,352,7234.038423064412,7234.986467051888,return_cruise,True,False,True,True,True,7.888421395697179
K28-026,353,7234.986467051888,7235.934511039364,return_cruise,True,False,True,True,True,7.9654488975483275
K28-026,354,7235.934511039364,7236.882555026938,return_cruise,True,False,True,True,True,8.043152084064857
K28-026,355,7236.882555026938,7237.830599014511,return_cruise,True,False,True,True,True,8.121542661140765
K28-026,356,7237.830599014511,7238.778643001987,return_cruise,True,False,True,True,True,8.200632634136554
K28-026,357,7238.778643001987,7239.726686989463,return_cruise,True,False,True,True,True,8.280434317985538
K28-026,358,7239.726686989463,7240.674730976939,return_cruise,True,False,True,True,True,8.360960347608284
K28-026,359,7240.674730976939,7241.622774964415,return_cruise,True,False,True,True,True,8.442223688696842
K28-026,360,7241.622774964415,7242.570818951988,return_cruise,True,False,True,True,True,8.524237649095596
K28-026,361,7242.570818951988,7243.518862939562,return_cruise,True,False,True,True,True,8.607015890487915
K28-026,362,7243.518862939562,7244.466906927038,return_cruise,True,False,True,True,True,8.690572440691497
K28-026,363,7244.466906927038,7245.414950914514,return_cruise,True,False,True,True,True,8.774921706411376
K28-026,364,7245.414950914514,7246.36299490199,return_cruise,True,False,True,True,True,8.860078486530625
K28-026,365,7246.36299490199,7247.311038889466,return_cruise,True,False,True,True,True,8.946057986008185
K28-026,366,7247.311038889466,7248.259082877039,return_cruise,True,False,True,True,True,9.03287583031124
K28-026,367,7248.259082877039,7249.207126864612,return_cruise,True,False,True,True,True,9.120548080464872
K28-026,368,7249.207126864612,7250.155170852088,return_cruise,True,False,True,True,True,9.209091248805862
K28-026,369,7250.155170852088,7251.103214839564,return_cruise,True,False,True,True,True,9.298522315372267
K28-026,370,7251.103214839564,7252.051258827089,return_cruise,True,False,True,True,True,9.388858745014048
K28-026,371,7252.051258827089,7252.999302814615,return_cruise,True,False,True,True,True,9.480118505252975
K28-026,372,7252.999302814615,7253.94734680214,return_cruise,True,False,True,True,True,9.572320084910814
K28-026,373,7253.94734680214,7254.895390789665,return_cruise,True,False,True,True,True,9.665482513607955
K28-026,374,7254.895390789665,7255.151510968917,return_cruise,True,False,True,True,True,9.759625382074546
K28-026,375,7255.151510968917,7255.4076311481695,return_cruise,True,False,True,True,True,9.785229502766313
K28-026,376,7255.4076311481695,7256.099554956393,return_cruise,True,False,True,True,True,9.81090705451679
K28-026,377,7256.099554956393,7256.791478764617,return_cruise,True,False,True,True,True,9.880646845002957
K28-026,378,7256.791478764617,7257.739522752142,return_cruise,True,False,True,True,True,9.950933734802618
K28-026,379,7257.739522752142,7258.687566739667,return_cruise,True,False,True,True,True,10.048141401775311
K28-026,380,7258.687566739667,7259.635610727192,return_cruise,True,False,True,True,True,10.146413921225445
K28-026,381,7259.635610727192,7260.583654714717,return_cruise,True,False,True,True,True,10.24577402729686
K28-026,382,7260.583654714717,7261.531698702193,return_cruise,True,False,True,True,True,10.346245157734998
K28-026,383,7261.531698702193,7262.479742689669,return_cruise,True,False,True,True,True,10.447851481415398
K28-026,384,7262.479742689669,7263.4277866771945,return_cruise,True,False,True,True,True,10.550617927300905
K28-026,385,7263.4277866771945,7264.37583066472,return_cruise,True,False,True,True,True,10.654570214590478
K28-026,386,7264.37583066472,7265.323874652245,return_cruise,True,False,True,True,True,10.759734884172786
K28-026,387,7265.323874652245,7266.27191863977,return_cruise,True,False,True,True,True,10.866139331698221
K28-026,388,7266.27191863977,7267.219962627246,return_cruise,True,False,True,True,True,10.973811842031864
K28-026,389,7267.219962627246,7268.168006614722,return_cruise,True,False,True,True,True,11.08278162511509
K28-026,390,7268.168006614722,7269.116050602247,return_cruise,True,False,True,True,True,11.193078853781671
K28-026,391,7269.116050602247,7270.064094589772,return_cruise,True,False,True,True,True,11.304734702886947
K28-026,392,7270.064094589772,7271.012138577297,return_cruise,True,False,True,True,True,11.417781390467965
K28-026,393,7271.012138577297,7271.960182564822,return_cruise,True,False,True,True,True,11.532252220556302
K28-026,394,7271.960182564822,7272.908226552298,return_cruise,True,False,True,True,True,11.648181627875204
K28-026,395,7272.908226552298,7273.856270539774,return_cruise,True,False,True,True,True,11.765605224543307
K28-026,396,7273.856270539774,7274.8043145272995,return_cruise,True,False,True,True,True,11.884559848693016
K28-026,397,7274.8043145272995,7275.752358514825,return_cruise,True,False,True,True,True,12.005083615233815
K28-026,398,7275.752358514825,7276.70040250235,return_cruise,True,False,True,True,True,12.127215968463616
K28-026,399,7276.70040250235,7277.648446489875,return_cruise,True,False,True,True,True,12.25099773709124
K28-026,400,7277.648446489875,7278.596490477351,return_cruise,True,False,True,True,True,12.37647119124108
K28-026,401,7278.596490477351,7279.544534464827,return_cruise,True,False,True,True,True,12.503680101513481
K28-026,402,7279.544534464827,7280.492578452352,return_cruise,True,False,True,True,True,12.632669800400976
K28-026,403,7280.492578452352,7281.440622439877,return_cruise,True,False,True,True,True,12.7634872455437
K28-026,404,7281.440622439877,7282.388666427402,return_cruise,True,False,True,True,True,12.89618108516541
K28-026,405,7282.388666427402,7283.336710414927,return_cruise,True,False,True,True,True,13.030801725423345
K28-026,406,7283.336710414927,7284.284754402403,return_cruise,True,False,True,True,True,13.167401399372295
K28-026,407,7284.284754402403,7285.2327983898795,return_cruise,True,False,True,True,True,13.306034237535954
K28-026,408,7285.2327983898795,7286.180842377453,return_cruise,True,False,True,True,True,13.44675633991011
K28-026,409,7286.180842377453,7287.128886365026,return_cruise,True,False,True,True,True,13.589625848611092
K28-026,410,7287.128886365026,7288.076930352502,return_cruise,True,False,True,True,True,13.734703021048531
K28-026,411,7288.076930352502,7289.024974339978,return_cruise,True,False,True,True,True,13.882050303015603
K28-026,412,7289.024974339978,7289.973018327454,return_cruise,True,False,True,True,True,14.031732400796983
K28-026,413,7289.973018327454,7290.92106231493,return_cruise,True,False,True,True,True,14.183816351580717
K28-026,414,7290.92106231493,7291.8691063025035,return_cruise,True,False,True,True,True,14.338371590727277
K28-026,415,7291.8691063025035,7292.817150290077,return_cruise,True,False,True,True,True,14.495470014886948
K28-026,416,7292.817150290077,7293.765194277553,return_cruise,True,False,True,True,True,14.655186038953829
K28-026,417,7293.765194277553,7294.713238265029,return_cruise,True,False,True,True,True,14.817596644849772
K28-026,418,7294.713238265029,7295.661282252505,return_cruise,True,False,True,True,True,14.982781419680109
K28-026,419,7295.661282252505,7296.609326239981,return_cruise,True,False,True,True,True,15.150822579792418
K28-026,420,7296.609326239981,7297.557370227554,return_cruise,True,False,True,True,True,15.32180497749323
K28-026,421,7297.557370227554,7298.5054142151275,return_cruise,True,False,True,True,True,15.4958160851495
K28-026,422,7298.5054142151275,7299.4534582026035,return_cruise,True,False,True,True,True,15.672945951637729
K28-026,423,7299.4534582026035,7300.40150219008,return_cruise,True,False,True,True,True,15.853287123982383
K28-026,424,7300.40150219008,7301.349546177556,return_cruise,True,False,True,True,True,16.036934526048057
K28-026,425,7301.349546177556,7302.297590165032,return_cruise,True,False,True,True,True,16.22398528439244
K28-026,426,7302.297590165032,7303.245634152605,return_cruise,True,False,True,True,True,16.41453848896782
K28-026,427,7303.245634152605,7304.193678140178,return_cruise,True,False,True,True,True,16.608694874135324
K28-026,428,7304.193678140178,7305.141722127654,return_cruise,True,False,True,True,True,16.806556402420654
K28-026,429,7305.141722127654,7306.08976611513,return_cruise,True,False,True,True,True,17.00822572915746
K28-026,430,7306.08976611513,7307.037810102606,return_cruise,True,False,True,True,True,17.213805522751883
K28-026,431,7307.037810102606,7307.985854090082,return_cruise,True,False,True,True,True,17.423397608286024
K28-026,432,7307.985854090082,7308.933898077656,return_cruise,True,False,True,True,True,17.637101897484442
K28-026,433,7308.933898077656,7309.881942065229,return_cruise,True,False,True,True,True,17.85501505897922
K28-026,434,7309.881942065229,7310.829986052705,return_cruise,True,False,True,True,True,18.077228873815486
K28-026,435,7310.829986052705,7311.778030040181,return_cruise,True,False,True,True,True,18.303828209969666
K28-026,436,7311.778030040181,7312.726074027657,return_cruise,True,False,True,True,True,18.534888537321137
K28-026,437,7312.726074027657,7313.674118015133,return_cruise,True,False,True,True,True,18.77047288696295
K28-026,438,7313.674118015133,7314.622162002706,return_cruise,True,False,True,True,True,19.010628143383457
K28-026,439,7314.622162002706,7315.57020599028,return_cruise,True,False,True,True,True,19.255380534926047
K28-026,440,7315.57020599028,7316.518249977756,return_cruise,True,False,True,True,True,19.504730166623034
K28-026,441,7316.518249977756,7317.466293965232,return_cruise,True,False,True,True,True,19.758644412405786
K28-026,442,7317.466293965232,7318.414337952708,return_cruise,True,False,True,True,True,20.01704995869713
K28-026,443,7318.414337952708,7319.362381940184,return_cruise,True,False,True,True,True,20.27982326216329
K28-026,444,7319.362381940184,7320.310425927757,return_cruise,True,False,True,True,True,20.546779165050765
K28-026,445,7320.310425927757,7321.25846991533,return_cruise,True,False,True,True,True,20.817657392882836
K28-026,446,7321.25846991533,7322.206513902806,return_cruise,True,False,True,True,True,21.09210666277862
K28-026,447,7322.206513902806,7323.154557890282,return_cruise,True,False,True,True,True,21.369666155986394
K28-026,448,7323.154557890282,7324.1026018778075,return_cruise,True,False,True,True,True,21.64974417972404
K28-026,449,7324.1026018778075,7325.050645865333,return_cruise,True,False,True,True,True,21.93159397501792
K28-026,450,7325.050645865333,7325.998689852858,return_cruise,True,False,True,True,True,22.214286855987254
K28-026,451,7325.998689852858,7326.946733840383,return_cruise,True,False,True,True,True,22.49668321730978
K28-026,452,7326.946733840383,7327.894777827859,return_cruise,True,False,True,True,True,22.77740246440665
K28-026,453,7327.894777827859,7328.842821815335,return_cruise,True,False,True,True,True,23.054793638189352
K28-026,454,7328.842821815335,7329.15090267092,return_cruise,True,False,True,True,True,23.326909434706636
K28-026,455,7329.15090267092,7329.458983526505,return_cruise,True,False,True,True,True,23.4138333805883
K28-026,456,7329.458983526505,7330.098946658444,return_cruise,True,False,True,True,True,23.499878895114364
K28-026,457,7330.098946658444,7330.738909790383,return_cruise,True,False,True,True,True,23.675421027726046
K28-026,458,7330.738909790383,7331.6869537779085,return_cruise,True,False,True,True,True,23.845943629993883
K28-026,459,7331.6869537779085,7332.634997765434,return_cruise,True,False,True,True,True,24.08738420525617
K28-026,460,7332.634997765434,7333.58304175291,return_cruise,True,False,True,True,True,24.312642588451297
K28-026,461,7333.58304175291,7334.531085740386,return_cruise,True,False,True,True,True,24.518347871317232
K28-026,462,7334.531085740386,7335.479129727911,return_cruise,True,False,True,True,True,24.701029248156885
K28-026,463,7335.479129727911,7336.427173715436,return_cruise,True,False,True,True,True,24.857257018509912
K28-026,464,7336.427173715436,7337.375217702961,return_cruise,True,False,True,True,True,24.98381485704637
K28-026,465,7337.375217702961,7338.323261690486,return_cruise,True,False,True,True,True,25.077890795887342
K28-026,466,7338.323261690486,7338.859968352675,return_cruise,True,False,True,True,True,25.13726732750301
K28-026,467,7338.859968352675,7339.396675014865,return_cruise,True,False,True,True,True,25.154911169755295
K28-026,468,7339.396675014865,7458.595594692599,return_descent,True,False,True,True,True,25.16080841557533
