sortie,interval_id,start_s,end_s,phase,direct_available,relay_required,access_link_ok,backhaul_link_ok,communication_ok,direct_margin_lower_bound_db
K25-001,0,0.0,58.142644042968755,climb,True,False,True,True,True,29.982830377148545
K25-001,1,58.142644042968755,59.12173515357989,cruise,True,False,True,True,True,29.92362584195382
K25-001,2,59.12173515357989,60.10082626419103,cruise,True,False,True,True,True,29.75070605559381
K25-001,3,60.10082626419103,60.115835986840246,cruise,True,False,True,True,True,29.747229068304677
K25-001,4,60.115835986840246,60.13084570948946,cruise,True,False,True,True,True,29.743728344586756
K25-001,5,60.13084570948946,61.24668735044981,cruise,True,False,True,True,True,29.421572052712207
K25-001,6,61.24668735044981,62.36252899141016,cruise,True,False,True,True,True,28.996496577668893
K25-001,7,62.36252899141016,63.493380355019724,cruise,True,False,True,True,True,28.490839060973485
K25-001,8,63.493380355019724,64.62423171862929,cruise,True,False,True,True,True,27.937503828684015
K25-001,9,64.62423171862929,64.66872713783812,cruise,True,False,True,True,True,27.915089108754543
K25-001,10,64.66872713783812,64.71322255704695,cruise,True,False,True,True,True,27.892637314212095
K25-001,11,64.71322255704695,65.79957850143322,cruise,True,False,True,True,True,27.3359365160194
K25-001,12,65.79957850143322,66.88593444581949,cruise,True,False,True,True,True,26.77191134651089
K25-001,13,66.88593444581949,68.01678580944352,cruise,True,False,True,True,True,26.187954447477225
K25-001,14,68.01678580944352,69.14763717306755,cruise,True,False,True,True,True,25.61472795513434
K25-001,15,69.14763717306755,69.221618288836,cruise,True,False,True,True,True,25.57772735751206
K25-001,16,69.221618288836,69.29559940460445,cruise,True,False,True,True,True,25.540794565839505
K25-001,17,69.29559940460445,70.3524696524311,cruise,True,False,True,True,True,25.021074075363558
K25-001,18,70.3524696524311,71.40933990025775,cruise,True,False,True,True,True,24.517310356462204
K25-001,19,71.40933990025775,72.54019126385285,cruise,True,False,True,True,True,23.997105022055266
K25-001,20,72.54019126385285,73.67104262744795,cruise,True,False,True,True,True,23.496731450805584
K25-001,21,73.67104262744795,73.77450943968772,cruise,True,False,True,True,True,23.45193712405478
K25-001,22,73.77450943968772,73.87797625192749,cruise,True,False,True,True,True,23.407307173506666
K25-001,23,73.87797625192749,74.90536080331175,cruise,True,False,True,True,True,22.97298378640356
K25-001,24,74.90536080331175,75.93274535469601,cruise,True,False,True,True,True,22.55437747244312
K25-001,25,75.93274535469601,77.06359671829111,cruise,True,False,True,True,True,22.11109863941246
K25-001,26,77.06359671829111,78.19444808188621,cruise,True,False,True,True,True,21.68530215131706
K25-001,27,78.19444808188621,78.3274005906856,cruise,True,False,True,True,True,21.636348293413306
K25-001,28,78.3274005906856,78.46035309948499,cruise,True,False,True,True,True,21.587621980781208
K25-001,29,78.46035309948499,79.45825195429516,cruise,True,False,True,True,True,21.22900977909201
K25-001,30,79.45825195429516,80.45615080910534,cruise,True,False,True,True,True,20.882502268859383
K25-001,31,80.45615080910534,81.5870021727149,cruise,True,False,True,True,True,20.503682898184167
K25-001,32,81.5870021727149,82.71785353632447,cruise,True,False,True,True,True,20.138754876011262
K25-001,33,82.71785353632447,82.88029174168346,cruise,True,False,True,True,True,20.08742806505026
K25-001,34,82.88029174168346,83.04272994704246,cruise,True,False,True,True,True,20.036368540267915
K25-001,35,83.04272994704246,84.01114310527856,cruise,True,False,True,True,True,19.737385205628357
K25-001,36,84.01114310527856,84.97955626351467,cruise,True,False,True,True,True,19.447343190206695
K25-001,37,84.97955626351467,86.1104076271387,cruise,True,False,True,True,True,19.11936521983536
K25-001,38,86.1104076271387,87.24125899076273,cruise,True,False,True,True,True,18.802290592275597
K25-001,39,87.24125899076273,87.43318289256412,cruise,True,False,True,True,True,18.749514390028992
K25-001,40,87.43318289256412,87.62510679436552,cruise,True,False,True,True,True,18.69703112066219
K25-001,41,87.62510679436552,88.56403425615922,cruise,True,False,True,True,True,18.444400232664634
K25-001,42,88.56403425615922,89.50296171795291,cruise,True,False,True,True,True,18.198384745567097
K25-001,43,89.50296171795291,90.63381308154801,cruise,True,False,True,True,True,17.910428203474282
K25-001,44,90.63381308154801,91.76466444514311,cruise,True,False,True,True,True,17.631118864711112
K25-001,45,91.76466444514311,91.98607404353305,cruise,True,False,True,True,True,17.577404483093275
K25-001,46,91.98607404353305,92.20748364192299,cruise,True,False,True,True,True,17.524000220810322
K25-001,47,92.20748364192299,93.11692540715707,cruise,True,False,True,True,True,17.307825011361956
K25-001,48,93.11692540715707,94.02636717239116,cruise,True,False,True,True,True,17.096606537115576
K25-001,49,94.02636717239116,95.15721853598626,cruise,True,False,True,True,True,16.840566441644455
K25-001,50,95.15721853598626,96.28806989958136,cruise,True,False,True,True,True,16.591494312741602
K25-001,51,96.28806989958136,96.53896519453092,cruise,True,False,True,True,True,16.53714310027786
K25-001,52,96.53896519453092,96.78986048948046,cruise,True,False,True,True,True,16.4831139549012
K25-001,53,96.78986048948046,97.66981655814047,cruise,True,False,True,True,True,16.29611351710429
K25-001,54,97.66981655814047,98.54977262680048,cruise,True,False,True,True,True,16.112881639118598
K25-001,55,98.54977262680048,99.68062399041004,cruise,True,False,True,True,True,15.882712675012456
K25-001,56,99.68062399041004,100.8114753540196,cruise,True,False,True,True,True,15.658251147070914
K25-001,57,100.8114753540196,101.09185634541156,cruise,True,False,True,True,True,15.60345053830369
K25-001,58,101.09185634541156,101.37223733680351,cruise,True,False,True,True,True,15.548980577890234
K25-001,59,101.37223733680351,102.22270770900666,cruise,True,False,True,True,True,15.385742536829184
K25-001,60,102.22270770900666,103.0731780812098,cruise,True,False,True,True,True,15.225409449526182
K25-001,61,103.0731780812098,104.20402944481937,cruise,True,False,True,True,True,15.016550160642126
K25-001,62,104.20402944481937,105.33488080842893,cruise,True,False,True,True,True,14.812437491922495
K25-001,63,105.33488080842893,105.64474749651218,cruise,True,False,True,True,True,14.757309438670447
K25-001,64,105.64474749651218,105.95461418459543,cruise,True,False,True,True,True,14.702518373345498
K25-001,65,105.95461418459543,106.77559886012175,cruise,True,False,True,True,True,14.558950453029212
K25-001,66,106.77559886012175,107.59658353564807,cruise,True,False,True,True,True,14.41764914830648
K25-001,67,107.59658353564807,108.72743489924316,cruise,True,False,True,True,True,14.226602003874746
K25-001,68,108.72743489924316,109.85828626283826,cruise,True,False,True,True,True,14.039556753929801
K25-001,69,109.85828626283826,110.19763864737837,cruise,True,False,True,True,True,13.984183661395917
K25-001,70,110.19763864737837,110.53699103191848,cruise,True,False,True,True,True,13.929152355340932
K25-001,71,110.53699103191848,111.3284900110024,cruise,True,False,True,True,True,13.802103882498244
K25-001,72,111.3284900110024,112.11998899008631,cruise,True,False,True,True,True,13.676842393762044
K25-001,73,112.11998899008631,113.25084035368141,cruise,True,False,True,True,True,13.500880562887545
K25-001,74,113.25084035368141,114.38169171727651,cruise,True,False,True,True,True,13.328333936512834
K25-001,75,114.38169171727651,114.75052979825901,cruise,True,False,True,True,True,13.272773297955155
K25-001,76,114.75052979825901,115.11936787924151,cruise,True,False,True,True,True,13.21755815461384
K25-001,77,115.11936787924151,115.8813811618541,cruise,True,False,True,True,True,13.104560997678448
K25-001,78,115.8813811618541,116.6433944444667,cruise,True,False,True,True,True,12.992984970038847
K25-001,79,116.6433944444667,117.77424580809071,cruise,True,False,True,True,True,12.829948463734937
K25-001,80,117.77424580809071,118.90509717171474,cruise,True,False,True,True,True,12.669857944683173
K25-001,81,118.90509717171474,119.30342094937409,cruise,True,False,True,True,True,12.614150982818572
K25-001,82,119.30342094937409,119.70174472703341,cruise,True,False,True,True,True,12.558792435012137
K25-001,83,119.70174472703341,120.43427231296917,cruise,True,False,True,True,True,12.457882060165971
K25-001,84,120.43427231296917,121.16679989890493,cruise,True,False,True,True,True,12.358109957832255
K25-001,85,121.16679989890493,122.29765126251449,cruise,True,False,True,True,True,12.206262576469044
K25-001,86,122.29765126251449,123.42850262612406,cruise,True,False,True,True,True,12.056980718236147
K25-001,87,123.42850262612406,123.85631210024025,cruise,True,False,True,True,True,12.001157693061387
K25-001,88,123.85631210024025,124.28412157435645,cruise,True,False,True,True,True,11.9456854155912
K25-001,89,124.28412157435645,124.98716346384981,cruise,True,False,True,True,True,11.855275382864676
K25-001,90,124.98716346384981,125.69020535334317,cruise,True,False,True,True,True,11.765782315389544
K25-001,91,125.69020535334317,126.82105671693827,cruise,True,False,True,True,True,11.62370982204375
K25-001,92,126.82105671693827,127.95190808053337,cruise,True,False,True,True,True,11.483890488361212
K25-001,93,127.95190808053337,128.40920325110645,cruise,True,False,True,True,True,11.427974070782057
K25-001,94,128.40920325110645,128.86649842167952,cruise,True,False,True,True,True,11.372410292660007
K25-001,95,128.86649842167952,129.54005461473048,cruise,True,False,True,True,True,11.29120271907074
K25-001,96,129.54005461473048,130.21361080778144,cruise,True,False,True,True,True,11.210737144983128
K25-001,97,130.21361080778144,131.34446217137653,cruise,True,False,True,True,True,11.077273632478907
K25-001,98,131.34446217137653,132.47531353497163,cruise,True,False,True,True,True,10.945803927899007
K25-001,99,132.47531353497163,132.96209440222154,cruise,True,False,True,True,True,10.889811409404501
K25-001,100,132.96209440222154,133.44887526947142,cruise,True,False,True,True,True,10.834173082770775
K25-001,101,133.44887526947142,134.09294576581664,cruise,True,False,True,True,True,10.761093665901456
K25-001,102,134.09294576581664,134.73701626216186,cruise,True,False,True,True,True,10.688616660017743
K25-001,103,134.73701626216186,135.86786762578586,cruise,True,False,True,True,True,10.56279045957558
K25-001,104,135.86786762578586,136.9987189894099,cruise,True,False,True,True,True,10.438740531972655
K25-001,105,136.9987189894099,137.51498555310218,cruise,True,False,True,True,True,10.382685310772032
K25-001,106,137.51498555310218,138.03125211679446,cruise,True,False,True,True,True,10.3269855692578
K25-001,107,138.03125211679446,138.64583691669728,cruise,True,False,True,True,True,10.261135658176755
K25-001,108,138.64583691669728,139.2604217166001,cruise,True,False,True,True,True,10.195775917791735
K25-001,109,139.2604217166001,140.39127308020966,cruise,True,False,True,True,True,10.07676925775398
K25-001,110,140.39127308020966,141.52212444381922,cruise,True,False,True,True,True,9.95935472447583
K25-001,111,141.52212444381922,142.06787670396835,cruise,True,False,True,True,True,9.903247328419639
K25-001,112,142.06787670396835,142.6136289641175,cruise,True,False,True,True,True,9.847496490746607
K25-001,113,142.6136289641175,143.19872806757792,cruise,True,False,True,True,True,9.788117187144152
K25-001,114,143.19872806757792,143.78382717103833,cruise,True,False,True,True,True,9.729137197034063
K25-001,115,143.78382717103833,144.91467853463342,cruise,True,False,True,True,True,9.616255685828108
K25-001,116,144.91467853463342,146.04552989822852,cruise,True,False,True,True,True,9.504809113291259
K25-001,117,146.04552989822852,146.62076785506898,cruise,True,False,True,True,True,9.448657918867141
K25-001,118,146.62076785506898,147.19600581190943,cruise,True,False,True,True,True,9.392864194286815
K25-001,119,147.19600581190943,147.751619218693,cruise,True,False,True,True,True,9.339309079837477
K25-001,120,147.751619218693,148.3072326254766,cruise,True,False,True,True,True,9.286079313661745
K25-001,121,148.3072326254766,149.43808398907169,cruise,True,False,True,True,True,9.17872854699317
K25-001,122,149.43808398907169,150.56893535266678,cruise,True,False,True,True,True,9.072677519364177
K25-001,123,150.56893535266678,151.17365900594962,cruise,True,False,True,True,True,9.016489266706941
K25-001,124,151.17365900594962,151.77838265923245,cruise,True,False,True,True,True,8.960659260095568
K25-001,125,151.77838265923245,152.30451036954472,cruise,True,False,True,True,True,8.912373404147175
K25-001,126,152.30451036954472,152.83063807985695,cruise,True,False,True,True,True,8.86435240027977
K25-001,127,152.83063807985695,153.96148944348096,cruise,True,False,True,True,True,8.76201980829984
K25-001,128,153.96148944348096,155.092340807105,cruise,True,False,True,True,True,8.660869859043032
K25-001,129,155.092340807105,155.72655015683023,cruise,True,False,True,True,True,8.604650026812777
K25-001,130,155.72655015683023,156.36075950655547,cruise,True,False,True,True,True,8.54878910638675
K25-001,131,156.36075950655547,156.85740152042533,cruise,True,False,True,True,True,8.50529271162496
K25-001,132,156.85740152042533,157.3540435342952,cruise,True,False,True,True,True,8.462011503492988
K25-001,133,157.3540435342952,158.48489489789029,cruise,True,False,True,True,True,8.364252103631344
K25-001,134,158.48489489789029,159.61574626148538,cruise,True,False,True,True,True,8.267573283218312
K25-001,135,159.61574626148538,160.2794413079164,cruise,True,False,True,True,True,8.211326365852585
K25-001,136,160.2794413079164,160.9431363543474,cruise,True,False,True,True,True,8.155438934994578
K25-001,137,160.9431363543474,161.41029267154042,cruise,True,False,True,True,True,8.116314453696333
K25-001,138,161.41029267154042,161.87744898873345,cruise,True,False,True,True,True,8.077364269783828
K25-001,139,161.87744898873345,163.00830035232855,cruise,True,False,True,True,True,7.983789367064674
K25-001,140,163.00830035232855,164.13915171592362,cruise,True,False,True,True,True,7.891205563055024
K25-001,141,164.13915171592362,164.83233245879703,cruise,True,False,True,True,True,7.834935278653376
K25-001,142,164.83233245879703,165.52551320167044,cruise,True,False,True,True,True,7.779024979816583
K25-001,143,165.52551320167044,165.9631838224066,cruise,True,False,True,True,True,7.743906859448003
K25-001,144,165.9631838224066,166.40085444314278,cruise,True,False,True,True,True,7.708929308200069
K25-001,145,166.40085444314278,167.53170580675234,cruise,True,False,True,True,True,7.619197446144241
K25-001,146,167.53170580675234,168.66255717036188,cruise,True,False,True,True,True,7.530377810532315
K25-001,147,168.66255717036188,169.3852236096777,cruise,True,False,True,True,True,7.474087258545808
K25-001,148,169.3852236096777,170.1078900489935,cruise,True,False,True,True,True,7.418157127847778
K25-001,149,170.1078900489935,170.51607497327282,cruise,True,False,True,True,True,7.386723571827034
K25-001,150,170.51607497327282,170.92425989755213,cruise,True,False,True,True,True,7.355402736679423
K25-001,151,170.92425989755213,172.05511126117614,cruise,True,False,True,True,True,7.26921238504093
K25-001,152,172.05511126117614,173.18596262480017,cruise,True,False,True,True,True,7.183864392230063
K25-001,153,173.18596262480017,173.9381147607928,cruise,True,False,True,True,True,7.127556174624345
K25-001,154,173.9381147607928,174.69026689678543,cruise,True,False,True,True,True,7.07160876064367
K25-001,155,174.69026689678543,175.0689661243879,cruise,True,False,True,True,True,7.04357504975053
K25-001,156,175.0689661243879,175.4476653519904,cruise,True,False,True,True,True,7.0156310674184965
K25-001,157,175.4476653519904,176.5785167155855,cruise,True,False,True,True,True,6.932714664058366
K25-001,158,176.5785167155855,177.7093680791806,cruise,True,False,True,True,True,6.850578443140037
K25-001,159,177.7093680791806,178.49100591164455,cruise,True,False,True,True,True,6.794254758463367
K25-001,160,178.49100591164455,179.2726437441085,cruise,True,False,True,True,True,6.738292214443064
K25-001,161,179.2726437441085,179.62185727526858,cruise,True,False,True,True,True,6.713405249052073
K25-001,162,179.62185727526858,179.97107080642866,cruise,True,False,True,True,True,6.688589051002452
K25-001,163,179.97107080642866,181.10192217002376,cruise,True,False,True,True,True,6.6087081094205615
K25-001,164,181.10192217002376,182.23277353361885,cruise,True,False,True,True,True,6.52955178151322
K25-001,165,182.23277353361885,183.04389706252522,cruise,True,False,True,True,True,6.47321449856166
K25-001,166,183.04389706252522,183.85502059143158,cruise,True,False,True,True,True,6.4172386546098465
K25-001,167,183.85502059143158,184.17474842613478,cruise,True,False,True,True,True,6.3952724608416815
K25-001,168,184.17474842613478,184.494476260838,cruise,True,False,True,True,True,6.373361435369077
K25-001,169,184.494476260838,185.62532762444758,cruise,True,False,True,True,True,6.296302498228087
K25-001,170,185.62532762444758,186.75617898805712,cruise,True,False,True,True,True,6.219918313511414
K25-001,171,186.75617898805712,187.5967882136403,cruise,True,False,True,True,True,6.163569029551141
K25-001,172,187.5967882136403,188.4373974392235,cruise,True,False,True,True,True,6.107581449754292
K25-001,173,188.4373974392235,188.72763957723544,cruise,True,False,True,True,True,6.088333453087387
K25-001,174,188.72763957723544,189.01788171524737,cruise,True,False,True,True,True,6.069127841894385
K25-001,175,189.01788171524737,190.14873307887137,cruise,True,False,True,True,True,5.994699111698651
K25-001,176,190.14873307887137,191.2795844424954,cruise,True,False,True,True,True,5.920900227642662
K25-001,177,191.2795844424954,192.14967936452098,cruise,True,False,True,True,True,5.864540314966462
K25-001,178,192.14967936452098,193.01977428654655,cruise,True,False,True,True,True,5.808542342985945
K25-001,179,193.01977428654655,193.28053072811608,cruise,True,False,True,True,True,5.79183025786763
K25-001,180,193.28053072811608,193.5412871696856,cruise,True,False,True,True,True,5.775150143398307
K25-001,181,193.5412871696856,194.6721385332807,cruise,True,False,True,True,True,5.703178659389181
K25-001,182,194.6721385332807,195.8029898968758,cruise,True,False,True,True,True,5.631796437193202
K25-001,183,195.8029898968758,196.7025705154899,cruise,True,False,True,True,True,5.575427080396878
K25-001,184,196.7025705154899,197.60215113410402,cruise,True,False,True,True,True,5.519419876002715
K25-001,185,197.60215113410402,197.8334218791139,cruise,True,False,True,True,True,5.505079093837466
K25-001,186,197.8334218791139,198.0646926241238,cruise,True,False,True,True,True,5.490761865444
K25-001,187,198.0646926241238,199.1955439877189,cruise,True,False,True,True,True,5.4210911241073205
K25-001,188,199.1955439877189,200.326395351314,cruise,True,False,True,True,True,5.351972846846579
K25-001,189,200.326395351314,201.25546166648775,cruise,True,False,True,True,True,5.295595073093054
K25-001,190,201.25546166648775,202.1845279816615,cruise,True,False,True,True,True,5.239579641843292
K25-001,191,202.1845279816615,202.38631303008287,cruise,True,False,True,True,True,5.2274610246403626
K25-001,192,202.38631303008287,202.58809807850423,cruise,True,False,True,True,True,5.215359235268721
K25-001,193,202.58809807850423,203.71894944212826,cruise,True,False,True,True,True,5.147847173786133
K25-001,194,203.71894944212826,204.84980080575227,cruise,True,False,True,True,True,5.080854109935984
K25-001,195,204.84980080575227,205.8083528173684,cruise,True,False,True,True,True,5.024468813612003
K25-001,196,205.8083528173684,206.7669048289845,cruise,True,False,True,True,True,4.968446030987721
K25-001,197,206.7669048289845,206.9392041809635,cruise,True,False,True,True,True,4.95841403772657
K25-001,198,206.9392041809635,207.11150353294246,cruise,True,False,True,True,True,4.9483935813444475
K25-001,199,207.11150353294246,208.242354896552,cruise,True,False,True,True,True,4.882910859692117
K25-001,200,208.242354896552,209.37320626016157,cruise,True,False,True,True,True,4.817916611453896
K25-001,201,209.37320626016157,210.3612439683518,cruise,True,False,True,True,True,4.7615245743285755
K25-001,202,210.3612439683518,211.349281676542,cruise,True,False,True,True,True,4.705495205532571
K25-001,203,211.349281676542,211.49209533196134,cruise,True,False,True,True,True,4.697426293003019
K25-001,204,211.49209533196134,211.63490898738067,cruise,True,False,True,True,True,4.6893648470628335
K25-001,205,211.63490898738067,212.76576035097577,cruise,True,False,True,True,True,4.625793377379466
K25-001,206,212.76576035097577,213.89661171457087,cruise,True,False,True,True,True,4.562682465062167
K25-001,207,213.89661171457087,214.91413511933513,cruise,True,False,True,True,True,4.506284373021401
K25-001,208,214.91413511933513,215.93165852409942,cruise,True,False,True,True,True,4.4502490893138145
K25-001,209,215.93165852409942,216.04498648295913,cruise,True,False,True,True,True,4.444030340633134
K25-001,210,216.04498648295913,216.15831444181887,cruise,True,False,True,True,True,4.4378160286904915
K25-001,211,216.15831444181887,217.28916580541397,cruise,True,False,True,True,True,4.376047710546757
K25-001,212,217.28916580541397,218.42001716900907,cruise,True,False,True,True,True,4.3147143538152335
K25-001,213,218.42001716900907,219.46702627021577,cruise,True,False,True,True,True,4.25831081067922
K25-001,214,219.46702627021577,220.51403537142244,cruise,True,False,True,True,True,4.202270202965863
K25-001,215,220.51403537142244,220.59787763381084,cruise,True,False,True,True,True,4.1977981460760105
K25-001,216,220.59787763381084,220.68171989619924,cruise,True,False,True,True,True,4.193328384419587
K25-001,217,220.68171989619924,221.81257125982327,cruise,True,False,True,True,True,4.133264012454703
K25-001,218,221.81257125982327,222.94342262344728,cruise,True,False,True,True,True,4.073611076544012
K25-001,219,222.94342262344728,224.0199174212136,cruise,True,False,True,True,True,4.017202615593618
K25-001,220,224.0199174212136,225.0964122189799,cruise,True,False,True,True,True,3.9611572056955424
K25-001,221,225.0964122189799,225.15076878480872,cruise,True,False,True,True,True,3.9583367912541547
K25-001,222,225.15076878480872,225.20512535063753,cruise,True,False,True,True,True,3.9555172900440994
K25-001,223,225.20512535063753,226.33597671424707,cruise,True,False,True,True,True,3.8970656065666986
K25-001,224,226.33597671424707,227.46682807785663,cruise,True,False,True,True,True,3.8390036874677236
K25-001,225,227.46682807785663,228.572808572197,cruise,True,False,True,True,True,3.7825907811418062
K25-001,226,228.572808572197,229.67878906653738,cruise,True,False,True,True,True,3.7265410313084715
K25-001,227,229.67878906653738,229.70365993580657,cruise,True,False,True,True,True,3.725284744815866
K25-001,228,229.70365993580657,229.72853080507574,cruise,True,False,True,True,True,3.7240286395745557
K25-001,229,229.72853080507574,230.85938216867083,cruise,True,False,True,True,True,3.6671055097104954
K25-001,230,230.85938216867083,231.99023353226593,cruise,True,False,True,True,True,3.6105521369392193
K25-001,231,231.99023353226593,233.12108489588994,cruise,True,False,True,True,True,3.554363759581861
K25-001,232,233.12108489588994,234.25193625951394,cruise,True,False,True,True,True,3.4985357071706176
K25-001,233,234.25193625951394,234.25655108668715,cruise,True,False,True,True,True,3.498308613552993
K25-001,234,234.25655108668715,234.2611659138604,cruise,True,False,True,True,True,3.4980815258580975
K25-001,235,234.2611659138604,235.38740245028228,cruise,True,False,True,True,True,3.4428377469431837
K25-001,236,235.38740245028228,236.51363898670417,cruise,True,False,True,True,True,3.387942337383919
K25-001,237,236.51363898670417,237.64449035029924,cruise,True,False,True,True,True,3.333168114544094
K25-001,238,237.64449035029924,238.77534171389433,cruise,True,False,True,True,True,3.2787364014386355
K25-001,239,238.77534171389433,238.8094422376561,cruise,True,False,True,True,True,3.2771003025487886
K25-001,240,238.8094422376561,238.84354276141784,cruise,True,False,True,True,True,3.2754645111181446
K25-001,241,238.84354276141784,239.9402936012801,cruise,True,False,True,True,True,3.2230169864462965
K25-001,242,239.9402936012801,241.03704444114237,cruise,True,False,True,True,True,3.1708835916653015
K25-001,243,241.03704444114237,242.16789580473747,cruise,True,False,True,True,True,3.1174542326031798
K25-001,244,242.16789580473747,243.29874716833257,cruise,True,False,True,True,True,3.0643508547431964
K25-001,245,243.29874716833257,243.36233338865392,cruise,True,False,True,True,True,3.0613745240876824
K25-001,246,243.36233338865392,243.4259196089753,cruise,True,False,True,True,True,3.058399210884474
K25-001,247,243.4259196089753,244.4931847522635,cruise,True,False,True,True,True,3.0086111737691112
K25-001,248,244.4931847522635,245.56044989555167,cruise,True,False,True,True,True,2.959106331416365
K25-001,249,245.56044989555167,246.69130125916124,cruise,True,False,True,True,True,2.9069575063059574
K25-001,250,246.69130125916124,247.82215262277077,cruise,True,False,True,True,True,2.855119299766372
K25-001,251,247.82215262277077,247.91522453953456,cruise,True,False,True,True,True,2.850866605153101
K25-001,252,247.91522453953456,248.00829645629832,cruise,True,False,True,True,True,2.8466159876492156
K25-001,253,248.00829645629832,249.04607590312966,cruise,True,False,True,True,True,2.7993604469304216
K25-001,254,249.04607590312966,250.083855349961,cruise,True,False,True,True,True,2.752360121831913
K25-001,255,250.083855349961,251.21470671357056,cruise,True,False,True,True,True,2.7014320001001266
K25-001,256,251.21470671357056,252.34555807718013,cruise,True,False,True,True,True,2.6508001932967034
K25-001,257,252.34555807718013,252.46811569051795,cruise,True,False,True,True,True,2.645330551693789
K25-001,258,252.46811569051795,252.5906733038558,cruise,True,False,True,True,True,2.6398643458865365
K25-001,259,252.5906733038558,253.5989670541275,cruise,True,False,True,True,True,2.595023177695751
K25-001,260,253.5989670541275,254.60726080439923,cruise,True,False,True,True,True,2.5504118960570707
K25-001,261,254.60726080439923,255.7381121679943,cruise,True,False,True,True,True,2.500648737128344
K25-001,262,255.7381121679943,256.86896353158943,cruise,True,False,True,True,True,2.4511685535075856
K25-001,263,256.86896353158943,257.02100684150133,cruise,True,False,True,True,True,2.444537334515587
K25-001,264,257.02100684150133,257.17305015141324,cruise,True,False,True,True,True,2.4379111653175016
K25-001,265,257.17305015141324,258.15185820512534,cruise,True,False,True,True,True,2.3953743077373133
K25-001,266,258.15185820512534,259.13066625883744,cruise,True,False,True,True,True,2.353044388274782
K25-001,267,259.13066625883744,260.26151762243256,cruise,True,False,True,True,True,2.3043941777493018
K25-001,268,260.26151762243256,261.3923689860277,cruise,True,False,True,True,True,2.2560144823417545
K25-001,269,261.3923689860277,261.573897992382,cruise,True,False,True,True,True,2.24827336699974
K25-001,270,261.573897992382,261.7554269987363,cruise,True,False,True,True,True,2.240539132996787
K25-001,271,261.7554269987363,262.0643708458029,cruise,True,False,True,True,True,2.2273920426809326
K25-001,272,262.0643708458029,262.3733146928695,cruise,True,False,True,True,True,2.21426478860225
K25-001,273,262.3733146928695,306.9016197465804,descent,True,False,True,True,True,2.21426478860225
K25-001,274,306.9016197465804,738.9016197465804,handoff,True,False,True,True,True,2.2209209779533126
K25-001,275,738.9016197465804,774.5242637895492,return_climb,True,False,True,True,True,2.21426478860225
K25-001,276,774.5242637895492,774.8332076366158,return_cruise,True,False,True,True,True,2.21426478860225
K25-001,277,774.8332076366158,775.1421514836824,return_cruise,True,False,True,True,True,2.2273920426809326
K25-001,278,775.1421514836824,775.3236804900367,return_cruise,True,False,True,True,True,2.240539132996787
K25-001,279,775.3236804900367,775.505209496391,return_cruise,True,False,True,True,True,2.24827336699974
K25-001,280,775.505209496391,776.6360608599861,return_cruise,True,False,True,True,True,2.2560144823417545
K25-001,281,776.6360608599861,777.7669122235811,return_cruise,True,False,True,True,True,2.3043941777493018
K25-001,282,777.7669122235811,778.7457202772932,return_cruise,True,False,True,True,True,2.353044388274782
K25-001,283,778.7457202772932,779.7245283310053,return_cruise,True,False,True,True,True,2.3953743077373133
K25-001,284,779.7245283310053,779.8765716409173,return_cruise,True,False,True,True,True,2.4379111653175016
K25-001,285,779.8765716409173,780.0286149508293,return_cruise,True,False,True,True,True,2.444537334515587
K25-001,286,780.0286149508293,781.1594663144243,return_cruise,True,False,True,True,True,2.4511685535075856
K25-001,287,781.1594663144243,782.2903176780194,return_cruise,True,False,True,True,True,2.500648737128344
K25-001,288,782.2903176780194,783.2986114282911,return_cruise,True,False,True,True,True,2.5504118960570707
K25-001,289,783.2986114282911,784.3069051785628,return_cruise,True,False,True,True,True,2.595023177695751
K25-001,290,784.3069051785628,784.4294627919007,return_cruise,True,False,True,True,True,2.6398643458865365
K25-001,291,784.4294627919007,784.5520204052385,return_cruise,True,False,True,True,True,2.645330551693789
K25-001,292,784.5520204052385,785.6828717688481,return_cruise,True,False,True,True,True,2.6508001932967034
K25-001,293,785.6828717688481,786.8137231324578,return_cruise,True,False,True,True,True,2.7014320001013914
K25-001,294,786.8137231324578,787.8515025792891,return_cruise,True,False,True,True,True,2.752360121831913
K25-001,295,787.8515025792891,788.8892820261204,return_cruise,True,False,True,True,True,2.7993604469304216
K25-001,296,788.8892820261204,788.9823539428842,return_cruise,True,False,True,True,True,2.8466159876492156
K25-001,297,788.9823539428842,789.0754258596479,return_cruise,True,False,True,True,True,2.850866605153101
K25-001,298,789.0754258596479,790.2062772232574,return_cruise,True,False,True,True,True,2.855119299766372
K25-001,299,790.2062772232574,791.337128586867,return_cruise,True,False,True,True,True,2.906957506304664
K25-001,300,791.337128586867,792.4043937301552,return_cruise,True,False,True,True,True,2.959106331416365
K25-001,301,792.4043937301552,793.4716588734434,return_cruise,True,False,True,True,True,3.0086111737691112
K25-001,302,793.4716588734434,793.5352450937647,return_cruise,True,False,True,True,True,3.058399210884474
K25-001,303,793.5352450937647,793.598831314086,return_cruise,True,False,True,True,True,3.0613745240876824
K25-001,304,793.598831314086,794.7296826776811,return_cruise,True,False,True,True,True,3.0643508547431964
K25-001,305,794.7296826776811,795.8605340412762,return_cruise,True,False,True,True,True,3.1174542326031798
K25-001,306,795.8605340412762,796.9572848811384,return_cruise,True,False,True,True,True,3.1708835916653015
K25-001,307,796.9572848811384,798.0540357210007,return_cruise,True,False,True,True,True,3.2230169864462965
K25-001,308,798.0540357210007,798.0881362447624,return_cruise,True,False,True,True,True,3.2754645111181446
K25-001,309,798.0881362447624,798.1222367685242,return_cruise,True,False,True,True,True,3.2771003025487886
K25-001,310,798.1222367685242,799.2530881321193,return_cruise,True,False,True,True,True,3.2787364014386355
K25-001,311,799.2530881321193,800.3839394957143,return_cruise,True,False,True,True,True,3.333168114544094
K25-001,312,800.3839394957143,801.5101760321362,return_cruise,True,False,True,True,True,3.387942337383919
K25-001,313,801.5101760321362,802.6364125685581,return_cruise,True,False,True,True,True,3.4428377469431837
K25-001,314,802.6364125685581,802.6410273957313,return_cruise,True,False,True,True,True,3.4980815258580975
K25-001,315,802.6410273957313,802.6456422229045,return_cruise,True,False,True,True,True,3.498308613552993
K25-001,316,802.6456422229045,803.7764935865285,return_cruise,True,False,True,True,True,3.4985357071706176
K25-001,317,803.7764935865285,804.9073449501526,return_cruise,True,False,True,True,True,3.554363759581861
K25-001,318,804.9073449501526,806.0381963137477,return_cruise,True,False,True,True,True,3.6105521369392193
K25-001,319,806.0381963137477,807.1690476773427,return_cruise,True,False,True,True,True,3.6671055097104954
K25-001,320,807.1690476773427,807.1939185466119,return_cruise,True,False,True,True,True,3.7240286395745557
K25-001,321,807.1939185466119,807.2187894158811,return_cruise,True,False,True,True,True,3.725284744815866
K25-001,322,807.2187894158811,808.3247699102216,return_cruise,True,False,True,True,True,3.7265410313084715
K25-001,323,808.3247699102216,809.430750404562,return_cruise,True,False,True,True,True,3.7825907811418062
K25-001,324,809.430750404562,810.5616017681716,return_cruise,True,False,True,True,True,3.8390036874677236
K25-001,325,810.5616017681716,811.6924531317811,return_cruise,True,False,True,True,True,3.8970656065681624
K25-001,326,811.6924531317811,811.7468096976099,return_cruise,True,False,True,True,True,3.9555172900440994
K25-001,327,811.7468096976099,811.8011662634387,return_cruise,True,False,True,True,True,3.9583367912541547
K25-001,328,811.8011662634387,812.877661061205,return_cruise,True,False,True,True,True,3.9611572056955424
K25-001,329,812.877661061205,813.9541558589713,return_cruise,True,False,True,True,True,4.017202615593618
K25-001,330,813.9541558589713,815.0850072225953,return_cruise,True,False,True,True,True,4.073611076544012
K25-001,331,815.0850072225953,816.2158585862194,return_cruise,True,False,True,True,True,4.133264012454703
K25-001,332,816.2158585862194,816.2997008486078,return_cruise,True,False,True,True,True,4.193328384419587
K25-001,333,816.2997008486078,816.3835431109962,return_cruise,True,False,True,True,True,4.1977981460760105
K25-001,334,816.3835431109962,817.4305522122029,return_cruise,True,False,True,True,True,4.202270202965863
K25-001,335,817.4305522122029,818.4775613134096,return_cruise,True,False,True,True,True,4.25831081067922
K25-001,336,818.4775613134096,819.6084126770047,return_cruise,True,False,True,True,True,4.3147143538152335
K25-001,337,819.6084126770047,820.7392640405998,return_cruise,True,False,True,True,True,4.376047710546757
K25-001,338,820.7392640405998,820.8525919994595,return_cruise,True,False,True,True,True,4.4378160286904915
K25-001,339,820.8525919994595,820.9659199583192,return_cruise,True,False,True,True,True,4.444030340633134
K25-001,340,820.9659199583192,821.9834433630836,return_cruise,True,False,True,True,True,4.4502490893138145
K25-001,341,821.9834433630836,823.0009667678478,return_cruise,True,False,True,True,True,4.506284373021401
K25-001,342,823.0009667678478,824.1318181314429,return_cruise,True,False,True,True,True,4.562682465062167
K25-001,343,824.1318181314429,825.2626694950379,return_cruise,True,False,True,True,True,4.625793377379466
K25-001,344,825.2626694950379,825.4054831504573,return_cruise,True,False,True,True,True,4.6893648470628335
K25-001,345,825.4054831504573,825.5482968058766,return_cruise,True,False,True,True,True,4.697426293003019
K25-001,346,825.5482968058766,826.5363345140668,return_cruise,True,False,True,True,True,4.705495205532571
K25-001,347,826.5363345140668,827.5243722222569,return_cruise,True,False,True,True,True,4.7615245743285755
K25-001,348,827.5243722222569,828.6552235858666,return_cruise,True,False,True,True,True,4.817916611453896
K25-001,349,828.6552235858666,829.7860749494761,return_cruise,True,False,True,True,True,4.882910859692117
K25-001,350,829.7860749494761,829.958374301455,return_cruise,True,False,True,True,True,4.9483935813444475
K25-001,351,829.958374301455,830.130673653434,return_cruise,True,False,True,True,True,4.95841403772657
K25-001,352,830.130673653434,831.0892256650501,return_cruise,True,False,True,True,True,4.968446030987721
K25-001,353,831.0892256650501,832.0477776766662,return_cruise,True,False,True,True,True,5.024468813612003
K25-001,354,832.0477776766662,833.1786290402903,return_cruise,True,False,True,True,True,5.080854109935984
K25-001,355,833.1786290402903,834.3094804039143,return_cruise,True,False,True,True,True,5.147847173786133
K25-001,356,834.3094804039143,834.5112654523357,return_cruise,True,False,True,True,True,5.215359235268721
K25-001,357,834.5112654523357,834.713050500757,return_cruise,True,False,True,True,True,5.2274610246403626
K25-001,358,834.713050500757,835.6421168159308,return_cruise,True,False,True,True,True,5.239579641843292
K25-001,359,835.6421168159308,836.5711831311045,return_cruise,True,False,True,True,True,5.295595073093054
K25-001,360,836.5711831311045,837.7020344946995,return_cruise,True,False,True,True,True,5.351972846846579
K25-001,361,837.7020344946995,838.8328858582946,return_cruise,True,False,True,True,True,5.4210911241073205
K25-001,362,838.8328858582946,839.0641566033046,return_cruise,True,False,True,True,True,5.490761865444
K25-001,363,839.0641566033046,839.2954273483144,return_cruise,True,False,True,True,True,5.505079093837466
K25-001,364,839.2954273483144,840.1950079669285,return_cruise,True,False,True,True,True,5.519419876002715
K25-001,365,840.1950079669285,841.0945885855426,return_cruise,True,False,True,True,True,5.575427080396878
K25-001,366,841.0945885855426,842.2254399491377,return_cruise,True,False,True,True,True,5.631796437193202
K25-001,367,842.2254399491377,843.3562913127328,return_cruise,True,False,True,True,True,5.703178659389181
K25-001,368,843.3562913127328,843.6170477543022,return_cruise,True,False,True,True,True,5.775150143398307
K25-001,369,843.6170477543022,843.8778041958717,return_cruise,True,False,True,True,True,5.79183025786763
K25-001,370,843.8778041958717,844.7478991178973,return_cruise,True,False,True,True,True,5.808542342985945
K25-001,371,844.7478991178973,845.6179940399229,return_cruise,True,False,True,True,True,5.864540314966462
K25-001,372,845.6179940399229,846.748845403547,return_cruise,True,False,True,True,True,5.920900227642662
K25-001,373,846.748845403547,847.879696767171,return_cruise,True,False,True,True,True,5.994699111698651
K25-001,374,847.879696767171,848.1699389051829,return_cruise,True,False,True,True,True,6.069127841894385
K25-001,375,848.1699389051829,848.4601810431948,return_cruise,True,False,True,True,True,6.088333453087387
K25-001,376,848.4601810431948,849.300790268778,return_cruise,True,False,True,True,True,6.107581449754292
K25-001,377,849.300790268778,850.1413994943612,return_cruise,True,False,True,True,True,6.163569029551141
K25-001,378,850.1413994943612,851.2722508579707,return_cruise,True,False,True,True,True,6.219918313511414
K25-001,379,851.2722508579707,852.4031022215803,return_cruise,True,False,True,True,True,6.296302498228087
K25-001,380,852.4031022215803,852.7228300562836,return_cruise,True,False,True,True,True,6.373361435369077
K25-001,381,852.7228300562836,853.0425578909867,return_cruise,True,False,True,True,True,6.3952724608416815
K25-001,382,853.0425578909867,853.8536814198931,return_cruise,True,False,True,True,True,6.4172386546098465
K25-001,383,853.8536814198931,854.6648049487994,return_cruise,True,False,True,True,True,6.47321449856166
K25-001,384,854.6648049487994,855.7956563123945,return_cruise,True,False,True,True,True,6.52955178151322
K25-001,385,855.7956563123945,856.9265076759896,return_cruise,True,False,True,True,True,6.6087081094205615
K25-001,386,856.9265076759896,857.2757212071497,return_cruise,True,False,True,True,True,6.688589051002452
K25-001,387,857.2757212071497,857.6249347383098,return_cruise,True,False,True,True,True,6.713405249052073
K25-001,388,857.6249347383098,858.4065725707737,return_cruise,True,False,True,True,True,6.738292214443064
K25-001,389,858.4065725707737,859.1882104032377,return_cruise,True,False,True,True,True,6.794254758463367
K25-001,390,859.1882104032377,860.3190617668328,return_cruise,True,False,True,True,True,6.850578443140037
K25-001,391,860.3190617668328,861.4499131304278,return_cruise,True,False,True,True,True,6.932714664058366
K25-001,392,861.4499131304278,861.8286123580303,return_cruise,True,False,True,True,True,7.0156310674184965
K25-001,393,861.8286123580303,862.2073115856329,return_cruise,True,False,True,True,True,7.04357504975053
K25-001,394,862.2073115856329,862.9594637216254,return_cruise,True,False,True,True,True,7.07160876064367
K25-001,395,862.9594637216254,863.7116158576181,return_cruise,True,False,True,True,True,7.127556174624345
K25-001,396,863.7116158576181,864.8424672212421,return_cruise,True,False,True,True,True,7.183864392230063
K25-001,397,864.8424672212421,865.9733185848662,return_cruise,True,False,True,True,True,7.26921238504093
K25-001,398,865.9733185848662,866.3815035091455,return_cruise,True,False,True,True,True,7.355402736679423
K25-001,399,866.3815035091455,866.7896884334249,return_cruise,True,False,True,True,True,7.386723571827034
K25-001,400,866.7896884334249,867.5123548727407,return_cruise,True,False,True,True,True,7.418157127847778
K25-001,401,867.5123548727407,868.2350213120566,return_cruise,True,False,True,True,True,7.474087258545808
K25-001,402,868.2350213120566,869.3658726756661,return_cruise,True,False,True,True,True,7.530377810532315
K25-001,403,869.3658726756661,870.4967240392757,return_cruise,True,False,True,True,True,7.619197446144241
K25-001,404,870.4967240392757,870.9343946600119,return_cruise,True,False,True,True,True,7.708929308200069
K25-001,405,870.9343946600119,871.3720652807481,return_cruise,True,False,True,True,True,7.743906859448003
K25-001,406,871.3720652807481,872.0652460236215,return_cruise,True,False,True,True,True,7.779024979816583
K25-001,407,872.0652460236215,872.758426766495,return_cruise,True,False,True,True,True,7.834935278653376
K25-001,408,872.758426766495,873.88927813009,return_cruise,True,False,True,True,True,7.891205563055024
K25-001,409,873.88927813009,875.0201294936851,return_cruise,True,False,True,True,True,7.983789367064674
K25-001,410,875.0201294936851,875.4872858108781,return_cruise,True,False,True,True,True,8.077364269783828
K25-001,411,875.4872858108781,875.9544421280712,return_cruise,True,False,True,True,True,8.116314453696333
K25-001,412,875.9544421280712,876.6181371745022,return_cruise,True,False,True,True,True,8.155438934994578
K25-001,413,876.6181371745022,877.2818322209332,return_cruise,True,False,True,True,True,8.211326365852585
K25-001,414,877.2818322209332,878.4126835845283,return_cruise,True,False,True,True,True,8.267573283218312
K25-001,415,878.4126835845283,879.5435349481234,return_cruise,True,False,True,True,True,8.364252103631344
K25-001,416,879.5435349481234,880.0401769619932,return_cruise,True,False,True,True,True,8.462011503492988
K25-001,417,880.0401769619932,880.5368189758631,return_cruise,True,False,True,True,True,8.50529271162496
K25-001,418,880.5368189758631,881.1710283255883,return_cruise,True,False,True,True,True,8.54878910638675
K25-001,419,881.1710283255883,881.8052376753135,return_cruise,True,False,True,True,True,8.604650026812777
K25-001,420,881.8052376753135,882.9360890389376,return_cruise,True,False,True,True,True,8.660869859043032
K25-001,421,882.9360890389376,884.0669404025616,return_cruise,True,False,True,True,True,8.76201980829984
K25-001,422,884.0669404025616,884.5930681128739,return_cruise,True,False,True,True,True,8.86435240027977
K25-001,423,884.5930681128739,885.1191958231861,return_cruise,True,False,True,True,True,8.912373404147175
K25-001,424,885.1191958231861,885.723919476469,return_cruise,True,False,True,True,True,8.960659260095568
K25-001,425,885.723919476469,886.3286431297518,return_cruise,True,False,True,True,True,9.016489266706941
K25-001,426,886.3286431297518,887.4594944933468,return_cruise,True,False,True,True,True,9.072677519364177
K25-001,427,887.4594944933468,888.5903458569419,return_cruise,True,False,True,True,True,9.17872854699317
K25-001,428,888.5903458569419,889.1459592637254,return_cruise,True,False,True,True,True,9.286079313661745
K25-001,429,889.1459592637254,889.701572670509,return_cruise,True,False,True,True,True,9.339309079837477
K25-001,430,889.701572670509,890.2768106273494,return_cruise,True,False,True,True,True,9.392864194286815
K25-001,431,890.2768106273494,890.8520485841898,return_cruise,True,False,True,True,True,9.448657918867141
K25-001,432,890.8520485841898,891.9828999477849,return_cruise,True,False,True,True,True,9.504809113291259
K25-001,433,891.9828999477849,893.1137513113799,return_cruise,True,False,True,True,True,9.616255685828108
K25-001,434,893.1137513113799,893.6988504148403,return_cruise,True,False,True,True,True,9.729137197034063
K25-001,435,893.6988504148403,894.2839495183007,return_cruise,True,False,True,True,True,9.788117187144152
K25-001,436,894.2839495183007,894.8297017784498,return_cruise,True,False,True,True,True,9.847496490746607
K25-001,437,894.8297017784498,895.375454038599,return_cruise,True,False,True,True,True,9.903247328419639
K25-001,438,895.375454038599,896.5063054022086,return_cruise,True,False,True,True,True,9.95935472447583
K25-001,439,896.5063054022086,897.6371567658182,return_cruise,True,False,True,True,True,10.07676925775398
K25-001,440,897.6371567658182,898.251741565721,return_cruise,True,False,True,True,True,10.195775917791735
K25-001,441,898.251741565721,898.8663263656238,return_cruise,True,False,True,True,True,10.261135658176755
K25-001,442,898.8663263656238,899.382592929316,return_cruise,True,False,True,True,True,10.3269855692578
K25-001,443,899.382592929316,899.8988594930083,return_cruise,True,False,True,True,True,10.382685310772032
K25-001,444,899.8988594930083,901.0297108566324,return_cruise,True,False,True,True,True,10.438740531972655
K25-001,445,901.0297108566324,902.1605622202565,return_cruise,True,False,True,True,True,10.56279045957558
K25-001,446,902.1605622202565,902.8046327166016,return_cruise,True,False,True,True,True,10.688616660017743
K25-001,447,902.8046327166016,903.4487032129468,return_cruise,True,False,True,True,True,10.761093665901456
K25-001,448,903.4487032129468,903.9354840801967,return_cruise,True,False,True,True,True,10.834173082770775
K25-001,449,903.9354840801967,904.4222649474466,return_cruise,True,False,True,True,True,10.889811409404501
K25-001,450,904.4222649474466,905.5531163110417,return_cruise,True,False,True,True,True,10.945803927899007
K25-001,451,905.5531163110417,906.6839676746367,return_cruise,True,False,True,True,True,11.077273632478907
K25-001,452,906.6839676746367,907.3575238676877,return_cruise,True,False,True,True,True,11.210737144983128
K25-001,453,907.3575238676877,908.0310800607388,return_cruise,True,False,True,True,True,11.29120271907074
K25-001,454,908.0310800607388,908.4883752313118,return_cruise,True,False,True,True,True,11.372410292660007
K25-001,455,908.4883752313118,908.9456704018849,return_cruise,True,False,True,True,True,11.427974070782057
K25-001,456,908.9456704018849,910.0765217654799,return_cruise,True,False,True,True,True,11.483890488361212
K25-001,457,910.0765217654799,911.207373129075,return_cruise,True,False,True,True,True,11.62370982204375
K25-001,458,911.207373129075,911.9104150185683,return_cruise,True,False,True,True,True,11.765782315389544
K25-001,459,911.9104150185683,912.6134569080617,return_cruise,True,False,True,True,True,11.855275382864676
K25-001,460,912.6134569080617,913.0412663821779,return_cruise,True,False,True,True,True,11.9456854155912
K25-001,461,913.0412663821779,913.4690758562941,return_cruise,True,False,True,True,True,12.001157693061387
K25-001,462,913.4690758562941,914.5999272199037,return_cruise,True,False,True,True,True,12.056980718236147
K25-001,463,914.5999272199037,915.7307785835134,return_cruise,True,False,True,True,True,12.206262576469044
K25-001,464,915.7307785835134,916.4633061694492,return_cruise,True,False,True,True,True,12.358109957832255
K25-001,465,916.4633061694492,917.1958337553849,return_cruise,True,False,True,True,True,12.457882060165971
K25-001,466,917.1958337553849,917.5941575330443,return_cruise,True,False,True,True,True,12.558792435012137
K25-001,467,917.5941575330443,917.9924813107036,return_cruise,True,False,True,True,True,12.614150982818572
K25-001,468,917.9924813107036,919.1233326743277,return_cruise,True,False,True,True,True,12.669857944683173
K25-001,469,919.1233326743277,920.2541840379517,return_cruise,True,False,True,True,True,12.829948463734937
K25-001,470,920.2541840379517,921.0161973205644,return_cruise,True,False,True,True,True,12.992984970038847
K25-001,471,921.0161973205644,921.7782106031771,return_cruise,True,False,True,True,True,13.104560997678448
K25-001,472,921.7782106031771,922.1470486841596,return_cruise,True,False,True,True,True,13.21755815461384
K25-001,473,922.1470486841596,922.5158867651421,return_cruise,True,False,True,True,True,13.272773297955155
K25-001,474,922.5158867651421,923.6467381287372,return_cruise,True,False,True,True,True,13.328333936512834
K25-001,475,923.6467381287372,924.7775894923323,return_cruise,True,False,True,True,True,13.50088056288753
K25-001,476,924.7775894923323,925.5690884714162,return_cruise,True,False,True,True,True,13.676842393762044
K25-001,477,925.5690884714162,926.3605874505001,return_cruise,True,False,True,True,True,13.802103882498244
K25-001,478,926.3605874505001,926.6999398350403,return_cruise,True,False,True,True,True,13.929152355340932
K25-001,479,926.6999398350403,927.0392922195804,return_cruise,True,False,True,True,True,13.984183661395917
K25-001,480,927.0392922195804,928.1701435831754,return_cruise,True,False,True,True,True,14.039556753929801
K25-001,481,928.1701435831754,929.3009949467705,return_cruise,True,False,True,True,True,14.226602003874746
K25-001,482,929.3009949467705,930.1219796222969,return_cruise,True,False,True,True,True,14.41764914830648
K25-001,483,930.1219796222969,930.9429642978232,return_cruise,True,False,True,True,True,14.558950453029212
K25-001,484,930.9429642978232,931.2528309859065,return_cruise,True,False,True,True,True,14.702518373345498
K25-001,485,931.2528309859065,931.5626976739898,return_cruise,True,False,True,True,True,14.757309438670447
K25-001,486,931.5626976739898,932.6935490375993,return_cruise,True,False,True,True,True,14.812437491922495
K25-001,487,932.6935490375993,933.8244004012089,return_cruise,True,False,True,True,True,15.016550160642126
K25-001,488,933.8244004012089,934.6748707734121,return_cruise,True,False,True,True,True,15.225409449526168
K25-001,489,934.6748707734121,935.5253411456152,return_cruise,True,False,True,True,True,15.385742536829184
K25-001,490,935.5253411456152,935.8057221370073,return_cruise,True,False,True,True,True,15.548980577890234
K25-001,491,935.8057221370073,936.0861031283991,return_cruise,True,False,True,True,True,15.60345053830369
K25-001,492,936.0861031283991,937.2169544920088,return_cruise,True,False,True,True,True,15.658251147070914
K25-001,493,937.2169544920088,938.3478058556183,return_cruise,True,False,True,True,True,15.882712675012456
K25-001,494,938.3478058556183,939.2277619242783,return_cruise,True,False,True,True,True,16.112881639118598
K25-001,495,939.2277619242783,940.1077179929383,return_cruise,True,False,True,True,True,16.29611351710429
K25-001,496,940.1077179929383,940.3586132878878,return_cruise,True,False,True,True,True,16.483113954901214
K25-001,497,940.3586132878878,940.6095085828374,return_cruise,True,False,True,True,True,16.53714310027786
K25-001,498,940.6095085828374,941.7403599464325,return_cruise,True,False,True,True,True,16.591494312741602
K25-001,499,941.7403599464325,942.8712113100275,return_cruise,True,False,True,True,True,16.840566441644455
K25-001,500,942.8712113100275,943.7806530752616,return_cruise,True,False,True,True,True,17.096606537115576
K25-001,501,943.7806530752616,944.6900948404957,return_cruise,True,False,True,True,True,17.307825011361956
K25-001,502,944.6900948404957,944.9115044388857,return_cruise,True,False,True,True,True,17.524000220810322
K25-001,503,944.9115044388857,945.1329140372756,return_cruise,True,False,True,True,True,17.577404483093275
K25-001,504,945.1329140372756,946.2637654008706,return_cruise,True,False,True,True,True,17.631118864711112
K25-001,505,946.2637654008706,947.3946167644657,return_cruise,True,False,True,True,True,17.910428203474282
K25-001,506,947.3946167644657,948.3335442262594,return_cruise,True,False,True,True,True,18.198384745567097
K25-001,507,948.3335442262594,949.2724716880531,return_cruise,True,False,True,True,True,18.444400232664634
K25-001,508,949.2724716880531,949.4643955898545,return_cruise,True,False,True,True,True,18.69703112066219
K25-001,509,949.4643955898545,949.6563194916558,return_cruise,True,False,True,True,True,18.749514390028992
K25-001,510,949.6563194916558,950.7871708552799,return_cruise,True,False,True,True,True,18.802290592275597
K25-001,511,950.7871708552799,951.918022218904,return_cruise,True,False,True,True,True,19.11936521983536
K25-001,512,951.918022218904,952.8864353771401,return_cruise,True,False,True,True,True,19.447343190206695
K25-001,513,952.8864353771401,953.8548485353762,return_cruise,True,False,True,True,True,19.737385205628357
K25-001,514,953.8548485353762,954.0172867407351,return_cruise,True,False,True,True,True,20.036368540267915
K25-001,515,954.0172867407351,954.1797249460941,return_cruise,True,False,True,True,True,20.08742806505026
K25-001,516,954.1797249460941,955.3105763097037,return_cruise,True,False,True,True,True,20.138754876011262
K25-001,517,955.3105763097037,956.4414276733132,return_cruise,True,False,True,True,True,20.503682898184167
K25-001,518,956.4414276733132,957.4393265281234,return_cruise,True,False,True,True,True,20.882502268859383
K25-001,519,957.4393265281234,958.4372253829335,return_cruise,True,False,True,True,True,21.22900977909201
K25-001,520,958.4372253829335,958.5701778917329,return_cruise,True,False,True,True,True,21.587621980781208
K25-001,521,958.5701778917329,958.7031304005322,return_cruise,True,False,True,True,True,21.636348293413306
K25-001,522,958.7031304005322,959.8339817641273,return_cruise,True,False,True,True,True,21.68530215131706
K25-001,523,959.8339817641273,960.9648331277224,return_cruise,True,False,True,True,True,22.11109863941246
K25-001,524,960.9648331277224,961.9922176791066,return_cruise,True,False,True,True,True,22.55437747244312
K25-001,525,961.9922176791066,963.0196022304908,return_cruise,True,False,True,True,True,22.97298378640356
K25-001,526,963.0196022304908,963.1230690427305,return_cruise,True,False,True,True,True,23.407307173506666
K25-001,527,963.1230690427305,963.2265358549703,return_cruise,True,False,True,True,True,23.45193712405478
K25-001,528,963.2265358549703,964.3573872185653,return_cruise,True,False,True,True,True,23.496731450805584
K25-001,529,964.3573872185653,965.4882385821604,return_cruise,True,False,True,True,True,23.997105022055266
K25-001,530,965.4882385821604,966.545108829987,return_cruise,True,False,True,True,True,24.517310356462204
K25-001,531,966.545108829987,967.6019790778137,return_cruise,True,False,True,True,True,25.021074075363558
K25-001,532,967.6019790778137,967.6759601935821,return_cruise,True,False,True,True,True,25.540794565839505
K25-001,533,967.6759601935821,967.7499413093506,return_cruise,True,False,True,True,True,25.57772735751206
K25-001,534,967.7499413093506,968.8807926729746,return_cruise,True,False,True,True,True,25.61472795513434
K25-001,535,968.8807926729746,970.0116440365987,return_cruise,True,False,True,True,True,26.187954447477225
K25-001,536,970.0116440365987,971.0979999809849,return_cruise,True,False,True,True,True,26.77191134651089
K25-001,537,971.0979999809849,972.1843559253712,return_cruise,True,False,True,True,True,27.3359365160194
K25-001,538,972.1843559253712,972.22885134458,return_cruise,True,False,True,True,True,27.892637314212095
K25-001,539,972.22885134458,972.2733467637888,return_cruise,True,False,True,True,True,27.915089108754543
K25-001,540,972.2733467637888,973.4041981273984,return_cruise,True,False,True,True,True,27.937503828684015
K25-001,541,973.4041981273984,974.535049491008,return_cruise,True,False,True,True,True,28.490839060973485
K25-001,542,974.535049491008,975.6508911319683,return_cruise,True,False,True,True,True,28.996496577668893
K25-001,543,975.6508911319683,976.7667327729285,return_cruise,True,False,True,True,True,29.421572052712207
K25-001,544,976.7667327729285,976.7817424955778,return_cruise,True,False,True,True,True,29.743728344586756
K25-001,545,976.7817424955778,976.796752218227,return_cruise,True,False,True,True,True,29.747229068304677
K25-001,546,976.796752218227,977.775843328838,return_cruise,True,False,True,True,True,29.75070605559381
K25-001,547,977.775843328838,978.7549344394491,return_cruise,True,False,True,True,True,29.92362584195382
K25-001,548,978.7549344394491,1051.43323949316,return_descent,True,False,True,True,True,29.982830377148545
K25-003,0,0.0,95.3591357421875,climb,True,False,True,True,True,25.16080841557533
K25-003,1,95.3591357421875,95.89584240437671,cruise,True,False,True,True,True,25.154911169755295
K25-003,2,95.89584240437671,96.43254906656591,cruise,True,False,True,True,True,25.13726732750301
K25-003,3,96.43254906656591,97.38059305409068,cruise,True,False,True,True,True,25.077890795887342
K25-003,4,97.38059305409068,98.32863704161545,cruise,True,False,True,True,True,24.98381485704637
K25-003,5,98.32863704161545,99.27668102914022,cruise,True,False,True,True,True,24.857257018509912
K25-003,6,99.27668102914022,100.22472501666499,cruise,True,False,True,True,True,24.701029248156885
K25-003,7,100.22472501666499,101.17276900414126,cruise,True,False,True,True,True,24.518347871317232
K25-003,8,101.17276900414126,102.12081299161753,cruise,True,False,True,True,True,24.312642588451297
K25-003,9,102.12081299161753,103.0688569791423,cruise,True,False,True,True,True,24.08738420525617
K25-003,10,103.0688569791423,104.01690096666707,cruise,True,False,True,True,True,23.845943629993883
K25-003,11,104.01690096666707,104.65686409860635,cruise,True,False,True,True,True,23.675421027726046
K25-003,12,104.65686409860635,105.29682723054563,cruise,True,False,True,True,True,23.499878895114364
K25-003,13,105.29682723054563,105.60490808613113,cruise,True,False,True,True,True,23.4138333805883
K25-003,14,105.60490808613113,105.91298894171663,cruise,True,False,True,True,True,23.326909434706636
K25-003,15,105.91298894171663,106.8610329291929,cruise,True,False,True,True,True,23.054793638189352
K25-003,16,106.8610329291929,107.80907691666917,cruise,True,False,True,True,True,22.77740246440665
K25-003,17,107.80907691666917,108.75712090419394,cruise,True,False,True,True,True,22.49668321730978
K25-003,18,108.75712090419394,109.70516489171871,cruise,True,False,True,True,True,22.214286855987254
K25-003,19,109.70516489171871,110.65320887924348,cruise,True,False,True,True,True,21.93159397501792
K25-003,20,110.65320887924348,111.60125286676825,cruise,True,False,True,True,True,21.64974417972404
K25-003,21,111.60125286676825,112.54929685424452,cruise,True,False,True,True,True,21.369666155986394
K25-003,22,112.54929685424452,113.49734084172078,cruise,True,False,True,True,True,21.09210666277862
K25-003,23,113.49734084172078,114.44538482929406,cruise,True,False,True,True,True,20.817657392882836
K25-003,24,114.44538482929406,115.39342881686733,cruise,True,False,True,True,True,20.546779165050765
K25-003,25,115.39342881686733,116.3414728043436,cruise,True,False,True,True,True,20.27982326216329
K25-003,26,116.3414728043436,117.28951679181986,cruise,True,False,True,True,True,20.01704995869713
K25-003,27,117.28951679181986,118.23756077929613,cruise,True,False,True,True,True,19.758644412405786
K25-003,28,118.23756077929613,119.1856047667724,cruise,True,False,True,True,True,19.504730166623034
K25-003,29,119.1856047667724,120.13364875434567,cruise,True,False,True,True,True,19.255380534926047
K25-003,30,120.13364875434567,121.08169274191894,cruise,True,False,True,True,True,19.010628143383457
K25-003,31,121.08169274191894,122.02973672939521,cruise,True,False,True,True,True,18.77047288696295
K25-003,32,122.02973672939521,122.97778071687148,cruise,True,False,True,True,True,18.534888537321137
K25-003,33,122.97778071687148,123.92582470434775,cruise,True,False,True,True,True,18.303828209969666
K25-003,34,123.92582470434775,124.87386869182403,cruise,True,False,True,True,True,18.077228873815486
K25-003,35,124.87386869182403,125.82191267939731,cruise,True,False,True,True,True,17.85501505897922
K25-003,36,125.82191267939731,126.76995666697059,cruise,True,False,True,True,True,17.637101897484442
K25-003,37,126.76995666697059,127.71800065444685,cruise,True,False,True,True,True,17.423397608286024
K25-003,38,127.71800065444685,128.66604464192312,cruise,True,False,True,True,True,17.213805522751883
K25-003,39,128.66604464192312,129.6140886293994,cruise,True,False,True,True,True,17.00822572915746
K25-003,40,129.6140886293994,130.56213261687566,cruise,True,False,True,True,True,16.806556402420654
K25-003,41,130.56213261687566,131.51017660444893,cruise,True,False,True,True,True,16.608694874135324
K25-003,42,131.51017660444893,132.4582205920222,cruise,True,False,True,True,True,16.41453848896782
K25-003,43,132.4582205920222,133.40626457949847,cruise,True,False,True,True,True,16.22398528439244
K25-003,44,133.40626457949847,134.35430856697474,cruise,True,False,True,True,True,16.036934526048057
K25-003,45,134.35430856697474,135.302352554451,cruise,True,False,True,True,True,15.853287123982383
K25-003,46,135.302352554451,136.25039654192727,cruise,True,False,True,True,True,15.672945951637729
K25-003,47,136.25039654192727,137.19844052950054,cruise,True,False,True,True,True,15.4958160851495
K25-003,48,137.19844052950054,138.14648451707382,cruise,True,False,True,True,True,15.32180497749323
K25-003,49,138.14648451707382,139.09452850455008,cruise,True,False,True,True,True,15.150822579792418
K25-003,50,139.09452850455008,140.04257249202635,cruise,True,False,True,True,True,14.982781419680109
K25-003,51,140.04257249202635,140.99061647950262,cruise,True,False,True,True,True,14.817596644849772
K25-003,52,140.99061647950262,141.9386604669789,cruise,True,False,True,True,True,14.655186038953829
K25-003,53,141.9386604669789,142.88670445455216,cruise,True,False,True,True,True,14.495470014886948
K25-003,54,142.88670445455216,143.83474844212543,cruise,True,False,True,True,True,14.338371590727277
K25-003,55,143.83474844212543,144.7827924296017,cruise,True,False,True,True,True,14.183816351580717
K25-003,56,144.7827924296017,145.73083641707797,cruise,True,False,True,True,True,14.031732400796983
K25-003,57,145.73083641707797,146.67888040455423,cruise,True,False,True,True,True,13.882050303015603
K25-003,58,146.67888040455423,147.6269243920305,cruise,True,False,True,True,True,13.734703021048531
K25-003,59,147.6269243920305,148.57496837960377,cruise,True,False,True,True,True,13.589625848611092
K25-003,60,148.57496837960377,149.52301236717705,cruise,True,False,True,True,True,13.44675633991011
K25-003,61,149.52301236717705,150.4710563546533,cruise,True,False,True,True,True,13.306034237535954
K25-003,62,150.4710563546533,151.41910034212958,cruise,True,False,True,True,True,13.167401399372295
K25-003,63,151.41910034212958,152.36714432965434,cruise,True,False,True,True,True,13.030801725423345
K25-003,64,152.36714432965434,153.31518831717912,cruise,True,False,True,True,True,12.89618108516541
K25-003,65,153.31518831717912,154.2632323047039,cruise,True,False,True,True,True,12.7634872455437
K25-003,66,154.2632323047039,155.2112762922287,cruise,True,False,True,True,True,12.632669800400976
K25-003,67,155.2112762922287,156.15932027970496,cruise,True,False,True,True,True,12.503680101513481
K25-003,68,156.15932027970496,157.10736426718123,cruise,True,False,True,True,True,12.37647119124108
K25-003,69,157.10736426718123,158.05540825470598,cruise,True,False,True,True,True,12.25099773709124
K25-003,70,158.05540825470598,159.00345224223076,cruise,True,False,True,True,True,12.127215968463616
K25-003,71,159.00345224223076,159.95149622975555,cruise,True,False,True,True,True,12.005083615233815
K25-003,72,159.95149622975555,160.89954021728033,cruise,True,False,True,True,True,11.884559848693016
K25-003,73,160.89954021728033,161.8475842047566,cruise,True,False,True,True,True,11.765605224543307
K25-003,74,161.8475842047566,162.79562819223287,cruise,True,False,True,True,True,11.648181627875204
K25-003,75,162.79562819223287,163.74367217975765,cruise,True,False,True,True,True,11.532252220556302
K25-003,76,163.74367217975765,164.69171616728244,cruise,True,False,True,True,True,11.417781390467965
K25-003,77,164.69171616728244,165.6397601548072,cruise,True,False,True,True,True,11.304734702886947
K25-003,78,165.6397601548072,166.58780414233198,cruise,True,False,True,True,True,11.193078853781671
K25-003,79,166.58780414233198,167.53584812980824,cruise,True,False,True,True,True,11.08278162511509
K25-003,80,167.53584812980824,168.4838921172845,cruise,True,False,True,True,True,10.973811842031864
K25-003,81,168.4838921172845,169.4319361048093,cruise,True,False,True,True,True,10.866139331698221
K25-003,82,169.4319361048093,170.37998009233408,cruise,True,False,True,True,True,10.759734884172786
K25-003,83,170.37998009233408,171.32802407985884,cruise,True,False,True,True,True,10.654570214590478
K25-003,84,171.32802407985884,172.27606806738362,cruise,True,False,True,True,True,10.550617927300905
K25-003,85,172.27606806738362,173.2241120548599,cruise,True,False,True,True,True,10.447851481415398
K25-003,86,173.2241120548599,174.17215604233616,cruise,True,False,True,True,True,10.346245157734998
K25-003,87,174.17215604233616,175.12020002986094,cruise,True,False,True,True,True,10.24577402729686
K25-003,88,175.12020002986094,176.0682440173857,cruise,True,False,True,True,True,10.146413921225445
K25-003,89,176.0682440173857,177.01628800491045,cruise,True,False,True,True,True,10.048141401775311
K25-003,90,177.01628800491045,177.96433199243523,cruise,True,False,True,True,True,9.950933734802618
K25-003,91,177.96433199243523,178.65625580065893,cruise,True,False,True,True,True,9.880646845002957
K25-003,92,178.65625580065893,179.3481796088826,cruise,True,False,True,True,True,9.81090705451679
K25-003,93,179.3481796088826,179.60429978813517,cruise,True,False,True,True,True,9.785229502766313
K25-003,94,179.60429978813517,179.86041996738777,cruise,True,False,True,True,True,9.759625382074546
K25-003,95,179.86041996738777,180.80846395491255,cruise,True,False,True,True,True,9.665482513607955
K25-003,96,180.80846395491255,181.7565079424373,cruise,True,False,True,True,True,9.572320084910814
K25-003,97,181.7565079424373,182.7045519299621,cruise,True,False,True,True,True,9.480118505252975
K25-003,98,182.7045519299621,183.65259591748688,cruise,True,False,True,True,True,9.388858745014048
K25-003,99,183.65259591748688,184.60063990496315,cruise,True,False,True,True,True,9.298522315372267
K25-003,100,184.60063990496315,185.5486838924394,cruise,True,False,True,True,True,9.209091248805862
K25-003,101,185.5486838924394,186.49672788001268,cruise,True,False,True,True,True,9.120548080464872
K25-003,102,186.49672788001268,187.44477186758596,cruise,True,False,True,True,True,9.03287583031124
K25-003,103,187.44477186758596,188.39281585506222,cruise,True,False,True,True,True,8.946057986008185
K25-003,104,188.39281585506222,189.3408598425385,cruise,True,False,True,True,True,8.860078486530625
K25-003,105,189.3408598425385,190.28890383001476,cruise,True,False,True,True,True,8.774921706411376
K25-003,106,190.28890383001476,191.23694781749103,cruise,True,False,True,True,True,8.690572440691497
K25-003,107,191.23694781749103,192.1849918050643,cruise,True,False,True,True,True,8.607015890487915
K25-003,108,192.1849918050643,193.13303579263757,cruise,True,False,True,True,True,8.524237649095596
K25-003,109,193.13303579263757,194.08107978011384,cruise,True,False,True,True,True,8.442223688696842
K25-003,110,194.08107978011384,195.0291237675901,cruise,True,False,True,True,True,8.360960347608284
K25-003,111,195.0291237675901,195.97716775506638,cruise,True,False,True,True,True,8.280434317985538
K25-003,112,195.97716775506638,196.92521174254264,cruise,True,False,True,True,True,8.200632634136554
K25-003,113,196.92521174254264,197.87325573011591,cruise,True,False,True,True,True,8.121542661140765
K25-003,114,197.87325573011591,198.8212997176892,cruise,True,False,True,True,True,8.043152084064857
K25-003,115,198.8212997176892,199.76934370516545,cruise,True,False,True,True,True,7.9654488975483275
K25-003,116,199.76934370516545,200.71738769264172,cruise,True,False,True,True,True,7.888421395697179
K25-003,117,200.71738769264172,201.66543168011802,cruise,True,False,True,True,True,7.812058162569258
K25-003,118,201.66543168011802,202.6134756675943,cruise,True,False,True,True,True,7.736348062828753
K25-003,119,202.6134756675943,203.56151965516756,cruise,True,False,True,True,True,7.661280232916951
K25-003,120,203.56151965516756,204.50956364274086,cruise,True,False,True,True,True,7.586844072452806
K25-003,121,204.50956364274086,205.45760763021713,cruise,True,False,True,True,True,7.513029236017516
K25-003,122,205.45760763021713,206.4056516176934,cruise,True,False,True,True,True,7.439825625201536
K25-003,123,206.4056516176934,207.3536956051697,cruise,True,False,True,True,True,7.36722338099743
K25-003,124,207.3536956051697,208.30173959264596,cruise,True,False,True,True,True,7.295212876476157
K25-003,125,208.30173959264596,209.24978358021923,cruise,True,False,True,True,True,7.223784709687678
K25-003,126,209.24978358021923,210.19782756779253,cruise,True,False,True,True,True,7.152929696851999
K25-003,127,210.19782756779253,211.1458715552688,cruise,True,False,True,True,True,7.082638865844501
K25-003,128,211.1458715552688,212.09391554274507,cruise,True,False,True,True,True,7.012903449782442
K25-003,129,212.09391554274507,213.04195953022136,cruise,True,False,True,True,True,6.943714881042283
K25-003,130,213.04195953022136,213.99000351769763,cruise,True,False,True,True,True,6.875064785267881
K25-003,131,213.99000351769763,214.9380475052709,cruise,True,False,True,True,True,6.806944975825132
K25-003,132,214.9380475052709,215.8860914928442,cruise,True,False,True,True,True,6.739347448258144
K25-003,133,215.8860914928442,216.8341354803205,cruise,True,False,True,True,True,6.672264375083344
K25-003,134,216.8341354803205,217.78217946779677,cruise,True,False,True,True,True,6.605688100616476
K25-003,135,217.78217946779677,218.73022345527303,cruise,True,False,True,True,True,6.53961113616424
K25-003,136,218.73022345527303,219.6782674427493,cruise,True,False,True,True,True,6.474026155208804
K25-003,137,219.6782674427493,220.62631143032257,cruise,True,False,True,True,True,6.40892598889711
K25-003,138,220.62631143032257,221.57435541789587,cruise,True,False,True,True,True,6.344303621598414
K25-003,139,221.57435541789587,222.52239940537217,cruise,True,False,True,True,True,6.280152186615041
K25-003,140,222.52239940537217,223.47044339284844,cruise,True,False,True,True,True,6.216464962120625
K25-003,141,223.47044339284844,224.4184873803732,cruise,True,False,True,True,True,6.153235367104031
K25-003,142,224.4184873803732,225.36653136789795,cruise,True,False,True,True,True,6.090456957621029
K25-003,143,225.36653136789795,226.3145753554227,cruise,True,False,True,True,True,6.028123422958998
K25-003,144,226.3145753554227,227.2626193429475,cruise,True,False,True,True,True,5.966228582123279
K25-003,145,227.2626193429475,228.21066333042378,cruise,True,False,True,True,True,5.904766380358765
K25-003,146,228.21066333042378,229.15870731790005,cruise,True,False,True,True,True,5.843730885721172
K25-003,147,229.15870731790005,230.1067513054248,cruise,True,False,True,True,True,5.783116285871515
K25-003,148,230.1067513054248,231.05479529294956,cruise,True,False,True,True,True,5.722916884934975
K25-003,149,231.05479529294956,232.00283928047432,cruise,True,False,True,True,True,5.663127100436867
K25-003,150,232.00283928047432,232.9508832679991,cruise,True,False,True,True,True,5.603741460329488
K25-003,151,232.9508832679991,233.8989272554754,cruise,True,False,True,True,True,5.544754600182799
K25-003,152,233.8989272554754,234.84697124295167,cruise,True,False,True,True,True,5.486161260394965
K25-003,153,234.84697124295167,235.79501523047642,cruise,True,False,True,True,True,5.427956283483226
K25-003,154,235.79501523047642,236.7430592180012,cruise,True,False,True,True,True,5.370134611573107
K25-003,155,236.7430592180012,237.69110320552596,cruise,True,False,True,True,True,5.312691283784744
K25-003,156,237.69110320552596,238.63914719305072,cruise,True,False,True,True,True,5.255621433842961
K25-003,157,238.63914719305072,239.58719118052701,cruise,True,False,True,True,True,5.198920287752486
K25-003,158,239.58719118052701,240.53523516800328,cruise,True,False,True,True,True,5.142583161449366
K25-003,159,240.53523516800328,241.48327915552804,cruise,True,False,True,True,True,5.08660545858865
K25-003,160,241.48327915552804,242.43132314305282,cruise,True,False,True,True,True,5.030982668436991
K25-003,161,242.43132314305282,243.37936713057758,cruise,True,False,True,True,True,4.975710363725483
K25-003,162,243.37936713057758,244.32741111810233,cruise,True,False,True,True,True,4.920784198676799
K25-003,163,244.32741111810233,245.27545510557863,cruise,True,False,True,True,True,4.86619990701719
K25-003,164,245.27545510557863,246.2234990930549,cruise,True,False,True,True,True,4.811953300049424
K25-003,165,246.2234990930549,247.17154308057965,cruise,True,False,True,True,True,4.758040264844922
K25-003,166,247.17154308057965,248.11958706810444,cruise,True,False,True,True,True,4.704456762418843
K25-003,167,248.11958706810444,249.0676310556292,cruise,True,False,True,True,True,4.651198826000325
K25-003,168,249.0676310556292,250.01567504315395,cruise,True,False,True,True,True,4.598262559304246
K25-003,169,250.01567504315395,250.96371903063024,cruise,True,False,True,True,True,4.545644134963084
K25-003,170,250.96371903063024,251.9117630181065,cruise,True,False,True,True,True,4.493339792832288
K25-003,171,251.9117630181065,252.6556475026631,cruise,True,False,True,True,True,4.45251659931732
K25-003,172,252.6556475026631,253.3995319872197,cruise,True,False,True,True,True,4.411882746655479
K25-003,173,253.3995319872197,253.60369149018788,cruise,True,False,True,True,True,4.400763646466714
K25-003,174,253.60369149018788,253.80785099315605,cruise,True,False,True,True,True,4.389658641824795
K25-003,175,253.80785099315605,254.75589498068084,cruise,True,False,True,True,True,4.338274635302895
K25-003,176,254.75589498068084,255.7039389682056,cruise,True,False,True,True,True,4.287190312832109
K25-003,177,255.7039389682056,256.65198295568183,cruise,True,False,True,True,True,4.236402228233203
K25-003,178,256.65198295568183,257.60002694315807,cruise,True,False,True,True,True,4.185906993898826
K25-003,179,257.60002694315807,258.54807093073134,cruise,True,False,True,True,True,4.135701279518159
K25-003,180,258.54807093073134,259.4961149183046,cruise,True,False,True,True,True,4.085781810810246
K25-003,181,259.4961149183046,260.4441589057809,cruise,True,False,True,True,True,4.036145368233832
K25-003,182,260.4441589057809,261.39220289325715,cruise,True,False,True,True,True,3.9867887858287077
K25-003,183,261.39220289325715,262.3402468807334,cruise,True,False,True,True,True,3.9377089500250406
K25-003,184,262.3402468807334,263.28829086820963,cruise,True,False,True,True,True,3.8889027985220253
K25-003,185,263.28829086820963,264.2363348557829,cruise,True,False,True,True,True,3.840367319159526
K25-003,186,264.2363348557829,265.18437884335617,cruise,True,False,True,True,True,3.7920995488377685
K25-003,187,265.18437884335617,266.13242283083247,cruise,True,False,True,True,True,3.7440965724982505
K25-003,188,266.13242283083247,267.0804668183087,cruise,True,False,True,True,True,3.696355522036498
K25-003,189,267.0804668183087,268.02851080578495,cruise,True,False,True,True,True,3.648873575375177
K25-003,190,268.02851080578495,268.97655479326124,cruise,True,False,True,True,True,3.601647955443312
K25-003,191,268.97655479326124,269.9245987808345,cruise,True,False,True,True,True,3.554675929249669
K25-003,192,269.9245987808345,270.8726427684078,cruise,True,False,True,True,True,3.50795480697424
K25-003,193,270.8726427684078,271.8206867558841,cruise,True,False,True,True,True,3.4614819410526962
K25-003,194,271.8206867558841,272.7687307433603,cruise,True,False,True,True,True,3.4152547253083583
K25-003,195,272.7687307433603,273.71677473083656,cruise,True,False,True,True,True,3.369270594106524
K25-003,196,273.71677473083656,274.66481871831286,cruise,True,False,True,True,True,3.323527021500041
K25-003,197,274.66481871831286,275.61286270588613,cruise,True,False,True,True,True,3.278021520462545
K25-003,198,275.61286270588613,276.5609066934594,cruise,True,False,True,True,True,3.2327516420454714
K25-003,199,276.5609066934594,277.5089506809357,cruise,True,False,True,True,True,3.187714974674577
K25-003,200,277.5089506809357,278.45699466841194,cruise,True,False,True,True,True,3.1429091433464293
K25-003,201,278.45699466841194,279.4050386558882,cruise,True,False,True,True,True,3.0983318089033105
K25-003,202,279.4050386558882,280.3530826433645,cruise,True,False,True,True,True,3.0539806673550487
K25-003,203,280.3530826433645,281.30112663093774,cruise,True,False,True,True,True,3.0098534491365
K25-003,204,281.30112663093774,282.249170618511,cruise,True,False,True,True,True,2.9659479184638258
K25-003,205,282.249170618511,283.1972146059873,cruise,True,False,True,True,True,2.9222618726776375
K25-003,206,283.1972146059873,284.14525859346355,cruise,True,False,True,True,True,2.8787931415510855
K25-003,207,284.14525859346355,285.0933025809398,cruise,True,False,True,True,True,2.8355395866992126
K25-003,208,285.0933025809398,286.0413465684161,cruise,True,False,True,True,True,2.7924991009467703
K25-003,209,286.0413465684161,286.98939055598936,cruise,True,False,True,True,True,2.7496696077382694
K25-003,210,286.98939055598936,287.93743454356263,cruise,True,False,True,True,True,2.707049060557452
K25-003,211,287.93743454356263,288.88547853103887,cruise,True,False,True,True,True,2.6646354423317717
K25-003,212,288.88547853103887,289.8335225185151,cruise,True,False,True,True,True,2.6224267648739215
K25-003,213,289.8335225185151,290.78156650599135,cruise,True,False,True,True,True,2.5804210683689206
K25-003,214,290.78156650599135,291.72961049346765,cruise,True,False,True,True,True,2.538616420802086
K25-003,215,291.72961049346765,292.6776544810409,cruise,True,False,True,True,True,2.497010917454901
K25-003,216,292.6776544810409,293.6256984686142,cruise,True,False,True,True,True,2.4556026804018387
K25-003,217,293.6256984686142,294.57374245609043,cruise,True,False,True,True,True,2.414389858023654
K25-003,218,294.57374245609043,295.52178644356667,cruise,True,False,True,True,True,2.3733706244733668
K25-003,219,295.52178644356667,296.46983043109145,cruise,True,False,True,True,True,2.3325431792557083
K25-003,220,296.46983043109145,297.41787441861624,cruise,True,False,True,True,True,2.2919057467363757
K25-003,221,297.41787441861624,298.365918406141,cruise,True,False,True,True,True,2.251456575694064
K25-003,222,298.365918406141,299.3139623936658,cruise,True,False,True,True,True,2.2111939388829853
K25-003,223,299.3139623936658,300.26200638114204,cruise,True,False,True,True,True,2.17111613258362
K25-003,224,300.26200638114204,301.21005036861834,cruise,True,False,True,True,True,2.1312214761902197
K25-003,225,301.21005036861834,302.1580943561431,cruise,True,False,True,True,True,2.0915083118070896
K25-003,226,302.1580943561431,303.1061383436679,cruise,True,False,True,True,True,2.051975003828076
K25-003,227,303.1061383436679,304.0541823311927,cruise,True,False,True,True,True,2.01261993855114
K25-003,228,304.0541823311927,305.0022263187175,cruise,True,False,True,True,True,1.9734415237654588
K25-003,229,305.0022263187175,305.9502703061937,cruise,True,False,True,True,True,1.9344381884241386
K25-003,230,305.9502703061937,306.89831429367,cruise,True,False,True,True,True,1.8956083822324956
K25-003,231,306.89831429367,307.162856487959,cruise,True,False,True,True,True,1.8848040717797403
K25-003,232,307.162856487959,307.427398682248,cruise,True,False,True,True,True,1.87401312067432
K25-003,233,307.427398682248,333.07631835998234,descent,True,False,True,True,True,1.87401312067432
K25-003,234,333.07631835998234,729.0763183599823,handoff,True,False,True,True,True,1.8824688650781525
K25-003,235,729.0763183599823,749.5954541021698,return_climb,True,False,True,True,True,1.87401312067432
K25-003,236,749.5954541021698,749.8599962964588,return_cruise,True,False,True,True,True,1.87401312067432
K25-003,237,749.8599962964588,750.1245384907478,return_cruise,True,False,True,True,True,1.884804071774667
K25-003,238,750.1245384907478,751.072582478224,return_cruise,True,False,True,True,True,1.8956083822324956
K25-003,239,751.072582478224,752.0206264657003,return_cruise,True,False,True,True,True,1.9344381884241386
K25-003,240,752.0206264657003,752.9686704532251,return_cruise,True,False,True,True,True,1.9734415237654588
K25-003,241,752.9686704532251,753.9167144407498,return_cruise,True,False,True,True,True,2.0126199385408654
K25-003,242,753.9167144407498,754.8647584282746,return_cruise,True,False,True,True,True,2.051975003828076
K25-003,243,754.8647584282746,755.8128024157994,return_cruise,True,False,True,True,True,2.0915083118070896
K25-003,244,755.8128024157994,756.7608464032757,return_cruise,True,False,True,True,True,2.1312214761902197
K25-003,245,756.7608464032757,757.7088903907519,return_cruise,True,False,True,True,True,2.17111613258362
K25-003,246,757.7088903907519,758.6569343782767,return_cruise,True,False,True,True,True,2.2111939388829853
K25-003,247,758.6569343782767,759.6049783658015,return_cruise,True,False,True,True,True,2.251456575694064
K25-003,248,759.6049783658015,760.5530223533262,return_cruise,True,False,True,True,True,2.2919057467363757
K25-003,249,760.5530223533262,761.501066340851,return_cruise,True,False,True,True,True,2.3325431792557083
K25-003,250,761.501066340851,762.4491103283273,return_cruise,True,False,True,True,True,2.3733706244733668
K25-003,251,762.4491103283273,763.3971543158035,return_cruise,True,False,True,True,True,2.414389858023654
K25-003,252,763.3971543158035,764.3451983033767,return_cruise,True,False,True,True,True,2.4556026804018387
K25-003,253,764.3451983033767,765.29324229095,return_cruise,True,False,True,True,True,2.497010917454901
K25-003,254,765.29324229095,766.2412862784263,return_cruise,True,False,True,True,True,2.538616420802086
K25-003,255,766.2412862784263,767.1893302659025,return_cruise,True,False,True,True,True,2.5804210683689206
K25-003,256,767.1893302659025,768.1373742533788,return_cruise,True,False,True,True,True,2.6224267648739215
K25-003,257,768.1373742533788,769.085418240855,return_cruise,True,False,True,True,True,2.6646354423317717
K25-003,258,769.085418240855,770.0334622284282,return_cruise,True,False,True,True,True,2.707049060557452
K25-003,259,770.0334622284282,770.9815062160015,return_cruise,True,False,True,True,True,2.7496696077382694
K25-003,260,770.9815062160015,771.9295502034778,return_cruise,True,False,True,True,True,2.7924991009467703
K25-003,261,771.9295502034778,772.877594190954,return_cruise,True,False,True,True,True,2.8355395866992126
K25-003,262,772.877594190954,773.8256381784303,return_cruise,True,False,True,True,True,2.8787931415510855
K25-003,263,773.8256381784303,774.7736821659065,return_cruise,True,False,True,True,True,2.9222618726776375
K25-003,264,774.7736821659065,775.7217261534797,return_cruise,True,False,True,True,True,2.9659479184638258
K25-003,265,775.7217261534797,776.6697701410529,return_cruise,True,False,True,True,True,3.0098534491365
K25-003,266,776.6697701410529,777.6178141285292,return_cruise,True,False,True,True,True,3.0539806673550487
K25-003,267,777.6178141285292,778.5658581160054,return_cruise,True,False,True,True,True,3.0983318089033105
K25-003,268,778.5658581160054,779.5139021034817,return_cruise,True,False,True,True,True,3.1429091433464293
K25-003,269,779.5139021034817,780.4619460909579,return_cruise,True,False,True,True,True,3.187714974674577
K25-003,270,780.4619460909579,781.4099900785311,return_cruise,True,False,True,True,True,3.2327516420454714
K25-003,271,781.4099900785311,782.3580340661043,return_cruise,True,False,True,True,True,3.278021520462545
K25-003,272,782.3580340661043,783.3060780535806,return_cruise,True,False,True,True,True,3.323527021500041
K25-003,273,783.3060780535806,784.2541220410568,return_cruise,True,False,True,True,True,3.369270594106524
K25-003,274,784.2541220410568,785.202166028533,return_cruise,True,False,True,True,True,3.4152547253083583
K25-003,275,785.202166028533,786.1502100160093,return_cruise,True,False,True,True,True,3.4614819410526962
K25-003,276,786.1502100160093,787.0982540035825,return_cruise,True,False,True,True,True,3.50795480697424
K25-003,277,787.0982540035825,788.0462979911557,return_cruise,True,False,True,True,True,3.554675929249669
K25-003,278,788.0462979911557,788.994341978632,return_cruise,True,False,True,True,True,3.601647955443312
K25-003,279,788.994341978632,789.9423859661082,return_cruise,True,False,True,True,True,3.648873575375177
K25-003,280,789.9423859661082,790.8904299535844,return_cruise,True,False,True,True,True,3.696355522036498
K25-003,281,790.8904299535844,791.8384739410607,return_cruise,True,False,True,True,True,3.7440965724982505
K25-003,282,791.8384739410607,792.786517928634,return_cruise,True,False,True,True,True,3.7920995488377685
K25-003,283,792.786517928634,793.7345619162072,return_cruise,True,False,True,True,True,3.840367319159526
K25-003,284,793.7345619162072,794.6826059036835,return_cruise,True,False,True,True,True,3.8889027985220253
K25-003,285,794.6826059036835,795.6306498911597,return_cruise,True,False,True,True,True,3.937708950025055
K25-003,286,795.6306498911597,796.5786938786359,return_cruise,True,False,True,True,True,3.9867887858287077
K25-003,287,796.5786938786359,797.5267378661122,return_cruise,True,False,True,True,True,4.036145368233832
K25-003,288,797.5267378661122,798.4747818536855,return_cruise,True,False,True,True,True,4.085781810810246
K25-003,289,798.4747818536855,799.4228258412587,return_cruise,True,False,True,True,True,4.135701279518159
K25-003,290,799.4228258412587,800.370869828735,return_cruise,True,False,True,True,True,4.185906993898826
K25-003,291,800.370869828735,801.3189138162112,return_cruise,True,False,True,True,True,4.236402228233203
K25-003,292,801.3189138162112,802.266957803736,return_cruise,True,False,True,True,True,4.287190312832109
K25-003,293,802.266957803736,803.2150017912608,return_cruise,True,False,True,True,True,4.338274635302895
K25-003,294,803.2150017912608,803.419161294229,return_cruise,True,False,True,True,True,4.389658641824795
K25-003,295,803.419161294229,803.6233207971972,return_cruise,True,False,True,True,True,4.400763646466714
K25-003,296,803.6233207971972,804.3672052817537,return_cruise,True,False,True,True,True,4.411882746655479
K25-003,297,804.3672052817537,805.1110897663103,return_cruise,True,False,True,True,True,4.45251659931732
K25-003,298,805.1110897663103,806.0591337537866,return_cruise,True,False,True,True,True,4.493339792832288
K25-003,299,806.0591337537866,807.0071777412628,return_cruise,True,False,True,True,True,4.545644134963084
K25-003,300,807.0071777412628,807.9552217287876,return_cruise,True,False,True,True,True,4.598262559304246
K25-003,301,807.9552217287876,808.9032657163124,return_cruise,True,False,True,True,True,4.651198826000325
K25-003,302,808.9032657163124,809.8513097038372,return_cruise,True,False,True,True,True,4.704456762418843
K25-003,303,809.8513097038372,810.799353691362,return_cruise,True,False,True,True,True,4.758040264851957
K25-003,304,810.799353691362,811.7473976788382,return_cruise,True,False,True,True,True,4.811953300049424
K25-003,305,811.7473976788382,812.6954416663144,return_cruise,True,False,True,True,True,4.86619990701719
K25-003,306,812.6954416663144,813.6434856538392,return_cruise,True,False,True,True,True,4.920784198676799
K25-003,307,813.6434856538392,814.591529641364,return_cruise,True,False,True,True,True,4.975710363725483
K25-003,308,814.591529641364,815.5395736288888,return_cruise,True,False,True,True,True,5.030982668436991
K25-003,309,815.5395736288888,816.4876176164136,return_cruise,True,False,True,True,True,5.08660545858865
K25-003,310,816.4876176164136,817.4356616038898,return_cruise,True,False,True,True,True,5.142583161449366
K25-003,311,817.4356616038898,818.383705591366,return_cruise,True,False,True,True,True,5.1989202877525
K25-003,312,818.383705591366,819.3317495788908,return_cruise,True,False,True,True,True,5.255621433842961
K25-003,313,819.3317495788908,820.2797935664156,return_cruise,True,False,True,True,True,5.312691283784744
K25-003,314,820.2797935664156,821.2278375539404,return_cruise,True,False,True,True,True,5.370134611573107
K25-003,315,821.2278375539404,822.1758815414652,return_cruise,True,False,True,True,True,5.427956283483226
K25-003,316,822.1758815414652,823.1239255289414,return_cruise,True,False,True,True,True,5.486161260394965
K25-003,317,823.1239255289414,824.0719695164177,return_cruise,True,False,True,True,True,5.544754600182799
K25-003,318,824.0719695164177,825.0200135039424,return_cruise,True,False,True,True,True,5.603741460329488
K25-003,319,825.0200135039424,825.9680574914672,return_cruise,True,False,True,True,True,5.663127100436867
K25-003,320,825.9680574914672,826.916101478992,return_cruise,True,False,True,True,True,5.722916884934975
K25-003,321,826.916101478992,827.8641454665168,return_cruise,True,False,True,True,True,5.783116285871515
K25-003,322,827.8641454665168,828.812189453993,return_cruise,True,False,True,True,True,5.843730885721172
K25-003,323,828.812189453993,829.7602334414693,return_cruise,True,False,True,True,True,5.904766380358765
K25-003,324,829.7602334414693,830.708277428994,return_cruise,True,False,True,True,True,5.966228582123279
K25-003,325,830.708277428994,831.6563214165188,return_cruise,True,False,True,True,True,6.028123422958998
K25-003,326,831.6563214165188,832.6043654040436,return_cruise,True,False,True,True,True,6.090456957621029
K25-003,327,832.6043654040436,833.5524093915684,return_cruise,True,False,True,True,True,6.153235367104031
K25-003,328,833.5524093915684,834.5004533790446,return_cruise,True,False,True,True,True,6.216464962120625
K25-003,329,834.5004533790446,835.4484973665209,return_cruise,True,False,True,True,True,6.280152186615041
K25-003,330,835.4484973665209,836.3965413540942,return_cruise,True,False,True,True,True,6.344303621598414
K25-003,331,836.3965413540942,837.3445853416674,return_cruise,True,False,True,True,True,6.40892598889711
K25-003,332,837.3445853416674,838.2926293291437,return_cruise,True,False,True,True,True,6.474026155208804
K25-003,333,838.2926293291437,839.2406733166199,return_cruise,True,False,True,True,True,6.53961113616424
K25-003,334,839.2406733166199,840.1887173040961,return_cruise,True,False,True,True,True,6.605688100616476
K25-003,335,840.1887173040961,841.1367612915724,return_cruise,True,False,True,True,True,6.672264375083344
K25-003,336,841.1367612915724,842.0848052791457,return_cruise,True,False,True,True,True,6.739347448258144
K25-003,337,842.0848052791457,843.0328492667189,return_cruise,True,False,True,True,True,6.806944975825132
K25-003,338,843.0328492667189,843.9808932541952,return_cruise,True,False,True,True,True,6.875064785267881
K25-003,339,843.9808932541952,844.9289372416714,return_cruise,True,False,True,True,True,6.943714881042283
K25-003,340,844.9289372416714,845.8769812291476,return_cruise,True,False,True,True,True,7.012903449782442
K25-003,341,845.8769812291476,846.8250252166239,return_cruise,True,False,True,True,True,7.082638865844501
K25-003,342,846.8250252166239,847.7730692041972,return_cruise,True,False,True,True,True,7.152929696851999
K25-003,343,847.7730692041972,848.7211131917704,return_cruise,True,False,True,True,True,7.223784709687678
K25-003,344,848.7211131917704,849.6691571792467,return_cruise,True,False,True,True,True,7.295212876476157
K25-003,345,849.6691571792467,850.6172011667229,return_cruise,True,False,True,True,True,7.36722338099743
K25-003,346,850.6172011667229,851.5652451541991,return_cruise,True,False,True,True,True,7.439825625201536
K25-003,347,851.5652451541991,852.5132891416754,return_cruise,True,False,True,True,True,7.513029236017516
K25-003,348,852.5132891416754,853.4613331292487,return_cruise,True,False,True,True,True,7.586844072452806
K25-003,349,853.4613331292487,854.4093771168219,return_cruise,True,False,True,True,True,7.661280232916951
K25-003,350,854.4093771168219,855.3574211042982,return_cruise,True,False,True,True,True,7.736348062828753
K25-003,351,855.3574211042982,856.3054650917744,return_cruise,True,False,True,True,True,7.812058162569258
K25-003,352,856.3054650917744,857.2535090792506,return_cruise,True,False,True,True,True,7.888421395697179
K25-003,353,857.2535090792506,858.2015530667269,return_cruise,True,False,True,True,True,7.9654488975483275
K25-003,354,858.2015530667269,859.1495970543002,return_cruise,True,False,True,True,True,8.043152084064857
K25-003,355,859.1495970543002,860.0976410418734,return_cruise,True,False,True,True,True,8.121542661140765
K25-003,356,860.0976410418734,861.0456850293497,return_cruise,True,False,True,True,True,8.200632634136554
K25-003,357,861.0456850293497,861.9937290168259,return_cruise,True,False,True,True,True,8.280434317985538
K25-003,358,861.9937290168259,862.9417730043021,return_cruise,True,False,True,True,True,8.360960347608284
K25-003,359,862.9417730043021,863.8898169917784,return_cruise,True,False,True,True,True,8.442223688696842
K25-003,360,863.8898169917784,864.8378609793517,return_cruise,True,False,True,True,True,8.524237649095596
K25-003,361,864.8378609793517,865.785904966925,return_cruise,True,False,True,True,True,8.607015890487915
K25-003,362,865.785904966925,866.7339489544013,return_cruise,True,False,True,True,True,8.690572440691497
K25-003,363,866.7339489544013,867.6819929418775,return_cruise,True,False,True,True,True,8.774921706411376
K25-003,364,867.6819929418775,868.6300369293538,return_cruise,True,False,True,True,True,8.860078486530625
K25-003,365,868.6300369293538,869.57808091683,return_cruise,True,False,True,True,True,8.946057986008185
K25-003,366,869.57808091683,870.5261249044032,return_cruise,True,False,True,True,True,9.03287583031124
K25-003,367,870.5261249044032,871.4741688919765,return_cruise,True,False,True,True,True,9.120548080464872
K25-003,368,871.4741688919765,872.4222128794528,return_cruise,True,False,True,True,True,9.209091248805862
K25-003,369,872.4222128794528,873.370256866929,return_cruise,True,False,True,True,True,9.298522315372267
K25-003,370,873.370256866929,874.3183008544538,return_cruise,True,False,True,True,True,9.388858745014048
K25-003,371,874.3183008544538,875.2663448419786,return_cruise,True,False,True,True,True,9.480118505252975
K25-003,372,875.2663448419786,876.2143888295034,return_cruise,True,False,True,True,True,9.572320084910814
K25-003,373,876.2143888295034,877.1624328170282,return_cruise,True,False,True,True,True,9.665482513607955
K25-003,374,877.1624328170282,877.4185529962807,return_cruise,True,False,True,True,True,9.759625382074546
K25-003,375,877.4185529962807,877.6746731755333,return_cruise,True,False,True,True,True,9.785229502766313
K25-003,376,877.6746731755333,878.366596983757,return_cruise,True,False,True,True,True,9.81090705451679
K25-003,377,878.366596983757,879.0585207919806,return_cruise,True,False,True,True,True,9.880646845002957
K25-003,378,879.0585207919806,880.0065647795054,return_cruise,True,False,True,True,True,9.950933734802618
K25-003,379,880.0065647795054,880.9546087670302,return_cruise,True,False,True,True,True,10.048141401775311
K25-003,380,880.9546087670302,881.902652754555,return_cruise,True,False,True,True,True,10.146413921225445
K25-003,381,881.902652754555,882.8506967420798,return_cruise,True,False,True,True,True,10.24577402729686
K25-003,382,882.8506967420798,883.798740729556,return_cruise,True,False,True,True,True,10.346245157734998
K25-003,383,883.798740729556,884.7467847170323,return_cruise,True,False,True,True,True,10.447851481415398
K25-003,384,884.7467847170323,885.694828704557,return_cruise,True,False,True,True,True,10.550617927300905
K25-003,385,885.694828704557,886.6428726920818,return_cruise,True,False,True,True,True,10.654570214590478
K25-003,386,886.6428726920818,887.5909166796066,return_cruise,True,False,True,True,True,10.759734884172786
K25-003,387,887.5909166796066,888.5389606671314,return_cruise,True,False,True,True,True,10.866139331698221
K25-003,388,888.5389606671314,889.4870046546076,return_cruise,True,False,True,True,True,10.973811842031864
K25-003,389,889.4870046546076,890.4350486420839,return_cruise,True,False,True,True,True,11.08278162511509
K25-003,390,890.4350486420839,891.3830926296087,return_cruise,True,False,True,True,True,11.193078853781671
K25-003,391,891.3830926296087,892.3311366171334,return_cruise,True,False,True,True,True,11.304734702886947
K25-003,392,892.3311366171334,893.2791806046582,return_cruise,True,False,True,True,True,11.417781390467965
K25-003,393,893.2791806046582,894.227224592183,return_cruise,True,False,True,True,True,11.532252220556302
K25-003,394,894.227224592183,895.1752685796592,return_cruise,True,False,True,True,True,11.648181627875204
K25-003,395,895.1752685796592,896.1233125671355,return_cruise,True,False,True,True,True,11.765605224543307
K25-003,396,896.1233125671355,897.0713565546603,return_cruise,True,False,True,True,True,11.884559848693016
K25-003,397,897.0713565546603,898.019400542185,return_cruise,True,False,True,True,True,12.005083615233815
K25-003,398,898.019400542185,898.9674445297098,return_cruise,True,False,True,True,True,12.127215968463616
K25-003,399,898.9674445297098,899.9154885172346,return_cruise,True,False,True,True,True,12.25099773709124
K25-003,400,899.9154885172346,900.8635325047109,return_cruise,True,False,True,True,True,12.37647119124108
K25-003,401,900.8635325047109,901.8115764921871,return_cruise,True,False,True,True,True,12.503680101513481
K25-003,402,901.8115764921871,902.7596204797119,return_cruise,True,False,True,True,True,12.632669800400976
K25-003,403,902.7596204797119,903.7076644672367,return_cruise,True,False,True,True,True,12.7634872455437
K25-003,404,903.7076644672367,904.6557084547615,return_cruise,True,False,True,True,True,12.89618108516541
K25-003,405,904.6557084547615,905.6037524422862,return_cruise,True,False,True,True,True,13.030801725423345
K25-003,406,905.6037524422862,906.5517964297625,return_cruise,True,False,True,True,True,13.167401399372295
K25-003,407,906.5517964297625,907.4998404172387,return_cruise,True,False,True,True,True,13.306034237535954
K25-003,408,907.4998404172387,908.4478844048119,return_cruise,True,False,True,True,True,13.44675633991011
K25-003,409,908.4478844048119,909.3959283923853,return_cruise,True,False,True,True,True,13.589625848611092
K25-003,410,909.3959283923853,910.3439723798615,return_cruise,True,False,True,True,True,13.734703021048531
K25-003,411,910.3439723798615,911.2920163673377,return_cruise,True,False,True,True,True,13.882050303015603
K25-003,412,911.2920163673377,912.240060354814,return_cruise,True,False,True,True,True,14.031732400796983
K25-003,413,912.240060354814,913.1881043422902,return_cruise,True,False,True,True,True,14.183816351580717
K25-003,414,913.1881043422902,914.1361483298634,return_cruise,True,False,True,True,True,14.338371590727277
K25-003,415,914.1361483298634,915.0841923174368,return_cruise,True,False,True,True,True,14.495470014886948
K25-003,416,915.0841923174368,916.032236304913,return_cruise,True,False,True,True,True,14.655186038953829
K25-003,417,916.032236304913,916.9802802923892,return_cruise,True,False,True,True,True,14.817596644849772
K25-003,418,916.9802802923892,917.9283242798655,return_cruise,True,False,True,True,True,14.982781419680109
K25-003,419,917.9283242798655,918.8763682673417,return_cruise,True,False,True,True,True,15.150822579792418
K25-003,420,918.8763682673417,919.8244122549149,return_cruise,True,False,True,True,True,15.32180497749323
K25-003,421,919.8244122549149,920.7724562424883,return_cruise,True,False,True,True,True,15.4958160851495
K25-003,422,920.7724562424883,921.7205002299645,return_cruise,True,False,True,True,True,15.672945951637729
K25-003,423,921.7205002299645,922.6685442174407,return_cruise,True,False,True,True,True,15.853287123982383
K25-003,424,922.6685442174407,923.616588204917,return_cruise,True,False,True,True,True,16.036934526048057
K25-003,425,923.616588204917,924.5646321923932,return_cruise,True,False,True,True,True,16.22398528439244
K25-003,426,924.5646321923932,925.5126761799664,return_cruise,True,False,True,True,True,16.41453848896782
K25-003,427,925.5126761799664,926.4607201675398,return_cruise,True,False,True,True,True,16.608694874135324
K25-003,428,926.4607201675398,927.408764155016,return_cruise,True,False,True,True,True,16.806556402420654
K25-003,429,927.408764155016,928.3568081424922,return_cruise,True,False,True,True,True,17.00822572915746
K25-003,430,928.3568081424922,929.3048521299685,return_cruise,True,False,True,True,True,17.213805522751883
K25-003,431,929.3048521299685,930.2528961174447,return_cruise,True,False,True,True,True,17.423397608286024
K25-003,432,930.2528961174447,931.2009401050179,return_cruise,True,False,True,True,True,17.637101897484442
K25-003,433,931.2009401050179,932.1489840925913,return_cruise,True,False,True,True,True,17.85501505897922
K25-003,434,932.1489840925913,933.0970280800675,return_cruise,True,False,True,True,True,18.077228873815486
K25-003,435,933.0970280800675,934.0450720675437,return_cruise,True,False,True,True,True,18.303828209969666
K25-003,436,934.0450720675437,934.99311605502,return_cruise,True,False,True,True,True,18.534888537321137
K25-003,437,934.99311605502,935.9411600424962,return_cruise,True,False,True,True,True,18.77047288696295
K25-003,438,935.9411600424962,936.8892040300695,return_cruise,True,False,True,True,True,19.010628143383457
K25-003,439,936.8892040300695,937.8372480176428,return_cruise,True,False,True,True,True,19.255380534926047
K25-003,440,937.8372480176428,938.785292005119,return_cruise,True,False,True,True,True,19.504730166623034
K25-003,441,938.785292005119,939.7333359925952,return_cruise,True,False,True,True,True,19.758644412405786
K25-003,442,939.7333359925952,940.6813799800715,return_cruise,True,False,True,True,True,20.01704995869713
K25-003,443,940.6813799800715,941.6294239675477,return_cruise,True,False,True,True,True,20.27982326216329
K25-003,444,941.6294239675477,942.5774679551209,return_cruise,True,False,True,True,True,20.546779165050765
K25-003,445,942.5774679551209,943.5255119426942,return_cruise,True,False,True,True,True,20.817657392882836
K25-003,446,943.5255119426942,944.4735559301704,return_cruise,True,False,True,True,True,21.09210666277862
K25-003,447,944.4735559301704,945.4215999176466,return_cruise,True,False,True,True,True,21.369666155986394
K25-003,448,945.4215999176466,946.3696439051714,return_cruise,True,False,True,True,True,21.64974417972404
K25-003,449,946.3696439051714,947.3176878926962,return_cruise,True,False,True,True,True,21.93159397501792
K25-003,450,947.3176878926962,948.265731880221,return_cruise,True,False,True,True,True,22.214286855987254
K25-003,451,948.265731880221,949.2137758677458,return_cruise,True,False,True,True,True,22.49668321730978
K25-003,452,949.2137758677458,950.161819855222,return_cruise,True,False,True,True,True,22.77740246440665
K25-003,453,950.161819855222,951.1098638426982,return_cruise,True,False,True,True,True,23.054793638189352
K25-003,454,951.1098638426982,951.4179446982837,return_cruise,True,False,True,True,True,23.326909434706636
K25-003,455,951.4179446982837,951.7260255538691,return_cruise,True,False,True,True,True,23.4138333805883
K25-003,456,951.7260255538691,952.3659886858084,return_cruise,True,False,True,True,True,23.499878895114364
K25-003,457,952.3659886858084,953.0059518177477,return_cruise,True,False,True,True,True,23.675421027726046
K25-003,458,953.0059518177477,953.9539958052725,return_cruise,True,False,True,True,True,23.845943629993883
K25-003,459,953.9539958052725,954.9020397927973,return_cruise,True,False,True,True,True,24.08738420525617
K25-003,460,954.9020397927973,955.8500837802735,return_cruise,True,False,True,True,True,24.312642588451297
K25-003,461,955.8500837802735,956.7981277677497,return_cruise,True,False,True,True,True,24.518347871317232
K25-003,462,956.7981277677497,957.7461717552745,return_cruise,True,False,True,True,True,24.701029248156885
K25-003,463,957.7461717552745,958.6942157427993,return_cruise,True,False,True,True,True,24.857257018509912
K25-003,464,958.6942157427993,959.6422597303241,return_cruise,True,False,True,True,True,24.98381485704637
K25-003,465,959.6422597303241,960.5903037178489,return_cruise,True,False,True,True,True,25.077890795887342
K25-003,466,960.5903037178489,961.1270103800381,return_cruise,True,False,True,True,True,25.13726732750301
K25-003,467,961.1270103800381,961.6637170422273,return_cruise,True,False,True,True,True,25.154911169755295
K25-003,468,961.6637170422273,1080.8626367199618,return_descent,True,False,True,True,True,25.16080841557533
K25-010,0,1560.8626367199668,1669.078303223873,climb,True,False,True,True,True,23.968262608738186
K25-010,1,1669.078303223873,1669.9739161133732,cruise,True,False,True,True,True,23.955793579493374
K25-010,2,1669.9739161133732,1670.8695290028734,cruise,True,False,True,True,True,23.918599862438654
K25-010,3,1670.8695290028734,1671.9039629246822,cruise,True,False,True,True,True,23.845712590674523
K25-010,4,1671.9039629246822,1672.938396846491,cruise,True,False,True,True,True,23.74228602982923
K25-010,5,1672.938396846491,1673.9728307683,cruise,True,False,True,True,True,23.61047528280035
K25-010,6,1673.9728307683,1675.0072646901087,cruise,True,False,True,True,True,23.452858591525114
K25-010,7,1675.0072646901087,1676.0416986119044,cruise,True,False,True,True,True,23.272286610578902
K25-010,8,1676.0416986119044,1677.0761325337,cruise,True,False,True,True,True,23.071737007822676
K25-010,9,1677.0761325337,1677.3284244213444,cruise,True,False,True,True,True,23.020133153604334
K25-010,10,1677.3284244213444,1677.5807163089887,cruise,True,False,True,True,True,22.967561071913366
K25-010,11,1677.5807163089887,1678.3628583431664,cruise,True,False,True,True,True,22.79887799178219
K25-010,12,1678.3628583431664,1679.145000377344,cruise,True,False,True,True,True,22.622508487294652
K25-010,13,1679.145000377344,1680.1794342991398,cruise,True,False,True,True,True,22.379396204804266
K25-010,14,1680.1794342991398,1681.2138682209354,cruise,True,False,True,True,True,22.127314675959468
K25-010,15,1681.2138682209354,1682.248302142731,cruise,True,False,True,True,True,21.86847358480128
K25-010,16,1682.248302142731,1683.2827360645267,cruise,True,False,True,True,True,21.604819123314243
K25-010,17,1683.2827360645267,1684.3171699863487,cruise,True,False,True,True,True,21.338039177943514
K25-010,18,1684.3171699863487,1685.3516039081708,cruise,True,False,True,True,True,21.069577660879048
K25-010,19,1685.3516039081708,1686.3860378299664,cruise,True,False,True,True,True,20.800654400016754
K25-010,20,1686.3860378299664,1687.420471751762,cruise,True,False,True,True,True,20.53228781707061
K25-010,21,1687.420471751762,1688.454905673571,cruise,True,False,True,True,True,20.26531838808164
K25-010,22,1688.454905673571,1689.4893395953798,cruise,True,False,True,True,True,20.00043152859668
K25-010,23,1689.4893395953798,1690.5237735171886,cruise,True,False,True,True,True,19.738179055467015
K25-010,24,1690.5237735171886,1691.5582074389974,cruise,True,False,True,True,True,19.478998757798735
K25-010,25,1691.5582074389974,1692.592641360793,cruise,True,False,True,True,True,19.22323187649998
K25-010,26,1692.592641360793,1693.6270752825887,cruise,True,False,True,True,True,18.97113847109506
K25-010,27,1693.6270752825887,1694.6615092044108,cruise,True,False,True,True,True,18.722910764528763
K25-010,28,1694.6615092044108,1695.6959431262328,cruise,True,False,True,True,True,18.47868462057157
K25-010,29,1695.6959431262328,1696.436445654659,cruise,True,False,True,True,True,18.306363417766903
K25-010,30,1696.436445654659,1697.1769481830854,cruise,True,False,True,True,True,18.136159743620055
K25-010,31,1697.1769481830854,1697.4708795764548,cruise,True,False,True,True,True,18.069189877847705
K25-010,32,1697.4708795764548,1697.764810969824,cruise,True,False,True,True,True,18.002555965331197
K25-010,33,1697.764810969824,1698.7992448916198,cruise,True,False,True,True,True,17.770724298298376
K25-010,34,1698.7992448916198,1699.8336788134154,cruise,True,False,True,True,True,17.543048783948464
K25-010,35,1699.8336788134154,1700.8681127352374,cruise,True,False,True,True,True,17.319503445958333
K25-010,36,1700.8681127352374,1701.9025466570595,cruise,True,False,True,True,True,17.10004600207091
K25-010,37,1701.9025466570595,1702.9369805788551,cruise,True,False,True,True,True,16.884621289523977
K25-010,38,1702.9369805788551,1703.9714145006508,cruise,True,False,True,True,True,16.673164108005764
K25-010,39,1703.9714145006508,1705.0058484224596,cruise,True,False,True,True,True,16.465601573050037
K25-010,40,1705.0058484224596,1706.0402823442685,cruise,True,False,True,True,True,16.261855058885118
K25-010,41,1706.0402823442685,1707.0747162660773,cruise,True,False,True,True,True,16.061841797669587
K25-010,42,1707.0747162660773,1708.1091501878861,cruise,True,False,True,True,True,15.865476191805143
K25-010,43,1708.1091501878861,1709.1435841096818,cruise,True,False,True,True,True,15.672670886814188
K25-010,44,1709.1435841096818,1710.1780180314774,cruise,True,False,True,True,True,15.483337644764802
K25-010,45,1710.1780180314774,1711.2124519532863,cruise,True,False,True,True,True,15.297388051702058
K25-010,46,1711.2124519532863,1712.2468858750951,cruise,True,False,True,True,True,15.11473408714599
K25-010,47,1712.2468858750951,1713.281319796904,cruise,True,False,True,True,True,14.93528857898464
K25-010,48,1713.281319796904,1714.3157537187128,cruise,True,False,True,True,True,14.75896556343109
K25-010,49,1714.3157537187128,1715.3501876405085,cruise,True,False,True,True,True,14.5856805662916
K25-010,50,1715.3501876405085,1716.3846215623041,cruise,True,False,True,True,True,14.415350819210587
K25-010,51,1716.3846215623041,1716.5789008097431,cruise,True,False,True,True,True,14.383683848828184
K25-010,52,1716.5789008097431,1716.7731800571821,cruise,True,False,True,True,True,14.35211773261895
K25-010,53,1716.7731800571821,1717.6133347315651,cruise,True,False,True,True,True,14.216759425906432
K25-010,54,1717.6133347315651,1718.4534894059482,cruise,True,False,True,True,True,14.083235462043405
K25-010,55,1718.4534894059482,1719.4879233277438,cruise,True,False,True,True,True,13.921294094393716
K25-010,56,1719.4879233277438,1720.5223572495395,cruise,True,False,True,True,True,13.761996596087059
K25-010,57,1720.5223572495395,1721.5567911713351,cruise,True,False,True,True,True,13.60527039334805
K25-010,58,1721.5567911713351,1722.5912250931308,cruise,True,False,True,True,True,13.451045070215656
K25-010,59,1722.5912250931308,1723.6256590149528,cruise,True,False,True,True,True,13.299252361230486
K25-010,60,1723.6256590149528,1724.6600929367748,cruise,True,False,True,True,True,13.149826131346842
K25-010,61,1724.6600929367748,1725.6945268585705,cruise,True,False,True,True,True,13.002702345807222
K25-010,62,1725.6945268585705,1726.7289607803662,cruise,True,False,True,True,True,12.857819032103393
K25-010,63,1726.7289607803662,1727.763394702175,cruise,True,False,True,True,True,12.715116235878966
K25-010,64,1727.763394702175,1728.7978286239838,cruise,True,False,True,True,True,12.574535972252647
K25-010,65,1728.7978286239838,1729.8322625457927,cruise,True,False,True,True,True,12.436022173716637
K25-010,66,1729.8322625457927,1730.8666964676015,cruise,True,False,True,True,True,12.299520635787033
K25-010,67,1730.8666964676015,1731.9011303893972,cruise,True,False,True,True,True,12.164978961082838
K25-010,68,1731.9011303893972,1732.9355643111928,cruise,True,False,True,True,True,12.032346502590187
K25-010,69,1732.9355643111928,1733.9699982330148,cruise,True,False,True,True,True,11.90157430668755
K25-010,70,1733.9699982330148,1735.0044321548369,cruise,True,False,True,True,True,11.772615056276933
K25-010,71,1735.0044321548369,1735.6869220425565,cruise,True,False,True,True,True,11.688501819480678
K25-010,72,1735.6869220425565,1736.369411930276,cruise,True,False,True,True,True,11.605145044459263
K25-010,73,1736.369411930276,1736.7213559643521,cruise,True,False,True,True,True,11.562451431362689
K25-010,74,1736.7213559643521,1737.0732999984282,cruise,True,False,True,True,True,11.519953969405009
K25-010,75,1737.0732999984282,1738.1077339202238,cruise,True,False,True,True,True,11.396165179194028
K25-010,76,1738.1077339202238,1739.1421678420195,cruise,True,False,True,True,True,11.27401531936765
K25-010,77,1739.1421678420195,1740.1766017638415,cruise,True,False,True,True,True,11.153464430660321
K25-010,78,1740.1766017638415,1741.2110356856635,cruise,True,False,True,True,True,11.034473868679427
K25-010,79,1741.2110356856635,1742.2454696074592,cruise,True,False,True,True,True,10.917006255006342
K25-010,80,1742.2454696074592,1743.2799035292549,cruise,True,False,True,True,True,10.801025429825145
K25-010,81,1743.2799035292549,1744.3143374510637,cruise,True,False,True,True,True,10.686496406175081
K25-010,82,1744.3143374510637,1745.3487713728725,cruise,True,False,True,True,True,10.573385325732048
K25-010,83,1745.3487713728725,1746.3832052946814,cruise,True,False,True,True,True,10.461659416237495
K25-010,84,1746.3832052946814,1747.4176392164902,cruise,True,False,True,True,True,10.351286950429383
K25-010,85,1747.4176392164902,1748.4520731382859,cruise,True,False,True,True,True,10.242237206548765
K25-010,86,1748.4520731382859,1749.4865070600815,cruise,True,False,True,True,True,10.134480430368342
K25-010,87,1749.4865070600815,1750.5209409819035,cruise,True,False,True,True,True,10.027987798653143
K25-010,88,1750.5209409819035,1751.5553749037256,cruise,True,False,True,True,True,9.922731384106939
K25-010,89,1751.5553749037256,1752.5898088255212,cruise,True,False,True,True,True,9.81868412167816
K25-010,90,1752.5898088255212,1753.6242427473169,cruise,True,False,True,True,True,9.715819776232308
K25-010,91,1753.6242427473169,1754.6586766691125,cruise,True,False,True,True,True,9.614112911543927
K25-010,92,1754.6586766691125,1755.6931105909082,cruise,True,False,True,True,True,9.513538860514004
K25-010,93,1755.6931105909082,1755.8293771976405,cruise,True,False,True,True,True,9.50037334618645
K25-010,94,1755.8293771976405,1755.9656438043728,cruise,True,False,True,True,True,9.487227019557693
K25-010,95,1755.9656438043728,1756.8638111194625,cruise,True,False,True,True,True,9.401052511256893
K25-010,96,1756.8638111194625,1757.7619784345522,cruise,True,False,True,True,True,9.31569420664934
K25-010,97,1757.7619784345522,1758.796412356348,cruise,True,False,True,True,True,9.218377864217047
K25-010,98,1758.796412356348,1759.8308462781436,cruise,True,False,True,True,True,9.122102804824891
K25-010,99,1759.8308462781436,1760.8652801999392,cruise,True,False,True,True,True,9.026847801616611
K25-010,100,1760.8652801999392,1761.8997141217349,cruise,True,False,True,True,True,8.932592242261748
K25-010,101,1761.8997141217349,1762.934148043557,cruise,True,False,True,True,True,8.839316106765764
K25-010,102,1762.934148043557,1763.968581965379,cruise,True,False,True,True,True,8.746999946199878
K25-010,103,1763.968581965379,1765.0030158871746,cruise,True,False,True,True,True,8.655624862316287
K25-010,104,1765.0030158871746,1766.0374498089702,cruise,True,False,True,True,True,8.565172487962897
K25-010,105,1766.0374498089702,1767.071883730779,cruise,True,False,True,True,True,8.475624968335254
K25-010,106,1767.071883730779,1768.106317652588,cruise,True,False,True,True,True,8.386964942991327
K25-010,107,1768.106317652588,1769.1407515743967,cruise,True,False,True,True,True,8.299175528576711
K25-010,108,1769.1407515743967,1770.1751854962056,cruise,True,False,True,True,True,8.212240302270914
K25-010,109,1770.1751854962056,1771.2096194180012,cruise,True,False,True,True,True,8.126143285902444
K25-010,110,1771.2096194180012,1772.244053339797,cruise,True,False,True,True,True,8.040868930690621
K25-010,111,1772.244053339797,1773.278487261619,cruise,True,False,True,True,True,7.956402102614277
K25-010,112,1773.278487261619,1774.312921183441,cruise,True,False,True,True,True,7.872728068363557
K25-010,113,1774.312921183441,1774.9373984309552,cruise,True,False,True,True,True,7.822592625569271
K25-010,114,1774.9373984309552,1775.5618756784695,cruise,True,False,True,True,True,7.7727377843364565
K25-010,115,1775.5618756784695,1775.9718323527509,cruise,True,False,True,True,True,7.740160193353532
K25-010,116,1775.9718323527509,1776.3817890270323,cruise,True,False,True,True,True,7.707701371244696
K25-010,117,1776.3817890270323,1777.416222948828,cruise,True,False,True,True,True,7.626321126538642
K25-010,118,1777.416222948828,1778.4506568706236,cruise,True,False,True,True,True,7.545678487590436
K25-010,119,1778.4506568706236,1779.4850907924456,cruise,True,False,True,True,True,7.465760532638669
K25-010,120,1779.4850907924456,1780.5195247142676,cruise,True,False,True,True,True,7.386554667269962
K25-010,121,1780.5195247142676,1781.5539586360633,cruise,True,False,True,True,True,7.308048613797041
K25-010,122,1781.5539586360633,1782.588392557859,cruise,True,False,True,True,True,7.230230401063949
K25-010,123,1782.588392557859,1783.6228264796678,cruise,True,False,True,True,True,7.153088354634534
K25-010,124,1783.6228264796678,1784.6572604014766,cruise,True,False,True,True,True,7.076611087362409
K25-010,125,1784.6572604014766,1785.6916943232854,cruise,True,False,True,True,True,7.000787490303381
K25-010,126,1785.6916943232854,1786.7261282450943,cruise,True,False,True,True,True,6.925606723997191
K25-010,127,1786.7261282450943,1787.76056216689,cruise,True,False,True,True,True,6.851058210043377
K25-010,128,1787.76056216689,1788.7949960886856,cruise,True,False,True,True,True,6.777131623024303
K25-010,129,1788.7949960886856,1789.8294300105076,cruise,True,False,True,True,True,6.7038168827074855
K25-010,130,1789.8294300105076,1790.8638639323297,cruise,True,False,True,True,True,6.631104146547216
K25-010,131,1790.8638639323297,1791.8982978541253,cruise,True,False,True,True,True,6.558983802459579
K25-010,132,1791.8982978541253,1792.932731775921,cruise,True,False,True,True,True,6.4874464618491885
K25-010,133,1792.932731775921,1793.9671656977166,cruise,True,False,True,True,True,6.4164829529134835
K25-010,134,1793.9671656977166,1795.0015996195123,cruise,True,False,True,True,True,6.346084314168436
K25-010,135,1795.0015996195123,1795.0798535855379,cruise,True,False,True,True,True,6.340781456934607
K25-010,136,1795.0798535855379,1795.1581075515635,cruise,True,False,True,True,True,6.335481778375495
K25-010,137,1795.1581075515635,1796.11428750736,cruise,True,False,True,True,True,6.270980649708235
K25-010,138,1796.11428750736,1797.0704674631563,cruise,True,False,True,True,True,6.206946815737723
K25-010,139,1797.0704674631563,1798.104901384952,cruise,True,False,True,True,True,6.138191029697026
K25-010,140,1798.104901384952,1799.1393353067476,cruise,True,False,True,True,True,6.069966249743985
K25-010,141,1799.1393353067476,1800.1737692285433,cruise,True,False,True,True,True,6.002264476815029
K25-010,142,1800.1737692285433,1801.208203150339,cruise,True,False,True,True,True,5.935077887934952
K25-010,143,1801.208203150339,1802.242637072161,cruise,True,False,True,True,True,5.868398831198675
K25-010,144,1802.242637072161,1803.277070993983,cruise,True,False,True,True,True,5.80221982089553
K25-010,145,1803.277070993983,1804.3115049157786,cruise,True,False,True,True,True,5.736533532856356
K25-010,146,1804.3115049157786,1805.3459388375743,cruise,True,False,True,True,True,5.671332799893051
K25-010,147,1805.3459388375743,1806.3803727593831,cruise,True,False,True,True,True,5.606610607455636
K25-010,148,1806.3803727593831,1807.414806681192,cruise,True,False,True,True,True,5.542360089403616
K25-010,149,1807.414806681192,1808.4492406030008,cruise,True,False,True,True,True,5.478574523911078
K25-010,150,1808.4492406030008,1809.4836745248097,cruise,True,False,True,True,True,5.415247329541913
K25-010,151,1809.4836745248097,1810.5181084466053,cruise,True,False,True,True,True,5.352372061420581
K25-010,152,1810.5181084466053,1811.552542368401,cruise,True,False,True,True,True,5.289942407548267
K25-010,153,1811.552542368401,1812.586976290223,cruise,True,False,True,True,True,5.227952185246465
K25-010,154,1812.586976290223,1813.621410212045,cruise,True,False,True,True,True,5.166395337690233
K25-010,155,1813.621410212045,1814.1878748188526,cruise,True,False,True,True,True,5.1328677953221415
K25-010,156,1814.1878748188526,1814.7543394256602,cruise,True,False,True,True,True,5.099467470267044
K25-010,157,1814.7543394256602,1815.2223087406483,cruise,True,False,True,True,True,5.071969986613283
K25-010,158,1815.2223087406483,1815.6902780556363,cruise,True,False,True,True,True,5.04455814894493
K25-010,159,1815.6902780556363,1816.724711977432,cruise,True,False,True,True,True,4.984266293924875
K25-010,160,1816.724711977432,1817.7591458992276,cruise,True,False,True,True,True,4.924384779841873
K25-010,161,1817.7591458992276,1818.7935798210497,cruise,True,False,True,True,True,4.86490813122073
K25-010,162,1818.7935798210497,1819.8280137428717,cruise,True,False,True,True,True,4.805830979971489
K25-010,163,1819.8280137428717,1820.8624476646673,cruise,True,False,True,True,True,4.747148062620752
K25-010,164,1820.8624476646673,1821.896881586463,cruise,True,False,True,True,True,4.688854217671832
K25-010,165,1821.896881586463,1822.9313155082718,cruise,True,False,True,True,True,4.630944383007034
K25-010,166,1822.9313155082718,1823.9657494300807,cruise,True,False,True,True,True,4.573413593398129
K25-010,167,1823.9657494300807,1825.0001833518895,cruise,True,False,True,True,True,4.516256978086602
K25-010,168,1825.0001833518895,1826.0346172736984,cruise,True,False,True,True,True,4.459469758421122
K25-010,169,1826.0346172736984,1827.069051195494,cruise,True,False,True,True,True,4.4030472455986285
K25-010,170,1827.069051195494,1828.1034851172897,cruise,True,False,True,True,True,4.346984838440548
K25-010,171,1828.1034851172897,1829.1379190391117,cruise,True,False,True,True,True,4.291278021252992
K25-010,172,1829.1379190391117,1830.1723529609337,cruise,True,False,True,True,True,4.2359223617660575
K25-010,173,1830.1723529609337,1831.2067868827294,cruise,True,False,True,True,True,4.180913509091695
K25-010,174,1831.2067868827294,1832.241220804525,cruise,True,False,True,True,True,4.126247191790284
K25-010,175,1832.241220804525,1833.2756547263207,cruise,True,False,True,True,True,4.071919215959269
K25-010,176,1833.2756547263207,1834.3100886481163,cruise,True,False,True,True,True,4.017925463386803
K25-010,177,1834.3100886481163,1834.3303299739366,cruise,True,False,True,True,True,4.0168722452114025
K25-010,178,1834.3303299739366,1834.350571299757,cruise,True,False,True,True,True,4.015819153428666
K25-010,179,1834.350571299757,1835.3647638957586,cruise,True,False,True,True,True,3.9632150925404517
K25-010,180,1835.3647638957586,1836.3789564917604,cruise,True,False,True,True,True,3.910924523010422
K25-010,181,1836.3789564917604,1837.413390413556,cruise,True,False,True,True,True,3.8579094614376856
K25-010,182,1837.413390413556,1838.4478243353517,cruise,True,False,True,True,True,3.805212872261663
K25-010,183,1838.4478243353517,1839.4822582571605,cruise,True,False,True,True,True,3.7528309899378343
K25-010,184,1839.4822582571605,1840.5166921789694,cruise,True,False,True,True,True,3.7007601146222555
K25-010,185,1840.5166921789694,1841.5511261007782,cruise,True,False,True,True,True,3.648996610681891
K25-010,186,1841.5511261007782,1842.585560022587,cruise,True,False,True,True,True,3.597536905217865
K25-010,187,1842.585560022587,1843.6199939443827,cruise,True,False,True,True,True,3.5463774866595514
K25-010,188,1843.6199939443827,1844.6544278661784,cruise,True,False,True,True,True,3.4955149033713724
K25-010,189,1844.6544278661784,1845.6888617879872,cruise,True,False,True,True,True,3.444945762316209
K25-010,190,1845.6888617879872,1846.723295709796,cruise,True,False,True,True,True,3.394666727756203
K25-010,191,1846.723295709796,1847.757729631605,cruise,True,False,True,True,True,3.3446745199698
K25-010,192,1847.757729631605,1848.7921635534137,cruise,True,False,True,True,True,3.2949659140253686
K25-010,193,1848.7921635534137,1849.8265974752094,cruise,True,False,True,True,True,3.245537738582186
K25-010,194,1849.8265974752094,1850.861031397005,cruise,True,False,True,True,True,3.1963868747105835
K25-010,195,1850.861031397005,1851.895465318827,cruise,True,False,True,True,True,3.1475102547621248
K25-010,196,1851.895465318827,1852.929899240649,cruise,True,False,True,True,True,3.0989048612632075
K25-010,197,1852.929899240649,1853.43835120675,cruise,True,False,True,True,True,3.075112525056028
K25-010,198,1853.43835120675,1853.9468031728509,cruise,True,False,True,True,True,3.0513846506558053
K25-010,199,1853.9468031728509,1854.4727851285456,cruise,True,False,True,True,True,3.026906172215533
K25-010,200,1854.4727851285456,1854.9987670842404,cruise,True,False,True,True,True,3.002495928132717
K25-010,201,1854.9987670842404,1856.033201006036,cruise,True,False,True,True,True,2.954686594847203
K25-010,202,1856.033201006036,1857.0676349278317,cruise,True,False,True,True,True,2.907136898692727
K25-010,203,1857.0676349278317,1858.1020688496537,cruise,True,False,True,True,True,2.859844057436078
K25-010,204,1858.1020688496537,1859.1365027714758,cruise,True,False,True,True,True,2.8128053329640608
K25-010,205,1859.1365027714758,1860.1709366932714,cruise,True,False,True,True,True,2.766018030360499
K25-010,206,1860.1709366932714,1861.205370615067,cruise,True,False,True,True,True,2.7194794969997673
K25-010,207,1861.205370615067,1862.239804536876,cruise,True,False,True,True,True,2.6731871216898924
K25-010,208,1862.239804536876,1863.2742384586847,cruise,True,False,True,True,True,2.627138333807622
K25-010,209,1863.2742384586847,1864.3086723804936,cruise,True,False,True,True,True,2.5813306024756173
K25-010,210,1864.3086723804936,1865.3431063023024,cruise,True,False,True,True,True,2.5357614357549494
K25-010,211,1865.3431063023024,1866.377540224098,cruise,True,False,True,True,True,2.4904283798546345
K25-010,212,1866.377540224098,1867.4119741458937,cruise,True,False,True,True,True,2.4453290183658396
K25-010,213,1867.4119741458937,1868.4464080677158,cruise,True,False,True,True,True,2.4004609715001948
K25-010,214,1868.4464080677158,1869.4808419895378,cruise,True,False,True,True,True,2.355821895383812
K25-010,215,1869.4808419895378,1870.5152759113334,cruise,True,False,True,True,True,2.311409481317824
K25-010,216,1870.5152759113334,1871.549709833129,cruise,True,False,True,True,True,2.2672214550974132
K25-010,217,1871.549709833129,1872.5463724405395,cruise,True,False,True,True,True,2.224857064040208
K25-010,218,1872.5463724405395,1873.5430350479498,cruise,True,False,True,True,True,2.182696918745947
K25-010,219,1873.5430350479498,1873.580806362335,cruise,True,False,True,True,True,2.1811031330448856
K25-010,220,1873.580806362335,1873.6185776767202,cruise,True,False,True,True,True,2.179509637786481
K25-010,221,1873.6185776767202,1874.6530115985422,cruise,True,False,True,True,True,2.135981464714277
K25-010,222,1874.6530115985422,1875.6874455203642,cruise,True,False,True,True,True,2.0926689142584536
K25-010,223,1875.6874455203642,1876.72187944216,cruise,True,False,True,True,True,2.0495698748156457
K25-010,224,1876.72187944216,1877.7563133639555,cruise,True,False,True,True,True,2.006682265439295
K25-010,225,1877.7563133639555,1878.7907472857644,cruise,True,False,True,True,True,1.9640040352525716
K25-010,226,1878.7907472857644,1879.8251812075732,cruise,True,False,True,True,True,1.9215331628873713
K25-010,227,1879.8251812075732,1880.859615129382,cruise,True,False,True,True,True,1.8792676559013444
K25-010,228,1880.859615129382,1881.894049051191,cruise,True,False,True,True,True,1.8372055502518663
K25-010,229,1881.894049051191,1882.9284829729866,cruise,True,False,True,True,True,1.7953449097615533
K25-010,230,1882.9284829729866,1883.9629168947822,cruise,True,False,True,True,True,1.7536838255839058
K25-010,231,1883.9629168947822,1884.997350816591,cruise,True,False,True,True,True,1.7122204157102487
K25-010,232,1884.997350816591,1886.0317847384,cruise,True,False,True,True,True,1.670952824459917
K25-010,233,1886.0317847384,1887.0662186602087,cruise,True,False,True,True,True,1.6298792219991753
K25-010,234,1887.0662186602087,1888.1006525820176,cruise,True,False,True,True,True,1.588997803872914
K25-010,235,1888.1006525820176,1889.1350865038132,cruise,True,False,True,True,True,1.5483067905288124
K25-010,236,1889.1350865038132,1890.1695204256089,cruise,True,False,True,True,True,1.5078044268722266
K25-010,237,1890.1695204256089,1891.203954347431,cruise,True,False,True,True,True,1.4674889818183345
K25-010,238,1891.203954347431,1892.238388269253,cruise,True,False,True,True,True,1.4273587478651706
K25-010,239,1892.238388269253,1892.6888275951485,cruise,True,False,True,True,True,1.40994168422165
K25-010,240,1892.6888275951485,1893.139266921044,cruise,True,False,True,True,True,1.3925592815474914
K25-010,241,1893.139266921044,1893.7232615169441,cruise,True,False,True,True,True,1.370074372241092
K25-010,242,1893.7232615169441,1894.3072561128442,cruise,True,False,True,True,True,1.3476471985948422
K25-010,243,1894.3072561128442,1895.34169003464,cruise,True,False,True,True,True,1.3080625823954648
K25-010,244,1895.34169003464,1896.3761239564355,cruise,True,False,True,True,True,1.2686565747274443
K25-010,245,1896.3761239564355,1897.4105578782576,cruise,True,False,True,True,True,1.2294275798058152
K25-010,246,1897.4105578782576,1898.4449918000796,cruise,True,False,True,True,True,1.1903740230237219
K25-010,247,1898.4449918000796,1899.4794257218753,cruise,True,False,True,True,True,1.1514943505698199
K25-010,248,1899.4794257218753,1900.513859643671,cruise,True,False,True,True,True,1.1127870290780493
K25-010,249,1900.513859643671,1901.5482935654798,cruise,True,False,True,True,True,1.0742505452616058
K25-010,250,1901.5482935654798,1902.5827274872886,cruise,True,False,True,True,True,1.0358834055762713
K25-010,251,1902.5827274872886,1903.6171614090974,cruise,True,False,True,True,True,0.9976841358700455
K25-010,252,1903.6171614090974,1904.6515953309063,cruise,True,False,True,True,True,0.9596512810536382
K25-010,253,1904.6515953309063,1905.686029252702,cruise,True,False,True,True,True,0.9217834047865665
K25-010,254,1905.686029252702,1906.7204631744976,cruise,True,False,True,True,True,0.8840790891394334
K25-010,255,1906.7204631744976,1907.7548970963196,cruise,True,False,True,True,True,0.8465369342941358
K25-010,256,1907.7548970963196,1908.7893310181416,cruise,True,False,True,True,True,0.8091555582360144
K25-010,257,1908.7893310181416,1909.8237649399373,cruise,True,False,True,True,True,0.7719335964560514
K25-010,258,1909.8237649399373,1910.858198861733,cruise,True,False,True,True,True,0.7348697016518742
K25-010,259,1910.858198861733,1911.7968488279355,cruise,True,False,True,True,True,0.7013734318465907
K25-010,260,1911.7968488279355,1912.735498794138,cruise,True,False,True,True,True,0.6680052339617646
K25-010,261,1912.735498794138,1912.8312827497311,cruise,True,False,True,True,True,0.6646073598018063
K25-010,262,1912.8312827497311,1912.9270667053243,cruise,True,False,True,True,True,0.6612108081161807
K25-010,263,1912.9270667053243,1913.9615006271463,cruise,True,False,True,True,True,0.6246131982862835
K25-010,264,1913.9615006271463,1914.9959345489683,cruise,True,False,True,True,True,0.5881684326965768
K25-010,265,1914.9959345489683,1916.030368470764,cruise,True,False,True,True,True,0.5518752459186373
K25-010,266,1916.030368470764,1917.0648023925596,cruise,True,False,True,True,True,0.5157323880974332
K25-010,267,1917.0648023925596,1918.0992363143685,cruise,True,False,True,True,True,0.47973862470094275
K25-010,268,1918.0992363143685,1919.1336702361773,cruise,True,False,True,True,True,0.4438927362763536
K25-010,269,1919.1336702361773,1920.1681041579861,cruise,True,False,True,True,True,0.4081935181974927
K25-010,270,1920.1681041579861,1921.202538079795,cruise,True,False,True,True,True,0.3726397804328485
K25-010,271,1921.202538079795,1922.2369720015906,cruise,True,False,True,True,True,0.3372303473119018
K25-010,272,1922.2369720015906,1923.2714059233863,cruise,True,False,True,True,True,0.30196405729248
K25-010,273,1923.2714059233863,1924.3058398451951,cruise,True,False,True,True,True,0.26683976273793064
K25-010,274,1924.3058398451951,1925.340273767004,cruise,True,False,True,True,True,0.23185632970091774
K25-010,275,1925.340273767004,1926.3747076888128,cruise,True,False,True,True,True,0.19701263770012645
K25-010,276,1926.3747076888128,1927.4091416106216,cruise,True,False,True,True,True,0.16230757951232988
K25-010,277,1927.4091416106216,1928.4435755324173,cruise,True,False,True,True,True,0.1277400609708792
K25-010,278,1928.4435755324173,1929.478009454213,cruise,True,False,True,True,True,0.09330900075117654
K25-010,279,1929.478009454213,1930.512443376035,cruise,True,False,True,True,True,0.05901333017760635
K25-010,280,1930.512443376035,1931.546877297857,cruise,True,False,True,True,True,0.024851993028676134
K25-010,281,1931.546877297857,1931.939303983547,cruise,True,False,True,True,True,0.011927351588710167
K25-010,282,1931.939303983547,1932.331730669237,cruise,False,True,True,True,True,-0.00097816391712513
K25-010,283,1932.331730669237,1932.9737379053427,cruise,False,True,True,True,True,-0.02205040154250071
K25-010,284,1932.9737379053427,1933.615745141448,cruise,False,True,True,True,True,-0.04307184476573411
K25-010,285,1933.615745141448,1934.6501790632437,cruise,False,True,True,True,True,-0.07683639730238667
K25-010,286,1934.6501790632437,1935.6846129850394,cruise,False,True,True,True,True,-0.11047072056088325
K25-010,287,1935.6846129850394,1936.7190469068614,cruise,False,True,True,True,True,-0.1439758113095735
K25-010,288,1936.7190469068614,1937.7534808286835,cruise,False,True,True,True,True,-0.17735265495548447
K25-010,289,1937.7534808286835,1938.787914750479,cruise,False,True,True,True,True,-0.210602225729275
K25-010,290,1938.787914750479,1939.8223486722748,cruise,False,True,True,True,True,-0.24372548684131345
K25-010,291,1939.8223486722748,1940.8567825940836,cruise,False,True,True,True,True,-0.27672339065702545
K25-010,292,1940.8567825940836,1941.8912165158924,cruise,False,True,True,True,True,-0.30959687884688947
K25-010,293,1941.8912165158924,1942.9256504377013,cruise,False,True,True,True,True,-0.3423468825529312
K25-010,294,1942.9256504377013,1943.9600843595101,cruise,False,True,True,True,True,-0.3749743225452562
K25-010,295,1943.9600843595101,1944.9945182813058,cruise,False,True,True,True,True,-0.40748010936837886
K25-010,296,1944.9945182813058,1946.0289522031014,cruise,False,True,True,True,True,-0.43986514349900574
K25-010,297,1946.0289522031014,1947.0633861249235,cruise,False,True,True,True,True,-0.4721303154906167
K25-010,298,1947.0633861249235,1948.0978200467455,cruise,False,True,True,True,True,-0.504276506110827
K25-010,299,1948.0978200467455,1949.1322539685411,cruise,False,True,True,True,True,-0.5363045864980194
K25-010,300,1949.1322539685411,1950.1666878903368,cruise,False,True,True,True,True,-0.568215418287707
K25-010,301,1950.1666878903368,1951.047325216334,cruise,False,True,True,True,True,-0.5952900837623645
K25-010,302,1951.047325216334,1951.9279625423312,cruise,False,True,True,True,True,-0.622280911649824
K25-010,303,1951.9279625423312,1952.0817591381297,cruise,False,True,True,True,True,-0.6269860930891298
K25-010,304,1952.0817591381297,1952.235555733928,cruise,False,True,True,True,True,-0.6316887359622996
K25-010,305,1952.235555733928,1953.2699896557501,cruise,False,True,True,True,True,-0.6632528988553617
K25-010,306,1953.2699896557501,1954.3044235775722,cruise,False,True,True,True,True,-0.6947031674339286
K25-010,307,1954.3044235775722,1955.3388574993678,cruise,False,True,True,True,True,-0.7260403578501382
K25-010,308,1955.3388574993678,1956.3732914211635,cruise,False,True,True,True,True,-0.7572652775561295
K25-010,309,1956.3732914211635,1957.4077253429723,cruise,False,True,True,True,True,-0.7883787254087622
K25-010,310,1957.4077253429723,1958.4421592647811,cruise,False,True,True,True,True,-0.8193814917989357
K25-010,311,1958.4421592647811,1959.47659318659,cruise,False,True,True,True,True,-0.8502743587713866
K25-010,312,1959.47659318659,1960.5110271083988,cruise,False,True,True,True,True,-0.8810581001371105
K25-010,313,1960.5110271083988,1961.5454610301945,cruise,False,True,True,True,True,-0.9117334815930604
K25-010,314,1961.5454610301945,1962.5798949519901,cruise,False,True,True,True,True,-0.9423012608285575
K25-010,315,1962.5798949519901,1963.6143288738122,cruise,False,True,True,True,True,-0.9727621876435961
K25-010,316,1963.6143288738122,1964.6487627956342,cruise,False,True,True,True,True,-1.0031170040537063
K25-010,317,1964.6487627956342,1965.6831967174298,cruise,False,True,True,True,True,-1.0333664443905093
K25-010,318,1965.6831967174298,1966.7176306392255,cruise,False,True,True,True,True,-1.0635112354246985
K25-010,319,1966.7176306392255,1967.7520645610211,cruise,False,True,True,True,True,-1.0935520964486471
K25-010,320,1967.7520645610211,1968.7864984828168,cruise,False,True,True,True,True,-1.123489739393122
K25-010,321,1968.7864984828168,1969.8209324046388,cruise,False,True,True,True,True,-1.1533248689207483
K25-010,322,1969.8209324046388,1970.8553663264609,cruise,False,True,True,True,True,-1.1830581825226432
K25-010,323,1970.8553663264609,1971.189780370943,cruise,False,True,True,True,True,-1.1926487691761594
K25-010,324,1971.189780370943,1971.5241944154252,cruise,False,True,True,True,True,-1.2022288102881618
K25-010,325,1971.5241944154252,1972.2242142927387,cruise,False,True,True,True,True,-1.222248411722802
K25-010,326,1972.2242142927387,1972.9242341700522,cruise,False,True,True,True,True,-1.2422221166614094
K25-010,327,1972.9242341700522,1973.9586680918478,cruise,False,True,True,True,True,-1.271654097200738
K25-010,328,1973.9586680918478,1974.9931020136435,cruise,False,True,True,True,True,-1.3009869820094195
K25-010,329,1974.9931020136435,1976.0275359354655,cruise,False,True,True,True,True,-1.3302214341538416
K25-010,330,1976.0275359354655,1977.0619698572875,cruise,False,True,True,True,True,-1.3593581100869727
K25-010,331,1977.0619698572875,1978.0964037790832,cruise,False,True,True,True,True,-1.3883976597361425
K25-010,332,1978.0964037790832,1979.1308377008788,cruise,False,True,True,True,True,-1.417340726590652
K25-010,333,1979.1308377008788,1980.1652716226877,cruise,False,True,True,True,True,-1.4461879477854467
K25-010,334,1980.1652716226877,1981.1997055444965,cruise,False,True,True,True,True,-1.4749399541811385
K25-010,335,1981.1997055444965,1982.2341394663054,cruise,False,True,True,True,True,-1.5035973704498815
K25-010,336,1982.2341394663054,1983.2685733881142,cruise,False,True,True,True,True,-1.5321608151556632
K25-010,337,1983.2685733881142,1984.3030073099098,cruise,False,True,True,True,True,-1.5606309008285564
K25-010,338,1984.3030073099098,1985.3374412317055,cruise,False,True,True,True,True,-1.5890082340487908
K25-010,339,1985.3374412317055,1986.3718751535275,cruise,False,True,True,True,True,-1.6172934155217717
K25-010,340,1986.3718751535275,1987.4063090753496,cruise,False,True,True,True,True,-1.6454870401498596
K25-010,341,1987.4063090753496,1988.4407429971452,cruise,False,True,True,True,True,-1.6735896971089943
K25-010,342,1988.4407429971452,1989.4751769189409,cruise,False,True,True,True,True,-1.7016019699256617
K25-010,343,1989.4751769189409,1990.2978016047327,cruise,False,True,True,True,True,-1.723814355236172
K25-010,344,1990.2978016047327,1991.1204262905244,cruise,False,True,True,True,True,-1.745970234580966
K25-010,345,1991.1204262905244,1991.3322355265282,cruise,False,True,True,True,True,-1.7516658131267917
K25-010,346,1991.3322355265282,1991.5440447625322,cruise,False,True,True,True,True,-1.7573576693917516
K25-010,347,1991.5440447625322,1992.5784786843542,cruise,False,True,True,True,True,-1.7851022354662405
K25-010,348,1992.5784786843542,1993.6129126061762,cruise,False,True,True,True,True,-1.8127586963849325
K25-010,349,1993.6129126061762,1994.6473465279719,cruise,False,True,True,True,True,-1.8403276084621467
K25-010,350,1994.6473465279719,1995.6817804497675,cruise,False,True,True,True,True,-1.8678095227744933
K25-010,351,1995.6817804497675,1996.7162143715764,cruise,False,True,True,True,True,-1.8952049852271955
K25-010,352,1996.7162143715764,1997.7506482933852,cruise,False,True,True,True,True,-1.9225145366121552
K25-010,353,1997.7506482933852,1998.785082215194,cruise,False,True,True,True,True,-1.9497387126803858
K25-010,354,1998.785082215194,1999.819516137003,cruise,False,True,True,True,True,-1.9768780441997222
K25-010,355,1999.819516137003,2000.8539500587985,cruise,False,True,True,True,True,-2.0039330570135263
K25-010,356,2000.8539500587985,2001.8883839805942,cruise,False,True,True,True,True,-2.0309042721074633
K25-010,357,2001.8883839805942,2002.9228179024162,cruise,False,True,True,True,True,-2.0577922056635884
K25-010,358,2002.9228179024162,2003.9572518242383,cruise,False,True,True,True,True,-2.0845973691235287
K25-010,359,2003.9572518242383,2004.991685746034,cruise,False,True,True,True,True,-2.1113202692408066
K25-010,360,2004.991685746034,2006.0261196678296,cruise,False,True,True,True,True,-2.137961408143994
K25-010,361,2006.0261196678296,2007.0605535896252,cruise,False,True,True,True,True,-2.1645212833896323
K25-010,362,2007.0605535896252,2008.0949875114209,cruise,False,True,True,True,True,-2.1910003880134212
K25-010,363,2008.0949875114209,2009.129421433243,cruise,False,True,True,True,True,-2.2173992105954596
K25-010,364,2009.129421433243,2010.163855355065,cruise,False,True,True,True,True,-2.2437182353012872
K25-010,365,2010.163855355065,2010.4402567593415,cruise,False,True,True,True,True,-2.2507372473415472
K25-010,366,2010.4402567593415,2010.7166581636184,cruise,False,True,True,True,True,-2.2577506054992114
K25-010,367,2010.7166581636184,2011.4746906811372,cruise,False,True,True,True,True,-2.2769558408229784
K25-010,368,2011.4746906811372,2012.232723198656,cruise,False,True,True,True,True,-2.2961188060242392
K25-010,369,2012.232723198656,2013.2671571204517,cruise,False,True,True,True,True,-2.3222012988027814
K25-010,370,2013.2671571204517,2014.3015910422473,cruise,False,True,True,True,True,-2.348205887330977
K25-010,371,2014.3015910422473,2015.3360249640693,cruise,False,True,True,True,True,-2.3741330345066842
K25-010,372,2015.3360249640693,2016.3704588858914,cruise,False,True,True,True,True,-2.399983199125927
K25-010,373,2016.3704588858914,2017.404892807687,cruise,False,True,True,True,True,-2.4257568359277855
K25-010,374,2017.404892807687,2018.4393267294827,cruise,False,True,True,True,True,-2.4514543956418606
K25-010,375,2018.4393267294827,2019.4737606512915,cruise,False,True,True,True,True,-2.477076325044038
K25-010,376,2019.4737606512915,2020.5081945731004,cruise,False,True,True,True,True,-2.5026230669837872
K25-010,377,2020.5081945731004,2021.5426284949092,cruise,False,True,True,True,True,-2.528095060450852
K25-010,378,2021.5426284949092,2022.577062416718,cruise,False,True,True,True,True,-2.553492740607723
K25-010,379,2022.577062416718,2023.6114963385137,cruise,False,True,True,True,True,-2.578816538831319
K25-010,380,2023.6114963385137,2024.6459302603093,cruise,False,True,True,True,True,-2.604066882769274
K25-010,381,2024.6459302603093,2025.6803641821314,cruise,False,True,True,True,True,-2.6292441963701094
K25-010,382,2025.6803641821314,2026.7147981039534,cruise,False,True,True,True,True,-2.654348899934348
K25-010,383,2026.7147981039534,2027.749232025749,cruise,False,True,True,True,True,-2.6793814101474283
K25-010,384,2027.749232025749,2028.7836659475447,cruise,False,True,True,True,True,-2.7043421401306063
K25-010,385,2028.7836659475447,2029.5482779921285,cruise,False,True,True,True,True,-2.722746213248783
K25-010,386,2029.5482779921285,2030.3128900367124,cruise,False,True,True,True,True,-2.741111456752151
K25-010,387,2030.3128900367124,2030.5827119139242,cruise,False,True,True,True,True,-2.7475830795032437
K25-010,388,2030.5827119139242,2030.852533791136,cruise,False,True,True,True,True,-2.754049894288954
K25-010,389,2030.852533791136,2031.886967712958,cruise,False,True,True,True,True,-2.7787977272220985
K25-010,390,2031.886967712958,2032.92140163478,cruise,False,True,True,True,True,-2.803475397519634
K25-010,391,2032.92140163478,2033.9558355565757,cruise,False,True,True,True,True,-2.8280833010553295
K25-010,392,2033.9558355565757,2034.9902694783714,cruise,False,True,True,True,True,-2.8526218303685056
K25-010,393,2034.9902694783714,2036.0247034001802,cruise,False,True,True,True,True,-2.877091374701351
K25-010,394,2036.0247034001802,2037.059137321989,cruise,False,True,True,True,True,-2.9014923200376757
K25-010,395,2037.059137321989,2038.093571243798,cruise,False,True,True,True,True,-2.9258250491338487
K25-010,396,2038.093571243798,2039.1280051656067,cruise,False,True,True,True,True,-2.9500899415630073
K25-010,397,2039.1280051656067,2040.1624390874024,cruise,False,True,True,True,True,-2.9742873737435787
K25-010,398,2040.1624390874024,2041.196873009198,cruise,False,True,True,True,True,-2.9984177189741814
K25-010,399,2041.196873009198,2042.23130693102,cruise,False,True,True,True,True,-3.022481347473388
K25-010,400,2042.23130693102,2043.265740852842,cruise,False,True,True,True,True,-3.0464786264059427
K25-010,401,2043.265740852842,2044.3001747746378,cruise,False,True,True,True,True,-3.0704099199239607
K25-010,402,2044.3001747746378,2045.3346086964334,cruise,False,True,True,True,True,-3.0942755891919376
K25-010,403,2045.3346086964334,2046.369042618229,cruise,False,True,True,True,True,-3.1180759924263697
K25-010,404,2046.369042618229,2047.4034765400247,cruise,False,True,True,True,True,-3.1418114849229966
K25-010,405,2047.4034765400247,2048.437910461847,cruise,False,True,True,True,True,-3.1654824190906083
K25-010,406,2048.437910461847,2049.472344383669,cruise,False,True,True,True,True,-3.1890891444808744
K25-010,407,2049.472344383669,2049.6907331477405,cruise,False,True,True,True,True,-3.194064799163314
K25-010,408,2049.6907331477405,2049.909121911812,cruise,False,True,True,True,True,-3.199037610690141
K25-010,409,2049.909121911812,2050.725167069536,cruise,False,True,True,True,True,-3.2175942240658344
K25-010,410,2050.725167069536,2051.54121222726,cruise,False,True,True,True,True,-3.236111353035568
K25-010,411,2051.54121222726,2052.575646149069,cruise,False,True,True,True,True,-3.2595275212970307
K25-010,412,2052.575646149069,2053.610080070878,cruise,False,True,True,True,True,-3.2828808510313365
K25-010,413,2053.610080070878,2054.6445139926873,cruise,False,True,True,True,True,-3.3061716779601653
K25-010,414,2054.6445139926873,2055.6789479144963,cruise,False,True,True,True,True,-3.329400335128639
K25-010,415,2055.6789479144963,2056.713381836292,cruise,False,True,True,True,True,-3.35256715292968
K25-010,416,2056.713381836292,2057.747815758087,cruise,False,True,True,True,True,-3.375672459135643
K25-010,417,2057.747815758087,2058.7822496798963,cruise,False,True,True,True,True,-3.3987165789254306
K25-010,418,2058.7822496798963,2059.8166836017053,cruise,False,True,True,True,True,-3.4216998349092194
K25-010,419,2059.8166836017053,2060.8511175235144,cruise,False,True,True,True,True,-3.444622547157522
K25-010,420,2060.8511175235144,2061.8855514453235,cruise,False,True,True,True,True,-3.4674850332289395
K25-010,421,2061.8855514453235,2062.919985367119,cruise,False,True,True,True,True,-3.4902876081924177
K25-010,422,2062.919985367119,2063.9544192889143,cruise,False,True,True,True,True,-3.5130305846569314
K25-010,423,2063.9544192889143,2064.9888532107366,cruise,False,True,True,True,True,-3.535714272795559
K25-010,424,2064.9888532107366,2066.023287132559,cruise,False,True,True,True,True,-3.558338980369996
K25-010,425,2066.023287132559,2067.0577210543543,cruise,False,True,True,True,True,-3.5809050127553235
K25-010,426,2067.0577210543543,2068.0921549761497,cruise,False,True,True,True,True,-3.6034126729666554
K25-010,427,2068.0921549761497,2068.798754380528,cruise,False,True,True,True,True,-3.6187537682833977
K25-010,428,2068.798754380528,2069.505353784906,cruise,False,True,True,True,True,-3.6340678629302516
K25-010,429,2069.505353784906,2069.8331883023234,cruise,False,True,True,True,True,-3.6411638612682538
K25-010,430,2069.8331883023234,2070.1610228197405,cruise,False,True,True,True,True,-3.6482540772656193
K25-010,431,2070.1610228197405,2071.195456741563,cruise,False,True,True,True,True,-3.670588415793034
K25-010,432,2071.195456741563,2072.229890663385,cruise,False,True,True,True,True,-3.692865571072687
K25-010,433,2072.229890663385,2073.2643245851805,cruise,False,True,True,True,True,-3.715085834669182
K25-010,434,2073.2643245851805,2074.298758506976,cruise,False,True,True,True,True,-3.7372494959280402
K25-010,435,2074.298758506976,2075.333192428785,cruise,False,True,True,True,True,-3.7593568419973167
K25-010,436,2075.333192428785,2076.367626350594,cruise,False,True,True,True,True,-3.781408157847224
K25-010,437,2076.367626350594,2077.402060272403,cruise,False,True,True,True,True,-3.8034037262962244
K25-010,438,2077.402060272403,2078.436494194212,cruise,False,True,True,True,True,-3.8253438280280534
K25-010,439,2078.436494194212,2079.4709281160076,cruise,False,True,True,True,True,-3.8472287416171866
K25-010,440,2079.4709281160076,2080.505362037803,cruise,False,True,True,True,True,-3.8690587435483508
K25-010,441,2080.505362037803,2081.5397959596253,cruise,False,True,True,True,True,-3.8908341082365467
K25-010,442,2081.5397959596253,2082.5742298814475,cruise,False,True,True,True,True,-3.912555108048764
K25-010,443,2082.5742298814475,2083.608663803243,cruise,False,True,True,True,True,-3.934222013322227
K25-010,444,2083.608663803243,2084.6430977250384,cruise,False,True,True,True,True,-3.95583509238827
K25-010,445,2084.6430977250384,2085.677531646834,cruise,False,True,True,True,True,-3.977394611587343
K25-010,446,2085.677531646834,2086.7119655686297,cruise,False,True,True,True,True,-3.9989008352942648
K25-010,447,2086.7119655686297,2087.746399490452,cruise,False,True,True,True,True,-4.020354025933074
K25-010,448,2087.746399490452,2088.780833412274,cruise,False,True,True,True,True,-4.041754443995018
K25-010,449,2088.780833412274,2088.9412095351377,cruise,False,True,True,True,True,-4.045067604388777
K25-010,450,2088.9412095351377,2089.101585658001,cruise,False,True,True,True,True,-4.048379503485592
K25-010,451,2089.101585658001,2089.9756434569335,cruise,False,True,True,True,True,-4.066407389845239
K25-010,452,2089.9756434569335,2090.849701255866,cruise,False,True,True,True,True,-4.084397994825437
K25-010,453,2090.849701255866,2091.884135177675,cruise,False,True,True,True,True,-4.10564163909811
K25-010,454,2091.884135177675,2092.918569099484,cruise,False,True,True,True,True,-4.1268335338379245
K25-010,455,2092.918569099484,2093.953003021293,cruise,False,True,True,True,True,-4.14797393016363
K25-010,456,2093.953003021293,2094.9874369431022,cruise,False,True,True,True,True,-4.1690630773777855
K25-010,457,2094.9874369431022,2096.0218708648977,cruise,False,True,True,True,True,-4.190101222972444
K25-010,458,2096.0218708648977,2097.0563047866935,cruise,False,True,True,True,True,-4.211088612660461
K25-010,459,2097.0563047866935,2098.0907387085026,cruise,False,True,True,True,True,-4.23202549038362
K25-010,460,2098.0907387085026,2099.1251726303117,cruise,False,True,True,True,True,-4.252912098329745
K25-010,461,2099.1251726303117,2100.1596065521207,cruise,False,True,True,True,True,-4.2737486769572115
K25-010,462,2100.1596065521207,2101.1940404739294,cruise,False,True,True,True,True,-4.294535464997978
K25-010,463,2101.1940404739294,2102.228474395725,cruise,False,True,True,True,True,-4.315272699489782
K25-010,464,2102.228474395725,2103.2629083175207,cruise,False,True,True,True,True,-4.335960615779101
K25-010,465,2103.2629083175207,2104.297342239343,cruise,False,True,True,True,True,-4.356599447543985
K25-010,466,2104.297342239343,2105.331776161165,cruise,False,True,True,True,True,-4.37718942680965
K25-010,467,2105.331776161165,2106.3662100829606,cruise,False,True,True,True,True,-4.397730783957428
K25-010,468,2106.3662100829606,2107.4006440047565,cruise,False,True,True,True,True,-4.418223747751043
K25-010,469,2107.4006440047565,2108.0492307689296,cruise,False,True,True,True,True,-4.431048188543912
K25-010,470,2108.0492307689296,2108.697817533103,cruise,False,True,True,True,True,-4.4438537497001676
K25-010,471,2108.697817533103,2109.0836646907255,cruise,False,True,True,True,True,-4.4514629012301015
K25-010,472,2109.0836646907255,2109.4695118483482,cruise,False,True,True,True,True,-4.459065402291486
K25-010,473,2109.4695118483482,2110.5039457701705,cruise,False,True,True,True,True,-4.4794145425798035
K25-010,474,2110.5039457701705,2111.5383796919928,cruise,False,True,True,True,True,-4.499716188623381
K25-010,475,2111.5383796919928,2112.572813613788,cruise,False,True,True,True,True,-4.5199705612920695
K25-010,476,2112.572813613788,2113.607247535584,cruise,False,True,True,True,True,-4.5401778799176356
K25-010,477,2113.607247535584,2114.641681457393,cruise,False,True,True,True,True,-4.56033836231353
K25-010,478,2114.641681457393,2115.676115379202,cruise,False,True,True,True,True,-4.580452224784523
K25-010,479,2115.676115379202,2116.7105493010113,cruise,False,True,True,True,True,-4.600519682144508
K25-010,480,2116.7105493010113,2117.7449832228203,cruise,False,True,True,True,True,-4.6205409477267665
K25-010,481,2117.7449832228203,2118.7794171446158,cruise,False,True,True,True,True,-4.640516233398529
K25-010,482,2118.7794171446158,2119.813851066411,cruise,False,True,True,True,True,-4.660445749576226
K25-010,483,2119.813851066411,2120.8482849882334,cruise,False,True,True,True,True,-4.680329705236332
K25-010,484,2120.8482849882334,2121.8827189100557,cruise,False,True,True,True,True,-4.7001683079291325
K25-010,485,2121.8827189100557,2122.917152831851,cruise,False,True,True,True,True,-4.7199617637930515
K25-010,486,2122.917152831851,2123.951586753647,cruise,False,True,True,True,True,-4.739710277563404
K25-010,487,2123.951586753647,2124.9860206754424,cruise,False,True,True,True,True,-4.759414052590756
K25-010,488,2124.9860206754424,2126.020454597238,cruise,False,True,True,True,True,-4.7790732908496665
K25-010,489,2126.020454597238,2127.05488851906,cruise,False,True,True,True,True,-4.798688192951843
K25-010,490,2127.05488851906,2128.0893224408824,cruise,False,True,True,True,True,-4.818258958158069
K25-010,491,2128.0893224408824,2128.1916859235403,cruise,False,True,True,True,True,-4.820193211181092
K25-010,492,2128.1916859235403,2128.294049406198,cruise,False,True,True,True,True,-4.822127034132194
K25-010,493,2128.294049406198,2129.2261198453357,cruise,False,True,True,True,True,-4.839715700096974
K25-010,494,2129.2261198453357,2130.158190284473,cruise,False,True,True,True,True,-4.857268868244063
K25-010,495,2130.158190284473,2131.1926242062823,cruise,False,True,True,True,True,-4.87670840500175
K25-010,496,2131.1926242062823,2132.2270581280914,cruise,False,True,True,True,True,-4.896104588640156
K25-010,497,2132.2270581280914,2133.2614920499004,cruise,False,True,True,True,True,-4.91545761184662
K25-010,498,2133.2614920499004,2134.2959259717095,cruise,False,True,True,True,True,-4.934767666027668
K25-010,499,2134.2959259717095,2135.330359893505,cruise,False,True,True,True,True,-4.954034941320245
K25-010,500,2135.330359893505,2136.3647938153003,cruise,False,True,True,True,True,-4.973259626604715
K25-010,501,2136.3647938153003,2137.3992277371094,cruise,False,True,True,True,True,-4.992441909514838
K25-010,502,2137.3992277371094,2138.4336616589185,cruise,False,True,True,True,True,-5.0115819764475305
K25-010,503,2138.4336616589185,2139.4680955807275,cruise,False,True,True,True,True,-5.030680012576511
K25-010,504,2139.4680955807275,2140.5025295025366,cruise,False,True,True,True,True,-5.049736201861023
K25-010,505,2140.5025295025366,2141.536963424332,cruise,False,True,True,True,True,-5.068750727055175
K25-010,506,2141.536963424332,2142.5713973461275,cruise,False,True,True,True,True,-5.087723769722089
K25-010,507,2142.5713973461275,2143.6058312679497,cruise,False,True,True,True,True,-5.1066555102403015
K25-010,508,2143.6058312679497,2144.640265189772,cruise,False,True,True,True,True,-5.125546127817898
K25-010,509,2144.640265189772,2145.6746991115674,cruise,False,True,True,True,True,-5.144395800498529
K25-010,510,2145.6746991115674,2146.709133033363,cruise,False,True,True,True,True,-5.1632047051749765
K25-010,511,2146.709133033363,2147.2997071563277,cruise,False,True,True,True,True,-5.1739247820882355
K25-010,512,2147.2997071563277,2147.8902812792926,cruise,False,True,True,True,True,-5.184631660748622
K25-010,513,2147.8902812792926,2148.334141078123,cruise,False,True,True,True,True,-5.192669998146755
K25-010,514,2148.334141078123,2148.7780008769537,cruise,False,True,True,True,True,-5.200700912380199
K25-010,515,2148.7780008769537,2149.812434798776,cruise,False,True,True,True,True,-5.2193885630214965
K25-010,516,2149.812434798776,2150.846868720598,cruise,False,True,True,True,True,-5.238036141900054
K25-010,517,2150.846868720598,2151.8813026423936,cruise,False,True,True,True,True,-5.256643820292737
K25-010,518,2151.8813026423936,2152.915736564189,cruise,False,True,True,True,True,-5.275211768382945
K25-010,519,2152.915736564189,2153.950170485998,cruise,False,True,True,True,True,-5.2937401552667325
K25-010,520,2153.950170485998,2154.984604407807,cruise,False,True,True,True,True,-5.312229148966992
K25-010,521,2154.984604407807,2156.0190383296163,cruise,False,True,True,True,True,-5.330678916436142
K25-010,522,2156.0190383296163,2157.0534722514253,cruise,False,True,True,True,True,-5.3490896235732635
K25-010,523,2157.0534722514253,2158.0879061732207,cruise,False,True,True,True,True,-5.367461435225124
K25-010,524,2158.0879061732207,2159.122340095016,cruise,False,True,True,True,True,-5.385794515197958
K25-010,525,2159.122340095016,2160.1567740168384,cruise,False,True,True,True,True,-5.404089026270384
K25-010,526,2160.1567740168384,2161.1912079386607,cruise,False,True,True,True,True,-5.422345130193193
K25-010,527,2161.1912079386607,2162.225641860456,cruise,False,True,True,True,True,-5.440562987706741
K25-010,528,2162.225641860456,2163.2600757822515,cruise,False,True,True,True,True,-5.458742758544616
K25-010,529,2163.2600757822515,2164.2945097040474,cruise,False,True,True,True,True,-5.476884601441
K25-010,530,2164.2945097040474,2165.328943625843,cruise,False,True,True,True,True,-5.494988674144508
K25-010,531,2165.328943625843,2166.363377547665,cruise,False,True,True,True,True,-5.513055133419641
K25-010,532,2166.363377547665,2167.3978114694874,cruise,False,True,True,True,True,-5.531084135060411
K25-010,533,2167.3978114694874,2167.44216231194,cruise,False,True,True,True,True,-5.531856284526754
K25-010,534,2167.44216231194,2167.486513154393,cruise,False,True,True,True,True,-5.532628365435073
K25-010,535,2167.486513154393,2168.476596233736,cruise,False,True,True,True,True,-5.549846387466815
K25-010,536,2168.476596233736,2169.466679313079,cruise,False,True,True,True,True,-5.567030383789074
K25-010,537,2169.466679313079,2170.501113234888,cruise,False,True,True,True,True,-5.584947937672197
K25-010,538,2170.501113234888,2171.5355471566972,cruise,False,True,True,True,True,-5.60282864752088
K25-010,539,2171.5355471566972,2172.5699810785063,cruise,False,True,True,True,True,-5.620672664384102
K25-010,540,2172.5699810785063,2173.6044150003154,cruise,False,True,True,True,True,-5.6384801383835
K25-010,541,2173.6044150003154,2174.6388489221113,cruise,False,True,True,True,True,-5.656251218719802
K25-010,542,2174.6388489221113,2175.6732828439067,cruise,False,True,True,True,True,-5.673986053687429
K25-010,543,2175.6732828439067,2176.7077167657158,cruise,False,True,True,True,True,-5.691684790673122
K25-010,544,2176.7077167657158,2177.742150687525,cruise,False,True,True,True,True,-5.709347576170586
K25-010,545,2177.742150687525,2178.7765846093334,cruise,False,True,True,True,True,-5.7269745557816805
K25-010,546,2178.7765846093334,2179.8110185311425,cruise,False,True,True,True,True,-5.7445658742288686
K25-010,547,2179.8110185311425,2180.8454524529384,cruise,False,True,True,True,True,-5.762121675359282
K25-010,548,2180.8454524529384,2181.879886374734,cruise,False,True,True,True,True,-5.779642102150802
K25-010,549,2181.879886374734,2182.914320296556,cruise,False,True,True,True,True,-5.797127296723303
K25-010,550,2182.914320296556,2183.9487542183783,cruise,False,True,True,True,True,-5.8145774003397435
K25-010,551,2183.9487542183783,2184.702897924723,cruise,False,True,True,True,True,-5.827277187656819
K25-010,552,2184.702897924723,2185.4570416310676,cruise,False,True,True,True,True,-5.839958452931626
K25-010,553,2185.4570416310676,2270.4266247609503,descent,False,True,True,True,True,-5.839958452931626
K25-010,554,2270.4266247609503,2666.4266247609503,handoff,False,True,True,True,True,-5.835887289603264
K25-010,555,2666.4266247609503,2734.4022912648566,return_climb,False,True,True,True,True,-5.839958452931626
K25-010,556,2734.4022912648566,2735.156434971201,return_cruise,False,True,True,True,True,-5.839958452931626
K25-010,557,2735.156434971201,2735.910578677546,return_cruise,False,True,True,True,True,-5.827277187656819
K25-010,558,2735.910578677546,2736.945012599368,return_cruise,False,True,True,True,True,-5.8145774003397435
K25-010,559,2736.945012599368,2737.9794465211903,return_cruise,False,True,True,True,True,-5.797127296723303
K25-010,560,2737.9794465211903,2739.0138804429857,return_cruise,False,True,True,True,True,-5.779642102150802
K25-010,561,2739.0138804429857,2740.0483143647816,return_cruise,False,True,True,True,True,-5.762121675359282
K25-010,562,2740.0483143647816,2741.0827482865907,return_cruise,False,True,True,True,True,-5.7445658742288686
K25-010,563,2741.0827482865907,2742.1171822083993,return_cruise,False,True,True,True,True,-5.7269745557816805
K25-010,564,2742.1171822083993,2743.1516161302084,return_cruise,False,True,True,True,True,-5.709347576170586
K25-010,565,2743.1516161302084,2744.1860500520174,return_cruise,False,True,True,True,True,-5.691684790673122
K25-010,566,2744.1860500520174,2745.220483973813,return_cruise,False,True,True,True,True,-5.673986053687429
K25-010,567,2745.220483973813,2746.2549178956087,return_cruise,False,True,True,True,True,-5.656251218719802
K25-010,568,2746.2549178956087,2747.289351817418,return_cruise,False,True,True,True,True,-5.6384801383835
K25-010,569,2747.289351817418,2748.323785739227,return_cruise,False,True,True,True,True,-5.620672664384102
K25-010,570,2748.323785739227,2749.358219661036,return_cruise,False,True,True,True,True,-5.60282864752088
K25-010,571,2749.358219661036,2750.392653582845,return_cruise,False,True,True,True,True,-5.584947937671657
K25-010,572,2750.392653582845,2751.382736662188,return_cruise,False,True,True,True,True,-5.567030383789074
K25-010,573,2751.382736662188,2752.372819741531,return_cruise,False,True,True,True,True,-5.549846387466815
K25-010,574,2752.372819741531,2752.417170583984,return_cruise,False,True,True,True,True,-5.532628365435073
K25-010,575,2752.417170583984,2752.461521426437,return_cruise,False,True,True,True,True,-5.531856284526754
K25-010,576,2752.461521426437,2753.495955348259,return_cruise,False,True,True,True,True,-5.531084135060411
K25-010,577,2753.495955348259,2754.5303892700813,return_cruise,False,True,True,True,True,-5.513055133419641
K25-010,578,2754.5303892700813,2755.5648231918767,return_cruise,False,True,True,True,True,-5.494988674144508
K25-010,579,2755.5648231918767,2756.5992571136726,return_cruise,False,True,True,True,True,-5.476884601441
K25-010,580,2756.5992571136726,2757.633691035468,return_cruise,False,True,True,True,True,-5.458742758544616
K25-010,581,2757.633691035468,2758.6681249572634,return_cruise,False,True,True,True,True,-5.440562987706741
K25-010,582,2758.6681249572634,2759.7025588790857,return_cruise,False,True,True,True,True,-5.422345130193193
K25-010,583,2759.7025588790857,2760.736992800908,return_cruise,False,True,True,True,True,-5.404089026270384
K25-010,584,2760.736992800908,2761.7714267227034,return_cruise,False,True,True,True,True,-5.385794515197958
K25-010,585,2761.7714267227034,2762.805860644499,return_cruise,False,True,True,True,True,-5.367461435225124
K25-010,586,2762.805860644499,2763.840294566308,return_cruise,False,True,True,True,True,-5.3490896235732635
K25-010,587,2763.840294566308,2764.874728488117,return_cruise,False,True,True,True,True,-5.330678916436142
K25-010,588,2764.874728488117,2765.909162409926,return_cruise,False,True,True,True,True,-5.312229148966992
K25-010,589,2765.909162409926,2766.943596331735,return_cruise,False,True,True,True,True,-5.293740155266178
K25-010,590,2766.943596331735,2767.9780302535305,return_cruise,False,True,True,True,True,-5.275211768382945
K25-010,591,2767.9780302535305,2769.012464175326,return_cruise,False,True,True,True,True,-5.256643820292737
K25-010,592,2769.012464175326,2770.046898097148,return_cruise,False,True,True,True,True,-5.238036141900054
K25-010,593,2770.046898097148,2771.0813320189704,return_cruise,False,True,True,True,True,-5.2193885630214965
K25-010,594,2771.0813320189704,2771.525191817801,return_cruise,False,True,True,True,True,-5.200700912380199
K25-010,595,2771.525191817801,2771.9690516166315,return_cruise,False,True,True,True,True,-5.192669998146755
K25-010,596,2771.9690516166315,2772.5596257395964,return_cruise,False,True,True,True,True,-5.184631660748622
K25-010,597,2772.5596257395964,2773.1501998625613,return_cruise,False,True,True,True,True,-5.1739247820882355
K25-010,598,2773.1501998625613,2774.1846337843567,return_cruise,False,True,True,True,True,-5.1632047051749765
K25-010,599,2774.1846337843567,2775.219067706152,return_cruise,False,True,True,True,True,-5.144395800498529
K25-010,600,2775.219067706152,2776.2535016279744,return_cruise,False,True,True,True,True,-5.125546127817898
K25-010,601,2776.2535016279744,2777.2879355497967,return_cruise,False,True,True,True,True,-5.1066555102403015
K25-010,602,2777.2879355497967,2778.322369471592,return_cruise,False,True,True,True,True,-5.087723769722089
K25-010,603,2778.322369471592,2779.3568033933875,return_cruise,False,True,True,True,True,-5.068750727055175
K25-010,604,2779.3568033933875,2780.3912373151966,return_cruise,False,True,True,True,True,-5.049736201861023
K25-010,605,2780.3912373151966,2781.4256712370056,return_cruise,False,True,True,True,True,-5.030680012576511
K25-010,606,2781.4256712370056,2782.4601051588147,return_cruise,False,True,True,True,True,-5.0115819764475305
K25-010,607,2782.4601051588147,2783.494539080624,return_cruise,False,True,True,True,True,-4.99244190951427
K25-010,608,2783.494539080624,2784.528973002419,return_cruise,False,True,True,True,True,-4.973259626604715
K25-010,609,2784.528973002419,2785.5634069242146,return_cruise,False,True,True,True,True,-4.954034941320245
K25-010,610,2785.5634069242146,2786.5978408460237,return_cruise,False,True,True,True,True,-4.934767666027668
K25-010,611,2786.5978408460237,2787.6322747678328,return_cruise,False,True,True,True,True,-4.915457611847188
K25-010,612,2787.6322747678328,2788.666708689642,return_cruise,False,True,True,True,True,-4.896104588640156
K25-010,613,2788.666708689642,2789.701142611451,return_cruise,False,True,True,True,True,-4.87670840500175
K25-010,614,2789.701142611451,2790.6332130505884,return_cruise,False,True,True,True,True,-4.857268868244063
K25-010,615,2790.6332130505884,2791.565283489726,return_cruise,False,True,True,True,True,-4.839715700096974
K25-010,616,2791.565283489726,2791.667646972384,return_cruise,False,True,True,True,True,-4.822127034132194
K25-010,617,2791.667646972384,2791.7700104550418,return_cruise,False,True,True,True,True,-4.820193211181092
K25-010,618,2791.7700104550418,2792.804444376864,return_cruise,False,True,True,True,True,-4.818258958158069
K25-010,619,2792.804444376864,2793.8388782986863,return_cruise,False,True,True,True,True,-4.798688192951843
K25-010,620,2793.8388782986863,2794.8733122204817,return_cruise,False,True,True,True,True,-4.7790732908496665
K25-010,621,2794.8733122204817,2795.907746142277,return_cruise,False,True,True,True,True,-4.759414052590756
K25-010,622,2795.907746142277,2796.942180064073,return_cruise,False,True,True,True,True,-4.739710277563404
K25-010,623,2796.942180064073,2797.9766139858684,return_cruise,False,True,True,True,True,-4.7199617637930515
K25-010,624,2797.9766139858684,2799.0110479076907,return_cruise,False,True,True,True,True,-4.7001683079291325
K25-010,625,2799.0110479076907,2800.045481829513,return_cruise,False,True,True,True,True,-4.680329705236332
K25-010,626,2800.045481829513,2801.0799157513084,return_cruise,False,True,True,True,True,-4.660445749576226
K25-010,627,2801.0799157513084,2802.114349673104,return_cruise,False,True,True,True,True,-4.640516233398529
K25-010,628,2802.114349673104,2803.148783594913,return_cruise,False,True,True,True,True,-4.6205409477267665
K25-010,629,2803.148783594913,2804.183217516722,return_cruise,False,True,True,True,True,-4.600519682144508
K25-010,630,2804.183217516722,2805.217651438531,return_cruise,False,True,True,True,True,-4.580452224784523
K25-010,631,2805.217651438531,2806.25208536034,return_cruise,False,True,True,True,True,-4.56033836231353
K25-010,632,2806.25208536034,2807.286519282136,return_cruise,False,True,True,True,True,-4.5401778799176356
K25-010,633,2807.286519282136,2808.3209532039314,return_cruise,False,True,True,True,True,-4.5199705612920695
K25-010,634,2808.3209532039314,2809.3553871257536,return_cruise,False,True,True,True,True,-4.499716188623381
K25-010,635,2809.3553871257536,2810.389821047576,return_cruise,False,True,True,True,True,-4.4794145425798035
K25-010,636,2810.389821047576,2810.7756682051986,return_cruise,False,True,True,True,True,-4.459065402291486
K25-010,637,2810.7756682051986,2811.1615153628213,return_cruise,False,True,True,True,True,-4.4514629012301015
K25-010,638,2811.1615153628213,2811.8101021269945,return_cruise,False,True,True,True,True,-4.4438537497001676
K25-010,639,2811.8101021269945,2812.4586888911676,return_cruise,False,True,True,True,True,-4.431048188543912
K25-010,640,2812.4586888911676,2813.4931228129635,return_cruise,False,True,True,True,True,-4.418223747751043
K25-010,641,2813.4931228129635,2814.527556734759,return_cruise,False,True,True,True,True,-4.397730783957428
K25-010,642,2814.527556734759,2815.561990656581,return_cruise,False,True,True,True,True,-4.37718942680965
K25-010,643,2815.561990656581,2816.5964245784035,return_cruise,False,True,True,True,True,-4.356599447543985
K25-010,644,2816.5964245784035,2817.6308585001993,return_cruise,False,True,True,True,True,-4.335960615779101
K25-010,645,2817.6308585001993,2818.6652924219948,return_cruise,False,True,True,True,True,-4.315272699489782
K25-010,646,2818.6652924219948,2819.6997263438034,return_cruise,False,True,True,True,True,-4.294535464997978
K25-010,647,2819.6997263438034,2820.7341602656124,return_cruise,False,True,True,True,True,-4.2737486769572115
K25-010,648,2820.7341602656124,2821.7685941874215,return_cruise,False,True,True,True,True,-4.252912098329745
K25-010,649,2821.7685941874215,2822.8030281092306,return_cruise,False,True,True,True,True,-4.23202549038362
K25-010,650,2822.8030281092306,2823.8374620310265,return_cruise,False,True,True,True,True,-4.211088612660461
K25-010,651,2823.8374620310265,2824.871895952822,return_cruise,False,True,True,True,True,-4.190101222972444
K25-010,652,2824.871895952822,2825.906329874631,return_cruise,False,True,True,True,True,-4.1690630773777855
K25-010,653,2825.906329874631,2826.94076379644,return_cruise,False,True,True,True,True,-4.14797393016363
K25-010,654,2826.94076379644,2827.975197718249,return_cruise,False,True,True,True,True,-4.1268335338379245
K25-010,655,2827.975197718249,2829.009631640058,return_cruise,False,True,True,True,True,-4.105641639097485
K25-010,656,2829.009631640058,2829.8836894389906,return_cruise,False,True,True,True,True,-4.084397994825437
K25-010,657,2829.8836894389906,2830.757747237923,return_cruise,False,True,True,True,True,-4.066407389845239
K25-010,658,2830.757747237923,2830.9181233607865,return_cruise,False,True,True,True,True,-4.048379503485592
K25-010,659,2830.9181233607865,2831.07849948365,return_cruise,False,True,True,True,True,-4.045067604388777
K25-010,660,2831.07849948365,2832.112933405472,return_cruise,False,True,True,True,True,-4.041754443995018
K25-010,661,2832.112933405472,2833.1473673272944,return_cruise,False,True,True,True,True,-4.020354025933074
K25-010,662,2833.1473673272944,2834.1818012490903,return_cruise,False,True,True,True,True,-3.9989008352942648
K25-010,663,2834.1818012490903,2835.2162351708857,return_cruise,False,True,True,True,True,-3.977394611587343
K25-010,664,2835.2162351708857,2836.250669092681,return_cruise,False,True,True,True,True,-3.95583509238827
K25-010,665,2836.250669092681,2837.2851030144766,return_cruise,False,True,True,True,True,-3.934222013322227
K25-010,666,2837.2851030144766,2838.319536936299,return_cruise,False,True,True,True,True,-3.912555108048764
K25-010,667,2838.319536936299,2839.353970858121,return_cruise,False,True,True,True,True,-3.8908341082365467
K25-010,668,2839.353970858121,2840.3884047799165,return_cruise,False,True,True,True,True,-3.8690587435483366
K25-010,669,2840.3884047799165,2841.422838701712,return_cruise,False,True,True,True,True,-3.8472287416171866
K25-010,670,2841.422838701712,2842.457272623521,return_cruise,False,True,True,True,True,-3.8253438280280534
K25-010,671,2842.457272623521,2843.49170654533,return_cruise,False,True,True,True,True,-3.8034037262962244
K25-010,672,2843.49170654533,2844.526140467139,return_cruise,False,True,True,True,True,-3.781408157847224
K25-010,673,2844.526140467139,2845.560574388948,return_cruise,False,True,True,True,True,-3.7593568419966488
K25-010,674,2845.560574388948,2846.5950083107437,return_cruise,False,True,True,True,True,-3.7372494959280402
K25-010,675,2846.5950083107437,2847.629442232539,return_cruise,False,True,True,True,True,-3.715085834669182
K25-010,676,2847.629442232539,2848.6638761543613,return_cruise,False,True,True,True,True,-3.692865571072687
K25-010,677,2848.6638761543613,2849.6983100761836,return_cruise,False,True,True,True,True,-3.670588415793034
K25-010,678,2849.6983100761836,2850.0261445936007,return_cruise,False,True,True,True,True,-3.6482540772656193
K25-010,679,2850.0261445936007,2850.353979111018,return_cruise,False,True,True,True,True,-3.6411638612682538
K25-010,680,2850.353979111018,2851.060578515396,return_cruise,False,True,True,True,True,-3.6340678629302516
K25-010,681,2851.060578515396,2851.7671779197744,return_cruise,False,True,True,True,True,-3.6187537682833977
K25-010,682,2851.7671779197744,2852.80161184157,return_cruise,False,True,True,True,True,-3.6034126729666554
K25-010,683,2852.80161184157,2853.8360457633653,return_cruise,False,True,True,True,True,-3.5809050127553235
K25-010,684,2853.8360457633653,2854.8704796851875,return_cruise,False,True,True,True,True,-3.558338980369996
K25-010,685,2854.8704796851875,2855.90491360701,return_cruise,False,True,True,True,True,-3.535714272795559
K25-010,686,2855.90491360701,2856.9393475288052,return_cruise,False,True,True,True,True,-3.5130305846569314
K25-010,687,2856.9393475288052,2857.9737814506007,return_cruise,False,True,True,True,True,-3.4902876081924177
K25-010,688,2857.9737814506007,2859.0082153724097,return_cruise,False,True,True,True,True,-3.4674850332289395
K25-010,689,2859.0082153724097,2860.042649294219,return_cruise,False,True,True,True,True,-3.444622547157522
K25-010,690,2860.042649294219,2861.077083216028,return_cruise,False,True,True,True,True,-3.4216998349092194
K25-010,691,2861.077083216028,2862.111517137837,return_cruise,False,True,True,True,True,-3.3987165789254306
K25-010,692,2862.111517137837,2863.1459510596324,return_cruise,False,True,True,True,True,-3.375672459135643
K25-010,693,2863.1459510596324,2864.180384981428,return_cruise,False,True,True,True,True,-3.35256715292968
K25-010,694,2864.180384981428,2865.214818903237,return_cruise,False,True,True,True,True,-3.329400335128639
K25-010,695,2865.214818903237,2866.249252825046,return_cruise,False,True,True,True,True,-3.3061716779601653
K25-010,696,2866.249252825046,2867.283686746855,return_cruise,False,True,True,True,True,-3.2828808510313365
K25-010,697,2867.283686746855,2868.318120668664,return_cruise,False,True,True,True,True,-3.2595275212970307
K25-010,698,2868.318120668664,2869.134165826388,return_cruise,False,True,True,True,True,-3.236111353035568
K25-010,699,2869.134165826388,2869.9502109841123,return_cruise,False,True,True,True,True,-3.2175942240658344
K25-010,700,2869.9502109841123,2870.1685997481836,return_cruise,False,True,True,True,True,-3.199037610690141
K25-010,701,2870.1685997481836,2870.386988512255,return_cruise,False,True,True,True,True,-3.194064799163314
K25-010,702,2870.386988512255,2871.421422434077,return_cruise,False,True,True,True,True,-3.1890891444808744
K25-010,703,2871.421422434077,2872.4558563558994,return_cruise,False,True,True,True,True,-3.1654824190906083
K25-010,704,2872.4558563558994,2873.490290277695,return_cruise,False,True,True,True,True,-3.1418114849229966
K25-010,705,2873.490290277695,2874.5247241994903,return_cruise,False,True,True,True,True,-3.1180759924263697
K25-010,706,2874.5247241994903,2875.5591581212857,return_cruise,False,True,True,True,True,-3.0942755891919376
K25-010,707,2875.5591581212857,2876.5935920430816,return_cruise,False,True,True,True,True,-3.0704099199239607
K25-010,708,2876.5935920430816,2877.628025964904,return_cruise,False,True,True,True,True,-3.0464786264059427
K25-010,709,2877.628025964904,2878.662459886726,return_cruise,False,True,True,True,True,-3.022481347473388
K25-010,710,2878.662459886726,2879.6968938085215,return_cruise,False,True,True,True,True,-2.9984177189741814
K25-010,711,2879.6968938085215,2880.731327730317,return_cruise,False,True,True,True,True,-2.9742873737435787
K25-010,712,2880.731327730317,2881.765761652126,return_cruise,False,True,True,True,True,-2.9500899415630073
K25-010,713,2881.765761652126,2882.800195573935,return_cruise,False,True,True,True,True,-2.9258250491338487
K25-010,714,2882.800195573935,2883.834629495744,return_cruise,False,True,True,True,True,-2.9014923200376757
K25-010,715,2883.834629495744,2884.869063417553,return_cruise,False,True,True,True,True,-2.877091374701351
K25-010,716,2884.869063417553,2885.9034973393486,return_cruise,False,True,True,True,True,-2.8526218303685056
K25-010,717,2885.9034973393486,2886.9379312611445,return_cruise,False,True,True,True,True,-2.8280833010553295
K25-010,718,2886.9379312611445,2887.9723651829668,return_cruise,False,True,True,True,True,-2.803475397519634
K25-010,719,2887.9723651829668,2889.006799104789,return_cruise,False,True,True,True,True,-2.7787977272220985
K25-010,720,2889.006799104789,2889.2766209820006,return_cruise,False,True,True,True,True,-2.754049894288954
K25-010,721,2889.2766209820006,2889.546442859212,return_cruise,False,True,True,True,True,-2.7475830795032437
K25-010,722,2889.546442859212,2890.311054903796,return_cruise,False,True,True,True,True,-2.741111456752151
K25-010,723,2890.311054903796,2891.07566694838,return_cruise,False,True,True,True,True,-2.722746213248783
K25-010,724,2891.07566694838,2892.1101008701753,return_cruise,False,True,True,True,True,-2.7043421401306063
K25-010,725,2892.1101008701753,2893.144534791971,return_cruise,False,True,True,True,True,-2.6793814101474283
K25-010,726,2893.144534791971,2894.1789687137934,return_cruise,False,True,True,True,True,-2.654348899934348
K25-010,727,2894.1789687137934,2895.2134026356157,return_cruise,False,True,True,True,True,-2.6292441963701094
K25-010,728,2895.2134026356157,2896.247836557411,return_cruise,False,True,True,True,True,-2.604066882769274
K25-010,729,2896.247836557411,2897.282270479207,return_cruise,False,True,True,True,True,-2.578816538831319
K25-010,730,2897.282270479207,2898.316704401016,return_cruise,False,True,True,True,True,-2.553492740607723
K25-010,731,2898.316704401016,2899.3511383228247,return_cruise,False,True,True,True,True,-2.528095060450852
K25-010,732,2899.3511383228247,2900.3855722446337,return_cruise,False,True,True,True,True,-2.5026230669837872
K25-010,733,2900.3855722446337,2901.420006166443,return_cruise,False,True,True,True,True,-2.477076325044038
K25-010,734,2901.420006166443,2902.4544400882382,return_cruise,False,True,True,True,True,-2.4514543956418606
K25-010,735,2902.4544400882382,2903.488874010034,return_cruise,False,True,True,True,True,-2.4257568359277855
K25-010,736,2903.488874010034,2904.5233079318564,return_cruise,False,True,True,True,True,-2.399983199125927
K25-010,737,2904.5233079318564,2905.5577418536786,return_cruise,False,True,True,True,True,-2.3741330345066842
K25-010,738,2905.5577418536786,2906.592175775474,return_cruise,False,True,True,True,True,-2.348205887330977
K25-010,739,2906.592175775474,2907.62660969727,return_cruise,False,True,True,True,True,-2.3222012988027814
K25-010,740,2907.62660969727,2908.384642214789,return_cruise,False,True,True,True,True,-2.2961188060242392
K25-010,741,2908.384642214789,2909.142674732308,return_cruise,False,True,True,True,True,-2.2769558408229784
K25-010,742,2909.142674732308,2909.419076136585,return_cruise,False,True,True,True,True,-2.2577506054992114
K25-010,743,2909.419076136585,2909.6954775408617,return_cruise,False,True,True,True,True,-2.2507372473415472
K25-010,744,2909.6954775408617,2910.729911462684,return_cruise,False,True,True,True,True,-2.2437182353012872
K25-010,745,2910.729911462684,2911.764345384506,return_cruise,False,True,True,True,True,-2.2173992105954596
K25-010,746,2911.764345384506,2912.7987793063016,return_cruise,False,True,True,True,True,-2.1910003880134212
K25-010,747,2912.7987793063016,2913.8332132280975,return_cruise,False,True,True,True,True,-2.1645212833896323
K25-010,748,2913.8332132280975,2914.867647149893,return_cruise,False,True,True,True,True,-2.137961408143994
K25-010,749,2914.867647149893,2915.9020810716884,return_cruise,False,True,True,True,True,-2.1113202692408066
K25-010,750,2915.9020810716884,2916.9365149935106,return_cruise,False,True,True,True,True,-2.0845973691235287
K25-010,751,2916.9365149935106,2917.970948915333,return_cruise,False,True,True,True,True,-2.0577922056635884
K25-010,752,2917.970948915333,2919.0053828371283,return_cruise,False,True,True,True,True,-2.0309042721074633
K25-010,753,2919.0053828371283,2920.0398167589237,return_cruise,False,True,True,True,True,-2.0039330570135263
K25-010,754,2920.0398167589237,2921.074250680733,return_cruise,False,True,True,True,True,-1.9768780441997222
K25-010,755,2921.074250680733,2922.108684602542,return_cruise,False,True,True,True,True,-1.9497387126803858
K25-010,756,2922.108684602542,2923.143118524351,return_cruise,False,True,True,True,True,-1.9225145366121552
K25-010,757,2923.143118524351,2924.17755244616,return_cruise,False,True,True,True,True,-1.8952049852263713
K25-010,758,2924.17755244616,2925.2119863679554,return_cruise,False,True,True,True,True,-1.8678095227744933
K25-010,759,2925.2119863679554,2926.246420289751,return_cruise,False,True,True,True,True,-1.8403276084621467
K25-010,760,2926.246420289751,2927.280854211573,return_cruise,False,True,True,True,True,-1.8127586963849325
K25-010,761,2927.280854211573,2928.3152881333954,return_cruise,False,True,True,True,True,-1.7851022354662405
K25-010,762,2928.3152881333954,2928.527097369399,return_cruise,False,True,True,True,True,-1.7573576693917516
K25-010,763,2928.527097369399,2928.738906605403,return_cruise,False,True,True,True,True,-1.7516658131267917
K25-010,764,2928.738906605403,2929.5615312911946,return_cruise,False,True,True,True,True,-1.745970234580966
K25-010,765,2929.5615312911946,2930.384155976986,return_cruise,False,True,True,True,True,-1.723814355236172
K25-010,766,2930.384155976986,2931.4185898987816,return_cruise,False,True,True,True,True,-1.7016019699256617
K25-010,767,2931.4185898987816,2932.453023820577,return_cruise,False,True,True,True,True,-1.6735896971089943
K25-010,768,2932.453023820577,2933.4874577423993,return_cruise,False,True,True,True,True,-1.6454870401498596
K25-010,769,2933.4874577423993,2934.5218916642216,return_cruise,False,True,True,True,True,-1.6172934155217717
K25-010,770,2934.5218916642216,2935.556325586017,return_cruise,False,True,True,True,True,-1.5890082340487908
K25-010,771,2935.556325586017,2936.5907595078124,return_cruise,False,True,True,True,True,-1.5606309008285564
K25-010,772,2936.5907595078124,2937.6251934296215,return_cruise,False,True,True,True,True,-1.5321608151556632
K25-010,773,2937.6251934296215,2938.6596273514306,return_cruise,False,True,True,True,True,-1.5035973704498815
K25-010,774,2938.6596273514306,2939.6940612732396,return_cruise,False,True,True,True,True,-1.4749399541811385
K25-010,775,2939.6940612732396,2940.7284951950487,return_cruise,False,True,True,True,True,-1.4461879477854467
K25-010,776,2940.7284951950487,2941.762929116844,return_cruise,False,True,True,True,True,-1.417340726590652
K25-010,777,2941.762929116844,2942.7973630386396,return_cruise,False,True,True,True,True,-1.3883976597361425
K25-010,778,2942.7973630386396,2943.831796960462,return_cruise,False,True,True,True,True,-1.3593581100869727
K25-010,779,2943.831796960462,2944.866230882284,return_cruise,False,True,True,True,True,-1.3302214341538416
K25-010,780,2944.866230882284,2945.9006648040795,return_cruise,False,True,True,True,True,-1.3009869820094195
K25-010,781,2945.9006648040795,2946.935098725875,return_cruise,False,True,True,True,True,-1.271654097200738
K25-010,782,2946.935098725875,2947.6351186031884,return_cruise,False,True,True,True,True,-1.2422221166614094
K25-010,783,2947.6351186031884,2948.335138480502,return_cruise,False,True,True,True,True,-1.222248411722802
K25-010,784,2948.335138480502,2948.669552524984,return_cruise,False,True,True,True,True,-1.2022288102881618
K25-010,785,2948.669552524984,2949.003966569466,return_cruise,False,True,True,True,True,-1.1926487691761594
K25-010,786,2949.003966569466,2950.038400491288,return_cruise,False,True,True,True,True,-1.1830581825226432
K25-010,787,2950.038400491288,2951.0728344131103,return_cruise,False,True,True,True,True,-1.153324868920734
K25-010,788,2951.0728344131103,2952.1072683349057,return_cruise,False,True,True,True,True,-1.123489739393122
K25-010,789,2952.1072683349057,2953.141702256701,return_cruise,False,True,True,True,True,-1.0935520964486471
K25-010,790,2953.141702256701,2954.176136178497,return_cruise,False,True,True,True,True,-1.0635112354246985
K25-010,791,2954.176136178497,2955.2105701002924,return_cruise,False,True,True,True,True,-1.0333664443905093
K25-010,792,2955.2105701002924,2956.2450040221147,return_cruise,False,True,True,True,True,-1.0031170040537063
K25-010,793,2956.2450040221147,2957.279437943937,return_cruise,False,True,True,True,True,-0.9727621876435961
K25-010,794,2957.279437943937,2958.3138718657324,return_cruise,False,True,True,True,True,-0.9423012608285575
K25-010,795,2958.3138718657324,2959.348305787528,return_cruise,False,True,True,True,True,-0.9117334815930604
K25-010,796,2959.348305787528,2960.382739709337,return_cruise,False,True,True,True,True,-0.8810581001371105
K25-010,797,2960.382739709337,2961.417173631146,return_cruise,False,True,True,True,True,-0.8502743587723103
K25-010,798,2961.417173631146,2962.451607552955,return_cruise,False,True,True,True,True,-0.8193814917989357
K25-010,799,2962.451607552955,2963.486041474764,return_cruise,False,True,True,True,True,-0.7883787254087622
K25-010,800,2963.486041474764,2964.52047539656,return_cruise,False,True,True,True,True,-0.7572652775561295
K25-010,801,2964.52047539656,2965.5549093183554,return_cruise,False,True,True,True,True,-0.7260403578501382
K25-010,802,2965.5549093183554,2966.5893432401776,return_cruise,False,True,True,True,True,-0.6947031674339286
K25-010,803,2966.5893432401776,2967.623777162,return_cruise,False,True,True,True,True,-0.6632528988553617
K25-010,804,2967.623777162,2967.7775737577986,return_cruise,False,True,True,True,True,-0.6316887359622996
K25-010,805,2967.7775737577986,2967.9313703535972,return_cruise,False,True,True,True,True,-0.6269860930891298
K25-010,806,2967.9313703535972,2968.8120076795944,return_cruise,False,True,True,True,True,-0.622280911649824
K25-010,807,2968.8120076795944,2969.6926450055917,return_cruise,False,True,True,True,True,-0.5952900837623645
K25-010,808,2969.6926450055917,2970.7270789273875,return_cruise,False,True,True,True,True,-0.568215418287707
K25-010,809,2970.7270789273875,2971.761512849183,return_cruise,False,True,True,True,True,-0.5363045864980194
K25-010,810,2971.761512849183,2972.795946771005,return_cruise,False,True,True,True,True,-0.504276506110827
K25-010,811,2972.795946771005,2973.8303806928275,return_cruise,False,True,True,True,True,-0.4721303154906167
K25-010,812,2973.8303806928275,2974.8648146146234,return_cruise,False,True,True,True,True,-0.43986514349900574
K25-010,813,2974.8648146146234,2975.899248536419,return_cruise,False,True,True,True,True,-0.40748010936837886
K25-010,814,2975.899248536419,2976.9336824582274,return_cruise,False,True,True,True,True,-0.3749743225452562
K25-010,815,2976.9336824582274,2977.9681163800365,return_cruise,False,True,True,True,True,-0.3423468825529312
K25-010,816,2977.9681163800365,2979.0025503018455,return_cruise,False,True,True,True,True,-0.30959687884688947
K25-010,817,2979.0025503018455,2980.0369842236546,return_cruise,False,True,True,True,True,-0.27672339065702545
K25-010,818,2980.0369842236546,2981.0714181454505,return_cruise,False,True,True,True,True,-0.24372548684131345
K25-010,819,2981.0714181454505,2982.105852067246,return_cruise,False,True,True,True,True,-0.210602225729275
K25-010,820,2982.105852067246,2983.140285989068,return_cruise,False,True,True,True,True,-0.17735265495548447
K25-010,821,2983.140285989068,2984.1747199108904,return_cruise,False,True,True,True,True,-0.1439758113095735
K25-010,822,2984.1747199108904,2985.2091538326863,return_cruise,False,True,True,True,True,-0.11047072056088325
K25-010,823,2985.2091538326863,2986.2435877544817,return_cruise,False,True,True,True,True,-0.07683639730238667
K25-010,824,2986.2435877544817,2986.8855949905874,return_cruise,False,True,True,True,True,-0.04307184476573411
K25-010,825,2986.8855949905874,2987.527602226693,return_cruise,False,True,True,True,True,-0.02205040154250071
K25-010,826,2987.527602226693,2987.9200289123833,return_cruise,False,True,True,True,True,-0.00097816391712513
K25-010,827,2987.9200289123833,2988.3124555980735,return_cruise,True,False,True,True,True,0.011927351588710167
K25-010,828,2988.3124555980735,2989.3468895198957,return_cruise,True,False,True,True,True,0.024851993028676134
K25-010,829,2989.3468895198957,2990.381323441718,return_cruise,True,False,True,True,True,0.05901333017760635
K25-010,830,2990.381323441718,2991.415757363514,return_cruise,True,False,True,True,True,0.09330900075117654
K25-010,831,2991.415757363514,2992.4501912853093,return_cruise,True,False,True,True,True,0.1277400609708792
K25-010,832,2992.4501912853093,2993.4846252071184,return_cruise,True,False,True,True,True,0.16230757951232988
K25-010,833,2993.4846252071184,2994.519059128927,return_cruise,True,False,True,True,True,0.19701263770012645
K25-010,834,2994.519059128927,2995.553493050736,return_cruise,True,False,True,True,True,0.23185632970091774
K25-010,835,2995.553493050736,2996.587926972545,return_cruise,True,False,True,True,True,0.26683976273793064
K25-010,836,2996.587926972545,2997.622360894341,return_cruise,True,False,True,True,True,0.30196405729248
K25-010,837,2997.622360894341,2998.6567948161364,return_cruise,True,False,True,True,True,0.3372303473119018
K25-010,838,2998.6567948161364,2999.6912287379455,return_cruise,True,False,True,True,True,0.3726397804328485
K25-010,839,2999.6912287379455,3000.7256626597546,return_cruise,True,False,True,True,True,0.4081935181974927
K25-010,840,3000.7256626597546,3001.7600965815636,return_cruise,True,False,True,True,True,0.4438927362763536
K25-010,841,3001.7600965815636,3002.7945305033722,return_cruise,True,False,True,True,True,0.47973862470094275
K25-010,842,3002.7945305033722,3003.828964425168,return_cruise,True,False,True,True,True,0.5157323880974332
K25-010,843,3003.828964425168,3004.8633983469635,return_cruise,True,False,True,True,True,0.5518752459186373
K25-010,844,3004.8633983469635,3005.897832268786,return_cruise,True,False,True,True,True,0.5881684326965768
K25-010,845,3005.897832268786,3006.932266190608,return_cruise,True,False,True,True,True,0.6246131982862835
K25-010,846,3006.932266190608,3007.028050146201,return_cruise,True,False,True,True,True,0.6612108081161807
K25-010,847,3007.028050146201,3007.1238341017943,return_cruise,True,False,True,True,True,0.6646073598018205
K25-010,848,3007.1238341017943,3008.062484067997,return_cruise,True,False,True,True,True,0.6680052339617646
K25-010,849,3008.062484067997,3009.0011340341994,return_cruise,True,False,True,True,True,0.7013734318465907
K25-010,850,3009.0011340341994,3010.035567955995,return_cruise,True,False,True,True,True,0.7348697016518742
K25-010,851,3010.035567955995,3011.0700018777907,return_cruise,True,False,True,True,True,0.7719335964560514
K25-010,852,3011.0700018777907,3012.104435799613,return_cruise,True,False,True,True,True,0.8091555582360144
K25-010,853,3012.104435799613,3013.138869721435,return_cruise,True,False,True,True,True,0.8465369342941358
K25-010,854,3013.138869721435,3014.173303643231,return_cruise,True,False,True,True,True,0.8840790891394334
K25-010,855,3014.173303643231,3015.2077375650265,return_cruise,True,False,True,True,True,0.9217834047865665
K25-010,856,3015.2077375650265,3016.2421714868356,return_cruise,True,False,True,True,True,0.9596512810536382
K25-010,857,3016.2421714868356,3017.2766054086446,return_cruise,True,False,True,True,True,0.9976841358700455
K25-010,858,3017.2766054086446,3018.3110393304537,return_cruise,True,False,True,True,True,1.0358834055762713
K25-010,859,3018.3110393304537,3019.3454732522628,return_cruise,True,False,True,True,True,1.0742505452616058
K25-010,860,3019.3454732522628,3020.379907174058,return_cruise,True,False,True,True,True,1.1127870290780493
K25-010,861,3020.379907174058,3021.4143410958536,return_cruise,True,False,True,True,True,1.1514943505698199
K25-010,862,3021.4143410958536,3022.448775017676,return_cruise,True,False,True,True,True,1.1903740230237219
K25-010,863,3022.448775017676,3023.483208939498,return_cruise,True,False,True,True,True,1.2294275798058152
K25-010,864,3023.483208939498,3024.517642861294,return_cruise,True,False,True,True,True,1.2686565747274443
K25-010,865,3024.517642861294,3025.5520767830894,return_cruise,True,False,True,True,True,1.3080625823954648
K25-010,866,3025.5520767830894,3026.1360713789895,return_cruise,True,False,True,True,True,1.3476471985948422
K25-010,867,3026.1360713789895,3026.7200659748896,return_cruise,True,False,True,True,True,1.370074372241092
K25-010,868,3026.7200659748896,3027.170505300785,return_cruise,True,False,True,True,True,1.3925592815474914
K25-010,869,3027.170505300785,3027.6209446266803,return_cruise,True,False,True,True,True,1.40994168422165
K25-010,870,3027.6209446266803,3028.6553785485025,return_cruise,True,False,True,True,True,1.4273587478651706
K25-010,871,3028.6553785485025,3029.689812470325,return_cruise,True,False,True,True,True,1.4674889818183345
K25-010,872,3029.689812470325,3030.72424639212,return_cruise,True,False,True,True,True,1.5078044268722266
K25-010,873,3030.72424639212,3031.7586803139156,return_cruise,True,False,True,True,True,1.5483067905288124
K25-010,874,3031.7586803139156,3032.7931142357247,return_cruise,True,False,True,True,True,1.588997803872914
K25-010,875,3032.7931142357247,3033.827548157534,return_cruise,True,False,True,True,True,1.6298792219991753
K25-010,876,3033.827548157534,3034.861982079343,return_cruise,True,False,True,True,True,1.670952824459917
K25-010,877,3034.861982079343,3035.896416001152,return_cruise,True,False,True,True,True,1.7122204157102487
K25-010,878,3035.896416001152,3036.9308499229473,return_cruise,True,False,True,True,True,1.7536838255839058
K25-010,879,3036.9308499229473,3037.965283844743,return_cruise,True,False,True,True,True,1.7953449097615533
K25-010,880,3037.965283844743,3038.9997177665523,return_cruise,True,False,True,True,True,1.8372055502518663
K25-010,881,3038.9997177665523,3040.0341516883614,return_cruise,True,False,True,True,True,1.8792676559013444
K25-010,882,3040.0341516883614,3041.06858561017,return_cruise,True,False,True,True,True,1.9215331628873713
K25-010,883,3041.06858561017,3042.103019531979,return_cruise,True,False,True,True,True,1.9640040352525716
K25-010,884,3042.103019531979,3043.1374534537745,return_cruise,True,False,True,True,True,2.006682265439295
K25-010,885,3043.1374534537745,3044.1718873755703,return_cruise,True,False,True,True,True,2.0495698748156457
K25-010,886,3044.1718873755703,3045.2063212973926,return_cruise,True,False,True,True,True,2.0926689142584536
K25-010,887,3045.2063212973926,3046.240755219215,return_cruise,True,False,True,True,True,2.135981464714277
K25-010,888,3046.240755219215,3046.2785265336,return_cruise,True,False,True,True,True,2.179509637786481
K25-010,889,3046.2785265336,3046.3162978479854,return_cruise,True,False,True,True,True,2.1811031330448856
K25-010,890,3046.3162978479854,3047.312960455396,return_cruise,True,False,True,True,True,2.182696918745947
K25-010,891,3047.312960455396,3048.3096230628066,return_cruise,True,False,True,True,True,2.224857064040208
K25-010,892,3048.3096230628066,3049.344056984602,return_cruise,True,False,True,True,True,2.2672214550974132
K25-010,893,3049.344056984602,3050.3784909063975,return_cruise,True,False,True,True,True,2.311409481317824
K25-010,894,3050.3784909063975,3051.4129248282197,return_cruise,True,False,True,True,True,2.355821895383812
K25-010,895,3051.4129248282197,3052.447358750042,return_cruise,True,False,True,True,True,2.4004609715001948
K25-010,896,3052.447358750042,3053.4817926718374,return_cruise,True,False,True,True,True,2.4453290183658396
K25-010,897,3053.4817926718374,3054.5162265936333,return_cruise,True,False,True,True,True,2.4904283798546345
K25-010,898,3054.5162265936333,3055.5506605154424,return_cruise,True,False,True,True,True,2.5357614357549494
K25-010,899,3055.5506605154424,3056.5850944372514,return_cruise,True,False,True,True,True,2.5813306024756173
K25-010,900,3056.5850944372514,3057.6195283590605,return_cruise,True,False,True,True,True,2.627138333807622
K25-010,901,3057.6195283590605,3058.6539622808696,return_cruise,True,False,True,True,True,2.673187121691271
K25-010,902,3058.6539622808696,3059.688396202665,return_cruise,True,False,True,True,True,2.7194794969997673
K25-010,903,3059.688396202665,3060.722830124461,return_cruise,True,False,True,True,True,2.766018030360499
K25-010,904,3060.722830124461,3061.757264046283,return_cruise,True,False,True,True,True,2.8128053329640608
K25-010,905,3061.757264046283,3062.7916979681054,return_cruise,True,False,True,True,True,2.859844057436078
K25-010,906,3062.7916979681054,3063.826131889901,return_cruise,True,False,True,True,True,2.907136898692727
K25-010,907,3063.826131889901,3064.8605658116967,return_cruise,True,False,True,True,True,2.954686594847203
K25-010,908,3064.8605658116967,3065.386547767391,return_cruise,True,False,True,True,True,3.002495928132717
K25-010,909,3065.386547767391,3065.9125297230858,return_cruise,True,False,True,True,True,3.026906172215533
K25-010,910,3065.9125297230858,3066.4209816891866,return_cruise,True,False,True,True,True,3.0513846506558053
K25-010,911,3066.4209816891866,3066.9294336552875,return_cruise,True,False,True,True,True,3.075112525056028
K25-010,912,3066.9294336552875,3067.96386757711,return_cruise,True,False,True,True,True,3.0989048612632075
K25-010,913,3067.96386757711,3068.998301498932,return_cruise,True,False,True,True,True,3.1475102547621248
K25-010,914,3068.998301498932,3070.0327354207275,return_cruise,True,False,True,True,True,3.1963868747105835
K25-010,915,3070.0327354207275,3071.0671693425234,return_cruise,True,False,True,True,True,3.245537738582186
K25-010,916,3071.0671693425234,3072.1016032643324,return_cruise,True,False,True,True,True,3.2949659140253686
K25-010,917,3072.1016032643324,3073.1360371861415,return_cruise,True,False,True,True,True,3.3446745199698
K25-010,918,3073.1360371861415,3074.1704711079506,return_cruise,True,False,True,True,True,3.394666727756203
K25-010,919,3074.1704711079506,3075.2049050297596,return_cruise,True,False,True,True,True,3.444945762316209
K25-010,920,3075.2049050297596,3076.239338951555,return_cruise,True,False,True,True,True,3.4955149033713724
K25-010,921,3076.239338951555,3077.2737728733505,return_cruise,True,False,True,True,True,3.5463774866595514
K25-010,922,3077.2737728733505,3078.3082067951595,return_cruise,True,False,True,True,True,3.597536905217865
K25-010,923,3078.3082067951595,3079.3426407169686,return_cruise,True,False,True,True,True,3.648996610681891
K25-010,924,3079.3426407169686,3080.3770746387777,return_cruise,True,False,True,True,True,3.7007601146222555
K25-010,925,3080.3770746387777,3081.4115085605868,return_cruise,True,False,True,True,True,3.752830989936271
K25-010,926,3081.4115085605868,3082.445942482382,return_cruise,True,False,True,True,True,3.805212872261663
K25-010,927,3082.445942482382,3083.4803764041776,return_cruise,True,False,True,True,True,3.8579094614376856
K25-010,928,3083.4803764041776,3084.4945690001796,return_cruise,True,False,True,True,True,3.910924523010422
K25-010,929,3084.4945690001796,3085.5087615961816,return_cruise,True,False,True,True,True,3.9632150925404517
K25-010,930,3085.5087615961816,3085.529002922002,return_cruise,True,False,True,True,True,4.015819153428666
K25-010,931,3085.529002922002,3085.549244247822,return_cruise,True,False,True,True,True,4.0168722452114025
K25-010,932,3085.549244247822,3086.5836781696175,return_cruise,True,False,True,True,True,4.017925463386803
K25-010,933,3086.5836781696175,3087.618112091413,return_cruise,True,False,True,True,True,4.071919215959269
K25-010,934,3087.618112091413,3088.6525460132084,return_cruise,True,False,True,True,True,4.126247191790284
K25-010,935,3088.6525460132084,3089.686979935004,return_cruise,True,False,True,True,True,4.180913509091695
K25-010,936,3089.686979935004,3090.721413856826,return_cruise,True,False,True,True,True,4.2359223617660575
K25-010,937,3090.721413856826,3091.7558477786483,return_cruise,True,False,True,True,True,4.291278021252992
K25-010,938,3091.7558477786483,3092.7902817004438,return_cruise,True,False,True,True,True,4.346984838440548
K25-010,939,3092.7902817004438,3093.824715622239,return_cruise,True,False,True,True,True,4.4030472455986285
K25-010,940,3093.824715622239,3094.8591495440483,return_cruise,True,False,True,True,True,4.459469758421122
K25-010,941,3094.8591495440483,3095.8935834658573,return_cruise,True,False,True,True,True,4.516256978086602
K25-010,942,3095.8935834658573,3096.9280173876664,return_cruise,True,False,True,True,True,4.573413593398129
K25-010,943,3096.9280173876664,3097.9624513094755,return_cruise,True,False,True,True,True,4.630944383007034
K25-010,944,3097.9624513094755,3098.996885231271,return_cruise,True,False,True,True,True,4.688854217671832
K25-010,945,3098.996885231271,3100.0313191530663,return_cruise,True,False,True,True,True,4.747148062620752
K25-010,946,3100.0313191530663,3101.0657530748886,return_cruise,True,False,True,True,True,4.805830979971489
K25-010,947,3101.0657530748886,3102.100186996711,return_cruise,True,False,True,True,True,4.864908131220716
K25-010,948,3102.100186996711,3103.1346209185062,return_cruise,True,False,True,True,True,4.924384779841873
K25-010,949,3103.1346209185062,3104.1690548403017,return_cruise,True,False,True,True,True,4.984266293924875
K25-010,950,3104.1690548403017,3104.63702415529,return_cruise,True,False,True,True,True,5.04455814894493
K25-010,951,3104.63702415529,3105.1049934702783,return_cruise,True,False,True,True,True,5.071969986613283
K25-010,952,3105.1049934702783,3105.671458077086,return_cruise,True,False,True,True,True,5.099467470267044
K25-010,953,3105.671458077086,3106.2379226838934,return_cruise,True,False,True,True,True,5.1328677953221415
K25-010,954,3106.2379226838934,3107.2723566057157,return_cruise,True,False,True,True,True,5.166395337690233
K25-010,955,3107.2723566057157,3108.306790527538,return_cruise,True,False,True,True,True,5.227952185246465
K25-010,956,3108.306790527538,3109.3412244493334,return_cruise,True,False,True,True,True,5.289942407548267
K25-010,957,3109.3412244493334,3110.375658371129,return_cruise,True,False,True,True,True,5.352372061420581
K25-010,958,3110.375658371129,3111.410092292938,return_cruise,True,False,True,True,True,5.415247329541913
K25-010,959,3111.410092292938,3112.444526214747,return_cruise,True,False,True,True,True,5.478574523911078
K25-010,960,3112.444526214747,3113.478960136556,return_cruise,True,False,True,True,True,5.542360089403616
K25-010,961,3113.478960136556,3114.513394058365,return_cruise,True,False,True,True,True,5.606610607455636
K25-010,962,3114.513394058365,3115.5478279801605,return_cruise,True,False,True,True,True,5.671332799893051
K25-010,963,3115.5478279801605,3116.582261901956,return_cruise,True,False,True,True,True,5.736533532856356
K25-010,964,3116.582261901956,3117.616695823778,return_cruise,True,False,True,True,True,5.80221982089553
K25-010,965,3117.616695823778,3118.6511297456004,return_cruise,True,False,True,True,True,5.868398831198675
K25-010,966,3118.6511297456004,3119.685563667396,return_cruise,True,False,True,True,True,5.935077887934952
K25-010,967,3119.685563667396,3120.7199975891913,return_cruise,True,False,True,True,True,6.002264476815029
K25-010,968,3120.7199975891913,3121.7544315109867,return_cruise,True,False,True,True,True,6.069966249743985
K25-010,969,3121.7544315109867,3122.788865432782,return_cruise,True,False,True,True,True,6.138191029697026
K25-010,970,3122.788865432782,3123.7450453885785,return_cruise,True,False,True,True,True,6.206946815737723
K25-010,971,3123.7450453885785,3124.701225344375,return_cruise,True,False,True,True,True,6.270980649708235
K25-010,972,3124.701225344375,3124.779479310401,return_cruise,True,False,True,True,True,6.335481778375495
K25-010,973,3124.779479310401,3124.8577332764266,return_cruise,True,False,True,True,True,6.340781456934607
K25-010,974,3124.8577332764266,3125.892167198222,return_cruise,True,False,True,True,True,6.346084314168436
K25-010,975,3125.892167198222,3126.9266011200175,return_cruise,True,False,True,True,True,6.4164829529134835
K25-010,976,3126.9266011200175,3127.9610350418134,return_cruise,True,False,True,True,True,6.4874464618491885
K25-010,977,3127.9610350418134,3128.995468963609,return_cruise,True,False,True,True,True,6.558983802459579
K25-010,978,3128.995468963609,3130.029902885431,return_cruise,True,False,True,True,True,6.631104146547216
K25-010,979,3130.029902885431,3131.0643368072533,return_cruise,True,False,True,True,True,6.7038168827074855
K25-010,980,3131.0643368072533,3132.098770729049,return_cruise,True,False,True,True,True,6.777131623024303
K25-010,981,3132.098770729049,3133.1332046508446,return_cruise,True,False,True,True,True,6.851058210043377
K25-010,982,3133.1332046508446,3134.1676385726537,return_cruise,True,False,True,True,True,6.925606723997191
K25-010,983,3134.1676385726537,3135.2020724944628,return_cruise,True,False,True,True,True,7.000787490303381
K25-010,984,3135.2020724944628,3136.236506416272,return_cruise,True,False,True,True,True,7.076611087362409
K25-010,985,3136.236506416272,3137.270940338081,return_cruise,True,False,True,True,True,7.153088354634534
K25-010,986,3137.270940338081,3138.3053742598768,return_cruise,True,False,True,True,True,7.230230401063949
K25-010,987,3138.3053742598768,3139.339808181672,return_cruise,True,False,True,True,True,7.308048613797041
K25-010,988,3139.339808181672,3140.3742421034945,return_cruise,True,False,True,True,True,7.386554667269962
K25-010,989,3140.3742421034945,3141.4086760253167,return_cruise,True,False,True,True,True,7.465760532638669
K25-010,990,3141.4086760253167,3142.4431099471126,return_cruise,True,False,True,True,True,7.545678487590436
K25-010,991,3142.4431099471126,3143.477543868908,return_cruise,True,False,True,True,True,7.626321126538642
K25-010,992,3143.477543868908,3143.8875005431896,return_cruise,True,False,True,True,True,7.707701371244696
K25-010,993,3143.8875005431896,3144.297457217471,return_cruise,True,False,True,True,True,7.740160193353532
K25-010,994,3144.297457217471,3144.9219344649855,return_cruise,True,False,True,True,True,7.7727377843364565
K25-010,995,3144.9219344649855,3145.5464117125,return_cruise,True,False,True,True,True,7.822592625569271
K25-010,996,3145.5464117125,3146.580845634322,return_cruise,True,False,True,True,True,7.872728068363557
K25-010,997,3146.580845634322,3147.6152795561443,return_cruise,True,False,True,True,True,7.956402102614291
K25-010,998,3147.6152795561443,3148.64971347794,return_cruise,True,False,True,True,True,8.040868930690621
K25-010,999,3148.64971347794,3149.6841473997356,return_cruise,True,False,True,True,True,8.126143285902444
K25-010,1000,3149.6841473997356,3150.7185813215447,return_cruise,True,False,True,True,True,8.212240302270914
K25-010,1001,3150.7185813215447,3151.7530152433537,return_cruise,True,False,True,True,True,8.299175528576711
K25-010,1002,3151.7530152433537,3152.7874491651623,return_cruise,True,False,True,True,True,8.386964942991327
K25-010,1003,3152.7874491651623,3153.8218830869714,return_cruise,True,False,True,True,True,8.475624968335254
K25-010,1004,3153.8218830869714,3154.8563170087673,return_cruise,True,False,True,True,True,8.565172487962897
K25-010,1005,3154.8563170087673,3155.8907509305627,return_cruise,True,False,True,True,True,8.655624862316287
K25-010,1006,3155.8907509305627,3156.925184852385,return_cruise,True,False,True,True,True,8.746999946199878
K25-010,1007,3156.925184852385,3157.9596187742072,return_cruise,True,False,True,True,True,8.839316106765764
K25-010,1008,3157.9596187742072,3158.994052696003,return_cruise,True,False,True,True,True,8.932592242261748
K25-010,1009,3158.994052696003,3160.0284866177985,return_cruise,True,False,True,True,True,9.026847801616611
K25-010,1010,3160.0284866177985,3161.062920539594,return_cruise,True,False,True,True,True,9.122102804824891
K25-010,1011,3161.062920539594,3162.0973544613894,return_cruise,True,False,True,True,True,9.218377864217047
K25-010,1012,3162.0973544613894,3162.995521776479,return_cruise,True,False,True,True,True,9.31569420664934
K25-010,1013,3162.995521776479,3163.893689091569,return_cruise,True,False,True,True,True,9.401052511256893
K25-010,1014,3163.893689091569,3164.0299556983014,return_cruise,True,False,True,True,True,9.487227019557693
K25-010,1015,3164.0299556983014,3164.1662223050334,return_cruise,True,False,True,True,True,9.50037334618645
K25-010,1016,3164.1662223050334,3165.2006562268293,return_cruise,True,False,True,True,True,9.513538860514004
K25-010,1017,3165.2006562268293,3166.2350901486247,return_cruise,True,False,True,True,True,9.614112911543927
K25-010,1018,3166.2350901486247,3167.26952407042,return_cruise,True,False,True,True,True,9.715819776232308
K25-010,1019,3167.26952407042,3168.3039579922156,return_cruise,True,False,True,True,True,9.81868412167816
K25-010,1020,3168.3039579922156,3169.338391914038,return_cruise,True,False,True,True,True,9.922731384106939
K25-010,1021,3169.338391914038,3170.37282583586,return_cruise,True,False,True,True,True,10.027987798653143
K25-010,1022,3170.37282583586,3171.4072597576555,return_cruise,True,False,True,True,True,10.134480430368342
K25-010,1023,3171.4072597576555,3172.441693679451,return_cruise,True,False,True,True,True,10.242237206548765
K25-010,1024,3172.441693679451,3173.47612760126,return_cruise,True,False,True,True,True,10.351286950429383
K25-010,1025,3173.47612760126,3174.510561523069,return_cruise,True,False,True,True,True,10.461659416237495
K25-010,1026,3174.510561523069,3175.544995444878,return_cruise,True,False,True,True,True,10.573385325732048
K25-010,1027,3175.544995444878,3176.5794293666872,return_cruise,True,False,True,True,True,10.686496406175081
K25-010,1028,3176.5794293666872,3177.6138632884827,return_cruise,True,False,True,True,True,10.801025429825145
K25-010,1029,3177.6138632884827,3178.648297210278,return_cruise,True,False,True,True,True,10.917006255006342
K25-010,1030,3178.648297210278,3179.6827311321003,return_cruise,True,False,True,True,True,11.034473868679427
K25-010,1031,3179.6827311321003,3180.7171650539226,return_cruise,True,False,True,True,True,11.153464430660321
K25-010,1032,3180.7171650539226,3181.751598975718,return_cruise,True,False,True,True,True,11.27401531936765
K25-010,1033,3181.751598975718,3182.7860328975135,return_cruise,True,False,True,True,True,11.396165179194028
K25-010,1034,3182.7860328975135,3183.1379769315895,return_cruise,True,False,True,True,True,11.519953969405009
K25-010,1035,3183.1379769315895,3183.4899209656655,return_cruise,True,False,True,True,True,11.562451431362703
K25-010,1036,3183.4899209656655,3184.172410853385,return_cruise,True,False,True,True,True,11.605145044459263
K25-010,1037,3184.172410853385,3184.8549007411048,return_cruise,True,False,True,True,True,11.688501819480678
K25-010,1038,3184.8549007411048,3185.889334662927,return_cruise,True,False,True,True,True,11.772615056276933
K25-010,1039,3185.889334662927,3186.9237685847493,return_cruise,True,False,True,True,True,11.90157430668755
K25-010,1040,3186.9237685847493,3187.9582025065447,return_cruise,True,False,True,True,True,12.032346502590187
K25-010,1041,3187.9582025065447,3188.99263642834,return_cruise,True,False,True,True,True,12.164978961082838
K25-010,1042,3188.99263642834,3190.027070350149,return_cruise,True,False,True,True,True,12.299520635787033
K25-010,1043,3190.027070350149,3191.0615042719583,return_cruise,True,False,True,True,True,12.436022173716651
K25-010,1044,3191.0615042719583,3192.0959381937673,return_cruise,True,False,True,True,True,12.574535972252647
K25-010,1045,3192.0959381937673,3193.1303721155764,return_cruise,True,False,True,True,True,12.715116235878966
K25-010,1046,3193.1303721155764,3194.164806037372,return_cruise,True,False,True,True,True,12.857819032103393
K25-010,1047,3194.164806037372,3195.1992399591672,return_cruise,True,False,True,True,True,13.002702345807222
K25-010,1048,3195.1992399591672,3196.2336738809895,return_cruise,True,False,True,True,True,13.149826131346842
K25-010,1049,3196.2336738809895,3197.2681078028118,return_cruise,True,False,True,True,True,13.299252361230486
K25-010,1050,3197.2681078028118,3198.302541724607,return_cruise,True,False,True,True,True,13.451045070215656
K25-010,1051,3198.302541724607,3199.3369756464026,return_cruise,True,False,True,True,True,13.60527039334805
K25-010,1052,3199.3369756464026,3200.371409568198,return_cruise,True,False,True,True,True,13.761996596087059
K25-010,1053,3200.371409568198,3201.405843489994,return_cruise,True,False,True,True,True,13.921294094393716
K25-010,1054,3201.405843489994,3202.245998164377,return_cruise,True,False,True,True,True,14.083235462043405
K25-010,1055,3202.245998164377,3203.08615283876,return_cruise,True,False,True,True,True,14.216759425906432
K25-010,1056,3203.08615283876,3203.2804320861987,return_cruise,True,False,True,True,True,14.35211773261895
K25-010,1057,3203.2804320861987,3203.474711333638,return_cruise,True,False,True,True,True,14.383683848828184
K25-010,1058,3203.474711333638,3204.5091452554334,return_cruise,True,False,True,True,True,14.415350819210587
K25-010,1059,3204.5091452554334,3205.543579177229,return_cruise,True,False,True,True,True,14.5856805662916
K25-010,1060,3205.543579177229,3206.578013099038,return_cruise,True,False,True,True,True,14.75896556343109
K25-010,1061,3206.578013099038,3207.612447020847,return_cruise,True,False,True,True,True,14.93528857898464
K25-010,1062,3207.612447020847,3208.646880942656,return_cruise,True,False,True,True,True,15.11473408714599
K25-010,1063,3208.646880942656,3209.681314864465,return_cruise,True,False,True,True,True,15.297388051702058
K25-010,1064,3209.681314864465,3210.7157487862605,return_cruise,True,False,True,True,True,15.483337644764802
K25-010,1065,3210.7157487862605,3211.7501827080564,return_cruise,True,False,True,True,True,15.672670886814188
K25-010,1066,3211.7501827080564,3212.7846166298655,return_cruise,True,False,True,True,True,15.865476191805143
K25-010,1067,3212.7846166298655,3213.8190505516745,return_cruise,True,False,True,True,True,16.061841797669587
K25-010,1068,3213.8190505516745,3214.8534844734836,return_cruise,True,False,True,True,True,16.261855058885118
K25-010,1069,3214.8534844734836,3215.887918395292,return_cruise,True,False,True,True,True,16.465601573050037
K25-010,1070,3215.887918395292,3216.9223523170876,return_cruise,True,False,True,True,True,16.673164108005764
K25-010,1071,3216.9223523170876,3217.9567862388835,return_cruise,True,False,True,True,True,16.884621289523977
K25-010,1072,3217.9567862388835,3218.991220160706,return_cruise,True,False,True,True,True,17.10004600207091
K25-010,1073,3218.991220160706,3220.025654082528,return_cruise,True,False,True,True,True,17.319503445958333
K25-010,1074,3220.025654082528,3221.0600880043235,return_cruise,True,False,True,True,True,17.543048783948464
K25-010,1075,3221.0600880043235,3222.0945219261193,return_cruise,True,False,True,True,True,17.770724298298376
K25-010,1076,3222.0945219261193,3222.3884533194887,return_cruise,True,False,True,True,True,18.002555965331197
K25-010,1077,3222.3884533194887,3222.682384712858,return_cruise,True,False,True,True,True,18.069189877847705
K25-010,1078,3222.682384712858,3223.422887241284,return_cruise,True,False,True,True,True,18.136159743620055
K25-010,1079,3223.422887241284,3224.1633897697106,return_cruise,True,False,True,True,True,18.306363417766903
K25-010,1080,3224.1633897697106,3225.197823691533,return_cruise,True,False,True,True,True,18.47868462057157
K25-010,1081,3225.197823691533,3226.232257613355,return_cruise,True,False,True,True,True,18.722910764528763
K25-010,1082,3226.232257613355,3227.266691535151,return_cruise,True,False,True,True,True,18.97113847109506
K25-010,1083,3227.266691535151,3228.3011254569465,return_cruise,True,False,True,True,True,19.22323187649998
K25-010,1084,3228.3011254569465,3229.3355593787555,return_cruise,True,False,True,True,True,19.478998757798735
K25-010,1085,3229.3355593787555,3230.3699933005646,return_cruise,True,False,True,True,True,19.738179055467015
K25-010,1086,3230.3699933005646,3231.4044272223737,return_cruise,True,False,True,True,True,20.00043152859668
K25-010,1087,3231.4044272223737,3232.4388611441827,return_cruise,True,False,True,True,True,20.26531838808164
K25-010,1088,3232.4388611441827,3233.473295065978,return_cruise,True,False,True,True,True,20.53228781707061
K25-010,1089,3233.473295065978,3234.5077289877736,return_cruise,True,False,True,True,True,20.800654400016754
K25-010,1090,3234.5077289877736,3235.542162909596,return_cruise,True,False,True,True,True,21.069577660879048
K25-010,1091,3235.542162909596,3236.576596831418,return_cruise,True,False,True,True,True,21.338039177943514
K25-010,1092,3236.576596831418,3237.611030753214,return_cruise,True,False,True,True,True,21.604819123314243
K25-010,1093,3237.611030753214,3238.6454646750094,return_cruise,True,False,True,True,True,21.86847358480128
K25-010,1094,3238.6454646750094,3239.679898596805,return_cruise,True,False,True,True,True,22.127314675959468
K25-010,1095,3239.679898596805,3240.7143325186003,return_cruise,True,False,True,True,True,22.379396204804266
K25-010,1096,3240.7143325186003,3241.496474552778,return_cruise,True,False,True,True,True,22.622508487294652
K25-010,1097,3241.496474552778,3242.278616586956,return_cruise,True,False,True,True,True,22.79887799178219
K25-010,1098,3242.278616586956,3242.5309084746004,return_cruise,True,False,True,True,True,22.967561071913366
K25-010,1099,3242.5309084746004,3242.7832003622448,return_cruise,True,False,True,True,True,23.020133153604334
K25-010,1100,3242.7832003622448,3243.81763428404,return_cruise,True,False,True,True,True,23.071737007822676
K25-010,1101,3243.81763428404,3244.8520682058356,return_cruise,True,False,True,True,True,23.272286610578902
K25-010,1102,3244.8520682058356,3245.8865021276447,return_cruise,True,False,True,True,True,23.452858591525114
K25-010,1103,3245.8865021276447,3246.9209360494538,return_cruise,True,False,True,True,True,23.61047528280035
K25-010,1104,3246.9209360494538,3247.955369971263,return_cruise,True,False,True,True,True,23.74228602982923
K25-010,1105,3247.955369971263,3248.989803893072,return_cruise,True,False,True,True,True,23.845712590674523
K25-010,1106,3248.989803893072,3249.885416782572,return_cruise,True,False,True,True,True,23.918599862438654
K25-010,1107,3249.885416782572,3250.7810296720722,return_cruise,True,False,True,True,True,23.955793579493374
K25-010,1108,3250.7810296720722,3386.050612801955,return_descent,True,False,True,True,True,23.968262608738186
K25-015,0,0.0,55.88725179036459,climb,True,False,True,True,True,28.560414627442952
K25-015,1,55.88725179036459,56.85183871627528,cruise,True,False,True,True,True,28.51891569553254
K25-015,2,56.85183871627528,57.816425642185976,cruise,True,False,True,True,True,28.39674639289757
K25-015,3,57.816425642185976,58.256093056856265,cruise,True,False,True,True,True,28.315946660872697
K25-015,4,58.256093056856265,58.695760471526555,cruise,True,False,True,True,True,28.220570846027613
K25-015,5,58.695760471526555,59.370192070384434,cruise,True,False,True,True,True,28.048190612379884
K25-015,6,59.370192070384434,60.04462366924231,cruise,True,False,True,True,True,27.847654767113113
K25-015,7,60.04462366924231,61.15872268277048,cruise,True,False,True,True,True,27.465458009025966
K25-015,8,61.15872268277048,62.27282169629865,cruise,True,False,True,True,True,27.03517381304539
K25-015,9,62.27282169629865,62.96477992135888,cruise,True,False,True,True,True,26.75083441225054
K25-015,10,62.96477992135888,63.656738146419116,cruise,True,False,True,True,True,26.457448087028112
K25-015,11,63.656738146419116,64.0788789348728,cruise,True,False,True,True,True,26.27526271163299
K25-015,12,64.0788789348728,64.5010197233265,cruise,True,False,True,True,True,26.091357548723124
K25-015,13,64.5010197233265,65.61511873686891,cruise,True,False,True,True,True,25.60139970071964
K25-015,14,65.61511873686891,66.72921775041132,cruise,True,False,True,True,True,25.110590938501502
K25-015,15,66.72921775041132,67.67346678586149,cruise,True,False,True,True,True,24.69811593773855
K25-015,16,67.67346678586149,68.61771582131166,cruise,True,False,True,True,True,24.29143270278169
K25-015,17,68.61771582131166,68.7875657993754,cruise,True,False,True,True,True,24.21903331899634
K25-015,18,68.7875657993754,68.95741577743914,cruise,True,False,True,True,True,24.14688508959803
K25-015,19,68.95741577743914,70.07151479095306,cruise,True,False,True,True,True,23.680330852741776
K25-015,20,70.07151479095306,71.18561380446698,cruise,True,False,True,True,True,23.22637179342952
K25-015,21,71.18561380446698,72.2997128180094,cruise,True,False,True,True,True,22.785871084535543
K25-015,22,72.2997128180094,73.41381183155181,cruise,True,False,True,True,True,22.359201767086702
K25-015,23,73.41381183155181,73.49625266375111,cruise,True,False,True,True,True,22.328181408995164
K25-015,24,73.49625266375111,73.5786934959504,cruise,True,False,True,True,True,22.29723702560166
K25-015,25,73.5786934959504,74.61035167726502,cruise,True,False,True,True,True,21.91639703437332
K25-015,26,74.61035167726502,75.64200985857963,cruise,True,False,True,True,True,21.54725956330448
K25-015,27,75.64200985857963,76.7561088721078,cruise,True,False,True,True,True,21.161440340456494
K25-015,28,76.7561088721078,77.87020788563598,cruise,True,False,True,True,True,20.78849462771703
K25-015,29,77.87020788563598,78.20493952823948,cruise,True,False,True,True,True,20.678883785858517
K25-015,30,78.20493952823948,78.53967117084298,cruise,True,False,True,True,True,20.570375803755184
K25-015,31,78.53967117084298,79.31903854176765,cruise,True,False,True,True,True,20.321925524641344
K25-015,32,79.31903854176765,80.09840591269233,cruise,True,False,True,True,True,20.07919217316872
K25-015,33,80.09840591269233,81.21250492620624,cruise,True,False,True,True,True,19.741767853651965
K25-015,34,81.21250492620624,82.32660393972016,cruise,True,False,True,True,True,19.415114036950058
K25-015,35,82.32660393972016,82.91362639272785,cruise,True,False,True,True,True,19.247154047287637
K25-015,36,82.91362639272785,83.50064884573554,cruise,True,False,True,True,True,19.081964467829664
K25-015,37,83.50064884573554,84.02772540627026,cruise,True,False,True,True,True,18.935944241049015
K25-015,38,84.02772540627026,84.55480196680499,cruise,True,False,True,True,True,18.79204702390524
K25-015,39,84.55480196680499,85.66890098031891,cruise,True,False,True,True,True,18.494646657289238
K25-015,40,85.66890098031891,86.78299999383283,cruise,True,False,True,True,True,18.206047634741253
K25-015,41,86.78299999383283,87.62231325710357,cruise,True,False,True,True,True,17.99417756048284
K25-015,42,87.62231325710357,88.4616265203743,cruise,True,False,True,True,True,17.786877408151554
K25-015,43,88.4616265203743,88.73641227061748,cruise,True,False,True,True,True,17.719972843954082
K25-015,44,88.73641227061748,89.01119802086066,cruise,True,False,True,True,True,17.653534076472084
K25-015,45,89.01119802086066,90.12529703440308,cruise,True,False,True,True,True,17.388819135963402
K25-015,46,90.12529703440308,91.23939604794549,cruise,True,False,True,True,True,17.13130348343219
K25-015,47,91.23939604794549,92.33100012160617,cruise,True,False,True,True,True,16.885638499289897
K25-015,48,92.33100012160617,93.42260419526684,cruise,True,False,True,True,True,16.646250176009644
K25-015,49,93.42260419526684,93.44509913512009,cruise,True,False,True,True,True,16.64138099078592
K25-015,50,93.44509913512009,93.46759407497333,cruise,True,False,True,True,True,16.63651434632237
K25-015,51,93.46759407497333,94.5816930885015,cruise,True,False,True,True,True,16.398613396757256
K25-015,52,94.5816930885015,95.69579210202966,cruise,True,False,True,True,True,16.166654502593914
K25-015,53,95.69579210202966,96.80989111555783,cruise,True,False,True,True,True,15.940369142423805
K25-015,54,96.80989111555783,97.923990129086,cruise,True,False,True,True,True,15.719504860277695
K25-015,55,97.923990129086,98.1537859996227,cruise,True,False,True,True,True,15.674601447719951
K25-015,56,98.1537859996227,98.3835818701594,cruise,True,False,True,True,True,15.629916511844726
K25-015,57,98.3835818701594,99.26788501313662,cruise,True,False,True,True,True,15.459961740669868
K25-015,58,99.26788501313662,100.15218815611384,cruise,True,False,True,True,True,15.293103748840608
K25-015,59,100.15218815611384,101.266287169642,cruise,True,False,True,True,True,15.087133101510148
K25-015,60,101.266287169642,102.38038618317017,cruise,True,False,True,True,True,14.885714066002379
K25-015,61,102.38038618317017,102.86247286398417,cruise,True,False,True,True,True,14.799920696738198
K25-015,62,102.86247286398417,103.34455954479816,cruise,True,False,True,True,True,14.714929945606855
K25-015,63,103.34455954479816,103.97657187751233,cruise,True,False,True,True,True,14.604699880568091
K25-015,64,103.97657187751233,104.6085842102265,cruise,True,False,True,True,True,14.495794000704976
K25-015,65,104.6085842102265,105.72268322374042,cruise,True,False,True,True,True,14.306950284707185
K25-015,66,105.72268322374042,106.83678223725434,cruise,True,False,True,True,True,14.121971425783443
K25-015,67,106.83678223725434,107.57115972859943,cruise,True,False,True,True,True,14.002080488830046
K25-015,68,107.57115972859943,108.30553721994453,cruise,True,False,True,True,True,13.883763443415972
K25-015,69,108.30553721994453,108.68525874214185,cruise,True,False,True,True,True,13.82319008181932
K25-015,70,108.68525874214185,109.06498026433918,cruise,True,False,True,True,True,13.76302173450624
K25-015,71,109.06498026433918,110.1790792778531,cruise,True,False,True,True,True,13.58877711711935
K25-015,72,110.1790792778531,111.29317829136703,cruise,True,False,True,True,True,13.417848766408852
K25-015,73,111.29317829136703,112.27984659297516,cruise,True,False,True,True,True,13.269143972365569
K25-015,74,112.27984659297516,113.2665148945833,cruise,True,False,True,True,True,13.122867199839192
K25-015,75,113.2665148945833,113.39394560648908,cruise,True,False,True,True,True,13.104148279074067
K25-015,76,113.39394560648908,113.52137631839487,cruise,True,False,True,True,True,13.08546843550856
K25-015,77,113.52137631839487,114.63547533193729,cruise,True,False,True,True,True,12.923795129633888
K25-015,78,114.63547533193729,115.74957434547972,cruise,True,False,True,True,True,12.764994688282783
K25-015,79,115.74957434547972,116.86367335899364,cruise,True,False,True,True,True,12.6089696961687
K25-015,80,116.86367335899364,117.97777237250756,cruise,True,False,True,True,True,12.455627453508427
K25-015,81,117.97777237250756,118.1026324708648,cruise,True,False,True,True,True,12.438605237827247
K25-015,82,118.1026324708648,118.22749256922206,cruise,True,False,True,True,True,12.421615484338759
K25-015,83,118.22749256922206,119.21673148439298,cruise,True,False,True,True,True,12.28814292649291
K25-015,84,119.21673148439298,120.2059703995639,cruise,True,False,True,True,True,12.156642286962267
K25-015,85,120.2059703995639,121.32006941309207,cruise,True,False,True,True,True,12.010835049658283
K25-015,86,121.32006941309207,122.43416842662025,cruise,True,False,True,True,True,11.867381455451792
K25-015,87,122.43416842662025,122.81131933549435,cruise,True,False,True,True,True,11.8193390058711
K25-015,88,122.81131933549435,123.18847024436845,cruise,True,False,True,True,True,11.771555135247254
K25-015,89,123.18847024436845,123.92541834900825,cruise,True,False,True,True,True,11.678922067825198
K25-015,90,123.92541834900825,124.66236645364808,cruise,True,False,True,True,True,11.587246242152148
K25-015,91,124.66236645364808,125.77646546719049,cruise,True,False,True,True,True,11.45042812361244
K25-015,92,125.77646546719049,126.89056448073292,cruise,True,False,True,True,True,11.315690289299638
K25-015,93,126.89056448073292,127.52000619987005,cruise,True,False,True,True,True,11.240462825730901
K25-015,94,127.52000619987005,128.1494479190072,cruise,True,False,True,True,True,11.165869210685102
K25-015,95,128.1494479190072,128.63410521338398,cruise,True,False,True,True,True,11.10885902364933
K25-015,96,128.63410521338398,129.11876250776075,cruise,True,False,True,True,True,11.05221382256623
K25-015,97,129.11876250776075,130.23286152127466,cruise,True,False,True,True,True,10.923360704643457
K25-015,98,130.23286152127466,131.34696053478856,cruise,True,False,True,True,True,10.796358626743014
K25-015,99,131.34696053478856,132.22869306421725,cruise,True,False,True,True,True,10.69712339436117
K25-015,100,132.22869306421725,133.11042559364594,cruise,True,False,True,True,True,10.59899068342672
K25-015,101,133.11042559364594,133.34279207775967,cruise,True,False,True,True,True,10.573309930619928
K25-015,102,133.34279207775967,133.5751585618734,cruise,True,False,True,True,True,10.547703662602515
K25-015,103,133.5751585618734,134.6892575753873,cruise,True,False,True,True,True,10.425953904366352
K25-015,104,134.6892575753873,135.8033565889012,cruise,True,False,True,True,True,10.305861232437962
K25-015,105,135.8033565889012,136.91745560242938,cruise,True,False,True,True,True,10.187381842553464
K25-015,106,136.91745560242938,138.03155461595756,cruise,True,False,True,True,True,10.070473616386593
K25-015,107,138.03155461595756,138.05147894237493,cruise,True,False,True,True,True,10.068396902862062
K25-015,108,138.05147894237493,138.0714032687923,cruise,True,False,True,True,True,10.0663206786094
K25-015,109,138.0714032687923,139.1655779559031,cruise,True,False,True,True,True,9.953046338664166
K25-015,110,139.1655779559031,140.2597526430139,cruise,True,False,True,True,True,9.841210113591771
K25-015,111,140.2597526430139,141.37385165652782,cruise,True,False,True,True,True,9.72877830005504
K25-015,112,141.37385165652782,142.48795067004173,cruise,True,False,True,True,True,9.617764432550032
K25-015,113,142.48795067004173,142.76016580673638,cruise,True,False,True,True,True,9.590851247579806
K25-015,114,142.76016580673638,143.03238094343104,cruise,True,False,True,True,True,9.56402013123433
K25-015,115,143.03238094343104,143.8742648202788,cruise,True,False,True,True,True,9.481553261498135
K25-015,116,143.8742648202788,144.71614869712656,cruise,True,False,True,True,True,9.399852383510762
K25-015,117,144.71614869712656,145.83024771064046,cruise,True,False,True,True,True,9.29288819687413
K25-015,118,145.83024771064046,146.94434672415437,cruise,True,False,True,True,True,9.187209832646573
K25-015,119,146.94434672415437,147.46885267111207,cruise,True,False,True,True,True,9.137894111221996
K25-015,120,147.46885267111207,147.99335861806978,cruise,True,False,True,True,True,9.08885360972809
K25-015,121,147.99335861806978,148.58295168462598,cruise,True,False,True,True,True,9.034052379059176
K25-015,122,148.58295168462598,149.17254475118222,cruise,True,False,True,True,True,8.979590883921844
K25-015,123,149.17254475118222,150.28664376472463,cruise,True,False,True,True,True,8.877593002493697
K25-015,124,150.28664376472463,151.40074277826704,cruise,True,False,True,True,True,8.776766259388808
K25-015,125,151.40074277826704,152.1775395357416,cruise,True,False,True,True,True,8.70714453666804
K25-015,126,152.1775395357416,152.95433629321616,cruise,True,False,True,True,True,8.638070690977628
K25-015,127,152.95433629321616,153.29163854925554,cruise,True,False,True,True,True,8.60824576133497
K25-015,128,153.29163854925554,153.62894080529492,cruise,True,False,True,True,True,8.578521852939346
K25-015,129,153.62894080529492,154.74303981880882,cruise,True,False,True,True,True,8.481054150545717
K25-015,130,154.74303981880882,155.85713883232273,cruise,True,False,True,True,True,8.384657435961799
K25-015,131,155.85713883232273,156.88622640008882,cruise,True,False,True,True,True,8.296547835405718
K25-015,132,156.88622640008882,157.9153139678549,cruise,True,False,True,True,True,8.209314727042269
K25-015,133,157.9153139678549,158.00032541363123,cruise,True,False,True,True,True,8.202147184354288
K25-015,134,158.00032541363123,158.08533685940756,cruise,True,False,True,True,True,8.1949854965289
K25-015,135,158.08533685940756,159.19943587292147,cruise,True,False,True,True,True,8.101666326675812
K25-015,136,159.19943587292147,160.31353488643538,cruise,True,False,True,True,True,8.009330195998572
K25-015,137,160.31353488643538,161.42763389996352,cruise,True,False,True,True,True,7.917956794489868
K25-015,138,161.42763389996352,162.54173291349167,cruise,True,False,True,True,True,7.827526429354208
K25-015,139,162.54173291349167,162.70901227799263,cruise,True,False,True,True,True,7.8140287590561
K25-015,140,162.70901227799263,162.8762916424936,cruise,True,False,True,True,True,7.800551853704349
K25-015,141,162.8762916424936,163.8231112915208,cruise,True,False,True,True,True,7.724659443405372
K25-015,142,163.8231112915208,164.769930940548,cruise,True,False,True,True,True,7.649418977245205
K25-015,143,164.769930940548,165.8840299540619,cruise,True,False,True,True,True,7.561705376010551
K25-015,144,165.8840299540619,166.9981289675758,cruise,True,False,True,True,True,7.474861739307755
K25-015,145,166.9981289675758,167.41769914260786,cruise,True,False,True,True,True,7.442378398148506
K25-015,146,167.41769914260786,167.8372693176399,cruise,True,False,True,True,True,7.410015145754386
K25-015,147,167.8372693176399,168.53179815615027,cruise,True,False,True,True,True,7.356704725820066
K25-015,148,168.53179815615027,169.2263269946606,cruise,True,False,True,True,True,7.303717039696508
K25-015,149,169.2263269946606,170.34042600817452,cruise,True,False,True,True,True,7.2193835153631625
K25-015,150,170.34042600817452,171.45452502168843,cruise,True,False,True,True,True,7.1358549969334035
K25-015,151,171.45452502168843,172.12638600698352,cruise,True,False,True,True,True,7.085865610705099
K25-015,152,172.12638600698352,172.79824699227862,cruise,True,False,True,True,True,7.036160239857168
K25-015,153,172.79824699227862,173.24048502049743,cruise,True,False,True,True,True,7.00359620726347
K25-015,154,173.24048502049743,173.68272304871624,cruise,True,False,True,True,True,6.9711529510469035
K25-015,155,173.68272304871624,174.79682206225866,cruise,True,False,True,True,True,6.8899504409976515
K25-015,156,174.79682206225866,175.91092107580107,cruise,True,False,True,True,True,6.809494941983786
K25-015,157,175.91092107580107,176.83507287135922,cruise,True,False,True,True,True,6.743313759727002
K25-015,158,176.83507287135922,177.75922466691736,cruise,True,False,True,True,True,6.677629736454378
K25-015,159,177.75922466691736,177.94917188487315,cruise,True,False,True,True,True,6.664190171244769
K25-015,160,177.94917188487315,178.13911910282894,cruise,True,False,True,True,True,6.650771233947125
K25-015,161,178.13911910282894,179.25321811635712,cruise,True,False,True,True,True,6.572477044592958
K25-015,162,179.25321811635712,180.36731712988527,cruise,True,False,True,True,True,6.49487788081133
K25-015,163,180.36731712988527,181.4814161434134,cruise,True,False,True,True,True,6.417961588764911
K25-015,164,181.4814161434134,182.59551515694156,cruise,True,False,True,True,True,6.341716328636707
K25-015,165,182.59551515694156,182.65785874950262,cruise,True,False,True,True,True,6.337469329559667
K25-015,166,182.65785874950262,182.7202023420637,cruise,True,False,True,True,True,6.333224393549912
K25-015,167,182.7202023420637,183.77195776301653,cruise,True,False,True,True,True,6.2619201345679585
K25-015,168,183.77195776301653,184.82371318396937,cruise,True,False,True,True,True,6.191193051425373
K25-015,169,184.82371318396937,185.9378121975118,cruise,True,False,True,True,True,6.116892831073599
K25-015,170,185.9378121975118,187.0519112110542,cruise,True,False,True,True,True,6.043219216934261
K25-015,171,187.0519112110542,187.36654561387832,cruise,True,False,True,True,True,6.022524965314773
K25-015,172,187.36654561387832,187.68118001670243,cruise,True,False,True,True,True,6.001879625783417
K25-015,173,187.68118001670243,188.48064462739222,cruise,True,False,True,True,True,5.949639702648653
K25-015,174,188.48064462739222,189.28010923808202,cruise,True,False,True,True,True,5.897710379648601
K25-015,175,189.28010923808202,190.39420825159593,cruise,True,False,True,True,True,5.825855075236589
K25-015,176,190.39420825159593,191.50830726510983,cruise,True,False,True,True,True,5.7545861982628566
K25-015,177,191.50830726510983,192.0752324782255,cruise,True,False,True,True,True,5.7185421017471185
K25-015,178,192.0752324782255,192.64215769134114,cruise,True,False,True,True,True,5.682646185497148
K25-015,179,192.64215769134114,193.1893314917679,cruise,True,False,True,True,True,5.6481402613069065
K25-015,180,193.1893314917679,193.73650529219464,cruise,True,False,True,True,True,5.613770175430119
K25-015,181,193.73650529219464,194.85060430570854,cruise,True,False,True,True,True,5.544204809679499
K25-015,182,194.85060430570854,195.96470331922245,cruise,True,False,True,True,True,5.475189417733574
K25-015,183,195.96470331922245,196.78391934285494,cruise,True,False,True,True,True,5.42478710572739
K25-015,184,196.78391934285494,197.60313536648744,cruise,True,False,True,True,True,5.374674169355288
K25-015,185,197.60313536648744,197.89801835636885,cruise,True,False,True,True,True,5.356705833564121
K25-015,186,197.89801835636885,198.19290134625027,cruise,True,False,True,True,True,5.33877441392859
K25-015,187,198.19290134625027,199.30700035979268,cruise,True,False,True,True,True,5.271358221527464
K25-015,188,199.30700035979268,200.4210993733351,cruise,True,False,True,True,True,5.204458829972722
K25-015,189,200.4210993733351,201.49260620723064,cruise,True,False,True,True,True,5.140597264227765
K25-015,190,201.49260620723064,202.56411304112618,cruise,True,False,True,True,True,5.07719969004377
K25-015,191,202.56411304112618,202.60670522074454,cruise,True,False,True,True,True,5.0746891435506285
K25-015,192,202.60670522074454,202.6492974003629,cruise,True,False,True,True,True,5.072179319231466
K25-015,193,202.6492974003629,203.76339641389106,cruise,True,False,True,True,True,5.006784068799021
K25-015,194,203.76339641389106,204.87749542741923,cruise,True,False,True,True,True,4.941875346554156
K25-015,195,204.87749542741923,205.9915944409474,cruise,True,False,True,True,True,4.877445998125268
K25-015,196,205.9915944409474,207.10569345447556,cruise,True,False,True,True,True,4.813489025118244
K25-015,197,207.10569345447556,207.3153920852471,cruise,True,False,True,True,True,4.80150313887647
K25-015,198,207.3153920852471,207.52509071601867,cruise,True,False,True,True,True,4.789533699781174
K25-015,199,207.52509071601867,208.42949109876102,cruise,True,False,True,True,True,4.738098563777228
K25-015,200,208.42949109876102,209.33389148150337,cruise,True,False,True,True,True,4.686964964833507
K25-015,201,209.33389148150337,210.4479904950458,cruise,True,False,True,True,True,4.624384621030089
K25-015,202,210.4479904950458,211.5620895085882,cruise,True,False,True,True,True,4.56225013139418
K25-015,203,211.5620895085882,212.02407894974974,cruise,True,False,True,True,True,4.536613775883893
K25-015,204,212.02407894974974,212.48606839091127,cruise,True,False,True,True,True,4.511052564302602
K25-015,205,212.48606839091127,213.13817796326367,cruise,True,False,True,True,True,4.475099325488614
K25-015,206,213.13817796326367,213.79028753561607,cruise,True,False,True,True,True,4.439293715127604
K25-015,207,213.79028753561607,214.90438654912998,cruise,True,False,True,True,True,4.378459613454183
K25-015,208,214.90438654912998,216.0184855626439,cruise,True,False,True,True,True,4.318047008760118
K25-015,209,216.0184855626439,216.73276581409695,cruise,True,False,True,True,True,4.279533849293372
K25-015,210,216.73276581409695,217.44704606555,cruise,True,False,True,True,True,4.241190069246457
K25-015,211,217.44704606555,217.84686482763937,cruise,True,False,True,True,True,4.21980050628045
K25-015,212,217.84686482763937,218.24668358972872,cruise,True,False,True,True,True,4.198463293479847
K25-015,213,218.24668358972872,219.36078260324263,cruise,True,False,True,True,True,4.1392809752641995
K25-015,214,219.36078260324263,220.47488161675653,cruise,True,False,True,True,True,4.0804977325557275
K25-015,215,220.47488161675653,221.44145267859955,cruise,True,False,True,True,True,4.029817690840304
K25-015,216,221.44145267859955,222.40802374044253,cruise,True,False,True,True,True,3.979430606754491
K25-015,217,222.40802374044253,222.5555516921277,cruise,True,False,True,True,True,3.9717655720278913
K25-015,218,222.5555516921277,222.70307964381283,cruise,True,False,True,True,True,3.964107271945693
K25-015,219,222.70307964381283,223.817178657341,cruise,True,False,True,True,True,3.906489714329851
K25-015,220,223.817178657341,224.93127767086915,cruise,True,False,True,True,True,3.8492505473689533
K25-015,221,224.93127767086915,226.04537668438306,cruise,True,False,True,True,True,3.792384850288741
K25-015,222,226.04537668438306,227.15947569789697,cruise,True,False,True,True,True,3.7358877973472886
K25-015,223,227.15947569789697,227.264238556616,cruise,True,False,True,True,True,3.730593961744276
K25-015,224,227.264238556616,227.36900141533502,cruise,True,False,True,True,True,3.7253033400061213
K25-015,225,227.36900141533502,228.3783375701584,cruise,True,False,True,True,True,3.6744947995289294
K25-015,226,228.3783375701584,229.3876737249818,cruise,True,False,True,True,True,3.6239807817015333
K25-015,227,229.3876737249818,230.5017727384957,cruise,True,False,True,True,True,3.568561621306415
K25-015,228,230.5017727384957,231.6158717520096,cruise,True,False,True,True,True,3.51349270520096
K25-015,229,231.6158717520096,231.9729254209917,cruise,True,False,True,True,True,3.4959172535331646
K25-015,230,231.9729254209917,232.32997908997376,cruise,True,False,True,True,True,3.478377182387703
K25-015,231,232.32997908997376,233.0870244345056,cruise,True,False,True,True,True,3.441304124899915
K25-015,232,233.0870244345056,233.84406977903743,cruise,True,False,True,True,True,3.404388145897144
K25-015,233,233.84406977903743,234.95816879257984,cruise,True,False,True,True,True,3.35034397469596
K25-015,234,234.95816879257984,236.07226780612226,cruise,True,False,True,True,True,3.296632987830705
K25-015,235,236.07226780612226,236.68161228549428,cruise,True,False,True,True,True,3.2673958264648775
K25-015,236,236.68161228549428,237.2909567648663,cruise,True,False,True,True,True,3.238256459035341
K25-015,237,237.2909567648663,237.79571129900822,cruise,True,False,True,True,True,3.2141922627476447
K25-015,238,237.79571129900822,238.30046583315013,cruise,True,False,True,True,True,3.1901943578224774
K25-015,239,238.30046583315013,239.41456484667827,cruise,True,False,True,True,True,3.13745879307902
K25-015,240,239.41456484667827,240.52866386020642,cruise,True,False,True,True,True,3.0850405659888196
K25-015,241,240.52866386020642,241.39029914998264,cruise,True,False,True,True,True,3.044715943605013
K25-015,242,241.39029914998264,242.25193443975886,cruise,True,False,True,True,True,3.0045771429097243
K25-015,243,242.25193443975886,242.5043981635108,cruise,True,False,True,True,True,2.9928512140029113
K25-015,244,242.5043981635108,242.75686188726277,cruise,True,False,True,True,True,2.9811410498041084
K25-015,245,242.75686188726277,243.2283040258191,cruise,True,False,True,True,True,2.9593159488369025
K25-015,246,243.2283040258191,243.69974616437545,cruise,True,False,True,True,True,2.9375453998776067
K25-015,247,243.69974616437545,277.00444831281294,descent,True,False,True,True,True,2.9375453998776067
K25-015,248,277.00444831281294,517.0044483128129,handoff,True,False,True,True,True,2.9471914933238423
K25-015,249,517.0044483128129,544.7583667698441,return_climb,True,False,True,True,True,2.9375453998776067
K25-015,250,544.7583667698441,545.2298089084004,return_cruise,True,False,True,True,True,2.9375453998776067
K25-015,251,545.2298089084004,545.7012510469567,return_cruise,True,False,True,True,True,2.9593159488369025
K25-015,252,545.7012510469567,545.9537147707086,return_cruise,True,False,True,True,True,2.9811410498041084
K25-015,253,545.9537147707086,546.2061784944606,return_cruise,True,False,True,True,True,2.9928512140029113
K25-015,254,546.2061784944606,547.0678137842368,return_cruise,True,False,True,True,True,3.0045771429097243
K25-015,255,547.0678137842368,547.9294490740131,return_cruise,True,False,True,True,True,3.044715943605013
K25-015,256,547.9294490740131,549.0435480875412,return_cruise,True,False,True,True,True,3.0850405659888196
K25-015,257,549.0435480875412,550.1576471010694,return_cruise,True,False,True,True,True,3.13745879308037
K25-015,258,550.1576471010694,550.6624016352113,return_cruise,True,False,True,True,True,3.1901943578224774
K25-015,259,550.6624016352113,551.1671561693531,return_cruise,True,False,True,True,True,3.2141922627476447
K25-015,260,551.1671561693531,551.7765006487251,return_cruise,True,False,True,True,True,3.238256459035341
K25-015,261,551.7765006487251,552.3858451280971,return_cruise,True,False,True,True,True,3.2673958264648775
K25-015,262,552.3858451280971,553.4999441416395,return_cruise,True,False,True,True,True,3.296632987830705
K25-015,263,553.4999441416395,554.6140431551819,return_cruise,True,False,True,True,True,3.35034397469596
K25-015,264,554.6140431551819,555.3710884997138,return_cruise,True,False,True,True,True,3.404388145897144
K25-015,265,555.3710884997138,556.1281338442457,return_cruise,True,False,True,True,True,3.441304124899915
K25-015,266,556.1281338442457,556.4851875132277,return_cruise,True,False,True,True,True,3.478377182387703
K25-015,267,556.4851875132277,556.8422411822098,return_cruise,True,False,True,True,True,3.4959172535331646
K25-015,268,556.8422411822098,557.9563401957238,return_cruise,True,False,True,True,True,3.51349270520096
K25-015,269,557.9563401957238,559.0704392092377,return_cruise,True,False,True,True,True,3.568561621306415
K25-015,270,559.0704392092377,560.0797753640611,return_cruise,True,False,True,True,True,3.6239807817015333
K25-015,271,560.0797753640611,561.0891115188845,return_cruise,True,False,True,True,True,3.6744947995289294
K25-015,272,561.0891115188845,561.1938743776035,return_cruise,True,False,True,True,True,3.7253033400061213
K25-015,273,561.1938743776035,561.2986372363225,return_cruise,True,False,True,True,True,3.730593961744276
K25-015,274,561.2986372363225,562.4127362498365,return_cruise,True,False,True,True,True,3.7358877973472886
K25-015,275,562.4127362498365,563.5268352633504,return_cruise,True,False,True,True,True,3.792384850288741
K25-015,276,563.5268352633504,564.6409342768786,return_cruise,True,False,True,True,True,3.8492505473689533
K25-015,277,564.6409342768786,565.7550332904068,return_cruise,True,False,True,True,True,3.906489714329851
K25-015,278,565.7550332904068,565.9025612420919,return_cruise,True,False,True,True,True,3.964107271945693
K25-015,279,565.9025612420919,566.0500891937771,return_cruise,True,False,True,True,True,3.9717655720278913
K25-015,280,566.0500891937771,567.0166602556201,return_cruise,True,False,True,True,True,3.9794306067544767
K25-015,281,567.0166602556201,567.9832313174632,return_cruise,True,False,True,True,True,4.029817690840304
K25-015,282,567.9832313174632,569.0973303309771,return_cruise,True,False,True,True,True,4.0804977325557275
K25-015,283,569.0973303309771,570.2114293444911,return_cruise,True,False,True,True,True,4.1392809752641995
K25-015,284,570.2114293444911,570.6112481065804,return_cruise,True,False,True,True,True,4.198463293479847
K25-015,285,570.6112481065804,571.0110668686698,return_cruise,True,False,True,True,True,4.21980050628045
K25-015,286,571.0110668686698,571.7253471201228,return_cruise,True,False,True,True,True,4.241190069246457
K25-015,287,571.7253471201228,572.4396273715759,return_cruise,True,False,True,True,True,4.279533849293372
K25-015,288,572.4396273715759,573.5537263850898,return_cruise,True,False,True,True,True,4.318047008760118
K25-015,289,573.5537263850898,574.6678253986038,return_cruise,True,False,True,True,True,4.378459613454183
K25-015,290,574.6678253986038,575.3199349709562,return_cruise,True,False,True,True,True,4.439293715127604
K25-015,291,575.3199349709562,575.9720445433086,return_cruise,True,False,True,True,True,4.475099325488614
K25-015,292,575.9720445433086,576.4340339844701,return_cruise,True,False,True,True,True,4.511052564302602
K25-015,293,576.4340339844701,576.8960234256317,return_cruise,True,False,True,True,True,4.536613775883893
K25-015,294,576.8960234256317,578.0101224391741,return_cruise,True,False,True,True,True,4.56225013139418
K25-015,295,578.0101224391741,579.1242214527165,return_cruise,True,False,True,True,True,4.624384621030089
K25-015,296,579.1242214527165,580.0286218354588,return_cruise,True,False,True,True,True,4.686964964833507
K25-015,297,580.0286218354588,580.9330222182011,return_cruise,True,False,True,True,True,4.738098563777228
K25-015,298,580.9330222182011,581.1427208489727,return_cruise,True,False,True,True,True,4.789533699781174
K25-015,299,581.1427208489727,581.3524194797442,return_cruise,True,False,True,True,True,4.80150313887647
K25-015,300,581.3524194797442,582.4665184932724,return_cruise,True,False,True,True,True,4.813489025118244
K25-015,301,582.4665184932724,583.5806175068005,return_cruise,True,False,True,True,True,4.877445998123605
K25-015,302,583.5806175068005,584.6947165203287,return_cruise,True,False,True,True,True,4.941875346554156
K25-015,303,584.6947165203287,585.8088155338569,return_cruise,True,False,True,True,True,5.006784068799021
K25-015,304,585.8088155338569,585.8514077134753,return_cruise,True,False,True,True,True,5.072179319231466
K25-015,305,585.8514077134753,585.8939998930937,return_cruise,True,False,True,True,True,5.0746891435506285
K25-015,306,585.8939998930937,586.9655067269892,return_cruise,True,False,True,True,True,5.07719969004377
K25-015,307,586.9655067269892,588.0370135608848,return_cruise,True,False,True,True,True,5.140597264227765
K25-015,308,588.0370135608848,589.1511125744272,return_cruise,True,False,True,True,True,5.204458829972722
K25-015,309,589.1511125744272,590.2652115879696,return_cruise,True,False,True,True,True,5.271358221527464
K25-015,310,590.2652115879696,590.560094577851,return_cruise,True,False,True,True,True,5.33877441392859
K25-015,311,590.560094577851,590.8549775677325,return_cruise,True,False,True,True,True,5.356705833564121
K25-015,312,590.8549775677325,591.674193591365,return_cruise,True,False,True,True,True,5.374674169355288
K25-015,313,591.674193591365,592.4934096149975,return_cruise,True,False,True,True,True,5.42478710572739
K25-015,314,592.4934096149975,593.6075086285115,return_cruise,True,False,True,True,True,5.475189417733574
K25-015,315,593.6075086285115,594.7216076420254,return_cruise,True,False,True,True,True,5.544204809679499
K25-015,316,594.7216076420254,595.2687814424522,return_cruise,True,False,True,True,True,5.613770175430119
K25-015,317,595.2687814424522,595.815955242879,return_cruise,True,False,True,True,True,5.6481402613069065
K25-015,318,595.815955242879,596.3828804559946,return_cruise,True,False,True,True,True,5.682646185497148
K25-015,319,596.3828804559946,596.9498056691102,return_cruise,True,False,True,True,True,5.7185421017471185
K25-015,320,596.9498056691102,598.0639046826242,return_cruise,True,False,True,True,True,5.7545861982628566
K25-015,321,598.0639046826242,599.1780036961381,return_cruise,True,False,True,True,True,5.825855075236589
K25-015,322,599.1780036961381,599.977468306828,return_cruise,True,False,True,True,True,5.897710379648601
K25-015,323,599.977468306828,600.7769329175178,return_cruise,True,False,True,True,True,5.949639702648653
K25-015,324,600.7769329175178,601.0915673203419,return_cruise,True,False,True,True,True,6.001879625783417
K25-015,325,601.0915673203419,601.4062017231661,return_cruise,True,False,True,True,True,6.022524965314773
K25-015,326,601.4062017231661,602.5203007367085,return_cruise,True,False,True,True,True,6.043219216934261
K25-015,327,602.5203007367085,603.6343997502509,return_cruise,True,False,True,True,True,6.116892831073599
K25-015,328,603.6343997502509,604.6861551712037,return_cruise,True,False,True,True,True,6.191193051425373
K25-015,329,604.6861551712037,605.7379105921566,return_cruise,True,False,True,True,True,6.2619201345679585
K25-015,330,605.7379105921566,605.8002541847177,return_cruise,True,False,True,True,True,6.333224393549912
K25-015,331,605.8002541847177,605.8625977772788,return_cruise,True,False,True,True,True,6.337469329559681
K25-015,332,605.8625977772788,606.976696790807,return_cruise,True,False,True,True,True,6.341716328636707
K25-015,333,606.976696790807,608.0907958043351,return_cruise,True,False,True,True,True,6.417961588764911
K25-015,334,608.0907958043351,609.2048948178633,return_cruise,True,False,True,True,True,6.49487788081133
K25-015,335,609.2048948178633,610.3189938313915,return_cruise,True,False,True,True,True,6.572477044592958
K25-015,336,610.3189938313915,610.5089410493473,return_cruise,True,False,True,True,True,6.650771233947125
K25-015,337,610.5089410493473,610.6988882673031,return_cruise,True,False,True,True,True,6.664190171244769
K25-015,338,610.6988882673031,611.6230400628613,return_cruise,True,False,True,True,True,6.677629736454378
K25-015,339,611.6230400628613,612.5471918584194,return_cruise,True,False,True,True,True,6.743313759727002
K25-015,340,612.5471918584194,613.6612908719618,return_cruise,True,False,True,True,True,6.809494941983786
K25-015,341,613.6612908719618,614.7753898855042,return_cruise,True,False,True,True,True,6.8899504409976515
K25-015,342,614.7753898855042,615.217627913723,return_cruise,True,False,True,True,True,6.9711529510469035
K25-015,343,615.217627913723,615.6598659419419,return_cruise,True,False,True,True,True,7.00359620726347
K25-015,344,615.6598659419419,616.331726927237,return_cruise,True,False,True,True,True,7.036160239857168
K25-015,345,616.331726927237,617.0035879125321,return_cruise,True,False,True,True,True,7.085865610705099
K25-015,346,617.0035879125321,618.1176869260461,return_cruise,True,False,True,True,True,7.1358549969334035
K25-015,347,618.1176869260461,619.23178593956,return_cruise,True,False,True,True,True,7.2193835153631625
K25-015,348,619.23178593956,619.9263147780704,return_cruise,True,False,True,True,True,7.303717039696508
K25-015,349,619.9263147780704,620.6208436165807,return_cruise,True,False,True,True,True,7.356704725820066
K25-015,350,620.6208436165807,621.0404137916128,return_cruise,True,False,True,True,True,7.410015145754386
K25-015,351,621.0404137916128,621.4599839666448,return_cruise,True,False,True,True,True,7.442378398148506
K25-015,352,621.4599839666448,622.5740829801588,return_cruise,True,False,True,True,True,7.474861739307755
K25-015,353,622.5740829801588,623.6881819936727,return_cruise,True,False,True,True,True,7.561705376010551
K25-015,354,623.6881819936727,624.6350016427,return_cruise,True,False,True,True,True,7.649418977245205
K25-015,355,624.6350016427,625.5818212917272,return_cruise,True,False,True,True,True,7.724659443405372
K25-015,356,625.5818212917272,625.7491006562282,return_cruise,True,False,True,True,True,7.800551853704349
K25-015,357,625.7491006562282,625.9163800207291,return_cruise,True,False,True,True,True,7.8140287590561
K25-015,358,625.9163800207291,627.0304790342573,return_cruise,True,False,True,True,True,7.827526429354194
K25-015,359,627.0304790342573,628.1445780477854,return_cruise,True,False,True,True,True,7.917956794489868
K25-015,360,628.1445780477854,629.2586770612994,return_cruise,True,False,True,True,True,8.009330195998572
K25-015,361,629.2586770612994,630.3727760748134,return_cruise,True,False,True,True,True,8.101666326675812
K25-015,362,630.3727760748134,630.4577875205897,return_cruise,True,False,True,True,True,8.1949854965289
K25-015,363,630.4577875205897,630.542798966366,return_cruise,True,False,True,True,True,8.202147184354288
K25-015,364,630.542798966366,631.5718865341321,return_cruise,True,False,True,True,True,8.209314727042269
K25-015,365,631.5718865341321,632.6009741018981,return_cruise,True,False,True,True,True,8.296547835405718
K25-015,366,632.6009741018981,633.7150731154121,return_cruise,True,False,True,True,True,8.384657435961799
K25-015,367,633.7150731154121,634.8291721289261,return_cruise,True,False,True,True,True,8.481054150545717
K25-015,368,634.8291721289261,635.1664743849655,return_cruise,True,False,True,True,True,8.578521852939346
K25-015,369,635.1664743849655,635.5037766410048,return_cruise,True,False,True,True,True,8.60824576133497
K25-015,370,635.5037766410048,636.2805733984794,return_cruise,True,False,True,True,True,8.638070690977628
K25-015,371,636.2805733984794,637.057370155954,return_cruise,True,False,True,True,True,8.70714453666804
K25-015,372,637.057370155954,638.1714691694964,return_cruise,True,False,True,True,True,8.776766259388808
K25-015,373,638.1714691694964,639.2855681830388,return_cruise,True,False,True,True,True,8.877593002493697
K25-015,374,639.2855681830388,639.875161249595,return_cruise,True,False,True,True,True,8.979590883921844
K25-015,375,639.875161249595,640.4647543161511,return_cruise,True,False,True,True,True,9.034052379059176
K25-015,376,640.4647543161511,640.9892602631088,return_cruise,True,False,True,True,True,9.08885360972809
K25-015,377,640.9892602631088,641.5137662100665,return_cruise,True,False,True,True,True,9.137894111221996
K25-015,378,641.5137662100665,642.6278652235804,return_cruise,True,False,True,True,True,9.187209832646573
K25-015,379,642.6278652235804,643.7419642370944,return_cruise,True,False,True,True,True,9.29288819687413
K25-015,380,643.7419642370944,644.5838481139422,return_cruise,True,False,True,True,True,9.399852383510762
K25-015,381,644.5838481139422,645.4257319907899,return_cruise,True,False,True,True,True,9.481553261498135
K25-015,382,645.4257319907899,645.6979471274846,return_cruise,True,False,True,True,True,9.56402013123433
K25-015,383,645.6979471274846,645.9701622641792,return_cruise,True,False,True,True,True,9.590851247579806
K25-015,384,645.9701622641792,647.084261277693,return_cruise,True,False,True,True,True,9.617764432550032
K25-015,385,647.084261277693,648.198360291207,return_cruise,True,False,True,True,True,9.72877830005504
K25-015,386,648.198360291207,649.2925349783178,return_cruise,True,False,True,True,True,9.841210113591771
K25-015,387,649.2925349783178,650.3867096654286,return_cruise,True,False,True,True,True,9.953046338664166
K25-015,388,650.3867096654286,650.406633991846,return_cruise,True,False,True,True,True,10.0663206786094
K25-015,389,650.406633991846,650.4265583182633,return_cruise,True,False,True,True,True,10.068396902862062
K25-015,390,650.4265583182633,651.5406573317915,return_cruise,True,False,True,True,True,10.070473616386593
K25-015,391,651.5406573317915,652.6547563453197,return_cruise,True,False,True,True,True,10.187381842553464
K25-015,392,652.6547563453197,653.7688553588337,return_cruise,True,False,True,True,True,10.305861232437962
K25-015,393,653.7688553588337,654.8829543723476,return_cruise,True,False,True,True,True,10.425953904366352
K25-015,394,654.8829543723476,655.1153208564614,return_cruise,True,False,True,True,True,10.547703662602515
K25-015,395,655.1153208564614,655.3476873405751,return_cruise,True,False,True,True,True,10.573309930619928
K25-015,396,655.3476873405751,656.2294198700039,return_cruise,True,False,True,True,True,10.59899068342672
K25-015,397,656.2294198700039,657.1111523994325,return_cruise,True,False,True,True,True,10.69712339436117
K25-015,398,657.1111523994325,658.2252514129465,return_cruise,True,False,True,True,True,10.796358626743014
K25-015,399,658.2252514129465,659.3393504264603,return_cruise,True,False,True,True,True,10.923360704643457
K25-015,400,659.3393504264603,659.8240077208371,return_cruise,True,False,True,True,True,11.05221382256623
K25-015,401,659.8240077208371,660.3086650152139,return_cruise,True,False,True,True,True,11.10885902364933
K25-015,402,660.3086650152139,660.9381067343511,return_cruise,True,False,True,True,True,11.165869210685102
K25-015,403,660.9381067343511,661.5675484534883,return_cruise,True,False,True,True,True,11.240462825730901
K25-015,404,661.5675484534883,662.6816474670306,return_cruise,True,False,True,True,True,11.315690289299638
K25-015,405,662.6816474670306,663.795746480573,return_cruise,True,False,True,True,True,11.45042812361244
K25-015,406,663.795746480573,664.5326945852129,return_cruise,True,False,True,True,True,11.587246242152148
K25-015,407,664.5326945852129,665.2696426898527,return_cruise,True,False,True,True,True,11.678922067825198
K25-015,408,665.2696426898527,665.6467935987268,return_cruise,True,False,True,True,True,11.771555135247254
K25-015,409,665.6467935987268,666.023944507601,return_cruise,True,False,True,True,True,11.8193390058711
K25-015,410,666.023944507601,667.1380435211291,return_cruise,True,False,True,True,True,11.867381455451792
K25-015,411,667.1380435211291,668.2521425346573,return_cruise,True,False,True,True,True,12.010835049658283
K25-015,412,668.2521425346573,669.2413814498283,return_cruise,True,False,True,True,True,12.156642286962267
K25-015,413,669.2413814498283,670.2306203649991,return_cruise,True,False,True,True,True,12.28814292649291
K25-015,414,670.2306203649991,670.3554804633565,return_cruise,True,False,True,True,True,12.421615484338759
K25-015,415,670.3554804633565,670.4803405617137,return_cruise,True,False,True,True,True,12.438605237827247
K25-015,416,670.4803405617137,671.5944395752276,return_cruise,True,False,True,True,True,12.455627453508427
K25-015,417,671.5944395752276,672.7085385887416,return_cruise,True,False,True,True,True,12.6089696961687
K25-015,418,672.7085385887416,673.822637602284,return_cruise,True,False,True,True,True,12.764994688282783
K25-015,419,673.822637602284,674.9367366158264,return_cruise,True,False,True,True,True,12.923795129633888
K25-015,420,674.9367366158264,675.0641673277322,return_cruise,True,False,True,True,True,13.08546843550856
K25-015,421,675.0641673277322,675.1915980396379,return_cruise,True,False,True,True,True,13.104148279074067
K25-015,422,675.1915980396379,676.1782663412461,return_cruise,True,False,True,True,True,13.122867199839192
K25-015,423,676.1782663412461,677.1649346428542,return_cruise,True,False,True,True,True,13.269143972365569
K25-015,424,677.1649346428542,678.2790336563681,return_cruise,True,False,True,True,True,13.417848766408852
K25-015,425,678.2790336563681,679.393132669882,return_cruise,True,False,True,True,True,13.58877711711935
K25-015,426,679.393132669882,679.7728541920793,return_cruise,True,False,True,True,True,13.76302173450624
K25-015,427,679.7728541920793,680.1525757142766,return_cruise,True,False,True,True,True,13.82319008181932
K25-015,428,680.1525757142766,680.8869532056217,return_cruise,True,False,True,True,True,13.883763443415972
K25-015,429,680.8869532056217,681.6213306969668,return_cruise,True,False,True,True,True,14.002080488830046
K25-015,430,681.6213306969668,682.7354297104807,return_cruise,True,False,True,True,True,14.121971425783443
K25-015,431,682.7354297104807,683.8495287239947,return_cruise,True,False,True,True,True,14.306950284707185
K25-015,432,683.8495287239947,684.4815410567089,return_cruise,True,False,True,True,True,14.495794000704976
K25-015,433,684.4815410567089,685.1135533894231,return_cruise,True,False,True,True,True,14.604699880568091
K25-015,434,685.1135533894231,685.5956400702371,return_cruise,True,False,True,True,True,14.714929945606855
K25-015,435,685.5956400702371,686.077726751051,return_cruise,True,False,True,True,True,14.799920696738198
K25-015,436,686.077726751051,687.1918257645792,return_cruise,True,False,True,True,True,14.885714066002379
K25-015,437,687.1918257645792,688.3059247781074,return_cruise,True,False,True,True,True,15.087133101510148
K25-015,438,688.3059247781074,689.1902279210847,return_cruise,True,False,True,True,True,15.293103748840608
K25-015,439,689.1902279210847,690.0745310640618,return_cruise,True,False,True,True,True,15.459961740669868
K25-015,440,690.0745310640618,690.3043269345985,return_cruise,True,False,True,True,True,15.629916511844726
K25-015,441,690.3043269345985,690.5341228051352,return_cruise,True,False,True,True,True,15.674601447719951
K25-015,442,690.5341228051352,691.6482218186634,return_cruise,True,False,True,True,True,15.719504860277695
K25-015,443,691.6482218186634,692.7623208321916,return_cruise,True,False,True,True,True,15.940369142423805
K25-015,444,692.7623208321916,693.8764198457197,return_cruise,True,False,True,True,True,16.166654502593914
K25-015,445,693.8764198457197,694.9905188592479,return_cruise,True,False,True,True,True,16.398613396757256
K25-015,446,694.9905188592479,695.0130137991011,return_cruise,True,False,True,True,True,16.636514346322386
K25-015,447,695.0130137991011,695.0355087389544,return_cruise,True,False,True,True,True,16.64138099078592
K25-015,448,695.0355087389544,696.1271128126151,return_cruise,True,False,True,True,True,16.646250176009644
K25-015,449,696.1271128126151,697.2187168862757,return_cruise,True,False,True,True,True,16.885638499289897
K25-015,450,697.2187168862757,698.3328158998181,return_cruise,True,False,True,True,True,17.13130348343219
K25-015,451,698.3328158998181,699.4469149133605,return_cruise,True,False,True,True,True,17.388819135963402
K25-015,452,699.4469149133605,699.7217006636037,return_cruise,True,False,True,True,True,17.653534076472084
K25-015,453,699.7217006636037,699.9964864138468,return_cruise,True,False,True,True,True,17.719972843954082
K25-015,454,699.9964864138468,700.8357996771175,return_cruise,True,False,True,True,True,17.786877408151554
K25-015,455,700.8357996771175,701.6751129403882,return_cruise,True,False,True,True,True,17.99417756048284
K25-015,456,701.6751129403882,702.7892119539022,return_cruise,True,False,True,True,True,18.206047634741253
K25-015,457,702.7892119539022,703.9033109674161,return_cruise,True,False,True,True,True,18.494646657289238
K25-015,458,703.9033109674161,704.4303875279509,return_cruise,True,False,True,True,True,18.79204702390524
K25-015,459,704.4303875279509,704.9574640884856,return_cruise,True,False,True,True,True,18.935944241049015
K25-015,460,704.9574640884856,705.5444865414933,return_cruise,True,False,True,True,True,19.081964467829664
K25-015,461,705.5444865414933,706.1315089945009,return_cruise,True,False,True,True,True,19.247154047287637
K25-015,462,706.1315089945009,707.2456080080148,return_cruise,True,False,True,True,True,19.415114036950058
K25-015,463,707.2456080080148,708.3597070215287,return_cruise,True,False,True,True,True,19.741767853651965
K25-015,464,708.3597070215287,709.1390743924534,return_cruise,True,False,True,True,True,20.07919217316872
K25-015,465,709.1390743924534,709.918441763378,return_cruise,True,False,True,True,True,20.321925524641344
K25-015,466,709.918441763378,710.2531734059816,return_cruise,True,False,True,True,True,20.570375803755184
K25-015,467,710.2531734059816,710.5879050485851,return_cruise,True,False,True,True,True,20.678883785858517
K25-015,468,710.5879050485851,711.7020040621132,return_cruise,True,False,True,True,True,20.78849462771703
K25-015,469,711.7020040621132,712.8161030756414,return_cruise,True,False,True,True,True,21.161440340456494
K25-015,470,712.8161030756414,713.847761256956,return_cruise,True,False,True,True,True,21.54725956330448
K25-015,471,713.847761256956,714.8794194382706,return_cruise,True,False,True,True,True,21.91639703437332
K25-015,472,714.8794194382706,714.9618602704699,return_cruise,True,False,True,True,True,22.29723702560166
K25-015,473,714.9618602704699,715.0443011026691,return_cruise,True,False,True,True,True,22.328181408995164
K25-015,474,715.0443011026691,716.1584001162115,return_cruise,True,False,True,True,True,22.359201767086702
K25-015,475,716.1584001162115,717.2724991297539,return_cruise,True,False,True,True,True,22.785871084535543
K25-015,476,717.2724991297539,718.3865981432679,return_cruise,True,False,True,True,True,23.22637179342952
K25-015,477,718.3865981432679,719.5006971567818,return_cruise,True,False,True,True,True,23.680330852741776
K25-015,478,719.5006971567818,719.6705471348456,return_cruise,True,False,True,True,True,24.14688508959803
K25-015,479,719.6705471348456,719.8403971129094,return_cruise,True,False,True,True,True,24.21903331899634
K25-015,480,719.8403971129094,720.7846461483596,return_cruise,True,False,True,True,True,24.29143270278169
K25-015,481,720.7846461483596,721.7288951838098,return_cruise,True,False,True,True,True,24.69811593773855
K25-015,482,721.7288951838098,722.8429941973521,return_cruise,True,False,True,True,True,25.110590938501502
K25-015,483,722.8429941973521,723.9570932108945,return_cruise,True,False,True,True,True,25.60139970071964
K25-015,484,723.9570932108945,724.3792339993482,return_cruise,True,False,True,True,True,26.091357548723124
K25-015,485,724.3792339993482,724.8013747878019,return_cruise,True,False,True,True,True,26.27526271163299
K25-015,486,724.8013747878019,725.4933330128622,return_cruise,True,False,True,True,True,26.457448087028112
K25-015,487,725.4933330128622,726.1852912379225,return_cruise,True,False,True,True,True,26.75083441225054
K25-015,488,726.1852912379225,727.2993902514506,return_cruise,True,False,True,True,True,27.03517381304539
K25-015,489,727.2993902514506,728.4134892649788,return_cruise,True,False,True,True,True,27.465458009025966
K25-015,490,728.4134892649788,729.0879208638366,return_cruise,True,False,True,True,True,27.847654767113113
K25-015,491,729.0879208638366,729.7623524626945,return_cruise,True,False,True,True,True,28.048190612379884
K25-015,492,729.7623524626945,730.2020198773648,return_cruise,True,False,True,True,True,28.220570846027613
K25-015,493,730.2020198773648,730.641687292035,return_cruise,True,False,True,True,True,28.315946660872697
K25-015,494,730.641687292035,731.6062742179457,return_cruise,True,False,True,True,True,28.39674639289757
K25-015,495,731.6062742179457,732.5708611438564,return_cruise,True,False,True,True,True,28.518915695535
K25-015,496,732.5708611438564,799.6355632922939,return_descent,True,False,True,True,True,28.560414627442952
K25-016,0,1561.4332394931612,1619.5758835361298,climb,True,False,True,True,True,29.982830377148545
K25-016,1,1619.5758835361298,1620.554974646741,cruise,True,False,True,True,True,29.92362584195382
K25-016,2,1620.554974646741,1621.534065757352,cruise,True,False,True,True,True,29.75070605559381
K25-016,3,1621.534065757352,1621.5490754800012,cruise,True,False,True,True,True,29.747229068304677
K25-016,4,1621.5490754800012,1621.5640852026504,cruise,True,False,True,True,True,29.743728344586756
K25-016,5,1621.5640852026504,1622.6799268436107,cruise,True,False,True,True,True,29.421572052712207
K25-016,6,1622.6799268436107,1623.795768484571,cruise,True,False,True,True,True,28.996496577668893
K25-016,7,1623.795768484571,1624.9266198481805,cruise,True,False,True,True,True,28.490839060973485
K25-016,8,1624.9266198481805,1626.05747121179,cruise,True,False,True,True,True,27.937503828684015
K25-016,9,1626.05747121179,1626.101966630999,cruise,True,False,True,True,True,27.915089108754543
K25-016,10,1626.101966630999,1626.146462050208,cruise,True,False,True,True,True,27.892637314212095
K25-016,11,1626.146462050208,1627.2328179945941,cruise,True,False,True,True,True,27.3359365160194
K25-016,12,1627.2328179945941,1628.3191739389804,cruise,True,False,True,True,True,26.77191134651089
K25-016,13,1628.3191739389804,1629.4500253026044,cruise,True,False,True,True,True,26.187954447477225
K25-016,14,1629.4500253026044,1630.5808766662285,cruise,True,False,True,True,True,25.61472795513434
K25-016,15,1630.5808766662285,1630.654857781997,cruise,True,False,True,True,True,25.57772735751206
K25-016,16,1630.654857781997,1630.7288388977654,cruise,True,False,True,True,True,25.540794565839505
K25-016,17,1630.7288388977654,1631.7857091455921,cruise,True,False,True,True,True,25.021074075363558
K25-016,18,1631.7857091455921,1632.8425793934189,cruise,True,False,True,True,True,24.517310356462204
K25-016,19,1632.8425793934189,1633.973430757014,cruise,True,False,True,True,True,23.997105022055266
K25-016,20,1633.973430757014,1635.1042821206092,cruise,True,False,True,True,True,23.496731450805584
K25-016,21,1635.1042821206092,1635.207748932849,cruise,True,False,True,True,True,23.45193712405478
K25-016,22,1635.207748932849,1635.3112157450887,cruise,True,False,True,True,True,23.407307173506666
K25-016,23,1635.3112157450887,1636.338600296473,cruise,True,False,True,True,True,22.97298378640356
K25-016,24,1636.338600296473,1637.3659848478574,cruise,True,False,True,True,True,22.55437747244312
K25-016,25,1637.3659848478574,1638.4968362114525,cruise,True,False,True,True,True,22.11109863941246
K25-016,26,1638.4968362114525,1639.6276875750477,cruise,True,False,True,True,True,21.68530215131706
K25-016,27,1639.6276875750477,1639.7606400838472,cruise,True,False,True,True,True,21.636348293413306
K25-016,28,1639.7606400838472,1639.8935925926467,cruise,True,False,True,True,True,21.587621980781208
K25-016,29,1639.8935925926467,1640.891491447457,cruise,True,False,True,True,True,21.22900977909201
K25-016,30,1640.891491447457,1641.8893903022672,cruise,True,False,True,True,True,20.882502268859383
K25-016,31,1641.8893903022672,1643.0202416658767,cruise,True,False,True,True,True,20.503682898184167
K25-016,32,1643.0202416658767,1644.1510930294862,cruise,True,False,True,True,True,20.138754876011262
K25-016,33,1644.1510930294862,1644.3135312348452,cruise,True,False,True,True,True,20.08742806505026
K25-016,34,1644.3135312348452,1644.4759694402042,cruise,True,False,True,True,True,20.036368540267915
K25-016,35,1644.4759694402042,1645.4443825984401,cruise,True,False,True,True,True,19.737385205628357
K25-016,36,1645.4443825984401,1646.4127957566764,cruise,True,False,True,True,True,19.447343190206695
K25-016,37,1646.4127957566764,1647.5436471203004,cruise,True,False,True,True,True,19.11936521983536
K25-016,38,1647.5436471203004,1648.6744984839245,cruise,True,False,True,True,True,18.802290592275597
K25-016,39,1648.6744984839245,1648.8664223857259,cruise,True,False,True,True,True,18.749514390028992
K25-016,40,1648.8664223857259,1649.0583462875272,cruise,True,False,True,True,True,18.69703112066219
K25-016,41,1649.0583462875272,1649.997273749321,cruise,True,False,True,True,True,18.444400232664634
K25-016,42,1649.997273749321,1650.9362012111148,cruise,True,False,True,True,True,18.198384745567097
K25-016,43,1650.9362012111148,1652.06705257471,cruise,True,False,True,True,True,17.910428203474282
K25-016,44,1652.06705257471,1653.1979039383052,cruise,True,False,True,True,True,17.631118864711112
K25-016,45,1653.1979039383052,1653.4193135366952,cruise,True,False,True,True,True,17.577404483093275
K25-016,46,1653.4193135366952,1653.6407231350852,cruise,True,False,True,True,True,17.524000220810322
K25-016,47,1653.6407231350852,1654.5501649003193,cruise,True,False,True,True,True,17.307825011361956
K25-016,48,1654.5501649003193,1655.4596066655533,cruise,True,False,True,True,True,17.096606537115576
K25-016,49,1655.4596066655533,1656.5904580291485,cruise,True,False,True,True,True,16.840566441644455
K25-016,50,1656.5904580291485,1657.7213093927437,cruise,True,False,True,True,True,16.591494312741602
K25-016,51,1657.7213093927437,1657.9722046876932,cruise,True,False,True,True,True,16.53714310027786
K25-016,52,1657.9722046876932,1658.2230999826427,cruise,True,False,True,True,True,16.4831139549012
K25-016,53,1658.2230999826427,1659.1030560513027,cruise,True,False,True,True,True,16.29611351710429
K25-016,54,1659.1030560513027,1659.9830121199627,cruise,True,False,True,True,True,16.112881639118598
K25-016,55,1659.9830121199627,1661.1138634835722,cruise,True,False,True,True,True,15.882712675012456
K25-016,56,1661.1138634835722,1662.2447148471817,cruise,True,False,True,True,True,15.658251147070914
K25-016,57,1662.2447148471817,1662.5250958385736,cruise,True,False,True,True,True,15.60345053830369
K25-016,58,1662.5250958385736,1662.8054768299655,cruise,True,False,True,True,True,15.548980577890234
K25-016,59,1662.8054768299655,1663.6559472021686,cruise,True,False,True,True,True,15.385742536829184
K25-016,60,1663.6559472021686,1664.5064175743717,cruise,True,False,True,True,True,15.225409449526182
K25-016,61,1664.5064175743717,1665.6372689379812,cruise,True,False,True,True,True,15.016550160642126
K25-016,62,1665.6372689379812,1666.7681203015907,cruise,True,False,True,True,True,14.812437491922495
K25-016,63,1666.7681203015907,1667.077986989674,cruise,True,False,True,True,True,14.757309438670447
K25-016,64,1667.077986989674,1667.3878536777572,cruise,True,False,True,True,True,14.702518373345498
K25-016,65,1667.3878536777572,1668.2088383532835,cruise,True,False,True,True,True,14.558950453029212
K25-016,66,1668.2088383532835,1669.0298230288097,cruise,True,False,True,True,True,14.41764914830648
K25-016,67,1669.0298230288097,1670.1606743924049,cruise,True,False,True,True,True,14.226602003874746
K25-016,68,1670.1606743924049,1671.291525756,cruise,True,False,True,True,True,14.039556753929801
K25-016,69,1671.291525756,1671.63087814054,cruise,True,False,True,True,True,13.984183661395917
K25-016,70,1671.63087814054,1671.97023052508,cruise,True,False,True,True,True,13.929152355340932
K25-016,71,1671.97023052508,1672.761729504164,cruise,True,False,True,True,True,13.802103882498244
K25-016,72,1672.761729504164,1673.5532284832477,cruise,True,False,True,True,True,13.676842393762044
K25-016,73,1673.5532284832477,1674.684079846843,cruise,True,False,True,True,True,13.500880562887545
K25-016,74,1674.684079846843,1675.814931210438,cruise,True,False,True,True,True,13.328333936512834
K25-016,75,1675.814931210438,1676.1837692914205,cruise,True,False,True,True,True,13.272773297955155
K25-016,76,1676.1837692914205,1676.552607372403,cruise,True,False,True,True,True,13.21755815461384
K25-016,77,1676.552607372403,1677.3146206550155,cruise,True,False,True,True,True,13.104560997678448
K25-016,78,1677.3146206550155,1678.076633937628,cruise,True,False,True,True,True,12.992984970038847
K25-016,79,1678.076633937628,1679.207485301252,cruise,True,False,True,True,True,12.829948463734937
K25-016,80,1679.207485301252,1680.3383366648761,cruise,True,False,True,True,True,12.669857944683173
K25-016,81,1680.3383366648761,1680.7366604425354,cruise,True,False,True,True,True,12.614150982818572
K25-016,82,1680.7366604425354,1681.1349842201946,cruise,True,False,True,True,True,12.558792435012137
K25-016,83,1681.1349842201946,1681.8675118061303,cruise,True,False,True,True,True,12.457882060165971
K25-016,84,1681.8675118061303,1682.600039392066,cruise,True,False,True,True,True,12.358109957832255
K25-016,85,1682.600039392066,1683.7308907556755,cruise,True,False,True,True,True,12.206262576469044
K25-016,86,1683.7308907556755,1684.861742119285,cruise,True,False,True,True,True,12.056980718236147
K25-016,87,1684.861742119285,1685.2895515934013,cruise,True,False,True,True,True,12.001157693061387
K25-016,88,1685.2895515934013,1685.7173610675175,cruise,True,False,True,True,True,11.9456854155912
K25-016,89,1685.7173610675175,1686.4204029570108,cruise,True,False,True,True,True,11.855275382864676
K25-016,90,1686.4204029570108,1687.123444846504,cruise,True,False,True,True,True,11.765782315389544
K25-016,91,1687.123444846504,1688.2542962100993,cruise,True,False,True,True,True,11.62370982204375
K25-016,92,1688.2542962100993,1689.3851475736944,cruise,True,False,True,True,True,11.483890488361212
K25-016,93,1689.3851475736944,1689.8424427442676,cruise,True,False,True,True,True,11.427974070782057
K25-016,94,1689.8424427442676,1690.2997379148408,cruise,True,False,True,True,True,11.372410292660007
K25-016,95,1690.2997379148408,1690.9732941078917,cruise,True,False,True,True,True,11.29120271907074
K25-016,96,1690.9732941078917,1691.6468503009426,cruise,True,False,True,True,True,11.210737144983128
K25-016,97,1691.6468503009426,1692.7777016645377,cruise,True,False,True,True,True,11.077273632478907
K25-016,98,1692.7777016645377,1693.908553028133,cruise,True,False,True,True,True,10.945803927899007
K25-016,99,1693.908553028133,1694.395333895383,cruise,True,False,True,True,True,10.889811409404501
K25-016,100,1694.395333895383,1694.882114762633,cruise,True,False,True,True,True,10.834173082770775
K25-016,101,1694.882114762633,1695.526185258978,cruise,True,False,True,True,True,10.761093665901456
K25-016,102,1695.526185258978,1696.1702557553233,cruise,True,False,True,True,True,10.688616660017743
K25-016,103,1696.1702557553233,1697.3011071189474,cruise,True,False,True,True,True,10.56279045957558
K25-016,104,1697.3011071189474,1698.4319584825714,cruise,True,False,True,True,True,10.438740531972655
K25-016,105,1698.4319584825714,1698.9482250462638,cruise,True,False,True,True,True,10.382685310772032
K25-016,106,1698.9482250462638,1699.4644916099562,cruise,True,False,True,True,True,10.3269855692578
K25-016,107,1699.4644916099562,1700.079076409859,cruise,True,False,True,True,True,10.261135658176755
K25-016,108,1700.079076409859,1700.6936612097618,cruise,True,False,True,True,True,10.195775917791735
K25-016,109,1700.6936612097618,1701.8245125733713,cruise,True,False,True,True,True,10.07676925775398
K25-016,110,1701.8245125733713,1702.9553639369808,cruise,True,False,True,True,True,9.95935472447583
K25-016,111,1702.9553639369808,1703.50111619713,cruise,True,False,True,True,True,9.903247328419639
K25-016,112,1703.50111619713,1704.046868457279,cruise,True,False,True,True,True,9.847496490746607
K25-016,113,1704.046868457279,1704.6319675607394,cruise,True,False,True,True,True,9.788117187144152
K25-016,114,1704.6319675607394,1705.2170666641998,cruise,True,False,True,True,True,9.729137197034063
K25-016,115,1705.2170666641998,1706.347918027795,cruise,True,False,True,True,True,9.616255685828108
K25-016,116,1706.347918027795,1707.4787693913902,cruise,True,False,True,True,True,9.504809113291259
K25-016,117,1707.4787693913902,1708.0540073482307,cruise,True,False,True,True,True,9.448657918867141
K25-016,118,1708.0540073482307,1708.6292453050712,cruise,True,False,True,True,True,9.392864194286815
K25-016,119,1708.6292453050712,1709.1848587118548,cruise,True,False,True,True,True,9.339309079837477
K25-016,120,1709.1848587118548,1709.7404721186383,cruise,True,False,True,True,True,9.286079313661745
K25-016,121,1709.7404721186383,1710.8713234822335,cruise,True,False,True,True,True,9.17872854699317
K25-016,122,1710.8713234822335,1712.0021748458287,cruise,True,False,True,True,True,9.072677519364177
K25-016,123,1712.0021748458287,1712.6068984991116,cruise,True,False,True,True,True,9.016489266706941
K25-016,124,1712.6068984991116,1713.2116221523945,cruise,True,False,True,True,True,8.960659260095568
K25-016,125,1713.2116221523945,1713.7377498627068,cruise,True,False,True,True,True,8.912373404147175
K25-016,126,1713.7377498627068,1714.263877573019,cruise,True,False,True,True,True,8.86435240027977
K25-016,127,1714.263877573019,1715.394728936643,cruise,True,False,True,True,True,8.76201980829984
K25-016,128,1715.394728936643,1716.5255803002672,cruise,True,False,True,True,True,8.660869859043032
K25-016,129,1716.5255803002672,1717.1597896499925,cruise,True,False,True,True,True,8.604650026812777
K25-016,130,1717.1597896499925,1717.7939989997178,cruise,True,False,True,True,True,8.54878910638675
K25-016,131,1717.7939989997178,1718.2906410135877,cruise,True,False,True,True,True,8.50529271162496
K25-016,132,1718.2906410135877,1718.7872830274575,cruise,True,False,True,True,True,8.462011503492988
K25-016,133,1718.7872830274575,1719.9181343910527,cruise,True,False,True,True,True,8.364252103631344
K25-016,134,1719.9181343910527,1721.048985754648,cruise,True,False,True,True,True,8.267573283218312
K25-016,135,1721.048985754648,1721.712680801079,cruise,True,False,True,True,True,8.211326365852585
K25-016,136,1721.712680801079,1722.37637584751,cruise,True,False,True,True,True,8.155438934994578
K25-016,137,1722.37637584751,1722.843532164703,cruise,True,False,True,True,True,8.116314453696333
K25-016,138,1722.843532164703,1723.310688481896,cruise,True,False,True,True,True,8.077364269783828
K25-016,139,1723.310688481896,1724.4415398454912,cruise,True,False,True,True,True,7.983789367064674
K25-016,140,1724.4415398454912,1725.5723912090864,cruise,True,False,True,True,True,7.891205563055024
K25-016,141,1725.5723912090864,1726.2655719519598,cruise,True,False,True,True,True,7.834935278653376
K25-016,142,1726.2655719519598,1726.9587526948333,cruise,True,False,True,True,True,7.779024979816583
K25-016,143,1726.9587526948333,1727.3964233155693,cruise,True,False,True,True,True,7.743906859448003
K25-016,144,1727.3964233155693,1727.8340939363054,cruise,True,False,True,True,True,7.708929308200069
K25-016,145,1727.8340939363054,1728.964945299915,cruise,True,False,True,True,True,7.619197446144241
K25-016,146,1728.964945299915,1730.0957966635244,cruise,True,False,True,True,True,7.530377810532315
K25-016,147,1730.0957966635244,1730.8184631028403,cruise,True,False,True,True,True,7.474087258545808
K25-016,148,1730.8184631028403,1731.541129542156,cruise,True,False,True,True,True,7.418157127847778
K25-016,149,1731.541129542156,1731.9493144664355,cruise,True,False,True,True,True,7.386723571827034
K25-016,150,1731.9493144664355,1732.3574993907148,cruise,True,False,True,True,True,7.355402736679423
K25-016,151,1732.3574993907148,1733.4883507543389,cruise,True,False,True,True,True,7.26921238504093
K25-016,152,1733.4883507543389,1734.619202117963,cruise,True,False,True,True,True,7.183864392230063
K25-016,153,1734.619202117963,1735.3713542539556,cruise,True,False,True,True,True,7.127556174624345
K25-016,154,1735.3713542539556,1736.1235063899483,cruise,True,False,True,True,True,7.07160876064367
K25-016,155,1736.1235063899483,1736.5022056175508,cruise,True,False,True,True,True,7.04357504975053
K25-016,156,1736.5022056175508,1736.8809048451533,cruise,True,False,True,True,True,7.0156310674184965
K25-016,157,1736.8809048451533,1738.0117562087485,cruise,True,False,True,True,True,6.932714664058366
K25-016,158,1738.0117562087485,1739.1426075723436,cruise,True,False,True,True,True,6.850578443140037
K25-016,159,1739.1426075723436,1739.9242454048076,cruise,True,False,True,True,True,6.794254758463367
K25-016,160,1739.9242454048076,1740.7058832372716,cruise,True,False,True,True,True,6.738292214443064
K25-016,161,1740.7058832372716,1741.0550967684317,cruise,True,False,True,True,True,6.713405249052073
K25-016,162,1741.0550967684317,1741.4043102995918,cruise,True,False,True,True,True,6.688589051002452
K25-016,163,1741.4043102995918,1742.535161663187,cruise,True,False,True,True,True,6.6087081094205615
K25-016,164,1742.535161663187,1743.6660130267821,cruise,True,False,True,True,True,6.52955178151322
K25-016,165,1743.6660130267821,1744.4771365556885,cruise,True,False,True,True,True,6.47321449856166
K25-016,166,1744.4771365556885,1745.2882600845949,cruise,True,False,True,True,True,6.4172386546098465
K25-016,167,1745.2882600845949,1745.607987919298,cruise,True,False,True,True,True,6.3952724608416815
K25-016,168,1745.607987919298,1745.9277157540012,cruise,True,False,True,True,True,6.373361435369077
K25-016,169,1745.9277157540012,1747.0585671176107,cruise,True,False,True,True,True,6.296302498228087
K25-016,170,1747.0585671176107,1748.1894184812202,cruise,True,False,True,True,True,6.219918313511414
K25-016,171,1748.1894184812202,1749.0300277068034,cruise,True,False,True,True,True,6.163569029551141
K25-016,172,1749.0300277068034,1749.8706369323866,cruise,True,False,True,True,True,6.107581449754292
K25-016,173,1749.8706369323866,1750.1608790703986,cruise,True,False,True,True,True,6.088333453087387
K25-016,174,1750.1608790703986,1750.4511212084105,cruise,True,False,True,True,True,6.069127841894385
K25-016,175,1750.4511212084105,1751.5819725720346,cruise,True,False,True,True,True,5.994699111698651
K25-016,176,1751.5819725720346,1752.7128239356587,cruise,True,False,True,True,True,5.920900227642662
K25-016,177,1752.7128239356587,1753.5829188576843,cruise,True,False,True,True,True,5.864540314966462
K25-016,178,1753.5829188576843,1754.4530137797099,cruise,True,False,True,True,True,5.808542342985945
K25-016,179,1754.4530137797099,1754.7137702212794,cruise,True,False,True,True,True,5.79183025786763
K25-016,180,1754.7137702212794,1754.974526662849,cruise,True,False,True,True,True,5.775150143398307
K25-016,181,1754.974526662849,1756.1053780264442,cruise,True,False,True,True,True,5.703178659389181
K25-016,182,1756.1053780264442,1757.2362293900394,cruise,True,False,True,True,True,5.631796437193202
K25-016,183,1757.2362293900394,1758.1358100086536,cruise,True,False,True,True,True,5.575427080396878
K25-016,184,1758.1358100086536,1759.0353906272678,cruise,True,False,True,True,True,5.519419876002715
K25-016,185,1759.0353906272678,1759.2666613722777,cruise,True,False,True,True,True,5.505079093837466
K25-016,186,1759.2666613722777,1759.4979321172875,cruise,True,False,True,True,True,5.490761865444
K25-016,187,1759.4979321172875,1760.6287834808827,cruise,True,False,True,True,True,5.4210911241073205
K25-016,188,1760.6287834808827,1761.759634844478,cruise,True,False,True,True,True,5.351972846846579
K25-016,189,1761.759634844478,1762.6887011596516,cruise,True,False,True,True,True,5.295595073093054
K25-016,190,1762.6887011596516,1763.6177674748253,cruise,True,False,True,True,True,5.239579641843292
K25-016,191,1763.6177674748253,1763.8195525232468,cruise,True,False,True,True,True,5.2274610246403626
K25-016,192,1763.8195525232468,1764.021337571668,cruise,True,False,True,True,True,5.215359235268721
K25-016,193,1764.021337571668,1765.152188935292,cruise,True,False,True,True,True,5.147847173786133
K25-016,194,1765.152188935292,1766.2830402989161,cruise,True,False,True,True,True,5.080854109935984
K25-016,195,1766.2830402989161,1767.2415923105323,cruise,True,False,True,True,True,5.024468813612003
K25-016,196,1767.2415923105323,1768.2001443221484,cruise,True,False,True,True,True,4.968446030987721
K25-016,197,1768.2001443221484,1768.3724436741275,cruise,True,False,True,True,True,4.95841403772657
K25-016,198,1768.3724436741275,1768.5447430261065,cruise,True,False,True,True,True,4.9483935813444475
K25-016,199,1768.5447430261065,1769.675594389716,cruise,True,False,True,True,True,4.882910859692117
K25-016,200,1769.675594389716,1770.8064457533255,cruise,True,False,True,True,True,4.817916611453896
K25-016,201,1770.8064457533255,1771.7944834615157,cruise,True,False,True,True,True,4.7615245743285755
K25-016,202,1771.7944834615157,1772.782521169706,cruise,True,False,True,True,True,4.705495205532571
K25-016,203,1772.782521169706,1772.9253348251252,cruise,True,False,True,True,True,4.697426293003019
K25-016,204,1772.9253348251252,1773.0681484805446,cruise,True,False,True,True,True,4.6893648470628335
K25-016,205,1773.0681484805446,1774.1989998441397,cruise,True,False,True,True,True,4.625793377379466
K25-016,206,1774.1989998441397,1775.329851207735,cruise,True,False,True,True,True,4.562682465062167
K25-016,207,1775.329851207735,1776.3473746124992,cruise,True,False,True,True,True,4.506284373021401
K25-016,208,1776.3473746124992,1777.3648980172634,cruise,True,False,True,True,True,4.4502490893138145
K25-016,209,1777.3648980172634,1777.4782259761232,cruise,True,False,True,True,True,4.444030340633134
K25-016,210,1777.4782259761232,1777.591553934983,cruise,True,False,True,True,True,4.4378160286904915
K25-016,211,1777.591553934983,1778.7224052985782,cruise,True,False,True,True,True,4.376047710546757
K25-016,212,1778.7224052985782,1779.8532566621734,cruise,True,False,True,True,True,4.3147143538152335
K25-016,213,1779.8532566621734,1780.90026576338,cruise,True,False,True,True,True,4.25831081067922
K25-016,214,1780.90026576338,1781.9472748645867,cruise,True,False,True,True,True,4.202270202965863
K25-016,215,1781.9472748645867,1782.031117126975,cruise,True,False,True,True,True,4.1977981460760105
K25-016,216,1782.031117126975,1782.1149593893633,cruise,True,False,True,True,True,4.193328384419587
K25-016,217,1782.1149593893633,1783.2458107529874,cruise,True,False,True,True,True,4.133264012454703
K25-016,218,1783.2458107529874,1784.3766621166114,cruise,True,False,True,True,True,4.073611076544012
K25-016,219,1784.3766621166114,1785.4531569143778,cruise,True,False,True,True,True,4.017202615593618
K25-016,220,1785.4531569143778,1786.5296517121442,cruise,True,False,True,True,True,3.9611572056955424
K25-016,221,1786.5296517121442,1786.584008277973,cruise,True,False,True,True,True,3.9583367912541547
K25-016,222,1786.584008277973,1786.6383648438018,cruise,True,False,True,True,True,3.9555172900440994
K25-016,223,1786.6383648438018,1787.7692162074113,cruise,True,False,True,True,True,3.8970656065666986
K25-016,224,1787.7692162074113,1788.9000675710208,cruise,True,False,True,True,True,3.8390036874677236
K25-016,225,1788.9000675710208,1790.0060480653613,cruise,True,False,True,True,True,3.7825907811418062
K25-016,226,1790.0060480653613,1791.1120285597017,cruise,True,False,True,True,True,3.7265410313084715
K25-016,227,1791.1120285597017,1791.1368994289708,cruise,True,False,True,True,True,3.725284744815866
K25-016,228,1791.1368994289708,1791.1617702982398,cruise,True,False,True,True,True,3.7240286395745557
K25-016,229,1791.1617702982398,1792.292621661835,cruise,True,False,True,True,True,3.6671055097104954
K25-016,230,1792.292621661835,1793.4234730254302,cruise,True,False,True,True,True,3.6105521369392193
K25-016,231,1793.4234730254302,1794.5543243890543,cruise,True,False,True,True,True,3.554363759581861
K25-016,232,1794.5543243890543,1795.6851757526783,cruise,True,False,True,True,True,3.4985357071706176
K25-016,233,1795.6851757526783,1795.6897905798514,cruise,True,False,True,True,True,3.498308613552993
K25-016,234,1795.6897905798514,1795.6944054070248,cruise,True,False,True,True,True,3.4980815258580975
K25-016,235,1795.6944054070248,1796.8206419434466,cruise,True,False,True,True,True,3.4428377469431837
K25-016,236,1796.8206419434466,1797.9468784798685,cruise,True,False,True,True,True,3.387942337383919
K25-016,237,1797.9468784798685,1799.0777298434637,cruise,True,False,True,True,True,3.333168114544094
K25-016,238,1799.0777298434637,1800.2085812070588,cruise,True,False,True,True,True,3.2787364014386355
K25-016,239,1800.2085812070588,1800.2426817308206,cruise,True,False,True,True,True,3.2771003025487886
K25-016,240,1800.2426817308206,1800.2767822545823,cruise,True,False,True,True,True,3.2754645111181446
K25-016,241,1800.2767822545823,1801.3735330944446,cruise,True,False,True,True,True,3.2230169864462965
K25-016,242,1801.3735330944446,1802.470283934307,cruise,True,False,True,True,True,3.1708835916653015
K25-016,243,1802.470283934307,1803.6011352979021,cruise,True,False,True,True,True,3.1174542326031798
K25-016,244,1803.6011352979021,1804.7319866614973,cruise,True,False,True,True,True,3.0643508547431964
K25-016,245,1804.7319866614973,1804.7955728818188,cruise,True,False,True,True,True,3.0613745240876824
K25-016,246,1804.7955728818188,1804.8591591021402,cruise,True,False,True,True,True,3.058399210884474
K25-016,247,1804.8591591021402,1805.9264242454285,cruise,True,False,True,True,True,3.0086111737691112
K25-016,248,1805.9264242454285,1806.9936893887168,cruise,True,False,True,True,True,2.959106331416365
K25-016,249,1806.9936893887168,1808.1245407523263,cruise,True,False,True,True,True,2.9069575063059574
K25-016,250,1808.1245407523263,1809.2553921159358,cruise,True,False,True,True,True,2.855119299766372
K25-016,251,1809.2553921159358,1809.3484640326997,cruise,True,False,True,True,True,2.850866605153101
K25-016,252,1809.3484640326997,1809.4415359494635,cruise,True,False,True,True,True,2.8466159876492156
K25-016,253,1809.4415359494635,1810.4793153962949,cruise,True,False,True,True,True,2.7993604469304216
K25-016,254,1810.4793153962949,1811.5170948431262,cruise,True,False,True,True,True,2.752360121831913
K25-016,255,1811.5170948431262,1812.6479462067357,cruise,True,False,True,True,True,2.7014320001001266
K25-016,256,1812.6479462067357,1813.7787975703452,cruise,True,False,True,True,True,2.6508001932967034
K25-016,257,1813.7787975703452,1813.901355183683,cruise,True,False,True,True,True,2.645330551693789
K25-016,258,1813.901355183683,1814.023912797021,cruise,True,False,True,True,True,2.6398643458865365
K25-016,259,1814.023912797021,1815.0322065472928,cruise,True,False,True,True,True,2.595023177695751
K25-016,260,1815.0322065472928,1816.0405002975647,cruise,True,False,True,True,True,2.5504118960570707
K25-016,261,1816.0405002975647,1817.1713516611599,cruise,True,False,True,True,True,2.500648737128344
K25-016,262,1817.1713516611599,1818.302203024755,cruise,True,False,True,True,True,2.4511685535075856
K25-016,263,1818.302203024755,1818.454246334667,cruise,True,False,True,True,True,2.444537334515587
K25-016,264,1818.454246334667,1818.606289644579,cruise,True,False,True,True,True,2.4379111653175016
K25-016,265,1818.606289644579,1819.585097698291,cruise,True,False,True,True,True,2.3953743077373133
K25-016,266,1819.585097698291,1820.5639057520032,cruise,True,False,True,True,True,2.353044388274782
K25-016,267,1820.5639057520032,1821.6947571155983,cruise,True,False,True,True,True,2.3043941777493018
K25-016,268,1821.6947571155983,1822.8256084791935,cruise,True,False,True,True,True,2.2560144823417545
K25-016,269,1822.8256084791935,1823.007137485548,cruise,True,False,True,True,True,2.24827336699974
K25-016,270,1823.007137485548,1823.1886664919023,cruise,True,False,True,True,True,2.240539132996787
K25-016,271,1823.1886664919023,1823.4976103389688,cruise,True,False,True,True,True,2.2273920426809326
K25-016,272,1823.4976103389688,1823.8065541860353,cruise,True,False,True,True,True,2.21426478860225
K25-016,273,1823.8065541860353,1868.3348592397463,descent,True,False,True,True,True,2.21426478860225
K25-016,274,1868.3348592397463,2336.334859239746,handoff,True,False,True,True,True,2.2209209779533126
K25-016,275,2336.334859239746,2371.9575032827147,return_climb,True,False,True,True,True,2.21426478860225
K25-016,276,2371.9575032827147,2372.266447129781,return_cruise,True,False,True,True,True,2.21426478860225
K25-016,277,2372.266447129781,2372.5753909768478,return_cruise,True,False,True,True,True,2.2273920426809326
K25-016,278,2372.5753909768478,2372.756919983202,return_cruise,True,False,True,True,True,2.240539132996787
K25-016,279,2372.756919983202,2372.938448989556,return_cruise,True,False,True,True,True,2.24827336699974
K25-016,280,2372.938448989556,2374.069300353151,return_cruise,True,False,True,True,True,2.2560144823417545
K25-016,281,2374.069300353151,2375.200151716746,return_cruise,True,False,True,True,True,2.3043941777493018
K25-016,282,2375.200151716746,2376.178959770458,return_cruise,True,False,True,True,True,2.353044388274782
K25-016,283,2376.178959770458,2377.15776782417,return_cruise,True,False,True,True,True,2.3953743077373133
K25-016,284,2377.15776782417,2377.309811134082,return_cruise,True,False,True,True,True,2.4379111653175016
K25-016,285,2377.309811134082,2377.4618544439936,return_cruise,True,False,True,True,True,2.444537334515587
K25-016,286,2377.4618544439936,2378.5927058075886,return_cruise,True,False,True,True,True,2.4511685535075856
K25-016,287,2378.5927058075886,2379.7235571711835,return_cruise,True,False,True,True,True,2.500648737128344
K25-016,288,2379.7235571711835,2380.731850921455,return_cruise,True,False,True,True,True,2.5504118960570707
K25-016,289,2380.731850921455,2381.7401446717267,return_cruise,True,False,True,True,True,2.595023177695751
K25-016,290,2381.7401446717267,2381.8627022850646,return_cruise,True,False,True,True,True,2.6398643458865365
K25-016,291,2381.8627022850646,2381.9852598984025,return_cruise,True,False,True,True,True,2.645330551693789
K25-016,292,2381.9852598984025,2383.116111262012,return_cruise,True,False,True,True,True,2.6508001932967034
K25-016,293,2383.116111262012,2384.2469626256216,return_cruise,True,False,True,True,True,2.7014320001013914
K25-016,294,2384.2469626256216,2385.284742072453,return_cruise,True,False,True,True,True,2.752360121831913
K25-016,295,2385.284742072453,2386.3225215192842,return_cruise,True,False,True,True,True,2.7993604469304216
K25-016,296,2386.3225215192842,2386.415593436048,return_cruise,True,False,True,True,True,2.8466159876492156
K25-016,297,2386.415593436048,2386.5086653528115,return_cruise,True,False,True,True,True,2.850866605153101
K25-016,298,2386.5086653528115,2387.639516716421,return_cruise,True,False,True,True,True,2.855119299766372
K25-016,299,2387.639516716421,2388.7703680800305,return_cruise,True,False,True,True,True,2.906957506304664
K25-016,300,2388.7703680800305,2389.837633223319,return_cruise,True,False,True,True,True,2.959106331416365
K25-016,301,2389.837633223319,2390.904898366607,return_cruise,True,False,True,True,True,3.0086111737691112
K25-016,302,2390.904898366607,2390.9684845869283,return_cruise,True,False,True,True,True,3.058399210884474
K25-016,303,2390.9684845869283,2391.0320708072495,return_cruise,True,False,True,True,True,3.0613745240876824
K25-016,304,2391.0320708072495,2392.1629221708445,return_cruise,True,False,True,True,True,3.0643508547431964
K25-016,305,2392.1629221708445,2393.2937735344394,return_cruise,True,False,True,True,True,3.1174542326031798
K25-016,306,2393.2937735344394,2394.3905243743015,return_cruise,True,False,True,True,True,3.1708835916653015
K25-016,307,2394.3905243743015,2395.4872752141637,return_cruise,True,False,True,True,True,3.2230169864462965
K25-016,308,2395.4872752141637,2395.5213757379256,return_cruise,True,False,True,True,True,3.2754645111181446
K25-016,309,2395.5213757379256,2395.5554762616875,return_cruise,True,False,True,True,True,3.2771003025487886
K25-016,310,2395.5554762616875,2396.6863276252825,return_cruise,True,False,True,True,True,3.2787364014386355
K25-016,311,2396.6863276252825,2397.8171789888775,return_cruise,True,False,True,True,True,3.333168114544094
K25-016,312,2397.8171789888775,2398.9434155252993,return_cruise,True,False,True,True,True,3.387942337383919
K25-016,313,2398.9434155252993,2400.069652061721,return_cruise,True,False,True,True,True,3.4428377469431837
K25-016,314,2400.069652061721,2400.0742668888943,return_cruise,True,False,True,True,True,3.4980815258580975
K25-016,315,2400.0742668888943,2400.0788817160674,return_cruise,True,False,True,True,True,3.498308613552993
K25-016,316,2400.0788817160674,2401.2097330796914,return_cruise,True,False,True,True,True,3.4985357071706176
K25-016,317,2401.2097330796914,2402.3405844433155,return_cruise,True,False,True,True,True,3.554363759581861
K25-016,318,2402.3405844433155,2403.4714358069104,return_cruise,True,False,True,True,True,3.6105521369392193
K25-016,319,2403.4714358069104,2404.6022871705054,return_cruise,True,False,True,True,True,3.6671055097104954
K25-016,320,2404.6022871705054,2404.6271580397747,return_cruise,True,False,True,True,True,3.7240286395745557
K25-016,321,2404.6271580397747,2404.652028909044,return_cruise,True,False,True,True,True,3.725284744815866
K25-016,322,2404.652028909044,2405.758009403384,return_cruise,True,False,True,True,True,3.7265410313084715
K25-016,323,2405.758009403384,2406.8639898977244,return_cruise,True,False,True,True,True,3.7825907811418062
K25-016,324,2406.8639898977244,2407.994841261334,return_cruise,True,False,True,True,True,3.8390036874677236
K25-016,325,2407.994841261334,2409.1256926249434,return_cruise,True,False,True,True,True,3.8970656065681624
K25-016,326,2409.1256926249434,2409.180049190772,return_cruise,True,False,True,True,True,3.9555172900440994
K25-016,327,2409.180049190772,2409.2344057566006,return_cruise,True,False,True,True,True,3.9583367912541547
K25-016,328,2409.2344057566006,2410.310900554367,return_cruise,True,False,True,True,True,3.9611572056955424
K25-016,329,2410.310900554367,2411.3873953521334,return_cruise,True,False,True,True,True,4.017202615593618
K25-016,330,2411.3873953521334,2412.5182467157574,return_cruise,True,False,True,True,True,4.073611076544012
K25-016,331,2412.5182467157574,2413.6490980793815,return_cruise,True,False,True,True,True,4.133264012454703
K25-016,332,2413.6490980793815,2413.73294034177,return_cruise,True,False,True,True,True,4.193328384419587
K25-016,333,2413.73294034177,2413.816782604158,return_cruise,True,False,True,True,True,4.1977981460760105
K25-016,334,2413.816782604158,2414.8637917053647,return_cruise,True,False,True,True,True,4.202270202965863
K25-016,335,2414.8637917053647,2415.9108008065714,return_cruise,True,False,True,True,True,4.25831081067922
K25-016,336,2415.9108008065714,2417.0416521701663,return_cruise,True,False,True,True,True,4.3147143538152335
K25-016,337,2417.0416521701663,2418.1725035337613,return_cruise,True,False,True,True,True,4.376047710546757
K25-016,338,2418.1725035337613,2418.285831492621,return_cruise,True,False,True,True,True,4.4378160286904915
K25-016,339,2418.285831492621,2418.399159451481,return_cruise,True,False,True,True,True,4.444030340633134
K25-016,340,2418.399159451481,2419.416682856245,return_cruise,True,False,True,True,True,4.4502490893138145
K25-016,341,2419.416682856245,2420.4342062610094,return_cruise,True,False,True,True,True,4.506284373021401
K25-016,342,2420.4342062610094,2421.5650576246044,return_cruise,True,False,True,True,True,4.562682465062167
K25-016,343,2421.5650576246044,2422.6959089881993,return_cruise,True,False,True,True,True,4.625793377379466
K25-016,344,2422.6959089881993,2422.838722643619,return_cruise,True,False,True,True,True,4.6893648470628335
K25-016,345,2422.838722643619,2422.9815362990385,return_cruise,True,False,True,True,True,4.697426293003019
K25-016,346,2422.9815362990385,2423.969574007229,return_cruise,True,False,True,True,True,4.705495205532571
K25-016,347,2423.969574007229,2424.9576117154193,return_cruise,True,False,True,True,True,4.7615245743285755
K25-016,348,2424.9576117154193,2426.0884630790288,return_cruise,True,False,True,True,True,4.817916611453896
K25-016,349,2426.0884630790288,2427.2193144426383,return_cruise,True,False,True,True,True,4.882910859692117
K25-016,350,2427.2193144426383,2427.391613794617,return_cruise,True,False,True,True,True,4.9483935813444475
K25-016,351,2427.391613794617,2427.563913146596,return_cruise,True,False,True,True,True,4.95841403772657
K25-016,352,2427.563913146596,2428.522465158212,return_cruise,True,False,True,True,True,4.968446030987721
K25-016,353,2428.522465158212,2429.481017169828,return_cruise,True,False,True,True,True,5.024468813612003
K25-016,354,2429.481017169828,2430.6118685334523,return_cruise,True,False,True,True,True,5.080854109935984
K25-016,355,2430.6118685334523,2431.7427198970763,return_cruise,True,False,True,True,True,5.147847173786133
K25-016,356,2431.7427198970763,2431.9445049454976,return_cruise,True,False,True,True,True,5.215359235268721
K25-016,357,2431.9445049454976,2432.146289993919,return_cruise,True,False,True,True,True,5.2274610246403626
K25-016,358,2432.146289993919,2433.0753563090925,return_cruise,True,False,True,True,True,5.239579641843292
K25-016,359,2433.0753563090925,2434.004422624266,return_cruise,True,False,True,True,True,5.295595073093054
K25-016,360,2434.004422624266,2435.135273987861,return_cruise,True,False,True,True,True,5.351972846846579
K25-016,361,2435.135273987861,2436.266125351456,return_cruise,True,False,True,True,True,5.4210911241073205
K25-016,362,2436.266125351456,2436.497396096466,return_cruise,True,False,True,True,True,5.490761865444
K25-016,363,2436.497396096466,2436.7286668414763,return_cruise,True,False,True,True,True,5.505079093837466
K25-016,364,2436.7286668414763,2437.6282474600903,return_cruise,True,False,True,True,True,5.519419876002715
K25-016,365,2437.6282474600903,2438.5278280787043,return_cruise,True,False,True,True,True,5.575427080396878
K25-016,366,2438.5278280787043,2439.658679442299,return_cruise,True,False,True,True,True,5.631796437193202
K25-016,367,2439.658679442299,2440.789530805894,return_cruise,True,False,True,True,True,5.703178659389181
K25-016,368,2440.789530805894,2441.0502872474635,return_cruise,True,False,True,True,True,5.775150143398307
K25-016,369,2441.0502872474635,2441.311043689033,return_cruise,True,False,True,True,True,5.79183025786763
K25-016,370,2441.311043689033,2442.1811386110585,return_cruise,True,False,True,True,True,5.808542342985945
K25-016,371,2442.1811386110585,2443.051233533084,return_cruise,True,False,True,True,True,5.864540314966462
K25-016,372,2443.051233533084,2444.182084896708,return_cruise,True,False,True,True,True,5.920900227642662
K25-016,373,2444.182084896708,2445.312936260332,return_cruise,True,False,True,True,True,5.994699111698651
K25-016,374,2445.312936260332,2445.603178398344,return_cruise,True,False,True,True,True,6.069127841894385
K25-016,375,2445.603178398344,2445.8934205363557,return_cruise,True,False,True,True,True,6.088333453087387
K25-016,376,2445.8934205363557,2446.734029761939,return_cruise,True,False,True,True,True,6.107581449754292
K25-016,377,2446.734029761939,2447.574638987522,return_cruise,True,False,True,True,True,6.163569029551141
K25-016,378,2447.574638987522,2448.7054903511316,return_cruise,True,False,True,True,True,6.219918313511414
K25-016,379,2448.7054903511316,2449.836341714741,return_cruise,True,False,True,True,True,6.296302498228087
K25-016,380,2449.836341714741,2450.1560695494445,return_cruise,True,False,True,True,True,6.373361435369077
K25-016,381,2450.1560695494445,2450.475797384148,return_cruise,True,False,True,True,True,6.3952724608416815
K25-016,382,2450.475797384148,2451.286920913054,return_cruise,True,False,True,True,True,6.4172386546098465
K25-016,383,2451.286920913054,2452.09804444196,return_cruise,True,False,True,True,True,6.47321449856166
K25-016,384,2452.09804444196,2453.228895805555,return_cruise,True,False,True,True,True,6.52955178151322
K25-016,385,2453.228895805555,2454.35974716915,return_cruise,True,False,True,True,True,6.6087081094205615
K25-016,386,2454.35974716915,2454.70896070031,return_cruise,True,False,True,True,True,6.688589051002452
K25-016,387,2454.70896070031,2455.05817423147,return_cruise,True,False,True,True,True,6.713405249052073
K25-016,388,2455.05817423147,2455.8398120639336,return_cruise,True,False,True,True,True,6.738292214443064
K25-016,389,2455.8398120639336,2456.6214498963973,return_cruise,True,False,True,True,True,6.794254758463367
K25-016,390,2456.6214498963973,2457.7523012599922,return_cruise,True,False,True,True,True,6.850578443140037
K25-016,391,2457.7523012599922,2458.883152623587,return_cruise,True,False,True,True,True,6.932714664058366
K25-016,392,2458.883152623587,2459.2618518511895,return_cruise,True,False,True,True,True,7.0156310674184965
K25-016,393,2459.2618518511895,2459.6405510787918,return_cruise,True,False,True,True,True,7.04357504975053
K25-016,394,2459.6405510787918,2460.3927032147844,return_cruise,True,False,True,True,True,7.07160876064367
K25-016,395,2460.3927032147844,2461.144855350777,return_cruise,True,False,True,True,True,7.127556174624345
K25-016,396,2461.144855350777,2462.275706714401,return_cruise,True,False,True,True,True,7.183864392230063
K25-016,397,2462.275706714401,2463.4065580780252,return_cruise,True,False,True,True,True,7.26921238504093
K25-016,398,2463.4065580780252,2463.8147430023046,return_cruise,True,False,True,True,True,7.355402736679423
K25-016,399,2463.8147430023046,2464.222927926584,return_cruise,True,False,True,True,True,7.386723571827034
K25-016,400,2464.222927926584,2464.9455943658995,return_cruise,True,False,True,True,True,7.418157127847778
K25-016,401,2464.9455943658995,2465.668260805215,return_cruise,True,False,True,True,True,7.474087258545808
K25-016,402,2465.668260805215,2466.7991121688246,return_cruise,True,False,True,True,True,7.530377810532315
K25-016,403,2466.7991121688246,2467.929963532434,return_cruise,True,False,True,True,True,7.619197446144241
K25-016,404,2467.929963532434,2468.3676341531705,return_cruise,True,False,True,True,True,7.708929308200069
K25-016,405,2468.3676341531705,2468.8053047739068,return_cruise,True,False,True,True,True,7.743906859448003
K25-016,406,2468.8053047739068,2469.49848551678,return_cruise,True,False,True,True,True,7.779024979816583
K25-016,407,2469.49848551678,2470.191666259653,return_cruise,True,False,True,True,True,7.834935278653376
K25-016,408,2470.191666259653,2471.322517623248,return_cruise,True,False,True,True,True,7.891205563055024
K25-016,409,2471.322517623248,2472.453368986843,return_cruise,True,False,True,True,True,7.983789367064674
K25-016,410,2472.453368986843,2472.920525304036,return_cruise,True,False,True,True,True,8.077364269783828
K25-016,411,2472.920525304036,2473.387681621229,return_cruise,True,False,True,True,True,8.116314453696333
K25-016,412,2473.387681621229,2474.05137666766,return_cruise,True,False,True,True,True,8.155438934994578
K25-016,413,2474.05137666766,2474.7150717140908,return_cruise,True,False,True,True,True,8.211326365852585
K25-016,414,2474.7150717140908,2475.8459230776857,return_cruise,True,False,True,True,True,8.267573283218312
K25-016,415,2475.8459230776857,2476.9767744412807,return_cruise,True,False,True,True,True,8.364252103631344
K25-016,416,2476.9767744412807,2477.4734164551505,return_cruise,True,False,True,True,True,8.462011503492988
K25-016,417,2477.4734164551505,2477.9700584690204,return_cruise,True,False,True,True,True,8.50529271162496
K25-016,418,2477.9700584690204,2478.6042678187455,return_cruise,True,False,True,True,True,8.54878910638675
K25-016,419,2478.6042678187455,2479.2384771684706,return_cruise,True,False,True,True,True,8.604650026812777
K25-016,420,2479.2384771684706,2480.3693285320946,return_cruise,True,False,True,True,True,8.660869859043032
K25-016,421,2480.3693285320946,2481.5001798957187,return_cruise,True,False,True,True,True,8.76201980829984
K25-016,422,2481.5001798957187,2482.026307606031,return_cruise,True,False,True,True,True,8.86435240027977
K25-016,423,2482.026307606031,2482.5524353163432,return_cruise,True,False,True,True,True,8.912373404147175
K25-016,424,2482.5524353163432,2483.157158969626,return_cruise,True,False,True,True,True,8.960659260095568
K25-016,425,2483.157158969626,2483.7618826229086,return_cruise,True,False,True,True,True,9.016489266706941
K25-016,426,2483.7618826229086,2484.8927339865036,return_cruise,True,False,True,True,True,9.072677519364177
K25-016,427,2484.8927339865036,2486.0235853500985,return_cruise,True,False,True,True,True,9.17872854699317
K25-016,428,2486.0235853500985,2486.5791987568823,return_cruise,True,False,True,True,True,9.286079313661745
K25-016,429,2486.5791987568823,2487.134812163666,return_cruise,True,False,True,True,True,9.339309079837477
K25-016,430,2487.134812163666,2487.7100501205064,return_cruise,True,False,True,True,True,9.392864194286815
K25-016,431,2487.7100501205064,2488.2852880773466,return_cruise,True,False,True,True,True,9.448657918867141
K25-016,432,2488.2852880773466,2489.4161394409416,return_cruise,True,False,True,True,True,9.504809113291259
K25-016,433,2489.4161394409416,2490.5469908045366,return_cruise,True,False,True,True,True,9.616255685828108
K25-016,434,2490.5469908045366,2491.132089907997,return_cruise,True,False,True,True,True,9.729137197034063
K25-016,435,2491.132089907997,2491.7171890114573,return_cruise,True,False,True,True,True,9.788117187144152
K25-016,436,2491.7171890114573,2492.2629412716065,return_cruise,True,False,True,True,True,9.847496490746607
K25-016,437,2492.2629412716065,2492.8086935317556,return_cruise,True,False,True,True,True,9.903247328419639
K25-016,438,2492.8086935317556,2493.939544895365,return_cruise,True,False,True,True,True,9.95935472447583
K25-016,439,2493.939544895365,2495.0703962589746,return_cruise,True,False,True,True,True,10.07676925775398
K25-016,440,2495.0703962589746,2495.6849810588774,return_cruise,True,False,True,True,True,10.195775917791735
K25-016,441,2495.6849810588774,2496.29956585878,return_cruise,True,False,True,True,True,10.261135658176755
K25-016,442,2496.29956585878,2496.8158324224723,return_cruise,True,False,True,True,True,10.3269855692578
K25-016,443,2496.8158324224723,2497.3320989861645,return_cruise,True,False,True,True,True,10.382685310772032
K25-016,444,2497.3320989861645,2498.4629503497886,return_cruise,True,False,True,True,True,10.438740531972655
K25-016,445,2498.4629503497886,2499.5938017134126,return_cruise,True,False,True,True,True,10.56279045957558
K25-016,446,2499.5938017134126,2500.237872209758,return_cruise,True,False,True,True,True,10.688616660017743
K25-016,447,2500.237872209758,2500.881942706103,return_cruise,True,False,True,True,True,10.761093665901456
K25-016,448,2500.881942706103,2501.368723573353,return_cruise,True,False,True,True,True,10.834173082770775
K25-016,449,2501.368723573353,2501.8555044406025,return_cruise,True,False,True,True,True,10.889811409404501
K25-016,450,2501.8555044406025,2502.9863558041975,return_cruise,True,False,True,True,True,10.945803927899007
K25-016,451,2502.9863558041975,2504.1172071677925,return_cruise,True,False,True,True,True,11.077273632478907
K25-016,452,2504.1172071677925,2504.7907633608434,return_cruise,True,False,True,True,True,11.210737144983128
K25-016,453,2504.7907633608434,2505.4643195538943,return_cruise,True,False,True,True,True,11.29120271907074
K25-016,454,2505.4643195538943,2505.9216147244674,return_cruise,True,False,True,True,True,11.372410292660007
K25-016,455,2505.9216147244674,2506.3789098950406,return_cruise,True,False,True,True,True,11.427974070782057
K25-016,456,2506.3789098950406,2507.5097612586355,return_cruise,True,False,True,True,True,11.483890488361212
K25-016,457,2507.5097612586355,2508.6406126222305,return_cruise,True,False,True,True,True,11.62370982204375
K25-016,458,2508.6406126222305,2509.343654511724,return_cruise,True,False,True,True,True,11.765782315389544
K25-016,459,2509.343654511724,2510.046696401217,return_cruise,True,False,True,True,True,11.855275382864676
K25-016,460,2510.046696401217,2510.4745058753333,return_cruise,True,False,True,True,True,11.9456854155912
K25-016,461,2510.4745058753333,2510.9023153494495,return_cruise,True,False,True,True,True,12.001157693061387
K25-016,462,2510.9023153494495,2512.033166713059,return_cruise,True,False,True,True,True,12.056980718236147
K25-016,463,2512.033166713059,2513.1640180766685,return_cruise,True,False,True,True,True,12.206262576469044
K25-016,464,2513.1640180766685,2513.8965456626042,return_cruise,True,False,True,True,True,12.358109957832255
K25-016,465,2513.8965456626042,2514.62907324854,return_cruise,True,False,True,True,True,12.457882060165971
K25-016,466,2514.62907324854,2515.027397026199,return_cruise,True,False,True,True,True,12.558792435012137
K25-016,467,2515.027397026199,2515.4257208038584,return_cruise,True,False,True,True,True,12.614150982818572
K25-016,468,2515.4257208038584,2516.5565721674825,return_cruise,True,False,True,True,True,12.669857944683173
K25-016,469,2516.5565721674825,2517.6874235311066,return_cruise,True,False,True,True,True,12.829948463734937
K25-016,470,2517.6874235311066,2518.4494368137193,return_cruise,True,False,True,True,True,12.992984970038847
K25-016,471,2518.4494368137193,2519.211450096332,return_cruise,True,False,True,True,True,13.104560997678448
K25-016,472,2519.211450096332,2519.5802881773147,return_cruise,True,False,True,True,True,13.21755815461384
K25-016,473,2519.5802881773147,2519.9491262582974,return_cruise,True,False,True,True,True,13.272773297955155
K25-016,474,2519.9491262582974,2521.0799776218923,return_cruise,True,False,True,True,True,13.328333936512834
K25-016,475,2521.0799776218923,2522.2108289854873,return_cruise,True,False,True,True,True,13.50088056288753
K25-016,476,2522.2108289854873,2523.002327964571,return_cruise,True,False,True,True,True,13.676842393762044
K25-016,477,2523.002327964571,2523.793826943655,return_cruise,True,False,True,True,True,13.802103882498244
K25-016,478,2523.793826943655,2524.133179328195,return_cruise,True,False,True,True,True,13.929152355340932
K25-016,479,2524.133179328195,2524.4725317127354,return_cruise,True,False,True,True,True,13.984183661395917
K25-016,480,2524.4725317127354,2525.6033830763304,return_cruise,True,False,True,True,True,14.039556753929801
K25-016,481,2525.6033830763304,2526.7342344399253,return_cruise,True,False,True,True,True,14.226602003874746
K25-016,482,2526.7342344399253,2527.5552191154516,return_cruise,True,False,True,True,True,14.41764914830648
K25-016,483,2527.5552191154516,2528.376203790978,return_cruise,True,False,True,True,True,14.558950453029212
K25-016,484,2528.376203790978,2528.686070479061,return_cruise,True,False,True,True,True,14.702518373345498
K25-016,485,2528.686070479061,2528.9959371671443,return_cruise,True,False,True,True,True,14.757309438670447
K25-016,486,2528.9959371671443,2530.126788530754,return_cruise,True,False,True,True,True,14.812437491922495
K25-016,487,2530.126788530754,2531.2576398943634,return_cruise,True,False,True,True,True,15.016550160642126
K25-016,488,2531.2576398943634,2532.1081102665667,return_cruise,True,False,True,True,True,15.225409449526168
K25-016,489,2532.1081102665667,2532.95858063877,return_cruise,True,False,True,True,True,15.385742536829184
K25-016,490,2532.95858063877,2533.238961630162,return_cruise,True,False,True,True,True,15.548980577890234
K25-016,491,2533.238961630162,2533.519342621554,return_cruise,True,False,True,True,True,15.60345053830369
K25-016,492,2533.519342621554,2534.6501939851637,return_cruise,True,False,True,True,True,15.658251147070914
K25-016,493,2534.6501939851637,2535.781045348773,return_cruise,True,False,True,True,True,15.882712675012456
K25-016,494,2535.781045348773,2536.661001417433,return_cruise,True,False,True,True,True,16.112881639118598
K25-016,495,2536.661001417433,2537.540957486093,return_cruise,True,False,True,True,True,16.29611351710429
K25-016,496,2537.540957486093,2537.7918527810425,return_cruise,True,False,True,True,True,16.483113954901214
K25-016,497,2537.7918527810425,2538.042748075992,return_cruise,True,False,True,True,True,16.53714310027786
K25-016,498,2538.042748075992,2539.173599439587,return_cruise,True,False,True,True,True,16.591494312741602
K25-016,499,2539.173599439587,2540.304450803182,return_cruise,True,False,True,True,True,16.840566441644455
K25-016,500,2540.304450803182,2541.213892568416,return_cruise,True,False,True,True,True,17.096606537115576
K25-016,501,2541.213892568416,2542.1233343336503,return_cruise,True,False,True,True,True,17.307825011361956
K25-016,502,2542.1233343336503,2542.3447439320403,return_cruise,True,False,True,True,True,17.524000220810322
K25-016,503,2542.3447439320403,2542.5661535304303,return_cruise,True,False,True,True,True,17.577404483093275
K25-016,504,2542.5661535304303,2543.697004894025,return_cruise,True,False,True,True,True,17.631118864711112
K25-016,505,2543.697004894025,2544.82785625762,return_cruise,True,False,True,True,True,17.910428203474282
K25-016,506,2544.82785625762,2545.766783719414,return_cruise,True,False,True,True,True,18.198384745567097
K25-016,507,2545.766783719414,2546.705711181208,return_cruise,True,False,True,True,True,18.444400232664634
K25-016,508,2546.705711181208,2546.8976350830094,return_cruise,True,False,True,True,True,18.69703112066219
K25-016,509,2546.8976350830094,2547.089558984811,return_cruise,True,False,True,True,True,18.749514390028992
K25-016,510,2547.089558984811,2548.220410348435,return_cruise,True,False,True,True,True,18.802290592275597
K25-016,511,2548.220410348435,2549.351261712059,return_cruise,True,False,True,True,True,19.11936521983536
K25-016,512,2549.351261712059,2550.3196748702953,return_cruise,True,False,True,True,True,19.447343190206695
K25-016,513,2550.3196748702953,2551.2880880285315,return_cruise,True,False,True,True,True,19.737385205628357
K25-016,514,2551.2880880285315,2551.4505262338907,return_cruise,True,False,True,True,True,20.036368540267915
K25-016,515,2551.4505262338907,2551.61296443925,return_cruise,True,False,True,True,True,20.08742806505026
K25-016,516,2551.61296443925,2552.7438158028594,return_cruise,True,False,True,True,True,20.138754876011262
K25-016,517,2552.7438158028594,2553.874667166469,return_cruise,True,False,True,True,True,20.503682898184167
K25-016,518,2553.874667166469,2554.872566021279,return_cruise,True,False,True,True,True,20.882502268859383
K25-016,519,2554.872566021279,2555.870464876089,return_cruise,True,False,True,True,True,21.22900977909201
K25-016,520,2555.870464876089,2556.0034173848885,return_cruise,True,False,True,True,True,21.587621980781208
K25-016,521,2556.0034173848885,2556.136369893688,return_cruise,True,False,True,True,True,21.636348293413306
K25-016,522,2556.136369893688,2557.267221257283,return_cruise,True,False,True,True,True,21.68530215131706
K25-016,523,2557.267221257283,2558.398072620878,return_cruise,True,False,True,True,True,22.11109863941246
K25-016,524,2558.398072620878,2559.425457172262,return_cruise,True,False,True,True,True,22.55437747244312
K25-016,525,2559.425457172262,2560.4528417236465,return_cruise,True,False,True,True,True,22.97298378640356
K25-016,526,2560.4528417236465,2560.5563085358863,return_cruise,True,False,True,True,True,23.407307173506666
K25-016,527,2560.5563085358863,2560.659775348126,return_cruise,True,False,True,True,True,23.45193712405478
K25-016,528,2560.659775348126,2561.790626711721,return_cruise,True,False,True,True,True,23.496731450805584
K25-016,529,2561.790626711721,2562.921478075316,return_cruise,True,False,True,True,True,23.997105022055266
K25-016,530,2562.921478075316,2563.9783483231427,return_cruise,True,False,True,True,True,24.517310356462204
K25-016,531,2563.9783483231427,2565.0352185709694,return_cruise,True,False,True,True,True,25.021074075363558
K25-016,532,2565.0352185709694,2565.1091996867376,return_cruise,True,False,True,True,True,25.540794565839505
K25-016,533,2565.1091996867376,2565.1831808025063,return_cruise,True,False,True,True,True,25.57772735751206
K25-016,534,2565.1831808025063,2566.3140321661303,return_cruise,True,False,True,True,True,25.61472795513434
K25-016,535,2566.3140321661303,2567.4448835297544,return_cruise,True,False,True,True,True,26.187954447477225
K25-016,536,2567.4448835297544,2568.531239474141,return_cruise,True,False,True,True,True,26.77191134651089
K25-016,537,2568.531239474141,2569.6175954185273,return_cruise,True,False,True,True,True,27.3359365160194
K25-016,538,2569.6175954185273,2569.6620908377363,return_cruise,True,False,True,True,True,27.892637314212095
K25-016,539,2569.6620908377363,2569.7065862569452,return_cruise,True,False,True,True,True,27.915089108754543
K25-016,540,2569.7065862569452,2570.8374376205547,return_cruise,True,False,True,True,True,27.937503828684015
K25-016,541,2570.8374376205547,2571.9682889841642,return_cruise,True,False,True,True,True,28.490839060973485
K25-016,542,2571.9682889841642,2573.0841306251245,return_cruise,True,False,True,True,True,28.996496577668893
K25-016,543,2573.0841306251245,2574.199972266085,return_cruise,True,False,True,True,True,29.421572052712207
K25-016,544,2574.199972266085,2574.214981988734,return_cruise,True,False,True,True,True,29.743728344586756
K25-016,545,2574.214981988734,2574.2299917113833,return_cruise,True,False,True,True,True,29.747229068304677
K25-016,546,2574.2299917113833,2575.2090828219943,return_cruise,True,False,True,True,True,29.75070605559381
K25-016,547,2575.2090828219943,2576.1881739326054,return_cruise,True,False,True,True,True,29.92362584195382
K25-016,548,2576.1881739326054,2648.8664789863165,return_descent,True,False,True,True,True,29.982830377148545
K25-017,0,3188.8664789863224,3247.009123029291,climb,True,False,True,True,True,29.982830377148545
K25-017,1,3247.009123029291,3247.988214139902,cruise,True,False,True,True,True,29.92362584195382
K25-017,2,3247.988214139902,3248.967305250513,cruise,True,False,True,True,True,29.75070605559381
K25-017,3,3248.967305250513,3248.9823149731624,cruise,True,False,True,True,True,29.747229068304677
K25-017,4,3248.9823149731624,3248.9973246958116,cruise,True,False,True,True,True,29.743728344586756
K25-017,5,3248.9973246958116,3250.113166336772,cruise,True,False,True,True,True,29.421572052712207
K25-017,6,3250.113166336772,3251.229007977732,cruise,True,False,True,True,True,28.996496577668893
K25-017,7,3251.229007977732,3252.3598593413417,cruise,True,False,True,True,True,28.490839060973485
K25-017,8,3252.3598593413417,3253.490710704951,cruise,True,False,True,True,True,27.937503828684015
K25-017,9,3253.490710704951,3253.53520612416,cruise,True,False,True,True,True,27.915089108754543
K25-017,10,3253.53520612416,3253.579701543369,cruise,True,False,True,True,True,27.892637314212095
K25-017,11,3253.579701543369,3254.6660574877556,cruise,True,False,True,True,True,27.3359365160194
K25-017,12,3254.6660574877556,3255.752413432142,cruise,True,False,True,True,True,26.77191134651089
K25-017,13,3255.752413432142,3256.883264795766,cruise,True,False,True,True,True,26.187954447477225
K25-017,14,3256.883264795766,3258.01411615939,cruise,True,False,True,True,True,25.61472795513434
K25-017,15,3258.01411615939,3258.0880972751584,cruise,True,False,True,True,True,25.57772735751206
K25-017,16,3258.0880972751584,3258.1620783909266,cruise,True,False,True,True,True,25.540794565839505
K25-017,17,3258.1620783909266,3259.2189486387533,cruise,True,False,True,True,True,25.021074075363558
K25-017,18,3259.2189486387533,3260.27581888658,cruise,True,False,True,True,True,24.517310356462204
K25-017,19,3260.27581888658,3261.406670250175,cruise,True,False,True,True,True,23.997105022055266
K25-017,20,3261.406670250175,3262.53752161377,cruise,True,False,True,True,True,23.496731450805584
K25-017,21,3262.53752161377,3262.6409884260097,cruise,True,False,True,True,True,23.45193712405478
K25-017,22,3262.6409884260097,3262.7444552382494,cruise,True,False,True,True,True,23.407307173506666
K25-017,23,3262.7444552382494,3263.7718397896338,cruise,True,False,True,True,True,22.97298378640356
K25-017,24,3263.7718397896338,3264.799224341018,cruise,True,False,True,True,True,22.55437747244312
K25-017,25,3264.799224341018,3265.930075704613,cruise,True,False,True,True,True,22.11109863941246
K25-017,26,3265.930075704613,3267.060927068208,cruise,True,False,True,True,True,21.68530215131706
K25-017,27,3267.060927068208,3267.1938795770075,cruise,True,False,True,True,True,21.636348293413306
K25-017,28,3267.1938795770075,3267.326832085807,cruise,True,False,True,True,True,21.587621980781208
K25-017,29,3267.326832085807,3268.324730940617,cruise,True,False,True,True,True,21.22900977909201
K25-017,30,3268.324730940617,3269.322629795427,cruise,True,False,True,True,True,20.882502268859383
K25-017,31,3269.322629795427,3270.4534811590365,cruise,True,False,True,True,True,20.503682898184167
K25-017,32,3270.4534811590365,3271.584332522646,cruise,True,False,True,True,True,20.138754876011262
K25-017,33,3271.584332522646,3271.7467707280052,cruise,True,False,True,True,True,20.08742806505026
K25-017,34,3271.7467707280052,3271.9092089333644,cruise,True,False,True,True,True,20.036368540267915
K25-017,35,3271.9092089333644,3272.8776220916006,cruise,True,False,True,True,True,19.737385205628357
K25-017,36,3272.8776220916006,3273.846035249837,cruise,True,False,True,True,True,19.447343190206695
K25-017,37,3273.846035249837,3274.976886613461,cruise,True,False,True,True,True,19.11936521983536
K25-017,38,3274.976886613461,3276.107737977085,cruise,True,False,True,True,True,18.802290592275597
K25-017,39,3276.107737977085,3276.2996618788866,cruise,True,False,True,True,True,18.749514390028992
K25-017,40,3276.2996618788866,3276.491585780688,cruise,True,False,True,True,True,18.69703112066219
K25-017,41,3276.491585780688,3277.430513242482,cruise,True,False,True,True,True,18.444400232664634
K25-017,42,3277.430513242482,3278.369440704276,cruise,True,False,True,True,True,18.198384745567097
K25-017,43,3278.369440704276,3279.5002920678708,cruise,True,False,True,True,True,17.910428203474282
K25-017,44,3279.5002920678708,3280.6311434314657,cruise,True,False,True,True,True,17.631118864711112
K25-017,45,3280.6311434314657,3280.8525530298557,cruise,True,False,True,True,True,17.577404483093275
K25-017,46,3280.8525530298557,3281.0739626282457,cruise,True,False,True,True,True,17.524000220810322
K25-017,47,3281.0739626282457,3281.9834043934798,cruise,True,False,True,True,True,17.307825011361956
K25-017,48,3281.9834043934798,3282.892846158714,cruise,True,False,True,True,True,17.096606537115576
K25-017,49,3282.892846158714,3284.023697522309,cruise,True,False,True,True,True,16.840566441644455
K25-017,50,3284.023697522309,3285.1545488859038,cruise,True,False,True,True,True,16.591494312741602
K25-017,51,3285.1545488859038,3285.4054441808535,cruise,True,False,True,True,True,16.53714310027786
K25-017,52,3285.4054441808535,3285.656339475803,cruise,True,False,True,True,True,16.4831139549012
K25-017,53,3285.656339475803,3286.536295544463,cruise,True,False,True,True,True,16.29611351710429
K25-017,54,3286.536295544463,3287.4162516131228,cruise,True,False,True,True,True,16.112881639118598
K25-017,55,3287.4162516131228,3288.5471029767323,cruise,True,False,True,True,True,15.882712675012456
K25-017,56,3288.5471029767323,3289.677954340342,cruise,True,False,True,True,True,15.658251147070914
K25-017,57,3289.677954340342,3289.958335331734,cruise,True,False,True,True,True,15.60345053830369
K25-017,58,3289.958335331734,3290.238716323126,cruise,True,False,True,True,True,15.548980577890234
K25-017,59,3290.238716323126,3291.0891866953293,cruise,True,False,True,True,True,15.385742536829184
K25-017,60,3291.0891866953293,3291.9396570675326,cruise,True,False,True,True,True,15.225409449526182
K25-017,61,3291.9396570675326,3293.070508431142,cruise,True,False,True,True,True,15.016550160642126
K25-017,62,3293.070508431142,3294.2013597947516,cruise,True,False,True,True,True,14.812437491922495
K25-017,63,3294.2013597947516,3294.511226482835,cruise,True,False,True,True,True,14.757309438670447
K25-017,64,3294.511226482835,3294.821093170918,cruise,True,False,True,True,True,14.702518373345498
K25-017,65,3294.821093170918,3295.6420778464444,cruise,True,False,True,True,True,14.558950453029212
K25-017,66,3295.6420778464444,3296.4630625219706,cruise,True,False,True,True,True,14.41764914830648
K25-017,67,3296.4630625219706,3297.5939138855656,cruise,True,False,True,True,True,14.226602003874746
K25-017,68,3297.5939138855656,3298.7247652491606,cruise,True,False,True,True,True,14.039556753929801
K25-017,69,3298.7247652491606,3299.064117633701,cruise,True,False,True,True,True,13.984183661395917
K25-017,70,3299.064117633701,3299.403470018241,cruise,True,False,True,True,True,13.929152355340932
K25-017,71,3299.403470018241,3300.194968997325,cruise,True,False,True,True,True,13.802103882498244
K25-017,72,3300.194968997325,3300.9864679764087,cruise,True,False,True,True,True,13.676842393762044
K25-017,73,3300.9864679764087,3302.1173193400036,cruise,True,False,True,True,True,13.500880562887545
K25-017,74,3302.1173193400036,3303.2481707035986,cruise,True,False,True,True,True,13.328333936512834
K25-017,75,3303.2481707035986,3303.6170087845812,cruise,True,False,True,True,True,13.272773297955155
K25-017,76,3303.6170087845812,3303.985846865564,cruise,True,False,True,True,True,13.21755815461384
K25-017,77,3303.985846865564,3304.7478601481766,cruise,True,False,True,True,True,13.104560997678448
K25-017,78,3304.7478601481766,3305.5098734307894,cruise,True,False,True,True,True,12.992984970038847
K25-017,79,3305.5098734307894,3306.6407247944135,cruise,True,False,True,True,True,12.829948463734937
K25-017,80,3306.6407247944135,3307.7715761580375,cruise,True,False,True,True,True,12.669857944683173
K25-017,81,3307.7715761580375,3308.169899935697,cruise,True,False,True,True,True,12.614150982818572
K25-017,82,3308.169899935697,3308.568223713356,cruise,True,False,True,True,True,12.558792435012137
K25-017,83,3308.568223713356,3309.3007512992917,cruise,True,False,True,True,True,12.457882060165971
K25-017,84,3309.3007512992917,3310.0332788852274,cruise,True,False,True,True,True,12.358109957832255
K25-017,85,3310.0332788852274,3311.164130248837,cruise,True,False,True,True,True,12.206262576469044
K25-017,86,3311.164130248837,3312.2949816124465,cruise,True,False,True,True,True,12.056980718236147
K25-017,87,3312.2949816124465,3312.7227910865627,cruise,True,False,True,True,True,12.001157693061387
K25-017,88,3312.7227910865627,3313.150600560679,cruise,True,False,True,True,True,11.9456854155912
K25-017,89,3313.150600560679,3313.853642450172,cruise,True,False,True,True,True,11.855275382864676
K25-017,90,3313.853642450172,3314.5566843396655,cruise,True,False,True,True,True,11.765782315389544
K25-017,91,3314.5566843396655,3315.6875357032604,cruise,True,False,True,True,True,11.62370982204375
K25-017,92,3315.6875357032604,3316.8183870668554,cruise,True,False,True,True,True,11.483890488361212
K25-017,93,3316.8183870668554,3317.2756822374286,cruise,True,False,True,True,True,11.427974070782057
K25-017,94,3317.2756822374286,3317.7329774080017,cruise,True,False,True,True,True,11.372410292660007
K25-017,95,3317.7329774080017,3318.4065336010526,cruise,True,False,True,True,True,11.29120271907074
K25-017,96,3318.4065336010526,3319.0800897941035,cruise,True,False,True,True,True,11.210737144983128
K25-017,97,3319.0800897941035,3320.2109411576985,cruise,True,False,True,True,True,11.077273632478907
K25-017,98,3320.2109411576985,3321.3417925212934,cruise,True,False,True,True,True,10.945803927899007
K25-017,99,3321.3417925212934,3321.828573388543,cruise,True,False,True,True,True,10.889811409404501
K25-017,100,3321.828573388543,3322.315354255793,cruise,True,False,True,True,True,10.834173082770775
K25-017,101,3322.315354255793,3322.959424752138,cruise,True,False,True,True,True,10.761093665901456
K25-017,102,3322.959424752138,3323.6034952484833,cruise,True,False,True,True,True,10.688616660017743
K25-017,103,3323.6034952484833,3324.7343466121074,cruise,True,False,True,True,True,10.56279045957558
K25-017,104,3324.7343466121074,3325.8651979757315,cruise,True,False,True,True,True,10.438740531972655
K25-017,105,3325.8651979757315,3326.3814645394236,cruise,True,False,True,True,True,10.382685310772032
K25-017,106,3326.3814645394236,3326.897731103116,cruise,True,False,True,True,True,10.3269855692578
K25-017,107,3326.897731103116,3327.5123159030186,cruise,True,False,True,True,True,10.261135658176755
K25-017,108,3327.5123159030186,3328.1269007029214,cruise,True,False,True,True,True,10.195775917791735
K25-017,109,3328.1269007029214,3329.257752066531,cruise,True,False,True,True,True,10.07676925775398
K25-017,110,3329.257752066531,3330.3886034301404,cruise,True,False,True,True,True,9.95935472447583
K25-017,111,3330.3886034301404,3330.9343556902895,cruise,True,False,True,True,True,9.903247328419639
K25-017,112,3330.9343556902895,3331.4801079504387,cruise,True,False,True,True,True,9.847496490746607
K25-017,113,3331.4801079504387,3332.065207053899,cruise,True,False,True,True,True,9.788117187144152
K25-017,114,3332.065207053899,3332.6503061573594,cruise,True,False,True,True,True,9.729137197034063
K25-017,115,3332.6503061573594,3333.7811575209544,cruise,True,False,True,True,True,9.616255685828108
K25-017,116,3333.7811575209544,3334.9120088845493,cruise,True,False,True,True,True,9.504809113291259
K25-017,117,3334.9120088845493,3335.4872468413896,cruise,True,False,True,True,True,9.448657918867141
K25-017,118,3335.4872468413896,3336.06248479823,cruise,True,False,True,True,True,9.392864194286815
K25-017,119,3336.06248479823,3336.6180982050137,cruise,True,False,True,True,True,9.339309079837477
K25-017,120,3336.6180982050137,3337.1737116117974,cruise,True,False,True,True,True,9.286079313661745
K25-017,121,3337.1737116117974,3338.3045629753924,cruise,True,False,True,True,True,9.17872854699317
K25-017,122,3338.3045629753924,3339.4354143389874,cruise,True,False,True,True,True,9.072677519364177
K25-017,123,3339.4354143389874,3340.04013799227,cruise,True,False,True,True,True,9.016489266706941
K25-017,124,3340.04013799227,3340.6448616455527,cruise,True,False,True,True,True,8.960659260095568
K25-017,125,3340.6448616455527,3341.170989355865,cruise,True,False,True,True,True,8.912373404147175
K25-017,126,3341.170989355865,3341.6971170661773,cruise,True,False,True,True,True,8.86435240027977
K25-017,127,3341.6971170661773,3342.8279684298013,cruise,True,False,True,True,True,8.76201980829984
K25-017,128,3342.8279684298013,3343.9588197934254,cruise,True,False,True,True,True,8.660869859043032
K25-017,129,3343.9588197934254,3344.5930291431505,cruise,True,False,True,True,True,8.604650026812777
K25-017,130,3344.5930291431505,3345.2272384928756,cruise,True,False,True,True,True,8.54878910638675
K25-017,131,3345.2272384928756,3345.7238805067454,cruise,True,False,True,True,True,8.50529271162496
K25-017,132,3345.7238805067454,3346.2205225206153,cruise,True,False,True,True,True,8.462011503492988
K25-017,133,3346.2205225206153,3347.3513738842103,cruise,True,False,True,True,True,8.364252103631344
K25-017,134,3347.3513738842103,3348.482225247805,cruise,True,False,True,True,True,8.267573283218312
K25-017,135,3348.482225247805,3349.145920294236,cruise,True,False,True,True,True,8.211326365852585
K25-017,136,3349.145920294236,3349.809615340667,cruise,True,False,True,True,True,8.155438934994578
K25-017,137,3349.809615340667,3350.27677165786,cruise,True,False,True,True,True,8.116314453696333
K25-017,138,3350.27677165786,3350.743927975053,cruise,True,False,True,True,True,8.077364269783828
K25-017,139,3350.743927975053,3351.874779338648,cruise,True,False,True,True,True,7.983789367064674
K25-017,140,3351.874779338648,3353.005630702243,cruise,True,False,True,True,True,7.891205563055024
K25-017,141,3353.005630702243,3353.698811445116,cruise,True,False,True,True,True,7.834935278653376
K25-017,142,3353.698811445116,3354.391992187989,cruise,True,False,True,True,True,7.779024979816583
K25-017,143,3354.391992187989,3354.8296628087255,cruise,True,False,True,True,True,7.743906859448003
K25-017,144,3354.8296628087255,3355.267333429462,cruise,True,False,True,True,True,7.708929308200069
K25-017,145,3355.267333429462,3356.3981847930713,cruise,True,False,True,True,True,7.619197446144241
K25-017,146,3356.3981847930713,3357.529036156681,cruise,True,False,True,True,True,7.530377810532315
K25-017,147,3357.529036156681,3358.2517025959964,cruise,True,False,True,True,True,7.474087258545808
K25-017,148,3358.2517025959964,3358.974369035312,cruise,True,False,True,True,True,7.418157127847778
K25-017,149,3358.974369035312,3359.3825539595914,cruise,True,False,True,True,True,7.386723571827034
K25-017,150,3359.3825539595914,3359.7907388838707,cruise,True,False,True,True,True,7.355402736679423
K25-017,151,3359.7907388838707,3360.921590247495,cruise,True,False,True,True,True,7.26921238504093
K25-017,152,3360.921590247495,3362.052441611119,cruise,True,False,True,True,True,7.183864392230063
K25-017,153,3362.052441611119,3362.8045937471115,cruise,True,False,True,True,True,7.127556174624345
K25-017,154,3362.8045937471115,3363.556745883104,cruise,True,False,True,True,True,7.07160876064367
K25-017,155,3363.556745883104,3363.9354451107065,cruise,True,False,True,True,True,7.04357504975053
K25-017,156,3363.9354451107065,3364.314144338309,cruise,True,False,True,True,True,7.0156310674184965
K25-017,157,3364.314144338309,3365.4449957019037,cruise,True,False,True,True,True,6.932714664058366
K25-017,158,3365.4449957019037,3366.5758470654987,cruise,True,False,True,True,True,6.850578443140037
K25-017,159,3366.5758470654987,3367.3574848979624,cruise,True,False,True,True,True,6.794254758463367
K25-017,160,3367.3574848979624,3368.139122730426,cruise,True,False,True,True,True,6.738292214443064
K25-017,161,3368.139122730426,3368.488336261586,cruise,True,False,True,True,True,6.713405249052073
K25-017,162,3368.488336261586,3368.837549792746,cruise,True,False,True,True,True,6.688589051002452
K25-017,163,3368.837549792746,3369.968401156341,cruise,True,False,True,True,True,6.6087081094205615
K25-017,164,3369.968401156341,3371.099252519936,cruise,True,False,True,True,True,6.52955178151322
K25-017,165,3371.099252519936,3371.910376048842,cruise,True,False,True,True,True,6.47321449856166
K25-017,166,3371.910376048842,3372.721499577748,cruise,True,False,True,True,True,6.4172386546098465
K25-017,167,3372.721499577748,3373.0412274124515,cruise,True,False,True,True,True,6.3952724608416815
K25-017,168,3373.0412274124515,3373.360955247155,cruise,True,False,True,True,True,6.373361435369077
K25-017,169,3373.360955247155,3374.4918066107643,cruise,True,False,True,True,True,6.296302498228087
K25-017,170,3374.4918066107643,3375.622657974374,cruise,True,False,True,True,True,6.219918313511414
K25-017,171,3375.622657974374,3376.463267199957,cruise,True,False,True,True,True,6.163569029551141
K25-017,172,3376.463267199957,3377.3038764255402,cruise,True,False,True,True,True,6.107581449754292
K25-017,173,3377.3038764255402,3377.594118563552,cruise,True,False,True,True,True,6.088333453087387
K25-017,174,3377.594118563552,3377.8843607015638,cruise,True,False,True,True,True,6.069127841894385
K25-017,175,3377.8843607015638,3379.015212065188,cruise,True,False,True,True,True,5.994699111698651
K25-017,176,3379.015212065188,3380.146063428812,cruise,True,False,True,True,True,5.920900227642662
K25-017,177,3380.146063428812,3381.0161583508375,cruise,True,False,True,True,True,5.864540314966462
K25-017,178,3381.0161583508375,3381.886253272863,cruise,True,False,True,True,True,5.808542342985945
K25-017,179,3381.886253272863,3382.1470097144324,cruise,True,False,True,True,True,5.79183025786763
K25-017,180,3382.1470097144324,3382.407766156002,cruise,True,False,True,True,True,5.775150143398307
K25-017,181,3382.407766156002,3383.5386175195968,cruise,True,False,True,True,True,5.703178659389181
K25-017,182,3383.5386175195968,3384.6694688831917,cruise,True,False,True,True,True,5.631796437193202
K25-017,183,3384.6694688831917,3385.5690495018057,cruise,True,False,True,True,True,5.575427080396878
K25-017,184,3385.5690495018057,3386.4686301204197,cruise,True,False,True,True,True,5.519419876002715
K25-017,185,3386.4686301204197,3386.6999008654298,cruise,True,False,True,True,True,5.505079093837466
K25-017,186,3386.6999008654298,3386.93117161044,cruise,True,False,True,True,True,5.490761865444
K25-017,187,3386.93117161044,3388.062022974035,cruise,True,False,True,True,True,5.4210911241073205
K25-017,188,3388.062022974035,3389.1928743376297,cruise,True,False,True,True,True,5.351972846846579
K25-017,189,3389.1928743376297,3390.1219406528035,cruise,True,False,True,True,True,5.295595073093054
K25-017,190,3390.1219406528035,3391.051006967977,cruise,True,False,True,True,True,5.239579641843292
K25-017,191,3391.051006967977,3391.2527920163984,cruise,True,False,True,True,True,5.2274610246403626
K25-017,192,3391.2527920163984,3391.4545770648197,cruise,True,False,True,True,True,5.215359235268721
K25-017,193,3391.4545770648197,3392.5854284284437,cruise,True,False,True,True,True,5.147847173786133
K25-017,194,3392.5854284284437,3393.716279792068,cruise,True,False,True,True,True,5.080854109935984
K25-017,195,3393.716279792068,3394.674831803684,cruise,True,False,True,True,True,5.024468813612003
K25-017,196,3394.674831803684,3395.6333838153,cruise,True,False,True,True,True,4.968446030987721
K25-017,197,3395.6333838153,3395.805683167279,cruise,True,False,True,True,True,4.95841403772657
K25-017,198,3395.805683167279,3395.9779825192577,cruise,True,False,True,True,True,4.9483935813444475
K25-017,199,3395.9779825192577,3397.108833882867,cruise,True,False,True,True,True,4.882910859692117
K25-017,200,3397.108833882867,3398.2396852464767,cruise,True,False,True,True,True,4.817916611453896
K25-017,201,3398.2396852464767,3399.227722954667,cruise,True,False,True,True,True,4.7615245743285755
K25-017,202,3399.227722954667,3400.2157606628575,cruise,True,False,True,True,True,4.705495205532571
K25-017,203,3400.2157606628575,3400.358574318277,cruise,True,False,True,True,True,4.697426293003019
K25-017,204,3400.358574318277,3400.5013879736966,cruise,True,False,True,True,True,4.6893648470628335
K25-017,205,3400.5013879736966,3401.6322393372916,cruise,True,False,True,True,True,4.625793377379466
K25-017,206,3401.6322393372916,3402.7630907008866,cruise,True,False,True,True,True,4.562682465062167
K25-017,207,3402.7630907008866,3403.780614105651,cruise,True,False,True,True,True,4.506284373021401
K25-017,208,3403.780614105651,3404.798137510415,cruise,True,False,True,True,True,4.4502490893138145
K25-017,209,3404.798137510415,3404.911465469275,cruise,True,False,True,True,True,4.444030340633134
K25-017,210,3404.911465469275,3405.0247934281347,cruise,True,False,True,True,True,4.4378160286904915
K25-017,211,3405.0247934281347,3406.1556447917296,cruise,True,False,True,True,True,4.376047710546757
K25-017,212,3406.1556447917296,3407.2864961553246,cruise,True,False,True,True,True,4.3147143538152335
K25-017,213,3407.2864961553246,3408.333505256531,cruise,True,False,True,True,True,4.25831081067922
K25-017,214,3408.333505256531,3409.380514357738,cruise,True,False,True,True,True,4.202270202965863
K25-017,215,3409.380514357738,3409.464356620126,cruise,True,False,True,True,True,4.1977981460760105
K25-017,216,3409.464356620126,3409.5481988825145,cruise,True,False,True,True,True,4.193328384419587
K25-017,217,3409.5481988825145,3410.6790502461386,cruise,True,False,True,True,True,4.133264012454703
K25-017,218,3410.6790502461386,3411.8099016097626,cruise,True,False,True,True,True,4.073611076544012
K25-017,219,3411.8099016097626,3412.886396407529,cruise,True,False,True,True,True,4.017202615593618
K25-017,220,3412.886396407529,3413.9628912052954,cruise,True,False,True,True,True,3.9611572056955424
K25-017,221,3413.9628912052954,3414.017247771124,cruise,True,False,True,True,True,3.9583367912541547
K25-017,222,3414.017247771124,3414.0716043369525,cruise,True,False,True,True,True,3.9555172900440994
K25-017,223,3414.0716043369525,3415.202455700562,cruise,True,False,True,True,True,3.8970656065666986
K25-017,224,3415.202455700562,3416.3333070641715,cruise,True,False,True,True,True,3.8390036874677236
K25-017,225,3416.3333070641715,3417.4392875585118,cruise,True,False,True,True,True,3.7825907811418062
K25-017,226,3417.4392875585118,3418.545268052852,cruise,True,False,True,True,True,3.7265410313084715
K25-017,227,3418.545268052852,3418.5701389221213,cruise,True,False,True,True,True,3.725284744815866
K25-017,228,3418.5701389221213,3418.5950097913906,cruise,True,False,True,True,True,3.7240286395745557
K25-017,229,3418.5950097913906,3419.7258611549855,cruise,True,False,True,True,True,3.6671055097104954
K25-017,230,3419.7258611549855,3420.8567125185805,cruise,True,False,True,True,True,3.6105521369392193
K25-017,231,3420.8567125185805,3421.9875638822045,cruise,True,False,True,True,True,3.554363759581861
K25-017,232,3421.9875638822045,3423.1184152458286,cruise,True,False,True,True,True,3.4985357071706176
K25-017,233,3423.1184152458286,3423.1230300730017,cruise,True,False,True,True,True,3.498308613552993
K25-017,234,3423.1230300730017,3423.127644900175,cruise,True,False,True,True,True,3.4980815258580975
K25-017,235,3423.127644900175,3424.2538814365967,cruise,True,False,True,True,True,3.4428377469431837
K25-017,236,3424.2538814365967,3425.3801179730185,cruise,True,False,True,True,True,3.387942337383919
K25-017,237,3425.3801179730185,3426.5109693366135,cruise,True,False,True,True,True,3.333168114544094
K25-017,238,3426.5109693366135,3427.6418207002084,cruise,True,False,True,True,True,3.2787364014386355
K25-017,239,3427.6418207002084,3427.6759212239704,cruise,True,False,True,True,True,3.2771003025487886
K25-017,240,3427.6759212239704,3427.7100217477323,cruise,True,False,True,True,True,3.2754645111181446
K25-017,241,3427.7100217477323,3428.8067725875944,cruise,True,False,True,True,True,3.2230169864462965
K25-017,242,3428.8067725875944,3429.9035234274565,cruise,True,False,True,True,True,3.1708835916653015
K25-017,243,3429.9035234274565,3431.0343747910515,cruise,True,False,True,True,True,3.1174542326031798
K25-017,244,3431.0343747910515,3432.1652261546465,cruise,True,False,True,True,True,3.0643508547431964
K25-017,245,3432.1652261546465,3432.2288123749677,cruise,True,False,True,True,True,3.0613745240876824
K25-017,246,3432.2288123749677,3432.292398595289,cruise,True,False,True,True,True,3.058399210884474
K25-017,247,3432.292398595289,3433.359663738577,cruise,True,False,True,True,True,3.0086111737691112
K25-017,248,3433.359663738577,3434.4269288818655,cruise,True,False,True,True,True,2.959106331416365
K25-017,249,3434.4269288818655,3435.557780245475,cruise,True,False,True,True,True,2.9069575063059574
K25-017,250,3435.557780245475,3436.6886316090845,cruise,True,False,True,True,True,2.855119299766372
K25-017,251,3436.6886316090845,3436.781703525848,cruise,True,False,True,True,True,2.850866605153101
K25-017,252,3436.781703525848,3436.8747754426117,cruise,True,False,True,True,True,2.8466159876492156
K25-017,253,3436.8747754426117,3437.912554889443,cruise,True,False,True,True,True,2.7993604469304216
K25-017,254,3437.912554889443,3438.9503343362744,cruise,True,False,True,True,True,2.752360121831913
K25-017,255,3438.9503343362744,3440.081185699884,cruise,True,False,True,True,True,2.7014320001001266
K25-017,256,3440.081185699884,3441.2120370634934,cruise,True,False,True,True,True,2.6508001932967034
K25-017,257,3441.2120370634934,3441.3345946768313,cruise,True,False,True,True,True,2.645330551693789
K25-017,258,3441.3345946768313,3441.4571522901692,cruise,True,False,True,True,True,2.6398643458865365
K25-017,259,3441.4571522901692,3442.465446040441,cruise,True,False,True,True,True,2.595023177695751
K25-017,260,3442.465446040441,3443.4737397907124,cruise,True,False,True,True,True,2.5504118960570707
K25-017,261,3443.4737397907124,3444.6045911543074,cruise,True,False,True,True,True,2.500648737128344
K25-017,262,3444.6045911543074,3445.7354425179024,cruise,True,False,True,True,True,2.4511685535075856
K25-017,263,3445.7354425179024,3445.887485827814,cruise,True,False,True,True,True,2.444537334515587
K25-017,264,3445.887485827814,3446.039529137726,cruise,True,False,True,True,True,2.4379111653175016
K25-017,265,3446.039529137726,3447.018337191438,cruise,True,False,True,True,True,2.3953743077373133
K25-017,266,3447.018337191438,3447.99714524515,cruise,True,False,True,True,True,2.353044388274782
K25-017,267,3447.99714524515,3449.127996608745,cruise,True,False,True,True,True,2.3043941777493018
K25-017,268,3449.127996608745,3450.25884797234,cruise,True,False,True,True,True,2.2560144823417545
K25-017,269,3450.25884797234,3450.440376978694,cruise,True,False,True,True,True,2.24827336699974
K25-017,270,3450.440376978694,3450.621905985048,cruise,True,False,True,True,True,2.240539132996787
K25-017,271,3450.621905985048,3450.9308498321147,cruise,True,False,True,True,True,2.2273920426809326
K25-017,272,3450.9308498321147,3451.2397936791813,cruise,True,False,True,True,True,2.21426478860225
K25-017,273,3451.2397936791813,3495.768098732892,descent,True,False,True,True,True,2.21426478860225
K25-017,274,3495.768098732892,3963.768098732892,handoff,True,False,True,True,True,2.2209209779533126
K25-017,275,3963.768098732892,3999.390742775861,return_climb,True,False,True,True,True,2.21426478860225
K25-017,276,3999.390742775861,3999.6996866229274,return_cruise,True,False,True,True,True,2.21426478860225
K25-017,277,3999.6996866229274,4000.008630469994,return_cruise,True,False,True,True,True,2.2273920426809326
K25-017,278,4000.008630469994,4000.190159476348,return_cruise,True,False,True,True,True,2.240539132996787
K25-017,279,4000.190159476348,4000.371688482702,return_cruise,True,False,True,True,True,2.24827336699974
K25-017,280,4000.371688482702,4001.502539846297,return_cruise,True,False,True,True,True,2.2560144823417545
K25-017,281,4001.502539846297,4002.633391209892,return_cruise,True,False,True,True,True,2.3043941777493018
K25-017,282,4002.633391209892,4003.612199263604,return_cruise,True,False,True,True,True,2.353044388274782
K25-017,283,4003.612199263604,4004.5910073173163,return_cruise,True,False,True,True,True,2.3953743077373133
K25-017,284,4004.5910073173163,4004.743050627228,return_cruise,True,False,True,True,True,2.4379111653175016
K25-017,285,4004.743050627228,4004.89509393714,return_cruise,True,False,True,True,True,2.444537334515587
K25-017,286,4004.89509393714,4006.0259453007347,return_cruise,True,False,True,True,True,2.4511685535075856
K25-017,287,4006.0259453007347,4007.1567966643297,return_cruise,True,False,True,True,True,2.500648737128344
K25-017,288,4007.1567966643297,4008.1650904146013,return_cruise,True,False,True,True,True,2.5504118960570707
K25-017,289,4008.1650904146013,4009.173384164873,return_cruise,True,False,True,True,True,2.595023177695751
K25-017,290,4009.173384164873,4009.295941778211,return_cruise,True,False,True,True,True,2.6398643458865365
K25-017,291,4009.295941778211,4009.4184993915487,return_cruise,True,False,True,True,True,2.645330551693789
K25-017,292,4009.4184993915487,4010.5493507551582,return_cruise,True,False,True,True,True,2.6508001932967034
K25-017,293,4010.5493507551582,4011.6802021187677,return_cruise,True,False,True,True,True,2.7014320001013914
K25-017,294,4011.6802021187677,4012.717981565599,return_cruise,True,False,True,True,True,2.752360121831913
K25-017,295,4012.717981565599,4013.7557610124304,return_cruise,True,False,True,True,True,2.7993604469304216
K25-017,296,4013.7557610124304,4013.848832929194,return_cruise,True,False,True,True,True,2.8466159876492156
K25-017,297,4013.848832929194,4013.9419048459577,return_cruise,True,False,True,True,True,2.850866605153101
K25-017,298,4013.9419048459577,4015.072756209567,return_cruise,True,False,True,True,True,2.855119299766372
K25-017,299,4015.072756209567,4016.2036075731767,return_cruise,True,False,True,True,True,2.906957506304664
K25-017,300,4016.2036075731767,4017.270872716465,return_cruise,True,False,True,True,True,2.959106331416365
K25-017,301,4017.270872716465,4018.3381378597533,return_cruise,True,False,True,True,True,3.0086111737691112
K25-017,302,4018.3381378597533,4018.4017240800745,return_cruise,True,False,True,True,True,3.058399210884474
K25-017,303,4018.4017240800745,4018.4653103003957,return_cruise,True,False,True,True,True,3.0613745240876824
K25-017,304,4018.4653103003957,4019.5961616639906,return_cruise,True,False,True,True,True,3.0643508547431964
K25-017,305,4019.5961616639906,4020.7270130275856,return_cruise,True,False,True,True,True,3.1174542326031798
K25-017,306,4020.7270130275856,4021.8237638674477,return_cruise,True,False,True,True,True,3.1708835916653015
K25-017,307,4021.8237638674477,4022.92051470731,return_cruise,True,False,True,True,True,3.2230169864462965
K25-017,308,4022.92051470731,4022.954615231072,return_cruise,True,False,True,True,True,3.2754645111181446
K25-017,309,4022.954615231072,4022.9887157548337,return_cruise,True,False,True,True,True,3.2771003025487886
K25-017,310,4022.9887157548337,4024.1195671184287,return_cruise,True,False,True,True,True,3.2787364014386355
K25-017,311,4024.1195671184287,4025.2504184820236,return_cruise,True,False,True,True,True,3.333168114544094
K25-017,312,4025.2504184820236,4026.3766550184455,return_cruise,True,False,True,True,True,3.387942337383919
K25-017,313,4026.3766550184455,4027.5028915548673,return_cruise,True,False,True,True,True,3.4428377469431837
K25-017,314,4027.5028915548673,4027.5075063820404,return_cruise,True,False,True,True,True,3.4980815258580975
K25-017,315,4027.5075063820404,4027.5121212092135,return_cruise,True,False,True,True,True,3.498308613552993
K25-017,316,4027.5121212092135,4028.6429725728376,return_cruise,True,False,True,True,True,3.4985357071706176
K25-017,317,4028.6429725728376,4029.7738239364617,return_cruise,True,False,True,True,True,3.554363759581861
K25-017,318,4029.7738239364617,4030.9046753000566,return_cruise,True,False,True,True,True,3.6105521369392193
K25-017,319,4030.9046753000566,4032.0355266636516,return_cruise,True,False,True,True,True,3.6671055097104954
K25-017,320,4032.0355266636516,4032.060397532921,return_cruise,True,False,True,True,True,3.7240286395745557
K25-017,321,4032.060397532921,4032.08526840219,return_cruise,True,False,True,True,True,3.725284744815866
K25-017,322,4032.08526840219,4033.1912488965304,return_cruise,True,False,True,True,True,3.7265410313084715
K25-017,323,4033.1912488965304,4034.2972293908706,return_cruise,True,False,True,True,True,3.7825907811418062
K25-017,324,4034.2972293908706,4035.42808075448,return_cruise,True,False,True,True,True,3.8390036874677236
K25-017,325,4035.42808075448,4036.5589321180896,return_cruise,True,False,True,True,True,3.8970656065681624
K25-017,326,4036.5589321180896,4036.613288683918,return_cruise,True,False,True,True,True,3.9555172900440994
K25-017,327,4036.613288683918,4036.667645249747,return_cruise,True,False,True,True,True,3.9583367912541547
K25-017,328,4036.667645249747,4037.744140047513,return_cruise,True,False,True,True,True,3.9611572056955424
K25-017,329,4037.744140047513,4038.8206348452795,return_cruise,True,False,True,True,True,4.017202615593618
K25-017,330,4038.8206348452795,4039.9514862089036,return_cruise,True,False,True,True,True,4.073611076544012
K25-017,331,4039.9514862089036,4041.0823375725276,return_cruise,True,False,True,True,True,4.133264012454703
K25-017,332,4041.0823375725276,4041.166179834916,return_cruise,True,False,True,True,True,4.193328384419587
K25-017,333,4041.166179834916,4041.2500220973043,return_cruise,True,False,True,True,True,4.1977981460760105
K25-017,334,4041.2500220973043,4042.297031198511,return_cruise,True,False,True,True,True,4.202270202965863
K25-017,335,4042.297031198511,4043.3440402997176,return_cruise,True,False,True,True,True,4.25831081067922
K25-017,336,4043.3440402997176,4044.4748916633125,return_cruise,True,False,True,True,True,4.3147143538152335
K25-017,337,4044.4748916633125,4045.6057430269075,return_cruise,True,False,True,True,True,4.376047710546757
K25-017,338,4045.6057430269075,4045.7190709857673,return_cruise,True,False,True,True,True,4.4378160286904915
K25-017,339,4045.7190709857673,4045.832398944627,return_cruise,True,False,True,True,True,4.444030340633134
K25-017,340,4045.832398944627,4046.8499223493914,return_cruise,True,False,True,True,True,4.4502490893138145
K25-017,341,4046.8499223493914,4047.8674457541556,return_cruise,True,False,True,True,True,4.506284373021401
K25-017,342,4047.8674457541556,4048.9982971177506,return_cruise,True,False,True,True,True,4.562682465062167
K25-017,343,4048.9982971177506,4050.1291484813455,return_cruise,True,False,True,True,True,4.625793377379466
K25-017,344,4050.1291484813455,4050.271962136765,return_cruise,True,False,True,True,True,4.6893648470628335
K25-017,345,4050.271962136765,4050.4147757921846,return_cruise,True,False,True,True,True,4.697426293003019
K25-017,346,4050.4147757921846,4051.402813500375,return_cruise,True,False,True,True,True,4.705495205532571
K25-017,347,4051.402813500375,4052.3908512085654,return_cruise,True,False,True,True,True,4.7615245743285755
K25-017,348,4052.3908512085654,4053.521702572175,return_cruise,True,False,True,True,True,4.817916611453896
K25-017,349,4053.521702572175,4054.6525539357845,return_cruise,True,False,True,True,True,4.882910859692117
K25-017,350,4054.6525539357845,4054.8248532877633,return_cruise,True,False,True,True,True,4.9483935813444475
K25-017,351,4054.8248532877633,4054.997152639742,return_cruise,True,False,True,True,True,4.95841403772657
K25-017,352,4054.997152639742,4055.9557046513582,return_cruise,True,False,True,True,True,4.968446030987721
K25-017,353,4055.9557046513582,4056.9142566629744,return_cruise,True,False,True,True,True,5.024468813612003
K25-017,354,4056.9142566629744,4058.0451080265984,return_cruise,True,False,True,True,True,5.080854109935984
K25-017,355,4058.0451080265984,4059.1759593902225,return_cruise,True,False,True,True,True,5.147847173786133
K25-017,356,4059.1759593902225,4059.3777444386437,return_cruise,True,False,True,True,True,5.215359235268721
K25-017,357,4059.3777444386437,4059.579529487065,return_cruise,True,False,True,True,True,5.2274610246403626
K25-017,358,4059.579529487065,4060.5085958022387,return_cruise,True,False,True,True,True,5.239579641843292
K25-017,359,4060.5085958022387,4061.4376621174124,return_cruise,True,False,True,True,True,5.295595073093054
K25-017,360,4061.4376621174124,4062.5685134810074,return_cruise,True,False,True,True,True,5.351972846846579
K25-017,361,4062.5685134810074,4063.6993648446023,return_cruise,True,False,True,True,True,5.4210911241073205
K25-017,362,4063.6993648446023,4063.9306355896124,return_cruise,True,False,True,True,True,5.490761865444
K25-017,363,4063.9306355896124,4064.1619063346225,return_cruise,True,False,True,True,True,5.505079093837466
K25-017,364,4064.1619063346225,4065.0614869532365,return_cruise,True,False,True,True,True,5.519419876002715
K25-017,365,4065.0614869532365,4065.9610675718504,return_cruise,True,False,True,True,True,5.575427080396878
K25-017,366,4065.9610675718504,4067.0919189354454,return_cruise,True,False,True,True,True,5.631796437193202
K25-017,367,4067.0919189354454,4068.2227702990403,return_cruise,True,False,True,True,True,5.703178659389181
K25-017,368,4068.2227702990403,4068.4835267406097,return_cruise,True,False,True,True,True,5.775150143398307
K25-017,369,4068.4835267406097,4068.744283182179,return_cruise,True,False,True,True,True,5.79183025786763
K25-017,370,4068.744283182179,4069.6143781042047,return_cruise,True,False,True,True,True,5.808542342985945
K25-017,371,4069.6143781042047,4070.4844730262303,return_cruise,True,False,True,True,True,5.864540314966462
K25-017,372,4070.4844730262303,4071.6153243898543,return_cruise,True,False,True,True,True,5.920900227642662
K25-017,373,4071.6153243898543,4072.7461757534784,return_cruise,True,False,True,True,True,5.994699111698651
K25-017,374,4072.7461757534784,4073.03641789149,return_cruise,True,False,True,True,True,6.069127841894385
K25-017,375,4073.03641789149,4073.326660029502,return_cruise,True,False,True,True,True,6.088333453087387
K25-017,376,4073.326660029502,4074.167269255085,return_cruise,True,False,True,True,True,6.107581449754292
K25-017,377,4074.167269255085,4075.0078784806683,return_cruise,True,False,True,True,True,6.163569029551141
K25-017,378,4075.0078784806683,4076.138729844278,return_cruise,True,False,True,True,True,6.219918313511414
K25-017,379,4076.138729844278,4077.2695812078873,return_cruise,True,False,True,True,True,6.296302498228087
K25-017,380,4077.2695812078873,4077.5893090425907,return_cruise,True,False,True,True,True,6.373361435369077
K25-017,381,4077.5893090425907,4077.909036877294,return_cruise,True,False,True,True,True,6.3952724608416815
K25-017,382,4077.909036877294,4078.7201604062,return_cruise,True,False,True,True,True,6.4172386546098465
K25-017,383,4078.7201604062,4079.5312839351063,return_cruise,True,False,True,True,True,6.47321449856166
K25-017,384,4079.5312839351063,4080.6621352987013,return_cruise,True,False,True,True,True,6.52955178151322
K25-017,385,4080.6621352987013,4081.7929866622962,return_cruise,True,False,True,True,True,6.6087081094205615
K25-017,386,4081.7929866622962,4082.142200193456,return_cruise,True,False,True,True,True,6.688589051002452
K25-017,387,4082.142200193456,4082.491413724616,return_cruise,True,False,True,True,True,6.713405249052073
K25-017,388,4082.491413724616,4083.2730515570797,return_cruise,True,False,True,True,True,6.738292214443064
K25-017,389,4083.2730515570797,4084.0546893895435,return_cruise,True,False,True,True,True,6.794254758463367
K25-017,390,4084.0546893895435,4085.1855407531384,return_cruise,True,False,True,True,True,6.850578443140037
K25-017,391,4085.1855407531384,4086.3163921167334,return_cruise,True,False,True,True,True,6.932714664058366
K25-017,392,4086.3163921167334,4086.6950913443357,return_cruise,True,False,True,True,True,7.0156310674184965
K25-017,393,4086.6950913443357,4087.073790571938,return_cruise,True,False,True,True,True,7.04357504975053
K25-017,394,4087.073790571938,4087.8259427079306,return_cruise,True,False,True,True,True,7.07160876064367
K25-017,395,4087.8259427079306,4088.5780948439233,return_cruise,True,False,True,True,True,7.127556174624345
K25-017,396,4088.5780948439233,4089.7089462075473,return_cruise,True,False,True,True,True,7.183864392230063
K25-017,397,4089.7089462075473,4090.8397975711714,return_cruise,True,False,True,True,True,7.26921238504093
K25-017,398,4090.8397975711714,4091.2479824954507,return_cruise,True,False,True,True,True,7.355402736679423
K25-017,399,4091.2479824954507,4091.65616741973,return_cruise,True,False,True,True,True,7.386723571827034
K25-017,400,4091.65616741973,4092.3788338590457,return_cruise,True,False,True,True,True,7.418157127847778
K25-017,401,4092.3788338590457,4093.1015002983613,return_cruise,True,False,True,True,True,7.474087258545808
K25-017,402,4093.1015002983613,4094.232351661971,return_cruise,True,False,True,True,True,7.530377810532315
K25-017,403,4094.232351661971,4095.3632030255803,return_cruise,True,False,True,True,True,7.619197446144241
K25-017,404,4095.3632030255803,4095.8008736463166,return_cruise,True,False,True,True,True,7.708929308200069
K25-017,405,4095.8008736463166,4096.238544267053,return_cruise,True,False,True,True,True,7.743906859448003
K25-017,406,4096.238544267053,4096.931725009927,return_cruise,True,False,True,True,True,7.779024979816583
K25-017,407,4096.931725009927,4097.6249057528,return_cruise,True,False,True,True,True,7.834935278653376
K25-017,408,4097.6249057528,4098.755757116395,return_cruise,True,False,True,True,True,7.891205563055024
K25-017,409,4098.755757116395,4099.88660847999,return_cruise,True,False,True,True,True,7.983789367064674
K25-017,410,4099.88660847999,4100.353764797183,return_cruise,True,False,True,True,True,8.077364269783828
K25-017,411,4100.353764797183,4100.820921114377,return_cruise,True,False,True,True,True,8.116314453696333
K25-017,412,4100.820921114377,4101.4846161608075,return_cruise,True,False,True,True,True,8.155438934994578
K25-017,413,4101.4846161608075,4102.148311207238,return_cruise,True,False,True,True,True,8.211326365852585
K25-017,414,4102.148311207238,4103.279162570833,return_cruise,True,False,True,True,True,8.267573283218312
K25-017,415,4103.279162570833,4104.410013934428,return_cruise,True,False,True,True,True,8.364252103631344
K25-017,416,4104.410013934428,4104.906655948298,return_cruise,True,False,True,True,True,8.462011503492988
K25-017,417,4104.906655948298,4105.403297962168,return_cruise,True,False,True,True,True,8.50529271162496
K25-017,418,4105.403297962168,4106.037507311893,return_cruise,True,False,True,True,True,8.54878910638675
K25-017,419,4106.037507311893,4106.671716661618,return_cruise,True,False,True,True,True,8.604650026812777
K25-017,420,4106.671716661618,4107.802568025242,return_cruise,True,False,True,True,True,8.660869859043032
K25-017,421,4107.802568025242,4108.933419388866,return_cruise,True,False,True,True,True,8.76201980829984
K25-017,422,4108.933419388866,4109.459547099178,return_cruise,True,False,True,True,True,8.86435240027977
K25-017,423,4109.459547099178,4109.98567480949,return_cruise,True,False,True,True,True,8.912373404147175
K25-017,424,4109.98567480949,4110.590398462773,return_cruise,True,False,True,True,True,8.960659260095568
K25-017,425,4110.590398462773,4111.195122116056,return_cruise,True,False,True,True,True,9.016489266706941
K25-017,426,4111.195122116056,4112.325973479651,return_cruise,True,False,True,True,True,9.072677519364177
K25-017,427,4112.325973479651,4113.456824843246,return_cruise,True,False,True,True,True,9.17872854699317
K25-017,428,4113.456824843246,4114.01243825003,return_cruise,True,False,True,True,True,9.286079313661745
K25-017,429,4114.01243825003,4114.568051656814,return_cruise,True,False,True,True,True,9.339309079837477
K25-017,430,4114.568051656814,4115.143289613654,return_cruise,True,False,True,True,True,9.392864194286815
K25-017,431,4115.143289613654,4115.718527570494,return_cruise,True,False,True,True,True,9.448657918867141
K25-017,432,4115.718527570494,4116.849378934089,return_cruise,True,False,True,True,True,9.504809113291259
K25-017,433,4116.849378934089,4117.980230297684,return_cruise,True,False,True,True,True,9.616255685828108
K25-017,434,4117.980230297684,4118.5653294011445,return_cruise,True,False,True,True,True,9.729137197034063
K25-017,435,4118.5653294011445,4119.150428504605,return_cruise,True,False,True,True,True,9.788117187144152
K25-017,436,4119.150428504605,4119.696180764754,return_cruise,True,False,True,True,True,9.847496490746607
K25-017,437,4119.696180764754,4120.241933024903,return_cruise,True,False,True,True,True,9.903247328419639
K25-017,438,4120.241933024903,4121.372784388513,return_cruise,True,False,True,True,True,9.95935472447583
K25-017,439,4121.372784388513,4122.503635752122,return_cruise,True,False,True,True,True,10.07676925775398
K25-017,440,4122.503635752122,4123.118220552025,return_cruise,True,False,True,True,True,10.195775917791735
K25-017,441,4123.118220552025,4123.732805351929,return_cruise,True,False,True,True,True,10.261135658176755
K25-017,442,4123.732805351929,4124.249071915621,return_cruise,True,False,True,True,True,10.3269855692578
K25-017,443,4124.249071915621,4124.765338479314,return_cruise,True,False,True,True,True,10.382685310772032
K25-017,444,4124.765338479314,4125.896189842938,return_cruise,True,False,True,True,True,10.438740531972655
K25-017,445,4125.896189842938,4127.027041206562,return_cruise,True,False,True,True,True,10.56279045957558
K25-017,446,4127.027041206562,4127.671111702907,return_cruise,True,False,True,True,True,10.688616660017743
K25-017,447,4127.671111702907,4128.315182199252,return_cruise,True,False,True,True,True,10.761093665901456
K25-017,448,4128.315182199252,4128.801963066502,return_cruise,True,False,True,True,True,10.834173082770775
K25-017,449,4128.801963066502,4129.288743933752,return_cruise,True,False,True,True,True,10.889811409404501
K25-017,450,4129.288743933752,4130.419595297347,return_cruise,True,False,True,True,True,10.945803927899007
K25-017,451,4130.419595297347,4131.550446660942,return_cruise,True,False,True,True,True,11.077273632478907
K25-017,452,4131.550446660942,4132.224002853993,return_cruise,True,False,True,True,True,11.210737144983128
K25-017,453,4132.224002853993,4132.897559047044,return_cruise,True,False,True,True,True,11.29120271907074
K25-017,454,4132.897559047044,4133.354854217617,return_cruise,True,False,True,True,True,11.372410292660007
K25-017,455,4133.354854217617,4133.81214938819,return_cruise,True,False,True,True,True,11.427974070782057
K25-017,456,4133.81214938819,4134.943000751785,return_cruise,True,False,True,True,True,11.483890488361212
K25-017,457,4134.943000751785,4136.07385211538,return_cruise,True,False,True,True,True,11.62370982204375
K25-017,458,4136.07385211538,4136.776894004874,return_cruise,True,False,True,True,True,11.765782315389544
K25-017,459,4136.776894004874,4137.479935894367,return_cruise,True,False,True,True,True,11.855275382864676
K25-017,460,4137.479935894367,4137.907745368484,return_cruise,True,False,True,True,True,11.9456854155912
K25-017,461,4137.907745368484,4138.3355548426,return_cruise,True,False,True,True,True,12.001157693061387
K25-017,462,4138.3355548426,4139.466406206209,return_cruise,True,False,True,True,True,12.056980718236147
K25-017,463,4139.466406206209,4140.597257569819,return_cruise,True,False,True,True,True,12.206262576469044
K25-017,464,4140.597257569819,4141.3297851557545,return_cruise,True,False,True,True,True,12.358109957832255
K25-017,465,4141.3297851557545,4142.06231274169,return_cruise,True,False,True,True,True,12.457882060165971
K25-017,466,4142.06231274169,4142.4606365193495,return_cruise,True,False,True,True,True,12.558792435012137
K25-017,467,4142.4606365193495,4142.858960297009,return_cruise,True,False,True,True,True,12.614150982818572
K25-017,468,4142.858960297009,4143.989811660633,return_cruise,True,False,True,True,True,12.669857944683173
K25-017,469,4143.989811660633,4145.120663024257,return_cruise,True,False,True,True,True,12.829948463734937
K25-017,470,4145.120663024257,4145.882676306869,return_cruise,True,False,True,True,True,12.992984970038847
K25-017,471,4145.882676306869,4146.6446895894815,return_cruise,True,False,True,True,True,13.104560997678448
K25-017,472,4146.6446895894815,4147.013527670464,return_cruise,True,False,True,True,True,13.21755815461384
K25-017,473,4147.013527670464,4147.382365751447,return_cruise,True,False,True,True,True,13.272773297955155
K25-017,474,4147.382365751447,4148.513217115042,return_cruise,True,False,True,True,True,13.328333936512834
K25-017,475,4148.513217115042,4149.644068478637,return_cruise,True,False,True,True,True,13.50088056288753
K25-017,476,4149.644068478637,4150.435567457721,return_cruise,True,False,True,True,True,13.676842393762044
K25-017,477,4150.435567457721,4151.227066436805,return_cruise,True,False,True,True,True,13.802103882498244
K25-017,478,4151.227066436805,4151.566418821345,return_cruise,True,False,True,True,True,13.929152355340932
K25-017,479,4151.566418821345,4151.905771205885,return_cruise,True,False,True,True,True,13.984183661395917
K25-017,480,4151.905771205885,4153.03662256948,return_cruise,True,False,True,True,True,14.039556753929801
K25-017,481,4153.03662256948,4154.167473933075,return_cruise,True,False,True,True,True,14.226602003874746
K25-017,482,4154.167473933075,4154.988458608601,return_cruise,True,False,True,True,True,14.41764914830648
K25-017,483,4154.988458608601,4155.809443284127,return_cruise,True,False,True,True,True,14.558950453029212
K25-017,484,4155.809443284127,4156.11930997221,return_cruise,True,False,True,True,True,14.702518373345498
K25-017,485,4156.11930997221,4156.429176660294,return_cruise,True,False,True,True,True,14.757309438670447
K25-017,486,4156.429176660294,4157.560028023903,return_cruise,True,False,True,True,True,14.812437491922495
K25-017,487,4157.560028023903,4158.690879387513,return_cruise,True,False,True,True,True,15.016550160642126
K25-017,488,4158.690879387513,4159.541349759716,return_cruise,True,False,True,True,True,15.225409449526168
K25-017,489,4159.541349759716,4160.391820131918,return_cruise,True,False,True,True,True,15.385742536829184
K25-017,490,4160.391820131918,4160.6722011233105,return_cruise,True,False,True,True,True,15.548980577890234
K25-017,491,4160.6722011233105,4160.952582114703,return_cruise,True,False,True,True,True,15.60345053830369
K25-017,492,4160.952582114703,4162.083433478312,return_cruise,True,False,True,True,True,15.658251147070914
K25-017,493,4162.083433478312,4163.214284841922,return_cruise,True,False,True,True,True,15.882712675012456
K25-017,494,4163.214284841922,4164.094240910582,return_cruise,True,False,True,True,True,16.112881639118598
K25-017,495,4164.094240910582,4164.974196979242,return_cruise,True,False,True,True,True,16.29611351710429
K25-017,496,4164.974196979242,4165.225092274191,return_cruise,True,False,True,True,True,16.483113954901214
K25-017,497,4165.225092274191,4165.475987569141,return_cruise,True,False,True,True,True,16.53714310027786
K25-017,498,4165.475987569141,4166.606838932736,return_cruise,True,False,True,True,True,16.591494312741602
K25-017,499,4166.606838932736,4167.737690296331,return_cruise,True,False,True,True,True,16.840566441644455
K25-017,500,4167.737690296331,4168.647132061565,return_cruise,True,False,True,True,True,17.096606537115576
K25-017,501,4168.647132061565,4169.556573826799,return_cruise,True,False,True,True,True,17.307825011361956
K25-017,502,4169.556573826799,4169.777983425189,return_cruise,True,False,True,True,True,17.524000220810322
K25-017,503,4169.777983425189,4169.999393023579,return_cruise,True,False,True,True,True,17.577404483093275
K25-017,504,4169.999393023579,4171.130244387174,return_cruise,True,False,True,True,True,17.631118864711112
K25-017,505,4171.130244387174,4172.261095750769,return_cruise,True,False,True,True,True,17.910428203474282
K25-017,506,4172.261095750769,4173.200023212562,return_cruise,True,False,True,True,True,18.198384745567097
K25-017,507,4173.200023212562,4174.138950674355,return_cruise,True,False,True,True,True,18.444400232664634
K25-017,508,4174.138950674355,4174.330874576157,return_cruise,True,False,True,True,True,18.69703112066219
K25-017,509,4174.330874576157,4174.5227984779585,return_cruise,True,False,True,True,True,18.749514390028992
K25-017,510,4174.5227984779585,4175.653649841583,return_cruise,True,False,True,True,True,18.802290592275597
K25-017,511,4175.653649841583,4176.784501205207,return_cruise,True,False,True,True,True,19.11936521983536
K25-017,512,4176.784501205207,4177.752914363443,return_cruise,True,False,True,True,True,19.447343190206695
K25-017,513,4177.752914363443,4178.721327521679,return_cruise,True,False,True,True,True,19.737385205628357
K25-017,514,4178.721327521679,4178.883765727038,return_cruise,True,False,True,True,True,20.036368540267915
K25-017,515,4178.883765727038,4179.046203932397,return_cruise,True,False,True,True,True,20.08742806505026
K25-017,516,4179.046203932397,4180.177055296006,return_cruise,True,False,True,True,True,20.138754876011262
K25-017,517,4180.177055296006,4181.307906659616,return_cruise,True,False,True,True,True,20.503682898184167
K25-017,518,4181.307906659616,4182.305805514426,return_cruise,True,False,True,True,True,20.882502268859383
K25-017,519,4182.305805514426,4183.303704369236,return_cruise,True,False,True,True,True,21.22900977909201
K25-017,520,4183.303704369236,4183.436656878035,return_cruise,True,False,True,True,True,21.587621980781208
K25-017,521,4183.436656878035,4183.569609386835,return_cruise,True,False,True,True,True,21.636348293413306
K25-017,522,4183.569609386835,4184.70046075043,return_cruise,True,False,True,True,True,21.68530215131706
K25-017,523,4184.70046075043,4185.8313121140245,return_cruise,True,False,True,True,True,22.11109863941246
K25-017,524,4185.8313121140245,4186.858696665408,return_cruise,True,False,True,True,True,22.55437747244312
K25-017,525,4186.858696665408,4187.886081216792,return_cruise,True,False,True,True,True,22.97298378640356
K25-017,526,4187.886081216792,4187.989548029032,return_cruise,True,False,True,True,True,23.407307173506666
K25-017,527,4187.989548029032,4188.093014841273,return_cruise,True,False,True,True,True,23.45193712405478
K25-017,528,4188.093014841273,4189.223866204868,return_cruise,True,False,True,True,True,23.496731450805584
K25-017,529,4189.223866204868,4190.354717568463,return_cruise,True,False,True,True,True,23.997105022055266
K25-017,530,4190.354717568463,4191.411587816289,return_cruise,True,False,True,True,True,24.517310356462204
K25-017,531,4191.411587816289,4192.468458064116,return_cruise,True,False,True,True,True,25.021074075363558
K25-017,532,4192.468458064116,4192.542439179884,return_cruise,True,False,True,True,True,25.540794565839505
K25-017,533,4192.542439179884,4192.6164202956525,return_cruise,True,False,True,True,True,25.57772735751206
K25-017,534,4192.6164202956525,4193.7472716592765,return_cruise,True,False,True,True,True,25.61472795513434
K25-017,535,4193.7472716592765,4194.878123022901,return_cruise,True,False,True,True,True,26.187954447477225
K25-017,536,4194.878123022901,4195.964478967287,return_cruise,True,False,True,True,True,26.77191134651089
K25-017,537,4195.964478967287,4197.050834911673,return_cruise,True,False,True,True,True,27.3359365160194
K25-017,538,4197.050834911673,4197.095330330882,return_cruise,True,False,True,True,True,27.892637314212095
K25-017,539,4197.095330330882,4197.1398257500905,return_cruise,True,False,True,True,True,27.915089108754543
K25-017,540,4197.1398257500905,4198.2706771137,return_cruise,True,False,True,True,True,27.937503828684015
K25-017,541,4198.2706771137,4199.4015284773095,return_cruise,True,False,True,True,True,28.490839060973485
K25-017,542,4199.4015284773095,4200.51737011827,return_cruise,True,False,True,True,True,28.996496577668893
K25-017,543,4200.51737011827,4201.633211759231,return_cruise,True,False,True,True,True,29.421572052712207
K25-017,544,4201.633211759231,4201.648221481881,return_cruise,True,False,True,True,True,29.743728344586756
K25-017,545,4201.648221481881,4201.66323120453,return_cruise,True,False,True,True,True,29.747229068304677
K25-017,546,4201.66323120453,4202.642322315141,return_cruise,True,False,True,True,True,29.75070605559381
K25-017,547,4202.642322315141,4203.6214134257525,return_cruise,True,False,True,True,True,29.92362584195382
K25-017,548,4203.6214134257525,4276.299718479463,return_descent,True,False,True,True,True,29.982830377148545
K25-018,0,3866.0506128019324,3924.193256844901,climb,True,False,True,True,True,29.982830377148545
K25-018,1,3924.193256844901,3925.172347955512,cruise,True,False,True,True,True,29.92362584195382
K25-018,2,3925.172347955512,3926.151439066123,cruise,True,False,True,True,True,29.75070605559381
K25-018,3,3926.151439066123,3926.1664487887724,cruise,True,False,True,True,True,29.747229068304677
K25-018,4,3926.1664487887724,3926.1814585114216,cruise,True,False,True,True,True,29.743728344586756
K25-018,5,3926.1814585114216,3927.297300152382,cruise,True,False,True,True,True,29.421572052712207
K25-018,6,3927.297300152382,3928.413141793342,cruise,True,False,True,True,True,28.996496577668893
K25-018,7,3928.413141793342,3929.5439931569517,cruise,True,False,True,True,True,28.490839060973485
K25-018,8,3929.5439931569517,3930.6748445205612,cruise,True,False,True,True,True,27.937503828684015
K25-018,9,3930.6748445205612,3930.71933993977,cruise,True,False,True,True,True,27.915089108754543
K25-018,10,3930.71933993977,3930.763835358979,cruise,True,False,True,True,True,27.892637314212095
K25-018,11,3930.763835358979,3931.8501913033656,cruise,True,False,True,True,True,27.3359365160194
K25-018,12,3931.8501913033656,3932.936547247752,cruise,True,False,True,True,True,26.77191134651089
K25-018,13,3932.936547247752,3934.067398611376,cruise,True,False,True,True,True,26.187954447477225
K25-018,14,3934.067398611376,3935.198249975,cruise,True,False,True,True,True,25.61472795513434
K25-018,15,3935.198249975,3935.2722310907684,cruise,True,False,True,True,True,25.57772735751206
K25-018,16,3935.2722310907684,3935.3462122065366,cruise,True,False,True,True,True,25.540794565839505
K25-018,17,3935.3462122065366,3936.4030824543634,cruise,True,False,True,True,True,25.021074075363558
K25-018,18,3936.4030824543634,3937.45995270219,cruise,True,False,True,True,True,24.517310356462204
K25-018,19,3937.45995270219,3938.590804065785,cruise,True,False,True,True,True,23.997105022055266
K25-018,20,3938.590804065785,3939.72165542938,cruise,True,False,True,True,True,23.496731450805584
K25-018,21,3939.72165542938,3939.8251222416197,cruise,True,False,True,True,True,23.45193712405478
K25-018,22,3939.8251222416197,3939.9285890538595,cruise,True,False,True,True,True,23.407307173506666
K25-018,23,3939.9285890538595,3940.955973605244,cruise,True,False,True,True,True,22.97298378640356
K25-018,24,3940.955973605244,3941.983358156628,cruise,True,False,True,True,True,22.55437747244312
K25-018,25,3941.983358156628,3943.114209520223,cruise,True,False,True,True,True,22.11109863941246
K25-018,26,3943.114209520223,3944.245060883818,cruise,True,False,True,True,True,21.68530215131706
K25-018,27,3944.245060883818,3944.3780133926175,cruise,True,False,True,True,True,21.636348293413306
K25-018,28,3944.3780133926175,3944.510965901417,cruise,True,False,True,True,True,21.587621980781208
K25-018,29,3944.510965901417,3945.508864756227,cruise,True,False,True,True,True,21.22900977909201
K25-018,30,3945.508864756227,3946.506763611037,cruise,True,False,True,True,True,20.882502268859383
K25-018,31,3946.506763611037,3947.6376149746466,cruise,True,False,True,True,True,20.503682898184167
K25-018,32,3947.6376149746466,3948.768466338256,cruise,True,False,True,True,True,20.138754876011262
K25-018,33,3948.768466338256,3948.9309045436153,cruise,True,False,True,True,True,20.08742806505026
K25-018,34,3948.9309045436153,3949.0933427489745,cruise,True,False,True,True,True,20.036368540267915
K25-018,35,3949.0933427489745,3950.0617559072107,cruise,True,False,True,True,True,19.737385205628357
K25-018,36,3950.0617559072107,3951.030169065447,cruise,True,False,True,True,True,19.447343190206695
K25-018,37,3951.030169065447,3952.161020429071,cruise,True,False,True,True,True,19.11936521983536
K25-018,38,3952.161020429071,3953.291871792695,cruise,True,False,True,True,True,18.802290592275597
K25-018,39,3953.291871792695,3953.4837956944966,cruise,True,False,True,True,True,18.749514390028992
K25-018,40,3953.4837956944966,3953.675719596298,cruise,True,False,True,True,True,18.69703112066219
K25-018,41,3953.675719596298,3954.614647058092,cruise,True,False,True,True,True,18.444400232664634
K25-018,42,3954.614647058092,3955.553574519886,cruise,True,False,True,True,True,18.198384745567097
K25-018,43,3955.553574519886,3956.684425883481,cruise,True,False,True,True,True,17.910428203474282
K25-018,44,3956.684425883481,3957.8152772470758,cruise,True,False,True,True,True,17.631118864711112
K25-018,45,3957.8152772470758,3958.0366868454657,cruise,True,False,True,True,True,17.577404483093275
K25-018,46,3958.0366868454657,3958.2580964438557,cruise,True,False,True,True,True,17.524000220810322
K25-018,47,3958.2580964438557,3959.16753820909,cruise,True,False,True,True,True,17.307825011361956
K25-018,48,3959.16753820909,3960.076979974324,cruise,True,False,True,True,True,17.096606537115576
K25-018,49,3960.076979974324,3961.207831337919,cruise,True,False,True,True,True,16.840566441644455
K25-018,50,3961.207831337919,3962.338682701514,cruise,True,False,True,True,True,16.591494312741602
K25-018,51,3962.338682701514,3962.5895779964635,cruise,True,False,True,True,True,16.53714310027786
K25-018,52,3962.5895779964635,3962.840473291413,cruise,True,False,True,True,True,16.4831139549012
K25-018,53,3962.840473291413,3963.720429360073,cruise,True,False,True,True,True,16.29611351710429
K25-018,54,3963.720429360073,3964.600385428733,cruise,True,False,True,True,True,16.112881639118598
K25-018,55,3964.600385428733,3965.7312367923423,cruise,True,False,True,True,True,15.882712675012456
K25-018,56,3965.7312367923423,3966.862088155952,cruise,True,False,True,True,True,15.658251147070914
K25-018,57,3966.862088155952,3967.142469147344,cruise,True,False,True,True,True,15.60345053830369
K25-018,58,3967.142469147344,3967.422850138736,cruise,True,False,True,True,True,15.548980577890234
K25-018,59,3967.422850138736,3968.2733205109394,cruise,True,False,True,True,True,15.385742536829184
K25-018,60,3968.2733205109394,3969.1237908831426,cruise,True,False,True,True,True,15.225409449526182
K25-018,61,3969.1237908831426,3970.254642246752,cruise,True,False,True,True,True,15.016550160642126
K25-018,62,3970.254642246752,3971.3854936103617,cruise,True,False,True,True,True,14.812437491922495
K25-018,63,3971.3854936103617,3971.695360298445,cruise,True,False,True,True,True,14.757309438670447
K25-018,64,3971.695360298445,3972.005226986528,cruise,True,False,True,True,True,14.702518373345498
K25-018,65,3972.005226986528,3972.8262116620544,cruise,True,False,True,True,True,14.558950453029212
K25-018,66,3972.8262116620544,3973.6471963375807,cruise,True,False,True,True,True,14.41764914830648
K25-018,67,3973.6471963375807,3974.7780477011756,cruise,True,False,True,True,True,14.226602003874746
K25-018,68,3974.7780477011756,3975.9088990647706,cruise,True,False,True,True,True,14.039556753929801
K25-018,69,3975.9088990647706,3976.248251449311,cruise,True,False,True,True,True,13.984183661395917
K25-018,70,3976.248251449311,3976.587603833851,cruise,True,False,True,True,True,13.929152355340932
K25-018,71,3976.587603833851,3977.379102812935,cruise,True,False,True,True,True,13.802103882498244
K25-018,72,3977.379102812935,3978.1706017920187,cruise,True,False,True,True,True,13.676842393762044
K25-018,73,3978.1706017920187,3979.3014531556137,cruise,True,False,True,True,True,13.500880562887545
K25-018,74,3979.3014531556137,3980.4323045192086,cruise,True,False,True,True,True,13.328333936512834
K25-018,75,3980.4323045192086,3980.8011426001913,cruise,True,False,True,True,True,13.272773297955155
K25-018,76,3980.8011426001913,3981.169980681174,cruise,True,False,True,True,True,13.21755815461384
K25-018,77,3981.169980681174,3981.9319939637867,cruise,True,False,True,True,True,13.104560997678448
K25-018,78,3981.9319939637867,3982.6940072463995,cruise,True,False,True,True,True,12.992984970038847
K25-018,79,3982.6940072463995,3983.8248586100235,cruise,True,False,True,True,True,12.829948463734937
K25-018,80,3983.8248586100235,3984.9557099736476,cruise,True,False,True,True,True,12.669857944683173
K25-018,81,3984.9557099736476,3985.354033751307,cruise,True,False,True,True,True,12.614150982818572
K25-018,82,3985.354033751307,3985.752357528966,cruise,True,False,True,True,True,12.558792435012137
K25-018,83,3985.752357528966,3986.4848851149018,cruise,True,False,True,True,True,12.457882060165971
K25-018,84,3986.4848851149018,3987.2174127008375,cruise,True,False,True,True,True,12.358109957832255
K25-018,85,3987.2174127008375,3988.348264064447,cruise,True,False,True,True,True,12.206262576469044
K25-018,86,3988.348264064447,3989.4791154280565,cruise,True,False,True,True,True,12.056980718236147
K25-018,87,3989.4791154280565,3989.9069249021727,cruise,True,False,True,True,True,12.001157693061387
K25-018,88,3989.9069249021727,3990.334734376289,cruise,True,False,True,True,True,11.9456854155912
K25-018,89,3990.334734376289,3991.037776265782,cruise,True,False,True,True,True,11.855275382864676
K25-018,90,3991.037776265782,3991.7408181552755,cruise,True,False,True,True,True,11.765782315389544
K25-018,91,3991.7408181552755,3992.8716695188705,cruise,True,False,True,True,True,11.62370982204375
K25-018,92,3992.8716695188705,3994.0025208824654,cruise,True,False,True,True,True,11.483890488361212
K25-018,93,3994.0025208824654,3994.4598160530386,cruise,True,False,True,True,True,11.427974070782057
K25-018,94,3994.4598160530386,3994.9171112236118,cruise,True,False,True,True,True,11.372410292660007
K25-018,95,3994.9171112236118,3995.5906674166627,cruise,True,False,True,True,True,11.29120271907074
K25-018,96,3995.5906674166627,3996.2642236097136,cruise,True,False,True,True,True,11.210737144983128
K25-018,97,3996.2642236097136,3997.3950749733085,cruise,True,False,True,True,True,11.077273632478907
K25-018,98,3997.3950749733085,3998.5259263369035,cruise,True,False,True,True,True,10.945803927899007
K25-018,99,3998.5259263369035,3999.0127072041532,cruise,True,False,True,True,True,10.889811409404501
K25-018,100,3999.0127072041532,3999.499488071403,cruise,True,False,True,True,True,10.834173082770775
K25-018,101,3999.499488071403,4000.143558567748,cruise,True,False,True,True,True,10.761093665901456
K25-018,102,4000.143558567748,4000.7876290640934,cruise,True,False,True,True,True,10.688616660017743
K25-018,103,4000.7876290640934,4001.9184804277174,cruise,True,False,True,True,True,10.56279045957558
K25-018,104,4001.9184804277174,4003.0493317913415,cruise,True,False,True,True,True,10.438740531972655
K25-018,105,4003.0493317913415,4003.5655983550337,cruise,True,False,True,True,True,10.382685310772032
K25-018,106,4003.5655983550337,4004.081864918726,cruise,True,False,True,True,True,10.3269855692578
K25-018,107,4004.081864918726,4004.6964497186286,cruise,True,False,True,True,True,10.261135658176755
K25-018,108,4004.6964497186286,4005.3110345185314,cruise,True,False,True,True,True,10.195775917791735
K25-018,109,4005.3110345185314,4006.441885882141,cruise,True,False,True,True,True,10.07676925775398
K25-018,110,4006.441885882141,4007.5727372457504,cruise,True,False,True,True,True,9.95935472447583
K25-018,111,4007.5727372457504,4008.1184895058996,cruise,True,False,True,True,True,9.903247328419639
K25-018,112,4008.1184895058996,4008.6642417660487,cruise,True,False,True,True,True,9.847496490746607
K25-018,113,4008.6642417660487,4009.249340869509,cruise,True,False,True,True,True,9.788117187144152
K25-018,114,4009.249340869509,4009.8344399729694,cruise,True,False,True,True,True,9.729137197034063
K25-018,115,4009.8344399729694,4010.9652913365644,cruise,True,False,True,True,True,9.616255685828108
K25-018,116,4010.9652913365644,4012.0961427001594,cruise,True,False,True,True,True,9.504809113291259
K25-018,117,4012.0961427001594,4012.6713806569996,cruise,True,False,True,True,True,9.448657918867141
K25-018,118,4012.6713806569996,4013.24661861384,cruise,True,False,True,True,True,9.392864194286815
K25-018,119,4013.24661861384,4013.8022320206237,cruise,True,False,True,True,True,9.339309079837477
K25-018,120,4013.8022320206237,4014.3578454274075,cruise,True,False,True,True,True,9.286079313661745
K25-018,121,4014.3578454274075,4015.4886967910024,cruise,True,False,True,True,True,9.17872854699317
K25-018,122,4015.4886967910024,4016.6195481545974,cruise,True,False,True,True,True,9.072677519364177
K25-018,123,4016.6195481545974,4017.22427180788,cruise,True,False,True,True,True,9.016489266706941
K25-018,124,4017.22427180788,4017.828995461163,cruise,True,False,True,True,True,8.960659260095568
K25-018,125,4017.828995461163,4018.355123171475,cruise,True,False,True,True,True,8.912373404147175
K25-018,126,4018.355123171475,4018.8812508817873,cruise,True,False,True,True,True,8.86435240027977
K25-018,127,4018.8812508817873,4020.0121022454114,cruise,True,False,True,True,True,8.76201980829984
K25-018,128,4020.0121022454114,4021.1429536090354,cruise,True,False,True,True,True,8.660869859043032
K25-018,129,4021.1429536090354,4021.7771629587605,cruise,True,False,True,True,True,8.604650026812777
K25-018,130,4021.7771629587605,4022.4113723084856,cruise,True,False,True,True,True,8.54878910638675
K25-018,131,4022.4113723084856,4022.9080143223555,cruise,True,False,True,True,True,8.50529271162496
K25-018,132,4022.9080143223555,4023.4046563362253,cruise,True,False,True,True,True,8.462011503492988
K25-018,133,4023.4046563362253,4024.5355076998203,cruise,True,False,True,True,True,8.364252103631344
K25-018,134,4024.5355076998203,4025.6663590634153,cruise,True,False,True,True,True,8.267573283218312
K25-018,135,4025.6663590634153,4026.330054109846,cruise,True,False,True,True,True,8.211326365852585
K25-018,136,4026.330054109846,4026.993749156277,cruise,True,False,True,True,True,8.155438934994578
K25-018,137,4026.993749156277,4027.46090547347,cruise,True,False,True,True,True,8.116314453696333
K25-018,138,4027.46090547347,4027.928061790663,cruise,True,False,True,True,True,8.077364269783828
K25-018,139,4027.928061790663,4029.058913154258,cruise,True,False,True,True,True,7.983789367064674
K25-018,140,4029.058913154258,4030.189764517853,cruise,True,False,True,True,True,7.891205563055024
K25-018,141,4030.189764517853,4030.882945260726,cruise,True,False,True,True,True,7.834935278653376
K25-018,142,4030.882945260726,4031.5761260035993,cruise,True,False,True,True,True,7.779024979816583
K25-018,143,4031.5761260035993,4032.0137966243356,cruise,True,False,True,True,True,7.743906859448003
K25-018,144,4032.0137966243356,4032.451467245072,cruise,True,False,True,True,True,7.708929308200069
K25-018,145,4032.451467245072,4033.5823186086814,cruise,True,False,True,True,True,7.619197446144241
K25-018,146,4033.5823186086814,4034.713169972291,cruise,True,False,True,True,True,7.530377810532315
K25-018,147,4034.713169972291,4035.4358364116065,cruise,True,False,True,True,True,7.474087258545808
K25-018,148,4035.4358364116065,4036.158502850922,cruise,True,False,True,True,True,7.418157127847778
K25-018,149,4036.158502850922,4036.5666877752014,cruise,True,False,True,True,True,7.386723571827034
K25-018,150,4036.5666877752014,4036.974872699481,cruise,True,False,True,True,True,7.355402736679423
K25-018,151,4036.974872699481,4038.105724063105,cruise,True,False,True,True,True,7.26921238504093
K25-018,152,4038.105724063105,4039.236575426729,cruise,True,False,True,True,True,7.183864392230063
K25-018,153,4039.236575426729,4039.9887275627216,cruise,True,False,True,True,True,7.127556174624345
K25-018,154,4039.9887275627216,4040.7408796987143,cruise,True,False,True,True,True,7.07160876064367
K25-018,155,4040.7408796987143,4041.1195789263165,cruise,True,False,True,True,True,7.04357504975053
K25-018,156,4041.1195789263165,4041.498278153919,cruise,True,False,True,True,True,7.0156310674184965
K25-018,157,4041.498278153919,4042.629129517514,cruise,True,False,True,True,True,6.932714664058366
K25-018,158,4042.629129517514,4043.7599808811087,cruise,True,False,True,True,True,6.850578443140037
K25-018,159,4043.7599808811087,4044.5416187135725,cruise,True,False,True,True,True,6.794254758463367
K25-018,160,4044.5416187135725,4045.323256546036,cruise,True,False,True,True,True,6.738292214443064
K25-018,161,4045.323256546036,4045.672470077196,cruise,True,False,True,True,True,6.713405249052073
K25-018,162,4045.672470077196,4046.021683608356,cruise,True,False,True,True,True,6.688589051002452
K25-018,163,4046.021683608356,4047.152534971951,cruise,True,False,True,True,True,6.6087081094205615
K25-018,164,4047.152534971951,4048.283386335546,cruise,True,False,True,True,True,6.52955178151322
K25-018,165,4048.283386335546,4049.094509864452,cruise,True,False,True,True,True,6.47321449856166
K25-018,166,4049.094509864452,4049.905633393358,cruise,True,False,True,True,True,6.4172386546098465
K25-018,167,4049.905633393358,4050.2253612280615,cruise,True,False,True,True,True,6.3952724608416815
K25-018,168,4050.2253612280615,4050.545089062765,cruise,True,False,True,True,True,6.373361435369077
K25-018,169,4050.545089062765,4051.6759404263744,cruise,True,False,True,True,True,6.296302498228087
K25-018,170,4051.6759404263744,4052.806791789984,cruise,True,False,True,True,True,6.219918313511414
K25-018,171,4052.806791789984,4053.647401015567,cruise,True,False,True,True,True,6.163569029551141
K25-018,172,4053.647401015567,4054.4880102411503,cruise,True,False,True,True,True,6.107581449754292
K25-018,173,4054.4880102411503,4054.778252379162,cruise,True,False,True,True,True,6.088333453087387
K25-018,174,4054.778252379162,4055.068494517174,cruise,True,False,True,True,True,6.069127841894385
K25-018,175,4055.068494517174,4056.199345880798,cruise,True,False,True,True,True,5.994699111698651
K25-018,176,4056.199345880798,4057.330197244422,cruise,True,False,True,True,True,5.920900227642662
K25-018,177,4057.330197244422,4058.2002921664475,cruise,True,False,True,True,True,5.864540314966462
K25-018,178,4058.2002921664475,4059.070387088473,cruise,True,False,True,True,True,5.808542342985945
K25-018,179,4059.070387088473,4059.3311435300425,cruise,True,False,True,True,True,5.79183025786763
K25-018,180,4059.3311435300425,4059.591899971612,cruise,True,False,True,True,True,5.775150143398307
K25-018,181,4059.591899971612,4060.722751335207,cruise,True,False,True,True,True,5.703178659389181
K25-018,182,4060.722751335207,4061.8536026988018,cruise,True,False,True,True,True,5.631796437193202
K25-018,183,4061.8536026988018,4062.7531833174157,cruise,True,False,True,True,True,5.575427080396878
K25-018,184,4062.7531833174157,4063.6527639360297,cruise,True,False,True,True,True,5.519419876002715
K25-018,185,4063.6527639360297,4063.88403468104,cruise,True,False,True,True,True,5.505079093837466
K25-018,186,4063.88403468104,4064.11530542605,cruise,True,False,True,True,True,5.490761865444
K25-018,187,4064.11530542605,4065.246156789645,cruise,True,False,True,True,True,5.4210911241073205
K25-018,188,4065.246156789645,4066.37700815324,cruise,True,False,True,True,True,5.351972846846579
K25-018,189,4066.37700815324,4067.3060744684135,cruise,True,False,True,True,True,5.295595073093054
K25-018,190,4067.3060744684135,4068.235140783587,cruise,True,False,True,True,True,5.239579641843292
K25-018,191,4068.235140783587,4068.4369258320085,cruise,True,False,True,True,True,5.2274610246403626
K25-018,192,4068.4369258320085,4068.6387108804297,cruise,True,False,True,True,True,5.215359235268721
K25-018,193,4068.6387108804297,4069.7695622440538,cruise,True,False,True,True,True,5.147847173786133
K25-018,194,4069.7695622440538,4070.900413607678,cruise,True,False,True,True,True,5.080854109935984
K25-018,195,4070.900413607678,4071.858965619294,cruise,True,False,True,True,True,5.024468813612003
K25-018,196,4071.858965619294,4072.81751763091,cruise,True,False,True,True,True,4.968446030987721
K25-018,197,4072.81751763091,4072.989816982889,cruise,True,False,True,True,True,4.95841403772657
K25-018,198,4072.989816982889,4073.1621163348677,cruise,True,False,True,True,True,4.9483935813444475
K25-018,199,4073.1621163348677,4074.2929676984772,cruise,True,False,True,True,True,4.882910859692117
K25-018,200,4074.2929676984772,4075.4238190620867,cruise,True,False,True,True,True,4.817916611453896
K25-018,201,4075.4238190620867,4076.411856770277,cruise,True,False,True,True,True,4.7615245743285755
K25-018,202,4076.411856770277,4077.3998944784676,cruise,True,False,True,True,True,4.705495205532571
K25-018,203,4077.3998944784676,4077.542708133887,cruise,True,False,True,True,True,4.697426293003019
K25-018,204,4077.542708133887,4077.6855217893067,cruise,True,False,True,True,True,4.6893648470628335
K25-018,205,4077.6855217893067,4078.8163731529016,cruise,True,False,True,True,True,4.625793377379466
K25-018,206,4078.8163731529016,4079.9472245164966,cruise,True,False,True,True,True,4.562682465062167
K25-018,207,4079.9472245164966,4080.964747921261,cruise,True,False,True,True,True,4.506284373021401
K25-018,208,4080.964747921261,4081.982271326025,cruise,True,False,True,True,True,4.4502490893138145
K25-018,209,4081.982271326025,4082.095599284885,cruise,True,False,True,True,True,4.444030340633134
K25-018,210,4082.095599284885,4082.2089272437447,cruise,True,False,True,True,True,4.4378160286904915
K25-018,211,4082.2089272437447,4083.3397786073397,cruise,True,False,True,True,True,4.376047710546757
K25-018,212,4083.3397786073397,4084.4706299709346,cruise,True,False,True,True,True,4.3147143538152335
K25-018,213,4084.4706299709346,4085.5176390721413,cruise,True,False,True,True,True,4.25831081067922
K25-018,214,4085.5176390721413,4086.564648173348,cruise,True,False,True,True,True,4.202270202965863
K25-018,215,4086.564648173348,4086.648490435736,cruise,True,False,True,True,True,4.1977981460760105
K25-018,216,4086.648490435736,4086.7323326981245,cruise,True,False,True,True,True,4.193328384419587
K25-018,217,4086.7323326981245,4087.8631840617486,cruise,True,False,True,True,True,4.133264012454703
K25-018,218,4087.8631840617486,4088.9940354253727,cruise,True,False,True,True,True,4.073611076544012
K25-018,219,4088.9940354253727,4090.070530223139,cruise,True,False,True,True,True,4.017202615593618
K25-018,220,4090.070530223139,4091.1470250209054,cruise,True,False,True,True,True,3.9611572056955424
K25-018,221,4091.1470250209054,4091.201381586734,cruise,True,False,True,True,True,3.9583367912541547
K25-018,222,4091.201381586734,4091.2557381525626,cruise,True,False,True,True,True,3.9555172900440994
K25-018,223,4091.2557381525626,4092.386589516172,cruise,True,False,True,True,True,3.8970656065666986
K25-018,224,4092.386589516172,4093.5174408797816,cruise,True,False,True,True,True,3.8390036874677236
K25-018,225,4093.5174408797816,4094.623421374122,cruise,True,False,True,True,True,3.7825907811418062
K25-018,226,4094.623421374122,4095.729401868462,cruise,True,False,True,True,True,3.7265410313084715
K25-018,227,4095.729401868462,4095.7542727377313,cruise,True,False,True,True,True,3.725284744815866
K25-018,228,4095.7542727377313,4095.7791436070006,cruise,True,False,True,True,True,3.7240286395745557
K25-018,229,4095.7791436070006,4096.909994970596,cruise,True,False,True,True,True,3.6671055097104954
K25-018,230,4096.909994970596,4098.040846334191,cruise,True,False,True,True,True,3.6105521369392193
K25-018,231,4098.040846334191,4099.171697697815,cruise,True,False,True,True,True,3.554363759581861
K25-018,232,4099.171697697815,4100.302549061439,cruise,True,False,True,True,True,3.4985357071706176
K25-018,233,4100.302549061439,4100.307163888612,cruise,True,False,True,True,True,3.498308613552993
K25-018,234,4100.307163888612,4100.311778715785,cruise,True,False,True,True,True,3.4980815258580975
K25-018,235,4100.311778715785,4101.438015252207,cruise,True,False,True,True,True,3.4428377469431837
K25-018,236,4101.438015252207,4102.564251788629,cruise,True,False,True,True,True,3.387942337383919
K25-018,237,4102.564251788629,4103.695103152224,cruise,True,False,True,True,True,3.333168114544094
K25-018,238,4103.695103152224,4104.825954515819,cruise,True,False,True,True,True,3.2787364014386355
K25-018,239,4104.825954515819,4104.86005503958,cruise,True,False,True,True,True,3.2771003025487886
K25-018,240,4104.86005503958,4104.894155563342,cruise,True,False,True,True,True,3.2754645111181446
K25-018,241,4104.894155563342,4105.9909064032045,cruise,True,False,True,True,True,3.2230169864462965
K25-018,242,4105.9909064032045,4107.087657243067,cruise,True,False,True,True,True,3.1708835916653015
K25-018,243,4107.087657243067,4108.218508606662,cruise,True,False,True,True,True,3.1174542326031798
K25-018,244,4108.218508606662,4109.349359970257,cruise,True,False,True,True,True,3.0643508547431964
K25-018,245,4109.349359970257,4109.412946190579,cruise,True,False,True,True,True,3.0613745240876824
K25-018,246,4109.412946190579,4109.4765324109,cruise,True,False,True,True,True,3.058399210884474
K25-018,247,4109.4765324109,4110.543797554188,cruise,True,False,True,True,True,3.0086111737691112
K25-018,248,4110.543797554188,4111.611062697476,cruise,True,False,True,True,True,2.959106331416365
K25-018,249,4111.611062697476,4112.7419140610855,cruise,True,False,True,True,True,2.9069575063059574
K25-018,250,4112.7419140610855,4113.872765424695,cruise,True,False,True,True,True,2.855119299766372
K25-018,251,4113.872765424695,4113.965837341459,cruise,True,False,True,True,True,2.850866605153101
K25-018,252,4113.965837341459,4114.058909258222,cruise,True,False,True,True,True,2.8466159876492156
K25-018,253,4114.058909258222,4115.096688705054,cruise,True,False,True,True,True,2.7993604469304216
K25-018,254,4115.096688705054,4116.134468151885,cruise,True,False,True,True,True,2.752360121831913
K25-018,255,4116.134468151885,4117.265319515494,cruise,True,False,True,True,True,2.7014320001001266
K25-018,256,4117.265319515494,4118.396170879104,cruise,True,False,True,True,True,2.6508001932967034
K25-018,257,4118.396170879104,4118.518728492441,cruise,True,False,True,True,True,2.645330551693789
K25-018,258,4118.518728492441,4118.641286105779,cruise,True,False,True,True,True,2.6398643458865365
K25-018,259,4118.641286105779,4119.649579856051,cruise,True,False,True,True,True,2.595023177695751
K25-018,260,4119.649579856051,4120.657873606323,cruise,True,False,True,True,True,2.5504118960570707
K25-018,261,4120.657873606323,4121.788724969918,cruise,True,False,True,True,True,2.500648737128344
K25-018,262,4121.788724969918,4122.919576333513,cruise,True,False,True,True,True,2.4511685535075856
K25-018,263,4122.919576333513,4123.071619643425,cruise,True,False,True,True,True,2.444537334515587
K25-018,264,4123.071619643425,4123.223662953337,cruise,True,False,True,True,True,2.4379111653175016
K25-018,265,4123.223662953337,4124.202471007049,cruise,True,False,True,True,True,2.3953743077373133
K25-018,266,4124.202471007049,4125.181279060761,cruise,True,False,True,True,True,2.353044388274782
K25-018,267,4125.181279060761,4126.312130424356,cruise,True,False,True,True,True,2.3043941777493018
K25-018,268,4126.312130424356,4127.442981787951,cruise,True,False,True,True,True,2.2560144823417545
K25-018,269,4127.442981787951,4127.624510794305,cruise,True,False,True,True,True,2.24827336699974
K25-018,270,4127.624510794305,4127.806039800659,cruise,True,False,True,True,True,2.240539132996787
K25-018,271,4127.806039800659,4128.114983647726,cruise,True,False,True,True,True,2.2273920426809326
K25-018,272,4128.114983647726,4128.423927494793,cruise,True,False,True,True,True,2.21426478860225
K25-018,273,4128.423927494793,4172.952232548504,descent,True,False,True,True,True,2.21426478860225
K25-018,274,4172.952232548504,4604.952232548504,handoff,True,False,True,True,True,2.2209209779533126
K25-018,275,4604.952232548504,4640.574876591473,return_climb,True,False,True,True,True,2.21426478860225
K25-018,276,4640.574876591473,4640.88382043854,return_cruise,True,False,True,True,True,2.21426478860225
K25-018,277,4640.88382043854,4641.192764285607,return_cruise,True,False,True,True,True,2.2273920426809326
K25-018,278,4641.192764285607,4641.374293291961,return_cruise,True,False,True,True,True,2.240539132996787
K25-018,279,4641.374293291961,4641.555822298315,return_cruise,True,False,True,True,True,2.24827336699974
K25-018,280,4641.555822298315,4642.68667366191,return_cruise,True,False,True,True,True,2.2560144823417545
K25-018,281,4642.68667366191,4643.817525025505,return_cruise,True,False,True,True,True,2.3043941777493018
K25-018,282,4643.817525025505,4644.796333079217,return_cruise,True,False,True,True,True,2.353044388274782
K25-018,283,4644.796333079217,4645.775141132929,return_cruise,True,False,True,True,True,2.3953743077373133
K25-018,284,4645.775141132929,4645.927184442841,return_cruise,True,False,True,True,True,2.4379111653175016
K25-018,285,4645.927184442841,4646.0792277527535,return_cruise,True,False,True,True,True,2.444537334515587
K25-018,286,4646.0792277527535,4647.210079116348,return_cruise,True,False,True,True,True,2.4511685535075856
K25-018,287,4647.210079116348,4648.340930479943,return_cruise,True,False,True,True,True,2.500648737128344
K25-018,288,4648.340930479943,4649.349224230215,return_cruise,True,False,True,True,True,2.5504118960570707
K25-018,289,4649.349224230215,4650.3575179804875,return_cruise,True,False,True,True,True,2.595023177695751
K25-018,290,4650.3575179804875,4650.480075593825,return_cruise,True,False,True,True,True,2.6398643458865365
K25-018,291,4650.480075593825,4650.602633207162,return_cruise,True,False,True,True,True,2.645330551693789
K25-018,292,4650.602633207162,4651.733484570772,return_cruise,True,False,True,True,True,2.6508001932967034
K25-018,293,4651.733484570772,4652.864335934381,return_cruise,True,False,True,True,True,2.7014320001013914
K25-018,294,4652.864335934381,4653.902115381213,return_cruise,True,False,True,True,True,2.752360121831913
K25-018,295,4653.902115381213,4654.939894828044,return_cruise,True,False,True,True,True,2.7993604469304216
K25-018,296,4654.939894828044,4655.032966744808,return_cruise,True,False,True,True,True,2.8466159876492156
K25-018,297,4655.032966744808,4655.126038661571,return_cruise,True,False,True,True,True,2.850866605153101
K25-018,298,4655.126038661571,4656.256890025181,return_cruise,True,False,True,True,True,2.855119299766372
K25-018,299,4656.256890025181,4657.38774138879,return_cruise,True,False,True,True,True,2.906957506304664
K25-018,300,4657.38774138879,4658.455006532078,return_cruise,True,False,True,True,True,2.959106331416365
K25-018,301,4658.455006532078,4659.522271675366,return_cruise,True,False,True,True,True,3.0086111737691112
K25-018,302,4659.522271675366,4659.585857895688,return_cruise,True,False,True,True,True,3.058399210884474
K25-018,303,4659.585857895688,4659.649444116009,return_cruise,True,False,True,True,True,3.0613745240876824
K25-018,304,4659.649444116009,4660.780295479604,return_cruise,True,False,True,True,True,3.0643508547431964
K25-018,305,4660.780295479604,4661.911146843199,return_cruise,True,False,True,True,True,3.1174542326031798
K25-018,306,4661.911146843199,4663.007897683062,return_cruise,True,False,True,True,True,3.1708835916653015
K25-018,307,4663.007897683062,4664.104648522924,return_cruise,True,False,True,True,True,3.2230169864462965
K25-018,308,4664.104648522924,4664.138749046686,return_cruise,True,False,True,True,True,3.2754645111181446
K25-018,309,4664.138749046686,4664.172849570447,return_cruise,True,False,True,True,True,3.2771003025487886
K25-018,310,4664.172849570447,4665.303700934042,return_cruise,True,False,True,True,True,3.2787364014386355
K25-018,311,4665.303700934042,4666.434552297637,return_cruise,True,False,True,True,True,3.333168114544094
K25-018,312,4666.434552297637,4667.560788834059,return_cruise,True,False,True,True,True,3.387942337383919
K25-018,313,4667.560788834059,4668.687025370481,return_cruise,True,False,True,True,True,3.4428377469431837
K25-018,314,4668.687025370481,4668.691640197654,return_cruise,True,False,True,True,True,3.4980815258580975
K25-018,315,4668.691640197654,4668.696255024827,return_cruise,True,False,True,True,True,3.498308613552993
K25-018,316,4668.696255024827,4669.827106388451,return_cruise,True,False,True,True,True,3.4985357071706176
K25-018,317,4669.827106388451,4670.957957752075,return_cruise,True,False,True,True,True,3.554363759581861
K25-018,318,4670.957957752075,4672.08880911567,return_cruise,True,False,True,True,True,3.6105521369392193
K25-018,319,4672.08880911567,4673.219660479265,return_cruise,True,False,True,True,True,3.6671055097104954
K25-018,320,4673.219660479265,4673.244531348534,return_cruise,True,False,True,True,True,3.7240286395745557
K25-018,321,4673.244531348534,4673.269402217803,return_cruise,True,False,True,True,True,3.725284744815866
K25-018,322,4673.269402217803,4674.375382712144,return_cruise,True,False,True,True,True,3.7265410313084715
K25-018,323,4674.375382712144,4675.481363206484,return_cruise,True,False,True,True,True,3.7825907811418062
K25-018,324,4675.481363206484,4676.612214570094,return_cruise,True,False,True,True,True,3.8390036874677236
K25-018,325,4676.612214570094,4677.743065933703,return_cruise,True,False,True,True,True,3.8970656065681624
K25-018,326,4677.743065933703,4677.797422499532,return_cruise,True,False,True,True,True,3.9555172900440994
K25-018,327,4677.797422499532,4677.851779065361,return_cruise,True,False,True,True,True,3.9583367912541547
K25-018,328,4677.851779065361,4678.928273863127,return_cruise,True,False,True,True,True,3.9611572056955424
K25-018,329,4678.928273863127,4680.004768660893,return_cruise,True,False,True,True,True,4.017202615593618
K25-018,330,4680.004768660893,4681.135620024517,return_cruise,True,False,True,True,True,4.073611076544012
K25-018,331,4681.135620024517,4682.266471388141,return_cruise,True,False,True,True,True,4.133264012454703
K25-018,332,4682.266471388141,4682.35031365053,return_cruise,True,False,True,True,True,4.193328384419587
K25-018,333,4682.35031365053,4682.434155912918,return_cruise,True,False,True,True,True,4.1977981460760105
K25-018,334,4682.434155912918,4683.481165014125,return_cruise,True,False,True,True,True,4.202270202965863
K25-018,335,4683.481165014125,4684.528174115331,return_cruise,True,False,True,True,True,4.25831081067922
K25-018,336,4684.528174115331,4685.659025478926,return_cruise,True,False,True,True,True,4.3147143538152335
K25-018,337,4685.659025478926,4686.789876842521,return_cruise,True,False,True,True,True,4.376047710546757
K25-018,338,4686.789876842521,4686.9032048013805,return_cruise,True,False,True,True,True,4.4378160286904915
K25-018,339,4686.9032048013805,4687.01653276024,return_cruise,True,False,True,True,True,4.444030340633134
K25-018,340,4687.01653276024,4688.034056165005,return_cruise,True,False,True,True,True,4.4502490893138145
K25-018,341,4688.034056165005,4689.051579569769,return_cruise,True,False,True,True,True,4.506284373021401
K25-018,342,4689.051579569769,4690.182430933364,return_cruise,True,False,True,True,True,4.562682465062167
K25-018,343,4690.182430933364,4691.313282296959,return_cruise,True,False,True,True,True,4.625793377379466
K25-018,344,4691.313282296959,4691.456095952379,return_cruise,True,False,True,True,True,4.6893648470628335
K25-018,345,4691.456095952379,4691.598909607798,return_cruise,True,False,True,True,True,4.697426293003019
K25-018,346,4691.598909607798,4692.586947315988,return_cruise,True,False,True,True,True,4.705495205532571
K25-018,347,4692.586947315988,4693.574985024178,return_cruise,True,False,True,True,True,4.7615245743285755
K25-018,348,4693.574985024178,4694.705836387788,return_cruise,True,False,True,True,True,4.817916611453896
K25-018,349,4694.705836387788,4695.836687751397,return_cruise,True,False,True,True,True,4.882910859692117
K25-018,350,4695.836687751397,4696.008987103376,return_cruise,True,False,True,True,True,4.9483935813444475
K25-018,351,4696.008987103376,4696.181286455355,return_cruise,True,False,True,True,True,4.95841403772657
K25-018,352,4696.181286455355,4697.139838466971,return_cruise,True,False,True,True,True,4.968446030987721
K25-018,353,4697.139838466971,4698.098390478587,return_cruise,True,False,True,True,True,5.024468813612003
K25-018,354,4698.098390478587,4699.229241842211,return_cruise,True,False,True,True,True,5.080854109935984
K25-018,355,4699.229241842211,4700.360093205835,return_cruise,True,False,True,True,True,5.147847173786133
K25-018,356,4700.360093205835,4700.561878254257,return_cruise,True,False,True,True,True,5.215359235268721
K25-018,357,4700.561878254257,4700.763663302679,return_cruise,True,False,True,True,True,5.2274610246403626
K25-018,358,4700.763663302679,4701.692729617853,return_cruise,True,False,True,True,True,5.239579641843292
K25-018,359,4701.692729617853,4702.621795933027,return_cruise,True,False,True,True,True,5.295595073093054
K25-018,360,4702.621795933027,4703.752647296622,return_cruise,True,False,True,True,True,5.351972846846579
K25-018,361,4703.752647296622,4704.883498660217,return_cruise,True,False,True,True,True,5.4210911241073205
K25-018,362,4704.883498660217,4705.114769405227,return_cruise,True,False,True,True,True,5.490761865444
K25-018,363,4705.114769405227,4705.346040150237,return_cruise,True,False,True,True,True,5.505079093837466
K25-018,364,4705.346040150237,4706.245620768851,return_cruise,True,False,True,True,True,5.519419876002715
K25-018,365,4706.245620768851,4707.145201387465,return_cruise,True,False,True,True,True,5.575427080396878
K25-018,366,4707.145201387465,4708.27605275106,return_cruise,True,False,True,True,True,5.631796437193202
K25-018,367,4708.27605275106,4709.406904114655,return_cruise,True,False,True,True,True,5.703178659389181
K25-018,368,4709.406904114655,4709.667660556224,return_cruise,True,False,True,True,True,5.775150143398307
K25-018,369,4709.667660556224,4709.928416997794,return_cruise,True,False,True,True,True,5.79183025786763
K25-018,370,4709.928416997794,4710.798511919819,return_cruise,True,False,True,True,True,5.808542342985945
K25-018,371,4710.798511919819,4711.668606841845,return_cruise,True,False,True,True,True,5.864540314966462
K25-018,372,4711.668606841845,4712.799458205469,return_cruise,True,False,True,True,True,5.920900227642662
K25-018,373,4712.799458205469,4713.930309569093,return_cruise,True,False,True,True,True,5.994699111698651
K25-018,374,4713.930309569093,4714.220551707105,return_cruise,True,False,True,True,True,6.069127841894385
K25-018,375,4714.220551707105,4714.510793845117,return_cruise,True,False,True,True,True,6.088333453087387
K25-018,376,4714.510793845117,4715.3514030707,return_cruise,True,False,True,True,True,6.107581449754292
K25-018,377,4715.3514030707,4716.192012296283,return_cruise,True,False,True,True,True,6.163569029551141
K25-018,378,4716.192012296283,4717.322863659892,return_cruise,True,False,True,True,True,6.219918313511414
K25-018,379,4717.322863659892,4718.453715023502,return_cruise,True,False,True,True,True,6.296302498228087
K25-018,380,4718.453715023502,4718.773442858205,return_cruise,True,False,True,True,True,6.373361435369077
K25-018,381,4718.773442858205,4719.093170692909,return_cruise,True,False,True,True,True,6.3952724608416815
K25-018,382,4719.093170692909,4719.904294221815,return_cruise,True,False,True,True,True,6.4172386546098465
K25-018,383,4719.904294221815,4720.715417750721,return_cruise,True,False,True,True,True,6.47321449856166
K25-018,384,4720.715417750721,4721.846269114316,return_cruise,True,False,True,True,True,6.52955178151322
K25-018,385,4721.846269114316,4722.977120477911,return_cruise,True,False,True,True,True,6.6087081094205615
K25-018,386,4722.977120477911,4723.326334009071,return_cruise,True,False,True,True,True,6.688589051002452
K25-018,387,4723.326334009071,4723.675547540231,return_cruise,True,False,True,True,True,6.713405249052073
K25-018,388,4723.675547540231,4724.457185372695,return_cruise,True,False,True,True,True,6.738292214443064
K25-018,389,4724.457185372695,4725.238823205159,return_cruise,True,False,True,True,True,6.794254758463367
K25-018,390,4725.238823205159,4726.369674568754,return_cruise,True,False,True,True,True,6.850578443140037
K25-018,391,4726.369674568754,4727.500525932349,return_cruise,True,False,True,True,True,6.932714664058366
K25-018,392,4727.500525932349,4727.879225159952,return_cruise,True,False,True,True,True,7.0156310674184965
K25-018,393,4727.879225159952,4728.257924387554,return_cruise,True,False,True,True,True,7.04357504975053
K25-018,394,4728.257924387554,4729.010076523547,return_cruise,True,False,True,True,True,7.07160876064367
K25-018,395,4729.010076523547,4729.762228659539,return_cruise,True,False,True,True,True,7.127556174624345
K25-018,396,4729.762228659539,4730.893080023163,return_cruise,True,False,True,True,True,7.183864392230063
K25-018,397,4730.893080023163,4732.023931386787,return_cruise,True,False,True,True,True,7.26921238504093
K25-018,398,4732.023931386787,4732.432116311066,return_cruise,True,False,True,True,True,7.355402736679423
K25-018,399,4732.432116311066,4732.840301235346,return_cruise,True,False,True,True,True,7.386723571827034
K25-018,400,4732.840301235346,4733.562967674661,return_cruise,True,False,True,True,True,7.418157127847778
K25-018,401,4733.562967674661,4734.285634113977,return_cruise,True,False,True,True,True,7.474087258545808
K25-018,402,4734.285634113977,4735.416485477586,return_cruise,True,False,True,True,True,7.530377810532315
K25-018,403,4735.416485477586,4736.547336841196,return_cruise,True,False,True,True,True,7.619197446144241
K25-018,404,4736.547336841196,4736.985007461932,return_cruise,True,False,True,True,True,7.708929308200069
K25-018,405,4736.985007461932,4737.4226780826675,return_cruise,True,False,True,True,True,7.743906859448003
K25-018,406,4737.4226780826675,4738.115858825541,return_cruise,True,False,True,True,True,7.779024979816583
K25-018,407,4738.115858825541,4738.809039568415,return_cruise,True,False,True,True,True,7.834935278653376
K25-018,408,4738.809039568415,4739.93989093201,return_cruise,True,False,True,True,True,7.891205563055024
K25-018,409,4739.93989093201,4741.070742295605,return_cruise,True,False,True,True,True,7.983789367064674
K25-018,410,4741.070742295605,4741.537898612798,return_cruise,True,False,True,True,True,8.077364269783828
K25-018,411,4741.537898612798,4742.005054929991,return_cruise,True,False,True,True,True,8.116314453696333
K25-018,412,4742.005054929991,4742.668749976422,return_cruise,True,False,True,True,True,8.155438934994578
K25-018,413,4742.668749976422,4743.332445022853,return_cruise,True,False,True,True,True,8.211326365852585
K25-018,414,4743.332445022853,4744.463296386448,return_cruise,True,False,True,True,True,8.267573283218312
K25-018,415,4744.463296386448,4745.594147750043,return_cruise,True,False,True,True,True,8.364252103631344
K25-018,416,4745.594147750043,4746.090789763913,return_cruise,True,False,True,True,True,8.462011503492988
K25-018,417,4746.090789763913,4746.5874317777825,return_cruise,True,False,True,True,True,8.50529271162496
K25-018,418,4746.5874317777825,4747.221641127508,return_cruise,True,False,True,True,True,8.54878910638675
K25-018,419,4747.221641127508,4747.855850477233,return_cruise,True,False,True,True,True,8.604650026812777
K25-018,420,4747.855850477233,4748.986701840857,return_cruise,True,False,True,True,True,8.660869859043032
K25-018,421,4748.986701840857,4750.117553204481,return_cruise,True,False,True,True,True,8.76201980829984
K25-018,422,4750.117553204481,4750.643680914793,return_cruise,True,False,True,True,True,8.86435240027977
K25-018,423,4750.643680914793,4751.169808625104,return_cruise,True,False,True,True,True,8.912373404147175
K25-018,424,4751.169808625104,4751.774532278388,return_cruise,True,False,True,True,True,8.960659260095568
K25-018,425,4751.774532278388,4752.379255931671,return_cruise,True,False,True,True,True,9.016489266706941
K25-018,426,4752.379255931671,4753.510107295266,return_cruise,True,False,True,True,True,9.072677519364177
K25-018,427,4753.510107295266,4754.640958658861,return_cruise,True,False,True,True,True,9.17872854699317
K25-018,428,4754.640958658861,4755.196572065644,return_cruise,True,False,True,True,True,9.286079313661745
K25-018,429,4755.196572065644,4755.752185472428,return_cruise,True,False,True,True,True,9.339309079837477
K25-018,430,4755.752185472428,4756.3274234292685,return_cruise,True,False,True,True,True,9.392864194286815
K25-018,431,4756.3274234292685,4756.902661386109,return_cruise,True,False,True,True,True,9.448657918867141
K25-018,432,4756.902661386109,4758.033512749704,return_cruise,True,False,True,True,True,9.504809113291259
K25-018,433,4758.033512749704,4759.164364113299,return_cruise,True,False,True,True,True,9.616255685828108
K25-018,434,4759.164364113299,4759.749463216759,return_cruise,True,False,True,True,True,9.729137197034063
K25-018,435,4759.749463216759,4760.334562320219,return_cruise,True,False,True,True,True,9.788117187144152
K25-018,436,4760.334562320219,4760.880314580369,return_cruise,True,False,True,True,True,9.847496490746607
K25-018,437,4760.880314580369,4761.426066840518,return_cruise,True,False,True,True,True,9.903247328419639
K25-018,438,4761.426066840518,4762.556918204127,return_cruise,True,False,True,True,True,9.95935472447583
K25-018,439,4762.556918204127,4763.687769567737,return_cruise,True,False,True,True,True,10.07676925775398
K25-018,440,4763.687769567737,4764.30235436764,return_cruise,True,False,True,True,True,10.195775917791735
K25-018,441,4764.30235436764,4764.916939167543,return_cruise,True,False,True,True,True,10.261135658176755
K25-018,442,4764.916939167543,4765.433205731236,return_cruise,True,False,True,True,True,10.3269855692578
K25-018,443,4765.433205731236,4765.9494722949285,return_cruise,True,False,True,True,True,10.382685310772032
K25-018,444,4765.9494722949285,4767.0803236585525,return_cruise,True,False,True,True,True,10.438740531972655
K25-018,445,4767.0803236585525,4768.211175022177,return_cruise,True,False,True,True,True,10.56279045957558
K25-018,446,4768.211175022177,4768.855245518522,return_cruise,True,False,True,True,True,10.688616660017743
K25-018,447,4768.855245518522,4769.499316014867,return_cruise,True,False,True,True,True,10.761093665901456
K25-018,448,4769.499316014867,4769.986096882117,return_cruise,True,False,True,True,True,10.834173082770775
K25-018,449,4769.986096882117,4770.4728777493665,return_cruise,True,False,True,True,True,10.889811409404501
K25-018,450,4770.4728777493665,4771.603729112961,return_cruise,True,False,True,True,True,10.945803927899007
K25-018,451,4771.603729112961,4772.734580476556,return_cruise,True,False,True,True,True,11.077273632478907
K25-018,452,4772.734580476556,4773.408136669607,return_cruise,True,False,True,True,True,11.210737144983128
K25-018,453,4773.408136669607,4774.081692862658,return_cruise,True,False,True,True,True,11.29120271907074
K25-018,454,4774.081692862658,4774.538988033231,return_cruise,True,False,True,True,True,11.372410292660007
K25-018,455,4774.538988033231,4774.9962832038045,return_cruise,True,False,True,True,True,11.427974070782057
K25-018,456,4774.9962832038045,4776.1271345673995,return_cruise,True,False,True,True,True,11.483890488361212
K25-018,457,4776.1271345673995,4777.257985930994,return_cruise,True,False,True,True,True,11.62370982204375
K25-018,458,4777.257985930994,4777.961027820488,return_cruise,True,False,True,True,True,11.765782315389544
K25-018,459,4777.961027820488,4778.664069709982,return_cruise,True,False,True,True,True,11.855275382864676
K25-018,460,4778.664069709982,4779.091879184099,return_cruise,True,False,True,True,True,11.9456854155912
K25-018,461,4779.091879184099,4779.519688658214,return_cruise,True,False,True,True,True,12.001157693061387
K25-018,462,4779.519688658214,4780.650540021824,return_cruise,True,False,True,True,True,12.056980718236147
K25-018,463,4780.650540021824,4781.781391385433,return_cruise,True,False,True,True,True,12.206262576469044
K25-018,464,4781.781391385433,4782.513918971369,return_cruise,True,False,True,True,True,12.358109957832255
K25-018,465,4782.513918971369,4783.246446557305,return_cruise,True,False,True,True,True,12.457882060165971
K25-018,466,4783.246446557305,4783.644770334964,return_cruise,True,False,True,True,True,12.558792435012137
K25-018,467,4783.644770334964,4784.043094112623,return_cruise,True,False,True,True,True,12.614150982818572
K25-018,468,4784.043094112623,4785.173945476247,return_cruise,True,False,True,True,True,12.669857944683173
K25-018,469,4785.173945476247,4786.304796839871,return_cruise,True,False,True,True,True,12.829948463734937
K25-018,470,4786.304796839871,4787.066810122484,return_cruise,True,False,True,True,True,12.992984970038847
K25-018,471,4787.066810122484,4787.828823405096,return_cruise,True,False,True,True,True,13.104560997678448
K25-018,472,4787.828823405096,4788.197661486079,return_cruise,True,False,True,True,True,13.21755815461384
K25-018,473,4788.197661486079,4788.566499567061,return_cruise,True,False,True,True,True,13.272773297955155
K25-018,474,4788.566499567061,4789.697350930656,return_cruise,True,False,True,True,True,13.328333936512834
K25-018,475,4789.697350930656,4790.828202294251,return_cruise,True,False,True,True,True,13.50088056288753
K25-018,476,4790.828202294251,4791.6197012733355,return_cruise,True,False,True,True,True,13.676842393762044
K25-018,477,4791.6197012733355,4792.41120025242,return_cruise,True,False,True,True,True,13.802103882498244
K25-018,478,4792.41120025242,4792.75055263696,return_cruise,True,False,True,True,True,13.929152355340932
K25-018,479,4792.75055263696,4793.089905021499,return_cruise,True,False,True,True,True,13.984183661395917
K25-018,480,4793.089905021499,4794.220756385094,return_cruise,True,False,True,True,True,14.039556753929801
K25-018,481,4794.220756385094,4795.351607748689,return_cruise,True,False,True,True,True,14.226602003874746
K25-018,482,4795.351607748689,4796.1725924242155,return_cruise,True,False,True,True,True,14.41764914830648
K25-018,483,4796.1725924242155,4796.993577099742,return_cruise,True,False,True,True,True,14.558950453029212
K25-018,484,4796.993577099742,4797.303443787825,return_cruise,True,False,True,True,True,14.702518373345498
K25-018,485,4797.303443787825,4797.613310475908,return_cruise,True,False,True,True,True,14.757309438670447
K25-018,486,4797.613310475908,4798.744161839518,return_cruise,True,False,True,True,True,14.812437491922495
K25-018,487,4798.744161839518,4799.875013203127,return_cruise,True,False,True,True,True,15.016550160642126
K25-018,488,4799.875013203127,4800.72548357533,return_cruise,True,False,True,True,True,15.225409449526168
K25-018,489,4800.72548357533,4801.575953947533,return_cruise,True,False,True,True,True,15.385742536829184
K25-018,490,4801.575953947533,4801.856334938925,return_cruise,True,False,True,True,True,15.548980577890234
K25-018,491,4801.856334938925,4802.136715930317,return_cruise,True,False,True,True,True,15.60345053830369
K25-018,492,4802.136715930317,4803.267567293927,return_cruise,True,False,True,True,True,15.658251147070914
K25-018,493,4803.267567293927,4804.398418657536,return_cruise,True,False,True,True,True,15.882712675012456
K25-018,494,4804.398418657536,4805.2783747261965,return_cruise,True,False,True,True,True,16.112881639118598
K25-018,495,4805.2783747261965,4806.158330794857,return_cruise,True,False,True,True,True,16.29611351710429
K25-018,496,4806.158330794857,4806.409226089806,return_cruise,True,False,True,True,True,16.483113954901214
K25-018,497,4806.409226089806,4806.660121384755,return_cruise,True,False,True,True,True,16.53714310027786
K25-018,498,4806.660121384755,4807.79097274835,return_cruise,True,False,True,True,True,16.591494312741602
K25-018,499,4807.79097274835,4808.921824111945,return_cruise,True,False,True,True,True,16.840566441644455
K25-018,500,4808.921824111945,4809.831265877179,return_cruise,True,False,True,True,True,17.096606537115576
K25-018,501,4809.831265877179,4810.740707642413,return_cruise,True,False,True,True,True,17.307825011361956
K25-018,502,4810.740707642413,4810.962117240803,return_cruise,True,False,True,True,True,17.524000220810322
K25-018,503,4810.962117240803,4811.183526839193,return_cruise,True,False,True,True,True,17.577404483093275
K25-018,504,4811.183526839193,4812.314378202788,return_cruise,True,False,True,True,True,17.631118864711112
K25-018,505,4812.314378202788,4813.445229566383,return_cruise,True,False,True,True,True,17.910428203474282
K25-018,506,4813.445229566383,4814.384157028177,return_cruise,True,False,True,True,True,18.198384745567097
K25-018,507,4814.384157028177,4815.32308448997,return_cruise,True,False,True,True,True,18.444400232664634
K25-018,508,4815.32308448997,4815.5150083917715,return_cruise,True,False,True,True,True,18.69703112066219
K25-018,509,4815.5150083917715,4815.706932293573,return_cruise,True,False,True,True,True,18.749514390028992
K25-018,510,4815.706932293573,4816.837783657197,return_cruise,True,False,True,True,True,18.802290592275597
K25-018,511,4816.837783657197,4817.968635020821,return_cruise,True,False,True,True,True,19.11936521983536
K25-018,512,4817.968635020821,4818.9370481790575,return_cruise,True,False,True,True,True,19.447343190206695
K25-018,513,4818.9370481790575,4819.905461337294,return_cruise,True,False,True,True,True,19.737385205628357
K25-018,514,4819.905461337294,4820.067899542652,return_cruise,True,False,True,True,True,20.036368540267915
K25-018,515,4820.067899542652,4820.230337748011,return_cruise,True,False,True,True,True,20.08742806505026
K25-018,516,4820.230337748011,4821.361189111621,return_cruise,True,False,True,True,True,20.138754876011262
K25-018,517,4821.361189111621,4822.49204047523,return_cruise,True,False,True,True,True,20.503682898184167
K25-018,518,4822.49204047523,4823.48993933004,return_cruise,True,False,True,True,True,20.882502268859383
K25-018,519,4823.48993933004,4824.48783818485,return_cruise,True,False,True,True,True,21.22900977909201
K25-018,520,4824.48783818485,4824.62079069365,return_cruise,True,False,True,True,True,21.587621980781208
K25-018,521,4824.62079069365,4824.753743202449,return_cruise,True,False,True,True,True,21.636348293413306
K25-018,522,4824.753743202449,4825.884594566044,return_cruise,True,False,True,True,True,21.68530215131706
K25-018,523,4825.884594566044,4827.015445929639,return_cruise,True,False,True,True,True,22.11109863941246
K25-018,524,4827.015445929639,4828.042830481023,return_cruise,True,False,True,True,True,22.55437747244312
K25-018,525,4828.042830481023,4829.070215032407,return_cruise,True,False,True,True,True,22.97298378640356
K25-018,526,4829.070215032407,4829.173681844647,return_cruise,True,False,True,True,True,23.407307173506666
K25-018,527,4829.173681844647,4829.277148656887,return_cruise,True,False,True,True,True,23.45193712405478
K25-018,528,4829.277148656887,4830.408000020482,return_cruise,True,False,True,True,True,23.496731450805584
K25-018,529,4830.408000020482,4831.538851384077,return_cruise,True,False,True,True,True,23.997105022055266
K25-018,530,4831.538851384077,4832.595721631904,return_cruise,True,False,True,True,True,24.517310356462204
K25-018,531,4832.595721631904,4833.652591879731,return_cruise,True,False,True,True,True,25.021074075363558
K25-018,532,4833.652591879731,4833.726572995499,return_cruise,True,False,True,True,True,25.540794565839505
K25-018,533,4833.726572995499,4833.800554111267,return_cruise,True,False,True,True,True,25.57772735751206
K25-018,534,4833.800554111267,4834.931405474891,return_cruise,True,False,True,True,True,25.61472795513434
K25-018,535,4834.931405474891,4836.062256838515,return_cruise,True,False,True,True,True,26.187954447477225
K25-018,536,4836.062256838515,4837.148612782901,return_cruise,True,False,True,True,True,26.77191134651089
K25-018,537,4837.148612782901,4838.234968727287,return_cruise,True,False,True,True,True,27.3359365160194
K25-018,538,4838.234968727287,4838.279464146496,return_cruise,True,False,True,True,True,27.892637314212095
K25-018,539,4838.279464146496,4838.323959565705,return_cruise,True,False,True,True,True,27.915089108754543
K25-018,540,4838.323959565705,4839.454810929315,return_cruise,True,False,True,True,True,27.937503828684015
K25-018,541,4839.454810929315,4840.585662292924,return_cruise,True,False,True,True,True,28.490839060973485
K25-018,542,4840.585662292924,4841.701503933885,return_cruise,True,False,True,True,True,28.996496577668893
K25-018,543,4841.701503933885,4842.817345574846,return_cruise,True,False,True,True,True,29.421572052712207
K25-018,544,4842.817345574846,4842.832355297495,return_cruise,True,False,True,True,True,29.743728344586756
K25-018,545,4842.832355297495,4842.847365020145,return_cruise,True,False,True,True,True,29.747229068304677
K25-018,546,4842.847365020145,4843.826456130756,return_cruise,True,False,True,True,True,29.75070605559381
K25-018,547,4843.826456130756,4844.805547241367,return_cruise,True,False,True,True,True,29.92362584195382
K25-018,548,4844.805547241367,4917.483852295078,return_descent,True,False,True,True,True,29.982830377148545
K25-023,0,4816.299718479484,4924.5153849833905,climb,True,False,True,True,True,23.968262608738186
K25-023,1,4924.5153849833905,4925.410997872891,cruise,True,False,True,True,True,23.955793579493374
K25-023,2,4925.410997872891,4926.306610762392,cruise,True,False,True,True,True,23.918599862438654
K25-023,3,4926.306610762392,4927.341044684201,cruise,True,False,True,True,True,23.845712590674523
K25-023,4,4927.341044684201,4928.37547860601,cruise,True,False,True,True,True,23.74228602982923
K25-023,5,4928.37547860601,4929.409912527819,cruise,True,False,True,True,True,23.61047528280035
K25-023,6,4929.409912527819,4930.444346449628,cruise,True,False,True,True,True,23.452858591525114
K25-023,7,4930.444346449628,4931.478780371423,cruise,True,False,True,True,True,23.272286610578902
K25-023,8,4931.478780371423,4932.513214293219,cruise,True,False,True,True,True,23.071737007822676
K25-023,9,4932.513214293219,4932.765506180864,cruise,True,False,True,True,True,23.020133153604334
K25-023,10,4932.765506180864,4933.0177980685085,cruise,True,False,True,True,True,22.967561071913366
K25-023,11,4933.0177980685085,4933.799940102686,cruise,True,False,True,True,True,22.79887799178219
K25-023,12,4933.799940102686,4934.582082136864,cruise,True,False,True,True,True,22.622508487294652
K25-023,13,4934.582082136864,4935.61651605866,cruise,True,False,True,True,True,22.379396204804266
K25-023,14,4935.61651605866,4936.650949980455,cruise,True,False,True,True,True,22.127314675959468
K25-023,15,4936.650949980455,4937.685383902251,cruise,True,False,True,True,True,21.86847358480128
K25-023,16,4937.685383902251,4938.719817824046,cruise,True,False,True,True,True,21.604819123314243
K25-023,17,4938.719817824046,4939.754251745868,cruise,True,False,True,True,True,21.338039177943514
K25-023,18,4939.754251745868,4940.78868566769,cruise,True,False,True,True,True,21.069577660879048
K25-023,19,4940.78868566769,4941.823119589485,cruise,True,False,True,True,True,20.800654400016754
K25-023,20,4941.823119589485,4942.8575535112805,cruise,True,False,True,True,True,20.53228781707061
K25-023,21,4942.8575535112805,4943.8919874330895,cruise,True,False,True,True,True,20.26531838808164
K25-023,22,4943.8919874330895,4944.926421354899,cruise,True,False,True,True,True,20.00043152859668
K25-023,23,4944.926421354899,4945.960855276708,cruise,True,False,True,True,True,19.738179055467015
K25-023,24,4945.960855276708,4946.995289198517,cruise,True,False,True,True,True,19.478998757798735
K25-023,25,4946.995289198517,4948.029723120312,cruise,True,False,True,True,True,19.22323187649998
K25-023,26,4948.029723120312,4949.064157042108,cruise,True,False,True,True,True,18.97113847109506
K25-023,27,4949.064157042108,4950.098590963929,cruise,True,False,True,True,True,18.722910764528763
K25-023,28,4950.098590963929,4951.133024885751,cruise,True,False,True,True,True,18.47868462057157
K25-023,29,4951.133024885751,4951.873527414177,cruise,True,False,True,True,True,18.306363417766903
K25-023,30,4951.873527414177,4952.614029942603,cruise,True,False,True,True,True,18.136159743620055
K25-023,31,4952.614029942603,4952.907961335973,cruise,True,False,True,True,True,18.069189877847705
K25-023,32,4952.907961335973,4953.201892729342,cruise,True,False,True,True,True,18.002555965331197
K25-023,33,4953.201892729342,4954.2363266511375,cruise,True,False,True,True,True,17.770724298298376
K25-023,34,4954.2363266511375,4955.270760572933,cruise,True,False,True,True,True,17.543048783948464
K25-023,35,4955.270760572933,4956.305194494755,cruise,True,False,True,True,True,17.319503445958333
K25-023,36,4956.305194494755,4957.3396284165765,cruise,True,False,True,True,True,17.10004600207091
K25-023,37,4957.3396284165765,4958.374062338372,cruise,True,False,True,True,True,16.884621289523977
K25-023,38,4958.374062338372,4959.408496260167,cruise,True,False,True,True,True,16.673164108005764
K25-023,39,4959.408496260167,4960.442930181976,cruise,True,False,True,True,True,16.465601573050037
K25-023,40,4960.442930181976,4961.4773641037855,cruise,True,False,True,True,True,16.261855058885118
K25-023,41,4961.4773641037855,4962.5117980255945,cruise,True,False,True,True,True,16.061841797669587
K25-023,42,4962.5117980255945,4963.546231947404,cruise,True,False,True,True,True,15.865476191805143
K25-023,43,4963.546231947404,4964.580665869199,cruise,True,False,True,True,True,15.672670886814188
K25-023,44,4964.580665869199,4965.6150997909945,cruise,True,False,True,True,True,15.483337644764802
K25-023,45,4965.6150997909945,4966.6495337128035,cruise,True,False,True,True,True,15.297388051702058
K25-023,46,4966.6495337128035,4967.683967634613,cruise,True,False,True,True,True,15.11473408714599
K25-023,47,4967.683967634613,4968.718401556422,cruise,True,False,True,True,True,14.93528857898464
K25-023,48,4968.718401556422,4969.752835478231,cruise,True,False,True,True,True,14.75896556343109
K25-023,49,4969.752835478231,4970.787269400026,cruise,True,False,True,True,True,14.5856805662916
K25-023,50,4970.787269400026,4971.821703321822,cruise,True,False,True,True,True,14.415350819210587
K25-023,51,4971.821703321822,4972.015982569261,cruise,True,False,True,True,True,14.383683848828184
K25-023,52,4972.015982569261,4972.2102618167,cruise,True,False,True,True,True,14.35211773261895
K25-023,53,4972.2102618167,4973.0504164910835,cruise,True,False,True,True,True,14.216759425906432
K25-023,54,4973.0504164910835,4973.890571165467,cruise,True,False,True,True,True,14.083235462043405
K25-023,55,4973.890571165467,4974.925005087262,cruise,True,False,True,True,True,13.921294094393716
K25-023,56,4974.925005087262,4975.959439009058,cruise,True,False,True,True,True,13.761996596087059
K25-023,57,4975.959439009058,4976.993872930853,cruise,True,False,True,True,True,13.60527039334805
K25-023,58,4976.993872930853,4978.028306852649,cruise,True,False,True,True,True,13.451045070215656
K25-023,59,4978.028306852649,4979.0627407744705,cruise,True,False,True,True,True,13.299252361230486
K25-023,60,4979.0627407744705,4980.097174696292,cruise,True,False,True,True,True,13.149826131346842
K25-023,61,4980.097174696292,4981.131608618088,cruise,True,False,True,True,True,13.002702345807222
K25-023,62,4981.131608618088,4982.166042539883,cruise,True,False,True,True,True,12.857819032103393
K25-023,63,4982.166042539883,4983.200476461692,cruise,True,False,True,True,True,12.715116235878966
K25-023,64,4983.200476461692,4984.234910383501,cruise,True,False,True,True,True,12.574535972252647
K25-023,65,4984.234910383501,4985.26934430531,cruise,True,False,True,True,True,12.436022173716637
K25-023,66,4985.26934430531,4986.303778227119,cruise,True,False,True,True,True,12.299520635787033
K25-023,67,4986.303778227119,4987.338212148915,cruise,True,False,True,True,True,12.164978961082838
K25-023,68,4987.338212148915,4988.37264607071,cruise,True,False,True,True,True,12.032346502590187
K25-023,69,4988.37264607071,4989.407079992532,cruise,True,False,True,True,True,11.90157430668755
K25-023,70,4989.407079992532,4990.441513914354,cruise,True,False,True,True,True,11.772615056276933
K25-023,71,4990.441513914354,4991.124003802073,cruise,True,False,True,True,True,11.688501819480678
K25-023,72,4991.124003802073,4991.806493689793,cruise,True,False,True,True,True,11.605145044459263
K25-023,73,4991.806493689793,4992.158437723869,cruise,True,False,True,True,True,11.562451431362689
K25-023,74,4992.158437723869,4992.510381757945,cruise,True,False,True,True,True,11.519953969405009
K25-023,75,4992.510381757945,4993.54481567974,cruise,True,False,True,True,True,11.396165179194028
K25-023,76,4993.54481567974,4994.579249601536,cruise,True,False,True,True,True,11.27401531936765
K25-023,77,4994.579249601536,4995.613683523357,cruise,True,False,True,True,True,11.153464430660321
K25-023,78,4995.613683523357,4996.648117445179,cruise,True,False,True,True,True,11.034473868679427
K25-023,79,4996.648117445179,4997.682551366975,cruise,True,False,True,True,True,10.917006255006342
K25-023,80,4997.682551366975,4998.71698528877,cruise,True,False,True,True,True,10.801025429825145
K25-023,81,4998.71698528877,4999.751419210579,cruise,True,False,True,True,True,10.686496406175081
K25-023,82,4999.751419210579,5000.785853132388,cruise,True,False,True,True,True,10.573385325732048
K25-023,83,5000.785853132388,5001.820287054197,cruise,True,False,True,True,True,10.461659416237495
K25-023,84,5001.820287054197,5002.854720976006,cruise,True,False,True,True,True,10.351286950429383
K25-023,85,5002.854720976006,5003.889154897802,cruise,True,False,True,True,True,10.242237206548765
K25-023,86,5003.889154897802,5004.923588819597,cruise,True,False,True,True,True,10.134480430368342
K25-023,87,5004.923588819597,5005.958022741419,cruise,True,False,True,True,True,10.027987798653143
K25-023,88,5005.958022741419,5006.992456663241,cruise,True,False,True,True,True,9.922731384106939
K25-023,89,5006.992456663241,5008.026890585036,cruise,True,False,True,True,True,9.81868412167816
K25-023,90,5008.026890585036,5009.061324506832,cruise,True,False,True,True,True,9.715819776232308
K25-023,91,5009.061324506832,5010.095758428627,cruise,True,False,True,True,True,9.614112911543927
K25-023,92,5010.095758428627,5011.1301923504225,cruise,True,False,True,True,True,9.513538860514004
K25-023,93,5011.1301923504225,5011.266458957155,cruise,True,False,True,True,True,9.50037334618645
K25-023,94,5011.266458957155,5011.4027255638875,cruise,True,False,True,True,True,9.487227019557693
K25-023,95,5011.4027255638875,5012.300892878978,cruise,True,False,True,True,True,9.401052511256893
K25-023,96,5012.300892878978,5013.199060194068,cruise,True,False,True,True,True,9.31569420664934
K25-023,97,5013.199060194068,5014.233494115863,cruise,True,False,True,True,True,9.218377864217047
K25-023,98,5014.233494115863,5015.267928037659,cruise,True,False,True,True,True,9.122102804824891
K25-023,99,5015.267928037659,5016.302361959454,cruise,True,False,True,True,True,9.026847801616611
K25-023,100,5016.302361959454,5017.33679588125,cruise,True,False,True,True,True,8.932592242261748
K25-023,101,5017.33679588125,5018.371229803071,cruise,True,False,True,True,True,8.839316106765764
K25-023,102,5018.371229803071,5019.405663724893,cruise,True,False,True,True,True,8.746999946199878
K25-023,103,5019.405663724893,5020.440097646689,cruise,True,False,True,True,True,8.655624862316287
K25-023,104,5020.440097646689,5021.474531568484,cruise,True,False,True,True,True,8.565172487962897
K25-023,105,5021.474531568484,5022.508965490293,cruise,True,False,True,True,True,8.475624968335254
K25-023,106,5022.508965490293,5023.543399412102,cruise,True,False,True,True,True,8.386964942991327
K25-023,107,5023.543399412102,5024.577833333911,cruise,True,False,True,True,True,8.299175528576711
K25-023,108,5024.577833333911,5025.61226725572,cruise,True,False,True,True,True,8.212240302270914
K25-023,109,5025.61226725572,5026.646701177516,cruise,True,False,True,True,True,8.126143285902444
K25-023,110,5026.646701177516,5027.681135099311,cruise,True,False,True,True,True,8.040868930690621
K25-023,111,5027.681135099311,5028.715569021133,cruise,True,False,True,True,True,7.956402102614277
K25-023,112,5028.715569021133,5029.750002942955,cruise,True,False,True,True,True,7.872728068363557
K25-023,113,5029.750002942955,5030.374480190469,cruise,True,False,True,True,True,7.822592625569271
K25-023,114,5030.374480190469,5030.998957437982,cruise,True,False,True,True,True,7.7727377843364565
K25-023,115,5030.998957437982,5031.408914112264,cruise,True,False,True,True,True,7.740160193353532
K25-023,116,5031.408914112264,5031.818870786546,cruise,True,False,True,True,True,7.707701371244696
K25-023,117,5031.818870786546,5032.853304708341,cruise,True,False,True,True,True,7.626321126538642
K25-023,118,5032.853304708341,5033.8877386301365,cruise,True,False,True,True,True,7.545678487590436
K25-023,119,5033.8877386301365,5034.922172551958,cruise,True,False,True,True,True,7.465760532638669
K25-023,120,5034.922172551958,5035.95660647378,cruise,True,False,True,True,True,7.386554667269962
K25-023,121,5035.95660647378,5036.9910403955755,cruise,True,False,True,True,True,7.308048613797041
K25-023,122,5036.9910403955755,5038.025474317371,cruise,True,False,True,True,True,7.230230401063949
K25-023,123,5038.025474317371,5039.05990823918,cruise,True,False,True,True,True,7.153088354634534
K25-023,124,5039.05990823918,5040.094342160989,cruise,True,False,True,True,True,7.076611087362409
K25-023,125,5040.094342160989,5041.128776082798,cruise,True,False,True,True,True,7.000787490303381
K25-023,126,5041.128776082798,5042.163210004607,cruise,True,False,True,True,True,6.925606723997191
K25-023,127,5042.163210004607,5043.197643926403,cruise,True,False,True,True,True,6.851058210043377
K25-023,128,5043.197643926403,5044.232077848198,cruise,True,False,True,True,True,6.777131623024303
K25-023,129,5044.232077848198,5045.26651177002,cruise,True,False,True,True,True,6.7038168827074855
K25-023,130,5045.26651177002,5046.300945691842,cruise,True,False,True,True,True,6.631104146547216
K25-023,131,5046.300945691842,5047.335379613637,cruise,True,False,True,True,True,6.558983802459579
K25-023,132,5047.335379613637,5048.3698135354325,cruise,True,False,True,True,True,6.4874464618491885
K25-023,133,5048.3698135354325,5049.404247457228,cruise,True,False,True,True,True,6.4164829529134835
K25-023,134,5049.404247457228,5050.438681379023,cruise,True,False,True,True,True,6.346084314168436
K25-023,135,5050.438681379023,5050.516935345049,cruise,True,False,True,True,True,6.340781456934607
K25-023,136,5050.516935345049,5050.595189311075,cruise,True,False,True,True,True,6.335481778375495
K25-023,137,5050.595189311075,5051.551369266872,cruise,True,False,True,True,True,6.270980649708235
K25-023,138,5051.551369266872,5052.507549222669,cruise,True,False,True,True,True,6.206946815737723
K25-023,139,5052.507549222669,5053.541983144464,cruise,True,False,True,True,True,6.138191029697026
K25-023,140,5053.541983144464,5054.57641706626,cruise,True,False,True,True,True,6.069966249743985
K25-023,141,5054.57641706626,5055.610850988055,cruise,True,False,True,True,True,6.002264476815029
K25-023,142,5055.610850988055,5056.6452849098505,cruise,True,False,True,True,True,5.935077887934952
K25-023,143,5056.6452849098505,5057.679718831672,cruise,True,False,True,True,True,5.868398831198675
K25-023,144,5057.679718831672,5058.714152753494,cruise,True,False,True,True,True,5.80221982089553
K25-023,145,5058.714152753494,5059.7485866752895,cruise,True,False,True,True,True,5.736533532856356
K25-023,146,5059.7485866752895,5060.783020597085,cruise,True,False,True,True,True,5.671332799893051
K25-023,147,5060.783020597085,5061.817454518894,cruise,True,False,True,True,True,5.606610607455636
K25-023,148,5061.817454518894,5062.851888440703,cruise,True,False,True,True,True,5.542360089403616
K25-023,149,5062.851888440703,5063.886322362512,cruise,True,False,True,True,True,5.478574523911078
K25-023,150,5063.886322362512,5064.920756284321,cruise,True,False,True,True,True,5.415247329541913
K25-023,151,5064.920756284321,5065.955190206117,cruise,True,False,True,True,True,5.352372061420581
K25-023,152,5065.955190206117,5066.989624127912,cruise,True,False,True,True,True,5.289942407548267
K25-023,153,5066.989624127912,5068.024058049734,cruise,True,False,True,True,True,5.227952185246465
K25-023,154,5068.024058049734,5069.058491971556,cruise,True,False,True,True,True,5.166395337690233
K25-023,155,5069.058491971556,5069.624956578363,cruise,True,False,True,True,True,5.1328677953221415
K25-023,156,5069.624956578363,5070.19142118517,cruise,True,False,True,True,True,5.099467470267044
K25-023,157,5070.19142118517,5070.659390500158,cruise,True,False,True,True,True,5.071969986613283
K25-023,158,5070.659390500158,5071.1273598151465,cruise,True,False,True,True,True,5.04455814894493
K25-023,159,5071.1273598151465,5072.161793736942,cruise,True,False,True,True,True,4.984266293924875
K25-023,160,5072.161793736942,5073.196227658737,cruise,True,False,True,True,True,4.924384779841873
K25-023,161,5073.196227658737,5074.230661580559,cruise,True,False,True,True,True,4.86490813122073
K25-023,162,5074.230661580559,5075.265095502381,cruise,True,False,True,True,True,4.805830979971489
K25-023,163,5075.265095502381,5076.299529424176,cruise,True,False,True,True,True,4.747148062620752
K25-023,164,5076.299529424176,5077.333963345972,cruise,True,False,True,True,True,4.688854217671832
K25-023,165,5077.333963345972,5078.368397267781,cruise,True,False,True,True,True,4.630944383007034
K25-023,166,5078.368397267781,5079.40283118959,cruise,True,False,True,True,True,4.573413593398129
K25-023,167,5079.40283118959,5080.437265111399,cruise,True,False,True,True,True,4.516256978086602
K25-023,168,5080.437265111399,5081.471699033208,cruise,True,False,True,True,True,4.459469758421122
K25-023,169,5081.471699033208,5082.5061329550035,cruise,True,False,True,True,True,4.4030472455986285
K25-023,170,5082.5061329550035,5083.540566876799,cruise,True,False,True,True,True,4.346984838440548
K25-023,171,5083.540566876799,5084.575000798621,cruise,True,False,True,True,True,4.291278021252992
K25-023,172,5084.575000798621,5085.609434720443,cruise,True,False,True,True,True,4.2359223617660575
K25-023,173,5085.609434720443,5086.643868642238,cruise,True,False,True,True,True,4.180913509091695
K25-023,174,5086.643868642238,5087.678302564033,cruise,True,False,True,True,True,4.126247191790284
K25-023,175,5087.678302564033,5088.712736485829,cruise,True,False,True,True,True,4.071919215959269
K25-023,176,5088.712736485829,5089.747170407624,cruise,True,False,True,True,True,4.017925463386803
K25-023,177,5089.747170407624,5089.7674117334445,cruise,True,False,True,True,True,4.0168722452114025
K25-023,178,5089.7674117334445,5089.787653059265,cruise,True,False,True,True,True,4.015819153428666
K25-023,179,5089.787653059265,5090.801845655266,cruise,True,False,True,True,True,3.9632150925404517
K25-023,180,5090.801845655266,5091.816038251268,cruise,True,False,True,True,True,3.910924523010422
K25-023,181,5091.816038251268,5092.850472173063,cruise,True,False,True,True,True,3.8579094614376856
K25-023,182,5092.850472173063,5093.884906094859,cruise,True,False,True,True,True,3.805212872261663
K25-023,183,5093.884906094859,5094.919340016668,cruise,True,False,True,True,True,3.7528309899378343
K25-023,184,5094.919340016668,5095.953773938477,cruise,True,False,True,True,True,3.7007601146222555
K25-023,185,5095.953773938477,5096.988207860286,cruise,True,False,True,True,True,3.648996610681891
K25-023,186,5096.988207860286,5098.022641782095,cruise,True,False,True,True,True,3.597536905217865
K25-023,187,5098.022641782095,5099.05707570389,cruise,True,False,True,True,True,3.5463774866595514
K25-023,188,5099.05707570389,5100.091509625686,cruise,True,False,True,True,True,3.4955149033713724
K25-023,189,5100.091509625686,5101.125943547495,cruise,True,False,True,True,True,3.444945762316209
K25-023,190,5101.125943547495,5102.160377469304,cruise,True,False,True,True,True,3.394666727756203
K25-023,191,5102.160377469304,5103.194811391113,cruise,True,False,True,True,True,3.3446745199698
K25-023,192,5103.194811391113,5104.229245312922,cruise,True,False,True,True,True,3.2949659140253686
K25-023,193,5104.229245312922,5105.2636792347175,cruise,True,False,True,True,True,3.245537738582186
K25-023,194,5105.2636792347175,5106.298113156513,cruise,True,False,True,True,True,3.1963868747105835
K25-023,195,5106.298113156513,5107.332547078335,cruise,True,False,True,True,True,3.1475102547621248
K25-023,196,5107.332547078335,5108.366981000157,cruise,True,False,True,True,True,3.0989048612632075
K25-023,197,5108.366981000157,5108.875432966258,cruise,True,False,True,True,True,3.075112525056028
K25-023,198,5108.875432966258,5109.383884932358,cruise,True,False,True,True,True,3.0513846506558053
K25-023,199,5109.383884932358,5109.909866888053,cruise,True,False,True,True,True,3.026906172215533
K25-023,200,5109.909866888053,5110.435848843748,cruise,True,False,True,True,True,3.002495928132717
K25-023,201,5110.435848843748,5111.470282765544,cruise,True,False,True,True,True,2.954686594847203
K25-023,202,5111.470282765544,5112.504716687339,cruise,True,False,True,True,True,2.907136898692727
K25-023,203,5112.504716687339,5113.539150609161,cruise,True,False,True,True,True,2.859844057436078
K25-023,204,5113.539150609161,5114.573584530983,cruise,True,False,True,True,True,2.8128053329640608
K25-023,205,5114.573584530983,5115.608018452778,cruise,True,False,True,True,True,2.766018030360499
K25-023,206,5115.608018452778,5116.642452374574,cruise,True,False,True,True,True,2.7194794969997673
K25-023,207,5116.642452374574,5117.676886296383,cruise,True,False,True,True,True,2.6731871216898924
K25-023,208,5117.676886296383,5118.711320218192,cruise,True,False,True,True,True,2.627138333807622
K25-023,209,5118.711320218192,5119.745754140001,cruise,True,False,True,True,True,2.5813306024756173
K25-023,210,5119.745754140001,5120.78018806181,cruise,True,False,True,True,True,2.5357614357549494
K25-023,211,5120.78018806181,5121.814621983605,cruise,True,False,True,True,True,2.4904283798546345
K25-023,212,5121.814621983605,5122.849055905401,cruise,True,False,True,True,True,2.4453290183658396
K25-023,213,5122.849055905401,5123.883489827223,cruise,True,False,True,True,True,2.4004609715001948
K25-023,214,5123.883489827223,5124.917923749044,cruise,True,False,True,True,True,2.355821895383812
K25-023,215,5124.917923749044,5125.95235767084,cruise,True,False,True,True,True,2.311409481317824
K25-023,216,5125.95235767084,5126.986791592635,cruise,True,False,True,True,True,2.2672214550974132
K25-023,217,5126.986791592635,5127.983454200045,cruise,True,False,True,True,True,2.224857064040208
K25-023,218,5127.983454200045,5128.9801168074555,cruise,True,False,True,True,True,2.182696918745947
K25-023,219,5128.9801168074555,5129.017888121841,cruise,True,False,True,True,True,2.1811031330448856
K25-023,220,5129.017888121841,5129.055659436226,cruise,True,False,True,True,True,2.179509637786481
K25-023,221,5129.055659436226,5130.090093358048,cruise,True,False,True,True,True,2.135981464714277
K25-023,222,5130.090093358048,5131.12452727987,cruise,True,False,True,True,True,2.0926689142584536
K25-023,223,5131.12452727987,5132.158961201665,cruise,True,False,True,True,True,2.0495698748156457
K25-023,224,5132.158961201665,5133.1933951234605,cruise,True,False,True,True,True,2.006682265439295
K25-023,225,5133.1933951234605,5134.22782904527,cruise,True,False,True,True,True,1.9640040352525716
K25-023,226,5134.22782904527,5135.262262967079,cruise,True,False,True,True,True,1.9215331628873713
K25-023,227,5135.262262967079,5136.296696888888,cruise,True,False,True,True,True,1.8792676559013444
K25-023,228,5136.296696888888,5137.331130810697,cruise,True,False,True,True,True,1.8372055502518663
K25-023,229,5137.331130810697,5138.365564732492,cruise,True,False,True,True,True,1.7953449097615533
K25-023,230,5138.365564732492,5139.399998654288,cruise,True,False,True,True,True,1.7536838255839058
K25-023,231,5139.399998654288,5140.434432576097,cruise,True,False,True,True,True,1.7122204157102487
K25-023,232,5140.434432576097,5141.468866497906,cruise,True,False,True,True,True,1.670952824459917
K25-023,233,5141.468866497906,5142.503300419715,cruise,True,False,True,True,True,1.6298792219991753
K25-023,234,5142.503300419715,5143.537734341524,cruise,True,False,True,True,True,1.588997803872914
K25-023,235,5143.537734341524,5144.572168263319,cruise,True,False,True,True,True,1.5483067905288124
K25-023,236,5144.572168263319,5145.606602185115,cruise,True,False,True,True,True,1.5078044268722266
K25-023,237,5145.606602185115,5146.641036106937,cruise,True,False,True,True,True,1.4674889818183345
K25-023,238,5146.641036106937,5147.675470028758,cruise,True,False,True,True,True,1.4273587478651706
K25-023,239,5147.675470028758,5148.125909354654,cruise,True,False,True,True,True,1.40994168422165
K25-023,240,5148.125909354654,5148.57634868055,cruise,True,False,True,True,True,1.3925592815474914
K25-023,241,5148.57634868055,5149.1603432764505,cruise,True,False,True,True,True,1.370074372241092
K25-023,242,5149.1603432764505,5149.744337872351,cruise,True,False,True,True,True,1.3476471985948422
K25-023,243,5149.744337872351,5150.778771794146,cruise,True,False,True,True,True,1.3080625823954648
K25-023,244,5150.778771794146,5151.813205715942,cruise,True,False,True,True,True,1.2686565747274443
K25-023,245,5151.813205715942,5152.847639637764,cruise,True,False,True,True,True,1.2294275798058152
K25-023,246,5152.847639637764,5153.8820735595855,cruise,True,False,True,True,True,1.1903740230237219
K25-023,247,5153.8820735595855,5154.916507481381,cruise,True,False,True,True,True,1.1514943505698199
K25-023,248,5154.916507481381,5155.950941403176,cruise,True,False,True,True,True,1.1127870290780493
K25-023,249,5155.950941403176,5156.985375324985,cruise,True,False,True,True,True,1.0742505452616058
K25-023,250,5156.985375324985,5158.0198092467945,cruise,True,False,True,True,True,1.0358834055762713
K25-023,251,5158.0198092467945,5159.0542431686035,cruise,True,False,True,True,True,0.9976841358700455
K25-023,252,5159.0542431686035,5160.088677090413,cruise,True,False,True,True,True,0.9596512810536382
K25-023,253,5160.088677090413,5161.123111012208,cruise,True,False,True,True,True,0.9217834047865665
K25-023,254,5161.123111012208,5162.157544934003,cruise,True,False,True,True,True,0.8840790891394334
K25-023,255,5162.157544934003,5163.191978855825,cruise,True,False,True,True,True,0.8465369342941358
K25-023,256,5163.191978855825,5164.226412777647,cruise,True,False,True,True,True,0.8091555582360144
K25-023,257,5164.226412777647,5165.2608466994425,cruise,True,False,True,True,True,0.7719335964560514
K25-023,258,5165.2608466994425,5166.295280621238,cruise,True,False,True,True,True,0.7348697016518742
K25-023,259,5166.295280621238,5167.23393058744,cruise,True,False,True,True,True,0.7013734318465907
K25-023,260,5167.23393058744,5168.172580553643,cruise,True,False,True,True,True,0.6680052339617646
K25-023,261,5168.172580553643,5168.268364509236,cruise,True,False,True,True,True,0.6646073598018063
K25-023,262,5168.268364509236,5168.364148464829,cruise,True,False,True,True,True,0.6612108081161807
K25-023,263,5168.364148464829,5169.398582386651,cruise,True,False,True,True,True,0.6246131982862835
K25-023,264,5169.398582386651,5170.433016308472,cruise,True,False,True,True,True,0.5881684326965768
K25-023,265,5170.433016308472,5171.467450230268,cruise,True,False,True,True,True,0.5518752459186373
K25-023,266,5171.467450230268,5172.501884152063,cruise,True,False,True,True,True,0.5157323880974332
K25-023,267,5172.501884152063,5173.536318073872,cruise,True,False,True,True,True,0.47973862470094275
K25-023,268,5173.536318073872,5174.570751995681,cruise,True,False,True,True,True,0.4438927362763536
K25-023,269,5174.570751995681,5175.60518591749,cruise,True,False,True,True,True,0.4081935181974927
K25-023,270,5175.60518591749,5176.6396198392995,cruise,True,False,True,True,True,0.3726397804328485
K25-023,271,5176.6396198392995,5177.674053761095,cruise,True,False,True,True,True,0.3372303473119018
K25-023,272,5177.674053761095,5178.70848768289,cruise,True,False,True,True,True,0.30196405729248
K25-023,273,5178.70848768289,5179.742921604699,cruise,True,False,True,True,True,0.26683976273793064
K25-023,274,5179.742921604699,5180.7773555265085,cruise,True,False,True,True,True,0.23185632970091774
K25-023,275,5180.7773555265085,5181.8117894483175,cruise,True,False,True,True,True,0.19701263770012645
K25-023,276,5181.8117894483175,5182.846223370127,cruise,True,False,True,True,True,0.16230757951232988
K25-023,277,5182.846223370127,5183.880657291922,cruise,True,False,True,True,True,0.1277400609708792
K25-023,278,5183.880657291922,5184.9150912137175,cruise,True,False,True,True,True,0.09330900075117654
K25-023,279,5184.9150912137175,5185.949525135539,cruise,True,False,True,True,True,0.05901333017760635
K25-023,280,5185.949525135539,5186.983959057361,cruise,True,False,True,True,True,0.024851993028676134
K25-023,281,5186.983959057361,5187.376385743051,cruise,True,False,True,True,True,0.011927351588710167
K25-023,282,5187.376385743051,5187.7688124287415,cruise,False,True,True,True,True,-0.00097816391712513
K25-023,283,5187.7688124287415,5188.410819664847,cruise,False,True,True,True,True,-0.02205040154250071
K25-023,284,5188.410819664847,5189.052826900952,cruise,False,True,True,True,True,-0.04307184476573411
K25-023,285,5189.052826900952,5190.087260822747,cruise,False,True,True,True,True,-0.07683639730238667
K25-023,286,5190.087260822747,5191.121694744543,cruise,False,True,True,True,True,-0.11047072056088325
K25-023,287,5191.121694744543,5192.156128666365,cruise,False,True,True,True,True,-0.1439758113095735
K25-023,288,5192.156128666365,5193.190562588186,cruise,False,True,True,True,True,-0.17735265495548447
K25-023,289,5193.190562588186,5194.224996509982,cruise,False,True,True,True,True,-0.210602225729275
K25-023,290,5194.224996509982,5195.259430431777,cruise,False,True,True,True,True,-0.24372548684131345
K25-023,291,5195.259430431777,5196.293864353586,cruise,False,True,True,True,True,-0.27672339065702545
K25-023,292,5196.293864353586,5197.328298275395,cruise,False,True,True,True,True,-0.30959687884688947
K25-023,293,5197.328298275395,5198.362732197204,cruise,False,True,True,True,True,-0.3423468825529312
K25-023,294,5198.362732197204,5199.3971661190135,cruise,False,True,True,True,True,-0.3749743225452562
K25-023,295,5199.3971661190135,5200.431600040809,cruise,False,True,True,True,True,-0.40748010936837886
K25-023,296,5200.431600040809,5201.466033962604,cruise,False,True,True,True,True,-0.43986514349900574
K25-023,297,5201.466033962604,5202.500467884426,cruise,False,True,True,True,True,-0.4721303154906167
K25-023,298,5202.500467884426,5203.534901806248,cruise,False,True,True,True,True,-0.504276506110827
K25-023,299,5203.534901806248,5204.569335728043,cruise,False,True,True,True,True,-0.5363045864980194
K25-023,300,5204.569335728043,5205.603769649839,cruise,False,True,True,True,True,-0.568215418287707
K25-023,301,5205.603769649839,5206.484406975836,cruise,False,True,True,True,True,-0.5952900837623645
K25-023,302,5206.484406975836,5207.365044301832,cruise,False,True,True,True,True,-0.622280911649824
K25-023,303,5207.365044301832,5207.518840897631,cruise,False,True,True,True,True,-0.6269860930891298
K25-023,304,5207.518840897631,5207.67263749343,cruise,False,True,True,True,True,-0.6316887359622996
K25-023,305,5207.67263749343,5208.707071415251,cruise,False,True,True,True,True,-0.6632528988553617
K25-023,306,5208.707071415251,5209.741505337073,cruise,False,True,True,True,True,-0.6947031674339286
K25-023,307,5209.741505337073,5210.775939258869,cruise,False,True,True,True,True,-0.7260403578501382
K25-023,308,5210.775939258869,5211.810373180664,cruise,False,True,True,True,True,-0.7572652775561295
K25-023,309,5211.810373180664,5212.844807102473,cruise,False,True,True,True,True,-0.7883787254087622
K25-023,310,5212.844807102473,5213.879241024282,cruise,False,True,True,True,True,-0.8193814917989357
K25-023,311,5213.879241024282,5214.913674946091,cruise,False,True,True,True,True,-0.8502743587713866
K25-023,312,5214.913674946091,5215.9481088679,cruise,False,True,True,True,True,-0.8810581001371105
K25-023,313,5215.9481088679,5216.982542789696,cruise,False,True,True,True,True,-0.9117334815930604
K25-023,314,5216.982542789696,5218.016976711491,cruise,False,True,True,True,True,-0.9423012608285575
K25-023,315,5218.016976711491,5219.051410633313,cruise,False,True,True,True,True,-0.9727621876435961
K25-023,316,5219.051410633313,5220.085844555135,cruise,False,True,True,True,True,-1.0031170040537063
K25-023,317,5220.085844555135,5221.12027847693,cruise,False,True,True,True,True,-1.0333664443905093
K25-023,318,5221.12027847693,5222.154712398726,cruise,False,True,True,True,True,-1.0635112354246985
K25-023,319,5222.154712398726,5223.189146320521,cruise,False,True,True,True,True,-1.0935520964486471
K25-023,320,5223.189146320521,5224.2235802423165,cruise,False,True,True,True,True,-1.123489739393122
K25-023,321,5224.2235802423165,5225.258014164138,cruise,False,True,True,True,True,-1.1533248689207483
K25-023,322,5225.258014164138,5226.29244808596,cruise,False,True,True,True,True,-1.1830581825226432
K25-023,323,5226.29244808596,5226.6268621304425,cruise,False,True,True,True,True,-1.1926487691761594
K25-023,324,5226.6268621304425,5226.961276174925,cruise,False,True,True,True,True,-1.2022288102881618
K25-023,325,5226.961276174925,5227.661296052239,cruise,False,True,True,True,True,-1.222248411722802
K25-023,326,5227.661296052239,5228.361315929553,cruise,False,True,True,True,True,-1.2422221166614094
K25-023,327,5228.361315929553,5229.395749851348,cruise,False,True,True,True,True,-1.271654097200738
K25-023,328,5229.395749851348,5230.430183773144,cruise,False,True,True,True,True,-1.3009869820094195
K25-023,329,5230.430183773144,5231.464617694965,cruise,False,True,True,True,True,-1.3302214341538416
K25-023,330,5231.464617694965,5232.499051616787,cruise,False,True,True,True,True,-1.3593581100869727
K25-023,331,5232.499051616787,5233.533485538583,cruise,False,True,True,True,True,-1.3883976597361425
K25-023,332,5233.533485538583,5234.567919460378,cruise,False,True,True,True,True,-1.417340726590652
K25-023,333,5234.567919460378,5235.602353382187,cruise,False,True,True,True,True,-1.4461879477854467
K25-023,334,5235.602353382187,5236.636787303996,cruise,False,True,True,True,True,-1.4749399541811385
K25-023,335,5236.636787303996,5237.671221225805,cruise,False,True,True,True,True,-1.5035973704498815
K25-023,336,5237.671221225805,5238.705655147614,cruise,False,True,True,True,True,-1.5321608151556632
K25-023,337,5238.705655147614,5239.74008906941,cruise,False,True,True,True,True,-1.5606309008285564
K25-023,338,5239.74008906941,5240.774522991205,cruise,False,True,True,True,True,-1.5890082340487908
K25-023,339,5240.774522991205,5241.808956913027,cruise,False,True,True,True,True,-1.6172934155217717
K25-023,340,5241.808956913027,5242.843390834849,cruise,False,True,True,True,True,-1.6454870401498596
K25-023,341,5242.843390834849,5243.877824756644,cruise,False,True,True,True,True,-1.6735896971089943
K25-023,342,5243.877824756644,5244.91225867844,cruise,False,True,True,True,True,-1.7016019699256617
K25-023,343,5244.91225867844,5245.734883364232,cruise,False,True,True,True,True,-1.723814355236172
K25-023,344,5245.734883364232,5246.557508050024,cruise,False,True,True,True,True,-1.745970234580966
K25-023,345,5246.557508050024,5246.769317286028,cruise,False,True,True,True,True,-1.7516658131267917
K25-023,346,5246.769317286028,5246.981126522032,cruise,False,True,True,True,True,-1.7573576693917516
K25-023,347,5246.981126522032,5248.015560443854,cruise,False,True,True,True,True,-1.7851022354662405
K25-023,348,5248.015560443854,5249.049994365676,cruise,False,True,True,True,True,-1.8127586963849325
K25-023,349,5249.049994365676,5250.084428287471,cruise,False,True,True,True,True,-1.8403276084621467
K25-023,350,5250.084428287471,5251.118862209267,cruise,False,True,True,True,True,-1.8678095227744933
K25-023,351,5251.118862209267,5252.153296131076,cruise,False,True,True,True,True,-1.8952049852271955
K25-023,352,5252.153296131076,5253.187730052885,cruise,False,True,True,True,True,-1.9225145366121552
K25-023,353,5253.187730052885,5254.222163974694,cruise,False,True,True,True,True,-1.9497387126803858
K25-023,354,5254.222163974694,5255.256597896503,cruise,False,True,True,True,True,-1.9768780441997222
K25-023,355,5255.256597896503,5256.2910318182985,cruise,False,True,True,True,True,-2.0039330570135263
K25-023,356,5256.2910318182985,5257.325465740094,cruise,False,True,True,True,True,-2.0309042721074633
K25-023,357,5257.325465740094,5258.359899661916,cruise,False,True,True,True,True,-2.0577922056635884
K25-023,358,5258.359899661916,5259.3943335837375,cruise,False,True,True,True,True,-2.0845973691235287
K25-023,359,5259.3943335837375,5260.428767505533,cruise,False,True,True,True,True,-2.1113202692408066
K25-023,360,5260.428767505533,5261.463201427328,cruise,False,True,True,True,True,-2.137961408143994
K25-023,361,5261.463201427328,5262.497635349124,cruise,False,True,True,True,True,-2.1645212833896323
K25-023,362,5262.497635349124,5263.532069270919,cruise,False,True,True,True,True,-2.1910003880134212
K25-023,363,5263.532069270919,5264.566503192741,cruise,False,True,True,True,True,-2.2173992105954596
K25-023,364,5264.566503192741,5265.600937114563,cruise,False,True,True,True,True,-2.2437182353012872
K25-023,365,5265.600937114563,5265.87733851884,cruise,False,True,True,True,True,-2.2507372473415472
K25-023,366,5265.87733851884,5266.1537399231165,cruise,False,True,True,True,True,-2.2577506054992114
K25-023,367,5266.1537399231165,5266.911772440635,cruise,False,True,True,True,True,-2.2769558408229784
K25-023,368,5266.911772440635,5267.669804958154,cruise,False,True,True,True,True,-2.2961188060242392
K25-023,369,5267.669804958154,5268.704238879949,cruise,False,True,True,True,True,-2.3222012988027814
K25-023,370,5268.704238879949,5269.7386728017445,cruise,False,True,True,True,True,-2.348205887330977
K25-023,371,5269.7386728017445,5270.773106723566,cruise,False,True,True,True,True,-2.3741330345066842
K25-023,372,5270.773106723566,5271.807540645388,cruise,False,True,True,True,True,-2.399983199125927
K25-023,373,5271.807540645388,5272.841974567184,cruise,False,True,True,True,True,-2.4257568359277855
K25-023,374,5272.841974567184,5273.876408488979,cruise,False,True,True,True,True,-2.4514543956418606
K25-023,375,5273.876408488979,5274.910842410788,cruise,False,True,True,True,True,-2.477076325044038
K25-023,376,5274.910842410788,5275.945276332597,cruise,False,True,True,True,True,-2.5026230669837872
K25-023,377,5275.945276332597,5276.979710254406,cruise,False,True,True,True,True,-2.528095060450852
K25-023,378,5276.979710254406,5278.014144176215,cruise,False,True,True,True,True,-2.553492740607723
K25-023,379,5278.014144176215,5279.048578098011,cruise,False,True,True,True,True,-2.578816538831319
K25-023,380,5279.048578098011,5280.083012019806,cruise,False,True,True,True,True,-2.604066882769274
K25-023,381,5280.083012019806,5281.117445941628,cruise,False,True,True,True,True,-2.6292441963701094
K25-023,382,5281.117445941628,5282.15187986345,cruise,False,True,True,True,True,-2.654348899934348
K25-023,383,5282.15187986345,5283.186313785245,cruise,False,True,True,True,True,-2.6793814101474283
K25-023,384,5283.186313785245,5284.220747707041,cruise,False,True,True,True,True,-2.7043421401306063
K25-023,385,5284.220747707041,5284.985359751624,cruise,False,True,True,True,True,-2.722746213248783
K25-023,386,5284.985359751624,5285.749971796207,cruise,False,True,True,True,True,-2.741111456752151
K25-023,387,5285.749971796207,5286.019793673419,cruise,False,True,True,True,True,-2.7475830795032437
K25-023,388,5286.019793673419,5286.289615550631,cruise,False,True,True,True,True,-2.754049894288954
K25-023,389,5286.289615550631,5287.324049472453,cruise,False,True,True,True,True,-2.7787977272220985
K25-023,390,5287.324049472453,5288.358483394275,cruise,False,True,True,True,True,-2.803475397519634
K25-023,391,5288.358483394275,5289.39291731607,cruise,False,True,True,True,True,-2.8280833010553295
K25-023,392,5289.39291731607,5290.427351237866,cruise,False,True,True,True,True,-2.8526218303685056
K25-023,393,5290.427351237866,5291.461785159675,cruise,False,True,True,True,True,-2.877091374701351
K25-023,394,5291.461785159675,5292.496219081484,cruise,False,True,True,True,True,-2.9014923200376757
K25-023,395,5292.496219081484,5293.530653003293,cruise,False,True,True,True,True,-2.9258250491338487
K25-023,396,5293.530653003293,5294.565086925102,cruise,False,True,True,True,True,-2.9500899415630073
K25-023,397,5294.565086925102,5295.599520846898,cruise,False,True,True,True,True,-2.9742873737435787
K25-023,398,5295.599520846898,5296.633954768693,cruise,False,True,True,True,True,-2.9984177189741814
K25-023,399,5296.633954768693,5297.668388690515,cruise,False,True,True,True,True,-3.022481347473388
K25-023,400,5297.668388690515,5298.702822612337,cruise,False,True,True,True,True,-3.0464786264059427
K25-023,401,5298.702822612337,5299.737256534132,cruise,False,True,True,True,True,-3.0704099199239607
K25-023,402,5299.737256534132,5300.7716904559275,cruise,False,True,True,True,True,-3.0942755891919376
K25-023,403,5300.7716904559275,5301.806124377723,cruise,False,True,True,True,True,-3.1180759924263697
K25-023,404,5301.806124377723,5302.840558299518,cruise,False,True,True,True,True,-3.1418114849229966
K25-023,405,5302.840558299518,5303.87499222134,cruise,False,True,True,True,True,-3.1654824190906083
K25-023,406,5303.87499222134,5304.909426143162,cruise,False,True,True,True,True,-3.1890891444808744
K25-023,407,5304.909426143162,5305.127814907233,cruise,False,True,True,True,True,-3.194064799163314
K25-023,408,5305.127814907233,5305.3462036713045,cruise,False,True,True,True,True,-3.199037610690141
K25-023,409,5305.3462036713045,5306.162248829029,cruise,False,True,True,True,True,-3.2175942240658344
K25-023,410,5306.162248829029,5306.978293986753,cruise,False,True,True,True,True,-3.236111353035568
K25-023,411,5306.978293986753,5308.012727908562,cruise,False,True,True,True,True,-3.2595275212970307
K25-023,412,5308.012727908562,5309.047161830371,cruise,False,True,True,True,True,-3.2828808510313365
K25-023,413,5309.047161830371,5310.08159575218,cruise,False,True,True,True,True,-3.3061716779601653
K25-023,414,5310.08159575218,5311.116029673989,cruise,False,True,True,True,True,-3.329400335128639
K25-023,415,5311.116029673989,5312.1504635957845,cruise,False,True,True,True,True,-3.35256715292968
K25-023,416,5312.1504635957845,5313.18489751758,cruise,False,True,True,True,True,-3.375672459135643
K25-023,417,5313.18489751758,5314.219331439389,cruise,False,True,True,True,True,-3.3987165789254306
K25-023,418,5314.219331439389,5315.253765361198,cruise,False,True,True,True,True,-3.4216998349092194
K25-023,419,5315.253765361198,5316.288199283007,cruise,False,True,True,True,True,-3.444622547157522
K25-023,420,5316.288199283007,5317.322633204816,cruise,False,True,True,True,True,-3.4674850332289395
K25-023,421,5317.322633204816,5318.357067126612,cruise,False,True,True,True,True,-3.4902876081924177
K25-023,422,5318.357067126612,5319.391501048407,cruise,False,True,True,True,True,-3.5130305846569314
K25-023,423,5319.391501048407,5320.425934970229,cruise,False,True,True,True,True,-3.535714272795559
K25-023,424,5320.425934970229,5321.460368892051,cruise,False,True,True,True,True,-3.558338980369996
K25-023,425,5321.460368892051,5322.494802813846,cruise,False,True,True,True,True,-3.5809050127553235
K25-023,426,5322.494802813846,5323.5292367356415,cruise,False,True,True,True,True,-3.6034126729666554
K25-023,427,5323.5292367356415,5324.23583614002,cruise,False,True,True,True,True,-3.6187537682833977
K25-023,428,5324.23583614002,5324.942435544399,cruise,False,True,True,True,True,-3.6340678629302516
K25-023,429,5324.942435544399,5325.2702700618165,cruise,False,True,True,True,True,-3.6411638612682538
K25-023,430,5325.2702700618165,5325.598104579234,cruise,False,True,True,True,True,-3.6482540772656193
K25-023,431,5325.598104579234,5326.632538501056,cruise,False,True,True,True,True,-3.670588415793034
K25-023,432,5326.632538501056,5327.666972422878,cruise,False,True,True,True,True,-3.692865571072687
K25-023,433,5327.666972422878,5328.701406344673,cruise,False,True,True,True,True,-3.715085834669182
K25-023,434,5328.701406344673,5329.735840266469,cruise,False,True,True,True,True,-3.7372494959280402
K25-023,435,5329.735840266469,5330.770274188278,cruise,False,True,True,True,True,-3.7593568419973167
K25-023,436,5330.770274188278,5331.804708110087,cruise,False,True,True,True,True,-3.781408157847224
K25-023,437,5331.804708110087,5332.839142031896,cruise,False,True,True,True,True,-3.8034037262962244
K25-023,438,5332.839142031896,5333.873575953705,cruise,False,True,True,True,True,-3.8253438280280534
K25-023,439,5333.873575953705,5334.9080098755,cruise,False,True,True,True,True,-3.8472287416171866
K25-023,440,5334.9080098755,5335.942443797296,cruise,False,True,True,True,True,-3.8690587435483508
K25-023,441,5335.942443797296,5336.9768777191175,cruise,False,True,True,True,True,-3.8908341082365467
K25-023,442,5336.9768777191175,5338.011311640939,cruise,False,True,True,True,True,-3.912555108048764
K25-023,443,5338.011311640939,5339.045745562735,cruise,False,True,True,True,True,-3.934222013322227
K25-023,444,5339.045745562735,5340.08017948453,cruise,False,True,True,True,True,-3.95583509238827
K25-023,445,5340.08017948453,5341.114613406326,cruise,False,True,True,True,True,-3.977394611587343
K25-023,446,5341.114613406326,5342.149047328121,cruise,False,True,True,True,True,-3.9989008352942648
K25-023,447,5342.149047328121,5343.183481249943,cruise,False,True,True,True,True,-4.020354025933074
K25-023,448,5343.183481249943,5344.217915171765,cruise,False,True,True,True,True,-4.041754443995018
K25-023,449,5344.217915171765,5344.378291294628,cruise,False,True,True,True,True,-4.045067604388777
K25-023,450,5344.378291294628,5344.5386674174915,cruise,False,True,True,True,True,-4.048379503485592
K25-023,451,5344.5386674174915,5345.4127252164235,cruise,False,True,True,True,True,-4.066407389845239
K25-023,452,5345.4127252164235,5346.2867830153555,cruise,False,True,True,True,True,-4.084397994825437
K25-023,453,5346.2867830153555,5347.3212169371645,cruise,False,True,True,True,True,-4.10564163909811
K25-023,454,5347.3212169371645,5348.355650858974,cruise,False,True,True,True,True,-4.1268335338379245
K25-023,455,5348.355650858974,5349.390084780783,cruise,False,True,True,True,True,-4.14797393016363
K25-023,456,5349.390084780783,5350.424518702592,cruise,False,True,True,True,True,-4.1690630773777855
K25-023,457,5350.424518702592,5351.458952624387,cruise,False,True,True,True,True,-4.190101222972444
K25-023,458,5351.458952624387,5352.493386546183,cruise,False,True,True,True,True,-4.211088612660461
K25-023,459,5352.493386546183,5353.527820467992,cruise,False,True,True,True,True,-4.23202549038362
K25-023,460,5353.527820467992,5354.562254389801,cruise,False,True,True,True,True,-4.252912098329745
K25-023,461,5354.562254389801,5355.59668831161,cruise,False,True,True,True,True,-4.2737486769572115
K25-023,462,5355.59668831161,5356.631122233419,cruise,False,True,True,True,True,-4.294535464997978
K25-023,463,5356.631122233419,5357.665556155214,cruise,False,True,True,True,True,-4.315272699489782
K25-023,464,5357.665556155214,5358.69999007701,cruise,False,True,True,True,True,-4.335960615779101
K25-023,465,5358.69999007701,5359.7344239988315,cruise,False,True,True,True,True,-4.356599447543985
K25-023,466,5359.7344239988315,5360.768857920653,cruise,False,True,True,True,True,-4.37718942680965
K25-023,467,5360.768857920653,5361.803291842449,cruise,False,True,True,True,True,-4.397730783957428
K25-023,468,5361.803291842449,5362.837725764244,cruise,False,True,True,True,True,-4.418223747751043
K25-023,469,5362.837725764244,5363.486312528417,cruise,False,True,True,True,True,-4.431048188543912
K25-023,470,5363.486312528417,5364.1348992925905,cruise,False,True,True,True,True,-4.4438537497001676
K25-023,471,5364.1348992925905,5364.520746450213,cruise,False,True,True,True,True,-4.4514629012301015
K25-023,472,5364.520746450213,5364.906593607835,cruise,False,True,True,True,True,-4.459065402291486
K25-023,473,5364.906593607835,5365.941027529657,cruise,False,True,True,True,True,-4.4794145425798035
K25-023,474,5365.941027529657,5366.975461451479,cruise,False,True,True,True,True,-4.499716188623381
K25-023,475,5366.975461451479,5368.009895373274,cruise,False,True,True,True,True,-4.5199705612920695
K25-023,476,5368.009895373274,5369.0443292950695,cruise,False,True,True,True,True,-4.5401778799176356
K25-023,477,5369.0443292950695,5370.0787632168785,cruise,False,True,True,True,True,-4.56033836231353
K25-023,478,5370.0787632168785,5371.113197138688,cruise,False,True,True,True,True,-4.580452224784523
K25-023,479,5371.113197138688,5372.147631060497,cruise,False,True,True,True,True,-4.600519682144508
K25-023,480,5372.147631060497,5373.182064982306,cruise,False,True,True,True,True,-4.6205409477267665
K25-023,481,5373.182064982306,5374.216498904101,cruise,False,True,True,True,True,-4.640516233398529
K25-023,482,5374.216498904101,5375.250932825897,cruise,False,True,True,True,True,-4.660445749576226
K25-023,483,5375.250932825897,5376.285366747718,cruise,False,True,True,True,True,-4.680329705236332
K25-023,484,5376.285366747718,5377.31980066954,cruise,False,True,True,True,True,-4.7001683079291325
K25-023,485,5377.31980066954,5378.354234591336,cruise,False,True,True,True,True,-4.7199617637930515
K25-023,486,5378.354234591336,5379.388668513131,cruise,False,True,True,True,True,-4.739710277563404
K25-023,487,5379.388668513131,5380.4231024349265,cruise,False,True,True,True,True,-4.759414052590756
K25-023,488,5380.4231024349265,5381.457536356722,cruise,False,True,True,True,True,-4.7790732908496665
K25-023,489,5381.457536356722,5382.491970278544,cruise,False,True,True,True,True,-4.798688192951843
K25-023,490,5382.491970278544,5383.5264042003655,cruise,False,True,True,True,True,-4.818258958158069
K25-023,491,5383.5264042003655,5383.628767683023,cruise,False,True,True,True,True,-4.820193211181092
K25-023,492,5383.628767683023,5383.731131165681,cruise,False,True,True,True,True,-4.822127034132194
K25-023,493,5383.731131165681,5384.663201604819,cruise,False,True,True,True,True,-4.839715700096974
K25-023,494,5384.663201604819,5385.595272043956,cruise,False,True,True,True,True,-4.857268868244063
K25-023,495,5385.595272043956,5386.629705965765,cruise,False,True,True,True,True,-4.87670840500175
K25-023,496,5386.629705965765,5387.6641398875745,cruise,False,True,True,True,True,-4.896104588640156
K25-023,497,5387.6641398875745,5388.698573809384,cruise,False,True,True,True,True,-4.91545761184662
K25-023,498,5388.698573809384,5389.733007731193,cruise,False,True,True,True,True,-4.934767666027668
K25-023,499,5389.733007731193,5390.767441652988,cruise,False,True,True,True,True,-4.954034941320245
K25-023,500,5390.767441652988,5391.8018755747835,cruise,False,True,True,True,True,-4.973259626604715
K25-023,501,5391.8018755747835,5392.836309496593,cruise,False,True,True,True,True,-4.992441909514838
K25-023,502,5392.836309496593,5393.870743418402,cruise,False,True,True,True,True,-5.0115819764475305
K25-023,503,5393.870743418402,5394.905177340211,cruise,False,True,True,True,True,-5.030680012576511
K25-023,504,5394.905177340211,5395.93961126202,cruise,False,True,True,True,True,-5.049736201861023
K25-023,505,5395.93961126202,5396.974045183815,cruise,False,True,True,True,True,-5.068750727055175
K25-023,506,5396.974045183815,5398.008479105611,cruise,False,True,True,True,True,-5.087723769722089
K25-023,507,5398.008479105611,5399.042913027432,cruise,False,True,True,True,True,-5.1066555102403015
K25-023,508,5399.042913027432,5400.077346949254,cruise,False,True,True,True,True,-5.125546127817898
K25-023,509,5400.077346949254,5401.11178087105,cruise,False,True,True,True,True,-5.144395800498529
K25-023,510,5401.11178087105,5402.146214792845,cruise,False,True,True,True,True,-5.1632047051749765
K25-023,511,5402.146214792845,5402.73678891581,cruise,False,True,True,True,True,-5.1739247820882355
K25-023,512,5402.73678891581,5403.327363038776,cruise,False,True,True,True,True,-5.184631660748622
K25-023,513,5403.327363038776,5403.771222837606,cruise,False,True,True,True,True,-5.192669998146755
K25-023,514,5403.771222837606,5404.215082636436,cruise,False,True,True,True,True,-5.200700912380199
K25-023,515,5404.215082636436,5405.249516558258,cruise,False,True,True,True,True,-5.2193885630214965
K25-023,516,5405.249516558258,5406.2839504800795,cruise,False,True,True,True,True,-5.238036141900054
K25-023,517,5406.2839504800795,5407.318384401875,cruise,False,True,True,True,True,-5.256643820292737
K25-023,518,5407.318384401875,5408.35281832367,cruise,False,True,True,True,True,-5.275211768382945
K25-023,519,5408.35281832367,5409.387252245479,cruise,False,True,True,True,True,-5.2937401552667325
K25-023,520,5409.387252245479,5410.4216861672885,cruise,False,True,True,True,True,-5.312229148966992
K25-023,521,5410.4216861672885,5411.456120089098,cruise,False,True,True,True,True,-5.330678916436142
K25-023,522,5411.456120089098,5412.490554010907,cruise,False,True,True,True,True,-5.3490896235732635
K25-023,523,5412.490554010907,5413.524987932702,cruise,False,True,True,True,True,-5.367461435225124
K25-023,524,5413.524987932702,5414.5594218544975,cruise,False,True,True,True,True,-5.385794515197958
K25-023,525,5414.5594218544975,5415.593855776319,cruise,False,True,True,True,True,-5.404089026270384
K25-023,526,5415.593855776319,5416.628289698141,cruise,False,True,True,True,True,-5.422345130193193
K25-023,527,5416.628289698141,5417.6627236199365,cruise,False,True,True,True,True,-5.440562987706741
K25-023,528,5417.6627236199365,5418.697157541732,cruise,False,True,True,True,True,-5.458742758544616
K25-023,529,5418.697157541732,5419.731591463527,cruise,False,True,True,True,True,-5.476884601441
K25-023,530,5419.731591463527,5420.766025385323,cruise,False,True,True,True,True,-5.494988674144508
K25-023,531,5420.766025385323,5421.800459307145,cruise,False,True,True,True,True,-5.513055133419641
K25-023,532,5421.800459307145,5422.834893228966,cruise,False,True,True,True,True,-5.531084135060411
K25-023,533,5422.834893228966,5422.879244071419,cruise,False,True,True,True,True,-5.531856284526754
K25-023,534,5422.879244071419,5422.923594913871,cruise,False,True,True,True,True,-5.532628365435073
K25-023,535,5422.923594913871,5423.913677993214,cruise,False,True,True,True,True,-5.549846387466815
K25-023,536,5423.913677993214,5424.903761072557,cruise,False,True,True,True,True,-5.567030383789074
K25-023,537,5424.903761072557,5425.938194994366,cruise,False,True,True,True,True,-5.584947937672197
K25-023,538,5425.938194994366,5426.972628916175,cruise,False,True,True,True,True,-5.60282864752088
K25-023,539,5426.972628916175,5428.007062837984,cruise,False,True,True,True,True,-5.620672664384102
K25-023,540,5428.007062837984,5429.0414967597935,cruise,False,True,True,True,True,-5.6384801383835
K25-023,541,5429.0414967597935,5430.075930681589,cruise,False,True,True,True,True,-5.656251218719802
K25-023,542,5430.075930681589,5431.110364603384,cruise,False,True,True,True,True,-5.673986053687429
K25-023,543,5431.110364603384,5432.144798525193,cruise,False,True,True,True,True,-5.691684790673122
K25-023,544,5432.144798525193,5433.1792324470025,cruise,False,True,True,True,True,-5.709347576170586
K25-023,545,5433.1792324470025,5434.213666368812,cruise,False,True,True,True,True,-5.7269745557816805
K25-023,546,5434.213666368812,5435.248100290621,cruise,False,True,True,True,True,-5.7445658742288686
K25-023,547,5435.248100290621,5436.282534212416,cruise,False,True,True,True,True,-5.762121675359282
K25-023,548,5436.282534212416,5437.3169681342115,cruise,False,True,True,True,True,-5.779642102150802
K25-023,549,5437.3169681342115,5438.351402056033,cruise,False,True,True,True,True,-5.797127296723303
K25-023,550,5438.351402056033,5439.385835977855,cruise,False,True,True,True,True,-5.8145774003397435
K25-023,551,5439.385835977855,5440.1399796842,cruise,False,True,True,True,True,-5.827277187656819
K25-023,552,5440.1399796842,5440.894123390544,cruise,False,True,True,True,True,-5.839958452931626
K25-023,553,5440.894123390544,5525.8637065204275,descent,False,True,True,True,True,-5.839958452931626
K25-023,554,5525.8637065204275,5921.8637065204275,handoff,False,True,True,True,True,-5.835887289603264
K25-023,555,5921.8637065204275,5989.839373024333,return_climb,False,True,True,True,True,-5.839958452931626
K25-023,556,5989.839373024333,5990.593516730678,return_cruise,False,True,True,True,True,-5.839958452931626
K25-023,557,5990.593516730678,5991.347660437023,return_cruise,False,True,True,True,True,-5.827277187656819
K25-023,558,5991.347660437023,5992.382094358844,return_cruise,False,True,True,True,True,-5.8145774003397435
K25-023,559,5992.382094358844,5993.416528280666,return_cruise,False,True,True,True,True,-5.797127296723303
K25-023,560,5993.416528280666,5994.450962202462,return_cruise,False,True,True,True,True,-5.779642102150802
K25-023,561,5994.450962202462,5995.485396124257,return_cruise,False,True,True,True,True,-5.762121675359282
K25-023,562,5995.485396124257,5996.519830046066,return_cruise,False,True,True,True,True,-5.7445658742288686
K25-023,563,5996.519830046066,5997.554263967875,return_cruise,False,True,True,True,True,-5.7269745557816805
K25-023,564,5997.554263967875,5998.588697889684,return_cruise,False,True,True,True,True,-5.709347576170586
K25-023,565,5998.588697889684,5999.623131811493,return_cruise,False,True,True,True,True,-5.691684790673122
K25-023,566,5999.623131811493,6000.657565733289,return_cruise,False,True,True,True,True,-5.673986053687429
K25-023,567,6000.657565733289,6001.691999655084,return_cruise,False,True,True,True,True,-5.656251218719802
K25-023,568,6001.691999655084,6002.726433576893,return_cruise,False,True,True,True,True,-5.6384801383835
K25-023,569,6002.726433576893,6003.760867498702,return_cruise,False,True,True,True,True,-5.620672664384102
K25-023,570,6003.760867498702,6004.795301420511,return_cruise,False,True,True,True,True,-5.60282864752088
K25-023,571,6004.795301420511,6005.82973534232,return_cruise,False,True,True,True,True,-5.584947937671657
K25-023,572,6005.82973534232,6006.8198184216635,return_cruise,False,True,True,True,True,-5.567030383789074
K25-023,573,6006.8198184216635,6007.809901501007,return_cruise,False,True,True,True,True,-5.549846387466815
K25-023,574,6007.809901501007,6007.854252343459,return_cruise,False,True,True,True,True,-5.532628365435073
K25-023,575,6007.854252343459,6007.898603185911,return_cruise,False,True,True,True,True,-5.531856284526754
K25-023,576,6007.898603185911,6008.933037107733,return_cruise,False,True,True,True,True,-5.531084135060411
K25-023,577,6008.933037107733,6009.967471029555,return_cruise,False,True,True,True,True,-5.513055133419641
K25-023,578,6009.967471029555,6011.00190495135,return_cruise,False,True,True,True,True,-5.494988674144508
K25-023,579,6011.00190495135,6012.036338873146,return_cruise,False,True,True,True,True,-5.476884601441
K25-023,580,6012.036338873146,6013.070772794941,return_cruise,False,True,True,True,True,-5.458742758544616
K25-023,581,6013.070772794941,6014.105206716737,return_cruise,False,True,True,True,True,-5.440562987706741
K25-023,582,6014.105206716737,6015.139640638558,return_cruise,False,True,True,True,True,-5.422345130193193
K25-023,583,6015.139640638558,6016.17407456038,return_cruise,False,True,True,True,True,-5.404089026270384
K25-023,584,6016.17407456038,6017.208508482176,return_cruise,False,True,True,True,True,-5.385794515197958
K25-023,585,6017.208508482176,6018.242942403971,return_cruise,False,True,True,True,True,-5.367461435225124
K25-023,586,6018.242942403971,6019.27737632578,return_cruise,False,True,True,True,True,-5.3490896235732635
K25-023,587,6019.27737632578,6020.311810247589,return_cruise,False,True,True,True,True,-5.330678916436142
K25-023,588,6020.311810247589,6021.346244169398,return_cruise,False,True,True,True,True,-5.312229148966992
K25-023,589,6021.346244169398,6022.380678091207,return_cruise,False,True,True,True,True,-5.293740155266178
K25-023,590,6022.380678091207,6023.415112013003,return_cruise,False,True,True,True,True,-5.275211768382945
K25-023,591,6023.415112013003,6024.449545934798,return_cruise,False,True,True,True,True,-5.256643820292737
K25-023,592,6024.449545934798,6025.48397985662,return_cruise,False,True,True,True,True,-5.238036141900054
K25-023,593,6025.48397985662,6026.518413778442,return_cruise,False,True,True,True,True,-5.2193885630214965
K25-023,594,6026.518413778442,6026.962273577272,return_cruise,False,True,True,True,True,-5.200700912380199
K25-023,595,6026.962273577272,6027.406133376102,return_cruise,False,True,True,True,True,-5.192669998146755
K25-023,596,6027.406133376102,6027.996707499067,return_cruise,False,True,True,True,True,-5.184631660748622
K25-023,597,6027.996707499067,6028.587281622033,return_cruise,False,True,True,True,True,-5.1739247820882355
K25-023,598,6028.587281622033,6029.621715543828,return_cruise,False,True,True,True,True,-5.1632047051749765
K25-023,599,6029.621715543828,6030.6561494656235,return_cruise,False,True,True,True,True,-5.144395800498529
K25-023,600,6030.6561494656235,6031.690583387445,return_cruise,False,True,True,True,True,-5.125546127817898
K25-023,601,6031.690583387445,6032.725017309267,return_cruise,False,True,True,True,True,-5.1066555102403015
K25-023,602,6032.725017309267,6033.7594512310625,return_cruise,False,True,True,True,True,-5.087723769722089
K25-023,603,6033.7594512310625,6034.793885152858,return_cruise,False,True,True,True,True,-5.068750727055175
K25-023,604,6034.793885152858,6035.828319074667,return_cruise,False,True,True,True,True,-5.049736201861023
K25-023,605,6035.828319074667,6036.862752996476,return_cruise,False,True,True,True,True,-5.030680012576511
K25-023,606,6036.862752996476,6037.897186918285,return_cruise,False,True,True,True,True,-5.0115819764475305
K25-023,607,6037.897186918285,6038.931620840094,return_cruise,False,True,True,True,True,-4.99244190951427
K25-023,608,6038.931620840094,6039.96605476189,return_cruise,False,True,True,True,True,-4.973259626604715
K25-023,609,6039.96605476189,6041.000488683685,return_cruise,False,True,True,True,True,-4.954034941320245
K25-023,610,6041.000488683685,6042.034922605494,return_cruise,False,True,True,True,True,-4.934767666027668
K25-023,611,6042.034922605494,6043.069356527303,return_cruise,False,True,True,True,True,-4.915457611847188
K25-023,612,6043.069356527303,6044.103790449112,return_cruise,False,True,True,True,True,-4.896104588640156
K25-023,613,6044.103790449112,6045.138224370921,return_cruise,False,True,True,True,True,-4.87670840500175
K25-023,614,6045.138224370921,6046.070294810059,return_cruise,False,True,True,True,True,-4.857268868244063
K25-023,615,6046.070294810059,6047.002365249196,return_cruise,False,True,True,True,True,-4.839715700096974
K25-023,616,6047.002365249196,6047.104728731854,return_cruise,False,True,True,True,True,-4.822127034132194
K25-023,617,6047.104728731854,6047.207092214512,return_cruise,False,True,True,True,True,-4.820193211181092
K25-023,618,6047.207092214512,6048.241526136334,return_cruise,False,True,True,True,True,-4.818258958158069
K25-023,619,6048.241526136334,6049.275960058156,return_cruise,False,True,True,True,True,-4.798688192951843
K25-023,620,6049.275960058156,6050.310393979951,return_cruise,False,True,True,True,True,-4.7790732908496665
K25-023,621,6050.310393979951,6051.344827901747,return_cruise,False,True,True,True,True,-4.759414052590756
K25-023,622,6051.344827901747,6052.379261823542,return_cruise,False,True,True,True,True,-4.739710277563404
K25-023,623,6052.379261823542,6053.4136957453375,return_cruise,False,True,True,True,True,-4.7199617637930515
K25-023,624,6053.4136957453375,6054.448129667159,return_cruise,False,True,True,True,True,-4.7001683079291325
K25-023,625,6054.448129667159,6055.482563588981,return_cruise,False,True,True,True,True,-4.680329705236332
K25-023,626,6055.482563588981,6056.5169975107765,return_cruise,False,True,True,True,True,-4.660445749576226
K25-023,627,6056.5169975107765,6057.551431432572,return_cruise,False,True,True,True,True,-4.640516233398529
K25-023,628,6057.551431432572,6058.585865354381,return_cruise,False,True,True,True,True,-4.6205409477267665
K25-023,629,6058.585865354381,6059.62029927619,return_cruise,False,True,True,True,True,-4.600519682144508
K25-023,630,6059.62029927619,6060.654733197999,return_cruise,False,True,True,True,True,-4.580452224784523
K25-023,631,6060.654733197999,6061.689167119808,return_cruise,False,True,True,True,True,-4.56033836231353
K25-023,632,6061.689167119808,6062.723601041604,return_cruise,False,True,True,True,True,-4.5401778799176356
K25-023,633,6062.723601041604,6063.758034963399,return_cruise,False,True,True,True,True,-4.5199705612920695
K25-023,634,6063.758034963399,6064.792468885221,return_cruise,False,True,True,True,True,-4.499716188623381
K25-023,635,6064.792468885221,6065.826902807043,return_cruise,False,True,True,True,True,-4.4794145425798035
K25-023,636,6065.826902807043,6066.212749964665,return_cruise,False,True,True,True,True,-4.459065402291486
K25-023,637,6066.212749964665,6066.598597122287,return_cruise,False,True,True,True,True,-4.4514629012301015
K25-023,638,6066.598597122287,6067.24718388646,return_cruise,False,True,True,True,True,-4.4438537497001676
K25-023,639,6067.24718388646,6067.8957706506335,return_cruise,False,True,True,True,True,-4.431048188543912
K25-023,640,6067.8957706506335,6068.930204572429,return_cruise,False,True,True,True,True,-4.418223747751043
K25-023,641,6068.930204572429,6069.964638494224,return_cruise,False,True,True,True,True,-4.397730783957428
K25-023,642,6069.964638494224,6070.999072416046,return_cruise,False,True,True,True,True,-4.37718942680965
K25-023,643,6070.999072416046,6072.033506337868,return_cruise,False,True,True,True,True,-4.356599447543985
K25-023,644,6072.033506337868,6073.067940259663,return_cruise,False,True,True,True,True,-4.335960615779101
K25-023,645,6073.067940259663,6074.102374181459,return_cruise,False,True,True,True,True,-4.315272699489782
K25-023,646,6074.102374181459,6075.136808103268,return_cruise,False,True,True,True,True,-4.294535464997978
K25-023,647,6075.136808103268,6076.171242025077,return_cruise,False,True,True,True,True,-4.2737486769572115
K25-023,648,6076.171242025077,6077.205675946886,return_cruise,False,True,True,True,True,-4.252912098329745
K25-023,649,6077.205675946886,6078.240109868695,return_cruise,False,True,True,True,True,-4.23202549038362
K25-023,650,6078.240109868695,6079.2745437904905,return_cruise,False,True,True,True,True,-4.211088612660461
K25-023,651,6079.2745437904905,6080.308977712286,return_cruise,False,True,True,True,True,-4.190101222972444
K25-023,652,6080.308977712286,6081.343411634095,return_cruise,False,True,True,True,True,-4.1690630773777855
K25-023,653,6081.343411634095,6082.377845555904,return_cruise,False,True,True,True,True,-4.14797393016363
K25-023,654,6082.377845555904,6083.412279477713,return_cruise,False,True,True,True,True,-4.1268335338379245
K25-023,655,6083.412279477713,6084.446713399522,return_cruise,False,True,True,True,True,-4.105641639097485
K25-023,656,6084.446713399522,6085.320771198454,return_cruise,False,True,True,True,True,-4.084397994825437
K25-023,657,6085.320771198454,6086.194828997386,return_cruise,False,True,True,True,True,-4.066407389845239
K25-023,658,6086.194828997386,6086.35520512025,return_cruise,False,True,True,True,True,-4.048379503485592
K25-023,659,6086.35520512025,6086.515581243113,return_cruise,False,True,True,True,True,-4.045067604388777
K25-023,660,6086.515581243113,6087.550015164935,return_cruise,False,True,True,True,True,-4.041754443995018
K25-023,661,6087.550015164935,6088.584449086757,return_cruise,False,True,True,True,True,-4.020354025933074
K25-023,662,6088.584449086757,6089.618883008552,return_cruise,False,True,True,True,True,-3.9989008352942648
K25-023,663,6089.618883008552,6090.6533169303475,return_cruise,False,True,True,True,True,-3.977394611587343
K25-023,664,6090.6533169303475,6091.687750852143,return_cruise,False,True,True,True,True,-3.95583509238827
K25-023,665,6091.687750852143,6092.722184773938,return_cruise,False,True,True,True,True,-3.934222013322227
K25-023,666,6092.722184773938,6093.75661869576,return_cruise,False,True,True,True,True,-3.912555108048764
K25-023,667,6093.75661869576,6094.791052617582,return_cruise,False,True,True,True,True,-3.8908341082365467
K25-023,668,6094.791052617582,6095.825486539377,return_cruise,False,True,True,True,True,-3.8690587435483366
K25-023,669,6095.825486539377,6096.859920461173,return_cruise,False,True,True,True,True,-3.8472287416171866
K25-023,670,6096.859920461173,6097.894354382982,return_cruise,False,True,True,True,True,-3.8253438280280534
K25-023,671,6097.894354382982,6098.928788304791,return_cruise,False,True,True,True,True,-3.8034037262962244
K25-023,672,6098.928788304791,6099.9632222266,return_cruise,False,True,True,True,True,-3.781408157847224
K25-023,673,6099.9632222266,6100.997656148409,return_cruise,False,True,True,True,True,-3.7593568419966488
K25-023,674,6100.997656148409,6102.0320900702045,return_cruise,False,True,True,True,True,-3.7372494959280402
K25-023,675,6102.0320900702045,6103.066523992,return_cruise,False,True,True,True,True,-3.715085834669182
K25-023,676,6103.066523992,6104.100957913822,return_cruise,False,True,True,True,True,-3.692865571072687
K25-023,677,6104.100957913822,6105.1353918356435,return_cruise,False,True,True,True,True,-3.670588415793034
K25-023,678,6105.1353918356435,6105.463226353061,return_cruise,False,True,True,True,True,-3.6482540772656193
K25-023,679,6105.463226353061,6105.791060870479,return_cruise,False,True,True,True,True,-3.6411638612682538
K25-023,680,6105.791060870479,6106.4976602748575,return_cruise,False,True,True,True,True,-3.6340678629302516
K25-023,681,6106.4976602748575,6107.204259679236,return_cruise,False,True,True,True,True,-3.6187537682833977
K25-023,682,6107.204259679236,6108.238693601032,return_cruise,False,True,True,True,True,-3.6034126729666554
K25-023,683,6108.238693601032,6109.273127522827,return_cruise,False,True,True,True,True,-3.5809050127553235
K25-023,684,6109.273127522827,6110.307561444649,return_cruise,False,True,True,True,True,-3.558338980369996
K25-023,685,6110.307561444649,6111.341995366471,return_cruise,False,True,True,True,True,-3.535714272795559
K25-023,686,6111.341995366471,6112.376429288266,return_cruise,False,True,True,True,True,-3.5130305846569314
K25-023,687,6112.376429288266,6113.4108632100615,return_cruise,False,True,True,True,True,-3.4902876081924177
K25-023,688,6113.4108632100615,6114.445297131871,return_cruise,False,True,True,True,True,-3.4674850332289395
K25-023,689,6114.445297131871,6115.47973105368,return_cruise,False,True,True,True,True,-3.444622547157522
K25-023,690,6115.47973105368,6116.514164975489,return_cruise,False,True,True,True,True,-3.4216998349092194
K25-023,691,6116.514164975489,6117.548598897298,return_cruise,False,True,True,True,True,-3.3987165789254306
K25-023,692,6117.548598897298,6118.583032819093,return_cruise,False,True,True,True,True,-3.375672459135643
K25-023,693,6118.583032819093,6119.617466740889,return_cruise,False,True,True,True,True,-3.35256715292968
K25-023,694,6119.617466740889,6120.651900662698,return_cruise,False,True,True,True,True,-3.329400335128639
K25-023,695,6120.651900662698,6121.686334584507,return_cruise,False,True,True,True,True,-3.3061716779601653
K25-023,696,6121.686334584507,6122.720768506316,return_cruise,False,True,True,True,True,-3.2828808510313365
K25-023,697,6122.720768506316,6123.755202428125,return_cruise,False,True,True,True,True,-3.2595275212970307
K25-023,698,6123.755202428125,6124.571247585849,return_cruise,False,True,True,True,True,-3.236111353035568
K25-023,699,6124.571247585849,6125.387292743573,return_cruise,False,True,True,True,True,-3.2175942240658344
K25-023,700,6125.387292743573,6125.6056815076445,return_cruise,False,True,True,True,True,-3.199037610690141
K25-023,701,6125.6056815076445,6125.824070271716,return_cruise,False,True,True,True,True,-3.194064799163314
K25-023,702,6125.824070271716,6126.858504193538,return_cruise,False,True,True,True,True,-3.1890891444808744
K25-023,703,6126.858504193538,6127.892938115359,return_cruise,False,True,True,True,True,-3.1654824190906083
K25-023,704,6127.892938115359,6128.927372037155,return_cruise,False,True,True,True,True,-3.1418114849229966
K25-023,705,6128.927372037155,6129.96180595895,return_cruise,False,True,True,True,True,-3.1180759924263697
K25-023,706,6129.96180595895,6130.996239880746,return_cruise,False,True,True,True,True,-3.0942755891919376
K25-023,707,6130.996239880746,6132.030673802541,return_cruise,False,True,True,True,True,-3.0704099199239607
K25-023,708,6132.030673802541,6133.065107724363,return_cruise,False,True,True,True,True,-3.0464786264059427
K25-023,709,6133.065107724363,6134.099541646185,return_cruise,False,True,True,True,True,-3.022481347473388
K25-023,710,6134.099541646185,6135.13397556798,return_cruise,False,True,True,True,True,-2.9984177189741814
K25-023,711,6135.13397556798,6136.1684094897755,return_cruise,False,True,True,True,True,-2.9742873737435787
K25-023,712,6136.1684094897755,6137.202843411585,return_cruise,False,True,True,True,True,-2.9500899415630073
K25-023,713,6137.202843411585,6138.237277333394,return_cruise,False,True,True,True,True,-2.9258250491338487
K25-023,714,6138.237277333394,6139.271711255203,return_cruise,False,True,True,True,True,-2.9014923200376757
K25-023,715,6139.271711255203,6140.306145177012,return_cruise,False,True,True,True,True,-2.877091374701351
K25-023,716,6140.306145177012,6141.340579098807,return_cruise,False,True,True,True,True,-2.8526218303685056
K25-023,717,6141.340579098807,6142.375013020603,return_cruise,False,True,True,True,True,-2.8280833010553295
K25-023,718,6142.375013020603,6143.409446942424,return_cruise,False,True,True,True,True,-2.803475397519634
K25-023,719,6143.409446942424,6144.443880864246,return_cruise,False,True,True,True,True,-2.7787977272220985
K25-023,720,6144.443880864246,6144.713702741458,return_cruise,False,True,True,True,True,-2.754049894288954
K25-023,721,6144.713702741458,6144.98352461867,return_cruise,False,True,True,True,True,-2.7475830795032437
K25-023,722,6144.98352461867,6145.748136663254,return_cruise,False,True,True,True,True,-2.741111456752151
K25-023,723,6145.748136663254,6146.512748707837,return_cruise,False,True,True,True,True,-2.722746213248783
K25-023,724,6146.512748707837,6147.5471826296325,return_cruise,False,True,True,True,True,-2.7043421401306063
K25-023,725,6147.5471826296325,6148.581616551428,return_cruise,False,True,True,True,True,-2.6793814101474283
K25-023,726,6148.581616551428,6149.61605047325,return_cruise,False,True,True,True,True,-2.654348899934348
K25-023,727,6149.61605047325,6150.6504843950715,return_cruise,False,True,True,True,True,-2.6292441963701094
K25-023,728,6150.6504843950715,6151.684918316867,return_cruise,False,True,True,True,True,-2.604066882769274
K25-023,729,6151.684918316867,6152.719352238662,return_cruise,False,True,True,True,True,-2.578816538831319
K25-023,730,6152.719352238662,6153.7537861604715,return_cruise,False,True,True,True,True,-2.553492740607723
K25-023,731,6153.7537861604715,6154.7882200822805,return_cruise,False,True,True,True,True,-2.528095060450852
K25-023,732,6154.7882200822805,6155.82265400409,return_cruise,False,True,True,True,True,-2.5026230669837872
K25-023,733,6155.82265400409,6156.857087925899,return_cruise,False,True,True,True,True,-2.477076325044038
K25-023,734,6156.857087925899,6157.891521847694,return_cruise,False,True,True,True,True,-2.4514543956418606
K25-023,735,6157.891521847694,6158.9259557694895,return_cruise,False,True,True,True,True,-2.4257568359277855
K25-023,736,6158.9259557694895,6159.960389691311,return_cruise,False,True,True,True,True,-2.399983199125927
K25-023,737,6159.960389691311,6160.994823613133,return_cruise,False,True,True,True,True,-2.3741330345066842
K25-023,738,6160.994823613133,6162.029257534929,return_cruise,False,True,True,True,True,-2.348205887330977
K25-023,739,6162.029257534929,6163.063691456724,return_cruise,False,True,True,True,True,-2.3222012988027814
K25-023,740,6163.063691456724,6163.821723974243,return_cruise,False,True,True,True,True,-2.2961188060242392
K25-023,741,6163.821723974243,6164.579756491761,return_cruise,False,True,True,True,True,-2.2769558408229784
K25-023,742,6164.579756491761,6164.856157896038,return_cruise,False,True,True,True,True,-2.2577506054992114
K25-023,743,6164.856157896038,6165.132559300315,return_cruise,False,True,True,True,True,-2.2507372473415472
K25-023,744,6165.132559300315,6166.166993222137,return_cruise,False,True,True,True,True,-2.2437182353012872
K25-023,745,6166.166993222137,6167.201427143958,return_cruise,False,True,True,True,True,-2.2173992105954596
K25-023,746,6167.201427143958,6168.235861065754,return_cruise,False,True,True,True,True,-2.1910003880134212
K25-023,747,6168.235861065754,6169.270294987549,return_cruise,False,True,True,True,True,-2.1645212833896323
K25-023,748,6169.270294987549,6170.304728909345,return_cruise,False,True,True,True,True,-2.137961408143994
K25-023,749,6170.304728909345,6171.33916283114,return_cruise,False,True,True,True,True,-2.1113202692408066
K25-023,750,6171.33916283114,6172.373596752962,return_cruise,False,True,True,True,True,-2.0845973691235287
K25-023,751,6172.373596752962,6173.408030674784,return_cruise,False,True,True,True,True,-2.0577922056635884
K25-023,752,6173.408030674784,6174.442464596579,return_cruise,False,True,True,True,True,-2.0309042721074633
K25-023,753,6174.442464596579,6175.476898518375,return_cruise,False,True,True,True,True,-2.0039330570135263
K25-023,754,6175.476898518375,6176.511332440184,return_cruise,False,True,True,True,True,-1.9768780441997222
K25-023,755,6176.511332440184,6177.545766361993,return_cruise,False,True,True,True,True,-1.9497387126803858
K25-023,756,6177.545766361993,6178.580200283802,return_cruise,False,True,True,True,True,-1.9225145366121552
K25-023,757,6178.580200283802,6179.614634205611,return_cruise,False,True,True,True,True,-1.8952049852263713
K25-023,758,6179.614634205611,6180.649068127406,return_cruise,False,True,True,True,True,-1.8678095227744933
K25-023,759,6180.649068127406,6181.683502049202,return_cruise,False,True,True,True,True,-1.8403276084621467
K25-023,760,6181.683502049202,6182.7179359710235,return_cruise,False,True,True,True,True,-1.8127586963849325
K25-023,761,6182.7179359710235,6183.752369892845,return_cruise,False,True,True,True,True,-1.7851022354662405
K25-023,762,6183.752369892845,6183.9641791288495,return_cruise,False,True,True,True,True,-1.7573576693917516
K25-023,763,6183.9641791288495,6184.175988364854,return_cruise,False,True,True,True,True,-1.7516658131267917
K25-023,764,6184.175988364854,6184.998613050646,return_cruise,False,True,True,True,True,-1.745970234580966
K25-023,765,6184.998613050646,6185.821237736438,return_cruise,False,True,True,True,True,-1.723814355236172
K25-023,766,6185.821237736438,6186.855671658233,return_cruise,False,True,True,True,True,-1.7016019699256617
K25-023,767,6186.855671658233,6187.890105580029,return_cruise,False,True,True,True,True,-1.6735896971089943
K25-023,768,6187.890105580029,6188.924539501851,return_cruise,False,True,True,True,True,-1.6454870401498596
K25-023,769,6188.924539501851,6189.958973423672,return_cruise,False,True,True,True,True,-1.6172934155217717
K25-023,770,6189.958973423672,6190.993407345468,return_cruise,False,True,True,True,True,-1.5890082340487908
K25-023,771,6190.993407345468,6192.027841267263,return_cruise,False,True,True,True,True,-1.5606309008285564
K25-023,772,6192.027841267263,6193.062275189072,return_cruise,False,True,True,True,True,-1.5321608151556632
K25-023,773,6193.062275189072,6194.096709110881,return_cruise,False,True,True,True,True,-1.5035973704498815
K25-023,774,6194.096709110881,6195.1311430326905,return_cruise,False,True,True,True,True,-1.4749399541811385
K25-023,775,6195.1311430326905,6196.1655769545,return_cruise,False,True,True,True,True,-1.4461879477854467
K25-023,776,6196.1655769545,6197.200010876295,return_cruise,False,True,True,True,True,-1.417340726590652
K25-023,777,6197.200010876295,6198.23444479809,return_cruise,False,True,True,True,True,-1.3883976597361425
K25-023,778,6198.23444479809,6199.268878719912,return_cruise,False,True,True,True,True,-1.3593581100869727
K25-023,779,6199.268878719912,6200.303312641734,return_cruise,False,True,True,True,True,-1.3302214341538416
K25-023,780,6200.303312641734,6201.337746563529,return_cruise,False,True,True,True,True,-1.3009869820094195
K25-023,781,6201.337746563529,6202.372180485325,return_cruise,False,True,True,True,True,-1.271654097200738
K25-023,782,6202.372180485325,6203.072200362639,return_cruise,False,True,True,True,True,-1.2422221166614094
K25-023,783,6203.072200362639,6203.772220239953,return_cruise,False,True,True,True,True,-1.222248411722802
K25-023,784,6203.772220239953,6204.106634284435,return_cruise,False,True,True,True,True,-1.2022288102881618
K25-023,785,6204.106634284435,6204.4410483289175,return_cruise,False,True,True,True,True,-1.1926487691761594
K25-023,786,6204.4410483289175,6205.475482250739,return_cruise,False,True,True,True,True,-1.1830581825226432
K25-023,787,6205.475482250739,6206.509916172561,return_cruise,False,True,True,True,True,-1.153324868920734
K25-023,788,6206.509916172561,6207.544350094357,return_cruise,False,True,True,True,True,-1.123489739393122
K25-023,789,6207.544350094357,6208.578784016152,return_cruise,False,True,True,True,True,-1.0935520964486471
K25-023,790,6208.578784016152,6209.613217937947,return_cruise,False,True,True,True,True,-1.0635112354246985
K25-023,791,6209.613217937947,6210.647651859743,return_cruise,False,True,True,True,True,-1.0333664443905093
K25-023,792,6210.647651859743,6211.682085781565,return_cruise,False,True,True,True,True,-1.0031170040537063
K25-023,793,6211.682085781565,6212.716519703386,return_cruise,False,True,True,True,True,-0.9727621876435961
K25-023,794,6212.716519703386,6213.750953625182,return_cruise,False,True,True,True,True,-0.9423012608285575
K25-023,795,6213.750953625182,6214.785387546977,return_cruise,False,True,True,True,True,-0.9117334815930604
K25-023,796,6214.785387546977,6215.819821468786,return_cruise,False,True,True,True,True,-0.8810581001371105
K25-023,797,6215.819821468786,6216.854255390595,return_cruise,False,True,True,True,True,-0.8502743587723103
K25-023,798,6216.854255390595,6217.8886893124045,return_cruise,False,True,True,True,True,-0.8193814917989357
K25-023,799,6217.8886893124045,6218.923123234214,return_cruise,False,True,True,True,True,-0.7883787254087622
K25-023,800,6218.923123234214,6219.957557156009,return_cruise,False,True,True,True,True,-0.7572652775561295
K25-023,801,6219.957557156009,6220.991991077804,return_cruise,False,True,True,True,True,-0.7260403578501382
K25-023,802,6220.991991077804,6222.026424999626,return_cruise,False,True,True,True,True,-0.6947031674339286
K25-023,803,6222.026424999626,6223.060858921448,return_cruise,False,True,True,True,True,-0.6632528988553617
K25-023,804,6223.060858921448,6223.214655517247,return_cruise,False,True,True,True,True,-0.6316887359622996
K25-023,805,6223.214655517247,6223.368452113045,return_cruise,False,True,True,True,True,-0.6269860930891298
K25-023,806,6223.368452113045,6224.249089439042,return_cruise,False,True,True,True,True,-0.622280911649824
K25-023,807,6224.249089439042,6225.129726765039,return_cruise,False,True,True,True,True,-0.5952900837623645
K25-023,808,6225.129726765039,6226.164160686834,return_cruise,False,True,True,True,True,-0.568215418287707
K25-023,809,6226.164160686834,6227.19859460863,return_cruise,False,True,True,True,True,-0.5363045864980194
K25-023,810,6227.19859460863,6228.2330285304515,return_cruise,False,True,True,True,True,-0.504276506110827
K25-023,811,6228.2330285304515,6229.267462452273,return_cruise,False,True,True,True,True,-0.4721303154906167
K25-023,812,6229.267462452273,6230.301896374069,return_cruise,False,True,True,True,True,-0.43986514349900574
K25-023,813,6230.301896374069,6231.336330295864,return_cruise,False,True,True,True,True,-0.40748010936837886
K25-023,814,6231.336330295864,6232.370764217673,return_cruise,False,True,True,True,True,-0.3749743225452562
K25-023,815,6232.370764217673,6233.405198139482,return_cruise,False,True,True,True,True,-0.3423468825529312
K25-023,816,6233.405198139482,6234.439632061291,return_cruise,False,True,True,True,True,-0.30959687884688947
K25-023,817,6234.439632061291,6235.4740659831,return_cruise,False,True,True,True,True,-0.27672339065702545
K25-023,818,6235.4740659831,6236.508499904896,return_cruise,False,True,True,True,True,-0.24372548684131345
K25-023,819,6236.508499904896,6237.542933826691,return_cruise,False,True,True,True,True,-0.210602225729275
K25-023,820,6237.542933826691,6238.577367748513,return_cruise,False,True,True,True,True,-0.17735265495548447
K25-023,821,6238.577367748513,6239.611801670335,return_cruise,False,True,True,True,True,-0.1439758113095735
K25-023,822,6239.611801670335,6240.64623559213,return_cruise,False,True,True,True,True,-0.11047072056088325
K25-023,823,6240.64623559213,6241.680669513926,return_cruise,False,True,True,True,True,-0.07683639730238667
K25-023,824,6241.680669513926,6242.322676750031,return_cruise,False,True,True,True,True,-0.04307184476573411
K25-023,825,6242.322676750031,6242.964683986136,return_cruise,False,True,True,True,True,-0.02205040154250071
K25-023,826,6242.964683986136,6243.357110671826,return_cruise,False,True,True,True,True,-0.00097816391712513
K25-023,827,6243.357110671826,6243.749537357517,return_cruise,True,False,True,True,True,0.011927351588710167
K25-023,828,6243.749537357517,6244.783971279338,return_cruise,True,False,True,True,True,0.024851993028676134
K25-023,829,6244.783971279338,6245.81840520116,return_cruise,True,False,True,True,True,0.05901333017760635
K25-023,830,6245.81840520116,6246.852839122956,return_cruise,True,False,True,True,True,0.09330900075117654
K25-023,831,6246.852839122956,6247.887273044751,return_cruise,True,False,True,True,True,0.1277400609708792
K25-023,832,6247.887273044751,6248.92170696656,return_cruise,True,False,True,True,True,0.16230757951232988
K25-023,833,6248.92170696656,6249.956140888369,return_cruise,True,False,True,True,True,0.19701263770012645
K25-023,834,6249.956140888369,6250.990574810178,return_cruise,True,False,True,True,True,0.23185632970091774
K25-023,835,6250.990574810178,6252.025008731987,return_cruise,True,False,True,True,True,0.26683976273793064
K25-023,836,6252.025008731987,6253.059442653783,return_cruise,True,False,True,True,True,0.30196405729248
K25-023,837,6253.059442653783,6254.093876575578,return_cruise,True,False,True,True,True,0.3372303473119018
K25-023,838,6254.093876575578,6255.128310497387,return_cruise,True,False,True,True,True,0.3726397804328485
K25-023,839,6255.128310497387,6256.162744419196,return_cruise,True,False,True,True,True,0.4081935181974927
K25-023,840,6256.162744419196,6257.197178341005,return_cruise,True,False,True,True,True,0.4438927362763536
K25-023,841,6257.197178341005,6258.231612262814,return_cruise,True,False,True,True,True,0.47973862470094275
K25-023,842,6258.231612262814,6259.26604618461,return_cruise,True,False,True,True,True,0.5157323880974332
K25-023,843,6259.26604618461,6260.300480106405,return_cruise,True,False,True,True,True,0.5518752459186373
K25-023,844,6260.300480106405,6261.334914028227,return_cruise,True,False,True,True,True,0.5881684326965768
K25-023,845,6261.334914028227,6262.369347950049,return_cruise,True,False,True,True,True,0.6246131982862835
K25-023,846,6262.369347950049,6262.465131905642,return_cruise,True,False,True,True,True,0.6612108081161807
K25-023,847,6262.465131905642,6262.560915861235,return_cruise,True,False,True,True,True,0.6646073598018205
K25-023,848,6262.560915861235,6263.499565827437,return_cruise,True,False,True,True,True,0.6680052339617646
K25-023,849,6263.499565827437,6264.43821579364,return_cruise,True,False,True,True,True,0.7013734318465907
K25-023,850,6264.43821579364,6265.472649715435,return_cruise,True,False,True,True,True,0.7348697016518742
K25-023,851,6265.472649715435,6266.507083637231,return_cruise,True,False,True,True,True,0.7719335964560514
K25-023,852,6266.507083637231,6267.541517559052,return_cruise,True,False,True,True,True,0.8091555582360144
K25-023,853,6267.541517559052,6268.575951480874,return_cruise,True,False,True,True,True,0.8465369342941358
K25-023,854,6268.575951480874,6269.61038540267,return_cruise,True,False,True,True,True,0.8840790891394334
K25-023,855,6269.61038540267,6270.644819324465,return_cruise,True,False,True,True,True,0.9217834047865665
K25-023,856,6270.644819324465,6271.679253246274,return_cruise,True,False,True,True,True,0.9596512810536382
K25-023,857,6271.679253246274,6272.713687168083,return_cruise,True,False,True,True,True,0.9976841358700455
K25-023,858,6272.713687168083,6273.748121089892,return_cruise,True,False,True,True,True,1.0358834055762713
K25-023,859,6273.748121089892,6274.782555011701,return_cruise,True,False,True,True,True,1.0742505452616058
K25-023,860,6274.782555011701,6275.816988933497,return_cruise,True,False,True,True,True,1.1127870290780493
K25-023,861,6275.816988933497,6276.851422855292,return_cruise,True,False,True,True,True,1.1514943505698199
K25-023,862,6276.851422855292,6277.885856777114,return_cruise,True,False,True,True,True,1.1903740230237219
K25-023,863,6277.885856777114,6278.920290698936,return_cruise,True,False,True,True,True,1.2294275798058152
K25-023,864,6278.920290698936,6279.954724620731,return_cruise,True,False,True,True,True,1.2686565747274443
K25-023,865,6279.954724620731,6280.989158542527,return_cruise,True,False,True,True,True,1.3080625823954648
K25-023,866,6280.989158542527,6281.573153138427,return_cruise,True,False,True,True,True,1.3476471985948422
K25-023,867,6281.573153138427,6282.157147734328,return_cruise,True,False,True,True,True,1.370074372241092
K25-023,868,6282.157147734328,6282.6075870602235,return_cruise,True,False,True,True,True,1.3925592815474914
K25-023,869,6282.6075870602235,6283.058026386119,return_cruise,True,False,True,True,True,1.40994168422165
K25-023,870,6283.058026386119,6284.092460307941,return_cruise,True,False,True,True,True,1.4273587478651706
K25-023,871,6284.092460307941,6285.126894229763,return_cruise,True,False,True,True,True,1.4674889818183345
K25-023,872,6285.126894229763,6286.161328151558,return_cruise,True,False,True,True,True,1.5078044268722266
K25-023,873,6286.161328151558,6287.195762073354,return_cruise,True,False,True,True,True,1.5483067905288124
K25-023,874,6287.195762073354,6288.230195995163,return_cruise,True,False,True,True,True,1.588997803872914
K25-023,875,6288.230195995163,6289.264629916972,return_cruise,True,False,True,True,True,1.6298792219991753
K25-023,876,6289.264629916972,6290.299063838781,return_cruise,True,False,True,True,True,1.670952824459917
K25-023,877,6290.299063838781,6291.33349776059,return_cruise,True,False,True,True,True,1.7122204157102487
K25-023,878,6291.33349776059,6292.3679316823855,return_cruise,True,False,True,True,True,1.7536838255839058
K25-023,879,6292.3679316823855,6293.402365604181,return_cruise,True,False,True,True,True,1.7953449097615533
K25-023,880,6293.402365604181,6294.43679952599,return_cruise,True,False,True,True,True,1.8372055502518663
K25-023,881,6294.43679952599,6295.471233447799,return_cruise,True,False,True,True,True,1.8792676559013444
K25-023,882,6295.471233447799,6296.505667369608,return_cruise,True,False,True,True,True,1.9215331628873713
K25-023,883,6296.505667369608,6297.540101291417,return_cruise,True,False,True,True,True,1.9640040352525716
K25-023,884,6297.540101291417,6298.574535213213,return_cruise,True,False,True,True,True,2.006682265439295
K25-023,885,6298.574535213213,6299.608969135008,return_cruise,True,False,True,True,True,2.0495698748156457
K25-023,886,6299.608969135008,6300.64340305683,return_cruise,True,False,True,True,True,2.0926689142584536
K25-023,887,6300.64340305683,6301.677836978652,return_cruise,True,False,True,True,True,2.135981464714277
K25-023,888,6301.677836978652,6301.715608293037,return_cruise,True,False,True,True,True,2.179509637786481
K25-023,889,6301.715608293037,6301.753379607422,return_cruise,True,False,True,True,True,2.1811031330448856
K25-023,890,6301.753379607422,6302.750042214832,return_cruise,True,False,True,True,True,2.182696918745947
K25-023,891,6302.750042214832,6303.7467048222425,return_cruise,True,False,True,True,True,2.224857064040208
K25-023,892,6303.7467048222425,6304.781138744038,return_cruise,True,False,True,True,True,2.2672214550974132
K25-023,893,6304.781138744038,6305.815572665833,return_cruise,True,False,True,True,True,2.311409481317824
K25-023,894,6305.815572665833,6306.850006587655,return_cruise,True,False,True,True,True,2.355821895383812
K25-023,895,6306.850006587655,6307.884440509477,return_cruise,True,False,True,True,True,2.4004609715001948
K25-023,896,6307.884440509477,6308.918874431272,return_cruise,True,False,True,True,True,2.4453290183658396
K25-023,897,6308.918874431272,6309.953308353068,return_cruise,True,False,True,True,True,2.4904283798546345
K25-023,898,6309.953308353068,6310.987742274877,return_cruise,True,False,True,True,True,2.5357614357549494
K25-023,899,6310.987742274877,6312.022176196686,return_cruise,True,False,True,True,True,2.5813306024756173
K25-023,900,6312.022176196686,6313.056610118495,return_cruise,True,False,True,True,True,2.627138333807622
K25-023,901,6313.056610118495,6314.091044040304,return_cruise,True,False,True,True,True,2.673187121691271
K25-023,902,6314.091044040304,6315.1254779620995,return_cruise,True,False,True,True,True,2.7194794969997673
K25-023,903,6315.1254779620995,6316.159911883895,return_cruise,True,False,True,True,True,2.766018030360499
K25-023,904,6316.159911883895,6317.194345805717,return_cruise,True,False,True,True,True,2.8128053329640608
K25-023,905,6317.194345805717,6318.2287797275385,return_cruise,True,False,True,True,True,2.859844057436078
K25-023,906,6318.2287797275385,6319.263213649334,return_cruise,True,False,True,True,True,2.907136898692727
K25-023,907,6319.263213649334,6320.297647571129,return_cruise,True,False,True,True,True,2.954686594847203
K25-023,908,6320.297647571129,6320.823629526824,return_cruise,True,False,True,True,True,3.002495928132717
K25-023,909,6320.823629526824,6321.349611482519,return_cruise,True,False,True,True,True,3.026906172215533
K25-023,910,6321.349611482519,6321.858063448621,return_cruise,True,False,True,True,True,3.0513846506558053
K25-023,911,6321.858063448621,6322.366515414722,return_cruise,True,False,True,True,True,3.075112525056028
K25-023,912,6322.366515414722,6323.400949336544,return_cruise,True,False,True,True,True,3.0989048612632075
K25-023,913,6323.400949336544,6324.435383258366,return_cruise,True,False,True,True,True,3.1475102547621248
K25-023,914,6324.435383258366,6325.469817180161,return_cruise,True,False,True,True,True,3.1963868747105835
K25-023,915,6325.469817180161,6326.5042511019565,return_cruise,True,False,True,True,True,3.245537738582186
K25-023,916,6326.5042511019565,6327.5386850237655,return_cruise,True,False,True,True,True,3.2949659140253686
K25-023,917,6327.5386850237655,6328.573118945575,return_cruise,True,False,True,True,True,3.3446745199698
K25-023,918,6328.573118945575,6329.607552867384,return_cruise,True,False,True,True,True,3.394666727756203
K25-023,919,6329.607552867384,6330.641986789193,return_cruise,True,False,True,True,True,3.444945762316209
K25-023,920,6330.641986789193,6331.676420710988,return_cruise,True,False,True,True,True,3.4955149033713724
K25-023,921,6331.676420710988,6332.710854632784,return_cruise,True,False,True,True,True,3.5463774866595514
K25-023,922,6332.710854632784,6333.745288554593,return_cruise,True,False,True,True,True,3.597536905217865
K25-023,923,6333.745288554593,6334.779722476402,return_cruise,True,False,True,True,True,3.648996610681891
K25-023,924,6334.779722476402,6335.814156398211,return_cruise,True,False,True,True,True,3.7007601146222555
K25-023,925,6335.814156398211,6336.84859032002,return_cruise,True,False,True,True,True,3.752830989936271
K25-023,926,6336.84859032002,6337.883024241815,return_cruise,True,False,True,True,True,3.805212872261663
K25-023,927,6337.883024241815,6338.917458163611,return_cruise,True,False,True,True,True,3.8579094614376856
K25-023,928,6338.917458163611,6339.931650759612,return_cruise,True,False,True,True,True,3.910924523010422
K25-023,929,6339.931650759612,6340.945843355614,return_cruise,True,False,True,True,True,3.9632150925404517
K25-023,930,6340.945843355614,6340.966084681434,return_cruise,True,False,True,True,True,4.015819153428666
K25-023,931,6340.966084681434,6340.986326007254,return_cruise,True,False,True,True,True,4.0168722452114025
K25-023,932,6340.986326007254,6342.02075992905,return_cruise,True,False,True,True,True,4.017925463386803
K25-023,933,6342.02075992905,6343.055193850845,return_cruise,True,False,True,True,True,4.071919215959269
K25-023,934,6343.055193850845,6344.089627772641,return_cruise,True,False,True,True,True,4.126247191790284
K25-023,935,6344.089627772641,6345.124061694436,return_cruise,True,False,True,True,True,4.180913509091695
K25-023,936,6345.124061694436,6346.158495616258,return_cruise,True,False,True,True,True,4.2359223617660575
K25-023,937,6346.158495616258,6347.19292953808,return_cruise,True,False,True,True,True,4.291278021252992
K25-023,938,6347.19292953808,6348.227363459875,return_cruise,True,False,True,True,True,4.346984838440548
K25-023,939,6348.227363459875,6349.2617973816705,return_cruise,True,False,True,True,True,4.4030472455986285
K25-023,940,6349.2617973816705,6350.2962313034795,return_cruise,True,False,True,True,True,4.459469758421122
K25-023,941,6350.2962313034795,6351.330665225289,return_cruise,True,False,True,True,True,4.516256978086602
K25-023,942,6351.330665225289,6352.365099147098,return_cruise,True,False,True,True,True,4.573413593398129
K25-023,943,6352.365099147098,6353.399533068907,return_cruise,True,False,True,True,True,4.630944383007034
K25-023,944,6353.399533068907,6354.433966990702,return_cruise,True,False,True,True,True,4.688854217671832
K25-023,945,6354.433966990702,6355.468400912498,return_cruise,True,False,True,True,True,4.747148062620752
K25-023,946,6355.468400912498,6356.502834834319,return_cruise,True,False,True,True,True,4.805830979971489
K25-023,947,6356.502834834319,6357.537268756141,return_cruise,True,False,True,True,True,4.864908131220716
K25-023,948,6357.537268756141,6358.571702677937,return_cruise,True,False,True,True,True,4.924384779841873
K25-023,949,6358.571702677937,6359.606136599732,return_cruise,True,False,True,True,True,4.984266293924875
K25-023,950,6359.606136599732,6360.07410591472,return_cruise,True,False,True,True,True,5.04455814894493
K25-023,951,6360.07410591472,6360.542075229709,return_cruise,True,False,True,True,True,5.071969986613283
K25-023,952,6360.542075229709,6361.108539836516,return_cruise,True,False,True,True,True,5.099467470267044
K25-023,953,6361.108539836516,6361.675004443323,return_cruise,True,False,True,True,True,5.1328677953221415
K25-023,954,6361.675004443323,6362.709438365145,return_cruise,True,False,True,True,True,5.166395337690233
K25-023,955,6362.709438365145,6363.7438722869665,return_cruise,True,False,True,True,True,5.227952185246465
K25-023,956,6363.7438722869665,6364.778306208762,return_cruise,True,False,True,True,True,5.289942407548267
K25-023,957,6364.778306208762,6365.812740130557,return_cruise,True,False,True,True,True,5.352372061420581
K25-023,958,6365.812740130557,6366.847174052366,return_cruise,True,False,True,True,True,5.415247329541913
K25-023,959,6366.847174052366,6367.8816079741755,return_cruise,True,False,True,True,True,5.478574523911078
K25-023,960,6367.8816079741755,6368.916041895985,return_cruise,True,False,True,True,True,5.542360089403616
K25-023,961,6368.916041895985,6369.950475817794,return_cruise,True,False,True,True,True,5.606610607455636
K25-023,962,6369.950475817794,6370.984909739589,return_cruise,True,False,True,True,True,5.671332799893051
K25-023,963,6370.984909739589,6372.0193436613845,return_cruise,True,False,True,True,True,5.736533532856356
K25-023,964,6372.0193436613845,6373.053777583206,return_cruise,True,False,True,True,True,5.80221982089553
K25-023,965,6373.053777583206,6374.088211505028,return_cruise,True,False,True,True,True,5.868398831198675
K25-023,966,6374.088211505028,6375.1226454268235,return_cruise,True,False,True,True,True,5.935077887934952
K25-023,967,6375.1226454268235,6376.157079348619,return_cruise,True,False,True,True,True,6.002264476815029
K25-023,968,6376.157079348619,6377.191513270414,return_cruise,True,False,True,True,True,6.069966249743985
K25-023,969,6377.191513270414,6378.22594719221,return_cruise,True,False,True,True,True,6.138191029697026
K25-023,970,6378.22594719221,6379.182127148007,return_cruise,True,False,True,True,True,6.206946815737723
K25-023,971,6379.182127148007,6380.1383071038035,return_cruise,True,False,True,True,True,6.270980649708235
K25-023,972,6380.1383071038035,6380.216561069829,return_cruise,True,False,True,True,True,6.335481778375495
K25-023,973,6380.216561069829,6380.294815035855,return_cruise,True,False,True,True,True,6.340781456934607
K25-023,974,6380.294815035855,6381.329248957651,return_cruise,True,False,True,True,True,6.346084314168436
K25-023,975,6381.329248957651,6382.363682879446,return_cruise,True,False,True,True,True,6.4164829529134835
K25-023,976,6382.363682879446,6383.3981168012415,return_cruise,True,False,True,True,True,6.4874464618491885
K25-023,977,6383.3981168012415,6384.432550723037,return_cruise,True,False,True,True,True,6.558983802459579
K25-023,978,6384.432550723037,6385.466984644859,return_cruise,True,False,True,True,True,6.631104146547216
K25-023,979,6385.466984644859,6386.5014185666805,return_cruise,True,False,True,True,True,6.7038168827074855
K25-023,980,6386.5014185666805,6387.535852488476,return_cruise,True,False,True,True,True,6.777131623024303
K25-023,981,6387.535852488476,6388.570286410271,return_cruise,True,False,True,True,True,6.851058210043377
K25-023,982,6388.570286410271,6389.60472033208,return_cruise,True,False,True,True,True,6.925606723997191
K25-023,983,6389.60472033208,6390.6391542538895,return_cruise,True,False,True,True,True,7.000787490303381
K25-023,984,6390.6391542538895,6391.673588175699,return_cruise,True,False,True,True,True,7.076611087362409
K25-023,985,6391.673588175699,6392.708022097508,return_cruise,True,False,True,True,True,7.153088354634534
K25-023,986,6392.708022097508,6393.742456019303,return_cruise,True,False,True,True,True,7.230230401063949
K25-023,987,6393.742456019303,6394.7768899410985,return_cruise,True,False,True,True,True,7.308048613797041
K25-023,988,6394.7768899410985,6395.81132386292,return_cruise,True,False,True,True,True,7.386554667269962
K25-023,989,6395.81132386292,6396.845757784742,return_cruise,True,False,True,True,True,7.465760532638669
K25-023,990,6396.845757784742,6397.8801917065375,return_cruise,True,False,True,True,True,7.545678487590436
K25-023,991,6397.8801917065375,6398.914625628333,return_cruise,True,False,True,True,True,7.626321126538642
K25-023,992,6398.914625628333,6399.3245823026145,return_cruise,True,False,True,True,True,7.707701371244696
K25-023,993,6399.3245823026145,6399.734538976896,return_cruise,True,False,True,True,True,7.740160193353532
K25-023,994,6399.734538976896,6400.35901622441,return_cruise,True,False,True,True,True,7.7727377843364565
K25-023,995,6400.35901622441,6400.983493471924,return_cruise,True,False,True,True,True,7.822592625569271
K25-023,996,6400.983493471924,6402.017927393746,return_cruise,True,False,True,True,True,7.872728068363557
K25-023,997,6402.017927393746,6403.052361315567,return_cruise,True,False,True,True,True,7.956402102614291
K25-023,998,6403.052361315567,6404.086795237363,return_cruise,True,False,True,True,True,8.040868930690621
K25-023,999,6404.086795237363,6405.121229159158,return_cruise,True,False,True,True,True,8.126143285902444
K25-023,1000,6405.121229159158,6406.155663080967,return_cruise,True,False,True,True,True,8.212240302270914
K25-023,1001,6406.155663080967,6407.190097002776,return_cruise,True,False,True,True,True,8.299175528576711
K25-023,1002,6407.190097002776,6408.224530924585,return_cruise,True,False,True,True,True,8.386964942991327
K25-023,1003,6408.224530924585,6409.2589648463945,return_cruise,True,False,True,True,True,8.475624968335254
K25-023,1004,6409.2589648463945,6410.29339876819,return_cruise,True,False,True,True,True,8.565172487962897
K25-023,1005,6410.29339876819,6411.327832689985,return_cruise,True,False,True,True,True,8.655624862316287
K25-023,1006,6411.327832689985,6412.362266611807,return_cruise,True,False,True,True,True,8.746999946199878
K25-023,1007,6412.362266611807,6413.396700533629,return_cruise,True,False,True,True,True,8.839316106765764
K25-023,1008,6413.396700533629,6414.431134455424,return_cruise,True,False,True,True,True,8.932592242261748
K25-023,1009,6414.431134455424,6415.46556837722,return_cruise,True,False,True,True,True,9.026847801616611
K25-023,1010,6415.46556837722,6416.500002299015,return_cruise,True,False,True,True,True,9.122102804824891
K25-023,1011,6416.500002299015,6417.534436220811,return_cruise,True,False,True,True,True,9.218377864217047
K25-023,1012,6417.534436220811,6418.432603535901,return_cruise,True,False,True,True,True,9.31569420664934
K25-023,1013,6418.432603535901,6419.330770850991,return_cruise,True,False,True,True,True,9.401052511256893
K25-023,1014,6419.330770850991,6419.467037457724,return_cruise,True,False,True,True,True,9.487227019557693
K25-023,1015,6419.467037457724,6419.603304064456,return_cruise,True,False,True,True,True,9.50037334618645
K25-023,1016,6419.603304064456,6420.6377379862515,return_cruise,True,False,True,True,True,9.513538860514004
K25-023,1017,6420.6377379862515,6421.672171908047,return_cruise,True,False,True,True,True,9.614112911543927
K25-023,1018,6421.672171908047,6422.706605829842,return_cruise,True,False,True,True,True,9.715819776232308
K25-023,1019,6422.706605829842,6423.741039751638,return_cruise,True,False,True,True,True,9.81868412167816
K25-023,1020,6423.741039751638,6424.77547367346,return_cruise,True,False,True,True,True,9.922731384106939
K25-023,1021,6424.77547367346,6425.809907595281,return_cruise,True,False,True,True,True,10.027987798653143
K25-023,1022,6425.809907595281,6426.844341517077,return_cruise,True,False,True,True,True,10.134480430368342
K25-023,1023,6426.844341517077,6427.878775438872,return_cruise,True,False,True,True,True,10.242237206548765
K25-023,1024,6427.878775438872,6428.913209360681,return_cruise,True,False,True,True,True,10.351286950429383
K25-023,1025,6428.913209360681,6429.94764328249,return_cruise,True,False,True,True,True,10.461659416237495
K25-023,1026,6429.94764328249,6430.9820772042995,return_cruise,True,False,True,True,True,10.573385325732048
K25-023,1027,6430.9820772042995,6432.0165111261085,return_cruise,True,False,True,True,True,10.686496406175081
K25-023,1028,6432.0165111261085,6433.050945047904,return_cruise,True,False,True,True,True,10.801025429825145
K25-023,1029,6433.050945047904,6434.085378969699,return_cruise,True,False,True,True,True,10.917006255006342
K25-023,1030,6434.085378969699,6435.119812891521,return_cruise,True,False,True,True,True,11.034473868679427
K25-023,1031,6435.119812891521,6436.154246813343,return_cruise,True,False,True,True,True,11.153464430660321
K25-023,1032,6436.154246813343,6437.188680735138,return_cruise,True,False,True,True,True,11.27401531936765
K25-023,1033,6437.188680735138,6438.223114656934,return_cruise,True,False,True,True,True,11.396165179194028
K25-023,1034,6438.223114656934,6438.57505869101,return_cruise,True,False,True,True,True,11.519953969405009
K25-023,1035,6438.57505869101,6438.927002725086,return_cruise,True,False,True,True,True,11.562451431362703
K25-023,1036,6438.927002725086,6439.609492612805,return_cruise,True,False,True,True,True,11.605145044459263
K25-023,1037,6439.609492612805,6440.291982500525,return_cruise,True,False,True,True,True,11.688501819480678
K25-023,1038,6440.291982500525,6441.3264164223465,return_cruise,True,False,True,True,True,11.772615056276933
K25-023,1039,6441.3264164223465,6442.360850344168,return_cruise,True,False,True,True,True,11.90157430668755
K25-023,1040,6442.360850344168,6443.395284265964,return_cruise,True,False,True,True,True,12.032346502590187
K25-023,1041,6443.395284265964,6444.429718187759,return_cruise,True,False,True,True,True,12.164978961082838
K25-023,1042,6444.429718187759,6445.464152109568,return_cruise,True,False,True,True,True,12.299520635787033
K25-023,1043,6445.464152109568,6446.498586031377,return_cruise,True,False,True,True,True,12.436022173716651
K25-023,1044,6446.498586031377,6447.533019953186,return_cruise,True,False,True,True,True,12.574535972252647
K25-023,1045,6447.533019953186,6448.567453874995,return_cruise,True,False,True,True,True,12.715116235878966
K25-023,1046,6448.567453874995,6449.601887796791,return_cruise,True,False,True,True,True,12.857819032103393
K25-023,1047,6449.601887796791,6450.636321718586,return_cruise,True,False,True,True,True,13.002702345807222
K25-023,1048,6450.636321718586,6451.670755640408,return_cruise,True,False,True,True,True,13.149826131346842
K25-023,1049,6451.670755640408,6452.70518956223,return_cruise,True,False,True,True,True,13.299252361230486
K25-023,1050,6452.70518956223,6453.739623484025,return_cruise,True,False,True,True,True,13.451045070215656
K25-023,1051,6453.739623484025,6454.774057405821,return_cruise,True,False,True,True,True,13.60527039334805
K25-023,1052,6454.774057405821,6455.808491327616,return_cruise,True,False,True,True,True,13.761996596087059
K25-023,1053,6455.808491327616,6456.842925249412,return_cruise,True,False,True,True,True,13.921294094393716
K25-023,1054,6456.842925249412,6457.683079923795,return_cruise,True,False,True,True,True,14.083235462043405
K25-023,1055,6457.683079923795,6458.5232345981785,return_cruise,True,False,True,True,True,14.216759425906432
K25-023,1056,6458.5232345981785,6458.717513845618,return_cruise,True,False,True,True,True,14.35211773261895
K25-023,1057,6458.717513845618,6458.911793093057,return_cruise,True,False,True,True,True,14.383683848828184
K25-023,1058,6458.911793093057,6459.946227014852,return_cruise,True,False,True,True,True,14.415350819210587
K25-023,1059,6459.946227014852,6460.980660936648,return_cruise,True,False,True,True,True,14.5856805662916
K25-023,1060,6460.980660936648,6462.015094858457,return_cruise,True,False,True,True,True,14.75896556343109
K25-023,1061,6462.015094858457,6463.049528780266,return_cruise,True,False,True,True,True,14.93528857898464
K25-023,1062,6463.049528780266,6464.083962702075,return_cruise,True,False,True,True,True,15.11473408714599
K25-023,1063,6464.083962702075,6465.118396623884,return_cruise,True,False,True,True,True,15.297388051702058
K25-023,1064,6465.118396623884,6466.1528305456795,return_cruise,True,False,True,True,True,15.483337644764802
K25-023,1065,6466.1528305456795,6467.187264467475,return_cruise,True,False,True,True,True,15.672670886814188
K25-023,1066,6467.187264467475,6468.221698389284,return_cruise,True,False,True,True,True,15.865476191805143
K25-023,1067,6468.221698389284,6469.256132311093,return_cruise,True,False,True,True,True,16.061841797669587
K25-023,1068,6469.256132311093,6470.290566232902,return_cruise,True,False,True,True,True,16.261855058885118
K25-023,1069,6470.290566232902,6471.325000154711,return_cruise,True,False,True,True,True,16.465601573050037
K25-023,1070,6471.325000154711,6472.359434076507,return_cruise,True,False,True,True,True,16.673164108005764
K25-023,1071,6472.359434076507,6473.393867998302,return_cruise,True,False,True,True,True,16.884621289523977
K25-023,1072,6473.393867998302,6474.428301920124,return_cruise,True,False,True,True,True,17.10004600207091
K25-023,1073,6474.428301920124,6475.462735841946,return_cruise,True,False,True,True,True,17.319503445958333
K25-023,1074,6475.462735841946,6476.497169763741,return_cruise,True,False,True,True,True,17.543048783948464
K25-023,1075,6476.497169763741,6477.5316036855365,return_cruise,True,False,True,True,True,17.770724298298376
K25-023,1076,6477.5316036855365,6477.825535078906,return_cruise,True,False,True,True,True,18.002555965331197
K25-023,1077,6477.825535078906,6478.119466472275,return_cruise,True,False,True,True,True,18.069189877847705
K25-023,1078,6478.119466472275,6478.859969000701,return_cruise,True,False,True,True,True,18.136159743620055
K25-023,1079,6478.859969000701,6479.600471529127,return_cruise,True,False,True,True,True,18.306363417766903
K25-023,1080,6479.600471529127,6480.634905450949,return_cruise,True,False,True,True,True,18.47868462057157
K25-023,1081,6480.634905450949,6481.669339372771,return_cruise,True,False,True,True,True,18.722910764528763
K25-023,1082,6481.669339372771,6482.703773294566,return_cruise,True,False,True,True,True,18.97113847109506
K25-023,1083,6482.703773294566,6483.738207216362,return_cruise,True,False,True,True,True,19.22323187649998
K25-023,1084,6483.738207216362,6484.772641138171,return_cruise,True,False,True,True,True,19.478998757798735
K25-023,1085,6484.772641138171,6485.80707505998,return_cruise,True,False,True,True,True,19.738179055467015
K25-023,1086,6485.80707505998,6486.841508981789,return_cruise,True,False,True,True,True,20.00043152859668
K25-023,1087,6486.841508981789,6487.875942903598,return_cruise,True,False,True,True,True,20.26531838808164
K25-023,1088,6487.875942903598,6488.9103768253935,return_cruise,True,False,True,True,True,20.53228781707061
K25-023,1089,6488.9103768253935,6489.944810747189,return_cruise,True,False,True,True,True,20.800654400016754
K25-023,1090,6489.944810747189,6490.979244669011,return_cruise,True,False,True,True,True,21.069577660879048
K25-023,1091,6490.979244669011,6492.013678590833,return_cruise,True,False,True,True,True,21.338039177943514
K25-023,1092,6492.013678590833,6493.048112512628,return_cruise,True,False,True,True,True,21.604819123314243
K25-023,1093,6493.048112512628,6494.082546434423,return_cruise,True,False,True,True,True,21.86847358480128
K25-023,1094,6494.082546434423,6495.116980356219,return_cruise,True,False,True,True,True,22.127314675959468
K25-023,1095,6495.116980356219,6496.151414278014,return_cruise,True,False,True,True,True,22.379396204804266
K25-023,1096,6496.151414278014,6496.933556312192,return_cruise,True,False,True,True,True,22.622508487294652
K25-023,1097,6496.933556312192,6497.71569834637,return_cruise,True,False,True,True,True,22.79887799178219
K25-023,1098,6497.71569834637,6497.967990234015,return_cruise,True,False,True,True,True,22.967561071913366
K25-023,1099,6497.967990234015,6498.22028212166,return_cruise,True,False,True,True,True,23.020133153604334
K25-023,1100,6498.22028212166,6499.254716043455,return_cruise,True,False,True,True,True,23.071737007822676
K25-023,1101,6499.254716043455,6500.2891499652505,return_cruise,True,False,True,True,True,23.272286610578902
K25-023,1102,6500.2891499652505,6501.32358388706,return_cruise,True,False,True,True,True,23.452858591525114
K25-023,1103,6501.32358388706,6502.358017808869,return_cruise,True,False,True,True,True,23.61047528280035
K25-023,1104,6502.358017808869,6503.392451730678,return_cruise,True,False,True,True,True,23.74228602982923
K25-023,1105,6503.392451730678,6504.426885652487,return_cruise,True,False,True,True,True,23.845712590674523
K25-023,1106,6504.426885652487,6505.322498541987,return_cruise,True,False,True,True,True,23.918599862438654
K25-023,1107,6505.322498541987,6506.218111431488,return_cruise,True,False,True,True,True,23.955793579493374
K25-023,1108,6506.218111431488,6641.4876945613705,return_descent,True,False,True,True,True,23.968262608738186
K25-025,0,6126.840301881925,6222.199437624113,climb,True,False,True,True,True,25.16080841557533
K25-025,1,6222.199437624113,6222.736144286302,cruise,True,False,True,True,True,25.154911169755295
K25-025,2,6222.736144286302,6223.272850948491,cruise,True,False,True,True,True,25.13726732750301
K25-025,3,6223.272850948491,6224.2208949360165,cruise,True,False,True,True,True,25.077890795887342
K25-025,4,6224.2208949360165,6225.168938923542,cruise,True,False,True,True,True,24.98381485704637
K25-025,5,6225.168938923542,6226.116982911067,cruise,True,False,True,True,True,24.857257018509912
K25-025,6,6226.116982911067,6227.065026898592,cruise,True,False,True,True,True,24.701029248156885
K25-025,7,6227.065026898592,6228.013070886068,cruise,True,False,True,True,True,24.518347871317232
K25-025,8,6228.013070886068,6228.961114873544,cruise,True,False,True,True,True,24.312642588451297
K25-025,9,6228.961114873544,6229.909158861069,cruise,True,False,True,True,True,24.08738420525617
K25-025,10,6229.909158861069,6230.857202848594,cruise,True,False,True,True,True,23.845943629993883
K25-025,11,6230.857202848594,6231.497165980533,cruise,True,False,True,True,True,23.675421027726046
K25-025,12,6231.497165980533,6232.137129112472,cruise,True,False,True,True,True,23.499878895114364
K25-025,13,6232.137129112472,6232.4452099680575,cruise,True,False,True,True,True,23.4138333805883
K25-025,14,6232.4452099680575,6232.753290823643,cruise,True,False,True,True,True,23.326909434706636
K25-025,15,6232.753290823643,6233.701334811119,cruise,True,False,True,True,True,23.054793638189352
K25-025,16,6233.701334811119,6234.649378798595,cruise,True,False,True,True,True,22.77740246440665
K25-025,17,6234.649378798595,6235.59742278612,cruise,True,False,True,True,True,22.49668321730978
K25-025,18,6235.59742278612,6236.545466773645,cruise,True,False,True,True,True,22.214286855987254
K25-025,19,6236.545466773645,6237.49351076117,cruise,True,False,True,True,True,21.93159397501792
K25-025,20,6237.49351076117,6238.441554748695,cruise,True,False,True,True,True,21.64974417972404
K25-025,21,6238.441554748695,6239.389598736171,cruise,True,False,True,True,True,21.369666155986394
K25-025,22,6239.389598736171,6240.337642723647,cruise,True,False,True,True,True,21.09210666277862
K25-025,23,6240.337642723647,6241.2856867112205,cruise,True,False,True,True,True,20.817657392882836
K25-025,24,6241.2856867112205,6242.233730698794,cruise,True,False,True,True,True,20.546779165050765
K25-025,25,6242.233730698794,6243.18177468627,cruise,True,False,True,True,True,20.27982326216329
K25-025,26,6243.18177468627,6244.129818673746,cruise,True,False,True,True,True,20.01704995869713
K25-025,27,6244.129818673746,6245.077862661222,cruise,True,False,True,True,True,19.758644412405786
K25-025,28,6245.077862661222,6246.025906648698,cruise,True,False,True,True,True,19.504730166623034
K25-025,29,6246.025906648698,6246.973950636271,cruise,True,False,True,True,True,19.255380534926047
K25-025,30,6246.973950636271,6247.9219946238445,cruise,True,False,True,True,True,19.010628143383457
K25-025,31,6247.9219946238445,6248.8700386113205,cruise,True,False,True,True,True,18.77047288696295
K25-025,32,6248.8700386113205,6249.8180825987965,cruise,True,False,True,True,True,18.534888537321137
K25-025,33,6249.8180825987965,6250.766126586273,cruise,True,False,True,True,True,18.303828209969666
K25-025,34,6250.766126586273,6251.714170573749,cruise,True,False,True,True,True,18.077228873815486
K25-025,35,6251.714170573749,6252.662214561322,cruise,True,False,True,True,True,17.85501505897922
K25-025,36,6252.662214561322,6253.610258548895,cruise,True,False,True,True,True,17.637101897484442
K25-025,37,6253.610258548895,6254.558302536371,cruise,True,False,True,True,True,17.423397608286024
K25-025,38,6254.558302536371,6255.506346523847,cruise,True,False,True,True,True,17.213805522751883
K25-025,39,6255.506346523847,6256.454390511323,cruise,True,False,True,True,True,17.00822572915746
K25-025,40,6256.454390511323,6257.402434498799,cruise,True,False,True,True,True,16.806556402420654
K25-025,41,6257.402434498799,6258.350478486373,cruise,True,False,True,True,True,16.608694874135324
K25-025,42,6258.350478486373,6259.298522473946,cruise,True,False,True,True,True,16.41453848896782
K25-025,43,6259.298522473946,6260.246566461422,cruise,True,False,True,True,True,16.22398528439244
K25-025,44,6260.246566461422,6261.194610448898,cruise,True,False,True,True,True,16.036934526048057
K25-025,45,6261.194610448898,6262.142654436374,cruise,True,False,True,True,True,15.853287123982383
K25-025,46,6262.142654436374,6263.09069842385,cruise,True,False,True,True,True,15.672945951637729
K25-025,47,6263.09069842385,6264.038742411423,cruise,True,False,True,True,True,15.4958160851495
K25-025,48,6264.038742411423,6264.986786398997,cruise,True,False,True,True,True,15.32180497749323
K25-025,49,6264.986786398997,6265.934830386473,cruise,True,False,True,True,True,15.150822579792418
K25-025,50,6265.934830386473,6266.882874373949,cruise,True,False,True,True,True,14.982781419680109
K25-025,51,6266.882874373949,6267.830918361425,cruise,True,False,True,True,True,14.817596644849772
K25-025,52,6267.830918361425,6268.778962348901,cruise,True,False,True,True,True,14.655186038953829
K25-025,53,6268.778962348901,6269.727006336474,cruise,True,False,True,True,True,14.495470014886948
K25-025,54,6269.727006336474,6270.675050324047,cruise,True,False,True,True,True,14.338371590727277
K25-025,55,6270.675050324047,6271.623094311523,cruise,True,False,True,True,True,14.183816351580717
K25-025,56,6271.623094311523,6272.571138298999,cruise,True,False,True,True,True,14.031732400796983
K25-025,57,6272.571138298999,6273.519182286475,cruise,True,False,True,True,True,13.882050303015603
K25-025,58,6273.519182286475,6274.467226273951,cruise,True,False,True,True,True,13.734703021048531
K25-025,59,6274.467226273951,6275.415270261525,cruise,True,False,True,True,True,13.589625848611092
K25-025,60,6275.415270261525,6276.363314249098,cruise,True,False,True,True,True,13.44675633991011
K25-025,61,6276.363314249098,6277.311358236574,cruise,True,False,True,True,True,13.306034237535954
K25-025,62,6277.311358236574,6278.25940222405,cruise,True,False,True,True,True,13.167401399372295
K25-025,63,6278.25940222405,6279.207446211575,cruise,True,False,True,True,True,13.030801725423345
K25-025,64,6279.207446211575,6280.1554901991,cruise,True,False,True,True,True,12.89618108516541
K25-025,65,6280.1554901991,6281.103534186625,cruise,True,False,True,True,True,12.7634872455437
K25-025,66,6281.103534186625,6282.051578174151,cruise,True,False,True,True,True,12.632669800400976
K25-025,67,6282.051578174151,6282.999622161627,cruise,True,False,True,True,True,12.503680101513481
K25-025,68,6282.999622161627,6283.947666149103,cruise,True,False,True,True,True,12.37647119124108
K25-025,69,6283.947666149103,6284.895710136628,cruise,True,False,True,True,True,12.25099773709124
K25-025,70,6284.895710136628,6285.843754124153,cruise,True,False,True,True,True,12.127215968463616
K25-025,71,6285.843754124153,6286.791798111678,cruise,True,False,True,True,True,12.005083615233815
K25-025,72,6286.791798111678,6287.739842099203,cruise,True,False,True,True,True,11.884559848693016
K25-025,73,6287.739842099203,6288.687886086679,cruise,True,False,True,True,True,11.765605224543307
K25-025,74,6288.687886086679,6289.635930074155,cruise,True,False,True,True,True,11.648181627875204
K25-025,75,6289.635930074155,6290.58397406168,cruise,True,False,True,True,True,11.532252220556302
K25-025,76,6290.58397406168,6291.532018049205,cruise,True,False,True,True,True,11.417781390467965
K25-025,77,6291.532018049205,6292.4800620367305,cruise,True,False,True,True,True,11.304734702886947
K25-025,78,6292.4800620367305,6293.428106024256,cruise,True,False,True,True,True,11.193078853781671
K25-025,79,6293.428106024256,6294.376150011732,cruise,True,False,True,True,True,11.08278162511509
K25-025,80,6294.376150011732,6295.324193999208,cruise,True,False,True,True,True,10.973811842031864
K25-025,81,6295.324193999208,6296.272237986733,cruise,True,False,True,True,True,10.866139331698221
K25-025,82,6296.272237986733,6297.220281974258,cruise,True,False,True,True,True,10.759734884172786
K25-025,83,6297.220281974258,6298.168325961783,cruise,True,False,True,True,True,10.654570214590478
K25-025,84,6298.168325961783,6299.116369949308,cruise,True,False,True,True,True,10.550617927300905
K25-025,85,6299.116369949308,6300.064413936784,cruise,True,False,True,True,True,10.447851481415398
K25-025,86,6300.064413936784,6301.01245792426,cruise,True,False,True,True,True,10.346245157734998
K25-025,87,6301.01245792426,6301.960501911785,cruise,True,False,True,True,True,10.24577402729686
K25-025,88,6301.960501911785,6302.90854589931,cruise,True,False,True,True,True,10.146413921225445
K25-025,89,6302.90854589931,6303.8565898868355,cruise,True,False,True,True,True,10.048141401775311
K25-025,90,6303.8565898868355,6304.804633874361,cruise,True,False,True,True,True,9.950933734802618
K25-025,91,6304.804633874361,6305.496557682584,cruise,True,False,True,True,True,9.880646845002957
K25-025,92,6305.496557682584,6306.188481490808,cruise,True,False,True,True,True,9.81090705451679
K25-025,93,6306.188481490808,6306.44460167006,cruise,True,False,True,True,True,9.785229502766313
K25-025,94,6306.44460167006,6306.700721849313,cruise,True,False,True,True,True,9.759625382074546
K25-025,95,6306.700721849313,6307.648765836838,cruise,True,False,True,True,True,9.665482513607955
K25-025,96,6307.648765836838,6308.596809824363,cruise,True,False,True,True,True,9.572320084910814
K25-025,97,6308.596809824363,6309.544853811888,cruise,True,False,True,True,True,9.480118505252975
K25-025,98,6309.544853811888,6310.492897799413,cruise,True,False,True,True,True,9.388858745014048
K25-025,99,6310.492897799413,6311.440941786889,cruise,True,False,True,True,True,9.298522315372267
K25-025,100,6311.440941786889,6312.388985774365,cruise,True,False,True,True,True,9.209091248805862
K25-025,101,6312.388985774365,6313.3370297619385,cruise,True,False,True,True,True,9.120548080464872
K25-025,102,6313.3370297619385,6314.285073749512,cruise,True,False,True,True,True,9.03287583031124
K25-025,103,6314.285073749512,6315.233117736988,cruise,True,False,True,True,True,8.946057986008185
K25-025,104,6315.233117736988,6316.181161724464,cruise,True,False,True,True,True,8.860078486530625
K25-025,105,6316.181161724464,6317.12920571194,cruise,True,False,True,True,True,8.774921706411376
K25-025,106,6317.12920571194,6318.077249699416,cruise,True,False,True,True,True,8.690572440691497
K25-025,107,6318.077249699416,6319.025293686989,cruise,True,False,True,True,True,8.607015890487915
K25-025,108,6319.025293686989,6319.973337674563,cruise,True,False,True,True,True,8.524237649095596
K25-025,109,6319.973337674563,6320.921381662039,cruise,True,False,True,True,True,8.442223688696842
K25-025,110,6320.921381662039,6321.869425649515,cruise,True,False,True,True,True,8.360960347608284
K25-025,111,6321.869425649515,6322.817469636991,cruise,True,False,True,True,True,8.280434317985538
K25-025,112,6322.817469636991,6323.765513624467,cruise,True,False,True,True,True,8.200632634136554
K25-025,113,6323.765513624467,6324.71355761204,cruise,True,False,True,True,True,8.121542661140765
K25-025,114,6324.71355761204,6325.661601599613,cruise,True,False,True,True,True,8.043152084064857
K25-025,115,6325.661601599613,6326.609645587089,cruise,True,False,True,True,True,7.9654488975483275
K25-025,116,6326.609645587089,6327.557689574565,cruise,True,False,True,True,True,7.888421395697179
K25-025,117,6327.557689574565,6328.505733562041,cruise,True,False,True,True,True,7.812058162569258
K25-025,118,6328.505733562041,6329.453777549517,cruise,True,False,True,True,True,7.736348062828753
K25-025,119,6329.453777549517,6330.401821537091,cruise,True,False,True,True,True,7.661280232916951
K25-025,120,6330.401821537091,6331.349865524664,cruise,True,False,True,True,True,7.586844072452806
K25-025,121,6331.349865524664,6332.29790951214,cruise,True,False,True,True,True,7.513029236017516
K25-025,122,6332.29790951214,6333.245953499616,cruise,True,False,True,True,True,7.439825625201536
K25-025,123,6333.245953499616,6334.193997487092,cruise,True,False,True,True,True,7.36722338099743
K25-025,124,6334.193997487092,6335.142041474568,cruise,True,False,True,True,True,7.295212876476157
K25-025,125,6335.142041474568,6336.090085462141,cruise,True,False,True,True,True,7.223784709687678
K25-025,126,6336.090085462141,6337.038129449715,cruise,True,False,True,True,True,7.152929696851999
K25-025,127,6337.038129449715,6337.986173437191,cruise,True,False,True,True,True,7.082638865844501
K25-025,128,6337.986173437191,6338.934217424667,cruise,True,False,True,True,True,7.012903449782442
K25-025,129,6338.934217424667,6339.882261412143,cruise,True,False,True,True,True,6.943714881042283
K25-025,130,6339.882261412143,6340.830305399619,cruise,True,False,True,True,True,6.875064785267881
K25-025,131,6340.830305399619,6341.778349387192,cruise,True,False,True,True,True,6.806944975825132
K25-025,132,6341.778349387192,6342.726393374765,cruise,True,False,True,True,True,6.739347448258144
K25-025,133,6342.726393374765,6343.674437362241,cruise,True,False,True,True,True,6.672264375083344
K25-025,134,6343.674437362241,6344.622481349717,cruise,True,False,True,True,True,6.605688100616476
K25-025,135,6344.622481349717,6345.570525337193,cruise,True,False,True,True,True,6.53961113616424
K25-025,136,6345.570525337193,6346.518569324669,cruise,True,False,True,True,True,6.474026155208804
K25-025,137,6346.518569324669,6347.466613312243,cruise,True,False,True,True,True,6.40892598889711
K25-025,138,6347.466613312243,6348.414657299816,cruise,True,False,True,True,True,6.344303621598414
K25-025,139,6348.414657299816,6349.362701287292,cruise,True,False,True,True,True,6.280152186615041
K25-025,140,6349.362701287292,6350.310745274768,cruise,True,False,True,True,True,6.216464962120625
K25-025,141,6350.310745274768,6351.258789262293,cruise,True,False,True,True,True,6.153235367104031
K25-025,142,6351.258789262293,6352.206833249818,cruise,True,False,True,True,True,6.090456957621029
K25-025,143,6352.206833249818,6353.1548772373435,cruise,True,False,True,True,True,6.028123422958998
K25-025,144,6353.1548772373435,6354.102921224869,cruise,True,False,True,True,True,5.966228582123279
K25-025,145,6354.102921224869,6355.050965212345,cruise,True,False,True,True,True,5.904766380358765
K25-025,146,6355.050965212345,6355.999009199821,cruise,True,False,True,True,True,5.843730885721172
K25-025,147,6355.999009199821,6356.947053187346,cruise,True,False,True,True,True,5.783116285871515
K25-025,148,6356.947053187346,6357.895097174871,cruise,True,False,True,True,True,5.722916884934975
K25-025,149,6357.895097174871,6358.843141162396,cruise,True,False,True,True,True,5.663127100436867
K25-025,150,6358.843141162396,6359.791185149921,cruise,True,False,True,True,True,5.603741460329488
K25-025,151,6359.791185149921,6360.739229137397,cruise,True,False,True,True,True,5.544754600182799
K25-025,152,6360.739229137397,6361.687273124873,cruise,True,False,True,True,True,5.486161260394965
K25-025,153,6361.687273124873,6362.635317112398,cruise,True,False,True,True,True,5.427956283483226
K25-025,154,6362.635317112398,6363.583361099923,cruise,True,False,True,True,True,5.370134611573107
K25-025,155,6363.583361099923,6364.531405087449,cruise,True,False,True,True,True,5.312691283784744
K25-025,156,6364.531405087449,6365.479449074974,cruise,True,False,True,True,True,5.255621433842961
K25-025,157,6365.479449074974,6366.42749306245,cruise,True,False,True,True,True,5.198920287752486
K25-025,158,6366.42749306245,6367.375537049926,cruise,True,False,True,True,True,5.142583161449366
K25-025,159,6367.375537049926,6368.323581037451,cruise,True,False,True,True,True,5.08660545858865
K25-025,160,6368.323581037451,6369.271625024976,cruise,True,False,True,True,True,5.030982668436991
K25-025,161,6369.271625024976,6370.219669012501,cruise,True,False,True,True,True,4.975710363725483
K25-025,162,6370.219669012501,6371.167713000026,cruise,True,False,True,True,True,4.920784198676799
K25-025,163,6371.167713000026,6372.115756987502,cruise,True,False,True,True,True,4.86619990701719
K25-025,164,6372.115756987502,6373.063800974978,cruise,True,False,True,True,True,4.811953300049424
K25-025,165,6373.063800974978,6374.011844962503,cruise,True,False,True,True,True,4.758040264844922
K25-025,166,6374.011844962503,6374.9598889500285,cruise,True,False,True,True,True,4.704456762418843
K25-025,167,6374.9598889500285,6375.907932937554,cruise,True,False,True,True,True,4.651198826000325
K25-025,168,6375.907932937554,6376.855976925079,cruise,True,False,True,True,True,4.598262559304246
K25-025,169,6376.855976925079,6377.804020912555,cruise,True,False,True,True,True,4.545644134963084
K25-025,170,6377.804020912555,6378.752064900031,cruise,True,False,True,True,True,4.493339792832288
K25-025,171,6378.752064900031,6379.495949384587,cruise,True,False,True,True,True,4.45251659931732
K25-025,172,6379.495949384587,6380.239833869144,cruise,True,False,True,True,True,4.411882746655479
K25-025,173,6380.239833869144,6380.443993372112,cruise,True,False,True,True,True,4.400763646466714
K25-025,174,6380.443993372112,6380.64815287508,cruise,True,False,True,True,True,4.389658641824795
K25-025,175,6380.64815287508,6381.596196862605,cruise,True,False,True,True,True,4.338274635302895
K25-025,176,6381.596196862605,6382.54424085013,cruise,True,False,True,True,True,4.287190312832109
K25-025,177,6382.54424085013,6383.492284837606,cruise,True,False,True,True,True,4.236402228233203
K25-025,178,6383.492284837606,6384.440328825082,cruise,True,False,True,True,True,4.185906993898826
K25-025,179,6384.440328825082,6385.388372812656,cruise,True,False,True,True,True,4.135701279518159
K25-025,180,6385.388372812656,6386.336416800229,cruise,True,False,True,True,True,4.085781810810246
K25-025,181,6386.336416800229,6387.284460787705,cruise,True,False,True,True,True,4.036145368233832
K25-025,182,6387.284460787705,6388.232504775181,cruise,True,False,True,True,True,3.9867887858287077
K25-025,183,6388.232504775181,6389.180548762657,cruise,True,False,True,True,True,3.9377089500250406
K25-025,184,6389.180548762657,6390.128592750133,cruise,True,False,True,True,True,3.8889027985220253
K25-025,185,6390.128592750133,6391.076636737706,cruise,True,False,True,True,True,3.840367319159526
K25-025,186,6391.076636737706,6392.02468072528,cruise,True,False,True,True,True,3.7920995488377685
K25-025,187,6392.02468072528,6392.972724712756,cruise,True,False,True,True,True,3.7440965724982505
K25-025,188,6392.972724712756,6393.920768700232,cruise,True,False,True,True,True,3.696355522036498
K25-025,189,6393.920768700232,6394.868812687708,cruise,True,False,True,True,True,3.648873575375177
K25-025,190,6394.868812687708,6395.816856675184,cruise,True,False,True,True,True,3.601647955443312
K25-025,191,6395.816856675184,6396.764900662757,cruise,True,False,True,True,True,3.554675929249669
K25-025,192,6396.764900662757,6397.71294465033,cruise,True,False,True,True,True,3.50795480697424
K25-025,193,6397.71294465033,6398.660988637806,cruise,True,False,True,True,True,3.4614819410526962
K25-025,194,6398.660988637806,6399.609032625282,cruise,True,False,True,True,True,3.4152547253083583
K25-025,195,6399.609032625282,6400.5570766127585,cruise,True,False,True,True,True,3.369270594106524
K25-025,196,6400.5570766127585,6401.5051206002345,cruise,True,False,True,True,True,3.323527021500041
K25-025,197,6401.5051206002345,6402.453164587808,cruise,True,False,True,True,True,3.278021520462545
K25-025,198,6402.453164587808,6403.401208575381,cruise,True,False,True,True,True,3.2327516420454714
K25-025,199,6403.401208575381,6404.349252562857,cruise,True,False,True,True,True,3.187714974674577
K25-025,200,6404.349252562857,6405.297296550333,cruise,True,False,True,True,True,3.1429091433464293
K25-025,201,6405.297296550333,6406.245340537809,cruise,True,False,True,True,True,3.0983318089033105
K25-025,202,6406.245340537809,6407.193384525285,cruise,True,False,True,True,True,3.0539806673550487
K25-025,203,6407.193384525285,6408.1414285128585,cruise,True,False,True,True,True,3.0098534491365
K25-025,204,6408.1414285128585,6409.089472500432,cruise,True,False,True,True,True,2.9659479184638258
K25-025,205,6409.089472500432,6410.037516487908,cruise,True,False,True,True,True,2.9222618726776375
K25-025,206,6410.037516487908,6410.985560475384,cruise,True,False,True,True,True,2.8787931415510855
K25-025,207,6410.985560475384,6411.93360446286,cruise,True,False,True,True,True,2.8355395866992126
K25-025,208,6411.93360446286,6412.881648450336,cruise,True,False,True,True,True,2.7924991009467703
K25-025,209,6412.881648450336,6413.829692437909,cruise,True,False,True,True,True,2.7496696077382694
K25-025,210,6413.829692437909,6414.7777364254825,cruise,True,False,True,True,True,2.707049060557452
K25-025,211,6414.7777364254825,6415.725780412959,cruise,True,False,True,True,True,2.6646354423317717
K25-025,212,6415.725780412959,6416.673824400435,cruise,True,False,True,True,True,2.6224267648739215
K25-025,213,6416.673824400435,6417.621868387911,cruise,True,False,True,True,True,2.5804210683689206
K25-025,214,6417.621868387911,6418.569912375387,cruise,True,False,True,True,True,2.538616420802086
K25-025,215,6418.569912375387,6419.51795636296,cruise,True,False,True,True,True,2.497010917454901
K25-025,216,6419.51795636296,6420.466000350533,cruise,True,False,True,True,True,2.4556026804018387
K25-025,217,6420.466000350533,6421.414044338009,cruise,True,False,True,True,True,2.414389858023654
K25-025,218,6421.414044338009,6422.362088325485,cruise,True,False,True,True,True,2.3733706244733668
K25-025,219,6422.362088325485,6423.31013231301,cruise,True,False,True,True,True,2.3325431792557083
K25-025,220,6423.31013231301,6424.2581763005355,cruise,True,False,True,True,True,2.2919057467363757
K25-025,221,6424.2581763005355,6425.206220288061,cruise,True,False,True,True,True,2.251456575694064
K25-025,222,6425.206220288061,6426.154264275586,cruise,True,False,True,True,True,2.2111939388829853
K25-025,223,6426.154264275586,6427.102308263062,cruise,True,False,True,True,True,2.17111613258362
K25-025,224,6427.102308263062,6428.050352250538,cruise,True,False,True,True,True,2.1312214761902197
K25-025,225,6428.050352250538,6428.998396238063,cruise,True,False,True,True,True,2.0915083118070896
K25-025,226,6428.998396238063,6429.946440225588,cruise,True,False,True,True,True,2.051975003828076
K25-025,227,6429.946440225588,6430.894484213113,cruise,True,False,True,True,True,2.01261993855114
K25-025,228,6430.894484213113,6431.842528200638,cruise,True,False,True,True,True,1.9734415237654588
K25-025,229,6431.842528200638,6432.790572188114,cruise,True,False,True,True,True,1.9344381884241386
K25-025,230,6432.790572188114,6433.73861617559,cruise,True,False,True,True,True,1.8956083822324956
K25-025,231,6433.73861617559,6434.003158369879,cruise,True,False,True,True,True,1.8848040717797403
K25-025,232,6434.003158369879,6434.267700564168,cruise,True,False,True,True,True,1.87401312067432
K25-025,233,6434.267700564168,6459.916620241903,descent,True,False,True,True,True,1.87401312067432
K25-025,234,6459.916620241903,6855.916620241903,handoff,True,False,True,True,True,1.8824688650781525
K25-025,235,6855.916620241903,6876.43575598409,return_climb,True,False,True,True,True,1.87401312067432
K25-025,236,6876.43575598409,6876.700298178379,return_cruise,True,False,True,True,True,1.87401312067432
K25-025,237,6876.700298178379,6876.964840372668,return_cruise,True,False,True,True,True,1.884804071774667
K25-025,238,6876.964840372668,6877.912884360144,return_cruise,True,False,True,True,True,1.8956083822324956
K25-025,239,6877.912884360144,6878.86092834762,return_cruise,True,False,True,True,True,1.9344381884241386
K25-025,240,6878.86092834762,6879.808972335145,return_cruise,True,False,True,True,True,1.9734415237654588
K25-025,241,6879.808972335145,6880.75701632267,return_cruise,True,False,True,True,True,2.0126199385408654
K25-025,242,6880.75701632267,6881.705060310195,return_cruise,True,False,True,True,True,2.051975003828076
K25-025,243,6881.705060310195,6882.65310429772,return_cruise,True,False,True,True,True,2.0915083118070896
K25-025,244,6882.65310429772,6883.601148285196,return_cruise,True,False,True,True,True,2.1312214761902197
K25-025,245,6883.601148285196,6884.549192272672,return_cruise,True,False,True,True,True,2.17111613258362
K25-025,246,6884.549192272672,6885.4972362601975,return_cruise,True,False,True,True,True,2.2111939388829853
K25-025,247,6885.4972362601975,6886.445280247723,return_cruise,True,False,True,True,True,2.251456575694064
K25-025,248,6886.445280247723,6887.393324235248,return_cruise,True,False,True,True,True,2.2919057467363757
K25-025,249,6887.393324235248,6888.341368222773,return_cruise,True,False,True,True,True,2.3325431792557083
K25-025,250,6888.341368222773,6889.289412210249,return_cruise,True,False,True,True,True,2.3733706244733668
K25-025,251,6889.289412210249,6890.237456197725,return_cruise,True,False,True,True,True,2.414389858023654
K25-025,252,6890.237456197725,6891.185500185298,return_cruise,True,False,True,True,True,2.4556026804018387
K25-025,253,6891.185500185298,6892.133544172872,return_cruise,True,False,True,True,True,2.497010917454901
K25-025,254,6892.133544172872,6893.081588160348,return_cruise,True,False,True,True,True,2.538616420802086
K25-025,255,6893.081588160348,6894.029632147824,return_cruise,True,False,True,True,True,2.5804210683689206
K25-025,256,6894.029632147824,6894.9776761353,return_cruise,True,False,True,True,True,2.6224267648739215
K25-025,257,6894.9776761353,6895.925720122776,return_cruise,True,False,True,True,True,2.6646354423317717
K25-025,258,6895.925720122776,6896.873764110349,return_cruise,True,False,True,True,True,2.707049060557452
K25-025,259,6896.873764110349,6897.821808097922,return_cruise,True,False,True,True,True,2.7496696077382694
K25-025,260,6897.821808097922,6898.769852085398,return_cruise,True,False,True,True,True,2.7924991009467703
K25-025,261,6898.769852085398,6899.717896072874,return_cruise,True,False,True,True,True,2.8355395866992126
K25-025,262,6899.717896072874,6900.66594006035,return_cruise,True,False,True,True,True,2.8787931415510855
K25-025,263,6900.66594006035,6901.613984047826,return_cruise,True,False,True,True,True,2.9222618726776375
K25-025,264,6901.613984047826,6902.5620280354,return_cruise,True,False,True,True,True,2.9659479184638258
K25-025,265,6902.5620280354,6903.510072022973,return_cruise,True,False,True,True,True,3.0098534491365
K25-025,266,6903.510072022973,6904.458116010449,return_cruise,True,False,True,True,True,3.0539806673550487
K25-025,267,6904.458116010449,6905.406159997925,return_cruise,True,False,True,True,True,3.0983318089033105
K25-025,268,6905.406159997925,6906.354203985401,return_cruise,True,False,True,True,True,3.1429091433464293
K25-025,269,6906.354203985401,6907.302247972877,return_cruise,True,False,True,True,True,3.187714974674577
K25-025,270,6907.302247972877,6908.25029196045,return_cruise,True,False,True,True,True,3.2327516420454714
K25-025,271,6908.25029196045,6909.198335948024,return_cruise,True,False,True,True,True,3.278021520462545
K25-025,272,6909.198335948024,6910.1463799355,return_cruise,True,False,True,True,True,3.323527021500041
K25-025,273,6910.1463799355,6911.094423922976,return_cruise,True,False,True,True,True,3.369270594106524
K25-025,274,6911.094423922976,6912.042467910452,return_cruise,True,False,True,True,True,3.4152547253083583
K25-025,275,6912.042467910452,6912.990511897928,return_cruise,True,False,True,True,True,3.4614819410526962
K25-025,276,6912.990511897928,6913.938555885501,return_cruise,True,False,True,True,True,3.50795480697424
K25-025,277,6913.938555885501,6914.886599873074,return_cruise,True,False,True,True,True,3.554675929249669
K25-025,278,6914.886599873074,6915.83464386055,return_cruise,True,False,True,True,True,3.601647955443312
K25-025,279,6915.83464386055,6916.782687848026,return_cruise,True,False,True,True,True,3.648873575375177
K25-025,280,6916.782687848026,6917.730731835502,return_cruise,True,False,True,True,True,3.696355522036498
K25-025,281,6917.730731835502,6918.678775822978,return_cruise,True,False,True,True,True,3.7440965724982505
K25-025,282,6918.678775822978,6919.626819810552,return_cruise,True,False,True,True,True,3.7920995488377685
K25-025,283,6919.626819810552,6920.574863798125,return_cruise,True,False,True,True,True,3.840367319159526
K25-025,284,6920.574863798125,6921.522907785601,return_cruise,True,False,True,True,True,3.8889027985220253
K25-025,285,6921.522907785601,6922.470951773077,return_cruise,True,False,True,True,True,3.937708950025055
K25-025,286,6922.470951773077,6923.418995760553,return_cruise,True,False,True,True,True,3.9867887858287077
K25-025,287,6923.418995760553,6924.367039748029,return_cruise,True,False,True,True,True,4.036145368233832
K25-025,288,6924.367039748029,6925.3150837356025,return_cruise,True,False,True,True,True,4.085781810810246
K25-025,289,6925.3150837356025,6926.263127723176,return_cruise,True,False,True,True,True,4.135701279518159
K25-025,290,6926.263127723176,6927.211171710652,return_cruise,True,False,True,True,True,4.185906993898826
K25-025,291,6927.211171710652,6928.159215698128,return_cruise,True,False,True,True,True,4.236402228233203
K25-025,292,6928.159215698128,6929.107259685653,return_cruise,True,False,True,True,True,4.287190312832109
K25-025,293,6929.107259685653,6930.055303673178,return_cruise,True,False,True,True,True,4.338274635302895
K25-025,294,6930.055303673178,6930.259463176146,return_cruise,True,False,True,True,True,4.389658641824795
K25-025,295,6930.259463176146,6930.463622679114,return_cruise,True,False,True,True,True,4.400763646466714
K25-025,296,6930.463622679114,6931.207507163671,return_cruise,True,False,True,True,True,4.411882746655479
K25-025,297,6931.207507163671,6931.951391648227,return_cruise,True,False,True,True,True,4.45251659931732
K25-025,298,6931.951391648227,6932.899435635703,return_cruise,True,False,True,True,True,4.493339792832288
K25-025,299,6932.899435635703,6933.847479623179,return_cruise,True,False,True,True,True,4.545644134963084
K25-025,300,6933.847479623179,6934.795523610705,return_cruise,True,False,True,True,True,4.598262559304246
K25-025,301,6934.795523610705,6935.74356759823,return_cruise,True,False,True,True,True,4.651198826000325
K25-025,302,6935.74356759823,6936.691611585755,return_cruise,True,False,True,True,True,4.704456762418843
K25-025,303,6936.691611585755,6937.63965557328,return_cruise,True,False,True,True,True,4.758040264851957
K25-025,304,6937.63965557328,6938.587699560756,return_cruise,True,False,True,True,True,4.811953300049424
K25-025,305,6938.587699560756,6939.535743548232,return_cruise,True,False,True,True,True,4.86619990701719
K25-025,306,6939.535743548232,6940.483787535757,return_cruise,True,False,True,True,True,4.920784198676799
K25-025,307,6940.483787535757,6941.431831523282,return_cruise,True,False,True,True,True,4.975710363725483
K25-025,308,6941.431831523282,6942.379875510807,return_cruise,True,False,True,True,True,5.030982668436991
K25-025,309,6942.379875510807,6943.327919498332,return_cruise,True,False,True,True,True,5.08660545858865
K25-025,310,6943.327919498332,6944.2759634858085,return_cruise,True,False,True,True,True,5.142583161449366
K25-025,311,6944.2759634858085,6945.2240074732845,return_cruise,True,False,True,True,True,5.1989202877525
K25-025,312,6945.2240074732845,6946.17205146081,return_cruise,True,False,True,True,True,5.255621433842961
K25-025,313,6946.17205146081,6947.120095448335,return_cruise,True,False,True,True,True,5.312691283784744
K25-025,314,6947.120095448335,6948.06813943586,return_cruise,True,False,True,True,True,5.370134611573107
K25-025,315,6948.06813943586,6949.016183423385,return_cruise,True,False,True,True,True,5.427956283483226
K25-025,316,6949.016183423385,6949.964227410861,return_cruise,True,False,True,True,True,5.486161260394965
K25-025,317,6949.964227410861,6950.912271398337,return_cruise,True,False,True,True,True,5.544754600182799
K25-025,318,6950.912271398337,6951.860315385862,return_cruise,True,False,True,True,True,5.603741460329488
K25-025,319,6951.860315385862,6952.808359373387,return_cruise,True,False,True,True,True,5.663127100436867
K25-025,320,6952.808359373387,6953.756403360912,return_cruise,True,False,True,True,True,5.722916884934975
K25-025,321,6953.756403360912,6954.7044473484375,return_cruise,True,False,True,True,True,5.783116285871515
K25-025,322,6954.7044473484375,6955.6524913359135,return_cruise,True,False,True,True,True,5.843730885721172
K25-025,323,6955.6524913359135,6956.6005353233895,return_cruise,True,False,True,True,True,5.904766380358765
K25-025,324,6956.6005353233895,6957.548579310915,return_cruise,True,False,True,True,True,5.966228582123279
K25-025,325,6957.548579310915,6958.49662329844,return_cruise,True,False,True,True,True,6.028123422958998
K25-025,326,6958.49662329844,6959.444667285965,return_cruise,True,False,True,True,True,6.090456957621029
K25-025,327,6959.444667285965,6960.39271127349,return_cruise,True,False,True,True,True,6.153235367104031
K25-025,328,6960.39271127349,6961.340755260966,return_cruise,True,False,True,True,True,6.216464962120625
K25-025,329,6961.340755260966,6962.288799248442,return_cruise,True,False,True,True,True,6.280152186615041
K25-025,330,6962.288799248442,6963.236843236015,return_cruise,True,False,True,True,True,6.344303621598414
K25-025,331,6963.236843236015,6964.184887223589,return_cruise,True,False,True,True,True,6.40892598889711
K25-025,332,6964.184887223589,6965.132931211065,return_cruise,True,False,True,True,True,6.474026155208804
K25-025,333,6965.132931211065,6966.080975198541,return_cruise,True,False,True,True,True,6.53961113616424
K25-025,334,6966.080975198541,6967.029019186017,return_cruise,True,False,True,True,True,6.605688100616476
K25-025,335,6967.029019186017,6967.977063173493,return_cruise,True,False,True,True,True,6.672264375083344
K25-025,336,6967.977063173493,6968.925107161066,return_cruise,True,False,True,True,True,6.739347448258144
K25-025,337,6968.925107161066,6969.873151148639,return_cruise,True,False,True,True,True,6.806944975825132
K25-025,338,6969.873151148639,6970.821195136115,return_cruise,True,False,True,True,True,6.875064785267881
K25-025,339,6970.821195136115,6971.769239123591,return_cruise,True,False,True,True,True,6.943714881042283
K25-025,340,6971.769239123591,6972.717283111067,return_cruise,True,False,True,True,True,7.012903449782442
K25-025,341,6972.717283111067,6973.6653270985435,return_cruise,True,False,True,True,True,7.082638865844501
K25-025,342,6973.6653270985435,6974.613371086117,return_cruise,True,False,True,True,True,7.152929696851999
K25-025,343,6974.613371086117,6975.56141507369,return_cruise,True,False,True,True,True,7.223784709687678
K25-025,344,6975.56141507369,6976.509459061166,return_cruise,True,False,True,True,True,7.295212876476157
K25-025,345,6976.509459061166,6977.457503048642,return_cruise,True,False,True,True,True,7.36722338099743
K25-025,346,6977.457503048642,6978.405547036118,return_cruise,True,False,True,True,True,7.439825625201536
K25-025,347,6978.405547036118,6979.353591023594,return_cruise,True,False,True,True,True,7.513029236017516
K25-025,348,6979.353591023594,6980.3016350111675,return_cruise,True,False,True,True,True,7.586844072452806
K25-025,349,6980.3016350111675,6981.249678998741,return_cruise,True,False,True,True,True,7.661280232916951
K25-025,350,6981.249678998741,6982.197722986217,return_cruise,True,False,True,True,True,7.736348062828753
K25-025,351,6982.197722986217,6983.145766973693,return_cruise,True,False,True,True,True,7.812058162569258
K25-025,352,6983.145766973693,6984.093810961169,return_cruise,True,False,True,True,True,7.888421395697179
K25-025,353,6984.093810961169,6985.041854948645,return_cruise,True,False,True,True,True,7.9654488975483275
K25-025,354,6985.041854948645,6985.989898936218,return_cruise,True,False,True,True,True,8.043152084064857
K25-025,355,6985.989898936218,6986.9379429237915,return_cruise,True,False,True,True,True,8.121542661140765
K25-025,356,6986.9379429237915,6987.8859869112675,return_cruise,True,False,True,True,True,8.200632634136554
K25-025,357,6987.8859869112675,6988.834030898744,return_cruise,True,False,True,True,True,8.280434317985538
K25-025,358,6988.834030898744,6989.78207488622,return_cruise,True,False,True,True,True,8.360960347608284
K25-025,359,6989.78207488622,6990.730118873696,return_cruise,True,False,True,True,True,8.442223688696842
K25-025,360,6990.730118873696,6991.678162861269,return_cruise,True,False,True,True,True,8.524237649095596
K25-025,361,6991.678162861269,6992.626206848842,return_cruise,True,False,True,True,True,8.607015890487915
K25-025,362,6992.626206848842,6993.574250836318,return_cruise,True,False,True,True,True,8.690572440691497
K25-025,363,6993.574250836318,6994.522294823794,return_cruise,True,False,True,True,True,8.774921706411376
K25-025,364,6994.522294823794,6995.47033881127,return_cruise,True,False,True,True,True,8.860078486530625
K25-025,365,6995.47033881127,6996.418382798746,return_cruise,True,False,True,True,True,8.946057986008185
K25-025,366,6996.418382798746,6997.36642678632,return_cruise,True,False,True,True,True,9.03287583031124
K25-025,367,6997.36642678632,6998.314470773893,return_cruise,True,False,True,True,True,9.120548080464872
K25-025,368,6998.314470773893,6999.262514761369,return_cruise,True,False,True,True,True,9.209091248805862
K25-025,369,6999.262514761369,7000.210558748845,return_cruise,True,False,True,True,True,9.298522315372267
K25-025,370,7000.210558748845,7001.15860273637,return_cruise,True,False,True,True,True,9.388858745014048
K25-025,371,7001.15860273637,7002.106646723895,return_cruise,True,False,True,True,True,9.480118505252975
K25-025,372,7002.106646723895,7003.05469071142,return_cruise,True,False,True,True,True,9.572320084910814
K25-025,373,7003.05469071142,7004.0027346989455,return_cruise,True,False,True,True,True,9.665482513607955
K25-025,374,7004.0027346989455,7004.258854878198,return_cruise,True,False,True,True,True,9.759625382074546
K25-025,375,7004.258854878198,7004.51497505745,return_cruise,True,False,True,True,True,9.785229502766313
K25-025,376,7004.51497505745,7005.206898865674,return_cruise,True,False,True,True,True,9.81090705451679
K25-025,377,7005.206898865674,7005.8988226738975,return_cruise,True,False,True,True,True,9.880646845002957
K25-025,378,7005.8988226738975,7006.846866661423,return_cruise,True,False,True,True,True,9.950933734802618
K25-025,379,7006.846866661423,7007.794910648948,return_cruise,True,False,True,True,True,10.048141401775311
K25-025,380,7007.794910648948,7008.742954636473,return_cruise,True,False,True,True,True,10.146413921225445
K25-025,381,7008.742954636473,7009.690998623998,return_cruise,True,False,True,True,True,10.24577402729686
K25-025,382,7009.690998623998,7010.639042611474,return_cruise,True,False,True,True,True,10.346245157734998
K25-025,383,7010.639042611474,7011.58708659895,return_cruise,True,False,True,True,True,10.447851481415398
K25-025,384,7011.58708659895,7012.535130586475,return_cruise,True,False,True,True,True,10.550617927300905
K25-025,385,7012.535130586475,7013.483174574,return_cruise,True,False,True,True,True,10.654570214590478
K25-025,386,7013.483174574,7014.431218561525,return_cruise,True,False,True,True,True,10.759734884172786
K25-025,387,7014.431218561525,7015.3792625490505,return_cruise,True,False,True,True,True,10.866139331698221
K25-025,388,7015.3792625490505,7016.3273065365265,return_cruise,True,False,True,True,True,10.973811842031864
K25-025,389,7016.3273065365265,7017.2753505240025,return_cruise,True,False,True,True,True,11.08278162511509
K25-025,390,7017.2753505240025,7018.223394511528,return_cruise,True,False,True,True,True,11.193078853781671
K25-025,391,7018.223394511528,7019.171438499053,return_cruise,True,False,True,True,True,11.304734702886947
K25-025,392,7019.171438499053,7020.119482486578,return_cruise,True,False,True,True,True,11.417781390467965
K25-025,393,7020.119482486578,7021.067526474103,return_cruise,True,False,True,True,True,11.532252220556302
K25-025,394,7021.067526474103,7022.015570461579,return_cruise,True,False,True,True,True,11.648181627875204
K25-025,395,7022.015570461579,7022.963614449055,return_cruise,True,False,True,True,True,11.765605224543307
K25-025,396,7022.963614449055,7023.91165843658,return_cruise,True,False,True,True,True,11.884559848693016
K25-025,397,7023.91165843658,7024.859702424105,return_cruise,True,False,True,True,True,12.005083615233815
K25-025,398,7024.859702424105,7025.80774641163,return_cruise,True,False,True,True,True,12.127215968463616
K25-025,399,7025.80774641163,7026.755790399156,return_cruise,True,False,True,True,True,12.25099773709124
K25-025,400,7026.755790399156,7027.703834386632,return_cruise,True,False,True,True,True,12.37647119124108
K25-025,401,7027.703834386632,7028.651878374108,return_cruise,True,False,True,True,True,12.503680101513481
K25-025,402,7028.651878374108,7029.599922361633,return_cruise,True,False,True,True,True,12.632669800400976
K25-025,403,7029.599922361633,7030.547966349158,return_cruise,True,False,True,True,True,12.7634872455437
K25-025,404,7030.547966349158,7031.496010336683,return_cruise,True,False,True,True,True,12.89618108516541
K25-025,405,7031.496010336683,7032.444054324208,return_cruise,True,False,True,True,True,13.030801725423345
K25-025,406,7032.444054324208,7033.392098311684,return_cruise,True,False,True,True,True,13.167401399372295
K25-025,407,7033.392098311684,7034.34014229916,return_cruise,True,False,True,True,True,13.306034237535954
K25-025,408,7034.34014229916,7035.288186286733,return_cruise,True,False,True,True,True,13.44675633991011
K25-025,409,7035.288186286733,7036.236230274307,return_cruise,True,False,True,True,True,13.589625848611092
K25-025,410,7036.236230274307,7037.184274261783,return_cruise,True,False,True,True,True,13.734703021048531
K25-025,411,7037.184274261783,7038.132318249259,return_cruise,True,False,True,True,True,13.882050303015603
K25-025,412,7038.132318249259,7039.080362236735,return_cruise,True,False,True,True,True,14.031732400796983
K25-025,413,7039.080362236735,7040.028406224211,return_cruise,True,False,True,True,True,14.183816351580717
K25-025,414,7040.028406224211,7040.976450211784,return_cruise,True,False,True,True,True,14.338371590727277
K25-025,415,7040.976450211784,7041.9244941993575,return_cruise,True,False,True,True,True,14.495470014886948
K25-025,416,7041.9244941993575,7042.8725381868335,return_cruise,True,False,True,True,True,14.655186038953829
K25-025,417,7042.8725381868335,7043.8205821743095,return_cruise,True,False,True,True,True,14.817596644849772
K25-025,418,7043.8205821743095,7044.7686261617855,return_cruise,True,False,True,True,True,14.982781419680109
K25-025,419,7044.7686261617855,7045.7166701492615,return_cruise,True,False,True,True,True,15.150822579792418
K25-025,420,7045.7166701492615,7046.664714136835,return_cruise,True,False,True,True,True,15.32180497749323
K25-025,421,7046.664714136835,7047.612758124408,return_cruise,True,False,True,True,True,15.4958160851495
K25-025,422,7047.612758124408,7048.560802111884,return_cruise,True,False,True,True,True,15.672945951637729
K25-025,423,7048.560802111884,7049.50884609936,return_cruise,True,False,True,True,True,15.853287123982383
K25-025,424,7049.50884609936,7050.456890086836,return_cruise,True,False,True,True,True,16.036934526048057
K25-025,425,7050.456890086836,7051.404934074312,return_cruise,True,False,True,True,True,16.22398528439244
K25-025,426,7051.404934074312,7052.352978061886,return_cruise,True,False,True,True,True,16.41453848896782
K25-025,427,7052.352978061886,7053.301022049459,return_cruise,True,False,True,True,True,16.608694874135324
K25-025,428,7053.301022049459,7054.249066036935,return_cruise,True,False,True,True,True,16.806556402420654
K25-025,429,7054.249066036935,7055.197110024411,return_cruise,True,False,True,True,True,17.00822572915746
K25-025,430,7055.197110024411,7056.145154011887,return_cruise,True,False,True,True,True,17.213805522751883
K25-025,431,7056.145154011887,7057.093197999363,return_cruise,True,False,True,True,True,17.423397608286024
K25-025,432,7057.093197999363,7058.041241986936,return_cruise,True,False,True,True,True,17.637101897484442
K25-025,433,7058.041241986936,7058.98928597451,return_cruise,True,False,True,True,True,17.85501505897922
K25-025,434,7058.98928597451,7059.937329961986,return_cruise,True,False,True,True,True,18.077228873815486
K25-025,435,7059.937329961986,7060.885373949462,return_cruise,True,False,True,True,True,18.303828209969666
K25-025,436,7060.885373949462,7061.833417936938,return_cruise,True,False,True,True,True,18.534888537321137
K25-025,437,7061.833417936938,7062.781461924414,return_cruise,True,False,True,True,True,18.77047288696295
K25-025,438,7062.781461924414,7063.729505911987,return_cruise,True,False,True,True,True,19.010628143383457
K25-025,439,7063.729505911987,7064.67754989956,return_cruise,True,False,True,True,True,19.255380534926047
K25-025,440,7064.67754989956,7065.625593887036,return_cruise,True,False,True,True,True,19.504730166623034
K25-025,441,7065.625593887036,7066.573637874512,return_cruise,True,False,True,True,True,19.758644412405786
K25-025,442,7066.573637874512,7067.521681861988,return_cruise,True,False,True,True,True,20.01704995869713
K25-025,443,7067.521681861988,7068.469725849464,return_cruise,True,False,True,True,True,20.27982326216329
K25-025,444,7068.469725849464,7069.417769837038,return_cruise,True,False,True,True,True,20.546779165050765
K25-025,445,7069.417769837038,7070.365813824611,return_cruise,True,False,True,True,True,20.817657392882836
K25-025,446,7070.365813824611,7071.313857812087,return_cruise,True,False,True,True,True,21.09210666277862
K25-025,447,7071.313857812087,7072.261901799563,return_cruise,True,False,True,True,True,21.369666155986394
K25-025,448,7072.261901799563,7073.209945787088,return_cruise,True,False,True,True,True,21.64974417972404
K25-025,449,7073.209945787088,7074.157989774613,return_cruise,True,False,True,True,True,21.93159397501792
K25-025,450,7074.157989774613,7075.106033762138,return_cruise,True,False,True,True,True,22.214286855987254
K25-025,451,7075.106033762138,7076.0540777496635,return_cruise,True,False,True,True,True,22.49668321730978
K25-025,452,7076.0540777496635,7077.0021217371395,return_cruise,True,False,True,True,True,22.77740246440665
K25-025,453,7077.0021217371395,7077.9501657246155,return_cruise,True,False,True,True,True,23.054793638189352
K25-025,454,7077.9501657246155,7078.258246580201,return_cruise,True,False,True,True,True,23.326909434706636
K25-025,455,7078.258246580201,7078.566327435786,return_cruise,True,False,True,True,True,23.4138333805883
K25-025,456,7078.566327435786,7079.206290567725,return_cruise,True,False,True,True,True,23.499878895114364
K25-025,457,7079.206290567725,7079.846253699664,return_cruise,True,False,True,True,True,23.675421027726046
K25-025,458,7079.846253699664,7080.794297687189,return_cruise,True,False,True,True,True,23.845943629993883
K25-025,459,7080.794297687189,7081.742341674714,return_cruise,True,False,True,True,True,24.08738420525617
K25-025,460,7081.742341674714,7082.69038566219,return_cruise,True,False,True,True,True,24.312642588451297
K25-025,461,7082.69038566219,7083.638429649666,return_cruise,True,False,True,True,True,24.518347871317232
K25-025,462,7083.638429649666,7084.586473637191,return_cruise,True,False,True,True,True,24.701029248156885
K25-025,463,7084.586473637191,7085.5345176247165,return_cruise,True,False,True,True,True,24.857257018509912
K25-025,464,7085.5345176247165,7086.482561612242,return_cruise,True,False,True,True,True,24.98381485704637
K25-025,465,7086.482561612242,7087.430605599767,return_cruise,True,False,True,True,True,25.077890795887342
K25-025,466,7087.430605599767,7087.967312261956,return_cruise,True,False,True,True,True,25.13726732750301
K25-025,467,7087.967312261956,7088.504018924145,return_cruise,True,False,True,True,True,25.154911169755295
K25-025,468,7088.504018924145,7207.702938601879,return_descent,True,False,True,True,True,25.16080841557533
