time_interval_start,time_interval_end,direct_available,relay_required,relay_id,access_link_ok,backhaul_link_ok,communication_ok,relay_service_window_ok,minimum_access_link_margin_db,minimum_backhaul_margin_db,minimum_terrain_clearance_m,max_path_loss_db,max_distance_km,threshold_db,margin_db,dem_cells,continuous_certified,midpoint_time_s,sample_count,phase,sortie,service,relay_required_interval
0.0,58.142644042968755,True,False,,True,True,True,True,inf,inf,-1.0255401611328097,82.01716962285145,0.12535661010742188,122.0,39.982830377148545,3,True,29.071322021484377,3,climb,Q2-001,S001,False
58.142644042968755,59.12173515357989,True,False,,True,True,True,True,inf,inf,18.974459838867176,82.07637414011171,0.126213980990453,122.0,39.92362585988829,3,True,58.63218959827432,3,cruise,Q2-001,S001,False
59.12173515357989,60.10082626419103,True,False,,True,True,True,True,inf,inf,18.974459838867176,82.24929380656654,0.12875184128414244,122.0,39.75070619343346,3,True,59.61128070888546,3,cruise,Q2-001,S001,False
60.10082626419103,60.115835986840246,True,False,,True,True,True,True,inf,inf,18.974459838867176,82.25277079077328,0.1288033912980966,122.0,39.74722920922672,5,True,60.10833112551563,3,cruise,Q2-001,S001,False
60.115835986840246,60.13084570948946,True,False,,True,True,True,True,inf,inf,18.974459838867176,82.2562715113701,0.1288553140810382,122.0,39.7437284886299,5,True,60.12334084816486,3,cruise,Q2-001,S001,False
60.13084570948946,61.24668735044981,True,False,,True,True,True,True,inf,inf,18.974459838867176,82.5784274382696,0.1337242374966678,122.0,39.4215725617304,7,True,60.68876652996964,3,cruise,Q2-001,S001,False
61.24668735044981,62.36252899141016,True,False,,True,True,True,True,inf,inf,18.974459838867176,83.00350226265479,0.14043128551579512,122.0,38.99649773734521,7,True,61.80460817092998,3,cruise,Q2-001,S001,False
62.36252899141016,63.493380355019724,True,False,,True,True,True,True,inf,inf,18.974459838867176,83.50915883467087,0.14884926689482558,122.0,38.49084116532913,9,True,62.92795467321494,3,cruise,Q2-001,S001,False
63.493380355019724,64.62423171862929,True,False,,True,True,True,True,inf,inf,18.974459838867176,84.06249287833066,0.15864025606576376,122.0,37.93750712166934,9,True,64.0588060368245,3,cruise,Q2-001,S001,False
64.62423171862929,64.66872713783812,True,False,,True,True,True,True,inf,inf,18.974459838867176,84.0849075473024,0.15905016927353122,122.0,37.91509245269761,11,True,64.6464794282337,3,cruise,Q2-001,S001,False
64.66872713783812,64.71322255704695,True,False,,True,True,True,True,inf,inf,18.974459838867176,84.10735929057464,0.15946182229816136,122.0,37.892640709425365,11,True,64.69097484744253,3,cruise,Q2-001,S001,False
64.71322255704695,65.79957850143322,True,False,,True,True,True,True,inf,inf,18.974459838867176,84.66405875732578,0.17001674456022145,122.0,37.335941242674224,13,True,65.25640052924008,3,cruise,Q2-001,S001,False
65.79957850143322,66.88593444581949,True,False,,True,True,True,True,inf,inf,18.974459838867176,85.2280824731337,0.1814232246660574,122.0,36.771917526866304,13,True,66.34275647362635,3,cruise,Q2-001,S001,False
66.88593444581949,68.01678580944352,True,False,,True,True,True,True,inf,inf,18.974459838867176,85.81203777053018,0.19403972337279254,122.0,36.18796222946982,15,True,67.4513601276315,3,cruise,Q2-001,S001,False
68.01678580944352,69.14763717306755,True,False,,True,True,True,True,inf,inf,18.974459838867176,86.38526260335406,0.20727736947852116,122.0,35.614737396645936,15,True,68.58221149125553,3,cruise,Q2-001,S001,False
69.14763717306755,69.221618288836,True,False,,True,True,True,True,inf,inf,18.974459838867176,86.42226309100093,0.2081622209346846,122.0,35.57773690899907,17,True,69.18462773095177,3,cruise,Q2-001,S001,False
69.221618288836,69.29559940460445,True,False,,True,True,True,True,inf,inf,18.974459838867176,86.45919577256375,0.20904921781342803,122.0,35.540804227436254,17,True,69.25860884672022,3,cruise,Q2-001,S001,False
69.29559940460445,70.3524696524311,True,False,,True,True,True,True,inf,inf,18.974459838867176,86.97891467764624,0.22193944321278614,122.0,35.021085322353755,19,True,69.82403452851777,3,cruise,Q2-001,S001,False
70.3524696524311,71.40933990025775,True,False,,True,True,True,True,inf,inf,18.974459838867176,87.48267679597129,0.23519202862373517,122.0,34.51732320402871,19,True,70.88090477634442,3,cruise,Q2-001,S001,False
71.40933990025775,72.54019126385285,True,False,,True,True,True,True,inf,inf,18.974459838867176,88.00288041065632,0.24970818547077742,122.0,33.99711958934368,21,True,71.9747655820553,3,cruise,Q2-001,S001,False
72.54019126385285,73.67104262744795,True,False,,True,True,True,True,inf,inf,18.974459838867176,88.50325226159138,0.26451564958336304,122.0,33.496747738408615,21,True,73.1056169456504,3,cruise,Q2-001,S001,False
73.67104262744795,73.77450943968772,True,False,,True,True,True,True,inf,inf,18.974459838867176,88.54804643105922,0.26588331192426,122.0,33.45195356894078,23,True,73.72277603356784,3,cruise,Q2-001,S001,False
73.77450943968772,73.87797625192749,True,False,,True,True,True,True,inf,inf,18.974459838867176,88.59267622440255,0.2672529880042526,122.0,33.40732377559745,23,True,73.8262428458076,3,cruise,Q2-001,S001,False
73.87797625192749,74.90536080331175,True,False,,True,True,True,True,inf,inf,18.974459838867176,89.02699805273983,0.2809562262630436,122.0,32.97300194726017,25,True,74.39166852761963,3,cruise,Q2-001,S001,False
74.90536080331175,75.93274535469601,True,False,,True,True,True,True,inf,inf,18.974459838867176,89.44560281336595,0.29482811716681606,122.0,32.55439718663405,25,True,75.41905307900387,3,cruise,Q2-001,S001,False
75.93274535469601,77.06359671829111,True,False,,True,True,True,True,inf,inf,18.974459838867176,89.88887994421526,0.3102649775104382,122.0,32.11112005578474,27,True,76.49817103649356,3,cruise,Q2-001,S001,False
77.06359671829111,78.19444808188621,True,False,,True,True,True,True,inf,inf,18.974459838867176,90.31467473872837,0.3258535788578893,122.0,31.68532526127163,27,True,77.62902240008866,3,cruise,Q2-001,S001,False
78.19444808188621,78.3274005906856,True,False,,True,True,True,True,inf,inf,18.974459838867176,90.36362839808689,0.3276952740996492,122.0,31.636371601913112,29,True,78.26092433628591,3,cruise,Q2-001,S001,False
78.3274005906856,78.46035309948499,True,False,,True,True,True,True,inf,inf,18.974459838867176,90.41235451233793,0.32953874536586636,122.0,31.587645487662073,29,True,78.39387684508529,3,cruise,Q2-001,S001,False
78.46035309948499,79.45825195429516,True,False,,True,True,True,True,inf,inf,18.974459838867176,90.7709652287619,0.34342904305415856,122.0,31.229034771238105,31,True,78.95930252689007,3,cruise,Q2-001,S001,False
79.45825195429516,80.45615080910534,True,False,,True,True,True,True,inf,inf,18.974459838867176,91.11747126050496,0.35740639691879433,122.0,30.882528739495044,31,True,79.95720138170026,3,cruise,Q2-001,S001,False
80.45615080910534,81.5870021727149,True,False,,True,True,True,True,inf,inf,18.974459838867176,91.49628896369981,0.3733388681331551,122.0,30.50371103630019,33,True,81.02157649091012,3,cruise,Q2-001,S001,False
81.5870021727149,82.71785353632447,True,False,,True,True,True,True,inf,inf,18.974459838867176,91.86121532647098,0.38935837850994753,122.0,30.138784673529017,33,True,82.15242785451969,3,cruise,Q2-001,S001,False
82.71785353632447,82.88029174168346,True,False,,True,True,True,True,inf,inf,18.974459838867176,91.91254189970519,0.39166598251399726,122.0,30.08745810029481,35,True,82.79907263900397,3,cruise,Q2-001,S001,False
82.88029174168346,83.04272994704246,True,False,,True,True,True,True,inf,inf,18.974459838867176,91.96360118693394,0.39397513919505883,122.0,30.036398813066057,35,True,82.96151084436296,3,cruise,Q2-001,S001,False
83.04272994704246,84.01114310527856,True,False,,True,True,True,True,inf,inf,18.974459838867176,92.26258310845519,0.40777248113912495,122.0,29.73741689154481,37,True,83.52693652616051,3,cruise,Q2-001,S001,False
84.01114310527856,84.97955626351467,True,False,,True,True,True,True,inf,inf,18.974459838867176,92.55262371597438,0.4216187769351051,122.0,29.447376284025623,37,True,84.49534968439661,3,cruise,Q2-001,S001,False
84.97955626351467,86.1104076271387,True,False,,True,True,True,True,inf,inf,18.974459838867176,92.88060004846376,0.43784335273950653,122.0,29.119399951536238,39,True,85.54498194532668,3,cruise,Q2-001,S001,False
86.1104076271387,87.24125899076273,True,False,,True,True,True,True,inf,inf,18.974459838867176,93.19767304442834,0.45412186264902965,122.0,28.802326955571658,39,True,86.67583330895071,3,cruise,Q2-001,S001,False
87.24125899076273,87.43318289256412,True,False,,True,True,True,True,inf,inf,18.974459838867176,93.25044897034371,0.45688953089601403,122.0,28.74955102965629,41,True,87.33722094166342,3,cruise,Q2-001,S001,False
87.43318289256412,87.62510679436552,True,False,,True,True,True,True,inf,inf,18.974459838867176,93.30293196356452,0.4596585645316559,122.0,28.697068036435482,41,True,87.52914484346482,3,cruise,Q2-001,S001,False
87.62510679436552,88.56403425615922,True,False,,True,True,True,True,inf,inf,18.974459838867176,93.55556150286888,0.4732240776525576,122.0,28.444438497131117,43,True,88.09457052526237,3,cruise,Q2-001,S001,False
88.56403425615922,89.50296171795291,True,False,,True,True,True,True,inf,inf,18.974459838867176,93.80157564493746,0.48681902311331077,122.0,28.198424355062542,43,True,89.03349798705607,3,cruise,Q2-001,S001,False
89.50296171795291,90.63381308154801,True,False,,True,True,True,True,inf,inf,18.974459838867176,94.08953057165583,0.5032285669375038,122.0,27.91046942834417,45,True,90.06838739975046,3,cruise,Q2-001,S001,False
90.63381308154801,91.76466444514311,True,False,,True,True,True,True,inf,inf,18.974459838867176,94.36883829966916,0.5196736221775714,122.0,27.631161700330836,45,True,91.19923876334556,3,cruise,Q2-001,S001,False
91.76466444514311,91.98607404353305,True,False,,True,True,True,True,inf,inf,18.974459838867176,94.42255236644378,0.522897272634092,122.0,27.57744763355622,47,True,91.87536924433809,3,cruise,Q2-001,S001,False
91.98607404353305,92.20748364192299,True,False,,True,True,True,True,inf,inf,18.974459838867176,94.47595631403854,0.5261221352180406,122.0,27.52404368596146,47,True,92.09677884272801,3,cruise,Q2-001,S001,False
92.20748364192299,93.11692540715707,True,False,,True,True,True,True,inf,inf,18.974459838867176,94.69213023257467,0.5393805352534607,122.0,27.30786976742533,49,True,92.66220452454003,3,cruise,Q2-001,S001,False
93.11692540715707,94.02636717239116,True,False,,True,True,True,True,inf,inf,18.974459838867176,94.90334741846469,0.5526575777433105,122.0,27.09665258153531,49,True,93.57164628977412,3,cruise,Q2-001,S001,False
94.02636717239116,95.15721853598626,True,False,,True,True,True,True,inf,inf,18.974459838867176,95.15938591528334,0.5691910388120051,122.0,26.840614084716663,51,True,94.59179285418871,3,cruise,Q2-001,S001,False
95.15721853598626,96.28806989958136,True,False,,True,True,True,True,inf,inf,18.974459838867176,95.40845644898138,0.5857490335866123,122.0,26.591543551018617,51,True,95.72264421778381,3,cruise,Q2-001,S001,False
96.28806989958136,96.53896519453092,True,False,,True,True,True,True,inf,inf,18.974459838867176,95.46280730796518,0.5894257756703107,122.0,26.53719269203482,53,True,96.41351754705613,3,cruise,Q2-001,S001,False
96.53896519453092,96.78986048948046,True,False,,True,True,True,True,inf,inf,18.974459838867176,95.51683610004973,0.5931036043479072,122.0,26.48316389995027,53,True,96.66441284200569,3,cruise,Q2-001,S001,False
96.78986048948046,97.66981655814047,True,False,,True,True,True,True,inf,inf,18.974459838867176,95.70383529987518,0.6060110222624225,122.0,26.29616470012482,55,True,97.22983852381046,3,cruise,Q2-001,S001,False
97.66981655814047,98.54977262680048,True,False,,True,True,True,True,inf,inf,18.974459838867176,95.88706594169437,0.618930743341209,122.0,26.112934058305626,55,True,98.10979459247048,3,cruise,Q2-001,S001,False
98.54977262680048,99.68062399041004,True,False,,True,True,True,True,inf,inf,18.974459838867176,96.11723331964215,0.6355510261627277,122.0,25.882766680357847,57,True,99.11519830860526,3,cruise,Q2-001,S001,False
99.68062399041004,100.8114753540196,True,False,,True,True,True,True,inf,inf,18.974459838867176,96.34169326408202,0.6521889277546212,122.0,25.658306735917975,57,True,100.24604967221482,3,cruise,Q2-001,S001,False
100.8114753540196,101.09185634541156,True,False,,True,True,True,True,inf,inf,18.974459838867176,96.39649348060357,0.6563166656705456,122.0,25.603506519396433,59,True,100.95166584971558,3,cruise,Q2-001,S001,False
101.09185634541156,101.37223733680351,True,False,,True,True,True,True,inf,inf,18.974459838867176,96.4509630489383,0.6604453864186204,122.0,25.549036951061694,59,True,101.23204684110753,3,cruise,Q2-001,S001,False
101.37223733680351,102.22270770900666,True,False,,True,True,True,True,inf,inf,18.974459838867176,96.61419990159783,0.6729747245240174,122.0,25.38580009840217,61,True,101.79747252290508,3,cruise,Q2-001,S001,False
102.22270770900666,103.0731780812098,True,False,,True,True,True,True,inf,inf,18.974459838867176,96.77453180177152,0.6855124526817807,122.0,25.225468198228484,61,True,102.64794289510823,3,cruise,Q2-001,S001,False
103.0731780812098,104.20402944481937,True,False,,True,True,True,True,inf,inf,18.974459838867176,96.98338951403083,0.7021958104633322,122.0,25.016610485969167,63,True,103.63860376301459,3,cruise,Q2-001,S001,False
104.20402944481937,105.33488080842893,True,False,,True,True,True,True,inf,inf,18.974459838867176,97.18750060813653,0.7188922284135869,122.0,24.81249939186347,63,True,104.76945512662415,3,cruise,Q2-001,S001,False
105.33488080842893,105.64474749651218,True,False,,True,True,True,True,inf,inf,18.974459838867176,97.24262823026388,0.7234694049317066,122.0,24.757371769736125,65,True,105.48981415247056,3,cruise,Q2-001,S001,False
105.64474749651218,105.95461418459543,True,False,,True,True,True,True,inf,inf,18.974459838867176,97.29741886460783,0.7280474775503056,122.0,24.702581135392165,65,True,105.7996808405538,3,cruise,Q2-001,S001,False
105.95461418459543,106.77559886012175,True,False,,True,True,True,True,inf,inf,18.974459838867176,97.44098564369224,0.7401811834682881,122.0,24.559014356307756,67,True,106.36510652235859,3,cruise,Q2-001,S001,False
106.77559886012175,107.59658353564807,True,False,,True,True,True,True,inf,inf,18.974459838867176,97.58228580809296,0.7523207643661759,122.0,24.417714191907038,67,True,107.1860911978849,3,cruise,Q2-001,S001,False
107.59658353564807,108.72743489924316,True,False,,True,True,True,True,inf,inf,18.974459838867176,97.77333138325996,0.7690513297951183,122.0,24.226668616740042,69,True,108.16200921744561,3,cruise,Q2-001,S001,False
108.72743489924316,109.85828626283826,True,False,,True,True,True,True,inf,inf,18.974459838867176,97.96037506550361,0.78579183450829,122.0,24.039624934496388,69,True,109.29286058104071,3,cruise,Q2-001,S001,False
109.85828626283826,110.19763864737837,True,False,,True,True,True,True,inf,inf,18.974459838867176,98.01574768788596,0.7908172658880974,122.0,23.984252312114037,71,True,110.02796245510831,3,cruise,Q2-001,S001,False
110.19763864737837,110.53699103191848,True,False,,True,True,True,True,inf,inf,18.974459838867176,98.07077852392564,0.7958435200270545,122.0,23.92922147607436,71,True,110.36731483964843,3,cruise,Q2-001,S001,False
110.53699103191848,111.3284900110024,True,False,,True,True,True,True,inf,inf,18.974459838867176,98.19782590100145,0.8075697696977071,122.0,23.80217409899855,73,True,110.93274052146043,3,cruise,Q2-001,S001,False
111.3284900110024,112.11998899008631,True,False,,True,True,True,True,inf,inf,18.974459838867176,98.32308629464798,0.8193002229124482,122.0,23.67691370535202,73,True,111.72423950054436,3,cruise,Q2-001,S001,False
112.11998899008631,113.25084035368141,True,False,,True,True,True,True,inf,inf,18.974459838867176,98.49904656202284,0.8360670085623472,122.0,23.50095343797716,75,True,112.68541467188386,3,cruise,Q2-001,S001,False
113.25084035368141,114.38169171727651,True,False,,True,True,True,True,inf,inf,18.974459838867176,98.67159162616238,0.8528415279975603,122.0,23.32840837383762,75,True,113.81626603547896,3,cruise,Q2-001,S001,False
114.38169171727651,114.75052979825901,True,False,,True,True,True,True,inf,inf,18.974459838867176,98.7271517554236,0.8583142958171305,122.0,23.272848244576394,77,True,114.56611075776776,3,cruise,Q2-001,S001,False
114.75052979825901,115.11936787924151,True,False,,True,True,True,True,inf,inf,18.974459838867176,98.78236638960969,0.8637878237072595,122.0,23.21763361039031,77,True,114.93494883875026,3,cruise,Q2-001,S001,False
115.11936787924151,115.8813811618541,True,False,,True,True,True,True,inf,inf,18.974459838867176,98.89536249500581,0.8750983863902608,122.0,23.104637504994187,79,True,115.50037452054781,3,cruise,Q2-001,S001,False
115.8813811618541,116.6433944444667,True,False,,True,True,True,True,inf,inf,18.974459838867176,99.0069374716175,0.8864120103823174,122.0,22.993062528382495,79,True,116.2623878031604,3,cruise,Q2-001,S001,False
116.6433944444667,117.77424580809071,True,False,,True,True,True,True,inf,inf,18.974459838867176,99.16997241903267,0.9032071756477413,122.0,22.830027580967325,81,True,117.20882012627871,3,cruise,Q2-001,S001,False
117.77424580809071,118.90509717171474,True,False,,True,True,True,True,inf,inf,18.974459838867176,99.3300613802023,0.9200084734525008,122.0,22.669938619797705,81,True,118.33967148990273,3,cruise,Q2-001,S001,False
118.90509717171474,119.30342094937409,True,False,,True,True,True,True,inf,inf,18.974459838867176,99.38576779355434,0.9259278521108454,122.0,22.614232206445664,83,True,119.10425906054442,3,cruise,Q2-001,S001,False
119.30342094937409,119.70174472703341,True,False,,True,True,True,True,inf,inf,18.974459838867176,99.44112579296842,0.931847936707773,122.0,22.55887420703158,83,True,119.50258283820375,3,cruise,Q2-001,S001,False
119.70174472703341,120.43427231296917,True,False,,True,True,True,True,inf,inf,18.974459838867176,99.54203515960312,0.942736921663466,122.0,22.457964840396883,85,True,120.06800852000129,3,cruise,Q2-001,S001,False
120.43427231296917,121.16679989890493,True,False,,True,True,True,True,inf,inf,18.974459838867176,99.64180625409459,0.9536281687455288,122.0,22.35819374590541,85,True,120.80053610593706,3,cruise,Q2-001,S001,False
121.16679989890493,122.29765126251449,True,False,,True,True,True,True,inf,inf,18.974459838867176,99.79365208028972,0.970445973215354,122.0,22.206347919710282,87,True,121.73222558070971,3,cruise,Q2-001,S001,False
122.29765126251449,123.42850262612406,True,False,,True,True,True,True,inf,inf,18.974459838867176,99.94293238417015,0.9872687204036993,122.0,22.05706761582985,87,True,122.86307694431927,3,cruise,Q2-001,S001,False
123.42850262612406,123.85631210024025,True,False,,True,True,True,True,inf,inf,18.974459838867176,99.99875482153479,0.9936341273535972,122.0,22.00124517846521,89,True,123.64240736318214,3,cruise,Q2-001,S001,False
123.85631210024025,124.28412157435645,True,False,,True,True,True,True,inf,inf,18.974459838867176,100.05422651130017,1.0000001930796132,122.0,21.945773488699828,89,True,124.07021683729835,3,cruise,Q2-001,S001,False
124.28412157435645,124.98716346384981,True,False,,True,True,True,True,inf,inf,18.974459838867176,100.14463557844842,1.0104632828686841,122.0,21.855364421551585,91,True,124.63564251910313,3,cruise,Q2-001,S001,False
124.98716346384981,125.69020535334317,True,False,,True,True,True,True,inf,inf,18.974459838867176,100.23412768063181,1.02092806433719,122.0,21.765872319368185,91,True,125.33868440859649,3,cruise,Q2-001,S001,False
125.69020535334317,126.82105671693827,True,False,,True,True,True,True,inf,inf,18.974459838867176,100.37619862185441,1.0377642112893515,122.0,21.623801378145586,93,True,126.25563103514072,3,cruise,Q2-001,S001,False
126.82105671693827,127.95190808053337,True,False,,True,True,True,True,inf,inf,18.95379548979048,100.51601640409379,1.0546043988801914,122.0,21.48398359590621,93,True,127.38648239873582,3,cruise,Q2-001,S001,False
127.95190808053337,128.40920325110645,True,False,,True,True,True,True,inf,inf,18.930560497072918,100.57193219448365,1.0614153597374894,122.0,21.42806780551635,95,True,128.1805556658199,3,cruise,Q2-001,S001,False
128.40920325110645,128.86649842167952,True,False,,True,True,True,True,inf,inf,18.89469416587167,100.62749534551206,1.068226937943177,122.0,21.37250465448794,95,True,128.637850836393,3,cruise,Q2-001,S001,False
128.86649842167952,129.54005461473048,True,False,,True,True,True,True,inf,inf,18.74849409131687,100.70870199563831,1.0782609024911654,122.0,21.291298004361693,97,True,129.203276518205,3,cruise,Q2-001,S001,False
129.54005461473048,130.21361080778144,True,False,,True,True,True,True,inf,inf,18.60502671121145,100.78916664648071,1.0882961445247303,122.0,21.21083335351929,97,True,129.87683271125596,3,cruise,Q2-001,S001,False
130.21361080778144,131.34446217137653,True,False,,True,True,True,True,inf,inf,18.37009293828214,100.9226286093877,1.1051473553851108,122.0,21.0773713906123,99,True,130.77903648957897,3,cruise,Q2-001,S001,False
131.34446217137653,132.47531353497163,True,False,,True,True,True,True,inf,inf,18.14230744024428,101.05409676492694,1.1220019107962933,122.0,20.94590323507306,99,True,131.9098878531741,3,cruise,Q2-001,S001,False
132.47531353497163,132.96209440222154,True,False,,True,True,True,True,inf,inf,18.04637590390422,101.11008861679596,1.1292580343550667,122.0,20.889911383204037,101,True,132.71870396859657,3,cruise,Q2-001,S001,False
132.96209440222154,133.44887526947142,True,False,,True,True,True,True,inf,inf,17.95168457400939,101.1657262769003,1.1365147385980623,122.0,20.8342737230997,101,True,133.20548483584648,3,cruise,Q2-001,S001,False
133.44887526947142,134.09294576581664,True,False,,True,True,True,True,inf,inf,17.828261848855107,101.23880481202717,1.146117117585172,122.0,20.76119518797283,103,True,133.77091051764404,3,cruise,Q2-001,S001,False
134.09294576581664,134.73701626216186,True,False,,True,True,True,True,inf,inf,17.706914809779505,101.31128093632618,1.1557204688853078,122.0,20.688719063673815,103,True,134.41498101398923,3,cruise,Q2-001,S001,False
134.73701626216186,135.86786762578586,True,False,,True,True,True,True,inf,inf,17.49872051320125,101.43710558927145,1.1725841993790542,122.0,20.562894410728546,105,True,135.30244194397386,3,cruise,Q2-001,S001,False
135.86786762578586,136.9987189894099,True,False,,True,True,True,True,inf,inf,17.29649752078302,101.56115396985773,1.189450728877768,122.0,20.438846030142273,105,True,136.43329330759786,3,cruise,Q2-001,S001,False
136.9987189894099,137.51498555310218,True,False,,True,True,True,True,inf,inf,17.206092657684735,101.61720848494795,1.1971516888549278,122.0,20.38279151505205,107,True,137.25685227125604,3,cruise,Q2-001,S001,False
137.51498555310218,138.03125211679446,True,False,,True,True,True,True,inf,inf,17.11685624673845,101.67290752045116,1.2048531968476899,122.0,20.32709247954884,107,True,137.77311883494832,3,cruise,Q2-001,S001,False
138.03125211679446,138.64583691669728,True,False,,True,True,True,True,inf,inf,17.012117831609515,101.73875659117388,1.214022086470316,122.0,20.261243408826118,109,True,138.33854451674586,3,cruise,Q2-001,S001,False
138.64583691669728,139.2604217166001,True,False,,True,True,True,True,inf,inf,16.908966507245395,101.80411549133676,1.2231917207232503,122.0,20.19588450866324,109,True,138.9531293166487,3,cruise,Q2-001,S001,False
139.2604217166001,140.39127308020966,True,False,,True,True,True,True,inf,inf,16.723193352081125,101.92312060565436,1.2400659667350682,122.0,20.07687939434564,111,True,139.82584739840487,3,cruise,Q2-001,S001,False
140.39127308020966,141.52212444381922,True,False,,True,True,True,True,inf,inf,16.542459370224776,102.04053359361642,1.2569425782381194,122.0,19.959466406383584,111,True,140.95669876201444,3,cruise,Q2-001,S001,False
141.52212444381922,142.06787670396835,True,False,,True,True,True,True,inf,inf,16.204192442531166,102.09664024404086,1.2650880997383005,122.0,19.903359755959144,113,True,141.7950005738938,3,cruise,Q2-001,S001,False
142.06787670396835,142.6136289641175,True,False,,True,True,True,True,inf,inf,15.726945050765892,102.15239033617149,1.2732341399714657,122.0,19.847609663828507,113,True,142.34075283404292,3,cruise,Q2-001,S001,False
142.6136289641175,143.19872806757792,True,False,,True,True,True,True,inf,inf,15.222092420534636,102.21176884056838,1.2819680463238108,122.0,19.788231159431618,115,True,142.90617851584773,3,cruise,Q2-001,S001,False
143.19872806757792,143.78382717103833,True,False,,True,True,True,True,inf,inf,14.724138079433402,102.27074803156643,1.290702525597598,122.0,19.729251968433573,115,True,143.4912776193081,3,cruise,Q2-001,S001,False
143.78382717103833,144.91467853463342,True,False,,True,True,True,True,inf,inf,13.780748184562754,102.3836279985683,1.3075856873774028,122.0,19.6163720014317,117,True,144.3492528528359,3,cruise,Q2-001,S001,False
144.91467853463342,146.04552989822852,True,False,,True,True,True,True,inf,inf,12.861631298220487,102.49507302724271,1.3244708658825266,122.0,19.50492697275729,117,True,145.48010421643096,3,cruise,Q2-001,S001,False
146.04552989822852,146.62076785506898,True,False,,True,True,True,True,inf,inf,12.403113044608688,102.5512234364672,1.3330607151872345,122.0,19.448776563532803,119,True,146.33314887664875,3,cruise,Q2-001,S001,False
146.62076785506898,147.19600581190943,True,False,,True,True,True,True,inf,inf,11.950518365292794,102.60701637592611,1.3416510568265503,122.0,19.392983624073892,119,True,146.9083868334892,3,cruise,Q2-001,S001,False
147.19600581190943,147.751619218693,True,False,,True,True,True,True,inf,inf,11.518881012963561,102.66057073212315,1.34994879295097,122.0,19.339429267876852,121,True,147.47381251530123,3,cruise,Q2-001,S001,False
147.751619218693,148.3072326254766,True,False,,True,True,True,True,inf,inf,11.092563343285576,102.71379974011808,1.3582469713098952,122.0,19.286200259881923,121,True,148.02942592208478,3,cruise,Q2-001,S001,False
148.3072326254766,149.43808398907169,True,False,,True,True,True,True,inf,inf,10.240898799028628,102.82114896387182,1.3751377565990688,122.0,19.17885103612818,123,True,148.87265830727415,3,cruise,Q2-001,S001,False
149.43808398907169,150.56893535266678,True,False,,True,True,True,True,inf,inf,9.410074775310875,102.92719844889079,1.3920302748978097,122.0,19.072801551109208,123,True,150.00350967086922,3,cruise,Q2-001,S001,False
150.56893535266678,151.17365900594962,True,False,,True,True,True,True,inf,inf,8.974079480389747,102.98338587674992,1.4010642516403158,122.0,19.01661412325008,125,True,150.87129717930821,3,cruise,Q2-001,S001,False
151.17365900594962,151.77838265923245,True,False,,True,True,True,True,inf,inf,8.543715724716776,103.03921505863858,1.41009869680242,122.0,18.960784941361425,125,True,151.47602083259102,3,cruise,Q2-001,S001,False
151.77838265923245,152.30451036954472,True,False,,True,True,True,True,inf,inf,8.173783120205542,103.08750019712164,1.417959309041625,122.0,18.912499802878358,127,True,152.04144651438858,3,cruise,Q2-001,S001,False
152.30451036954472,152.83063807985695,True,False,,True,True,True,True,inf,inf,7.8079615288615685,103.13552048358075,1.425820263276369,122.0,18.86447951641925,127,True,152.56757422470082,3,cruise,Q2-001,S001,False
152.83063807985695,153.96148944348096,True,False,,True,True,True,True,inf,inf,7.035267049960851,103.23785153376208,1.4427176169608116,122.0,18.762148466237917,129,True,153.39606376166896,3,cruise,Q2-001,S001,False
153.96148944348096,155.092340807105,True,False,,True,True,True,True,inf,inf,6.280598467670302,103.33899994147257,1.4596164705234105,122.0,18.661000058527435,129,True,154.526915125293,3,cruise,Q2-001,S001,False
155.092340807105,155.72655015683023,True,False,,True,True,True,True,inf,inf,5.865017050619656,103.39521890928422,1.4690944016460334,122.0,18.604781090715775,131,True,155.40944548196762,3,cruise,Q2-001,S001,False
155.72655015683023,156.36075950655547,True,False,,True,True,True,True,inf,inf,5.454802578759029,103.45107896535785,1.4785727794159027,122.0,18.54892103464215,131,True,156.04365483169283,3,cruise,Q2-001,S001,False
156.36075950655547,156.85740152042533,True,False,,True,True,True,True,inf,inf,5.137248343721751,103.49457468330513,1.4859954938045965,122.0,18.50542531669487,133,True,156.6090805134904,3,cruise,Q2-001,S001,False
156.85740152042533,157.3540435342952,True,False,,True,True,True,True,inf,inf,4.822873396075238,103.53785521466682,1.4934184728077506,122.0,18.46214478533318,133,True,157.10572252736026,3,cruise,Q2-001,S001,False
157.3540435342952,158.48489489789029,True,False,,True,True,True,True,inf,inf,4.118653576146357,103.63561307370296,1.5103215249963025,122.0,18.364386926297044,135,True,157.91946921609275,3,cruise,Q2-001,S001,False
158.48489489789029,159.61574626148538,True,False,,True,True,True,True,inf,inf,3.4301298949227146,103.73229035350654,1.5272258837508168,122.0,18.267709646493458,135,True,159.05032057968782,3,cruise,Q2-001,S001,False
159.61574626148538,160.2794413079164,True,False,,True,True,True,True,inf,inf,3.0331362673659044,103.78853636680084,1.5371476187516653,122.0,18.21146363319916,137,True,159.94759378470087,3,cruise,Q2-001,S001,False
160.2794413079164,160.9431363543474,True,False,,True,True,True,True,inf,inf,2.641268737907467,103.84442289364769,1.5470697805005702,122.0,18.15557710635231,137,True,160.6112888311319,3,cruise,Q2-001,S001,False
160.9431363543474,161.41029267154042,True,False,,True,True,True,True,inf,inf,2.368464648817991,103.88354673868278,1.5540539631638113,122.0,18.11645326131722,139,True,161.1767145129439,3,cruise,Q2-001,S001,False
161.41029267154042,161.87744898873345,True,False,,True,True,True,True,inf,inf,2.098117635801316,103.92249628636434,1.561038350390737,122.0,18.077503713635664,139,True,161.64387083013693,3,cruise,Q2-001,S001,False
161.87744898873345,163.00830035232855,True,False,,True,True,True,True,inf,inf,1.4536577578983838,104.0160696490986,1.5779463775513014,122.0,17.983930350901403,141,True,162.442874670531,3,cruise,Q2-001,S001,False
163.00830035232855,164.13915171592362,True,False,,True,True,True,True,inf,inf,0.8229490562881097,104.10865191331732,1.5948555496401278,122.0,17.891348086682683,141,True,163.57372603412608,3,cruise,Q2-001,S001,False
164.13915171592362,164.83233245879703,True,False,,True,True,True,True,inf,inf,0.44295166218310555,104.16492125396222,1.605220956799882,122.0,17.83507874603778,143,True,164.48574208736034,3,cruise,Q2-001,S001,False
164.83233245879703,165.52551320167044,True,False,,True,True,True,True,inf,inf,0.06786020657642666,104.22083060911191,1.6155867724486004,122.0,17.779169390888086,143,True,165.17892283023372,3,cruise,Q2-001,S001,False
165.52551320167044,165.9631838224066,True,False,,True,True,True,True,inf,inf,-0.16648659048371428,114.2559481336782,1.6221318999411454,122.0,7.744051866321797,145,True,165.74434851203853,3,cruise,Q2-001,S001,False
165.9631838224066,166.40085444314278,True,False,,True,True,True,True,inf,inf,-0.3989385343296874,114.29092508915276,1.6286771852094104,122.0,7.709074910847235,145,True,166.18201913277468,3,cruise,Q2-001,S001,False
166.40085444314278,167.53170580675234,True,False,,True,True,True,True,inf,inf,-0.9909347325073554,114.38065541195657,1.6455895806705463,122.0,7.6193445880434325,147,True,166.96628012494756,3,cruise,Q2-001,S001,False
167.53170580675234,168.66255717036188,True,False,,True,True,True,True,inf,inf,-1.5708161960965583,114.4694735084922,1.662502984876423,122.0,7.5305264915078,147,True,168.09713148855712,3,cruise,Q2-001,S001,False
168.66255717036188,169.3852236096777,True,False,,True,True,True,True,inf,inf,-1.9352128943096147,114.5257630770241,1.6733119482612016,122.0,7.474236922975905,149,True,169.0238903900198,3,cruise,Q2-001,S001,False
169.3852236096777,170.1078900489935,True,False,,True,True,True,True,inf,inf,-2.294905681747025,114.581692224336,1.6841213033153553,122.0,7.418307775664005,149,True,169.7465568293356,3,cruise,Q2-001,S001,False
170.1078900489935,170.51607497327282,True,False,,True,True,True,True,inf,inf,-2.4960270494867984,114.61312522493954,1.6902269401031431,122.0,7.386874775060463,151,True,170.31198251113318,3,cruise,Q2-001,S001,False
170.51607497327282,170.92425989755213,True,False,,True,True,True,True,inf,inf,-2.6956926000024737,114.6444455046873,1.696332698105094,122.0,7.355554495312703,151,True,170.72016743541246,3,cruise,Q2-001,S001,False
170.92425989755213,172.05511126117614,True,False,,True,True,True,True,inf,inf,-3.2413802032907313,114.73063431773475,1.7132489494159973,122.0,7.269365682265246,153,True,171.48968557936414,3,cruise,Q2-001,S001,False
172.05511126117614,173.18596262480017,True,False,,True,True,True,True,inf,inf,-3.7763398203230736,114.81598077209556,1.7301660939244268,122.0,7.184019227904443,153,True,172.62053694298817,3,cruise,Q2-001,S001,False
173.18596262480017,173.9381147607928,True,False,,True,True,True,True,inf,inf,-4.1263662613228576,114.87228796653383,1.7414185109448217,122.0,7.127712033466167,155,True,173.56203869279648,3,cruise,Q2-001,S001,False
173.9381147607928,174.69026689678543,True,False,,True,True,True,True,inf,inf,-4.4718748386446805,114.92823435741276,1.752671304088166,122.0,7.071765642587238,155,True,174.31419082878912,3,cruise,Q2-001,S001,False
174.69026689678543,175.0689661243879,True,False,,True,True,True,True,inf,inf,-4.644151657124837,114.95626755320613,1.7583370852733253,122.0,7.043732446793868,157,True,174.8796165105867,3,cruise,Q2-001,S001,False
175.0689661243879,175.4476653519904,True,False,,True,True,True,True,inf,inf,-4.81531614301889,114.9842110204556,1.76400295905716,122.0,7.015788979544396,157,True,175.25831573818914,3,cruise,Q2-001,S001,False
175.4476653519904,176.5785167155855,True,False,,True,True,True,True,inf,inf,-5.319923747934695,115.06712588579472,1.7809226303949988,122.0,6.932874114205276,159,True,176.01309103378793,3,cruise,Q2-001,S001,False
176.5785167155855,177.7093680791806,True,False,,True,True,True,True,inf,inf,-5.814986285814484,115.14926056883219,1.7978430962651972,122.0,6.85073943116781,159,True,177.14394239738306,3,cruise,Q2-001,S001,False
177.7093680791806,178.49100591164455,True,False,,True,True,True,True,inf,inf,-6.151732863514724,115.20558319060427,1.8095388756811874,122.0,6.794416809395727,161,True,178.10018699541257,3,cruise,Q2-001,S001,False
178.49100591164455,179.2726437441085,True,False,,True,True,True,True,inf,inf,-6.484133468033519,115.26154467178523,1.8212350168069351,122.0,6.738455328214769,161,True,178.88182482787653,3,cruise,Q2-001,S001,False
179.2726437441085,179.62185727526858,True,False,,True,True,True,True,inf,inf,-6.631258140525119,115.286431162351,1.8264606347401897,122.0,6.713568837649007,163,True,179.44725050968856,3,cruise,Q2-001,S001,False
179.62185727526858,179.97107080642866,True,False,,True,True,True,True,inf,inf,-6.777539365756212,115.31124688558418,1.8316863228665494,122.0,6.688753114415817,163,True,179.7964640408486,3,cruise,Q2-001,S001,False
179.97107080642866,181.10192217002376,True,False,,True,True,True,True,inf,inf,-7.245537064790085,115.3911262896546,1.848609041253262,122.0,6.6088737103454065,165,True,180.5364964882262,3,cruise,Q2-001,S001,False
181.10192217002376,182.23277353361885,True,False,,True,True,True,True,inf,inf,-7.705004901887577,115.47028108017659,1.8655324694171005,122.0,6.529718919823409,165,True,181.66734785182132,3,cruise,Q2-001,S001,False
182.23277353361885,183.04389706252522,True,False,,True,True,True,True,inf,inf,-8.029442441350227,115.52661726047903,1.877671529717,122.0,6.4733827395209715,167,True,182.63833529807204,3,cruise,Q2-001,S001,False
183.04389706252522,183.85502059143158,True,False,,True,True,True,True,inf,inf,-8.349693298019304,115.58259200184136,1.8898109383270039,122.0,6.417407998158637,167,True,183.4494588269784,3,cruise,Q2-001,S001,False
183.85502059143158,184.17474842613478,True,False,,True,True,True,True,inf,inf,-8.47479676763811,115.60455776100856,1.8945961320988094,122.0,6.395442238991436,169,True,184.01488450878318,3,cruise,Q2-001,S001,False
184.17474842613478,184.494476260838,True,False,,True,True,True,True,inf,inf,-8.599267099453698,115.62646835188367,1.899381378539203,122.0,6.373531648116327,169,True,184.3346123434864,3,cruise,Q2-001,S001,False
184.494476260838,185.62532762444758,True,False,,True,True,True,True,inf,inf,-9.034499198338125,115.70352575197417,1.9163068229201288,122.0,6.296474248025831,171,True,185.0599019426428,3,cruise,Q2-001,S001,False
185.62532762444758,186.75617898805712,True,False,,True,True,True,True,inf,inf,-9.462077626681292,115.7799083997439,1.9332329038633314,122.0,6.220091600256097,171,True,186.19075330625236,3,cruise,Q2-001,S001,False
186.75617898805712,187.5967882136403,True,False,,True,True,True,True,inf,inf,-9.77507424956184,115.83625654129364,1.9458151719204684,122.0,6.163743458706364,173,True,187.1764836008487,3,cruise,Q2-001,S001,False
187.5967882136403,188.4373974392235,True,False,,True,True,True,True,inf,inf,-10.084032216365927,115.89224297873638,1.95839777579222,122.0,6.107757021263623,173,True,188.0170928264319,3,cruise,Q2-001,S001,False
188.4373974392235,188.72763957723544,True,False,,True,True,True,True,inf,inf,-10.189784167849098,115.91149058099009,1.9627423229406693,122.0,6.08850941900991,175,True,188.58251850822947,3,cruise,Q2-001,S001,False
188.72763957723544,189.01788171524737,True,False,,True,True,True,True,inf,inf,-10.295067066927146,115.93069579777413,1.9670869090868208,122.0,6.069304202225865,175,True,188.8727606462414,3,cruise,Q2-001,S001,False
189.01788171524737,190.14873307887137,True,False,,True,True,True,True,inf,inf,-10.700857880317415,116.00512299132154,1.984014801606489,122.0,5.994877008678458,177,True,189.58330739705937,3,cruise,Q2-001,S001,False
190.14873307887137,191.2795844424954,True,False,,True,True,True,True,inf,inf,-11.099755203541974,116.07892033882939,2.0009432671198004,122.0,5.921079661170609,177,True,190.7141587606834,3,cruise,Q2-001,S001,False
191.2795844424954,192.14967936452098,True,False,,True,True,True,True,inf,inf,-11.40209032093594,116.13527906932185,2.0139686770532657,122.0,5.864720930678146,179,True,191.71463190350818,3,cruise,Q2-001,S001,False
192.14967936452098,193.01977428654655,True,False,,True,True,True,True,inf,inf,-11.700524699201651,116.19127585917387,2.026994411120481,122.0,5.808724140826129,179,True,192.58472682553378,3,cruise,Q2-001,S001,False
193.01977428654655,193.28053072811608,True,False,,True,True,True,True,inf,inf,-11.789213286729677,116.20798759003213,2.0308981210313353,122.0,5.792012409967867,181,True,193.1501525073313,3,cruise,Q2-001,S001,False
193.28053072811608,193.5412871696856,True,False,,True,True,True,True,inf,inf,-11.877560273791232,116.22466735024194,2.0348018593208628,122.0,5.775332649758056,181,True,193.41090894890084,3,cruise,Q2-001,S001,False
193.5412871696856,194.6721385332807,True,False,,True,True,True,True,inf,inf,-12.256799161574463,116.2966372979762,2.051731958301272,122.0,5.703362702023796,183,True,194.10671285148317,3,cruise,Q2-001,S001,False
194.6721385332807,195.8029898968758,True,False,,True,True,True,True,inf,inf,-12.629807310785623,116.3680179839754,2.0686625748154914,122.0,5.631982016024594,183,True,195.23756421507824,3,cruise,Q2-001,S001,False
195.8029898968758,196.7025705154899,True,False,,True,True,True,True,inf,inf,-12.92218331202713,116.42438611880102,2.0821310670622273,122.0,5.575613881198976,185,True,196.25278020618285,3,cruise,Q2-001,S001,False
196.7025705154899,197.60215113410402,True,False,,True,True,True,True,inf,inf,-13.210787382760657,116.48039210127726,2.0955998724980294,122.0,5.5196078987227395,185,True,197.15236082479697,3,cruise,Q2-001,S001,False
197.60215113410402,197.8334218791139,True,False,,True,True,True,True,inf,inf,-13.284383172589997,116.49473256931508,2.099062581079852,122.0,5.505267430684924,187,True,197.71778650660895,3,cruise,Q2-001,S001,False
197.8334218791139,198.0646926241238,True,False,,True,True,True,True,inf,inf,-13.357735676190202,116.50904948357706,2.1025253098552596,122.0,5.4909505164229415,187,True,197.94905725161885,3,cruise,Q2-001,S001,False
198.0646926241238,199.1955439877189,True,False,,True,True,True,True,inf,inf,-13.712945922045321,116.57871868896228,2.119457404097022,122.0,5.421281311037717,189,True,198.63011830592137,3,cruise,Q2-001,S001,False
199.1955439877189,200.326395351314,True,False,,True,True,True,True,inf,inf,-14.062505874006888,116.64783543034224,2.1363899672692357,122.0,5.352164569657759,189,True,199.76096966951644,3,cruise,Q2-001,S001,False
200.326395351314,201.25546166648775,True,False,,True,True,True,True,inf,inf,-14.345557951222958,116.70421194233191,2.1503014877854576,122.0,5.295788057668091,191,True,200.7909285089009,3,cruise,Q2-001,S001,False
201.25546166648775,202.1845279816615,True,False,,True,True,True,True,inf,inf,-14.62495867171981,116.76022611186691,2.164213311209783,122.0,5.239773888133087,191,True,201.7199948240746,3,cruise,Q2-001,S001,False
202.1845279816615,202.38631303008287,True,False,,True,True,True,True,inf,inf,-14.68516630592734,116.77234445504207,2.1672348766025173,122.0,5.227655544957926,193,True,202.2854205058722,3,cruise,Q2-001,S001,False
202.38631303008287,202.58809807850423,True,False,,True,True,True,True,inf,inf,-14.745205724382231,116.78444597038876,2.1702564559469155,122.0,5.215554029611241,193,True,202.48720555429355,3,cruise,Q2-001,S001,False
202.58809807850423,203.71894944212826,True,False,,True,True,True,True,inf,inf,-15.078600728055164,116.85195649621427,2.1871903600797156,122.0,5.148043503785729,195,True,203.15352376031626,3,cruise,Q2-001,S001,False
203.71894944212826,204.84980080575227,True,False,,True,True,True,True,inf,inf,-15.406855966186356,116.91894802447453,2.2041246903715614,122.0,5.081051975525469,195,True,204.28437512394026,3,cruise,Q2-001,S001,False
204.84980080575227,205.8083528173684,True,False,,True,True,True,True,inf,inf,-15.681160421029574,116.97533201922693,2.218479189951578,122.0,5.024667980773074,197,True,205.32907681156033,3,cruise,Q2-001,S001,False
205.8083528173684,206.7669048289845,True,False,,True,True,True,True,inf,inf,-15.951926623294128,117.03135350032697,2.2328339827659054,122.0,4.968646499673028,197,True,206.28762882317645,3,cruise,Q2-001,S001,False
206.7669048289845,206.9392041809635,True,False,,True,True,True,True,inf,inf,-16.00022685094575,117.04138525964586,2.2354142818517135,122.0,4.958614740354136,199,True,206.853054504974,3,cruise,Q2-001,S001,False
206.9392041809635,207.11150353294246,True,False,,True,True,True,True,inf,inf,-16.048415349233863,117.05140548208786,2.2379945901948166,122.0,4.9485945179121416,199,True,207.02535385695296,3,cruise,Q2-001,S001,False
207.11150353294246,208.242354896552,True,False,,True,True,True,True,inf,inf,-16.361944777267183,117.116886668346,2.254930140843402,122.0,4.883113331654002,201,True,207.67692921474725,3,cruise,Q2-001,S001,False
208.242354896552,209.37320626016157,True,False,,True,True,True,True,inf,inf,-16.670785269722643,117.18187938125436,2.2718660798626567,122.0,4.818120618745638,201,True,208.80778057835678,3,cruise,Q2-001,S001,False
209.37320626016157,210.3612439683518,True,False,,True,True,True,True,inf,inf,-16.936866575057422,117.23827007699305,2.2866635135821634,122.0,4.761729923006953,203,True,209.86722511425668,3,cruise,Q2-001,S001,False
210.3612439683518,211.349281676542,True,False,,True,True,True,True,inf,inf,-17.199515935565756,117.29429810444975,2.301461231407659,122.0,4.7057018955502485,203,True,210.8552628224469,3,cruise,Q2-001,S001,False
211.349281676542,211.49209533196134,True,False,,True,True,True,True,inf,inf,-17.23720002798703,117.30236682310165,2.3036001569290234,122.0,4.69763317689835,205,True,211.42068850425167,3,cruise,Q2-001,S001,False
211.49209533196134,211.63490898738067,True,False,,True,True,True,True,inf,inf,-17.27481399566301,117.31042807516462,2.3057390882521442,122.0,4.689571924835377,205,True,211.563502159671,3,cruise,Q2-001,S001,False
211.63490898738067,212.76576035097577,True,False,,True,True,True,True,inf,inf,-17.570201923416874,117.37399800969736,2.3226761408760845,122.0,4.62600199030264,207,True,212.20033466917823,3,cruise,Q2-001,S001,False
212.76576035097577,213.89661171457087,True,False,,True,True,True,True,inf,inf,-17.861300524280608,117.43710738692029,2.339613548359959,122.0,4.562892613079711,207,True,213.3311860327733,3,cruise,Q2-001,S001,False
213.89661171457087,214.91413511933513,True,False,,True,True,True,True,inf,inf,-18.119637358014472,117.49350409774985,2.3548538750677754,122.0,4.506495902250151,209,True,214.405373416953,3,cruise,Q2-001,S001,False
214.91413511933513,215.93165852409942,True,False,,True,True,True,True,inf,inf,-18.374642353027724,117.54953800029239,2.370094477258427,122.0,4.450461999707613,209,True,215.42289682171727,3,cruise,Q2-001,S001,False
215.93165852409942,216.04498648295913,True,False,,True,True,True,True,inf,inf,-18.40284045410465,117.55575659514443,2.3717919354581194,122.0,4.44424340485557,211,True,215.98832250352928,3,cruise,Q2-001,S001,False
216.04498648295913,216.15831444181887,True,False,,True,True,True,True,inf,inf,-18.43099810814664,117.5619707532617,2.3734893970010233,122.0,4.438029246738296,211,True,216.101650462389,3,cruise,Q2-001,S001,False
216.15831444181887,217.28916580541397,True,False,,True,True,True,True,inf,inf,-18.709774728820264,117.62373753647014,2.3904278232556107,122.0,4.376262463529855,213,True,216.72374012361644,3,cruise,Q2-001,S001,False
217.28916580541397,218.42001716900907,True,False,,True,True,True,True,inf,inf,-18.98461748265447,117.68506935832094,2.4073665745485933,122.0,4.314930641679055,213,True,217.8545914872115,3,cruise,Q2-001,S001,False
218.42001716900907,219.46702627021577,True,False,,True,True,True,True,inf,inf,-19.23564790847462,117.74147148041814,2.423049756451044,122.0,4.2585285195818585,215,True,218.94352171961242,3,cruise,Q2-001,S001,False
219.46702627021577,220.51403537142244,True,False,,True,True,True,True,inf,inf,-19.483440927274785,117.79751066713101,2.438733205669518,122.0,4.202489332868993,215,True,219.99053082081912,3,cruise,Q2-001,S001,False
220.51403537142244,220.59787763381084,True,False,,True,True,True,True,inf,inf,-19.50314553994167,117.80198261023288,2.439989114335877,122.0,4.1980173897671165,217,True,220.55595650261665,3,cruise,Q2-001,S001,False
220.59787763381084,220.68171989619924,True,False,,True,True,True,True,inf,inf,-19.522829824206326,117.8064522581007,2.4412450246795196,122.0,4.193547741899295,217,True,220.63979876500503,3,cruise,Q2-001,S001,False
220.68171989619924,221.81257125982327,True,False,,True,True,True,True,inf,inf,-19.786357955968327,117.86651509532848,2.4581847102117154,122.0,4.133484904671519,219,True,221.24714557801127,3,cruise,Q2-001,S001,False
221.81257125982327,222.94342262344728,True,False,,True,True,True,True,inf,inf,-20.046269464681245,117.92616649654984,2.4751246941556437,122.0,4.07383350345016,219,True,222.37799694163527,3,cruise,Q2-001,S001,False
222.94342262344728,224.0199174212136,True,False,,True,True,True,True,inf,inf,-20.290395400356545,117.982573496623,2.4912506964518557,122.0,4.017426503376996,221,True,223.48167002233043,3,cruise,Q2-001,S001,False
224.0199174212136,225.0964122189799,True,False,,True,True,True,True,inf,inf,-20.53137315551905,118.03861744567897,2.507376958320169,122.0,3.961382554321034,221,True,224.55816482009675,3,cruise,Q2-001,S001,False
225.0964122189799,225.15076878480872,True,False,,True,True,True,True,inf,inf,-20.54345870270106,118.04143778635783,2.508191245140346,122.0,3.9585622136421676,223,True,225.1235905018943,3,cruise,Q2-001,S001,False
225.15076878480872,225.20512535063753,True,False,,True,True,True,True,inf,inf,-20.555536385414257,118.04425721380532,2.5090055326094385,122.0,3.9557427861946763,223,True,225.17794706772312,3,cruise,Q2-001,S001,False
225.20512535063753,226.33597671424707,True,False,,True,True,True,True,inf,inf,-20.805033745717594,118.10270736272852,2.525946375202424,122.0,3.8972926372714767,225,True,225.7705510324423,3,cruise,Q2-001,S001,False
226.33597671424707,227.46682807785663,True,False,,True,True,True,True,inf,inf,-21.051198511421376,118.16076774731485,2.542887492359458,122.0,3.83923225268515,225,True,226.90140239605185,3,cruise,Q2-001,S001,False
227.46682807785663,228.572808572197,True,False,,True,True,True,True,inf,inf,-21.288789598963376,118.21717915291526,2.559456282920775,122.0,3.7828208470847358,227,True,228.01981832502682,3,cruise,Q2-001,S001,False
228.572808572197,229.67878906653738,True,False,,True,True,True,True,inf,inf,-21.523316946103193,118.27322740205929,2.576025325697096,122.0,3.726772597940709,227,True,229.1257988193672,3,cruise,Q2-001,S001,False
229.67878906653738,229.70365993580657,True,False,,True,True,True,True,inf,inf,-21.52855614447236,118.27448365480382,2.5763979268991872,122.0,3.7255163451961835,229,True,229.69122450117197,3,cruise,Q2-001,S001,False
229.70365993580657,229.72853080507574,True,False,,True,True,True,True,inf,inf,-21.533793824028777,118.27573972630162,2.576770528226072,122.0,3.724260273698377,229,True,229.71609537044117,3,cruise,Q2-001,S001,False
229.72853080507574,230.85938216867083,True,False,,True,True,True,True,inf,inf,-21.7703518392276,118.33266132177302,2.593712436232158,122.0,3.667338678226983,231,True,230.2939564868733,3,cruise,Q2-001,S001,False
230.85938216867083,231.99023353226593,True,False,,True,True,True,True,inf,inf,-22.003832308688345,118.38921316019008,2.6106545973773962,122.0,3.6107868398099185,231,True,231.42480785046837,3,cruise,Q2-001,S001,False
231.99023353226593,233.12108489588994,True,False,,True,True,True,True,inf,inf,-22.23429490114134,118.44540000322847,2.6275970066541294,122.0,3.554599996771529,233,True,232.55565921407793,3,cruise,Q2-001,S001,False
233.12108489588994,234.25193625951394,True,False,,True,True,True,True,inf,inf,-22.46179775270093,118.50122652136037,2.6445396591761887,122.0,3.4987734786396345,233,True,233.68651057770194,3,cruise,Q2-001,S001,False
234.25193625951394,234.25655108668715,True,False,,True,True,True,True,inf,inf,-22.462720170446744,118.50145360871608,2.6446087999773935,122.0,3.4985463912839236,235,True,234.25424367310055,3,cruise,Q2-001,S001,False
234.25655108668715,234.2611659138604,True,False,,True,True,True,True,inf,inf,-22.463642539858142,118.50168069015444,2.6446779407845544,122.0,3.498319309845556,235,True,234.2588585002738,3,cruise,Q2-001,S001,False
234.2611659138604,235.38740245028228,True,False,,True,True,True,True,inf,inf,-22.68730820055157,118.5569229410848,2.6615516919492688,122.0,3.4430770589151933,237,True,234.82428418207132,3,cruise,Q2-001,S001,False
235.38740245028228,236.51363898670417,True,False,,True,True,True,True,inf,inf,-22.908149406085272,118.61181682269434,2.678425675037527,122.0,3.388183177305663,237,True,235.95052071849324,3,cruise,Q2-001,S001,False
236.51363898670417,237.64449035029924,True,False,,True,True,True,True,inf,inf,-23.127107247952324,118.66658951136199,2.695369029213785,122.0,3.333410488638009,239,True,237.0790646685017,3,cruise,Q2-001,S001,False
237.64449035029924,238.77534171389433,True,False,,True,True,True,True,inf,inf,-23.343323517808983,118.7210196903248,2.7123126083037583,122.0,3.2789803096752053,239,True,238.20991603209677,3,cruise,Q2-001,S001,False
238.77534171389433,238.8094422376561,True,False,,True,True,True,True,inf,inf,-23.349801421186925,118.72265574295479,2.7128235408972268,122.0,3.2773442570452147,241,True,238.79239197577522,3,cruise,Q2-001,S001,False
238.8094422376561,238.84354276141784,True,False,,True,True,True,True,inf,inf,-23.356276879647282,118.72429148812327,2.713334473691647,122.0,3.2757085118767293,241,True,238.82649249953698,3,cruise,Q2-001,S001,False
238.84354276141784,239.9402936012801,True,False,,True,True,True,True,inf,inf,-23.563246942569435,118.77673752494742,2.729767347186662,122.0,3.2232624750525787,243,True,239.39191818134896,3,cruise,Q2-001,S001,False
239.9402936012801,241.03704444114237,True,False,,True,True,True,True,inf,inf,-23.76773475792848,118.82886943191384,2.74620042412761,122.0,3.1711305680861557,243,True,240.48866902121125,3,cruise,Q2-001,S001,False
241.03704444114237,242.16789580473747,True,False,,True,True,True,True,inf,inf,-23.976028311364104,118.88229725693073,2.7631446525768175,122.0,3.117702743069273,245,True,241.6024701229399,3,cruise,Q2-001,S001,False
242.16789580473747,243.29874716833257,True,False,,True,True,True,True,inf,inf,-24.18177753550185,118.93539910077763,2.780089089360169,122.0,3.06460089922237,245,True,242.73332148653503,3,cruise,Q2-001,S001,False
243.29874716833257,243.36233338865392,True,False,,True,True,True,True,inf,inf,-24.193271926331136,118.9383753451796,2.781041857895004,122.0,3.061624654820406,247,True,243.33054027849323,3,cruise,Q2-001,S001,False
243.36233338865392,243.4259196089753,True,False,,True,True,True,True,inf,inf,-24.204758427777506,118.94135057212826,2.7819946270755014,122.0,3.0586494278717424,247,True,243.39412649881461,3,cruise,Q2-001,S001,False
243.4259196089753,244.4931847522635,True,False,,True,True,True,True,inf,inf,-24.396384051362418,118.9911371615151,2.7979865105010844,122.0,3.0088628384849017,249,True,243.9595521806194,3,cruise,Q2-001,S001,False
244.4931847522635,245.56044989555167,True,False,,True,True,True,True,inf,inf,-24.58582722117586,119.04064055616534,2.813978572446188,122.0,2.959359443834657,249,True,245.02681732390758,3,cruise,Q2-001,S001,False
245.56044989555167,246.69130125916124,True,False,,True,True,True,True,inf,inf,-24.784217033047298,119.0927878473511,2.8309236112375222,122.0,2.9072121526488957,251,True,246.12587557735645,3,cruise,Q2-001,S001,False
246.69130125916124,247.82215262277077,True,False,,True,True,True,True,inf,inf,-24.980241282180998,119.14462451998902,2.8478688433337904,122.0,2.855375480010977,251,True,247.25672694096602,3,cruise,Q2-001,S001,False
247.82215262277077,247.91522453953456,True,False,,True,True,True,True,inf,inf,-24.996270521452004,119.14887708836117,2.849263487134605,122.0,2.851122911638825,253,True,247.86868858115267,3,cruise,Q2-001,S001,False
247.91522453953456,248.00829645629832,True,False,,True,True,True,True,inf,inf,-25.01228404569497,119.15312757962319,2.8506581322177973,122.0,2.846872420376812,253,True,247.96176049791643,3,cruise,Q2-001,S001,False
248.00829645629832,249.04607590312966,True,False,,True,True,True,True,inf,inf,-25.189781879042442,119.20038171271437,2.866208924463794,122.0,2.7996182872856252,255,True,248.527186179714,3,cruise,Q2-001,S001,False
249.04607590312966,250.083855349961,True,False,,True,True,True,True,inf,inf,-25.36536033715987,119.24738063020848,2.881759873383361,122.0,2.7526193697915176,255,True,249.56496562654533,3,cruise,Q2-001,S001,False
250.083855349961,251.21470671357056,True,False,,True,True,True,True,inf,inf,-25.55453631654433,119.29830721812593,2.898705664510112,122.0,2.7016927818740726,257,True,250.64928103176578,3,cruise,Q2-001,S001,False
251.21470671357056,252.34555807718013,True,False,,True,True,True,True,inf,inf,-25.74150913728124,119.34893749113398,2.9156516352852284,122.0,2.651062508866019,257,True,251.78013239537535,3,cruise,Q2-001,S001,False
252.34555807718013,252.46811569051795,True,False,,True,True,True,True,inf,inf,-25.761641880523428,119.35440696650915,2.9174881894498848,122.0,2.6455930334908544,259,True,252.40683688384905,3,cruise,Q2-001,S001,False
252.46811569051795,252.5906733038558,True,False,,True,True,True,True,inf,inf,-25.781749245041738,119.35987300609402,2.9193247456824336,122.0,2.64012699390598,259,True,252.52939449718687,3,cruise,Q2-001,S001,False
252.5906733038558,253.5989670541275,True,False,,True,True,True,True,inf,inf,-25.946217444348065,119.40471280674383,2.934434355587837,122.0,2.595287193256169,261,True,253.09482017899165,3,cruise,Q2-001,S001,False
253.5989670541275,254.60726080439923,True,False,,True,True,True,True,inf,inf,-26.108997479544115,119.44932272086123,2.949544102986885,122.0,2.5506772791387675,261,True,254.10311392926337,3,cruise,Q2-001,S001,False
254.60726080439923,255.7381121679943,True,False,,True,True,True,True,inf,inf,-26.289586912129153,119.49908434606985,2.9664905936957098,122.0,2.50091565393015,263,True,255.17268648619677,3,cruise,Q2-001,S001,False
255.7381121679943,256.86896353158943,True,False,,True,True,True,True,inf,inf,-26.468121057758538,119.54856299599699,2.983437251616902,122.0,2.4514370040030116,263,True,256.30353784979184,3,cruise,Q2-001,S001,False
256.86896353158943,257.02100684150133,True,False,,True,True,True,True,inf,inf,-26.491970186752383,119.55519400878205,2.98571574752119,122.0,2.4448059912179474,265,True,256.9449851865454,3,cruise,Q2-001,S001,False
257.02100684150133,257.17305015141324,True,False,,True,True,True,True,inf,inf,-26.515782878097014,119.56181997177897,2.9879942463914206,122.0,2.4381800282210264,265,True,257.09702849645726,3,cruise,Q2-001,S001,False
257.17305015141324,258.15185820512534,True,False,,True,True,True,True,inf,inf,-26.66821490832922,119.60435550188963,3.0026625915866982,122.0,2.3956444981103715,267,True,257.6624541782693,3,cruise,Q2-001,S001,False
258.15185820512534,259.13066625883744,True,False,,True,True,True,True,inf,inf,-26.819162256073923,119.64668409390268,3.017331057420987,122.0,2.353315906097322,267,True,258.6412622319814,3,cruise,Q2-001,S001,False
259.13066625883744,260.26151762243256,True,False,,True,True,True,True,inf,inf,-26.99173675169837,119.69533277080063,3.0342781996316837,122.0,2.3046672291993673,269,True,259.69609194063503,3,cruise,Q2-001,S001,False
260.26151762243256,261.3923689860277,True,False,,True,True,True,True,inf,inf,-27.162390889460056,119.74371093259906,3.0512254977022724,122.0,2.2562890674009424,269,True,260.8269433042301,3,cruise,Q2-001,S001,False
261.3923689860277,261.573897992382,True,False,,True,True,True,True,inf,inf,-27.189608282219183,119.7514518017618,3.0539459634425836,122.0,2.248548198238197,271,True,261.4831334892049,3,cruise,Q2-001,S001,False
261.573897992382,261.7554269987363,True,False,,True,True,True,True,inf,inf,-27.216777144167736,119.75918578958411,3.056666433118618,122.0,2.2408142104158912,271,True,261.6646624955591,3,cruise,Q2-001,S001,False
261.7554269987363,262.0643708458029,True,False,,True,True,True,True,inf,inf,-27.262904561892924,119.77233246093276,3.061296403952863,122.0,2.227667539067241,273,True,261.9098989222696,3,cruise,Q2-001,S001,False
262.0643708458029,262.3733146928695,True,False,,True,True,True,True,inf,inf,-27.308892423866922,119.7854592960407,3.065926386100783,122.0,2.214540703959301,273,True,262.2188427693362,3,cruise,Q2-001,S001,False
262.3733146928695,306.9016197465804,True,False,,True,True,True,True,inf,inf,-52.496814839404095,119.7854592960407,3.065926386100783,122.0,2.214540703959301,273,True,284.63746721972495,3,descent,Q2-001,S001,False
306.9016197465804,738.9016197465804,True,False,,True,True,True,True,inf,inf,-52.496814839404095,119.77880268347185,3.0635776496265574,122.0,2.221197316528148,273,True,522.9016197465804,3,handoff,Q2-001,S001,False
738.9016197465804,774.5242637895492,True,False,,True,True,True,True,inf,inf,-52.496814839404095,119.7854592960407,3.065926386100783,122.0,2.214540703959301,273,True,756.7129417680649,3,return_climb,Q2-001,S001,False
774.5242637895492,774.8332076366158,True,False,,True,True,True,True,inf,inf,-27.308892423866922,119.7854592960407,3.065926386100783,122.0,2.214540703959301,273,True,774.6787357130825,3,return_cruise,Q2-001,S001,False
774.8332076366158,775.1421514836824,True,False,,True,True,True,True,inf,inf,-27.262904561892924,119.77233246093276,3.061296403952863,122.0,2.227667539067241,273,True,774.9876795601491,3,return_cruise,Q2-001,S001,False
775.1421514836824,775.3236804900367,True,False,,True,True,True,True,inf,inf,-27.216777144167736,119.75918578958411,3.056666433118618,122.0,2.2408142104158912,271,True,775.2329159868596,3,return_cruise,Q2-001,S001,False
775.3236804900367,775.505209496391,True,False,,True,True,True,True,inf,inf,-27.189608282219183,119.7514518017618,3.0539459634425836,122.0,2.248548198238197,271,True,775.4144449932139,3,return_cruise,Q2-001,S001,False
775.505209496391,776.6360608599861,True,False,,True,True,True,True,inf,inf,-27.162390889460056,119.74371093259906,3.0512254977022724,122.0,2.2562890674009424,269,True,776.0706351781885,3,return_cruise,Q2-001,S001,False
776.6360608599861,777.7669122235811,True,False,,True,True,True,True,inf,inf,-26.99173675169837,119.69533277080063,3.0342781996316837,122.0,2.3046672291993673,269,True,777.2014865417837,3,return_cruise,Q2-001,S001,False
777.7669122235811,778.7457202772932,True,False,,True,True,True,True,inf,inf,-26.819162256073923,119.64668409390268,3.017331057420987,122.0,2.353315906097322,267,True,778.2563162504372,3,return_cruise,Q2-001,S001,False
778.7457202772932,779.7245283310053,True,False,,True,True,True,True,inf,inf,-26.66821490832922,119.60435550188963,3.0026625915866982,122.0,2.3956444981103715,267,True,779.2351243041493,3,return_cruise,Q2-001,S001,False
779.7245283310053,779.8765716409173,True,False,,True,True,True,True,inf,inf,-26.515782878097014,119.56181997177897,2.9879942463914206,122.0,2.4381800282210264,265,True,779.8005499859613,3,return_cruise,Q2-001,S001,False
779.8765716409173,780.0286149508293,True,False,,True,True,True,True,inf,inf,-26.491970186752383,119.55519400878205,2.98571574752119,122.0,2.4448059912179474,265,True,779.9525932958733,3,return_cruise,Q2-001,S001,False
780.0286149508293,781.1594663144243,True,False,,True,True,True,True,inf,inf,-26.468121057758538,119.54856299599699,2.983437251616902,122.0,2.4514370040030116,263,True,780.5940406326267,3,return_cruise,Q2-001,S001,False
781.1594663144243,782.2903176780194,True,False,,True,True,True,True,inf,inf,-26.289586912129153,119.49908434606985,2.9664905936957098,122.0,2.50091565393015,263,True,781.7248919962219,3,return_cruise,Q2-001,S001,False
782.2903176780194,783.2986114282911,True,False,,True,True,True,True,inf,inf,-26.108997479544115,119.44932272086123,2.949544102986885,122.0,2.5506772791387675,261,True,782.7944645531552,3,return_cruise,Q2-001,S001,False
783.2986114282911,784.3069051785628,True,False,,True,True,True,True,inf,inf,-25.946217444348065,119.40471280674383,2.934434355587837,122.0,2.595287193256169,261,True,783.802758303427,3,return_cruise,Q2-001,S001,False
784.3069051785628,784.4294627919007,True,False,,True,True,True,True,inf,inf,-25.781749245041738,119.35987300609402,2.9193247456824336,122.0,2.64012699390598,259,True,784.3681839852318,3,return_cruise,Q2-001,S001,False
784.4294627919007,784.5520204052385,True,False,,True,True,True,True,inf,inf,-25.761641880523428,119.35440696650915,2.9174881894498848,122.0,2.6455930334908544,259,True,784.4907415985697,3,return_cruise,Q2-001,S001,False
784.5520204052385,785.6828717688481,True,False,,True,True,True,True,inf,inf,-25.74150913728124,119.34893749113398,2.9156516352852284,122.0,2.651062508866019,257,True,785.1174460870434,3,return_cruise,Q2-001,S001,False
785.6828717688481,786.8137231324578,True,False,,True,True,True,True,inf,inf,-25.554536316539497,119.29830721812466,2.8987056645096887,122.0,2.7016927818753373,257,True,786.2482974506529,3,return_cruise,Q2-001,S001,False
786.8137231324578,787.8515025792891,True,False,,True,True,True,True,inf,inf,-25.36536033715987,119.24738063020848,2.881759873383361,122.0,2.7526193697915176,255,True,787.3326128558734,3,return_cruise,Q2-001,S001,False
787.8515025792891,788.8892820261204,True,False,,True,True,True,True,inf,inf,-25.189781879042442,119.20038171271437,2.866208924463794,122.0,2.7996182872856252,255,True,788.3703923027048,3,return_cruise,Q2-001,S001,False
788.8892820261204,788.9823539428842,True,False,,True,True,True,True,inf,inf,-25.01228404569497,119.15312757962319,2.8506581322177973,122.0,2.846872420376812,253,True,788.9358179845024,3,return_cruise,Q2-001,S001,False
788.9823539428842,789.0754258596479,True,False,,True,True,True,True,inf,inf,-24.996270521452004,119.14887708836117,2.849263487134605,122.0,2.851122911638825,253,True,789.028889901266,3,return_cruise,Q2-001,S001,False
789.0754258596479,790.2062772232574,True,False,,True,True,True,True,inf,inf,-24.980241282180998,119.14462451998902,2.8478688433337904,122.0,2.855375480010977,251,True,789.6408515414527,3,return_cruise,Q2-001,S001,False
790.2062772232574,791.337128586867,True,False,,True,True,True,True,inf,inf,-24.78421703305233,119.0927878473524,2.830923611237946,122.0,2.9072121526476025,251,True,790.7717029050623,3,return_cruise,Q2-001,S001,False
791.337128586867,792.4043937301552,True,False,,True,True,True,True,inf,inf,-24.58582722117586,119.04064055616534,2.813978572446188,122.0,2.959359443834657,249,True,791.8707611585112,3,return_cruise,Q2-001,S001,False
792.4043937301552,793.4716588734434,True,False,,True,True,True,True,inf,inf,-24.396384051362418,118.9911371615151,2.7979865105010844,122.0,3.0088628384849017,249,True,792.9380263017993,3,return_cruise,Q2-001,S001,False
793.4716588734434,793.5352450937647,True,False,,True,True,True,True,inf,inf,-24.204758427777506,118.94135057212826,2.7819946270755014,122.0,3.0586494278717424,247,True,793.503451983604,3,return_cruise,Q2-001,S001,False
793.5352450937647,793.598831314086,True,False,,True,True,True,True,inf,inf,-24.193271926331136,118.9383753451796,2.781041857895004,122.0,3.061624654820406,247,True,793.5670382039254,3,return_cruise,Q2-001,S001,False
793.598831314086,794.7296826776811,True,False,,True,True,True,True,inf,inf,-24.18177753550185,118.93539910077763,2.780089089360169,122.0,3.06460089922237,245,True,794.1642569958835,3,return_cruise,Q2-001,S001,False
794.7296826776811,795.8605340412762,True,False,,True,True,True,True,inf,inf,-23.976028311364104,118.88229725693073,2.7631446525768175,122.0,3.117702743069273,245,True,795.2951083594787,3,return_cruise,Q2-001,S001,False
795.8605340412762,796.9572848811384,True,False,,True,True,True,True,inf,inf,-23.76773475792848,118.82886943191384,2.74620042412761,122.0,3.1711305680861557,243,True,796.4089094612073,3,return_cruise,Q2-001,S001,False
796.9572848811384,798.0540357210007,True,False,,True,True,True,True,inf,inf,-23.563246942569435,118.77673752494742,2.729767347186662,122.0,3.2232624750525787,243,True,797.5056603010696,3,return_cruise,Q2-001,S001,False
798.0540357210007,798.0881362447624,True,False,,True,True,True,True,inf,inf,-23.356276879647282,118.72429148812327,2.713334473691647,122.0,3.2757085118767293,241,True,798.0710859828815,3,return_cruise,Q2-001,S001,False
798.0881362447624,798.1222367685242,True,False,,True,True,True,True,inf,inf,-23.349801421186925,118.72265574295479,2.7128235408972268,122.0,3.2773442570452147,241,True,798.1051865066433,3,return_cruise,Q2-001,S001,False
798.1222367685242,799.2530881321193,True,False,,True,True,True,True,inf,inf,-23.343323517808983,118.7210196903248,2.7123126083037583,122.0,3.2789803096752053,239,True,798.6876624503218,3,return_cruise,Q2-001,S001,False
799.2530881321193,800.3839394957143,True,False,,True,True,True,True,inf,inf,-23.127107247952324,118.66658951136199,2.695369029213785,122.0,3.333410488638009,239,True,799.8185138139168,3,return_cruise,Q2-001,S001,False
800.3839394957143,801.5101760321362,True,False,,True,True,True,True,inf,inf,-22.908149406085272,118.61181682269434,2.678425675037527,122.0,3.388183177305663,237,True,800.9470577639253,3,return_cruise,Q2-001,S001,False
801.5101760321362,802.6364125685581,True,False,,True,True,True,True,inf,inf,-22.68730820055157,118.5569229410848,2.6615516919492688,122.0,3.4430770589151933,237,True,802.0732943003471,3,return_cruise,Q2-001,S001,False
802.6364125685581,802.6410273957313,True,False,,True,True,True,True,inf,inf,-22.463642539858142,118.50168069015444,2.6446779407845544,122.0,3.498319309845556,235,True,802.6387199821447,3,return_cruise,Q2-001,S001,False
802.6410273957313,802.6456422229045,True,False,,True,True,True,True,inf,inf,-22.462720170446744,118.50145360871608,2.6446087999773935,122.0,3.4985463912839236,235,True,802.6433348093178,3,return_cruise,Q2-001,S001,False
802.6456422229045,803.7764935865285,True,False,,True,True,True,True,inf,inf,-22.46179775270093,118.50122652136037,2.6445396591761887,122.0,3.4987734786396345,233,True,803.2110679047165,3,return_cruise,Q2-001,S001,False
803.7764935865285,804.9073449501526,True,False,,True,True,True,True,inf,inf,-22.23429490114134,118.44540000322847,2.6275970066541294,122.0,3.554599996771529,233,True,804.3419192683406,3,return_cruise,Q2-001,S001,False
804.9073449501526,806.0381963137477,True,False,,True,True,True,True,inf,inf,-22.003832308688345,118.38921316019008,2.6106545973773962,122.0,3.6107868398099185,231,True,805.4727706319502,3,return_cruise,Q2-001,S001,False
806.0381963137477,807.1690476773427,True,False,,True,True,True,True,inf,inf,-21.7703518392276,118.33266132177302,2.593712436232158,122.0,3.667338678226983,231,True,806.6036219955452,3,return_cruise,Q2-001,S001,False
807.1690476773427,807.1939185466119,True,False,,True,True,True,True,inf,inf,-21.533793824028777,118.27573972630162,2.576770528226072,122.0,3.724260273698377,229,True,807.1814831119773,3,return_cruise,Q2-001,S001,False
807.1939185466119,807.2187894158811,True,False,,True,True,True,True,inf,inf,-21.52855614447236,118.27448365480382,2.5763979268991872,122.0,3.7255163451961835,229,True,807.2063539812466,3,return_cruise,Q2-001,S001,False
807.2187894158811,808.3247699102216,True,False,,True,True,True,True,inf,inf,-21.523316946103193,118.27322740205929,2.576025325697096,122.0,3.726772597940709,227,True,807.7717796630513,3,return_cruise,Q2-001,S001,False
808.3247699102216,809.430750404562,True,False,,True,True,True,True,inf,inf,-21.288789598963376,118.21717915291526,2.559456282920775,122.0,3.7828208470847358,227,True,808.8777601573918,3,return_cruise,Q2-001,S001,False
809.430750404562,810.5616017681716,True,False,,True,True,True,True,inf,inf,-21.051198511421376,118.16076774731485,2.542887492359458,122.0,3.83923225268515,225,True,809.9961760863669,3,return_cruise,Q2-001,S001,False
810.5616017681716,811.6924531317811,True,False,,True,True,True,True,inf,inf,-20.805033745711285,118.10270736272706,2.5259463752020004,122.0,3.8972926372729404,225,True,811.1270274499764,3,return_cruise,Q2-001,S001,False
811.6924531317811,811.7468096976099,True,False,,True,True,True,True,inf,inf,-20.555536385414257,118.04425721380532,2.5090055326094385,122.0,3.9557427861946763,223,True,811.7196314146955,3,return_cruise,Q2-001,S001,False
811.7468096976099,811.8011662634387,True,False,,True,True,True,True,inf,inf,-20.54345870270106,118.04143778635783,2.508191245140346,122.0,3.9585622136421676,223,True,811.7739879805243,3,return_cruise,Q2-001,S001,False
811.8011662634387,812.877661061205,True,False,,True,True,True,True,inf,inf,-20.53137315551905,118.03861744567897,2.507376958320169,122.0,3.961382554321034,221,True,812.3394136623219,3,return_cruise,Q2-001,S001,False
812.877661061205,813.9541558589713,True,False,,True,True,True,True,inf,inf,-20.290395400356545,117.982573496623,2.4912506964518557,122.0,4.017426503376996,221,True,813.4159084600881,3,return_cruise,Q2-001,S001,False
813.9541558589713,815.0850072225953,True,False,,True,True,True,True,inf,inf,-20.046269464681245,117.92616649654984,2.4751246941556437,122.0,4.07383350345016,219,True,814.5195815407833,3,return_cruise,Q2-001,S001,False
815.0850072225953,816.2158585862194,True,False,,True,True,True,True,inf,inf,-19.786357955968327,117.86651509532848,2.4581847102117154,122.0,4.133484904671519,219,True,815.6504329044074,3,return_cruise,Q2-001,S001,False
816.2158585862194,816.2997008486078,True,False,,True,True,True,True,inf,inf,-19.522829824206326,117.8064522581007,2.4412450246795196,122.0,4.193547741899295,217,True,816.2577797174135,3,return_cruise,Q2-001,S001,False
816.2997008486078,816.3835431109962,True,False,,True,True,True,True,inf,inf,-19.50314553994167,117.80198261023288,2.439989114335877,122.0,4.1980173897671165,217,True,816.3416219798021,3,return_cruise,Q2-001,S001,False
816.3835431109962,817.4305522122029,True,False,,True,True,True,True,inf,inf,-19.483440927274785,117.79751066713101,2.438733205669518,122.0,4.202489332868993,215,True,816.9070476615996,3,return_cruise,Q2-001,S001,False
817.4305522122029,818.4775613134096,True,False,,True,True,True,True,inf,inf,-19.23564790847462,117.74147148041814,2.423049756451044,122.0,4.2585285195818585,215,True,817.9540567628062,3,return_cruise,Q2-001,S001,False
818.4775613134096,819.6084126770047,True,False,,True,True,True,True,inf,inf,-18.98461748265447,117.68506935832094,2.4073665745485933,122.0,4.314930641679055,213,True,819.0429869952072,3,return_cruise,Q2-001,S001,False
819.6084126770047,820.7392640405998,True,False,,True,True,True,True,inf,inf,-18.709774728820264,117.62373753647014,2.3904278232556107,122.0,4.376262463529855,213,True,820.1738383588022,3,return_cruise,Q2-001,S001,False
820.7392640405998,820.8525919994595,True,False,,True,True,True,True,inf,inf,-18.43099810814664,117.5619707532617,2.3734893970010233,122.0,4.438029246738296,211,True,820.7959280200296,3,return_cruise,Q2-001,S001,False
820.8525919994595,820.9659199583192,True,False,,True,True,True,True,inf,inf,-18.40284045410465,117.55575659514443,2.3717919354581194,122.0,4.44424340485557,211,True,820.9092559788894,3,return_cruise,Q2-001,S001,False
820.9659199583192,821.9834433630836,True,False,,True,True,True,True,inf,inf,-18.374642353027724,117.54953800029239,2.370094477258427,122.0,4.450461999707613,209,True,821.4746816607014,3,return_cruise,Q2-001,S001,False
821.9834433630836,823.0009667678478,True,False,,True,True,True,True,inf,inf,-18.119637358014472,117.49350409774985,2.3548538750677754,122.0,4.506495902250151,209,True,822.4922050654657,3,return_cruise,Q2-001,S001,False
823.0009667678478,824.1318181314429,True,False,,True,True,True,True,inf,inf,-17.861300524280608,117.43710738692029,2.339613548359959,122.0,4.562892613079711,207,True,823.5663924496453,3,return_cruise,Q2-001,S001,False
824.1318181314429,825.2626694950379,True,False,,True,True,True,True,inf,inf,-17.570201923416874,117.37399800969736,2.3226761408760845,122.0,4.62600199030264,207,True,824.6972438132404,3,return_cruise,Q2-001,S001,False
825.2626694950379,825.4054831504573,True,False,,True,True,True,True,inf,inf,-17.27481399566301,117.31042807516462,2.3057390882521442,122.0,4.689571924835377,205,True,825.3340763227476,3,return_cruise,Q2-001,S001,False
825.4054831504573,825.5482968058766,True,False,,True,True,True,True,inf,inf,-17.23720002798703,117.30236682310165,2.3036001569290234,122.0,4.69763317689835,205,True,825.4768899781669,3,return_cruise,Q2-001,S001,False
825.5482968058766,826.5363345140668,True,False,,True,True,True,True,inf,inf,-17.199515935565756,117.29429810444975,2.301461231407659,122.0,4.7057018955502485,203,True,826.0423156599717,3,return_cruise,Q2-001,S001,False
826.5363345140668,827.5243722222569,True,False,,True,True,True,True,inf,inf,-16.936866575057422,117.23827007699305,2.2866635135821634,122.0,4.761729923006953,203,True,827.0303533681619,3,return_cruise,Q2-001,S001,False
827.5243722222569,828.6552235858666,True,False,,True,True,True,True,inf,inf,-16.670785269722643,117.18187938125436,2.2718660798626567,122.0,4.818120618745638,201,True,828.0897979040617,3,return_cruise,Q2-001,S001,False
828.6552235858666,829.7860749494761,True,False,,True,True,True,True,inf,inf,-16.361944777259225,117.116886668346,2.254930140843402,122.0,4.883113331654002,201,True,829.2206492676713,3,return_cruise,Q2-001,S001,False
829.7860749494761,829.958374301455,True,False,,True,True,True,True,inf,inf,-16.048415349233863,117.05140548208786,2.2379945901948166,122.0,4.9485945179121416,199,True,829.8722246254656,3,return_cruise,Q2-001,S001,False
829.958374301455,830.130673653434,True,False,,True,True,True,True,inf,inf,-16.00022685094575,117.04138525964586,2.2354142818517135,122.0,4.958614740354136,199,True,830.0445239774444,3,return_cruise,Q2-001,S001,False
830.130673653434,831.0892256650501,True,False,,True,True,True,True,inf,inf,-15.951926623294128,117.03135350032697,2.2328339827659054,122.0,4.968646499673028,197,True,830.609949659242,3,return_cruise,Q2-001,S001,False
831.0892256650501,832.0477776766662,True,False,,True,True,True,True,inf,inf,-15.681160421029574,116.97533201922693,2.218479189951578,122.0,5.024667980773074,197,True,831.5685016708582,3,return_cruise,Q2-001,S001,False
832.0477776766662,833.1786290402903,True,False,,True,True,True,True,inf,inf,-15.406855966186356,116.91894802447453,2.2041246903715614,122.0,5.081051975525469,195,True,832.6132033584782,3,return_cruise,Q2-001,S001,False
833.1786290402903,834.3094804039143,True,False,,True,True,True,True,inf,inf,-15.078600728055164,116.85195649621427,2.1871903600797156,122.0,5.148043503785729,195,True,833.7440547221023,3,return_cruise,Q2-001,S001,False
834.3094804039143,834.5112654523357,True,False,,True,True,True,True,inf,inf,-14.745205724382231,116.78444597038876,2.1702564559469155,122.0,5.215554029611241,193,True,834.4103729281251,3,return_cruise,Q2-001,S001,False
834.5112654523357,834.713050500757,True,False,,True,True,True,True,inf,inf,-14.68516630592734,116.77234445504207,2.1672348766025173,122.0,5.227655544957926,193,True,834.6121579765463,3,return_cruise,Q2-001,S001,False
834.713050500757,835.6421168159308,True,False,,True,True,True,True,inf,inf,-14.62495867171981,116.76022611186691,2.164213311209783,122.0,5.239773888133087,191,True,835.1775836583439,3,return_cruise,Q2-001,S001,False
835.6421168159308,836.5711831311045,True,False,,True,True,True,True,inf,inf,-14.345557951222958,116.70421194233191,2.1503014877854576,122.0,5.295788057668091,191,True,836.1066499735176,3,return_cruise,Q2-001,S001,False
836.5711831311045,837.7020344946995,True,False,,True,True,True,True,inf,inf,-14.062505874006888,116.64783543034224,2.1363899672692357,122.0,5.352164569657759,189,True,837.1366088129021,3,return_cruise,Q2-001,S001,False
837.7020344946995,838.8328858582946,True,False,,True,True,True,True,inf,inf,-13.712945922045321,116.57871868896228,2.119457404097022,122.0,5.421281311037717,189,True,838.267460176497,3,return_cruise,Q2-001,S001,False
838.8328858582946,839.0641566033046,True,False,,True,True,True,True,inf,inf,-13.357735676190202,116.50904948357706,2.1025253098552596,122.0,5.4909505164229415,187,True,838.9485212307995,3,return_cruise,Q2-001,S001,False
839.0641566033046,839.2954273483144,True,False,,True,True,True,True,inf,inf,-13.284383172589997,116.49473256931508,2.099062581079852,122.0,5.505267430684924,187,True,839.1797919758095,3,return_cruise,Q2-001,S001,False
839.2954273483144,840.1950079669285,True,False,,True,True,True,True,inf,inf,-13.210787382760657,116.48039210127726,2.0955998724980294,122.0,5.5196078987227395,185,True,839.7452176576214,3,return_cruise,Q2-001,S001,False
840.1950079669285,841.0945885855426,True,False,,True,True,True,True,inf,inf,-12.92218331202713,116.42438611880102,2.0821310670622273,122.0,5.575613881198976,185,True,840.6447982762356,3,return_cruise,Q2-001,S001,False
841.0945885855426,842.2254399491377,True,False,,True,True,True,True,inf,inf,-12.629807310785623,116.3680179839754,2.0686625748154914,122.0,5.631982016024594,183,True,841.6600142673401,3,return_cruise,Q2-001,S001,False
842.2254399491377,843.3562913127328,True,False,,True,True,True,True,inf,inf,-12.256799161574463,116.2966372979762,2.051731958301272,122.0,5.703362702023796,183,True,842.7908656309353,3,return_cruise,Q2-001,S001,False
843.3562913127328,843.6170477543022,True,False,,True,True,True,True,inf,inf,-11.877560273791232,116.22466735024194,2.0348018593208628,122.0,5.775332649758056,181,True,843.4866695335174,3,return_cruise,Q2-001,S001,False
843.6170477543022,843.8778041958717,True,False,,True,True,True,True,inf,inf,-11.789213286729677,116.20798759003213,2.0308981210313353,122.0,5.792012409967867,181,True,843.747425975087,3,return_cruise,Q2-001,S001,False
843.8778041958717,844.7478991178973,True,False,,True,True,True,True,inf,inf,-11.700524699201651,116.19127585917387,2.026994411120481,122.0,5.808724140826129,179,True,844.3128516568845,3,return_cruise,Q2-001,S001,False
844.7478991178973,845.6179940399229,True,False,,True,True,True,True,inf,inf,-11.40209032093594,116.13527906932185,2.0139686770532657,122.0,5.864720930678146,179,True,845.1829465789101,3,return_cruise,Q2-001,S001,False
845.6179940399229,846.748845403547,True,False,,True,True,True,True,inf,inf,-11.099755203541974,116.07892033882939,2.0009432671198004,122.0,5.921079661170609,177,True,846.1834197217349,3,return_cruise,Q2-001,S001,False
846.748845403547,847.879696767171,True,False,,True,True,True,True,inf,inf,-10.700857880317415,116.00512299132154,1.984014801606489,122.0,5.994877008678458,177,True,847.314271085359,3,return_cruise,Q2-001,S001,False
847.879696767171,848.1699389051829,True,False,,True,True,True,True,inf,inf,-10.295067066927146,115.93069579777413,1.9670869090868208,122.0,6.069304202225865,175,True,848.0248178361769,3,return_cruise,Q2-001,S001,False
848.1699389051829,848.4601810431948,True,False,,True,True,True,True,inf,inf,-10.189784167849098,115.91149058099009,1.9627423229406693,122.0,6.08850941900991,175,True,848.3150599741889,3,return_cruise,Q2-001,S001,False
848.4601810431948,849.300790268778,True,False,,True,True,True,True,inf,inf,-10.084032216365927,115.89224297873638,1.95839777579222,122.0,6.107757021263623,173,True,848.8804856559864,3,return_cruise,Q2-001,S001,False
849.300790268778,850.1413994943612,True,False,,True,True,True,True,inf,inf,-9.77507424956184,115.83625654129364,1.9458151719204684,122.0,6.163743458706364,173,True,849.7210948815696,3,return_cruise,Q2-001,S001,False
850.1413994943612,851.2722508579707,True,False,,True,True,True,True,inf,inf,-9.462077626681292,115.7799083997439,1.9332329038633314,122.0,6.220091600256097,171,True,850.7068251761659,3,return_cruise,Q2-001,S001,False
851.2722508579707,852.4031022215803,True,False,,True,True,True,True,inf,inf,-9.034499198338125,115.70352575197417,1.9163068229201288,122.0,6.296474248025831,171,True,851.8376765397754,3,return_cruise,Q2-001,S001,False
852.4031022215803,852.7228300562836,True,False,,True,True,True,True,inf,inf,-8.599267099453698,115.62646835188367,1.899381378539203,122.0,6.373531648116327,169,True,852.5629661389319,3,return_cruise,Q2-001,S001,False
852.7228300562836,853.0425578909867,True,False,,True,True,True,True,inf,inf,-8.47479676763811,115.60455776100856,1.8945961320988094,122.0,6.395442238991436,169,True,852.8826939736351,3,return_cruise,Q2-001,S001,False
853.0425578909867,853.8536814198931,True,False,,True,True,True,True,inf,inf,-8.349693298019304,115.58259200184136,1.8898109383270039,122.0,6.417407998158637,167,True,853.4481196554399,3,return_cruise,Q2-001,S001,False
853.8536814198931,854.6648049487994,True,False,,True,True,True,True,inf,inf,-8.029442441350227,115.52661726047903,1.877671529717,122.0,6.4733827395209715,167,True,854.2592431843462,3,return_cruise,Q2-001,S001,False
854.6648049487994,855.7956563123945,True,False,,True,True,True,True,inf,inf,-7.705004901887577,115.47028108017659,1.8655324694171005,122.0,6.529718919823409,165,True,855.2302306305969,3,return_cruise,Q2-001,S001,False
855.7956563123945,856.9265076759896,True,False,,True,True,True,True,inf,inf,-7.245537064790085,115.3911262896546,1.848609041253262,122.0,6.6088737103454065,165,True,856.3610819941921,3,return_cruise,Q2-001,S001,False
856.9265076759896,857.2757212071497,True,False,,True,True,True,True,inf,inf,-6.777539365756212,115.31124688558418,1.8316863228665494,122.0,6.688753114415817,163,True,857.1011144415696,3,return_cruise,Q2-001,S001,False
857.2757212071497,857.6249347383098,True,False,,True,True,True,True,inf,inf,-6.631258140525119,115.286431162351,1.8264606347401897,122.0,6.713568837649007,163,True,857.4503279727297,3,return_cruise,Q2-001,S001,False
857.6249347383098,858.4065725707737,True,False,,True,True,True,True,inf,inf,-6.484133468033519,115.26154467178523,1.8212350168069351,122.0,6.738455328214769,161,True,858.0157536545418,3,return_cruise,Q2-001,S001,False
858.4065725707737,859.1882104032377,True,False,,True,True,True,True,inf,inf,-6.151732863514724,115.20558319060427,1.8095388756811874,122.0,6.794416809395727,161,True,858.7973914870057,3,return_cruise,Q2-001,S001,False
859.1882104032377,860.3190617668328,True,False,,True,True,True,True,inf,inf,-5.814986285814484,115.14926056883219,1.7978430962651972,122.0,6.85073943116781,159,True,859.7536360850352,3,return_cruise,Q2-001,S001,False
860.3190617668328,861.4499131304278,True,False,,True,True,True,True,inf,inf,-5.319923747934695,115.06712588579472,1.7809226303949988,122.0,6.932874114205276,159,True,860.8844874486304,3,return_cruise,Q2-001,S001,False
861.4499131304278,861.8286123580303,True,False,,True,True,True,True,inf,inf,-4.81531614301889,114.9842110204556,1.76400295905716,122.0,7.015788979544396,157,True,861.6392627442291,3,return_cruise,Q2-001,S001,False
861.8286123580303,862.2073115856329,True,False,,True,True,True,True,inf,inf,-4.644151657124837,114.95626755320613,1.7583370852733253,122.0,7.043732446793868,157,True,862.0179619718316,3,return_cruise,Q2-001,S001,False
862.2073115856329,862.9594637216254,True,False,,True,True,True,True,inf,inf,-4.4718748386446805,114.92823435741276,1.752671304088166,122.0,7.071765642587238,155,True,862.5833876536292,3,return_cruise,Q2-001,S001,False
862.9594637216254,863.7116158576181,True,False,,True,True,True,True,inf,inf,-4.1263662613228576,114.87228796653383,1.7414185109448217,122.0,7.127712033466167,155,True,863.3355397896217,3,return_cruise,Q2-001,S001,False
863.7116158576181,864.8424672212421,True,False,,True,True,True,True,inf,inf,-3.7763398203230736,114.81598077209556,1.7301660939244268,122.0,7.184019227904443,153,True,864.2770415394301,3,return_cruise,Q2-001,S001,False
864.8424672212421,865.9733185848662,True,False,,True,True,True,True,inf,inf,-3.2413802032907313,114.73063431773475,1.7132489494159973,122.0,7.269365682265246,153,True,865.4078929030542,3,return_cruise,Q2-001,S001,False
865.9733185848662,866.3815035091455,True,False,,True,True,True,True,inf,inf,-2.6956926000024737,114.6444455046873,1.696332698105094,122.0,7.355554495312703,151,True,866.1774110470059,3,return_cruise,Q2-001,S001,False
866.3815035091455,866.7896884334249,True,False,,True,True,True,True,inf,inf,-2.4960270494867984,114.61312522493954,1.6902269401031431,122.0,7.386874775060463,151,True,866.5855959712852,3,return_cruise,Q2-001,S001,False
866.7896884334249,867.5123548727407,True,False,,True,True,True,True,inf,inf,-2.294905681747025,114.581692224336,1.6841213033153553,122.0,7.418307775664005,149,True,867.1510216530828,3,return_cruise,Q2-001,S001,False
867.5123548727407,868.2350213120566,True,False,,True,True,True,True,inf,inf,-1.9352128943096147,114.5257630770241,1.6733119482612016,122.0,7.474236922975905,149,True,867.8736880923987,3,return_cruise,Q2-001,S001,False
868.2350213120566,869.3658726756661,True,False,,True,True,True,True,inf,inf,-1.5708161960965583,114.4694735084922,1.662502984876423,122.0,7.5305264915078,147,True,868.8004469938613,3,return_cruise,Q2-001,S001,False
869.3658726756661,870.4967240392757,True,False,,True,True,True,True,inf,inf,-0.9909347325073554,114.38065541195657,1.6455895806705463,122.0,7.6193445880434325,147,True,869.931298357471,3,return_cruise,Q2-001,S001,False
870.4967240392757,870.9343946600119,True,False,,True,True,True,True,inf,inf,-0.3989385343296874,114.29092508915276,1.6286771852094104,122.0,7.709074910847235,145,True,870.7155593496439,3,return_cruise,Q2-001,S001,False
870.9343946600119,871.3720652807481,True,False,,True,True,True,True,inf,inf,-0.16648659048371428,114.2559481336782,1.6221318999411454,122.0,7.744051866321797,145,True,871.1532299703799,3,return_cruise,Q2-001,S001,False
871.3720652807481,872.0652460236215,True,False,,True,True,True,True,inf,inf,0.06786020657642666,104.22083060911191,1.6155867724486004,122.0,17.779169390888086,143,True,871.7186556521848,3,return_cruise,Q2-001,S001,False
872.0652460236215,872.758426766495,True,False,,True,True,True,True,inf,inf,0.44295166218310555,104.16492125396222,1.605220956799882,122.0,17.83507874603778,143,True,872.4118363950582,3,return_cruise,Q2-001,S001,False
872.758426766495,873.88927813009,True,False,,True,True,True,True,inf,inf,0.8229490562881097,104.10865191331732,1.5948555496401278,122.0,17.891348086682683,141,True,873.3238524482924,3,return_cruise,Q2-001,S001,False
873.88927813009,875.0201294936851,True,False,,True,True,True,True,inf,inf,1.4536577578983838,104.0160696490986,1.5779463775513014,122.0,17.983930350901403,141,True,874.4547038118876,3,return_cruise,Q2-001,S001,False
875.0201294936851,875.4872858108781,True,False,,True,True,True,True,inf,inf,2.098117635801316,103.92249628636434,1.561038350390737,122.0,18.077503713635664,139,True,875.2537076522816,3,return_cruise,Q2-001,S001,False
875.4872858108781,875.9544421280712,True,False,,True,True,True,True,inf,inf,2.368464648817991,103.88354673868278,1.5540539631638113,122.0,18.11645326131722,139,True,875.7208639694746,3,return_cruise,Q2-001,S001,False
875.9544421280712,876.6181371745022,True,False,,True,True,True,True,inf,inf,2.641268737907467,103.84442289364769,1.5470697805005702,122.0,18.15557710635231,137,True,876.2862896512867,3,return_cruise,Q2-001,S001,False
876.6181371745022,877.2818322209332,True,False,,True,True,True,True,inf,inf,3.0331362673659044,103.78853636680084,1.5371476187516653,122.0,18.21146363319916,137,True,876.9499846977177,3,return_cruise,Q2-001,S001,False
877.2818322209332,878.4126835845283,True,False,,True,True,True,True,inf,inf,3.4301298949227146,103.73229035350654,1.5272258837508168,122.0,18.267709646493458,135,True,877.8472579027307,3,return_cruise,Q2-001,S001,False
878.4126835845283,879.5435349481234,True,False,,True,True,True,True,inf,inf,4.118653576146357,103.63561307370296,1.5103215249963025,122.0,18.364386926297044,135,True,878.9781092663259,3,return_cruise,Q2-001,S001,False
879.5435349481234,880.0401769619932,True,False,,True,True,True,True,inf,inf,4.822873396075238,103.53785521466682,1.4934184728077506,122.0,18.46214478533318,133,True,879.7918559550583,3,return_cruise,Q2-001,S001,False
880.0401769619932,880.5368189758631,True,False,,True,True,True,True,inf,inf,5.137248343721751,103.49457468330513,1.4859954938045965,122.0,18.50542531669487,133,True,880.2884979689281,3,return_cruise,Q2-001,S001,False
880.5368189758631,881.1710283255883,True,False,,True,True,True,True,inf,inf,5.454802578759029,103.45107896535785,1.4785727794159027,122.0,18.54892103464215,131,True,880.8539236507256,3,return_cruise,Q2-001,S001,False
881.1710283255883,881.8052376753135,True,False,,True,True,True,True,inf,inf,5.865017050619656,103.39521890928422,1.4690944016460334,122.0,18.604781090715775,131,True,881.488133000451,3,return_cruise,Q2-001,S001,False
881.8052376753135,882.9360890389376,True,False,,True,True,True,True,inf,inf,6.280598467670302,103.33899994147257,1.4596164705234105,122.0,18.661000058527435,129,True,882.3706633571255,3,return_cruise,Q2-001,S001,False
882.9360890389376,884.0669404025616,True,False,,True,True,True,True,inf,inf,7.035267049960851,103.23785153376208,1.4427176169608116,122.0,18.762148466237917,129,True,883.5015147207496,3,return_cruise,Q2-001,S001,False
884.0669404025616,884.5930681128739,True,False,,True,True,True,True,inf,inf,7.8079615288615685,103.13552048358075,1.425820263276369,122.0,18.86447951641925,127,True,884.3300042577177,3,return_cruise,Q2-001,S001,False
884.5930681128739,885.1191958231861,True,False,,True,True,True,True,inf,inf,8.173783120205542,103.08750019712164,1.417959309041625,122.0,18.912499802878358,127,True,884.85613196803,3,return_cruise,Q2-001,S001,False
885.1191958231861,885.723919476469,True,False,,True,True,True,True,inf,inf,8.543715724716776,103.03921505863858,1.41009869680242,122.0,18.960784941361425,125,True,885.4215576498275,3,return_cruise,Q2-001,S001,False
885.723919476469,886.3286431297518,True,False,,True,True,True,True,inf,inf,8.974079480389747,102.98338587674992,1.4010642516403158,122.0,19.01661412325008,125,True,886.0262813031104,3,return_cruise,Q2-001,S001,False
886.3286431297518,887.4594944933468,True,False,,True,True,True,True,inf,inf,9.410074775310875,102.92719844889079,1.3920302748978097,122.0,19.072801551109208,123,True,886.8940688115492,3,return_cruise,Q2-001,S001,False
887.4594944933468,888.5903458569419,True,False,,True,True,True,True,inf,inf,10.240898799028628,102.82114896387182,1.3751377565990688,122.0,19.17885103612818,123,True,888.0249201751444,3,return_cruise,Q2-001,S001,False
888.5903458569419,889.1459592637254,True,False,,True,True,True,True,inf,inf,11.092563343285576,102.71379974011808,1.3582469713098952,122.0,19.286200259881923,121,True,888.8681525603337,3,return_cruise,Q2-001,S001,False
889.1459592637254,889.701572670509,True,False,,True,True,True,True,inf,inf,11.518881012963561,102.66057073212315,1.34994879295097,122.0,19.339429267876852,121,True,889.4237659671172,3,return_cruise,Q2-001,S001,False
889.701572670509,890.2768106273494,True,False,,True,True,True,True,inf,inf,11.950518365292794,102.60701637592611,1.3416510568265503,122.0,19.392983624073892,119,True,889.9891916489291,3,return_cruise,Q2-001,S001,False
890.2768106273494,890.8520485841898,True,False,,True,True,True,True,inf,inf,12.403113044608688,102.5512234364672,1.3330607151872345,122.0,19.448776563532803,119,True,890.5644296057696,3,return_cruise,Q2-001,S001,False
890.8520485841898,891.9828999477849,True,False,,True,True,True,True,inf,inf,12.861631298220487,102.49507302724271,1.3244708658825266,122.0,19.50492697275729,117,True,891.4174742659873,3,return_cruise,Q2-001,S001,False
891.9828999477849,893.1137513113799,True,False,,True,True,True,True,inf,inf,13.780748184562754,102.3836279985683,1.3075856873774028,122.0,19.6163720014317,117,True,892.5483256295825,3,return_cruise,Q2-001,S001,False
893.1137513113799,893.6988504148403,True,False,,True,True,True,True,inf,inf,14.724138079433402,102.27074803156643,1.290702525597598,122.0,19.729251968433573,115,True,893.4063008631101,3,return_cruise,Q2-001,S001,False
893.6988504148403,894.2839495183007,True,False,,True,True,True,True,inf,inf,15.222092420534636,102.21176884056838,1.2819680463238108,122.0,19.788231159431618,115,True,893.9913999665705,3,return_cruise,Q2-001,S001,False
894.2839495183007,894.8297017784498,True,False,,True,True,True,True,inf,inf,15.726945050765892,102.15239033617149,1.2732341399714657,122.0,19.847609663828507,113,True,894.5568256483753,3,return_cruise,Q2-001,S001,False
894.8297017784498,895.375454038599,True,False,,True,True,True,True,inf,inf,16.204192442531166,102.09664024404086,1.2650880997383005,122.0,19.903359755959144,113,True,895.1025779085244,3,return_cruise,Q2-001,S001,False
895.375454038599,896.5063054022086,True,False,,True,True,True,True,inf,inf,16.542459370224776,102.04053359361642,1.2569425782381194,122.0,19.959466406383584,111,True,895.9408797204037,3,return_cruise,Q2-001,S001,False
896.5063054022086,897.6371567658182,True,False,,True,True,True,True,inf,inf,16.723193352081125,101.92312060565436,1.2400659667350682,122.0,20.07687939434564,111,True,897.0717310840134,3,return_cruise,Q2-001,S001,False
897.6371567658182,898.251741565721,True,False,,True,True,True,True,inf,inf,16.908966507245395,101.80411549133676,1.2231917207232503,122.0,20.19588450866324,109,True,897.9444491657696,3,return_cruise,Q2-001,S001,False
898.251741565721,898.8663263656238,True,False,,True,True,True,True,inf,inf,17.012117831609515,101.73875659117388,1.214022086470316,122.0,20.261243408826118,109,True,898.5590339656724,3,return_cruise,Q2-001,S001,False
898.8663263656238,899.382592929316,True,False,,True,True,True,True,inf,inf,17.11685624673845,101.67290752045116,1.2048531968476899,122.0,20.32709247954884,107,True,899.1244596474698,3,return_cruise,Q2-001,S001,False
899.382592929316,899.8988594930083,True,False,,True,True,True,True,inf,inf,17.206092657684735,101.61720848494795,1.1971516888549278,122.0,20.38279151505205,107,True,899.6407262111622,3,return_cruise,Q2-001,S001,False
899.8988594930083,901.0297108566324,True,False,,True,True,True,True,inf,inf,17.29649752078302,101.56115396985773,1.189450728877768,122.0,20.438846030142273,105,True,900.4642851748204,3,return_cruise,Q2-001,S001,False
901.0297108566324,902.1605622202565,True,False,,True,True,True,True,inf,inf,17.49872051320125,101.43710558927145,1.1725841993790542,122.0,20.562894410728546,105,True,901.5951365384444,3,return_cruise,Q2-001,S001,False
902.1605622202565,902.8046327166016,True,False,,True,True,True,True,inf,inf,17.706914809779505,101.31128093632618,1.1557204688853078,122.0,20.688719063673815,103,True,902.482597468429,3,return_cruise,Q2-001,S001,False
902.8046327166016,903.4487032129468,True,False,,True,True,True,True,inf,inf,17.828261848855107,101.23880481202717,1.146117117585172,122.0,20.76119518797283,103,True,903.1266679647742,3,return_cruise,Q2-001,S001,False
903.4487032129468,903.9354840801967,True,False,,True,True,True,True,inf,inf,17.95168457400939,101.1657262769003,1.1365147385980623,122.0,20.8342737230997,101,True,903.6920936465717,3,return_cruise,Q2-001,S001,False
903.9354840801967,904.4222649474466,True,False,,True,True,True,True,inf,inf,18.04637590390422,101.11008861679596,1.1292580343550667,122.0,20.889911383204037,101,True,904.1788745138217,3,return_cruise,Q2-001,S001,False
904.4222649474466,905.5531163110417,True,False,,True,True,True,True,inf,inf,18.14230744024428,101.05409676492694,1.1220019107962933,122.0,20.94590323507306,99,True,904.9876906292441,3,return_cruise,Q2-001,S001,False
905.5531163110417,906.6839676746367,True,False,,True,True,True,True,inf,inf,18.37009293828214,100.9226286093877,1.1051473553851108,122.0,21.0773713906123,99,True,906.1185419928393,3,return_cruise,Q2-001,S001,False
906.6839676746367,907.3575238676877,True,False,,True,True,True,True,inf,inf,18.60502671121145,100.78916664648071,1.0882961445247303,122.0,21.21083335351929,97,True,907.0207457711622,3,return_cruise,Q2-001,S001,False
907.3575238676877,908.0310800607388,True,False,,True,True,True,True,inf,inf,18.74849409131687,100.70870199563831,1.0782609024911654,122.0,21.291298004361693,97,True,907.6943019642133,3,return_cruise,Q2-001,S001,False
908.0310800607388,908.4883752313118,True,False,,True,True,True,True,inf,inf,18.89469416587167,100.62749534551206,1.068226937943177,122.0,21.37250465448794,95,True,908.2597276460253,3,return_cruise,Q2-001,S001,False
908.4883752313118,908.9456704018849,True,False,,True,True,True,True,inf,inf,18.930560497072918,100.57193219448365,1.0614153597374894,122.0,21.42806780551635,95,True,908.7170228165983,3,return_cruise,Q2-001,S001,False
908.9456704018849,910.0765217654799,True,False,,True,True,True,True,inf,inf,18.95379548979048,100.51601640409379,1.0546043988801914,122.0,21.48398359590621,93,True,909.5110960836823,3,return_cruise,Q2-001,S001,False
910.0765217654799,911.207373129075,True,False,,True,True,True,True,inf,inf,18.974459838867176,100.37619862185441,1.0377642112893515,122.0,21.623801378145586,93,True,910.6419474472775,3,return_cruise,Q2-001,S001,False
911.207373129075,911.9104150185683,True,False,,True,True,True,True,inf,inf,18.974459838867176,100.23412768063181,1.02092806433719,122.0,21.765872319368185,91,True,911.5588940738216,3,return_cruise,Q2-001,S001,False
911.9104150185683,912.6134569080617,True,False,,True,True,True,True,inf,inf,18.974459838867176,100.14463557844842,1.0104632828686841,122.0,21.855364421551585,91,True,912.261935963315,3,return_cruise,Q2-001,S001,False
912.6134569080617,913.0412663821779,True,False,,True,True,True,True,inf,inf,18.974459838867176,100.05422651130017,1.0000001930796132,122.0,21.945773488699828,89,True,912.8273616451198,3,return_cruise,Q2-001,S001,False
913.0412663821779,913.4690758562941,True,False,,True,True,True,True,inf,inf,18.974459838867176,99.99875482153479,0.9936341273535972,122.0,22.00124517846521,89,True,913.255171119236,3,return_cruise,Q2-001,S001,False
913.4690758562941,914.5999272199037,True,False,,True,True,True,True,inf,inf,18.974459838867176,99.94293238417015,0.9872687204036993,122.0,22.05706761582985,87,True,914.034501538099,3,return_cruise,Q2-001,S001,False
914.5999272199037,915.7307785835134,True,False,,True,True,True,True,inf,inf,18.974459838867176,99.79365208028972,0.970445973215354,122.0,22.206347919710282,87,True,915.1653529017085,3,return_cruise,Q2-001,S001,False
915.7307785835134,916.4633061694492,True,False,,True,True,True,True,inf,inf,18.974459838867176,99.64180625409459,0.9536281687455288,122.0,22.35819374590541,85,True,916.0970423764813,3,return_cruise,Q2-001,S001,False
916.4633061694492,917.1958337553849,True,False,,True,True,True,True,inf,inf,18.974459838867176,99.54203515960312,0.942736921663466,122.0,22.457964840396883,85,True,916.829569962417,3,return_cruise,Q2-001,S001,False
917.1958337553849,917.5941575330443,True,False,,True,True,True,True,inf,inf,18.974459838867176,99.44112579296842,0.931847936707773,122.0,22.55887420703158,83,True,917.3949956442145,3,return_cruise,Q2-001,S001,False
917.5941575330443,917.9924813107036,True,False,,True,True,True,True,inf,inf,18.974459838867176,99.38576779355434,0.9259278521108454,122.0,22.614232206445664,83,True,917.793319421874,3,return_cruise,Q2-001,S001,False
917.9924813107036,919.1233326743277,True,False,,True,True,True,True,inf,inf,18.974459838867176,99.3300613802023,0.9200084734525008,122.0,22.669938619797705,81,True,918.5579069925157,3,return_cruise,Q2-001,S001,False
919.1233326743277,920.2541840379517,True,False,,True,True,True,True,inf,inf,18.974459838867176,99.16997241903267,0.9032071756477413,122.0,22.830027580967325,81,True,919.6887583561397,3,return_cruise,Q2-001,S001,False
920.2541840379517,921.0161973205644,True,False,,True,True,True,True,inf,inf,18.974459838867176,99.0069374716175,0.8864120103823174,122.0,22.993062528382495,79,True,920.6351906792581,3,return_cruise,Q2-001,S001,False
921.0161973205644,921.7782106031771,True,False,,True,True,True,True,inf,inf,18.974459838867176,98.89536249500581,0.8750983863902608,122.0,23.104637504994187,79,True,921.3972039618707,3,return_cruise,Q2-001,S001,False
921.7782106031771,922.1470486841596,True,False,,True,True,True,True,inf,inf,18.974459838867176,98.78236638960969,0.8637878237072595,122.0,23.21763361039031,77,True,921.9626296436684,3,return_cruise,Q2-001,S001,False
922.1470486841596,922.5158867651421,True,False,,True,True,True,True,inf,inf,18.974459838867176,98.7271517554236,0.8583142958171305,122.0,23.272848244576394,77,True,922.3314677246508,3,return_cruise,Q2-001,S001,False
922.5158867651421,923.6467381287372,True,False,,True,True,True,True,inf,inf,18.974459838867176,98.67159162616238,0.8528415279975603,122.0,23.32840837383762,75,True,923.0813124469396,3,return_cruise,Q2-001,S001,False
923.6467381287372,924.7775894923323,True,False,,True,True,True,True,inf,inf,18.974459838867176,98.49904656202284,0.8360670085623472,122.0,23.50095343797716,75,True,924.2121638105348,3,return_cruise,Q2-001,S001,False
924.7775894923323,925.5690884714162,True,False,,True,True,True,True,inf,inf,18.974459838867176,98.32308629464798,0.8193002229124482,122.0,23.67691370535202,73,True,925.1733389818742,3,return_cruise,Q2-001,S001,False
925.5690884714162,926.3605874505001,True,False,,True,True,True,True,inf,inf,18.974459838867176,98.19782590100145,0.8075697696977071,122.0,23.80217409899855,73,True,925.9648379609582,3,return_cruise,Q2-001,S001,False
926.3605874505001,926.6999398350403,True,False,,True,True,True,True,inf,inf,18.974459838867176,98.07077852392564,0.7958435200270545,122.0,23.92922147607436,71,True,926.5302636427703,3,return_cruise,Q2-001,S001,False
926.6999398350403,927.0392922195804,True,False,,True,True,True,True,inf,inf,18.974459838867176,98.01574768788596,0.7908172658880974,122.0,23.984252312114037,71,True,926.8696160273103,3,return_cruise,Q2-001,S001,False
927.0392922195804,928.1701435831754,True,False,,True,True,True,True,inf,inf,18.974459838867176,97.96037506550361,0.78579183450829,122.0,24.039624934496388,69,True,927.6047179013779,3,return_cruise,Q2-001,S001,False
928.1701435831754,929.3009949467705,True,False,,True,True,True,True,inf,inf,18.974459838867176,97.77333138325996,0.7690513297951183,122.0,24.226668616740042,69,True,928.735569264973,3,return_cruise,Q2-001,S001,False
929.3009949467705,930.1219796222969,True,False,,True,True,True,True,inf,inf,18.974459838867176,97.58228580809296,0.7523207643661759,122.0,24.417714191907038,67,True,929.7114872845336,3,return_cruise,Q2-001,S001,False
930.1219796222969,930.9429642978232,True,False,,True,True,True,True,inf,inf,18.974459838867176,97.44098564369224,0.7401811834682881,122.0,24.559014356307756,67,True,930.5324719600601,3,return_cruise,Q2-001,S001,False
930.9429642978232,931.2528309859065,True,False,,True,True,True,True,inf,inf,18.974459838867176,97.29741886460783,0.7280474775503056,122.0,24.702581135392165,65,True,931.0978976418648,3,return_cruise,Q2-001,S001,False
931.2528309859065,931.5626976739898,True,False,,True,True,True,True,inf,inf,18.974459838867176,97.24262823026388,0.7234694049317066,122.0,24.757371769736125,65,True,931.4077643299481,3,return_cruise,Q2-001,S001,False
931.5626976739898,932.6935490375993,True,False,,True,True,True,True,inf,inf,18.974459838867176,97.18750060813653,0.7188922284135869,122.0,24.81249939186347,63,True,932.1281233557945,3,return_cruise,Q2-001,S001,False
932.6935490375993,933.8244004012089,True,False,,True,True,True,True,inf,inf,18.974459838867176,96.98338951403083,0.7021958104633322,122.0,25.016610485969167,63,True,933.258974719404,3,return_cruise,Q2-001,S001,False
933.8244004012089,934.6748707734121,True,False,,True,True,True,True,inf,inf,18.974459838867176,96.77453180177152,0.6855124526817807,122.0,25.225468198228484,61,True,934.2496355873104,3,return_cruise,Q2-001,S001,False
934.6748707734121,935.5253411456152,True,False,,True,True,True,True,inf,inf,18.974459838867176,96.61419990159783,0.6729747245240174,122.0,25.38580009840217,61,True,935.1001059595137,3,return_cruise,Q2-001,S001,False
935.5253411456152,935.8057221370073,True,False,,True,True,True,True,inf,inf,18.974459838867176,96.4509630489383,0.6604453864186204,122.0,25.549036951061694,59,True,935.6655316413112,3,return_cruise,Q2-001,S001,False
935.8057221370073,936.0861031283991,True,False,,True,True,True,True,inf,inf,18.974459838867176,96.39649348060357,0.6563166656705456,122.0,25.603506519396433,59,True,935.9459126327032,3,return_cruise,Q2-001,S001,False
936.0861031283991,937.2169544920088,True,False,,True,True,True,True,inf,inf,18.974459838867176,96.34169326408202,0.6521889277546212,122.0,25.658306735917975,57,True,936.6515288102039,3,return_cruise,Q2-001,S001,False
937.2169544920088,938.3478058556183,True,False,,True,True,True,True,inf,inf,18.974459838867176,96.11723331964215,0.6355510261627277,122.0,25.882766680357847,57,True,937.7823801738135,3,return_cruise,Q2-001,S001,False
938.3478058556183,939.2277619242783,True,False,,True,True,True,True,inf,inf,18.974459838867176,95.88706594169437,0.618930743341209,122.0,26.112934058305626,55,True,938.7877838899483,3,return_cruise,Q2-001,S001,False
939.2277619242783,940.1077179929383,True,False,,True,True,True,True,inf,inf,18.974459838867176,95.70383529987518,0.6060110222624225,122.0,26.29616470012482,55,True,939.6677399586083,3,return_cruise,Q2-001,S001,False
940.1077179929383,940.3586132878878,True,False,,True,True,True,True,inf,inf,18.974459838867176,95.51683610004973,0.5931036043479072,122.0,26.48316389995027,53,True,940.2331656404131,3,return_cruise,Q2-001,S001,False
940.3586132878878,940.6095085828374,True,False,,True,True,True,True,inf,inf,18.974459838867176,95.46280730796518,0.5894257756703107,122.0,26.53719269203482,53,True,940.4840609353625,3,return_cruise,Q2-001,S001,False
940.6095085828374,941.7403599464325,True,False,,True,True,True,True,inf,inf,18.974459838867176,95.40845644898138,0.5857490335866123,122.0,26.591543551018617,51,True,941.1749342646349,3,return_cruise,Q2-001,S001,False
941.7403599464325,942.8712113100275,True,False,,True,True,True,True,inf,inf,18.974459838867176,95.15938591528334,0.5691910388120051,122.0,26.840614084716663,51,True,942.3057856282301,3,return_cruise,Q2-001,S001,False
942.8712113100275,943.7806530752616,True,False,,True,True,True,True,inf,inf,18.974459838867176,94.90334741846469,0.5526575777433105,122.0,27.09665258153531,49,True,943.3259321926446,3,return_cruise,Q2-001,S001,False
943.7806530752616,944.6900948404957,True,False,,True,True,True,True,inf,inf,18.974459838867176,94.69213023257467,0.5393805352534607,122.0,27.30786976742533,49,True,944.2353739578787,3,return_cruise,Q2-001,S001,False
944.6900948404957,944.9115044388857,True,False,,True,True,True,True,inf,inf,18.974459838867176,94.47595631403854,0.5261221352180406,122.0,27.52404368596146,47,True,944.8007996396907,3,return_cruise,Q2-001,S001,False
944.9115044388857,945.1329140372756,True,False,,True,True,True,True,inf,inf,18.974459838867176,94.42255236644378,0.522897272634092,122.0,27.57744763355622,47,True,945.0222092380807,3,return_cruise,Q2-001,S001,False
945.1329140372756,946.2637654008706,True,False,,True,True,True,True,inf,inf,18.974459838867176,94.36883829966916,0.5196736221775714,122.0,27.631161700330836,45,True,945.6983397190731,3,return_cruise,Q2-001,S001,False
946.2637654008706,947.3946167644657,True,False,,True,True,True,True,inf,inf,18.974459838867176,94.08953057165583,0.5032285669375038,122.0,27.91046942834417,45,True,946.8291910826681,3,return_cruise,Q2-001,S001,False
947.3946167644657,948.3335442262594,True,False,,True,True,True,True,inf,inf,18.974459838867176,93.80157564493746,0.48681902311331077,122.0,28.198424355062542,43,True,947.8640804953625,3,return_cruise,Q2-001,S001,False
948.3335442262594,949.2724716880531,True,False,,True,True,True,True,inf,inf,18.974459838867176,93.55556150286888,0.4732240776525576,122.0,28.444438497131117,43,True,948.8030079571563,3,return_cruise,Q2-001,S001,False
949.2724716880531,949.4643955898545,True,False,,True,True,True,True,inf,inf,18.974459838867176,93.30293196356452,0.4596585645316559,122.0,28.697068036435482,41,True,949.3684336389538,3,return_cruise,Q2-001,S001,False
949.4643955898545,949.6563194916558,True,False,,True,True,True,True,inf,inf,18.974459838867176,93.25044897034371,0.45688953089601403,122.0,28.74955102965629,41,True,949.5603575407551,3,return_cruise,Q2-001,S001,False
949.6563194916558,950.7871708552799,True,False,,True,True,True,True,inf,inf,18.974459838867176,93.19767304442834,0.45412186264902965,122.0,28.802326955571658,39,True,950.2217451734679,3,return_cruise,Q2-001,S001,False
950.7871708552799,951.918022218904,True,False,,True,True,True,True,inf,inf,18.974459838867176,92.88060004846376,0.43784335273950653,122.0,29.119399951536238,39,True,951.3525965370919,3,return_cruise,Q2-001,S001,False
951.918022218904,952.8864353771401,True,False,,True,True,True,True,inf,inf,18.974459838867176,92.55262371597438,0.4216187769351051,122.0,29.447376284025623,37,True,952.402228798022,3,return_cruise,Q2-001,S001,False
952.8864353771401,953.8548485353762,True,False,,True,True,True,True,inf,inf,18.974459838867176,92.26258310845519,0.40777248113912495,122.0,29.73741689154481,37,True,953.3706419562582,3,return_cruise,Q2-001,S001,False
953.8548485353762,954.0172867407351,True,False,,True,True,True,True,inf,inf,18.974459838867176,91.96360118693394,0.39397513919505883,122.0,30.036398813066057,35,True,953.9360676380556,3,return_cruise,Q2-001,S001,False
954.0172867407351,954.1797249460941,True,False,,True,True,True,True,inf,inf,18.974459838867176,91.91254189970519,0.39166598251399726,122.0,30.08745810029481,35,True,954.0985058434146,3,return_cruise,Q2-001,S001,False
954.1797249460941,955.3105763097037,True,False,,True,True,True,True,inf,inf,18.974459838867176,91.86121532647098,0.38935837850994753,122.0,30.138784673529017,33,True,954.745150627899,3,return_cruise,Q2-001,S001,False
955.3105763097037,956.4414276733132,True,False,,True,True,True,True,inf,inf,18.974459838867176,91.49628896369981,0.3733388681331551,122.0,30.50371103630019,33,True,955.8760019915085,3,return_cruise,Q2-001,S001,False
956.4414276733132,957.4393265281234,True,False,,True,True,True,True,inf,inf,18.974459838867176,91.11747126050496,0.35740639691879433,122.0,30.882528739495044,31,True,956.9403771007183,3,return_cruise,Q2-001,S001,False
957.4393265281234,958.4372253829335,True,False,,True,True,True,True,inf,inf,18.974459838867176,90.7709652287619,0.34342904305415856,122.0,31.229034771238105,31,True,957.9382759555285,3,return_cruise,Q2-001,S001,False
958.4372253829335,958.5701778917329,True,False,,True,True,True,True,inf,inf,18.974459838867176,90.41235451233793,0.32953874536586636,122.0,31.587645487662073,29,True,958.5037016373333,3,return_cruise,Q2-001,S001,False
958.5701778917329,958.7031304005322,True,False,,True,True,True,True,inf,inf,18.974459838867176,90.36362839808689,0.3276952740996492,122.0,31.636371601913112,29,True,958.6366541461325,3,return_cruise,Q2-001,S001,False
958.7031304005322,959.8339817641273,True,False,,True,True,True,True,inf,inf,18.974459838867176,90.31467473872837,0.3258535788578893,122.0,31.68532526127163,27,True,959.2685560823297,3,return_cruise,Q2-001,S001,False
959.8339817641273,960.9648331277224,True,False,,True,True,True,True,inf,inf,18.974459838867176,89.88887994421526,0.3102649775104382,122.0,32.11112005578474,27,True,960.3994074459249,3,return_cruise,Q2-001,S001,False
960.9648331277224,961.9922176791066,True,False,,True,True,True,True,inf,inf,18.974459838867176,89.44560281336595,0.29482811716681606,122.0,32.55439718663405,25,True,961.4785254034146,3,return_cruise,Q2-001,S001,False
961.9922176791066,963.0196022304908,True,False,,True,True,True,True,inf,inf,18.974459838867176,89.02699805273983,0.2809562262630436,122.0,32.97300194726017,25,True,962.5059099547987,3,return_cruise,Q2-001,S001,False
963.0196022304908,963.1230690427305,True,False,,True,True,True,True,inf,inf,18.974459838867176,88.59267622440255,0.2672529880042526,122.0,33.40732377559745,23,True,963.0713356366107,3,return_cruise,Q2-001,S001,False
963.1230690427305,963.2265358549703,True,False,,True,True,True,True,inf,inf,18.974459838867176,88.54804643105922,0.26588331192426,122.0,33.45195356894078,23,True,963.1748024488504,3,return_cruise,Q2-001,S001,False
963.2265358549703,964.3573872185653,True,False,,True,True,True,True,inf,inf,18.974459838867176,88.50325226159138,0.26451564958336304,122.0,33.496747738408615,21,True,963.7919615367678,3,return_cruise,Q2-001,S001,False
964.3573872185653,965.4882385821604,True,False,,True,True,True,True,inf,inf,18.974459838867176,88.00288041065632,0.24970818547077742,122.0,33.99711958934368,21,True,964.9228129003629,3,return_cruise,Q2-001,S001,False
965.4882385821604,966.545108829987,True,False,,True,True,True,True,inf,inf,18.974459838867176,87.48267679597129,0.23519202862373517,122.0,34.51732320402871,19,True,966.0166737060738,3,return_cruise,Q2-001,S001,False
966.545108829987,967.6019790778137,True,False,,True,True,True,True,inf,inf,18.974459838867176,86.97891467764624,0.22193944321278614,122.0,35.021085322353755,19,True,967.0735439539003,3,return_cruise,Q2-001,S001,False
967.6019790778137,967.6759601935821,True,False,,True,True,True,True,inf,inf,18.974459838867176,86.45919577256375,0.20904921781342803,122.0,35.540804227436254,17,True,967.6389696356979,3,return_cruise,Q2-001,S001,False
967.6759601935821,967.7499413093506,True,False,,True,True,True,True,inf,inf,18.974459838867176,86.42226309100093,0.2081622209346846,122.0,35.57773690899907,17,True,967.7129507514663,3,return_cruise,Q2-001,S001,False
967.7499413093506,968.8807926729746,True,False,,True,True,True,True,inf,inf,18.974459838867176,86.38526260335406,0.20727736947852116,122.0,35.614737396645936,15,True,968.3153669911626,3,return_cruise,Q2-001,S001,False
968.8807926729746,970.0116440365987,True,False,,True,True,True,True,inf,inf,18.974459838867176,85.81203777053018,0.19403972337279254,122.0,36.18796222946982,15,True,969.4462183547867,3,return_cruise,Q2-001,S001,False
970.0116440365987,971.0979999809849,True,False,,True,True,True,True,inf,inf,18.974459838867176,85.2280824731337,0.1814232246660574,122.0,36.771917526866304,13,True,970.5548220087918,3,return_cruise,Q2-001,S001,False
971.0979999809849,972.1843559253712,True,False,,True,True,True,True,inf,inf,18.974459838867176,84.66405875732578,0.17001674456022145,122.0,37.335941242674224,13,True,971.641177953178,3,return_cruise,Q2-001,S001,False
972.1843559253712,972.22885134458,True,False,,True,True,True,True,inf,inf,18.974459838867176,84.10735929057464,0.15946182229816136,122.0,37.892640709425365,11,True,972.2066036349756,3,return_cruise,Q2-001,S001,False
972.22885134458,972.2733467637888,True,False,,True,True,True,True,inf,inf,18.974459838867176,84.0849075473024,0.15905016927353122,122.0,37.91509245269761,11,True,972.2510990541844,3,return_cruise,Q2-001,S001,False
972.2733467637888,973.4041981273984,True,False,,True,True,True,True,inf,inf,18.974459838867176,84.06249287833066,0.15864025606576376,122.0,37.93750712166934,9,True,972.8387724455936,3,return_cruise,Q2-001,S001,False
973.4041981273984,974.535049491008,True,False,,True,True,True,True,inf,inf,18.974459838867176,83.50915883467087,0.14884926689482558,122.0,38.49084116532913,9,True,973.9696238092032,3,return_cruise,Q2-001,S001,False
974.535049491008,975.6508911319683,True,False,,True,True,True,True,inf,inf,18.974459838867176,83.00350226265479,0.14043128551579512,122.0,38.99649773734521,7,True,975.0929703114881,3,return_cruise,Q2-001,S001,False
975.6508911319683,976.7667327729285,True,False,,True,True,True,True,inf,inf,18.974459838867176,82.5784274382696,0.1337242374966678,122.0,39.4215725617304,7,True,976.2088119524484,3,return_cruise,Q2-001,S001,False
976.7667327729285,976.7817424955778,True,False,,True,True,True,True,inf,inf,18.974459838867176,82.2562715113701,0.1288553140810382,122.0,39.7437284886299,5,True,976.7742376342532,3,return_cruise,Q2-001,S001,False
976.7817424955778,976.796752218227,True,False,,True,True,True,True,inf,inf,18.974459838867176,82.25277079077328,0.1288033912980966,122.0,39.74722920922672,5,True,976.7892473569024,3,return_cruise,Q2-001,S001,False
976.796752218227,977.775843328838,True,False,,True,True,True,True,inf,inf,18.974459838867176,82.24929380656654,0.12875184128414244,122.0,39.75070619343346,3,True,977.2862977735325,3,return_cruise,Q2-001,S001,False
977.775843328838,978.7549344394491,True,False,,True,True,True,True,inf,inf,18.974459838867176,82.07637414011171,0.126213980990453,122.0,39.92362585988829,3,True,978.2653888841436,3,return_cruise,Q2-001,S001,False
978.7549344394491,1051.43323949316,True,False,,True,True,True,True,inf,inf,-1.0255401611328239,82.01716962285145,0.12535661010742188,122.0,39.982830377148545,3,True,1015.0940869663045,3,return_descent,Q2-001,S001,False
