interval_id,t_start,t_end,phase,start_xyz,end_xyz,crossed_dem_cells,partition_reason
0,0.0,58.142644042968755,climb,"[11179685.606692273, 2558433.059906504, 127.7]","[11179685.606692273, 2558433.059906504, 273.0566101074219]",3,phase_transition+DEM_route_cell_boundary
1,58.142644042968755,59.12173515357989,cruise,"[11179685.606692273, 2558433.059906504, 273.0566101074219]","[11179691.681241771, 2558446.431114902, 273.0566101074219]",3,phase_transition+DEM_route_cell_boundary
2,59.12173515357989,60.10082626419103,cruise,"[11179691.681241771, 2558446.431114902, 273.0566101074219]","[11179697.755791271, 2558459.8023233004, 273.0566101074219]",3,phase_transition+DEM_route_cell_boundary
3,60.10082626419103,60.115835986840246,cruise,"[11179697.755791271, 2558459.8023233004, 273.0566101074219]","[11179697.848915702, 2558460.00730742, 273.0566101074219]",3,phase_transition+DEM_route_cell_boundary
4,60.115835986840246,60.13084570948946,cruise,"[11179697.848915702, 2558460.00730742, 273.0566101074219]","[11179697.942040134, 2558460.21229154, 273.0566101074219]",3,phase_transition+DEM_route_cell_boundary
5,60.13084570948946,61.24668735044981,cruise,"[11179697.942040134, 2558460.21229154, 273.0566101074219]","[11179704.865027392, 2558475.451068564, 273.0566101074219]",3,phase_transition+DEM_route_cell_boundary
6,61.24668735044981,62.36252899141016,cruise,"[11179704.865027392, 2558475.451068564, 273.0566101074219]","[11179711.788014647, 2558490.6898455876, 273.0566101074219]",3,phase_transition+DEM_route_cell_boundary
7,62.36252899141016,63.493380355019724,cruise,"[11179711.788014647, 2558490.6898455876, 273.0566101074219]","[11179718.804126335, 2558506.133606731, 273.0566101074219]",3,phase_transition+DEM_route_cell_boundary
8,63.493380355019724,64.62423171862929,cruise,"[11179718.804126335, 2558506.133606731, 273.0566101074219]","[11179725.820238024, 2558521.577367875, 273.0566101074219]",3,phase_transition+DEM_route_cell_boundary
9,64.62423171862929,64.66872713783812,cruise,"[11179725.820238024, 2558521.577367875, 273.0566101074219]","[11179726.096299795, 2558522.185030958, 273.0566101074219]",3,phase_transition+DEM_route_cell_boundary
10,64.66872713783812,64.71322255704695,cruise,"[11179726.096299795, 2558522.185030958, 273.0566101074219]","[11179726.372361567, 2558522.792694041, 273.0566101074219]",3,phase_transition+DEM_route_cell_boundary
11,64.71322255704695,65.79957850143322,cruise,"[11179726.372361567, 2558522.792694041, 273.0566101074219]","[11179733.112411484, 2558537.6287921015, 273.0566101074219]",3,phase_transition+DEM_route_cell_boundary
12,65.79957850143322,66.88593444581949,cruise,"[11179733.112411484, 2558537.6287921015, 273.0566101074219]","[11179739.852461401, 2558552.464890161, 273.0566101074219]",3,phase_transition+DEM_route_cell_boundary
13,66.88593444581949,68.01678580944352,cruise,"[11179739.852461401, 2558552.464890161, 273.0566101074219]","[11179746.868573088, 2558567.9086513054, 273.0566101074219]",3,phase_transition+DEM_route_cell_boundary
14,68.01678580944352,69.14763717306755,cruise,"[11179746.868573088, 2558567.9086513054, 273.0566101074219]","[11179753.884684777, 2558583.3524124487, 273.0566101074219]",3,phase_transition+DEM_route_cell_boundary
15,69.14763717306755,69.221618288836,cruise,"[11179753.884684777, 2558583.3524124487, 273.0566101074219]","[11179754.343683887, 2558584.3627544953, 273.0566101074219]",3,phase_transition+DEM_route_cell_boundary
16,69.221618288836,69.29559940460445,cruise,"[11179754.343683887, 2558584.3627544953, 273.0566101074219]","[11179754.802683, 2558585.3730965424, 273.0566101074219]",3,phase_transition+DEM_route_cell_boundary
17,69.29559940460445,70.3524696524311,cruise,"[11179754.802683, 2558585.3730965424, 273.0566101074219]","[11179761.359795576, 2558599.806515639, 273.0566101074219]",3,phase_transition+DEM_route_cell_boundary
18,70.3524696524311,71.40933990025775,cruise,"[11179761.359795576, 2558599.806515639, 273.0566101074219]","[11179767.91690815, 2558614.239934736, 273.0566101074219]",3,phase_transition+DEM_route_cell_boundary
19,71.40933990025775,72.54019126385285,cruise,"[11179767.91690815, 2558614.239934736, 273.0566101074219]","[11179774.933019841, 2558629.683695879, 273.0566101074219]",3,phase_transition+DEM_route_cell_boundary
20,72.54019126385285,73.67104262744795,cruise,"[11179774.933019841, 2558629.683695879, 273.0566101074219]","[11179781.949131528, 2558645.1274570227, 273.0566101074219]",3,phase_transition+DEM_route_cell_boundary
21,73.67104262744795,73.77450943968772,cruise,"[11179781.949131528, 2558645.1274570227, 273.0566101074219]","[11179782.59106798, 2558646.540478031, 273.0566101074219]",3,phase_transition+DEM_route_cell_boundary
22,73.77450943968772,73.87797625192749,cruise,"[11179782.59106798, 2558646.540478031, 273.0566101074219]","[11179783.23300443, 2558647.95349904, 273.0566101074219]",3,phase_transition+DEM_route_cell_boundary
23,73.87797625192749,74.90536080331175,cruise,"[11179783.23300443, 2558647.95349904, 273.0566101074219]","[11179789.607179666, 2558661.984239175, 273.0566101074219]",3,phase_transition+DEM_route_cell_boundary
24,74.90536080331175,75.93274535469601,cruise,"[11179789.607179666, 2558661.984239175, 273.0566101074219]","[11179795.981354903, 2558676.0149793103, 273.0566101074219]",3,phase_transition+DEM_route_cell_boundary
25,75.93274535469601,77.06359671829111,cruise,"[11179795.981354903, 2558676.0149793103, 273.0566101074219]","[11179802.997466592, 2558691.4587404537, 273.0566101074219]",3,phase_transition+DEM_route_cell_boundary
26,77.06359671829111,78.19444808188621,cruise,"[11179802.997466592, 2558691.4587404537, 273.0566101074219]","[11179810.01357828, 2558706.9025015966, 273.0566101074219]",3,phase_transition+DEM_route_cell_boundary
27,78.19444808188621,78.3274005906856,cruise,"[11179810.01357828, 2558706.9025015966, 273.0566101074219]","[11179810.838452071, 2558708.718201569, 273.0566101074219]",3,phase_transition+DEM_route_cell_boundary
28,78.3274005906856,78.46035309948499,cruise,"[11179810.838452071, 2558708.718201569, 273.0566101074219]","[11179811.663325861, 2558710.533901541, 273.0566101074219]",3,phase_transition+DEM_route_cell_boundary
29,78.46035309948499,79.45825195429516,cruise,"[11179811.663325861, 2558710.533901541, 273.0566101074219]","[11179817.85456376, 2558724.1619627126, 273.0566101074219]",3,phase_transition+DEM_route_cell_boundary
30,79.45825195429516,80.45615080910534,cruise,"[11179817.85456376, 2558724.1619627126, 273.0566101074219]","[11179824.045801658, 2558737.7900238843, 273.0566101074219]",3,phase_transition+DEM_route_cell_boundary
31,80.45615080910534,81.5870021727149,cruise,"[11179824.045801658, 2558737.7900238843, 273.0566101074219]","[11179831.061913343, 2558753.2337850276, 273.0566101074219]",3,phase_transition+DEM_route_cell_boundary
32,81.5870021727149,82.71785353632447,cruise,"[11179831.061913343, 2558753.2337850276, 273.0566101074219]","[11179838.078025032, 2558768.6775461715, 273.0566101074219]",3,phase_transition+DEM_route_cell_boundary
33,82.71785353632447,82.88029174168346,cruise,"[11179838.078025032, 2558768.6775461715, 273.0566101074219]","[11179839.085836165, 2558770.8959251065, 273.0566101074219]",3,phase_transition+DEM_route_cell_boundary
34,82.88029174168346,83.04272994704246,cruise,"[11179839.085836165, 2558770.8959251065, 273.0566101074219]","[11179840.093647294, 2558773.1143040424, 273.0566101074219]",3,phase_transition+DEM_route_cell_boundary
35,83.04272994704246,84.01114310527856,cruise,"[11179840.093647294, 2558773.1143040424, 273.0566101074219]","[11179846.101947851, 2558786.33968625, 273.0566101074219]",3,phase_transition+DEM_route_cell_boundary
36,84.01114310527856,84.97955626351467,cruise,"[11179846.101947851, 2558786.33968625, 273.0566101074219]","[11179852.11024841, 2558799.565068458, 273.0566101074219]",3,phase_transition+DEM_route_cell_boundary
37,84.97955626351467,86.1104076271387,cruise,"[11179852.11024841, 2558799.565068458, 273.0566101074219]","[11179859.126360098, 2558815.008829602, 273.0566101074219]",3,phase_transition+DEM_route_cell_boundary
38,86.1104076271387,87.24125899076273,cruise,"[11179859.126360098, 2558815.008829602, 273.0566101074219]","[11179866.142471785, 2558830.452590746, 273.0566101074219]",3,phase_transition+DEM_route_cell_boundary
39,87.24125899076273,87.43318289256412,cruise,"[11179866.142471785, 2558830.452590746, 273.0566101074219]","[11179867.333220256, 2558833.073648643, 273.0566101074219]",3,phase_transition+DEM_route_cell_boundary
40,87.43318289256412,87.62510679436552,cruise,"[11179867.333220256, 2558833.073648643, 273.0566101074219]","[11179868.523968725, 2558835.69470654, 273.0566101074219]",3,phase_transition+DEM_route_cell_boundary
41,87.62510679436552,88.56403425615922,cruise,"[11179868.523968725, 2558835.69470654, 273.0566101074219]","[11179874.349331941, 2558848.5174097866, 273.0566101074219]",3,phase_transition+DEM_route_cell_boundary
42,88.56403425615922,89.50296171795291,cruise,"[11179874.349331941, 2558848.5174097866, 273.0566101074219]","[11179880.17469516, 2558861.3401130326, 273.0566101074219]",3,phase_transition+DEM_route_cell_boundary
43,89.50296171795291,90.63381308154801,cruise,"[11179880.17469516, 2558861.3401130326, 273.0566101074219]","[11179887.190806849, 2558876.783874176, 273.0566101074219]",3,phase_transition+DEM_route_cell_boundary
44,90.63381308154801,91.76466444514311,cruise,"[11179887.190806849, 2558876.783874176, 273.0566101074219]","[11179894.206918538, 2558892.2276353193, 273.0566101074219]",3,phase_transition+DEM_route_cell_boundary
45,91.76466444514311,91.98607404353305,cruise,"[11179894.206918538, 2558892.2276353193, 273.0566101074219]","[11179895.580604346, 2558895.2513721804, 273.0566101074219]",3,phase_transition+DEM_route_cell_boundary
46,91.98607404353305,92.20748364192299,cruise,"[11179895.580604346, 2558895.2513721804, 273.0566101074219]","[11179896.954290157, 2558898.2751090415, 273.0566101074219]",3,phase_transition+DEM_route_cell_boundary
47,92.20748364192299,93.11692540715707,cruise,"[11179896.954290157, 2558898.2751090415, 273.0566101074219]","[11179902.596716033, 2558910.6951333242, 273.0566101074219]",3,phase_transition+DEM_route_cell_boundary
48,93.11692540715707,94.02636717239116,cruise,"[11179902.596716033, 2558910.6951333242, 273.0566101074219]","[11179908.239141913, 2558923.115157607, 273.0566101074219]",3,phase_transition+DEM_route_cell_boundary
49,94.02636717239116,95.15721853598626,cruise,"[11179908.239141913, 2558923.115157607, 273.0566101074219]","[11179915.2552536, 2558938.5589187504, 273.0566101074219]",3,phase_transition+DEM_route_cell_boundary
50,95.15721853598626,96.28806989958136,cruise,"[11179915.2552536, 2558938.5589187504, 273.0566101074219]","[11179922.27136529, 2558954.0026798937, 273.0566101074219]",3,phase_transition+DEM_route_cell_boundary
51,96.28806989958136,96.53896519453092,cruise,"[11179922.27136529, 2558954.0026798937, 273.0566101074219]","[11179923.827988438, 2558957.429095718, 273.0566101074219]",3,phase_transition+DEM_route_cell_boundary
52,96.53896519453092,96.78986048948046,cruise,"[11179923.827988438, 2558957.429095718, 273.0566101074219]","[11179925.384611588, 2558960.8555115424, 273.0566101074219]",3,phase_transition+DEM_route_cell_boundary
53,96.78986048948046,97.66981655814047,cruise,"[11179925.384611588, 2558960.8555115424, 273.0566101074219]","[11179930.844100127, 2558972.872856862, 273.0566101074219]",3,phase_transition+DEM_route_cell_boundary
54,97.66981655814047,98.54977262680048,cruise,"[11179930.844100127, 2558972.872856862, 273.0566101074219]","[11179936.303588666, 2558984.890202181, 273.0566101074219]",3,phase_transition+DEM_route_cell_boundary
55,98.54977262680048,99.68062399041004,cruise,"[11179936.303588666, 2558984.890202181, 273.0566101074219]","[11179943.319700355, 2559000.3339633243, 273.0566101074219]",3,phase_transition+DEM_route_cell_boundary
56,99.68062399041004,100.8114753540196,cruise,"[11179943.319700355, 2559000.3339633243, 273.0566101074219]","[11179950.33581204, 2559015.777724468, 273.0566101074219]",3,phase_transition+DEM_route_cell_boundary
57,100.8114753540196,101.09185634541156,cruise,"[11179950.33581204, 2559015.777724468, 273.0566101074219]","[11179952.075372532, 2559019.6068192543, 273.0566101074219]",3,phase_transition+DEM_route_cell_boundary
58,101.09185634541156,101.37223733680351,cruise,"[11179952.075372532, 2559019.6068192543, 273.0566101074219]","[11179953.814933019, 2559023.43591404, 273.0566101074219]",3,phase_transition+DEM_route_cell_boundary
59,101.37223733680351,102.22270770900666,cruise,"[11179953.814933019, 2559023.43591404, 273.0566101074219]","[11179959.091484217, 2559035.0505803977, 273.0566101074219]",3,phase_transition+DEM_route_cell_boundary
60,102.22270770900666,103.0731780812098,cruise,"[11179959.091484217, 2559035.0505803977, 273.0566101074219]","[11179964.368035419, 2559046.665246755, 273.0566101074219]",3,phase_transition+DEM_route_cell_boundary
61,103.0731780812098,104.20402944481937,cruise,"[11179964.368035419, 2559046.665246755, 273.0566101074219]","[11179971.384147106, 2559062.1090078987, 273.0566101074219]",3,phase_transition+DEM_route_cell_boundary
62,104.20402944481937,105.33488080842893,cruise,"[11179971.384147106, 2559062.1090078987, 273.0566101074219]","[11179978.400258794, 2559077.552769042, 273.0566101074219]",3,phase_transition+DEM_route_cell_boundary
63,105.33488080842893,105.64474749651218,cruise,"[11179978.400258794, 2559077.552769042, 273.0566101074219]","[11179980.322756624, 2559081.7845427934, 273.0566101074219]",3,phase_transition+DEM_route_cell_boundary
64,105.64474749651218,105.95461418459543,cruise,"[11179980.322756624, 2559081.7845427934, 273.0566101074219]","[11179982.245254453, 2559086.0163165447, 273.0566101074219]",3,phase_transition+DEM_route_cell_boundary
65,105.95461418459543,106.77559886012175,cruise,"[11179982.245254453, 2559086.0163165447, 273.0566101074219]","[11179987.33886831, 2559097.228303937, 273.0566101074219]",3,phase_transition+DEM_route_cell_boundary
66,106.77559886012175,107.59658353564807,cruise,"[11179987.33886831, 2559097.228303937, 273.0566101074219]","[11179992.432482172, 2559108.4402913293, 273.0566101074219]",3,phase_transition+DEM_route_cell_boundary
67,107.59658353564807,108.72743489924316,cruise,"[11179992.432482172, 2559108.4402913293, 273.0566101074219]","[11179999.448593857, 2559123.884052473, 273.0566101074219]",3,phase_transition+DEM_route_cell_boundary
68,108.72743489924316,109.85828626283826,cruise,"[11179999.448593857, 2559123.884052473, 273.0566101074219]","[11180006.464705545, 2559139.327813616, 273.0566101074219]",3,phase_transition+DEM_route_cell_boundary
69,109.85828626283826,110.19763864737837,cruise,"[11180006.464705545, 2559139.327813616, 273.0566101074219]","[11180008.570140716, 2559143.9622663297, 273.0566101074219]",3,phase_transition+DEM_route_cell_boundary
70,110.19763864737837,110.53699103191848,cruise,"[11180008.570140716, 2559143.9622663297, 273.0566101074219]","[11180010.675575884, 2559148.5967190424, 273.0566101074219]",3,phase_transition+DEM_route_cell_boundary
71,110.53699103191848,111.3284900110024,cruise,"[11180010.675575884, 2559148.5967190424, 273.0566101074219]","[11180015.586252403, 2559159.406027473, 273.0566101074219]",3,phase_transition+DEM_route_cell_boundary
72,111.3284900110024,112.11998899008631,cruise,"[11180015.586252403, 2559159.406027473, 273.0566101074219]","[11180020.496928923, 2559170.2153359037, 273.0566101074219]",3,phase_transition+DEM_route_cell_boundary
73,112.11998899008631,113.25084035368141,cruise,"[11180020.496928923, 2559170.2153359037, 273.0566101074219]","[11180027.51304061, 2559185.659097047, 273.0566101074219]",3,phase_transition+DEM_route_cell_boundary
74,113.25084035368141,114.38169171727651,cruise,"[11180027.51304061, 2559185.659097047, 273.0566101074219]","[11180034.529152298, 2559201.102858191, 273.0566101074219]",3,phase_transition+DEM_route_cell_boundary
75,114.38169171727651,114.75052979825901,cruise,"[11180034.529152298, 2559201.102858191, 273.0566101074219]","[11180036.817524806, 2559206.139989866, 273.0566101074219]",3,phase_transition+DEM_route_cell_boundary
76,114.75052979825901,115.11936787924151,cruise,"[11180036.817524806, 2559206.139989866, 273.0566101074219]","[11180039.105897315, 2559211.177121541, 273.0566101074219]",3,phase_transition+DEM_route_cell_boundary
77,115.11936787924151,115.8813811618541,cruise,"[11180039.105897315, 2559211.177121541, 273.0566101074219]","[11180043.833636496, 2559221.583751009, 273.0566101074219]",3,phase_transition+DEM_route_cell_boundary
78,115.8813811618541,116.6433944444667,cruise,"[11180043.833636496, 2559221.583751009, 273.0566101074219]","[11180048.561375674, 2559231.990380477, 273.0566101074219]",3,phase_transition+DEM_route_cell_boundary
79,116.6433944444667,117.77424580809071,cruise,"[11180048.561375674, 2559231.990380477, 273.0566101074219]","[11180055.577487363, 2559247.434141621, 273.0566101074219]",3,phase_transition+DEM_route_cell_boundary
80,117.77424580809071,118.90509717171474,cruise,"[11180055.577487363, 2559247.434141621, 273.0566101074219]","[11180062.593599051, 2559262.877902765, 273.0566101074219]",3,phase_transition+DEM_route_cell_boundary
81,118.90509717171474,119.30342094937409,cruise,"[11180062.593599051, 2559262.877902765, 273.0566101074219]","[11180065.0649089, 2559268.317713405, 273.0566101074219]",3,phase_transition+DEM_route_cell_boundary
82,119.30342094937409,119.70174472703341,cruise,"[11180065.0649089, 2559268.317713405, 273.0566101074219]","[11180067.536218746, 2559273.7575240447, 273.0566101074219]",3,phase_transition+DEM_route_cell_boundary
83,119.70174472703341,120.43427231296917,cruise,"[11180067.536218746, 2559273.7575240447, 273.0566101074219]","[11180072.081020588, 2559283.7614745484, 273.0566101074219]",3,phase_transition+DEM_route_cell_boundary
84,120.43427231296917,121.16679989890493,cruise,"[11180072.081020588, 2559283.7614745484, 273.0566101074219]","[11180076.625822427, 2559293.7654250516, 273.0566101074219]",3,phase_transition+DEM_route_cell_boundary
85,121.16679989890493,122.29765126251449,cruise,"[11180076.625822427, 2559293.7654250516, 273.0566101074219]","[11180083.641934115, 2559309.209186196, 273.0566101074219]",3,phase_transition+DEM_route_cell_boundary
86,122.29765126251449,123.42850262612406,cruise,"[11180083.641934115, 2559309.209186196, 273.0566101074219]","[11180090.658045802, 2559324.6529473388, 273.0566101074219]",3,phase_transition+DEM_route_cell_boundary
87,123.42850262612406,123.85631210024025,cruise,"[11180090.658045802, 2559324.6529473388, 273.0566101074219]","[11180093.312292991, 2559330.4954369413, 273.0566101074219]",3,phase_transition+DEM_route_cell_boundary
88,123.85631210024025,124.28412157435645,cruise,"[11180093.312292991, 2559330.4954369413, 273.0566101074219]","[11180095.966540178, 2559336.337926543, 273.0566101074219]",3,phase_transition+DEM_route_cell_boundary
89,124.28412157435645,124.98716346384981,cruise,"[11180095.966540178, 2559336.337926543, 273.0566101074219]","[11180100.32840468, 2559345.939198084, 273.0566101074219]",3,phase_transition+DEM_route_cell_boundary
90,124.98716346384981,125.69020535334317,cruise,"[11180100.32840468, 2559345.939198084, 273.0566101074219]","[11180104.69026918, 2559355.540469626, 273.0566101074219]",3,phase_transition+DEM_route_cell_boundary
91,125.69020535334317,126.82105671693827,cruise,"[11180104.69026918, 2559355.540469626, 273.0566101074219]","[11180111.706380868, 2559370.9842307693, 273.0566101074219]",3,phase_transition+DEM_route_cell_boundary
92,126.82105671693827,127.95190808053337,cruise,"[11180111.706380868, 2559370.9842307693, 273.0566101074219]","[11180118.722492553, 2559386.427991913, 273.0566101074219]",3,phase_transition+DEM_route_cell_boundary
93,127.95190808053337,128.40920325110645,cruise,"[11180118.722492553, 2559386.427991913, 273.0566101074219]","[11180121.559677081, 2559392.6731604766, 273.0566101074219]",3,phase_transition+DEM_route_cell_boundary
94,128.40920325110645,128.86649842167952,cruise,"[11180121.559677081, 2559392.6731604766, 273.0566101074219]","[11180124.39686161, 2559398.9183290405, 273.0566101074219]",3,phase_transition+DEM_route_cell_boundary
95,128.86649842167952,129.54005461473048,cruise,"[11180124.39686161, 2559398.9183290405, 273.0566101074219]","[11180128.57578877, 2559408.1169216204, 273.0566101074219]",3,phase_transition+DEM_route_cell_boundary
96,129.54005461473048,130.21361080778144,cruise,"[11180128.57578877, 2559408.1169216204, 273.0566101074219]","[11180132.75471593, 2559417.3155142004, 273.0566101074219]",3,phase_transition+DEM_route_cell_boundary
97,130.21361080778144,131.34446217137653,cruise,"[11180132.75471593, 2559417.3155142004, 273.0566101074219]","[11180139.77082762, 2559432.7592753437, 273.0566101074219]",3,phase_transition+DEM_route_cell_boundary
98,131.34446217137653,132.47531353497163,cruise,"[11180139.77082762, 2559432.7592753437, 273.0566101074219]","[11180146.786939308, 2559448.203036487, 273.0566101074219]",3,phase_transition+DEM_route_cell_boundary
99,132.47531353497163,132.96209440222154,cruise,"[11180146.786939308, 2559448.203036487, 273.0566101074219]","[11180149.807061175, 2559454.850884016, 273.0566101074219]",3,phase_transition+DEM_route_cell_boundary
100,132.96209440222154,133.44887526947142,cruise,"[11180149.807061175, 2559454.850884016, 273.0566101074219]","[11180152.827183044, 2559461.498731545, 273.0566101074219]",3,phase_transition+DEM_route_cell_boundary
101,133.44887526947142,134.09294576581664,cruise,"[11180152.827183044, 2559461.498731545, 273.0566101074219]","[11180156.823172864, 2559470.29464516, 273.0566101074219]",3,phase_transition+DEM_route_cell_boundary
102,134.09294576581664,134.73701626216186,cruise,"[11180156.823172864, 2559470.29464516, 273.0566101074219]","[11180160.819162684, 2559479.0905587743, 273.0566101074219]",3,phase_transition+DEM_route_cell_boundary
103,134.73701626216186,135.86786762578586,cruise,"[11180160.819162684, 2559479.0905587743, 273.0566101074219]","[11180167.83527437, 2559494.5343199177, 273.0566101074219]",3,phase_transition+DEM_route_cell_boundary
104,135.86786762578586,136.9987189894099,cruise,"[11180167.83527437, 2559494.5343199177, 273.0566101074219]","[11180174.85138606, 2559509.9780810615, 273.0566101074219]",3,phase_transition+DEM_route_cell_boundary
105,136.9987189894099,137.51498555310218,cruise,"[11180174.85138606, 2559509.9780810615, 273.0566101074219]","[11180178.054445267, 2559517.0286075524, 273.0566101074219]",3,phase_transition+DEM_route_cell_boundary
106,137.51498555310218,138.03125211679446,cruise,"[11180178.054445267, 2559517.0286075524, 273.0566101074219]","[11180181.257504473, 2559524.079134043, 273.0566101074219]",3,phase_transition+DEM_route_cell_boundary
107,138.03125211679446,138.64583691669728,cruise,"[11180181.257504473, 2559524.079134043, 273.0566101074219]","[11180185.070556955, 2559532.472368696, 273.0566101074219]",3,phase_transition+DEM_route_cell_boundary
108,138.64583691669728,139.2604217166001,cruise,"[11180185.070556955, 2559532.472368696, 273.0566101074219]","[11180188.883609435, 2559540.8656033487, 273.0566101074219]",3,phase_transition+DEM_route_cell_boundary
109,139.2604217166001,140.39127308020966,cruise,"[11180188.883609435, 2559540.8656033487, 273.0566101074219]","[11180195.899721123, 2559556.309364492, 273.0566101074219]",3,phase_transition+DEM_route_cell_boundary
110,140.39127308020966,141.52212444381922,cruise,"[11180195.899721123, 2559556.309364492, 273.0566101074219]","[11180202.915832812, 2559571.753125636, 273.0566101074219]",3,phase_transition+DEM_route_cell_boundary
111,141.52212444381922,142.06787670396835,cruise,"[11180202.915832812, 2559571.753125636, 273.0566101074219]","[11180206.301829357, 2559579.206331088, 273.0566101074219]",3,phase_transition+DEM_route_cell_boundary
112,142.06787670396835,142.6136289641175,cruise,"[11180206.301829357, 2559579.206331088, 273.0566101074219]","[11180209.687825903, 2559586.659536541, 273.0566101074219]",3,phase_transition+DEM_route_cell_boundary
113,142.6136289641175,143.19872806757792,cruise,"[11180209.687825903, 2559586.659536541, 273.0566101074219]","[11180213.317941045, 2559594.650092232, 273.0566101074219]",3,phase_transition+DEM_route_cell_boundary
114,143.19872806757792,143.78382717103833,cruise,"[11180213.317941045, 2559594.650092232, 273.0566101074219]","[11180216.948056187, 2559602.6406479226, 273.0566101074219]",3,phase_transition+DEM_route_cell_boundary
115,143.78382717103833,144.91467853463342,cruise,"[11180216.948056187, 2559602.6406479226, 273.0566101074219]","[11180223.964167876, 2559618.0844090665, 273.0566101074219]",3,phase_transition+DEM_route_cell_boundary
116,144.91467853463342,146.04552989822852,cruise,"[11180223.964167876, 2559618.0844090665, 273.0566101074219]","[11180230.980279565, 2559633.52817021, 273.0566101074219]",3,phase_transition+DEM_route_cell_boundary
117,146.04552989822852,146.62076785506898,cruise,"[11180230.980279565, 2559633.52817021, 273.0566101074219]","[11180234.54921345, 2559641.3840546273, 273.0566101074219]",3,phase_transition+DEM_route_cell_boundary
118,146.62076785506898,147.19600581190943,cruise,"[11180234.54921345, 2559641.3840546273, 273.0566101074219]","[11180238.118147338, 2559649.239939045, 273.0566101074219]",3,phase_transition+DEM_route_cell_boundary
119,147.19600581190943,147.751619218693,cruise,"[11180238.118147338, 2559649.239939045, 273.0566101074219]","[11180241.56532514, 2559656.827815771, 273.0566101074219]",3,phase_transition+DEM_route_cell_boundary
120,147.751619218693,148.3072326254766,cruise,"[11180241.56532514, 2559656.827815771, 273.0566101074219]","[11180245.012502939, 2559664.415692497, 273.0566101074219]",3,phase_transition+DEM_route_cell_boundary
121,148.3072326254766,149.43808398907169,cruise,"[11180245.012502939, 2559664.415692497, 273.0566101074219]","[11180252.028614629, 2559679.8594536404, 273.0566101074219]",3,phase_transition+DEM_route_cell_boundary
122,149.43808398907169,150.56893535266678,cruise,"[11180252.028614629, 2559679.8594536404, 273.0566101074219]","[11180259.044726316, 2559695.3032147842, 273.0566101074219]",3,phase_transition+DEM_route_cell_boundary
123,150.56893535266678,151.17365900594962,cruise,"[11180259.044726316, 2559695.3032147842, 273.0566101074219]","[11180262.79659754, 2559703.5617781635, 273.0566101074219]",3,phase_transition+DEM_route_cell_boundary
124,151.17365900594962,151.77838265923245,cruise,"[11180262.79659754, 2559703.5617781635, 273.0566101074219]","[11180266.548468769, 2559711.8203415433, 273.0566101074219]",3,phase_transition+DEM_route_cell_boundary
125,151.77838265923245,152.30451036954472,cruise,"[11180266.548468769, 2559711.8203415433, 273.0566101074219]","[11180269.81270923, 2559719.0055393074, 273.0566101074219]",3,phase_transition+DEM_route_cell_boundary
126,152.30451036954472,152.83063807985695,cruise,"[11180269.81270923, 2559719.0055393074, 273.0566101074219]","[11180273.076949691, 2559726.190737071, 273.0566101074219]",3,phase_transition+DEM_route_cell_boundary
127,152.83063807985695,153.96148944348096,cruise,"[11180273.076949691, 2559726.190737071, 273.0566101074219]","[11180280.093061382, 2559741.634498215, 273.0566101074219]",3,phase_transition+DEM_route_cell_boundary
128,153.96148944348096,155.092340807105,cruise,"[11180280.093061382, 2559741.634498215, 273.0566101074219]","[11180287.109173069, 2559757.0782593586, 273.0566101074219]",3,phase_transition+DEM_route_cell_boundary
129,155.092340807105,155.72655015683023,cruise,"[11180287.109173069, 2559757.0782593586, 273.0566101074219]","[11180291.043981634, 2559765.7395017, 273.0566101074219]",3,phase_transition+DEM_route_cell_boundary
130,155.72655015683023,156.36075950655547,cruise,"[11180291.043981634, 2559765.7395017, 273.0566101074219]","[11180294.978790198, 2559774.400744041, 273.0566101074219]",3,phase_transition+DEM_route_cell_boundary
131,156.36075950655547,156.85740152042533,cruise,"[11180294.978790198, 2559774.400744041, 273.0566101074219]","[11180298.06009332, 2559781.1832628436, 273.0566101074219]",3,phase_transition+DEM_route_cell_boundary
132,156.85740152042533,157.3540435342952,cruise,"[11180298.06009332, 2559781.1832628436, 273.0566101074219]","[11180301.141396446, 2559787.9657816454, 273.0566101074219]",3,phase_transition+DEM_route_cell_boundary
133,157.3540435342952,158.48489489789029,cruise,"[11180301.141396446, 2559787.9657816454, 273.0566101074219]","[11180308.157508131, 2559803.4095427888, 273.0566101074219]",3,phase_transition+DEM_route_cell_boundary
134,158.48489489789029,159.61574626148538,cruise,"[11180308.157508131, 2559803.4095427888, 273.0566101074219]","[11180315.17361982, 2559818.853303932, 273.0566101074219]",3,phase_transition+DEM_route_cell_boundary
135,159.61574626148538,160.2794413079164,cruise,"[11180315.17361982, 2559818.853303932, 273.0566101074219]","[11180319.291365726, 2559827.917225239, 273.0566101074219]",3,phase_transition+DEM_route_cell_boundary
136,160.2794413079164,160.9431363543474,cruise,"[11180319.291365726, 2559827.917225239, 273.0566101074219]","[11180323.409111632, 2559836.981146545, 273.0566101074219]",3,phase_transition+DEM_route_cell_boundary
137,160.9431363543474,161.41029267154042,cruise,"[11180323.409111632, 2559836.981146545, 273.0566101074219]","[11180326.307477415, 2559843.3609863827, 273.0566101074219]",3,phase_transition+DEM_route_cell_boundary
138,161.41029267154042,161.87744898873345,cruise,"[11180326.307477415, 2559843.3609863827, 273.0566101074219]","[11180329.205843197, 2559849.74082622, 273.0566101074219]",3,phase_transition+DEM_route_cell_boundary
139,161.87744898873345,163.00830035232855,cruise,"[11180329.205843197, 2559849.74082622, 273.0566101074219]","[11180336.221954884, 2559865.184587363, 273.0566101074219]",3,phase_transition+DEM_route_cell_boundary
140,163.00830035232855,164.13915171592362,cruise,"[11180336.221954884, 2559865.184587363, 273.0566101074219]","[11180343.238066573, 2559880.6283485065, 273.0566101074219]",3,phase_transition+DEM_route_cell_boundary
141,164.13915171592362,164.83233245879703,cruise,"[11180343.238066573, 2559880.6283485065, 273.0566101074219]","[11180347.538749818, 2559890.0949487747, 273.0566101074219]",3,phase_transition+DEM_route_cell_boundary
142,164.83233245879703,165.52551320167044,cruise,"[11180347.538749818, 2559890.0949487747, 273.0566101074219]","[11180351.839433063, 2559899.561549043, 273.0566101074219]",3,phase_transition+DEM_route_cell_boundary
143,165.52551320167044,165.9631838224066,cruise,"[11180351.839433063, 2559899.561549043, 273.0566101074219]","[11180354.554861505, 2559905.538709919, 273.0566101074219]",3,phase_transition+DEM_route_cell_boundary
144,165.9631838224066,166.40085444314278,cruise,"[11180354.554861505, 2559905.538709919, 273.0566101074219]","[11180357.270289948, 2559911.5158707937, 273.0566101074219]",3,phase_transition+DEM_route_cell_boundary
145,166.40085444314278,167.53170580675234,cruise,"[11180357.270289948, 2559911.5158707937, 273.0566101074219]","[11180364.286401637, 2559926.959631937, 273.0566101074219]",3,phase_transition+DEM_route_cell_boundary
146,167.53170580675234,168.66255717036188,cruise,"[11180364.286401637, 2559926.959631937, 273.0566101074219]","[11180371.302513326, 2559942.403393081, 273.0566101074219]",3,phase_transition+DEM_route_cell_boundary
147,168.66255717036188,169.3852236096777,cruise,"[11180371.302513326, 2559942.403393081, 273.0566101074219]","[11180375.78613391, 2559952.272672311, 273.0566101074219]",3,phase_transition+DEM_route_cell_boundary
148,169.3852236096777,170.1078900489935,cruise,"[11180375.78613391, 2559952.272672311, 273.0566101074219]","[11180380.269754494, 2559962.1419515414, 273.0566101074219]",3,phase_transition+DEM_route_cell_boundary
149,170.1078900489935,170.51607497327282,cruise,"[11180380.269754494, 2559962.1419515414, 273.0566101074219]","[11180382.802245598, 2559967.7164334543, 273.0566101074219]",3,phase_transition+DEM_route_cell_boundary
150,170.51607497327282,170.92425989755213,cruise,"[11180382.802245598, 2559967.7164334543, 273.0566101074219]","[11180385.334736701, 2559973.2909153677, 273.0566101074219]",3,phase_transition+DEM_route_cell_boundary
151,170.92425989755213,172.05511126117614,cruise,"[11180385.334736701, 2559973.2909153677, 273.0566101074219]","[11180392.35084839, 2559988.7346765115, 273.0566101074219]",3,phase_transition+DEM_route_cell_boundary
152,172.05511126117614,173.18596262480017,cruise,"[11180392.35084839, 2559988.7346765115, 273.0566101074219]","[11180399.366960078, 2560004.1784376553, 273.0566101074219]",3,phase_transition+DEM_route_cell_boundary
153,173.18596262480017,173.9381147607928,cruise,"[11180399.366960078, 2560004.1784376553, 273.0566101074219]","[11180404.033518003, 2560014.4503958505, 273.0566101074219]",3,phase_transition+DEM_route_cell_boundary
154,173.9381147607928,174.69026689678543,cruise,"[11180404.033518003, 2560014.4503958505, 273.0566101074219]","[11180408.700075926, 2560024.7223540456, 273.0566101074219]",3,phase_transition+DEM_route_cell_boundary
155,174.69026689678543,175.0689661243879,cruise,"[11180408.700075926, 2560024.7223540456, 273.0566101074219]","[11180411.04962969, 2560029.894156994, 273.0566101074219]",3,phase_transition+DEM_route_cell_boundary
156,175.0689661243879,175.4476653519904,cruise,"[11180411.04962969, 2560029.894156994, 273.0566101074219]","[11180413.399183452, 2560035.065959942, 273.0566101074219]",3,phase_transition+DEM_route_cell_boundary
157,175.4476653519904,176.5785167155855,cruise,"[11180413.399183452, 2560035.065959942, 273.0566101074219]","[11180420.415295143, 2560050.5097210854, 273.0566101074219]",3,phase_transition+DEM_route_cell_boundary
158,176.5785167155855,177.7093680791806,cruise,"[11180420.415295143, 2560050.5097210854, 273.0566101074219]","[11180427.431406828, 2560065.953482229, 273.0566101074219]",3,phase_transition+DEM_route_cell_boundary
159,177.7093680791806,178.49100591164455,cruise,"[11180427.431406828, 2560065.953482229, 273.0566101074219]","[11180432.280902095, 2560076.6281193863, 273.0566101074219]",3,phase_transition+DEM_route_cell_boundary
160,178.49100591164455,179.2726437441085,cruise,"[11180432.280902095, 2560076.6281193863, 273.0566101074219]","[11180437.130397357, 2560087.3027565437, 273.0566101074219]",3,phase_transition+DEM_route_cell_boundary
161,179.2726437441085,179.62185727526858,cruise,"[11180437.130397357, 2560087.3027565437, 273.0566101074219]","[11180439.29701378, 2560092.07188053, 273.0566101074219]",3,phase_transition+DEM_route_cell_boundary
162,179.62185727526858,179.97107080642866,cruise,"[11180439.29701378, 2560092.07188053, 273.0566101074219]","[11180441.463630205, 2560096.8410045165, 273.0566101074219]",3,phase_transition+DEM_route_cell_boundary
163,179.97107080642866,181.10192217002376,cruise,"[11180441.463630205, 2560096.8410045165, 273.0566101074219]","[11180448.479741894, 2560112.28476566, 273.0566101074219]",3,phase_transition+DEM_route_cell_boundary
164,181.10192217002376,182.23277353361885,cruise,"[11180448.479741894, 2560112.28476566, 273.0566101074219]","[11180455.495853582, 2560127.728526803, 273.0566101074219]",3,phase_transition+DEM_route_cell_boundary
165,182.23277353361885,183.04389706252522,cruise,"[11180455.495853582, 2560127.728526803, 273.0566101074219]","[11180460.528286185, 2560138.8058429225, 273.0566101074219]",3,phase_transition+DEM_route_cell_boundary
166,183.04389706252522,183.85502059143158,cruise,"[11180460.528286185, 2560138.8058429225, 273.0566101074219]","[11180465.560718788, 2560149.8831590414, 273.0566101074219]",3,phase_transition+DEM_route_cell_boundary
167,183.85502059143158,184.17474842613478,cruise,"[11180465.560718788, 2560149.8831590414, 273.0566101074219]","[11180467.544397872, 2560154.2496040654, 273.0566101074219]",3,phase_transition+DEM_route_cell_boundary
168,184.17474842613478,184.494476260838,cruise,"[11180467.544397872, 2560154.2496040654, 273.0566101074219]","[11180469.52807696, 2560158.6160490904, 273.0566101074219]",3,phase_transition+DEM_route_cell_boundary
169,184.494476260838,185.62532762444758,cruise,"[11180469.52807696, 2560158.6160490904, 273.0566101074219]","[11180476.544188645, 2560174.0598102342, 273.0566101074219]",3,phase_transition+DEM_route_cell_boundary
170,185.62532762444758,186.75617898805712,cruise,"[11180476.544188645, 2560174.0598102342, 273.0566101074219]","[11180483.560300333, 2560189.5035713776, 273.0566101074219]",3,phase_transition+DEM_route_cell_boundary
171,186.75617898805712,187.5967882136403,cruise,"[11180483.560300333, 2560189.5035713776, 273.0566101074219]","[11180488.775670279, 2560200.9835664616, 273.0566101074219]",3,phase_transition+DEM_route_cell_boundary
172,187.5967882136403,188.4373974392235,cruise,"[11180488.775670279, 2560200.9835664616, 273.0566101074219]","[11180493.991040222, 2560212.4635615456, 273.0566101074219]",3,phase_transition+DEM_route_cell_boundary
173,188.4373974392235,188.72763957723544,cruise,"[11180493.991040222, 2560212.4635615456, 273.0566101074219]","[11180495.791781964, 2560216.427327605, 273.0566101074219]",3,phase_transition+DEM_route_cell_boundary
174,188.72763957723544,189.01788171524737,cruise,"[11180495.791781964, 2560216.427327605, 273.0566101074219]","[11180497.59252371, 2560220.3910936643, 273.0566101074219]",3,phase_transition+DEM_route_cell_boundary
175,189.01788171524737,190.14873307887137,cruise,"[11180497.59252371, 2560220.3910936643, 273.0566101074219]","[11180504.6086354, 2560235.834854808, 273.0566101074219]",3,phase_transition+DEM_route_cell_boundary
176,190.14873307887137,191.2795844424954,cruise,"[11180504.6086354, 2560235.834854808, 273.0566101074219]","[11180511.624747086, 2560251.278615952, 273.0566101074219]",3,phase_transition+DEM_route_cell_boundary
177,191.2795844424954,192.14967936452098,cruise,"[11180511.624747086, 2560251.278615952, 273.0566101074219]","[11180517.02305437, 2560263.161289998, 273.0566101074219]",3,phase_transition+DEM_route_cell_boundary
178,192.14967936452098,193.01977428654655,cruise,"[11180517.02305437, 2560263.161289998, 273.0566101074219]","[11180522.421361651, 2560275.0439640437, 273.0566101074219]",3,phase_transition+DEM_route_cell_boundary
179,193.01977428654655,193.28053072811608,cruise,"[11180522.421361651, 2560275.0439640437, 273.0566101074219]","[11180524.039166057, 2560278.605051141, 273.0566101074219]",3,phase_transition+DEM_route_cell_boundary
180,193.28053072811608,193.5412871696856,cruise,"[11180524.039166057, 2560278.605051141, 273.0566101074219]","[11180525.656970462, 2560282.1661382387, 273.0566101074219]",3,phase_transition+DEM_route_cell_boundary
181,193.5412871696856,194.6721385332807,cruise,"[11180525.656970462, 2560282.1661382387, 273.0566101074219]","[11180532.673082149, 2560297.609899382, 273.0566101074219]",3,phase_transition+DEM_route_cell_boundary
182,194.6721385332807,195.8029898968758,cruise,"[11180532.673082149, 2560297.609899382, 273.0566101074219]","[11180539.68919384, 2560313.0536605255, 273.0566101074219]",3,phase_transition+DEM_route_cell_boundary
183,195.8029898968758,196.7025705154899,cruise,"[11180539.68919384, 2560313.0536605255, 273.0566101074219]","[11180545.270438462, 2560325.339013535, 273.0566101074219]",3,phase_transition+DEM_route_cell_boundary
184,196.7025705154899,197.60215113410402,cruise,"[11180545.270438462, 2560325.339013535, 273.0566101074219]","[11180550.851683084, 2560337.6243665447, 273.0566101074219]",3,phase_transition+DEM_route_cell_boundary
185,197.60215113410402,197.8334218791139,cruise,"[11180550.851683084, 2560337.6243665447, 273.0566101074219]","[11180552.28655015, 2560340.7827746794, 273.0566101074219]",3,phase_transition+DEM_route_cell_boundary
186,197.8334218791139,198.0646926241238,cruise,"[11180552.28655015, 2560340.7827746794, 273.0566101074219]","[11180553.721417215, 2560343.941182813, 273.0566101074219]",3,phase_transition+DEM_route_cell_boundary
187,198.0646926241238,199.1955439877189,cruise,"[11180553.721417215, 2560343.941182813, 273.0566101074219]","[11180560.737528902, 2560359.384943957, 273.0566101074219]",3,phase_transition+DEM_route_cell_boundary
188,199.1955439877189,200.326395351314,cruise,"[11180560.737528902, 2560359.384943957, 273.0566101074219]","[11180567.75364059, 2560374.8287051, 273.0566101074219]",3,phase_transition+DEM_route_cell_boundary
189,200.326395351314,201.25546166648775,cruise,"[11180567.75364059, 2560374.8287051, 273.0566101074219]","[11180573.517822554, 2560387.516737073, 273.0566101074219]",3,phase_transition+DEM_route_cell_boundary
190,201.25546166648775,202.1845279816615,cruise,"[11180573.517822554, 2560387.516737073, 273.0566101074219]","[11180579.282004517, 2560400.204769046, 273.0566101074219]",3,phase_transition+DEM_route_cell_boundary
191,202.1845279816615,202.38631303008287,cruise,"[11180579.282004517, 2560400.204769046, 273.0566101074219]","[11180580.533934241, 2560402.9604982166, 273.0566101074219]",3,phase_transition+DEM_route_cell_boundary
192,202.38631303008287,202.58809807850423,cruise,"[11180580.533934241, 2560402.9604982166, 273.0566101074219]","[11180581.785863966, 2560405.716227387, 273.0566101074219]",3,phase_transition+DEM_route_cell_boundary
193,202.58809807850423,203.71894944212826,cruise,"[11180581.785863966, 2560405.716227387, 273.0566101074219]","[11180588.801975656, 2560421.1599885304, 273.0566101074219]",3,phase_transition+DEM_route_cell_boundary
194,203.71894944212826,204.84980080575227,cruise,"[11180588.801975656, 2560421.1599885304, 273.0566101074219]","[11180595.818087343, 2560436.6037496747, 273.0566101074219]",3,phase_transition+DEM_route_cell_boundary
195,204.84980080575227,205.8083528173684,cruise,"[11180595.818087343, 2560436.6037496747, 273.0566101074219]","[11180601.765206644, 2560449.694460609, 273.0566101074219]",3,phase_transition+DEM_route_cell_boundary
196,205.8083528173684,206.7669048289845,cruise,"[11180601.765206644, 2560449.694460609, 273.0566101074219]","[11180607.712325947, 2560462.7851715437, 273.0566101074219]",3,phase_transition+DEM_route_cell_boundary
197,206.7669048289845,206.9392041809635,cruise,"[11180607.712325947, 2560462.7851715437, 273.0566101074219]","[11180608.781318333, 2560465.1382217524, 273.0566101074219]",3,phase_transition+DEM_route_cell_boundary
198,206.9392041809635,207.11150353294246,cruise,"[11180608.781318333, 2560465.1382217524, 273.0566101074219]","[11180609.850310719, 2560467.491271961, 273.0566101074219]",3,phase_transition+DEM_route_cell_boundary
199,207.11150353294246,208.242354896552,cruise,"[11180609.850310719, 2560467.491271961, 273.0566101074219]","[11180616.866422407, 2560482.935033105, 273.0566101074219]",3,phase_transition+DEM_route_cell_boundary
200,208.242354896552,209.37320626016157,cruise,"[11180616.866422407, 2560482.935033105, 273.0566101074219]","[11180623.882534096, 2560498.378794248, 273.0566101074219]",3,phase_transition+DEM_route_cell_boundary
201,209.37320626016157,210.3612439683518,cruise,"[11180623.882534096, 2560498.378794248, 273.0566101074219]","[11180630.012590738, 2560511.8721841467, 273.0566101074219]",3,phase_transition+DEM_route_cell_boundary
202,210.3612439683518,211.349281676542,cruise,"[11180630.012590738, 2560511.8721841467, 273.0566101074219]","[11180636.142647378, 2560525.3655740446, 273.0566101074219]",3,phase_transition+DEM_route_cell_boundary
203,211.349281676542,211.49209533196134,cruise,"[11180636.142647378, 2560525.3655740446, 273.0566101074219]","[11180637.028702427, 2560527.31594529, 273.0566101074219]",3,phase_transition+DEM_route_cell_boundary
204,211.49209533196134,211.63490898738067,cruise,"[11180637.028702427, 2560527.31594529, 273.0566101074219]","[11180637.914757472, 2560529.2663165354, 273.0566101074219]",3,phase_transition+DEM_route_cell_boundary
205,211.63490898738067,212.76576035097577,cruise,"[11180637.914757472, 2560529.2663165354, 273.0566101074219]","[11180644.930869158, 2560544.710077679, 273.0566101074219]",3,phase_transition+DEM_route_cell_boundary
206,212.76576035097577,213.89661171457087,cruise,"[11180644.930869158, 2560544.710077679, 273.0566101074219]","[11180651.946980847, 2560560.1538388226, 273.0566101074219]",3,phase_transition+DEM_route_cell_boundary
207,213.89661171457087,214.91413511933513,cruise,"[11180651.946980847, 2560560.1538388226, 273.0566101074219]","[11180658.25997483, 2560574.049907684, 273.0566101074219]",3,phase_transition+DEM_route_cell_boundary
208,214.91413511933513,215.93165852409942,cruise,"[11180658.25997483, 2560574.049907684, 273.0566101074219]","[11180664.57296881, 2560587.945976546, 273.0566101074219]",3,phase_transition+DEM_route_cell_boundary
209,215.93165852409942,216.04498648295913,cruise,"[11180664.57296881, 2560587.945976546, 273.0566101074219]","[11180665.276086519, 2560589.4936688277, 273.0566101074219]",3,phase_transition+DEM_route_cell_boundary
210,216.04498648295913,216.15831444181887,cruise,"[11180665.276086519, 2560589.4936688277, 273.0566101074219]","[11180665.979204223, 2560591.0413611103, 273.0566101074219]",3,phase_transition+DEM_route_cell_boundary
211,216.15831444181887,217.28916580541397,cruise,"[11180665.979204223, 2560591.0413611103, 273.0566101074219]","[11180672.995315911, 2560606.485122253, 273.0566101074219]",3,phase_transition+DEM_route_cell_boundary
212,217.28916580541397,218.42001716900907,cruise,"[11180672.995315911, 2560606.485122253, 273.0566101074219]","[11180680.0114276, 2560621.928883397, 273.0566101074219]",3,phase_transition+DEM_route_cell_boundary
213,218.42001716900907,219.46702627021577,cruise,"[11180680.0114276, 2560621.928883397, 273.0566101074219]","[11180686.50735892, 2560636.2276312206, 273.0566101074219]",3,phase_transition+DEM_route_cell_boundary
214,219.46702627021577,220.51403537142244,cruise,"[11180686.50735892, 2560636.2276312206, 273.0566101074219]","[11180693.003290242, 2560650.5263790437, 273.0566101074219]",3,phase_transition+DEM_route_cell_boundary
215,220.51403537142244,220.59787763381084,cruise,"[11180693.003290242, 2560650.5263790437, 273.0566101074219]","[11180693.523470609, 2560651.671392364, 273.0566101074219]",3,phase_transition+DEM_route_cell_boundary
216,220.59787763381084,220.68171989619924,cruise,"[11180693.523470609, 2560651.671392364, 273.0566101074219]","[11180694.043650975, 2560652.8164056838, 273.0566101074219]",3,phase_transition+DEM_route_cell_boundary
217,220.68171989619924,221.81257125982327,cruise,"[11180694.043650975, 2560652.8164056838, 273.0566101074219]","[11180701.059762662, 2560668.2601668276, 273.0566101074219]",3,phase_transition+DEM_route_cell_boundary
218,221.81257125982327,222.94342262344728,cruise,"[11180701.059762662, 2560668.2601668276, 273.0566101074219]","[11180708.075874353, 2560683.703927971, 273.0566101074219]",3,phase_transition+DEM_route_cell_boundary
219,222.94342262344728,224.0199174212136,cruise,"[11180708.075874353, 2560683.703927971, 273.0566101074219]","[11180714.754743012, 2560698.4053547583, 273.0566101074219]",3,phase_transition+DEM_route_cell_boundary
220,224.0199174212136,225.0964122189799,cruise,"[11180714.754743012, 2560698.4053547583, 273.0566101074219]","[11180721.433611674, 2560713.106781545, 273.0566101074219]",3,phase_transition+DEM_route_cell_boundary
221,225.0964122189799,225.15076878480872,cruise,"[11180721.433611674, 2560713.106781545, 273.0566101074219]","[11180721.7708547, 2560713.8491159016, 273.0566101074219]",3,phase_transition+DEM_route_cell_boundary
222,225.15076878480872,225.20512535063753,cruise,"[11180721.7708547, 2560713.8491159016, 273.0566101074219]","[11180722.108097728, 2560714.591450258, 273.0566101074219]",3,phase_transition+DEM_route_cell_boundary
223,225.20512535063753,226.33597671424707,cruise,"[11180722.108097728, 2560714.591450258, 273.0566101074219]","[11180729.124209415, 2560730.0352114015, 273.0566101074219]",3,phase_transition+DEM_route_cell_boundary
224,226.33597671424707,227.46682807785663,cruise,"[11180729.124209415, 2560730.0352114015, 273.0566101074219]","[11180736.140321104, 2560745.4789725454, 273.0566101074219]",3,phase_transition+DEM_route_cell_boundary
225,227.46682807785663,228.572808572197,cruise,"[11180736.140321104, 2560745.4789725454, 273.0566101074219]","[11180743.002127104, 2560760.583078296, 273.0566101074219]",3,phase_transition+DEM_route_cell_boundary
226,228.572808572197,229.67878906653738,cruise,"[11180743.002127104, 2560760.583078296, 273.0566101074219]","[11180749.863933105, 2560775.687184046, 273.0566101074219]",3,phase_transition+DEM_route_cell_boundary
227,229.67878906653738,229.70365993580657,cruise,"[11180749.863933105, 2560775.687184046, 273.0566101074219]","[11180750.018238794, 2560776.0268394393, 273.0566101074219]",3,phase_transition+DEM_route_cell_boundary
228,229.70365993580657,229.72853080507574,cruise,"[11180750.018238794, 2560776.0268394393, 273.0566101074219]","[11180750.17254448, 2560776.3664948326, 273.0566101074219]",3,phase_transition+DEM_route_cell_boundary
229,229.72853080507574,230.85938216867083,cruise,"[11180750.17254448, 2560776.3664948326, 273.0566101074219]","[11180757.18865617, 2560791.810255976, 273.0566101074219]",3,phase_transition+DEM_route_cell_boundary
230,230.85938216867083,231.99023353226593,cruise,"[11180757.18865617, 2560791.810255976, 273.0566101074219]","[11180764.204767855, 2560807.254017119, 273.0566101074219]",3,phase_transition+DEM_route_cell_boundary
231,231.99023353226593,233.12108489588994,cruise,"[11180764.204767855, 2560807.254017119, 273.0566101074219]","[11180771.220879544, 2560822.697778263, 273.0566101074219]",3,phase_transition+DEM_route_cell_boundary
232,233.12108489588994,234.25193625951394,cruise,"[11180771.220879544, 2560822.697778263, 273.0566101074219]","[11180778.236991232, 2560838.1415394065, 273.0566101074219]",3,phase_transition+DEM_route_cell_boundary
233,234.25193625951394,234.25655108668715,cruise,"[11180778.236991232, 2560838.1415394065, 273.0566101074219]","[11180778.265622884, 2560838.2045629756, 273.0566101074219]",3,phase_transition+DEM_route_cell_boundary
234,234.25655108668715,234.2611659138604,cruise,"[11180778.265622884, 2560838.2045629756, 273.0566101074219]","[11180778.294254538, 2560838.267586544, 273.0566101074219]",3,phase_transition+DEM_route_cell_boundary
235,234.2611659138604,235.38740245028228,cruise,"[11180778.294254538, 2560838.267586544, 273.0566101074219]","[11180785.281734573, 2560853.648324119, 273.0566101074219]",3,phase_transition+DEM_route_cell_boundary
236,235.38740245028228,236.51363898670417,cruise,"[11180785.281734573, 2560853.648324119, 273.0566101074219]","[11180792.26921461, 2560869.0290616937, 273.0566101074219]",3,phase_transition+DEM_route_cell_boundary
237,236.51363898670417,237.64449035029924,cruise,"[11180792.26921461, 2560869.0290616937, 273.0566101074219]","[11180799.285326296, 2560884.4728228366, 273.0566101074219]",3,phase_transition+DEM_route_cell_boundary
238,237.64449035029924,238.77534171389433,cruise,"[11180799.285326296, 2560884.4728228366, 273.0566101074219]","[11180806.301437985, 2560899.9165839804, 273.0566101074219]",3,phase_transition+DEM_route_cell_boundary
239,238.77534171389433,238.8094422376561,cruise,"[11180806.301437985, 2560899.9165839804, 273.0566101074219]","[11180806.513006976, 2560900.3822865128, 273.0566101074219]",3,phase_transition+DEM_route_cell_boundary
240,238.8094422376561,238.84354276141784,cruise,"[11180806.513006976, 2560900.3822865128, 273.0566101074219]","[11180806.724575968, 2560900.8479890455, 273.0566101074219]",3,phase_transition+DEM_route_cell_boundary
241,238.84354276141784,239.9402936012801,cruise,"[11180806.724575968, 2560900.8479890455, 273.0566101074219]","[11180813.529118665, 2560915.8260476566, 273.0566101074219]",3,phase_transition+DEM_route_cell_boundary
242,239.9402936012801,241.03704444114237,cruise,"[11180813.529118665, 2560915.8260476566, 273.0566101074219]","[11180820.333661359, 2560930.804106268, 273.0566101074219]",3,phase_transition+DEM_route_cell_boundary
243,241.03704444114237,242.16789580473747,cruise,"[11180820.333661359, 2560930.804106268, 273.0566101074219]","[11180827.34977305, 2560946.2478674115, 273.0566101074219]",3,phase_transition+DEM_route_cell_boundary
244,242.16789580473747,243.29874716833257,cruise,"[11180827.34977305, 2560946.2478674115, 273.0566101074219]","[11180834.365884736, 2560961.691628555, 273.0566101074219]",3,phase_transition+DEM_route_cell_boundary
245,243.29874716833257,243.36233338865392,cruise,"[11180834.365884736, 2560961.691628555, 273.0566101074219]","[11180834.760391068, 2560962.560010051, 273.0566101074219]",3,phase_transition+DEM_route_cell_boundary
246,243.36233338865392,243.4259196089753,cruise,"[11180834.760391068, 2560962.560010051, 273.0566101074219]","[11180835.154897401, 2560963.4283915465, 273.0566101074219]",3,phase_transition+DEM_route_cell_boundary
247,243.4259196089753,244.4931847522635,cruise,"[11180835.154897401, 2560963.4283915465, 273.0566101074219]","[11180841.776502758, 2560978.0037711943, 273.0566101074219]",3,phase_transition+DEM_route_cell_boundary
248,244.4931847522635,245.56044989555167,cruise,"[11180841.776502758, 2560978.0037711943, 273.0566101074219]","[11180848.398108112, 2560992.579150842, 273.0566101074219]",3,phase_transition+DEM_route_cell_boundary
249,245.56044989555167,246.69130125916124,cruise,"[11180848.398108112, 2560992.579150842, 273.0566101074219]","[11180855.4142198, 2561008.0229119854, 273.0566101074219]",3,phase_transition+DEM_route_cell_boundary
250,246.69130125916124,247.82215262277077,cruise,"[11180855.4142198, 2561008.0229119854, 273.0566101074219]","[11180862.43033149, 2561023.4666731292, 273.0566101074219]",3,phase_transition+DEM_route_cell_boundary
251,247.82215262277077,247.91522453953456,cruise,"[11180862.43033149, 2561023.4666731292, 273.0566101074219]","[11180863.007775161, 2561024.7377335867, 273.0566101074219]",3,phase_transition+DEM_route_cell_boundary
252,247.91522453953456,248.00829645629832,cruise,"[11180863.007775161, 2561024.7377335867, 273.0566101074219]","[11180863.585218832, 2561026.008794044, 273.0566101074219]",3,phase_transition+DEM_route_cell_boundary
253,248.00829645629832,249.04607590312966,cruise,"[11180863.585218832, 2561026.008794044, 273.0566101074219]","[11180870.023886848, 2561040.18149473, 273.0566101074219]",3,phase_transition+DEM_route_cell_boundary
254,249.04607590312966,250.083855349961,cruise,"[11180870.023886848, 2561040.18149473, 273.0566101074219]","[11180876.462554866, 2561054.354195416, 273.0566101074219]",3,phase_transition+DEM_route_cell_boundary
255,250.083855349961,251.21470671357056,cruise,"[11180876.462554866, 2561054.354195416, 273.0566101074219]","[11180883.478666551, 2561069.79795656, 273.0566101074219]",3,phase_transition+DEM_route_cell_boundary
256,251.21470671357056,252.34555807718013,cruise,"[11180883.478666551, 2561069.79795656, 273.0566101074219]","[11180890.49477824, 2561085.241717703, 273.0566101074219]",3,phase_transition+DEM_route_cell_boundary
257,252.34555807718013,252.46811569051795,cruise,"[11180890.49477824, 2561085.241717703, 273.0566101074219]","[11180891.255159253, 2561086.9154571244, 273.0566101074219]",3,phase_transition+DEM_route_cell_boundary
258,252.46811569051795,252.5906733038558,cruise,"[11180891.255159253, 2561086.9154571244, 273.0566101074219]","[11180892.015540263, 2561088.589196545, 273.0566101074219]",3,phase_transition+DEM_route_cell_boundary
259,252.5906733038558,253.5989670541275,cruise,"[11180892.015540263, 2561088.589196545, 273.0566101074219]","[11180898.27127094, 2561102.3592182677, 273.0566101074219]",3,phase_transition+DEM_route_cell_boundary
260,253.5989670541275,254.60726080439923,cruise,"[11180898.27127094, 2561102.3592182677, 273.0566101074219]","[11180904.527001617, 2561116.1292399904, 273.0566101074219]",3,phase_transition+DEM_route_cell_boundary
261,254.60726080439923,255.7381121679943,cruise,"[11180904.527001617, 2561116.1292399904, 273.0566101074219]","[11180911.543113306, 2561131.5730011337, 273.0566101074219]",3,phase_transition+DEM_route_cell_boundary
262,255.7381121679943,256.86896353158943,cruise,"[11180911.543113306, 2561131.5730011337, 273.0566101074219]","[11180918.559224993, 2561147.016762277, 273.0566101074219]",3,phase_transition+DEM_route_cell_boundary
263,256.86896353158943,257.02100684150133,cruise,"[11180918.559224993, 2561147.016762277, 273.0566101074219]","[11180919.502543343, 2561149.0931806616, 273.0566101074219]",3,phase_transition+DEM_route_cell_boundary
264,257.02100684150133,257.17305015141324,cruise,"[11180919.502543343, 2561149.0931806616, 273.0566101074219]","[11180920.445861695, 2561151.169599047, 273.0566101074219]",3,phase_transition+DEM_route_cell_boundary
265,257.17305015141324,258.15185820512534,cruise,"[11180920.445861695, 2561151.169599047, 273.0566101074219]","[11180926.518655032, 2561164.5369418054, 273.0566101074219]",3,phase_transition+DEM_route_cell_boundary
266,258.15185820512534,259.13066625883744,cruise,"[11180926.518655032, 2561164.5369418054, 273.0566101074219]","[11180932.591448369, 2561177.904284565, 273.0566101074219]",3,phase_transition+DEM_route_cell_boundary
267,259.13066625883744,260.26151762243256,cruise,"[11180932.591448369, 2561177.904284565, 273.0566101074219]","[11180939.607560057, 2561193.348045708, 273.0566101074219]",3,phase_transition+DEM_route_cell_boundary
268,260.26151762243256,261.3923689860277,cruise,"[11180939.607560057, 2561193.348045708, 273.0566101074219]","[11180946.623671746, 2561208.7918068515, 273.0566101074219]",3,phase_transition+DEM_route_cell_boundary
269,261.3923689860277,261.573897992382,cruise,"[11180946.623671746, 2561208.7918068515, 273.0566101074219]","[11180947.749927435, 2561211.2709041983, 273.0566101074219]",3,phase_transition+DEM_route_cell_boundary
270,261.573897992382,261.7554269987363,cruise,"[11180947.749927435, 2561211.2709041983, 273.0566101074219]","[11180948.876183126, 2561213.7500015446, 273.0566101074219]",3,phase_transition+DEM_route_cell_boundary
271,261.7554269987363,262.0643708458029,cruise,"[11180948.876183126, 2561213.7500015446, 273.0566101074219]","[11180950.792955397, 2561217.969172281, 273.0566101074219]",3,phase_transition+DEM_route_cell_boundary
272,262.0643708458029,262.3733146928695,cruise,"[11180950.792955397, 2561217.969172281, 273.0566101074219]","[11180952.709727667, 2561222.188343018, 273.0566101074219]",3,phase_transition+DEM_route_cell_boundary
273,262.3733146928695,306.9016197465804,descent,"[11180952.709727667, 2561222.188343018, 273.0566101074219]","[11180952.709727667, 2561222.188343018, 184.0]",3,phase_transition+DEM_route_cell_boundary
274,306.9016197465804,738.9016197465804,handoff,"[11180952.709727667, 2561222.188343018, 184.0]","[11180952.709727667, 2561222.188343018, 184.0]",3,phase_transition+DEM_route_cell_boundary
275,738.9016197465804,774.5242637895492,return_climb,"[11180952.709727667, 2561222.188343018, 184.0]","[11180952.709727667, 2561222.188343018, 273.0566101074219]",3,phase_transition+DEM_route_cell_boundary
276,774.5242637895492,774.8332076366158,return_cruise,"[11180952.709727667, 2561222.188343018, 273.0566101074219]","[11180950.792955397, 2561217.969172281, 273.0566101074219]",3,phase_transition+DEM_route_cell_boundary
277,774.8332076366158,775.1421514836824,return_cruise,"[11180950.792955397, 2561217.969172281, 273.0566101074219]","[11180948.876183126, 2561213.7500015446, 273.0566101074219]",3,phase_transition+DEM_route_cell_boundary
278,775.1421514836824,775.3236804900367,return_cruise,"[11180948.876183126, 2561213.7500015446, 273.0566101074219]","[11180947.749927435, 2561211.2709041983, 273.0566101074219]",3,phase_transition+DEM_route_cell_boundary
279,775.3236804900367,775.505209496391,return_cruise,"[11180947.749927435, 2561211.2709041983, 273.0566101074219]","[11180946.623671746, 2561208.7918068515, 273.0566101074219]",3,phase_transition+DEM_route_cell_boundary
280,775.505209496391,776.6360608599861,return_cruise,"[11180946.623671746, 2561208.7918068515, 273.0566101074219]","[11180939.607560057, 2561193.348045708, 273.0566101074219]",3,phase_transition+DEM_route_cell_boundary
281,776.6360608599861,777.7669122235811,return_cruise,"[11180939.607560057, 2561193.348045708, 273.0566101074219]","[11180932.591448369, 2561177.904284565, 273.0566101074219]",3,phase_transition+DEM_route_cell_boundary
282,777.7669122235811,778.7457202772932,return_cruise,"[11180932.591448369, 2561177.904284565, 273.0566101074219]","[11180926.518655032, 2561164.5369418054, 273.0566101074219]",3,phase_transition+DEM_route_cell_boundary
283,778.7457202772932,779.7245283310053,return_cruise,"[11180926.518655032, 2561164.5369418054, 273.0566101074219]","[11180920.445861695, 2561151.169599047, 273.0566101074219]",3,phase_transition+DEM_route_cell_boundary
284,779.7245283310053,779.8765716409173,return_cruise,"[11180920.445861695, 2561151.169599047, 273.0566101074219]","[11180919.502543343, 2561149.0931806616, 273.0566101074219]",3,phase_transition+DEM_route_cell_boundary
285,779.8765716409173,780.0286149508293,return_cruise,"[11180919.502543343, 2561149.0931806616, 273.0566101074219]","[11180918.559224993, 2561147.016762277, 273.0566101074219]",3,phase_transition+DEM_route_cell_boundary
286,780.0286149508293,781.1594663144243,return_cruise,"[11180918.559224993, 2561147.016762277, 273.0566101074219]","[11180911.543113306, 2561131.5730011337, 273.0566101074219]",3,phase_transition+DEM_route_cell_boundary
287,781.1594663144243,782.2903176780194,return_cruise,"[11180911.543113306, 2561131.5730011337, 273.0566101074219]","[11180904.527001617, 2561116.1292399904, 273.0566101074219]",3,phase_transition+DEM_route_cell_boundary
288,782.2903176780194,783.2986114282911,return_cruise,"[11180904.527001617, 2561116.1292399904, 273.0566101074219]","[11180898.27127094, 2561102.3592182677, 273.0566101074219]",3,phase_transition+DEM_route_cell_boundary
289,783.2986114282911,784.3069051785628,return_cruise,"[11180898.27127094, 2561102.3592182677, 273.0566101074219]","[11180892.015540263, 2561088.589196545, 273.0566101074219]",3,phase_transition+DEM_route_cell_boundary
290,784.3069051785628,784.4294627919007,return_cruise,"[11180892.015540263, 2561088.589196545, 273.0566101074219]","[11180891.255159253, 2561086.9154571244, 273.0566101074219]",3,phase_transition+DEM_route_cell_boundary
291,784.4294627919007,784.5520204052385,return_cruise,"[11180891.255159253, 2561086.9154571244, 273.0566101074219]","[11180890.49477824, 2561085.241717703, 273.0566101074219]",3,phase_transition+DEM_route_cell_boundary
292,784.5520204052385,785.6828717688481,return_cruise,"[11180890.49477824, 2561085.241717703, 273.0566101074219]","[11180883.478666551, 2561069.7979565593, 273.0566101074219]",3,phase_transition+DEM_route_cell_boundary
293,785.6828717688481,786.8137231324578,return_cruise,"[11180883.478666551, 2561069.7979565593, 273.0566101074219]","[11180876.462554866, 2561054.354195416, 273.0566101074219]",3,phase_transition+DEM_route_cell_boundary
294,786.8137231324578,787.8515025792891,return_cruise,"[11180876.462554866, 2561054.354195416, 273.0566101074219]","[11180870.023886848, 2561040.18149473, 273.0566101074219]",3,phase_transition+DEM_route_cell_boundary
295,787.8515025792891,788.8892820261204,return_cruise,"[11180870.023886848, 2561040.18149473, 273.0566101074219]","[11180863.585218832, 2561026.008794044, 273.0566101074219]",3,phase_transition+DEM_route_cell_boundary
296,788.8892820261204,788.9823539428842,return_cruise,"[11180863.585218832, 2561026.008794044, 273.0566101074219]","[11180863.007775161, 2561024.7377335867, 273.0566101074219]",3,phase_transition+DEM_route_cell_boundary
297,788.9823539428842,789.0754258596479,return_cruise,"[11180863.007775161, 2561024.7377335867, 273.0566101074219]","[11180862.43033149, 2561023.4666731292, 273.0566101074219]",3,phase_transition+DEM_route_cell_boundary
298,789.0754258596479,790.2062772232574,return_cruise,"[11180862.43033149, 2561023.4666731292, 273.0566101074219]","[11180855.4142198, 2561008.022911986, 273.0566101074219]",3,phase_transition+DEM_route_cell_boundary
299,790.2062772232574,791.337128586867,return_cruise,"[11180855.4142198, 2561008.022911986, 273.0566101074219]","[11180848.398108112, 2560992.579150842, 273.0566101074219]",3,phase_transition+DEM_route_cell_boundary
300,791.337128586867,792.4043937301552,return_cruise,"[11180848.398108112, 2560992.579150842, 273.0566101074219]","[11180841.776502758, 2560978.0037711943, 273.0566101074219]",3,phase_transition+DEM_route_cell_boundary
301,792.4043937301552,793.4716588734434,return_cruise,"[11180841.776502758, 2560978.0037711943, 273.0566101074219]","[11180835.154897401, 2560963.4283915465, 273.0566101074219]",3,phase_transition+DEM_route_cell_boundary
302,793.4716588734434,793.5352450937647,return_cruise,"[11180835.154897401, 2560963.4283915465, 273.0566101074219]","[11180834.760391068, 2560962.560010051, 273.0566101074219]",3,phase_transition+DEM_route_cell_boundary
303,793.5352450937647,793.598831314086,return_cruise,"[11180834.760391068, 2560962.560010051, 273.0566101074219]","[11180834.365884736, 2560961.691628555, 273.0566101074219]",3,phase_transition+DEM_route_cell_boundary
304,793.598831314086,794.7296826776811,return_cruise,"[11180834.365884736, 2560961.691628555, 273.0566101074219]","[11180827.34977305, 2560946.2478674115, 273.0566101074219]",3,phase_transition+DEM_route_cell_boundary
305,794.7296826776811,795.8605340412762,return_cruise,"[11180827.34977305, 2560946.2478674115, 273.0566101074219]","[11180820.333661359, 2560930.804106268, 273.0566101074219]",3,phase_transition+DEM_route_cell_boundary
306,795.8605340412762,796.9572848811384,return_cruise,"[11180820.333661359, 2560930.804106268, 273.0566101074219]","[11180813.529118665, 2560915.8260476566, 273.0566101074219]",3,phase_transition+DEM_route_cell_boundary
307,796.9572848811384,798.0540357210007,return_cruise,"[11180813.529118665, 2560915.8260476566, 273.0566101074219]","[11180806.724575968, 2560900.8479890455, 273.0566101074219]",3,phase_transition+DEM_route_cell_boundary
308,798.0540357210007,798.0881362447624,return_cruise,"[11180806.724575968, 2560900.8479890455, 273.0566101074219]","[11180806.513006976, 2560900.3822865128, 273.0566101074219]",3,phase_transition+DEM_route_cell_boundary
309,798.0881362447624,798.1222367685242,return_cruise,"[11180806.513006976, 2560900.3822865128, 273.0566101074219]","[11180806.301437985, 2560899.9165839804, 273.0566101074219]",3,phase_transition+DEM_route_cell_boundary
310,798.1222367685242,799.2530881321193,return_cruise,"[11180806.301437985, 2560899.9165839804, 273.0566101074219]","[11180799.285326296, 2560884.4728228366, 273.0566101074219]",3,phase_transition+DEM_route_cell_boundary
311,799.2530881321193,800.3839394957143,return_cruise,"[11180799.285326296, 2560884.4728228366, 273.0566101074219]","[11180792.26921461, 2560869.0290616937, 273.0566101074219]",3,phase_transition+DEM_route_cell_boundary
312,800.3839394957143,801.5101760321362,return_cruise,"[11180792.26921461, 2560869.0290616937, 273.0566101074219]","[11180785.281734573, 2560853.648324119, 273.0566101074219]",3,phase_transition+DEM_route_cell_boundary
313,801.5101760321362,802.6364125685581,return_cruise,"[11180785.281734573, 2560853.648324119, 273.0566101074219]","[11180778.294254538, 2560838.267586544, 273.0566101074219]",3,phase_transition+DEM_route_cell_boundary
314,802.6364125685581,802.6410273957313,return_cruise,"[11180778.294254538, 2560838.267586544, 273.0566101074219]","[11180778.265622884, 2560838.2045629756, 273.0566101074219]",3,phase_transition+DEM_route_cell_boundary
315,802.6410273957313,802.6456422229045,return_cruise,"[11180778.265622884, 2560838.2045629756, 273.0566101074219]","[11180778.236991232, 2560838.1415394065, 273.0566101074219]",3,phase_transition+DEM_route_cell_boundary
316,802.6456422229045,803.7764935865285,return_cruise,"[11180778.236991232, 2560838.1415394065, 273.0566101074219]","[11180771.220879544, 2560822.697778263, 273.0566101074219]",3,phase_transition+DEM_route_cell_boundary
317,803.7764935865285,804.9073449501526,return_cruise,"[11180771.220879544, 2560822.697778263, 273.0566101074219]","[11180764.204767855, 2560807.254017119, 273.0566101074219]",3,phase_transition+DEM_route_cell_boundary
318,804.9073449501526,806.0381963137477,return_cruise,"[11180764.204767855, 2560807.254017119, 273.0566101074219]","[11180757.18865617, 2560791.810255976, 273.0566101074219]",3,phase_transition+DEM_route_cell_boundary
319,806.0381963137477,807.1690476773427,return_cruise,"[11180757.18865617, 2560791.810255976, 273.0566101074219]","[11180750.17254448, 2560776.3664948326, 273.0566101074219]",3,phase_transition+DEM_route_cell_boundary
320,807.1690476773427,807.1939185466119,return_cruise,"[11180750.17254448, 2560776.3664948326, 273.0566101074219]","[11180750.018238794, 2560776.0268394393, 273.0566101074219]",3,phase_transition+DEM_route_cell_boundary
321,807.1939185466119,807.2187894158811,return_cruise,"[11180750.018238794, 2560776.0268394393, 273.0566101074219]","[11180749.863933105, 2560775.687184046, 273.0566101074219]",3,phase_transition+DEM_route_cell_boundary
322,807.2187894158811,808.3247699102216,return_cruise,"[11180749.863933105, 2560775.687184046, 273.0566101074219]","[11180743.002127104, 2560760.583078296, 273.0566101074219]",3,phase_transition+DEM_route_cell_boundary
323,808.3247699102216,809.430750404562,return_cruise,"[11180743.002127104, 2560760.583078296, 273.0566101074219]","[11180736.140321104, 2560745.4789725454, 273.0566101074219]",3,phase_transition+DEM_route_cell_boundary
324,809.430750404562,810.5616017681716,return_cruise,"[11180736.140321104, 2560745.4789725454, 273.0566101074219]","[11180729.124209415, 2560730.035211401, 273.0566101074219]",3,phase_transition+DEM_route_cell_boundary
325,810.5616017681716,811.6924531317811,return_cruise,"[11180729.124209415, 2560730.035211401, 273.0566101074219]","[11180722.108097728, 2560714.591450258, 273.0566101074219]",3,phase_transition+DEM_route_cell_boundary
326,811.6924531317811,811.7468096976099,return_cruise,"[11180722.108097728, 2560714.591450258, 273.0566101074219]","[11180721.7708547, 2560713.8491159016, 273.0566101074219]",3,phase_transition+DEM_route_cell_boundary
327,811.7468096976099,811.8011662634387,return_cruise,"[11180721.7708547, 2560713.8491159016, 273.0566101074219]","[11180721.433611674, 2560713.106781545, 273.0566101074219]",3,phase_transition+DEM_route_cell_boundary
328,811.8011662634387,812.877661061205,return_cruise,"[11180721.433611674, 2560713.106781545, 273.0566101074219]","[11180714.754743012, 2560698.4053547583, 273.0566101074219]",3,phase_transition+DEM_route_cell_boundary
329,812.877661061205,813.9541558589713,return_cruise,"[11180714.754743012, 2560698.4053547583, 273.0566101074219]","[11180708.075874353, 2560683.703927971, 273.0566101074219]",3,phase_transition+DEM_route_cell_boundary
330,813.9541558589713,815.0850072225953,return_cruise,"[11180708.075874353, 2560683.703927971, 273.0566101074219]","[11180701.059762662, 2560668.2601668276, 273.0566101074219]",3,phase_transition+DEM_route_cell_boundary
331,815.0850072225953,816.2158585862194,return_cruise,"[11180701.059762662, 2560668.2601668276, 273.0566101074219]","[11180694.043650975, 2560652.8164056838, 273.0566101074219]",3,phase_transition+DEM_route_cell_boundary
332,816.2158585862194,816.2997008486078,return_cruise,"[11180694.043650975, 2560652.8164056838, 273.0566101074219]","[11180693.523470609, 2560651.671392364, 273.0566101074219]",3,phase_transition+DEM_route_cell_boundary
333,816.2997008486078,816.3835431109962,return_cruise,"[11180693.523470609, 2560651.671392364, 273.0566101074219]","[11180693.003290242, 2560650.5263790437, 273.0566101074219]",3,phase_transition+DEM_route_cell_boundary
334,816.3835431109962,817.4305522122029,return_cruise,"[11180693.003290242, 2560650.5263790437, 273.0566101074219]","[11180686.50735892, 2560636.2276312206, 273.0566101074219]",3,phase_transition+DEM_route_cell_boundary
335,817.4305522122029,818.4775613134096,return_cruise,"[11180686.50735892, 2560636.2276312206, 273.0566101074219]","[11180680.0114276, 2560621.928883397, 273.0566101074219]",3,phase_transition+DEM_route_cell_boundary
336,818.4775613134096,819.6084126770047,return_cruise,"[11180680.0114276, 2560621.928883397, 273.0566101074219]","[11180672.995315911, 2560606.485122253, 273.0566101074219]",3,phase_transition+DEM_route_cell_boundary
337,819.6084126770047,820.7392640405998,return_cruise,"[11180672.995315911, 2560606.485122253, 273.0566101074219]","[11180665.979204223, 2560591.0413611103, 273.0566101074219]",3,phase_transition+DEM_route_cell_boundary
338,820.7392640405998,820.8525919994595,return_cruise,"[11180665.979204223, 2560591.0413611103, 273.0566101074219]","[11180665.276086519, 2560589.4936688277, 273.0566101074219]",3,phase_transition+DEM_route_cell_boundary
339,820.8525919994595,820.9659199583192,return_cruise,"[11180665.276086519, 2560589.4936688277, 273.0566101074219]","[11180664.57296881, 2560587.945976546, 273.0566101074219]",3,phase_transition+DEM_route_cell_boundary
340,820.9659199583192,821.9834433630836,return_cruise,"[11180664.57296881, 2560587.945976546, 273.0566101074219]","[11180658.25997483, 2560574.049907684, 273.0566101074219]",3,phase_transition+DEM_route_cell_boundary
341,821.9834433630836,823.0009667678478,return_cruise,"[11180658.25997483, 2560574.049907684, 273.0566101074219]","[11180651.946980847, 2560560.1538388226, 273.0566101074219]",3,phase_transition+DEM_route_cell_boundary
342,823.0009667678478,824.1318181314429,return_cruise,"[11180651.946980847, 2560560.1538388226, 273.0566101074219]","[11180644.930869158, 2560544.710077679, 273.0566101074219]",3,phase_transition+DEM_route_cell_boundary
343,824.1318181314429,825.2626694950379,return_cruise,"[11180644.930869158, 2560544.710077679, 273.0566101074219]","[11180637.914757472, 2560529.2663165354, 273.0566101074219]",3,phase_transition+DEM_route_cell_boundary
344,825.2626694950379,825.4054831504573,return_cruise,"[11180637.914757472, 2560529.2663165354, 273.0566101074219]","[11180637.028702427, 2560527.31594529, 273.0566101074219]",3,phase_transition+DEM_route_cell_boundary
345,825.4054831504573,825.5482968058766,return_cruise,"[11180637.028702427, 2560527.31594529, 273.0566101074219]","[11180636.142647378, 2560525.3655740446, 273.0566101074219]",3,phase_transition+DEM_route_cell_boundary
346,825.5482968058766,826.5363345140668,return_cruise,"[11180636.142647378, 2560525.3655740446, 273.0566101074219]","[11180630.012590738, 2560511.8721841467, 273.0566101074219]",3,phase_transition+DEM_route_cell_boundary
347,826.5363345140668,827.5243722222569,return_cruise,"[11180630.012590738, 2560511.8721841467, 273.0566101074219]","[11180623.882534096, 2560498.378794248, 273.0566101074219]",3,phase_transition+DEM_route_cell_boundary
348,827.5243722222569,828.6552235858666,return_cruise,"[11180623.882534096, 2560498.378794248, 273.0566101074219]","[11180616.866422407, 2560482.935033105, 273.0566101074219]",3,phase_transition+DEM_route_cell_boundary
349,828.6552235858666,829.7860749494761,return_cruise,"[11180616.866422407, 2560482.935033105, 273.0566101074219]","[11180609.850310719, 2560467.491271961, 273.0566101074219]",3,phase_transition+DEM_route_cell_boundary
350,829.7860749494761,829.958374301455,return_cruise,"[11180609.850310719, 2560467.491271961, 273.0566101074219]","[11180608.781318333, 2560465.1382217524, 273.0566101074219]",3,phase_transition+DEM_route_cell_boundary
351,829.958374301455,830.130673653434,return_cruise,"[11180608.781318333, 2560465.1382217524, 273.0566101074219]","[11180607.712325947, 2560462.7851715437, 273.0566101074219]",3,phase_transition+DEM_route_cell_boundary
352,830.130673653434,831.0892256650501,return_cruise,"[11180607.712325947, 2560462.7851715437, 273.0566101074219]","[11180601.765206644, 2560449.694460609, 273.0566101074219]",3,phase_transition+DEM_route_cell_boundary
353,831.0892256650501,832.0477776766662,return_cruise,"[11180601.765206644, 2560449.694460609, 273.0566101074219]","[11180595.818087343, 2560436.6037496747, 273.0566101074219]",3,phase_transition+DEM_route_cell_boundary
354,832.0477776766662,833.1786290402903,return_cruise,"[11180595.818087343, 2560436.6037496747, 273.0566101074219]","[11180588.801975656, 2560421.1599885304, 273.0566101074219]",3,phase_transition+DEM_route_cell_boundary
355,833.1786290402903,834.3094804039143,return_cruise,"[11180588.801975656, 2560421.1599885304, 273.0566101074219]","[11180581.785863966, 2560405.716227387, 273.0566101074219]",3,phase_transition+DEM_route_cell_boundary
356,834.3094804039143,834.5112654523357,return_cruise,"[11180581.785863966, 2560405.716227387, 273.0566101074219]","[11180580.533934241, 2560402.9604982166, 273.0566101074219]",3,phase_transition+DEM_route_cell_boundary
357,834.5112654523357,834.713050500757,return_cruise,"[11180580.533934241, 2560402.9604982166, 273.0566101074219]","[11180579.282004517, 2560400.204769046, 273.0566101074219]",3,phase_transition+DEM_route_cell_boundary
358,834.713050500757,835.6421168159308,return_cruise,"[11180579.282004517, 2560400.204769046, 273.0566101074219]","[11180573.517822554, 2560387.516737073, 273.0566101074219]",3,phase_transition+DEM_route_cell_boundary
359,835.6421168159308,836.5711831311045,return_cruise,"[11180573.517822554, 2560387.516737073, 273.0566101074219]","[11180567.75364059, 2560374.8287051, 273.0566101074219]",3,phase_transition+DEM_route_cell_boundary
360,836.5711831311045,837.7020344946995,return_cruise,"[11180567.75364059, 2560374.8287051, 273.0566101074219]","[11180560.737528902, 2560359.384943957, 273.0566101074219]",3,phase_transition+DEM_route_cell_boundary
361,837.7020344946995,838.8328858582946,return_cruise,"[11180560.737528902, 2560359.384943957, 273.0566101074219]","[11180553.721417215, 2560343.941182813, 273.0566101074219]",3,phase_transition+DEM_route_cell_boundary
362,838.8328858582946,839.0641566033046,return_cruise,"[11180553.721417215, 2560343.941182813, 273.0566101074219]","[11180552.28655015, 2560340.7827746794, 273.0566101074219]",3,phase_transition+DEM_route_cell_boundary
363,839.0641566033046,839.2954273483144,return_cruise,"[11180552.28655015, 2560340.7827746794, 273.0566101074219]","[11180550.851683084, 2560337.6243665447, 273.0566101074219]",3,phase_transition+DEM_route_cell_boundary
364,839.2954273483144,840.1950079669285,return_cruise,"[11180550.851683084, 2560337.6243665447, 273.0566101074219]","[11180545.270438462, 2560325.339013535, 273.0566101074219]",3,phase_transition+DEM_route_cell_boundary
365,840.1950079669285,841.0945885855426,return_cruise,"[11180545.270438462, 2560325.339013535, 273.0566101074219]","[11180539.68919384, 2560313.0536605255, 273.0566101074219]",3,phase_transition+DEM_route_cell_boundary
366,841.0945885855426,842.2254399491377,return_cruise,"[11180539.68919384, 2560313.0536605255, 273.0566101074219]","[11180532.673082149, 2560297.609899382, 273.0566101074219]",3,phase_transition+DEM_route_cell_boundary
367,842.2254399491377,843.3562913127328,return_cruise,"[11180532.673082149, 2560297.609899382, 273.0566101074219]","[11180525.656970462, 2560282.1661382387, 273.0566101074219]",3,phase_transition+DEM_route_cell_boundary
368,843.3562913127328,843.6170477543022,return_cruise,"[11180525.656970462, 2560282.1661382387, 273.0566101074219]","[11180524.039166057, 2560278.605051141, 273.0566101074219]",3,phase_transition+DEM_route_cell_boundary
369,843.6170477543022,843.8778041958717,return_cruise,"[11180524.039166057, 2560278.605051141, 273.0566101074219]","[11180522.421361651, 2560275.0439640437, 273.0566101074219]",3,phase_transition+DEM_route_cell_boundary
370,843.8778041958717,844.7478991178973,return_cruise,"[11180522.421361651, 2560275.0439640437, 273.0566101074219]","[11180517.02305437, 2560263.161289998, 273.0566101074219]",3,phase_transition+DEM_route_cell_boundary
371,844.7478991178973,845.6179940399229,return_cruise,"[11180517.02305437, 2560263.161289998, 273.0566101074219]","[11180511.624747086, 2560251.278615952, 273.0566101074219]",3,phase_transition+DEM_route_cell_boundary
372,845.6179940399229,846.748845403547,return_cruise,"[11180511.624747086, 2560251.278615952, 273.0566101074219]","[11180504.6086354, 2560235.834854808, 273.0566101074219]",3,phase_transition+DEM_route_cell_boundary
373,846.748845403547,847.879696767171,return_cruise,"[11180504.6086354, 2560235.834854808, 273.0566101074219]","[11180497.59252371, 2560220.3910936643, 273.0566101074219]",3,phase_transition+DEM_route_cell_boundary
374,847.879696767171,848.1699389051829,return_cruise,"[11180497.59252371, 2560220.3910936643, 273.0566101074219]","[11180495.791781964, 2560216.427327605, 273.0566101074219]",3,phase_transition+DEM_route_cell_boundary
375,848.1699389051829,848.4601810431948,return_cruise,"[11180495.791781964, 2560216.427327605, 273.0566101074219]","[11180493.991040222, 2560212.4635615456, 273.0566101074219]",3,phase_transition+DEM_route_cell_boundary
376,848.4601810431948,849.300790268778,return_cruise,"[11180493.991040222, 2560212.4635615456, 273.0566101074219]","[11180488.775670279, 2560200.9835664616, 273.0566101074219]",3,phase_transition+DEM_route_cell_boundary
377,849.300790268778,850.1413994943612,return_cruise,"[11180488.775670279, 2560200.9835664616, 273.0566101074219]","[11180483.560300333, 2560189.5035713776, 273.0566101074219]",3,phase_transition+DEM_route_cell_boundary
378,850.1413994943612,851.2722508579707,return_cruise,"[11180483.560300333, 2560189.5035713776, 273.0566101074219]","[11180476.544188645, 2560174.0598102342, 273.0566101074219]",3,phase_transition+DEM_route_cell_boundary
379,851.2722508579707,852.4031022215803,return_cruise,"[11180476.544188645, 2560174.0598102342, 273.0566101074219]","[11180469.52807696, 2560158.6160490904, 273.0566101074219]",3,phase_transition+DEM_route_cell_boundary
380,852.4031022215803,852.7228300562836,return_cruise,"[11180469.52807696, 2560158.6160490904, 273.0566101074219]","[11180467.544397872, 2560154.2496040654, 273.0566101074219]",3,phase_transition+DEM_route_cell_boundary
381,852.7228300562836,853.0425578909867,return_cruise,"[11180467.544397872, 2560154.2496040654, 273.0566101074219]","[11180465.560718788, 2560149.8831590414, 273.0566101074219]",3,phase_transition+DEM_route_cell_boundary
382,853.0425578909867,853.8536814198931,return_cruise,"[11180465.560718788, 2560149.8831590414, 273.0566101074219]","[11180460.528286185, 2560138.8058429225, 273.0566101074219]",3,phase_transition+DEM_route_cell_boundary
383,853.8536814198931,854.6648049487994,return_cruise,"[11180460.528286185, 2560138.8058429225, 273.0566101074219]","[11180455.495853582, 2560127.728526803, 273.0566101074219]",3,phase_transition+DEM_route_cell_boundary
384,854.6648049487994,855.7956563123945,return_cruise,"[11180455.495853582, 2560127.728526803, 273.0566101074219]","[11180448.479741894, 2560112.28476566, 273.0566101074219]",3,phase_transition+DEM_route_cell_boundary
385,855.7956563123945,856.9265076759896,return_cruise,"[11180448.479741894, 2560112.28476566, 273.0566101074219]","[11180441.463630205, 2560096.8410045165, 273.0566101074219]",3,phase_transition+DEM_route_cell_boundary
386,856.9265076759896,857.2757212071497,return_cruise,"[11180441.463630205, 2560096.8410045165, 273.0566101074219]","[11180439.29701378, 2560092.07188053, 273.0566101074219]",3,phase_transition+DEM_route_cell_boundary
387,857.2757212071497,857.6249347383098,return_cruise,"[11180439.29701378, 2560092.07188053, 273.0566101074219]","[11180437.130397357, 2560087.3027565437, 273.0566101074219]",3,phase_transition+DEM_route_cell_boundary
388,857.6249347383098,858.4065725707737,return_cruise,"[11180437.130397357, 2560087.3027565437, 273.0566101074219]","[11180432.280902095, 2560076.6281193863, 273.0566101074219]",3,phase_transition+DEM_route_cell_boundary
389,858.4065725707737,859.1882104032377,return_cruise,"[11180432.280902095, 2560076.6281193863, 273.0566101074219]","[11180427.431406828, 2560065.953482229, 273.0566101074219]",3,phase_transition+DEM_route_cell_boundary
390,859.1882104032377,860.3190617668328,return_cruise,"[11180427.431406828, 2560065.953482229, 273.0566101074219]","[11180420.415295143, 2560050.5097210854, 273.0566101074219]",3,phase_transition+DEM_route_cell_boundary
391,860.3190617668328,861.4499131304278,return_cruise,"[11180420.415295143, 2560050.5097210854, 273.0566101074219]","[11180413.399183452, 2560035.065959942, 273.0566101074219]",3,phase_transition+DEM_route_cell_boundary
392,861.4499131304278,861.8286123580303,return_cruise,"[11180413.399183452, 2560035.065959942, 273.0566101074219]","[11180411.04962969, 2560029.894156994, 273.0566101074219]",3,phase_transition+DEM_route_cell_boundary
393,861.8286123580303,862.2073115856329,return_cruise,"[11180411.04962969, 2560029.894156994, 273.0566101074219]","[11180408.700075926, 2560024.7223540456, 273.0566101074219]",3,phase_transition+DEM_route_cell_boundary
394,862.2073115856329,862.9594637216254,return_cruise,"[11180408.700075926, 2560024.7223540456, 273.0566101074219]","[11180404.033518003, 2560014.4503958505, 273.0566101074219]",3,phase_transition+DEM_route_cell_boundary
395,862.9594637216254,863.7116158576181,return_cruise,"[11180404.033518003, 2560014.4503958505, 273.0566101074219]","[11180399.366960078, 2560004.1784376553, 273.0566101074219]",3,phase_transition+DEM_route_cell_boundary
396,863.7116158576181,864.8424672212421,return_cruise,"[11180399.366960078, 2560004.1784376553, 273.0566101074219]","[11180392.35084839, 2559988.7346765115, 273.0566101074219]",3,phase_transition+DEM_route_cell_boundary
397,864.8424672212421,865.9733185848662,return_cruise,"[11180392.35084839, 2559988.7346765115, 273.0566101074219]","[11180385.334736701, 2559973.2909153677, 273.0566101074219]",3,phase_transition+DEM_route_cell_boundary
398,865.9733185848662,866.3815035091455,return_cruise,"[11180385.334736701, 2559973.2909153677, 273.0566101074219]","[11180382.802245598, 2559967.7164334543, 273.0566101074219]",3,phase_transition+DEM_route_cell_boundary
399,866.3815035091455,866.7896884334249,return_cruise,"[11180382.802245598, 2559967.7164334543, 273.0566101074219]","[11180380.269754494, 2559962.1419515414, 273.0566101074219]",3,phase_transition+DEM_route_cell_boundary
400,866.7896884334249,867.5123548727407,return_cruise,"[11180380.269754494, 2559962.1419515414, 273.0566101074219]","[11180375.78613391, 2559952.272672311, 273.0566101074219]",3,phase_transition+DEM_route_cell_boundary
401,867.5123548727407,868.2350213120566,return_cruise,"[11180375.78613391, 2559952.272672311, 273.0566101074219]","[11180371.302513326, 2559942.403393081, 273.0566101074219]",3,phase_transition+DEM_route_cell_boundary
402,868.2350213120566,869.3658726756661,return_cruise,"[11180371.302513326, 2559942.403393081, 273.0566101074219]","[11180364.286401637, 2559926.959631937, 273.0566101074219]",3,phase_transition+DEM_route_cell_boundary
403,869.3658726756661,870.4967240392757,return_cruise,"[11180364.286401637, 2559926.959631937, 273.0566101074219]","[11180357.270289948, 2559911.5158707937, 273.0566101074219]",3,phase_transition+DEM_route_cell_boundary
404,870.4967240392757,870.9343946600119,return_cruise,"[11180357.270289948, 2559911.5158707937, 273.0566101074219]","[11180354.554861505, 2559905.538709919, 273.0566101074219]",3,phase_transition+DEM_route_cell_boundary
405,870.9343946600119,871.3720652807481,return_cruise,"[11180354.554861505, 2559905.538709919, 273.0566101074219]","[11180351.839433063, 2559899.561549043, 273.0566101074219]",3,phase_transition+DEM_route_cell_boundary
406,871.3720652807481,872.0652460236215,return_cruise,"[11180351.839433063, 2559899.561549043, 273.0566101074219]","[11180347.538749818, 2559890.0949487747, 273.0566101074219]",3,phase_transition+DEM_route_cell_boundary
407,872.0652460236215,872.758426766495,return_cruise,"[11180347.538749818, 2559890.0949487747, 273.0566101074219]","[11180343.238066573, 2559880.6283485065, 273.0566101074219]",3,phase_transition+DEM_route_cell_boundary
408,872.758426766495,873.88927813009,return_cruise,"[11180343.238066573, 2559880.6283485065, 273.0566101074219]","[11180336.221954884, 2559865.184587363, 273.0566101074219]",3,phase_transition+DEM_route_cell_boundary
409,873.88927813009,875.0201294936851,return_cruise,"[11180336.221954884, 2559865.184587363, 273.0566101074219]","[11180329.205843197, 2559849.74082622, 273.0566101074219]",3,phase_transition+DEM_route_cell_boundary
410,875.0201294936851,875.4872858108781,return_cruise,"[11180329.205843197, 2559849.74082622, 273.0566101074219]","[11180326.307477415, 2559843.3609863827, 273.0566101074219]",3,phase_transition+DEM_route_cell_boundary
411,875.4872858108781,875.9544421280712,return_cruise,"[11180326.307477415, 2559843.3609863827, 273.0566101074219]","[11180323.409111632, 2559836.981146545, 273.0566101074219]",3,phase_transition+DEM_route_cell_boundary
412,875.9544421280712,876.6181371745022,return_cruise,"[11180323.409111632, 2559836.981146545, 273.0566101074219]","[11180319.291365726, 2559827.917225239, 273.0566101074219]",3,phase_transition+DEM_route_cell_boundary
413,876.6181371745022,877.2818322209332,return_cruise,"[11180319.291365726, 2559827.917225239, 273.0566101074219]","[11180315.17361982, 2559818.853303932, 273.0566101074219]",3,phase_transition+DEM_route_cell_boundary
414,877.2818322209332,878.4126835845283,return_cruise,"[11180315.17361982, 2559818.853303932, 273.0566101074219]","[11180308.157508131, 2559803.4095427888, 273.0566101074219]",3,phase_transition+DEM_route_cell_boundary
415,878.4126835845283,879.5435349481234,return_cruise,"[11180308.157508131, 2559803.4095427888, 273.0566101074219]","[11180301.141396446, 2559787.9657816454, 273.0566101074219]",3,phase_transition+DEM_route_cell_boundary
416,879.5435349481234,880.0401769619932,return_cruise,"[11180301.141396446, 2559787.9657816454, 273.0566101074219]","[11180298.06009332, 2559781.1832628436, 273.0566101074219]",3,phase_transition+DEM_route_cell_boundary
417,880.0401769619932,880.5368189758631,return_cruise,"[11180298.06009332, 2559781.1832628436, 273.0566101074219]","[11180294.978790198, 2559774.400744041, 273.0566101074219]",3,phase_transition+DEM_route_cell_boundary
418,880.5368189758631,881.1710283255883,return_cruise,"[11180294.978790198, 2559774.400744041, 273.0566101074219]","[11180291.043981634, 2559765.7395017, 273.0566101074219]",3,phase_transition+DEM_route_cell_boundary
419,881.1710283255883,881.8052376753135,return_cruise,"[11180291.043981634, 2559765.7395017, 273.0566101074219]","[11180287.109173069, 2559757.0782593586, 273.0566101074219]",3,phase_transition+DEM_route_cell_boundary
420,881.8052376753135,882.9360890389376,return_cruise,"[11180287.109173069, 2559757.0782593586, 273.0566101074219]","[11180280.093061382, 2559741.634498215, 273.0566101074219]",3,phase_transition+DEM_route_cell_boundary
421,882.9360890389376,884.0669404025616,return_cruise,"[11180280.093061382, 2559741.634498215, 273.0566101074219]","[11180273.076949691, 2559726.190737071, 273.0566101074219]",3,phase_transition+DEM_route_cell_boundary
422,884.0669404025616,884.5930681128739,return_cruise,"[11180273.076949691, 2559726.190737071, 273.0566101074219]","[11180269.81270923, 2559719.0055393074, 273.0566101074219]",3,phase_transition+DEM_route_cell_boundary
423,884.5930681128739,885.1191958231861,return_cruise,"[11180269.81270923, 2559719.0055393074, 273.0566101074219]","[11180266.548468769, 2559711.8203415433, 273.0566101074219]",3,phase_transition+DEM_route_cell_boundary
424,885.1191958231861,885.723919476469,return_cruise,"[11180266.548468769, 2559711.8203415433, 273.0566101074219]","[11180262.79659754, 2559703.5617781635, 273.0566101074219]",3,phase_transition+DEM_route_cell_boundary
425,885.723919476469,886.3286431297518,return_cruise,"[11180262.79659754, 2559703.5617781635, 273.0566101074219]","[11180259.044726316, 2559695.3032147842, 273.0566101074219]",3,phase_transition+DEM_route_cell_boundary
426,886.3286431297518,887.4594944933468,return_cruise,"[11180259.044726316, 2559695.3032147842, 273.0566101074219]","[11180252.028614629, 2559679.8594536404, 273.0566101074219]",3,phase_transition+DEM_route_cell_boundary
427,887.4594944933468,888.5903458569419,return_cruise,"[11180252.028614629, 2559679.8594536404, 273.0566101074219]","[11180245.012502939, 2559664.415692497, 273.0566101074219]",3,phase_transition+DEM_route_cell_boundary
428,888.5903458569419,889.1459592637254,return_cruise,"[11180245.012502939, 2559664.415692497, 273.0566101074219]","[11180241.56532514, 2559656.827815771, 273.0566101074219]",3,phase_transition+DEM_route_cell_boundary
429,889.1459592637254,889.701572670509,return_cruise,"[11180241.56532514, 2559656.827815771, 273.0566101074219]","[11180238.118147338, 2559649.239939045, 273.0566101074219]",3,phase_transition+DEM_route_cell_boundary
430,889.701572670509,890.2768106273494,return_cruise,"[11180238.118147338, 2559649.239939045, 273.0566101074219]","[11180234.54921345, 2559641.3840546273, 273.0566101074219]",3,phase_transition+DEM_route_cell_boundary
431,890.2768106273494,890.8520485841898,return_cruise,"[11180234.54921345, 2559641.3840546273, 273.0566101074219]","[11180230.980279565, 2559633.52817021, 273.0566101074219]",3,phase_transition+DEM_route_cell_boundary
432,890.8520485841898,891.9828999477849,return_cruise,"[11180230.980279565, 2559633.52817021, 273.0566101074219]","[11180223.964167876, 2559618.0844090665, 273.0566101074219]",3,phase_transition+DEM_route_cell_boundary
433,891.9828999477849,893.1137513113799,return_cruise,"[11180223.964167876, 2559618.0844090665, 273.0566101074219]","[11180216.948056187, 2559602.6406479226, 273.0566101074219]",3,phase_transition+DEM_route_cell_boundary
434,893.1137513113799,893.6988504148403,return_cruise,"[11180216.948056187, 2559602.6406479226, 273.0566101074219]","[11180213.317941045, 2559594.650092232, 273.0566101074219]",3,phase_transition+DEM_route_cell_boundary
435,893.6988504148403,894.2839495183007,return_cruise,"[11180213.317941045, 2559594.650092232, 273.0566101074219]","[11180209.687825903, 2559586.659536541, 273.0566101074219]",3,phase_transition+DEM_route_cell_boundary
436,894.2839495183007,894.8297017784498,return_cruise,"[11180209.687825903, 2559586.659536541, 273.0566101074219]","[11180206.301829357, 2559579.206331088, 273.0566101074219]",3,phase_transition+DEM_route_cell_boundary
437,894.8297017784498,895.375454038599,return_cruise,"[11180206.301829357, 2559579.206331088, 273.0566101074219]","[11180202.915832812, 2559571.753125636, 273.0566101074219]",3,phase_transition+DEM_route_cell_boundary
438,895.375454038599,896.5063054022086,return_cruise,"[11180202.915832812, 2559571.753125636, 273.0566101074219]","[11180195.899721123, 2559556.309364492, 273.0566101074219]",3,phase_transition+DEM_route_cell_boundary
439,896.5063054022086,897.6371567658182,return_cruise,"[11180195.899721123, 2559556.309364492, 273.0566101074219]","[11180188.883609435, 2559540.8656033487, 273.0566101074219]",3,phase_transition+DEM_route_cell_boundary
440,897.6371567658182,898.251741565721,return_cruise,"[11180188.883609435, 2559540.8656033487, 273.0566101074219]","[11180185.070556955, 2559532.472368696, 273.0566101074219]",3,phase_transition+DEM_route_cell_boundary
441,898.251741565721,898.8663263656238,return_cruise,"[11180185.070556955, 2559532.472368696, 273.0566101074219]","[11180181.257504473, 2559524.079134043, 273.0566101074219]",3,phase_transition+DEM_route_cell_boundary
442,898.8663263656238,899.382592929316,return_cruise,"[11180181.257504473, 2559524.079134043, 273.0566101074219]","[11180178.054445267, 2559517.0286075524, 273.0566101074219]",3,phase_transition+DEM_route_cell_boundary
443,899.382592929316,899.8988594930083,return_cruise,"[11180178.054445267, 2559517.0286075524, 273.0566101074219]","[11180174.85138606, 2559509.9780810615, 273.0566101074219]",3,phase_transition+DEM_route_cell_boundary
444,899.8988594930083,901.0297108566324,return_cruise,"[11180174.85138606, 2559509.9780810615, 273.0566101074219]","[11180167.83527437, 2559494.5343199177, 273.0566101074219]",3,phase_transition+DEM_route_cell_boundary
445,901.0297108566324,902.1605622202565,return_cruise,"[11180167.83527437, 2559494.5343199177, 273.0566101074219]","[11180160.819162684, 2559479.0905587743, 273.0566101074219]",3,phase_transition+DEM_route_cell_boundary
446,902.1605622202565,902.8046327166016,return_cruise,"[11180160.819162684, 2559479.0905587743, 273.0566101074219]","[11180156.823172864, 2559470.29464516, 273.0566101074219]",3,phase_transition+DEM_route_cell_boundary
447,902.8046327166016,903.4487032129468,return_cruise,"[11180156.823172864, 2559470.29464516, 273.0566101074219]","[11180152.827183044, 2559461.498731545, 273.0566101074219]",3,phase_transition+DEM_route_cell_boundary
448,903.4487032129468,903.9354840801967,return_cruise,"[11180152.827183044, 2559461.498731545, 273.0566101074219]","[11180149.807061175, 2559454.850884016, 273.0566101074219]",3,phase_transition+DEM_route_cell_boundary
449,903.9354840801967,904.4222649474466,return_cruise,"[11180149.807061175, 2559454.850884016, 273.0566101074219]","[11180146.786939308, 2559448.203036487, 273.0566101074219]",3,phase_transition+DEM_route_cell_boundary
450,904.4222649474466,905.5531163110417,return_cruise,"[11180146.786939308, 2559448.203036487, 273.0566101074219]","[11180139.77082762, 2559432.7592753437, 273.0566101074219]",3,phase_transition+DEM_route_cell_boundary
451,905.5531163110417,906.6839676746367,return_cruise,"[11180139.77082762, 2559432.7592753437, 273.0566101074219]","[11180132.75471593, 2559417.3155142004, 273.0566101074219]",3,phase_transition+DEM_route_cell_boundary
452,906.6839676746367,907.3575238676877,return_cruise,"[11180132.75471593, 2559417.3155142004, 273.0566101074219]","[11180128.57578877, 2559408.1169216204, 273.0566101074219]",3,phase_transition+DEM_route_cell_boundary
453,907.3575238676877,908.0310800607388,return_cruise,"[11180128.57578877, 2559408.1169216204, 273.0566101074219]","[11180124.39686161, 2559398.9183290405, 273.0566101074219]",3,phase_transition+DEM_route_cell_boundary
454,908.0310800607388,908.4883752313118,return_cruise,"[11180124.39686161, 2559398.9183290405, 273.0566101074219]","[11180121.559677081, 2559392.6731604766, 273.0566101074219]",3,phase_transition+DEM_route_cell_boundary
455,908.4883752313118,908.9456704018849,return_cruise,"[11180121.559677081, 2559392.6731604766, 273.0566101074219]","[11180118.722492553, 2559386.427991913, 273.0566101074219]",3,phase_transition+DEM_route_cell_boundary
456,908.9456704018849,910.0765217654799,return_cruise,"[11180118.722492553, 2559386.427991913, 273.0566101074219]","[11180111.706380868, 2559370.9842307693, 273.0566101074219]",3,phase_transition+DEM_route_cell_boundary
457,910.0765217654799,911.207373129075,return_cruise,"[11180111.706380868, 2559370.9842307693, 273.0566101074219]","[11180104.69026918, 2559355.540469626, 273.0566101074219]",3,phase_transition+DEM_route_cell_boundary
458,911.207373129075,911.9104150185683,return_cruise,"[11180104.69026918, 2559355.540469626, 273.0566101074219]","[11180100.32840468, 2559345.939198084, 273.0566101074219]",3,phase_transition+DEM_route_cell_boundary
459,911.9104150185683,912.6134569080617,return_cruise,"[11180100.32840468, 2559345.939198084, 273.0566101074219]","[11180095.966540178, 2559336.337926543, 273.0566101074219]",3,phase_transition+DEM_route_cell_boundary
460,912.6134569080617,913.0412663821779,return_cruise,"[11180095.966540178, 2559336.337926543, 273.0566101074219]","[11180093.312292991, 2559330.4954369413, 273.0566101074219]",3,phase_transition+DEM_route_cell_boundary
461,913.0412663821779,913.4690758562941,return_cruise,"[11180093.312292991, 2559330.4954369413, 273.0566101074219]","[11180090.658045802, 2559324.6529473388, 273.0566101074219]",3,phase_transition+DEM_route_cell_boundary
462,913.4690758562941,914.5999272199037,return_cruise,"[11180090.658045802, 2559324.6529473388, 273.0566101074219]","[11180083.641934115, 2559309.209186196, 273.0566101074219]",3,phase_transition+DEM_route_cell_boundary
463,914.5999272199037,915.7307785835134,return_cruise,"[11180083.641934115, 2559309.209186196, 273.0566101074219]","[11180076.625822427, 2559293.7654250516, 273.0566101074219]",3,phase_transition+DEM_route_cell_boundary
464,915.7307785835134,916.4633061694492,return_cruise,"[11180076.625822427, 2559293.7654250516, 273.0566101074219]","[11180072.081020588, 2559283.7614745484, 273.0566101074219]",3,phase_transition+DEM_route_cell_boundary
465,916.4633061694492,917.1958337553849,return_cruise,"[11180072.081020588, 2559283.7614745484, 273.0566101074219]","[11180067.536218746, 2559273.7575240447, 273.0566101074219]",3,phase_transition+DEM_route_cell_boundary
466,917.1958337553849,917.5941575330443,return_cruise,"[11180067.536218746, 2559273.7575240447, 273.0566101074219]","[11180065.0649089, 2559268.317713405, 273.0566101074219]",3,phase_transition+DEM_route_cell_boundary
467,917.5941575330443,917.9924813107036,return_cruise,"[11180065.0649089, 2559268.317713405, 273.0566101074219]","[11180062.593599051, 2559262.877902765, 273.0566101074219]",3,phase_transition+DEM_route_cell_boundary
468,917.9924813107036,919.1233326743277,return_cruise,"[11180062.593599051, 2559262.877902765, 273.0566101074219]","[11180055.577487363, 2559247.434141621, 273.0566101074219]",3,phase_transition+DEM_route_cell_boundary
469,919.1233326743277,920.2541840379517,return_cruise,"[11180055.577487363, 2559247.434141621, 273.0566101074219]","[11180048.561375674, 2559231.990380477, 273.0566101074219]",3,phase_transition+DEM_route_cell_boundary
470,920.2541840379517,921.0161973205644,return_cruise,"[11180048.561375674, 2559231.990380477, 273.0566101074219]","[11180043.833636496, 2559221.583751009, 273.0566101074219]",3,phase_transition+DEM_route_cell_boundary
471,921.0161973205644,921.7782106031771,return_cruise,"[11180043.833636496, 2559221.583751009, 273.0566101074219]","[11180039.105897315, 2559211.177121541, 273.0566101074219]",3,phase_transition+DEM_route_cell_boundary
472,921.7782106031771,922.1470486841596,return_cruise,"[11180039.105897315, 2559211.177121541, 273.0566101074219]","[11180036.817524806, 2559206.139989866, 273.0566101074219]",3,phase_transition+DEM_route_cell_boundary
473,922.1470486841596,922.5158867651421,return_cruise,"[11180036.817524806, 2559206.139989866, 273.0566101074219]","[11180034.529152298, 2559201.102858191, 273.0566101074219]",3,phase_transition+DEM_route_cell_boundary
474,922.5158867651421,923.6467381287372,return_cruise,"[11180034.529152298, 2559201.102858191, 273.0566101074219]","[11180027.51304061, 2559185.659097047, 273.0566101074219]",3,phase_transition+DEM_route_cell_boundary
475,923.6467381287372,924.7775894923323,return_cruise,"[11180027.51304061, 2559185.659097047, 273.0566101074219]","[11180020.496928923, 2559170.2153359037, 273.0566101074219]",3,phase_transition+DEM_route_cell_boundary
476,924.7775894923323,925.5690884714162,return_cruise,"[11180020.496928923, 2559170.2153359037, 273.0566101074219]","[11180015.586252403, 2559159.406027473, 273.0566101074219]",3,phase_transition+DEM_route_cell_boundary
477,925.5690884714162,926.3605874505001,return_cruise,"[11180015.586252403, 2559159.406027473, 273.0566101074219]","[11180010.675575884, 2559148.5967190424, 273.0566101074219]",3,phase_transition+DEM_route_cell_boundary
478,926.3605874505001,926.6999398350403,return_cruise,"[11180010.675575884, 2559148.5967190424, 273.0566101074219]","[11180008.570140716, 2559143.9622663297, 273.0566101074219]",3,phase_transition+DEM_route_cell_boundary
479,926.6999398350403,927.0392922195804,return_cruise,"[11180008.570140716, 2559143.9622663297, 273.0566101074219]","[11180006.464705545, 2559139.327813616, 273.0566101074219]",3,phase_transition+DEM_route_cell_boundary
480,927.0392922195804,928.1701435831754,return_cruise,"[11180006.464705545, 2559139.327813616, 273.0566101074219]","[11179999.448593857, 2559123.884052473, 273.0566101074219]",3,phase_transition+DEM_route_cell_boundary
481,928.1701435831754,929.3009949467705,return_cruise,"[11179999.448593857, 2559123.884052473, 273.0566101074219]","[11179992.432482172, 2559108.4402913293, 273.0566101074219]",3,phase_transition+DEM_route_cell_boundary
482,929.3009949467705,930.1219796222969,return_cruise,"[11179992.432482172, 2559108.4402913293, 273.0566101074219]","[11179987.33886831, 2559097.228303937, 273.0566101074219]",3,phase_transition+DEM_route_cell_boundary
483,930.1219796222969,930.9429642978232,return_cruise,"[11179987.33886831, 2559097.228303937, 273.0566101074219]","[11179982.245254453, 2559086.0163165447, 273.0566101074219]",3,phase_transition+DEM_route_cell_boundary
484,930.9429642978232,931.2528309859065,return_cruise,"[11179982.245254453, 2559086.0163165447, 273.0566101074219]","[11179980.322756624, 2559081.7845427934, 273.0566101074219]",3,phase_transition+DEM_route_cell_boundary
485,931.2528309859065,931.5626976739898,return_cruise,"[11179980.322756624, 2559081.7845427934, 273.0566101074219]","[11179978.400258794, 2559077.552769042, 273.0566101074219]",3,phase_transition+DEM_route_cell_boundary
486,931.5626976739898,932.6935490375993,return_cruise,"[11179978.400258794, 2559077.552769042, 273.0566101074219]","[11179971.384147106, 2559062.1090078987, 273.0566101074219]",3,phase_transition+DEM_route_cell_boundary
487,932.6935490375993,933.8244004012089,return_cruise,"[11179971.384147106, 2559062.1090078987, 273.0566101074219]","[11179964.368035419, 2559046.665246755, 273.0566101074219]",3,phase_transition+DEM_route_cell_boundary
488,933.8244004012089,934.6748707734121,return_cruise,"[11179964.368035419, 2559046.665246755, 273.0566101074219]","[11179959.091484217, 2559035.0505803977, 273.0566101074219]",3,phase_transition+DEM_route_cell_boundary
489,934.6748707734121,935.5253411456152,return_cruise,"[11179959.091484217, 2559035.0505803977, 273.0566101074219]","[11179953.814933019, 2559023.43591404, 273.0566101074219]",3,phase_transition+DEM_route_cell_boundary
490,935.5253411456152,935.8057221370073,return_cruise,"[11179953.814933019, 2559023.43591404, 273.0566101074219]","[11179952.075372532, 2559019.6068192543, 273.0566101074219]",3,phase_transition+DEM_route_cell_boundary
491,935.8057221370073,936.0861031283991,return_cruise,"[11179952.075372532, 2559019.6068192543, 273.0566101074219]","[11179950.33581204, 2559015.777724468, 273.0566101074219]",3,phase_transition+DEM_route_cell_boundary
492,936.0861031283991,937.2169544920088,return_cruise,"[11179950.33581204, 2559015.777724468, 273.0566101074219]","[11179943.319700355, 2559000.3339633243, 273.0566101074219]",3,phase_transition+DEM_route_cell_boundary
493,937.2169544920088,938.3478058556183,return_cruise,"[11179943.319700355, 2559000.3339633243, 273.0566101074219]","[11179936.303588666, 2558984.890202181, 273.0566101074219]",3,phase_transition+DEM_route_cell_boundary
494,938.3478058556183,939.2277619242783,return_cruise,"[11179936.303588666, 2558984.890202181, 273.0566101074219]","[11179930.844100127, 2558972.872856862, 273.0566101074219]",3,phase_transition+DEM_route_cell_boundary
495,939.2277619242783,940.1077179929383,return_cruise,"[11179930.844100127, 2558972.872856862, 273.0566101074219]","[11179925.384611588, 2558960.8555115424, 273.0566101074219]",3,phase_transition+DEM_route_cell_boundary
496,940.1077179929383,940.3586132878878,return_cruise,"[11179925.384611588, 2558960.8555115424, 273.0566101074219]","[11179923.827988438, 2558957.429095718, 273.0566101074219]",3,phase_transition+DEM_route_cell_boundary
497,940.3586132878878,940.6095085828374,return_cruise,"[11179923.827988438, 2558957.429095718, 273.0566101074219]","[11179922.27136529, 2558954.0026798937, 273.0566101074219]",3,phase_transition+DEM_route_cell_boundary
498,940.6095085828374,941.7403599464325,return_cruise,"[11179922.27136529, 2558954.0026798937, 273.0566101074219]","[11179915.2552536, 2558938.5589187504, 273.0566101074219]",3,phase_transition+DEM_route_cell_boundary
499,941.7403599464325,942.8712113100275,return_cruise,"[11179915.2552536, 2558938.5589187504, 273.0566101074219]","[11179908.239141913, 2558923.115157607, 273.0566101074219]",3,phase_transition+DEM_route_cell_boundary
500,942.8712113100275,943.7806530752616,return_cruise,"[11179908.239141913, 2558923.115157607, 273.0566101074219]","[11179902.596716033, 2558910.6951333242, 273.0566101074219]",3,phase_transition+DEM_route_cell_boundary
501,943.7806530752616,944.6900948404957,return_cruise,"[11179902.596716033, 2558910.6951333242, 273.0566101074219]","[11179896.954290157, 2558898.2751090415, 273.0566101074219]",3,phase_transition+DEM_route_cell_boundary
502,944.6900948404957,944.9115044388857,return_cruise,"[11179896.954290157, 2558898.2751090415, 273.0566101074219]","[11179895.580604346, 2558895.2513721804, 273.0566101074219]",3,phase_transition+DEM_route_cell_boundary
503,944.9115044388857,945.1329140372756,return_cruise,"[11179895.580604346, 2558895.2513721804, 273.0566101074219]","[11179894.206918538, 2558892.2276353193, 273.0566101074219]",3,phase_transition+DEM_route_cell_boundary
504,945.1329140372756,946.2637654008706,return_cruise,"[11179894.206918538, 2558892.2276353193, 273.0566101074219]","[11179887.190806849, 2558876.783874176, 273.0566101074219]",3,phase_transition+DEM_route_cell_boundary
505,946.2637654008706,947.3946167644657,return_cruise,"[11179887.190806849, 2558876.783874176, 273.0566101074219]","[11179880.17469516, 2558861.3401130326, 273.0566101074219]",3,phase_transition+DEM_route_cell_boundary
506,947.3946167644657,948.3335442262594,return_cruise,"[11179880.17469516, 2558861.3401130326, 273.0566101074219]","[11179874.349331941, 2558848.5174097866, 273.0566101074219]",3,phase_transition+DEM_route_cell_boundary
507,948.3335442262594,949.2724716880531,return_cruise,"[11179874.349331941, 2558848.5174097866, 273.0566101074219]","[11179868.523968725, 2558835.69470654, 273.0566101074219]",3,phase_transition+DEM_route_cell_boundary
508,949.2724716880531,949.4643955898545,return_cruise,"[11179868.523968725, 2558835.69470654, 273.0566101074219]","[11179867.333220256, 2558833.073648643, 273.0566101074219]",3,phase_transition+DEM_route_cell_boundary
509,949.4643955898545,949.6563194916558,return_cruise,"[11179867.333220256, 2558833.073648643, 273.0566101074219]","[11179866.142471785, 2558830.452590746, 273.0566101074219]",3,phase_transition+DEM_route_cell_boundary
510,949.6563194916558,950.7871708552799,return_cruise,"[11179866.142471785, 2558830.452590746, 273.0566101074219]","[11179859.126360098, 2558815.008829602, 273.0566101074219]",3,phase_transition+DEM_route_cell_boundary
511,950.7871708552799,951.918022218904,return_cruise,"[11179859.126360098, 2558815.008829602, 273.0566101074219]","[11179852.11024841, 2558799.565068458, 273.0566101074219]",3,phase_transition+DEM_route_cell_boundary
512,951.918022218904,952.8864353771401,return_cruise,"[11179852.11024841, 2558799.565068458, 273.0566101074219]","[11179846.101947851, 2558786.33968625, 273.0566101074219]",3,phase_transition+DEM_route_cell_boundary
513,952.8864353771401,953.8548485353762,return_cruise,"[11179846.101947851, 2558786.33968625, 273.0566101074219]","[11179840.093647294, 2558773.1143040424, 273.0566101074219]",3,phase_transition+DEM_route_cell_boundary
514,953.8548485353762,954.0172867407351,return_cruise,"[11179840.093647294, 2558773.1143040424, 273.0566101074219]","[11179839.085836165, 2558770.8959251065, 273.0566101074219]",3,phase_transition+DEM_route_cell_boundary
515,954.0172867407351,954.1797249460941,return_cruise,"[11179839.085836165, 2558770.8959251065, 273.0566101074219]","[11179838.078025032, 2558768.6775461715, 273.0566101074219]",3,phase_transition+DEM_route_cell_boundary
516,954.1797249460941,955.3105763097037,return_cruise,"[11179838.078025032, 2558768.6775461715, 273.0566101074219]","[11179831.061913343, 2558753.2337850276, 273.0566101074219]",3,phase_transition+DEM_route_cell_boundary
517,955.3105763097037,956.4414276733132,return_cruise,"[11179831.061913343, 2558753.2337850276, 273.0566101074219]","[11179824.045801658, 2558737.7900238843, 273.0566101074219]",3,phase_transition+DEM_route_cell_boundary
518,956.4414276733132,957.4393265281234,return_cruise,"[11179824.045801658, 2558737.7900238843, 273.0566101074219]","[11179817.85456376, 2558724.1619627126, 273.0566101074219]",3,phase_transition+DEM_route_cell_boundary
519,957.4393265281234,958.4372253829335,return_cruise,"[11179817.85456376, 2558724.1619627126, 273.0566101074219]","[11179811.663325861, 2558710.533901541, 273.0566101074219]",3,phase_transition+DEM_route_cell_boundary
520,958.4372253829335,958.5701778917329,return_cruise,"[11179811.663325861, 2558710.533901541, 273.0566101074219]","[11179810.838452071, 2558708.718201569, 273.0566101074219]",3,phase_transition+DEM_route_cell_boundary
521,958.5701778917329,958.7031304005322,return_cruise,"[11179810.838452071, 2558708.718201569, 273.0566101074219]","[11179810.01357828, 2558706.9025015966, 273.0566101074219]",3,phase_transition+DEM_route_cell_boundary
522,958.7031304005322,959.8339817641273,return_cruise,"[11179810.01357828, 2558706.9025015966, 273.0566101074219]","[11179802.997466592, 2558691.4587404537, 273.0566101074219]",3,phase_transition+DEM_route_cell_boundary
523,959.8339817641273,960.9648331277224,return_cruise,"[11179802.997466592, 2558691.4587404537, 273.0566101074219]","[11179795.981354903, 2558676.0149793103, 273.0566101074219]",3,phase_transition+DEM_route_cell_boundary
524,960.9648331277224,961.9922176791066,return_cruise,"[11179795.981354903, 2558676.0149793103, 273.0566101074219]","[11179789.607179666, 2558661.984239175, 273.0566101074219]",3,phase_transition+DEM_route_cell_boundary
525,961.9922176791066,963.0196022304908,return_cruise,"[11179789.607179666, 2558661.984239175, 273.0566101074219]","[11179783.23300443, 2558647.95349904, 273.0566101074219]",3,phase_transition+DEM_route_cell_boundary
526,963.0196022304908,963.1230690427305,return_cruise,"[11179783.23300443, 2558647.95349904, 273.0566101074219]","[11179782.59106798, 2558646.540478031, 273.0566101074219]",3,phase_transition+DEM_route_cell_boundary
527,963.1230690427305,963.2265358549703,return_cruise,"[11179782.59106798, 2558646.540478031, 273.0566101074219]","[11179781.949131528, 2558645.1274570227, 273.0566101074219]",3,phase_transition+DEM_route_cell_boundary
528,963.2265358549703,964.3573872185653,return_cruise,"[11179781.949131528, 2558645.1274570227, 273.0566101074219]","[11179774.933019841, 2558629.683695879, 273.0566101074219]",3,phase_transition+DEM_route_cell_boundary
529,964.3573872185653,965.4882385821604,return_cruise,"[11179774.933019841, 2558629.683695879, 273.0566101074219]","[11179767.91690815, 2558614.239934736, 273.0566101074219]",3,phase_transition+DEM_route_cell_boundary
530,965.4882385821604,966.545108829987,return_cruise,"[11179767.91690815, 2558614.239934736, 273.0566101074219]","[11179761.359795576, 2558599.806515639, 273.0566101074219]",3,phase_transition+DEM_route_cell_boundary
531,966.545108829987,967.6019790778137,return_cruise,"[11179761.359795576, 2558599.806515639, 273.0566101074219]","[11179754.802683, 2558585.3730965424, 273.0566101074219]",3,phase_transition+DEM_route_cell_boundary
532,967.6019790778137,967.6759601935821,return_cruise,"[11179754.802683, 2558585.3730965424, 273.0566101074219]","[11179754.343683887, 2558584.3627544953, 273.0566101074219]",3,phase_transition+DEM_route_cell_boundary
533,967.6759601935821,967.7499413093506,return_cruise,"[11179754.343683887, 2558584.3627544953, 273.0566101074219]","[11179753.884684777, 2558583.3524124487, 273.0566101074219]",3,phase_transition+DEM_route_cell_boundary
534,967.7499413093506,968.8807926729746,return_cruise,"[11179753.884684777, 2558583.3524124487, 273.0566101074219]","[11179746.868573088, 2558567.9086513054, 273.0566101074219]",3,phase_transition+DEM_route_cell_boundary
535,968.8807926729746,970.0116440365987,return_cruise,"[11179746.868573088, 2558567.9086513054, 273.0566101074219]","[11179739.852461401, 2558552.464890161, 273.0566101074219]",3,phase_transition+DEM_route_cell_boundary
536,970.0116440365987,971.0979999809849,return_cruise,"[11179739.852461401, 2558552.464890161, 273.0566101074219]","[11179733.112411484, 2558537.6287921015, 273.0566101074219]",3,phase_transition+DEM_route_cell_boundary
537,971.0979999809849,972.1843559253712,return_cruise,"[11179733.112411484, 2558537.6287921015, 273.0566101074219]","[11179726.372361567, 2558522.792694041, 273.0566101074219]",3,phase_transition+DEM_route_cell_boundary
538,972.1843559253712,972.22885134458,return_cruise,"[11179726.372361567, 2558522.792694041, 273.0566101074219]","[11179726.096299795, 2558522.185030958, 273.0566101074219]",3,phase_transition+DEM_route_cell_boundary
539,972.22885134458,972.2733467637888,return_cruise,"[11179726.096299795, 2558522.185030958, 273.0566101074219]","[11179725.820238024, 2558521.577367875, 273.0566101074219]",3,phase_transition+DEM_route_cell_boundary
540,972.2733467637888,973.4041981273984,return_cruise,"[11179725.820238024, 2558521.577367875, 273.0566101074219]","[11179718.804126335, 2558506.133606731, 273.0566101074219]",3,phase_transition+DEM_route_cell_boundary
541,973.4041981273984,974.535049491008,return_cruise,"[11179718.804126335, 2558506.133606731, 273.0566101074219]","[11179711.788014647, 2558490.6898455876, 273.0566101074219]",3,phase_transition+DEM_route_cell_boundary
542,974.535049491008,975.6508911319683,return_cruise,"[11179711.788014647, 2558490.6898455876, 273.0566101074219]","[11179704.865027392, 2558475.451068564, 273.0566101074219]",3,phase_transition+DEM_route_cell_boundary
543,975.6508911319683,976.7667327729285,return_cruise,"[11179704.865027392, 2558475.451068564, 273.0566101074219]","[11179697.942040134, 2558460.21229154, 273.0566101074219]",3,phase_transition+DEM_route_cell_boundary
544,976.7667327729285,976.7817424955778,return_cruise,"[11179697.942040134, 2558460.21229154, 273.0566101074219]","[11179697.848915702, 2558460.00730742, 273.0566101074219]",3,phase_transition+DEM_route_cell_boundary
545,976.7817424955778,976.796752218227,return_cruise,"[11179697.848915702, 2558460.00730742, 273.0566101074219]","[11179697.755791271, 2558459.8023233004, 273.0566101074219]",3,phase_transition+DEM_route_cell_boundary
546,976.796752218227,977.775843328838,return_cruise,"[11179697.755791271, 2558459.8023233004, 273.0566101074219]","[11179691.681241771, 2558446.431114902, 273.0566101074219]",3,phase_transition+DEM_route_cell_boundary
547,977.775843328838,978.7549344394491,return_cruise,"[11179691.681241771, 2558446.431114902, 273.0566101074219]","[11179685.606692273, 2558433.059906504, 273.0566101074219]",3,phase_transition+DEM_route_cell_boundary
548,978.7549344394491,1051.43323949316,return_descent,"[11179685.606692273, 2558433.059906504, 273.0566101074219]","[11179685.606692273, 2558433.059906504, 127.69999999999999]",3,phase_transition+DEM_route_cell_boundary
