skeleton_id,service_sequence,edge_count,communication_margin,drone_type
SK-00001,S001,2,inf,C
SK-00002,S002,2,1.322380853485683e-06,C
SK-00003,S003,2,0.2164311732641832,C
SK-00004,S004,2,5.230177638468788,C
SK-00005,S005,2,8.522413817803681,C
SK-00006,S006,2,inf,C
SK-00007,S007,2,9.881076683362563,C
SK-00008,S008,2,4.831365205739842,C
SK-00009,S009,2,2.38354601331298,C
SK-00010,S010,2,3.963477904678413,C
SK-00011,S011,2,inf,C
SK-00012,S012,2,0.0665317100486219,C
SK-00013,S013,2,9.29830404357554,C
SK-00014,S014,2,2.762608774318465,C
SK-00015,S015,2,1.935778272530612,C
SK-00016,S001>S002,3,1.322380853485683e-06,C
SK-00017,S001>S003,3,0.2164311732641832,C
SK-00018,S001>S004,3,5.230177638468788,C
SK-00019,S001>S005,3,8.522413817803681,C
SK-00020,S001>S006,3,inf,C
SK-00021,S001>S007,3,8.723823284435028,C
SK-00022,S001>S008,3,4.831365205739842,C
SK-00023,S001>S009,3,2.38354601331298,C
SK-00024,S001>S010,3,3.963477904678413,C
SK-00025,S001>S011,3,inf,C
SK-00026,S001>S012,3,0.0665317100486219,C
SK-00027,S001>S013,3,9.29830404357554,C
SK-00028,S001>S014,3,2.762608774318465,C
SK-00029,S001>S015,3,1.935778272530612,C
SK-00030,S002>S001,3,1.322380853485683e-06,C
SK-00031,S002>S003,3,1.322380853485683e-06,C
SK-00032,S002>S004,3,1.322380853485683e-06,C
SK-00033,S002>S005,3,1.322380853485683e-06,C
SK-00034,S002>S006,3,1.322380853485683e-06,C
SK-00035,S002>S007,3,1.322380853485683e-06,C
SK-00036,S002>S008,3,1.322380853485683e-06,C
SK-00037,S002>S009,3,1.322380853485683e-06,C
SK-00038,S002>S010,3,1.322380853485683e-06,C
SK-00039,S002>S011,3,1.322380853485683e-06,C
SK-00040,S002>S012,3,1.322380853485683e-06,C
SK-00041,S002>S013,3,1.322380853485683e-06,C
SK-00042,S002>S014,3,1.322380853485683e-06,C
SK-00043,S002>S015,3,1.322380853485683e-06,C
SK-00044,S003>S001,3,0.2164311732641832,C
SK-00045,S003>S002,3,1.322380853485683e-06,C
SK-00046,S003>S004,3,0.2164311732641832,C
SK-00047,S003>S005,3,0.2164311732641832,C
SK-00048,S003>S006,3,0.2164311732641832,C
SK-00049,S003>S007,3,0.2164311732641832,C
SK-00050,S003>S008,3,0.2164311732641832,C
SK-00051,S003>S009,3,0.2164311732641832,C
SK-00052,S003>S010,3,0.2164311732641832,C
SK-00053,S003>S011,3,0.2164311732641832,C
SK-00054,S003>S012,3,0.0665317100486219,C
SK-00055,S003>S013,3,0.2164311732641832,C
SK-00056,S003>S014,3,0.2164311732641832,C
SK-00057,S003>S015,3,0.2164311732641832,C
SK-00058,S004>S001,3,5.230177638468788,C
SK-00059,S004>S002,3,1.322380853485683e-06,C
SK-00060,S004>S003,3,0.2164311732641832,C
SK-00061,S004>S005,3,5.230177638468788,C
SK-00062,S004>S006,3,4.189370740555972,C
SK-00063,S004>S007,3,5.230177638468788,C
SK-00064,S004>S008,3,4.831365205739842,C
SK-00065,S004>S009,3,2.38354601331298,C
SK-00066,S004>S010,3,3.963477904678413,C
SK-00067,S004>S011,3,5.230177638468788,C
SK-00068,S004>S012,3,0.0665317100486219,C
SK-00069,S004>S013,3,5.230177638468788,C
SK-00070,S004>S014,3,2.762608774318465,C
SK-00071,S005>S001,3,8.522413817803681,C
SK-00072,S005>S002,3,1.322380853485683e-06,C
SK-00073,S005>S003,3,0.2164311732641832,C
SK-00074,S005>S004,3,5.230177638468788,C
SK-00075,S005>S006,3,7.267107461609839,C
SK-00076,S005>S007,3,8.522413817803681,C
SK-00077,S005>S008,3,4.831365205739842,C
SK-00078,S005>S009,3,2.38354601331298,C
SK-00079,S005>S010,3,3.963477904678413,C
SK-00080,S005>S011,3,8.522413817803681,C
SK-00081,S005>S012,3,0.0665317100486219,C
SK-00082,S005>S013,3,8.522413817803681,C
SK-00083,S005>S014,3,2.762608774318465,C
SK-00084,S005>S015,3,1.935778272530612,C
SK-00085,S006>S001,3,inf,C
SK-00086,S006>S002,3,1.322380853485683e-06,C
SK-00087,S006>S003,3,0.2164311732641832,C
SK-00088,S006>S004,3,4.189370740555972,C
SK-00089,S006>S005,3,7.267107461609839,C
SK-00090,S006>S007,3,9.881076683362563,C
SK-00091,S006>S008,3,4.831365205739842,C
SK-00092,S006>S009,3,2.38354601331298,C
SK-00093,S006>S010,3,3.963477904678413,C
SK-00094,S006>S011,3,inf,C
SK-00095,S006>S012,3,0.0665317100486219,C
SK-00096,S006>S013,3,5.196647073208851,C
SK-00097,S006>S014,3,2.762608774318465,C
SK-00098,S006>S015,3,1.935778272530612,C
SK-00099,S007>S001,3,8.723823284435028,C
SK-00100,S007>S002,3,1.322380853485683e-06,C
SK-00101,S007>S003,3,0.2164311732641832,C
SK-00102,S007>S004,3,5.230177638468788,C
SK-00103,S007>S005,3,8.522413817803681,C
SK-00104,S007>S006,3,9.881076683362563,C
SK-00105,S007>S008,3,4.831365205739842,C
SK-00106,S007>S009,3,2.38354601331298,C
SK-00107,S007>S010,3,3.963477904678413,C
SK-00108,S007>S011,3,9.881076683362563,C
SK-00109,S007>S012,3,0.0665317100486219,C
SK-00110,S007>S013,3,4.902788506246296,C
SK-00111,S007>S014,3,2.762608774318465,C
SK-00112,S007>S015,3,1.935778272530612,C
SK-00113,S008>S001,3,4.831365205739842,C
SK-00114,S008>S002,3,1.322380853485683e-06,C
SK-00115,S008>S003,3,0.2164311732641832,C
SK-00116,S008>S004,3,4.831365205739842,C
SK-00117,S008>S005,3,4.831365205739842,C
SK-00118,S008>S006,3,4.831365205739842,C
SK-00119,S008>S007,3,4.831365205739842,C
SK-00120,S008>S009,3,2.38354601331298,C
SK-00121,S008>S010,3,3.635742969819845,C
SK-00122,S008>S011,3,4.831365205739842,C
SK-00123,S008>S012,3,0.0665317100486219,C
SK-00124,S008>S013,3,4.831365205739842,C
SK-00125,S008>S014,3,2.18784292202227,C
SK-00126,S008>S015,3,1.935778272530612,C
SK-00127,S009>S001,3,2.38354601331298,C
SK-00128,S009>S002,3,1.322380853485683e-06,C
SK-00129,S009>S003,3,0.2164311732641832,C
SK-00130,S009>S004,3,2.38354601331298,C
SK-00131,S009>S005,3,2.38354601331298,C
SK-00132,S009>S006,3,2.38354601331298,C
SK-00133,S009>S007,3,2.38354601331298,C
SK-00134,S009>S008,3,2.38354601331298,C
SK-00135,S009>S010,3,2.38354601331298,C
SK-00136,S009>S011,3,2.38354601331298,C
SK-00137,S009>S012,3,0.0665317100486219,C
SK-00138,S009>S013,3,2.38354601331298,C
SK-00139,S009>S014,3,2.38354601331298,C
SK-00140,S009>S015,3,1.935778272530612,C
SK-00141,S010>S001,3,3.963477904678413,C
SK-00142,S010>S002,3,1.322380853485683e-06,C
SK-00143,S010>S003,3,0.2164311732641832,C
SK-00144,S010>S004,3,3.963477904678413,C
SK-00145,S010>S005,3,3.963477904678413,C
SK-00146,S010>S006,3,3.963477904678413,C
SK-00147,S010>S007,3,3.963477904678413,C
SK-00148,S010>S008,3,3.635742969819845,C
SK-00149,S010>S009,3,2.38354601331298,C
SK-00150,S010>S011,3,3.963477904678413,C
SK-00151,S010>S012,3,0.0665317100486219,C
SK-00152,S010>S013,3,3.963477904678413,C
SK-00153,S010>S014,3,2.762608774318465,C
SK-00154,S010>S015,3,1.935778272530612,C
SK-00155,S011>S001,3,inf,C
SK-00156,S011>S002,3,1.322380853485683e-06,C
SK-00157,S011>S003,3,0.2164311732641832,C
SK-00158,S011>S004,3,5.230177638468788,C
SK-00159,S011>S005,3,8.522413817803681,C
SK-00160,S011>S006,3,inf,C
SK-00161,S011>S007,3,9.881076683362563,C
SK-00162,S011>S008,3,4.831365205739842,C
SK-00163,S011>S009,3,2.38354601331298,C
SK-00164,S011>S010,3,3.963477904678413,C
SK-00165,S011>S012,3,0.0665317100486219,C
SK-00166,S011>S013,3,8.648607052352475,C
SK-00167,S011>S014,3,2.762608774318465,C
SK-00168,S011>S015,3,1.935778272530612,C
SK-00169,S012>S001,3,0.0665317100486219,C
SK-00170,S012>S002,3,1.322380853485683e-06,C
SK-00171,S012>S003,3,0.0665317100486219,C
SK-00172,S012>S004,3,0.0665317100486219,C
SK-00173,S012>S005,3,0.0665317100486219,C
SK-00174,S012>S006,3,0.0665317100486219,C
SK-00175,S012>S007,3,0.0665317100486219,C
SK-00176,S012>S008,3,0.0665317100486219,C
SK-00177,S012>S009,3,0.0665317100486219,C
SK-00178,S012>S010,3,0.0665317100486219,C
SK-00179,S012>S011,3,0.0665317100486219,C
SK-00180,S012>S013,3,0.0665317100486219,C
SK-00181,S012>S014,3,0.0665317100486219,C
SK-00182,S012>S015,3,0.0665317100486219,C
SK-00183,S013>S001,3,9.29830404357554,C
SK-00184,S013>S002,3,1.322380853485683e-06,C
SK-00185,S013>S003,3,0.2164311732641832,C
SK-00186,S013>S004,3,5.230177638468788,C
SK-00187,S013>S005,3,8.522413817803681,C
SK-00188,S013>S006,3,5.196647073208851,C
SK-00189,S013>S007,3,4.902788506246296,C
SK-00190,S013>S008,3,4.831365205739842,C
SK-00191,S013>S009,3,2.38354601331298,C
SK-00192,S013>S010,3,3.963477904678413,C
SK-00193,S013>S011,3,8.648607052352475,C
SK-00194,S013>S012,3,0.0665317100486219,C
SK-00195,S013>S014,3,2.762608774318465,C
SK-00196,S013>S015,3,1.935778272530612,C
SK-00197,S014>S001,3,2.762608774318465,C
SK-00198,S014>S002,3,1.322380853485683e-06,C
SK-00199,S014>S003,3,0.2164311732641832,C
SK-00200,S014>S004,3,2.762608774318465,C
SK-00201,S014>S005,3,2.762608774318465,C
SK-00202,S014>S006,3,2.762608774318465,C
SK-00203,S014>S007,3,2.762608774318465,C
SK-00204,S014>S008,3,2.18784292202227,C
SK-00205,S014>S009,3,2.38354601331298,C
SK-00206,S014>S010,3,2.762608774318465,C
SK-00207,S014>S011,3,2.762608774318465,C
SK-00208,S014>S012,3,0.0665317100486219,C
SK-00209,S014>S013,3,2.762608774318465,C
SK-00210,S014>S015,3,1.935778272530612,C
SK-00211,S015>S001,3,1.935778272530612,C
SK-00212,S015>S002,3,1.322380853485683e-06,C
SK-00213,S015>S003,3,0.2164311732641832,C
SK-00214,S015>S005,3,1.935778272530612,C
SK-00215,S015>S006,3,1.935778272530612,C
SK-00216,S015>S007,3,1.935778272530612,C
SK-00217,S015>S008,3,1.935778272530612,C
SK-00218,S015>S009,3,1.935778272530612,C
SK-00219,S015>S010,3,1.935778272530612,C
SK-00220,S015>S011,3,1.935778272530612,C
SK-00221,S015>S012,3,0.0665317100486219,C
SK-00222,S015>S013,3,1.935778272530612,C
SK-00223,S015>S014,3,1.935778272530612,C
SK-00224,S001>S002>S003,4,1.322380853485683e-06,C
SK-00225,S001>S002>S004,4,1.322380853485683e-06,C
SK-00226,S001>S002>S005,4,1.322380853485683e-06,C
SK-00227,S001>S002>S006,4,1.322380853485683e-06,C
SK-00228,S001>S002>S007,4,1.322380853485683e-06,C
SK-00229,S001>S002>S008,4,1.322380853485683e-06,C
SK-00230,S001>S002>S009,4,1.322380853485683e-06,C
SK-00231,S001>S002>S010,4,1.322380853485683e-06,C
SK-00232,S001>S002>S011,4,1.322380853485683e-06,C
SK-00233,S001>S002>S012,4,1.322380853485683e-06,C
SK-00234,S001>S002>S013,4,1.322380853485683e-06,C
SK-00235,S001>S002>S014,4,1.322380853485683e-06,C
SK-00236,S001>S002>S015,4,1.322380853485683e-06,C
SK-00237,S001>S003>S002,4,1.322380853485683e-06,C
SK-00238,S001>S003>S004,4,0.2164311732641832,C
SK-00239,S001>S003>S005,4,0.2164311732641832,C
SK-00240,S001>S003>S006,4,0.2164311732641832,C
SK-00241,S001>S003>S007,4,0.2164311732641832,C
SK-00242,S001>S003>S008,4,0.2164311732641832,C
SK-00243,S001>S003>S009,4,0.2164311732641832,C
SK-00244,S001>S003>S010,4,0.2164311732641832,C
SK-00245,S001>S003>S011,4,0.2164311732641832,C
SK-00246,S001>S003>S012,4,0.0665317100486219,C
SK-00247,S001>S003>S013,4,0.2164311732641832,C
SK-00248,S001>S003>S014,4,0.2164311732641832,C
SK-00249,S001>S003>S015,4,0.2164311732641832,C
SK-00250,S001>S004>S002,4,1.322380853485683e-06,C
SK-00251,S001>S004>S003,4,0.2164311732641832,C
SK-00252,S001>S004>S005,4,8.522413817803681,C
SK-00253,S001>S004>S006,4,4.189370740555972,C
SK-00254,S001>S004>S007,4,9.122867768647865,C
SK-00255,S001>S004>S008,4,4.831365205739842,C
SK-00256,S001>S004>S009,4,2.38354601331298,C
SK-00257,S001>S004>S010,4,3.963477904678413,C
SK-00258,S001>S004>S011,4,8.325972071864612,C
SK-00259,S001>S004>S012,4,0.0665317100486219,C
SK-00260,S001>S004>S013,4,6.342940737201175,C
SK-00261,S001>S004>S014,4,2.762608774318465,C
SK-00262,S001>S005>S002,4,1.322380853485683e-06,C
SK-00263,S001>S005>S003,4,0.2164311732641832,C
SK-00264,S001>S005>S004,4,5.230177638468788,C
SK-00265,S001>S005>S006,4,7.267107461609839,C
SK-00266,S001>S005>S007,4,9.58391422285095,C
SK-00267,S001>S005>S008,4,4.831365205739842,C
SK-00268,S001>S005>S009,4,2.38354601331298,C
SK-00269,S001>S005>S010,4,3.963477904678413,C
SK-00270,S001>S005>S011,4,12.965209911402752,C
SK-00271,S001>S005>S012,4,0.0665317100486219,C
SK-00272,S001>S005>S013,4,8.656298124262774,C
SK-00273,S001>S005>S014,4,2.762608774318465,C
SK-00274,S001>S005>S015,4,1.935778272530612,C
SK-00275,S001>S006>S002,4,1.322380853485683e-06,C
SK-00276,S001>S006>S003,4,0.2164311732641832,C
SK-00277,S001>S006>S004,4,4.189370740555972,C
SK-00278,S001>S006>S005,4,7.267107461609839,C
SK-00279,S001>S006>S007,4,9.881076683362563,C
SK-00280,S001>S006>S008,4,4.831365205739842,C
SK-00281,S001>S006>S009,4,2.38354601331298,C
SK-00282,S001>S006>S010,4,3.963477904678413,C
SK-00283,S001>S006>S011,4,inf,C
SK-00284,S001>S006>S012,4,0.0665317100486219,C
SK-00285,S001>S006>S013,4,5.196647073208851,C
SK-00286,S001>S006>S014,4,2.762608774318465,C
SK-00287,S001>S006>S015,4,1.935778272530612,C
SK-00288,S001>S007>S002,4,1.322380853485683e-06,C
SK-00289,S001>S007>S003,4,0.2164311732641832,C
SK-00290,S001>S007>S004,4,5.230177638468788,C
SK-00291,S001>S007>S005,4,8.522413817803681,C
SK-00292,S001>S007>S006,4,8.723823284435028,C
SK-00293,S001>S007>S008,4,4.831365205739842,C
SK-00294,S001>S007>S009,4,2.38354601331298,C
SK-00295,S001>S007>S010,4,3.963477904678413,C
SK-00296,S001>S007>S011,4,8.723823284435028,C
SK-00297,S001>S007>S012,4,0.0665317100486219,C
SK-00298,S001>S007>S013,4,4.902788506246296,C
SK-00299,S001>S007>S014,4,2.762608774318465,C
SK-00300,S001>S007>S015,4,1.935778272530612,C
SK-00301,S001>S008>S002,4,1.322380853485683e-06,C
SK-00302,S001>S008>S003,4,0.2164311732641832,C
SK-00303,S001>S008>S004,4,5.230177638468788,C
SK-00304,S001>S008>S005,4,7.471889086681088,C
SK-00305,S001>S008>S006,4,4.845795140876845,C
SK-00306,S001>S008>S007,4,7.471889086681088,C
SK-00307,S001>S008>S009,4,2.38354601331298,C
SK-00308,S001>S008>S010,4,3.635742969819845,C
SK-00309,S001>S008>S011,4,7.471889086681088,C
SK-00310,S001>S008>S012,4,0.0665317100486219,C
SK-00311,S001>S008>S013,4,4.881031265443923,C
SK-00312,S001>S008>S014,4,2.18784292202227,C
SK-00313,S001>S008>S015,4,1.935778272530612,C
SK-00314,S001>S009>S002,4,1.322380853485683e-06,C
SK-00315,S001>S009>S003,4,0.2164311732641832,C
SK-00316,S001>S009>S004,4,2.38354601331298,C
SK-00317,S001>S009>S005,4,2.38354601331298,C
SK-00318,S001>S009>S006,4,2.38354601331298,C
SK-00319,S001>S009>S007,4,2.38354601331298,C
SK-00320,S001>S009>S008,4,2.38354601331298,C
SK-00321,S001>S009>S010,4,2.38354601331298,C
SK-00322,S001>S009>S011,4,2.38354601331298,C
SK-00323,S001>S009>S012,4,0.0665317100486219,C
SK-00324,S001>S009>S013,4,2.38354601331298,C
SK-00325,S001>S009>S014,4,2.38354601331298,C
SK-00326,S001>S009>S015,4,1.935778272530612,C
SK-00327,S001>S010>S002,4,1.322380853485683e-06,C
SK-00328,S001>S010>S003,4,0.2164311732641832,C
SK-00329,S001>S010>S004,4,3.963477904678413,C
SK-00330,S001>S010>S005,4,3.963477904678413,C
SK-00331,S001>S010>S006,4,3.963477904678413,C
SK-00332,S001>S010>S007,4,3.963477904678413,C
SK-00333,S001>S010>S008,4,3.635742969819845,C
SK-00334,S001>S010>S009,4,2.38354601331298,C
SK-00335,S001>S010>S011,4,3.963477904678413,C
SK-00336,S001>S010>S012,4,0.0665317100486219,C
SK-00337,S001>S010>S013,4,3.963477904678413,C
SK-00338,S001>S010>S014,4,2.762608774318465,C
SK-00339,S001>S010>S015,4,1.935778272530612,C
SK-00340,S001>S011>S002,4,1.322380853485683e-06,C
SK-00341,S001>S011>S003,4,0.2164311732641832,C
SK-00342,S001>S011>S004,4,5.230177638468788,C
SK-00343,S001>S011>S005,4,8.522413817803681,C
SK-00344,S001>S011>S006,4,inf,C
SK-00345,S001>S011>S007,4,9.881076683362563,C
SK-00346,S001>S011>S008,4,4.831365205739842,C
SK-00347,S001>S011>S009,4,2.38354601331298,C
SK-00348,S001>S011>S010,4,3.963477904678413,C
SK-00349,S001>S011>S012,4,0.0665317100486219,C
SK-00350,S001>S011>S013,4,8.648607052352475,C
SK-00351,S001>S011>S014,4,2.762608774318465,C
SK-00352,S001>S011>S015,4,1.935778272530612,C
SK-00353,S001>S012>S002,4,1.322380853485683e-06,C
SK-00354,S001>S012>S003,4,0.0665317100486219,C
SK-00355,S001>S012>S004,4,0.0665317100486219,C
SK-00356,S001>S012>S005,4,0.0665317100486219,C
SK-00357,S001>S012>S006,4,0.0665317100486219,C
SK-00358,S001>S012>S007,4,0.0665317100486219,C
SK-00359,S001>S012>S008,4,0.0665317100486219,C
SK-00360,S001>S012>S009,4,0.0665317100486219,C
SK-00361,S001>S012>S010,4,0.0665317100486219,C
SK-00362,S001>S012>S011,4,0.0665317100486219,C
SK-00363,S001>S012>S013,4,0.0665317100486219,C
SK-00364,S001>S012>S014,4,0.0665317100486219,C
SK-00365,S001>S012>S015,4,0.0665317100486219,C
SK-00366,S001>S013>S002,4,1.322380853485683e-06,C
SK-00367,S001>S013>S003,4,0.2164311732641832,C
SK-00368,S001>S013>S004,4,5.230177638468788,C
SK-00369,S001>S013>S005,4,8.522413817803681,C
SK-00370,S001>S013>S006,4,5.196647073208851,C
SK-00371,S001>S013>S007,4,4.902788506246296,C
SK-00372,S001>S013>S008,4,4.831365205739842,C
SK-00373,S001>S013>S009,4,2.38354601331298,C
SK-00374,S001>S013>S010,4,3.963477904678413,C
SK-00375,S001>S013>S011,4,8.648607052352475,C
SK-00376,S001>S013>S012,4,0.0665317100486219,C
SK-00377,S001>S013>S014,4,2.762608774318465,C
SK-00378,S001>S013>S015,4,1.935778272530612,C
SK-00379,S001>S014>S002,4,1.322380853485683e-06,C
SK-00380,S001>S014>S003,4,0.2164311732641832,C
SK-00381,S001>S014>S004,4,2.762608774318465,C
SK-00382,S001>S014>S005,4,2.762608774318465,C
SK-00383,S001>S014>S006,4,2.762608774318465,C
SK-00384,S001>S014>S007,4,2.762608774318465,C
SK-00385,S001>S014>S008,4,2.18784292202227,C
SK-00386,S001>S014>S009,4,2.38354601331298,C
SK-00387,S001>S014>S010,4,2.762608774318465,C
SK-00388,S001>S014>S011,4,2.762608774318465,C
SK-00389,S001>S014>S012,4,0.0665317100486219,C
SK-00390,S001>S014>S013,4,2.762608774318465,C
SK-00391,S001>S014>S015,4,1.935778272530612,C
SK-00392,S001>S015>S002,4,1.322380853485683e-06,C
SK-00393,S001>S015>S003,4,0.2164311732641832,C
SK-00394,S001>S015>S005,4,1.935778272530612,C
SK-00395,S001>S015>S006,4,1.935778272530612,C
SK-00396,S001>S015>S007,4,1.935778272530612,C
SK-00397,S001>S015>S008,4,1.935778272530612,C
SK-00398,S001>S015>S009,4,1.935778272530612,C
SK-00399,S001>S015>S010,4,1.935778272530612,C
SK-00400,S001>S015>S011,4,1.935778272530612,C
SK-00401,S001>S015>S012,4,0.0665317100486219,C
SK-00402,S001>S015>S013,4,1.935778272530612,C
SK-00403,S001>S015>S014,4,1.935778272530612,C
SK-00404,S002>S001>S003,4,1.322380853485683e-06,C
SK-00405,S002>S001>S004,4,1.322380853485683e-06,C
SK-00406,S002>S001>S005,4,1.322380853485683e-06,C
SK-00407,S002>S001>S006,4,1.322380853485683e-06,C
SK-00408,S002>S001>S007,4,1.322380853485683e-06,C
SK-00409,S002>S001>S008,4,1.322380853485683e-06,C
SK-00410,S002>S001>S009,4,1.322380853485683e-06,C
SK-00411,S002>S001>S010,4,1.322380853485683e-06,C
SK-00412,S002>S001>S011,4,1.322380853485683e-06,C
SK-00413,S002>S001>S012,4,1.322380853485683e-06,C
SK-00414,S002>S001>S013,4,1.322380853485683e-06,C
SK-00415,S002>S001>S014,4,1.322380853485683e-06,C
SK-00416,S002>S001>S015,4,1.322380853485683e-06,C
SK-00417,S002>S003>S001,4,1.322380853485683e-06,C
SK-00418,S002>S003>S004,4,1.322380853485683e-06,C
SK-00419,S002>S003>S005,4,1.322380853485683e-06,C
SK-00420,S002>S003>S006,4,1.322380853485683e-06,C
SK-00421,S002>S003>S007,4,1.322380853485683e-06,C
SK-00422,S002>S003>S008,4,1.322380853485683e-06,C
SK-00423,S002>S003>S009,4,1.322380853485683e-06,C
SK-00424,S002>S003>S010,4,1.322380853485683e-06,C
SK-00425,S002>S003>S011,4,1.322380853485683e-06,C
SK-00426,S002>S003>S012,4,1.322380853485683e-06,C
SK-00427,S002>S003>S013,4,1.322380853485683e-06,C
SK-00428,S002>S003>S014,4,1.322380853485683e-06,C
SK-00429,S002>S003>S015,4,1.322380853485683e-06,C
SK-00430,S002>S004>S001,4,1.322380853485683e-06,C
SK-00431,S002>S004>S003,4,1.322380853485683e-06,C
SK-00432,S002>S004>S005,4,1.322380853485683e-06,C
SK-00433,S002>S004>S006,4,1.322380853485683e-06,C
SK-00434,S002>S004>S007,4,1.322380853485683e-06,C
SK-00435,S002>S004>S008,4,1.322380853485683e-06,C
SK-00436,S002>S004>S009,4,1.322380853485683e-06,C
SK-00437,S002>S004>S010,4,1.322380853485683e-06,C
SK-00438,S002>S004>S011,4,1.322380853485683e-06,C
SK-00439,S002>S004>S012,4,1.322380853485683e-06,C
SK-00440,S002>S004>S013,4,1.322380853485683e-06,C
SK-00441,S002>S004>S014,4,1.322380853485683e-06,C
SK-00442,S002>S005>S001,4,1.322380853485683e-06,C
SK-00443,S002>S005>S003,4,1.322380853485683e-06,C
SK-00444,S002>S005>S004,4,1.322380853485683e-06,C
SK-00445,S002>S005>S006,4,1.322380853485683e-06,C
SK-00446,S002>S005>S007,4,1.322380853485683e-06,C
SK-00447,S002>S005>S008,4,1.322380853485683e-06,C
SK-00448,S002>S005>S009,4,1.322380853485683e-06,C
SK-00449,S002>S005>S010,4,1.322380853485683e-06,C
SK-00450,S002>S005>S011,4,1.322380853485683e-06,C
SK-00451,S002>S005>S012,4,1.322380853485683e-06,C
SK-00452,S002>S005>S013,4,1.322380853485683e-06,C
SK-00453,S002>S005>S014,4,1.322380853485683e-06,C
SK-00454,S002>S005>S015,4,1.322380853485683e-06,C
SK-00455,S002>S006>S001,4,1.322380853485683e-06,C
SK-00456,S002>S006>S003,4,1.322380853485683e-06,C
SK-00457,S002>S006>S004,4,1.322380853485683e-06,C
SK-00458,S002>S006>S005,4,1.322380853485683e-06,C
SK-00459,S002>S006>S007,4,1.322380853485683e-06,C
SK-00460,S002>S006>S008,4,1.322380853485683e-06,C
SK-00461,S002>S006>S009,4,1.322380853485683e-06,C
SK-00462,S002>S006>S010,4,1.322380853485683e-06,C
SK-00463,S002>S006>S011,4,1.322380853485683e-06,C
SK-00464,S002>S006>S012,4,1.322380853485683e-06,C
SK-00465,S002>S006>S013,4,1.322380853485683e-06,C
SK-00466,S002>S006>S014,4,1.322380853485683e-06,C
SK-00467,S002>S006>S015,4,1.322380853485683e-06,C
SK-00468,S002>S007>S001,4,1.322380853485683e-06,C
SK-00469,S002>S007>S003,4,1.322380853485683e-06,C
SK-00470,S002>S007>S004,4,1.322380853485683e-06,C
SK-00471,S002>S007>S005,4,1.322380853485683e-06,C
SK-00472,S002>S007>S006,4,1.322380853485683e-06,C
SK-00473,S002>S007>S008,4,1.322380853485683e-06,C
SK-00474,S002>S007>S009,4,1.322380853485683e-06,C
SK-00475,S002>S007>S010,4,1.322380853485683e-06,C
SK-00476,S002>S007>S011,4,1.322380853485683e-06,C
SK-00477,S002>S007>S012,4,1.322380853485683e-06,C
SK-00478,S002>S007>S013,4,1.322380853485683e-06,C
SK-00479,S002>S007>S014,4,1.322380853485683e-06,C
SK-00480,S002>S007>S015,4,1.322380853485683e-06,C
SK-00481,S002>S008>S001,4,1.322380853485683e-06,C
SK-00482,S002>S008>S003,4,1.322380853485683e-06,C
SK-00483,S002>S008>S004,4,1.322380853485683e-06,C
SK-00484,S002>S008>S005,4,1.322380853485683e-06,C
SK-00485,S002>S008>S006,4,1.322380853485683e-06,C
SK-00486,S002>S008>S007,4,1.322380853485683e-06,C
SK-00487,S002>S008>S009,4,1.322380853485683e-06,C
SK-00488,S002>S008>S010,4,1.322380853485683e-06,C
SK-00489,S002>S008>S011,4,1.322380853485683e-06,C
SK-00490,S002>S008>S012,4,1.322380853485683e-06,C
SK-00491,S002>S008>S013,4,1.322380853485683e-06,C
SK-00492,S002>S008>S014,4,1.322380853485683e-06,C
SK-00493,S002>S008>S015,4,1.322380853485683e-06,C
SK-00494,S002>S009>S001,4,1.322380853485683e-06,C
SK-00495,S002>S009>S003,4,1.322380853485683e-06,C
SK-00496,S002>S009>S004,4,1.322380853485683e-06,C
SK-00497,S002>S009>S005,4,1.322380853485683e-06,C
SK-00498,S002>S009>S006,4,1.322380853485683e-06,C
SK-00499,S002>S009>S007,4,1.322380853485683e-06,C
SK-00500,S002>S009>S008,4,1.322380853485683e-06,C
SK-00501,S002>S009>S010,4,1.322380853485683e-06,C
SK-00502,S002>S009>S011,4,1.322380853485683e-06,C
SK-00503,S002>S009>S012,4,1.322380853485683e-06,C
SK-00504,S002>S009>S013,4,1.322380853485683e-06,C
SK-00505,S002>S009>S014,4,1.322380853485683e-06,C
SK-00506,S002>S009>S015,4,1.322380853485683e-06,C
SK-00507,S002>S010>S001,4,1.322380853485683e-06,C
SK-00508,S002>S010>S003,4,1.322380853485683e-06,C
SK-00509,S002>S010>S004,4,1.322380853485683e-06,C
SK-00510,S002>S010>S005,4,1.322380853485683e-06,C
SK-00511,S002>S010>S006,4,1.322380853485683e-06,C
SK-00512,S002>S010>S007,4,1.322380853485683e-06,C
SK-00513,S002>S010>S008,4,1.322380853485683e-06,C
SK-00514,S002>S010>S009,4,1.322380853485683e-06,C
SK-00515,S002>S010>S011,4,1.322380853485683e-06,C
SK-00516,S002>S010>S012,4,1.322380853485683e-06,C
SK-00517,S002>S010>S013,4,1.322380853485683e-06,C
SK-00518,S002>S010>S014,4,1.322380853485683e-06,C
SK-00519,S002>S010>S015,4,1.322380853485683e-06,C
SK-00520,S002>S011>S001,4,1.322380853485683e-06,C
SK-00521,S002>S011>S003,4,1.322380853485683e-06,C
SK-00522,S002>S011>S004,4,1.322380853485683e-06,C
SK-00523,S002>S011>S005,4,1.322380853485683e-06,C
SK-00524,S002>S011>S006,4,1.322380853485683e-06,C
SK-00525,S002>S011>S007,4,1.322380853485683e-06,C
SK-00526,S002>S011>S008,4,1.322380853485683e-06,C
SK-00527,S002>S011>S009,4,1.322380853485683e-06,C
SK-00528,S002>S011>S010,4,1.322380853485683e-06,C
SK-00529,S002>S011>S012,4,1.322380853485683e-06,C
SK-00530,S002>S011>S013,4,1.322380853485683e-06,C
SK-00531,S002>S011>S014,4,1.322380853485683e-06,C
SK-00532,S002>S011>S015,4,1.322380853485683e-06,C
SK-00533,S002>S012>S001,4,1.322380853485683e-06,C
SK-00534,S002>S012>S003,4,1.322380853485683e-06,C
SK-00535,S002>S012>S004,4,1.322380853485683e-06,C
SK-00536,S002>S012>S005,4,1.322380853485683e-06,C
SK-00537,S002>S012>S006,4,1.322380853485683e-06,C
SK-00538,S002>S012>S007,4,1.322380853485683e-06,C
SK-00539,S002>S012>S008,4,1.322380853485683e-06,C
SK-00540,S002>S012>S009,4,1.322380853485683e-06,C
SK-00541,S002>S012>S010,4,1.322380853485683e-06,C
SK-00542,S002>S012>S011,4,1.322380853485683e-06,C
SK-00543,S002>S012>S013,4,1.322380853485683e-06,C
SK-00544,S002>S012>S014,4,1.322380853485683e-06,C
SK-00545,S002>S012>S015,4,1.322380853485683e-06,C
SK-00546,S002>S013>S001,4,1.322380853485683e-06,C
SK-00547,S002>S013>S003,4,1.322380853485683e-06,C
SK-00548,S002>S013>S004,4,1.322380853485683e-06,C
SK-00549,S002>S013>S005,4,1.322380853485683e-06,C
SK-00550,S002>S013>S006,4,1.322380853485683e-06,C
SK-00551,S002>S013>S007,4,1.322380853485683e-06,C
SK-00552,S002>S013>S008,4,1.322380853485683e-06,C
SK-00553,S002>S013>S009,4,1.322380853485683e-06,C
SK-00554,S002>S013>S010,4,1.322380853485683e-06,C
SK-00555,S002>S013>S011,4,1.322380853485683e-06,C
SK-00556,S002>S013>S012,4,1.322380853485683e-06,C
SK-00557,S002>S013>S014,4,1.322380853485683e-06,C
SK-00558,S002>S013>S015,4,1.322380853485683e-06,C
SK-00559,S002>S014>S001,4,1.322380853485683e-06,C
SK-00560,S002>S014>S003,4,1.322380853485683e-06,C
SK-00561,S002>S014>S004,4,1.322380853485683e-06,C
SK-00562,S002>S014>S005,4,1.322380853485683e-06,C
SK-00563,S002>S014>S006,4,1.322380853485683e-06,C
SK-00564,S002>S014>S007,4,1.322380853485683e-06,C
SK-00565,S002>S014>S008,4,1.322380853485683e-06,C
SK-00566,S002>S014>S009,4,1.322380853485683e-06,C
SK-00567,S002>S014>S010,4,1.322380853485683e-06,C
SK-00568,S002>S014>S011,4,1.322380853485683e-06,C
SK-00569,S002>S014>S012,4,1.322380853485683e-06,C
SK-00570,S002>S014>S013,4,1.322380853485683e-06,C
SK-00571,S002>S014>S015,4,1.322380853485683e-06,C
SK-00572,S002>S015>S001,4,1.322380853485683e-06,C
SK-00573,S002>S015>S003,4,1.322380853485683e-06,C
SK-00574,S002>S015>S005,4,1.322380853485683e-06,C
SK-00575,S002>S015>S006,4,1.322380853485683e-06,C
SK-00576,S002>S015>S007,4,1.322380853485683e-06,C
SK-00577,S002>S015>S008,4,1.322380853485683e-06,C
SK-00578,S002>S015>S009,4,1.322380853485683e-06,C
SK-00579,S002>S015>S010,4,1.322380853485683e-06,C
SK-00580,S002>S015>S011,4,1.322380853485683e-06,C
SK-00581,S002>S015>S012,4,1.322380853485683e-06,C
SK-00582,S002>S015>S013,4,1.322380853485683e-06,C
SK-00583,S002>S015>S014,4,1.322380853485683e-06,C
SK-00584,S003>S001>S002,4,1.322380853485683e-06,C
SK-00585,S003>S001>S004,4,0.2164311732641832,C
SK-00586,S003>S001>S005,4,0.2164311732641832,C
SK-00587,S003>S001>S006,4,0.2164311732641832,C
SK-00588,S003>S001>S007,4,0.2164311732641832,C
SK-00589,S003>S001>S008,4,0.2164311732641832,C
SK-00590,S003>S001>S009,4,0.2164311732641832,C
SK-00591,S003>S001>S010,4,0.2164311732641832,C
SK-00592,S003>S001>S011,4,0.2164311732641832,C
SK-00593,S003>S001>S012,4,0.0665317100486219,C
SK-00594,S003>S001>S013,4,0.2164311732641832,C
SK-00595,S003>S001>S014,4,0.2164311732641832,C
SK-00596,S003>S001>S015,4,0.2164311732641832,C
SK-00597,S003>S002>S001,4,1.322380853485683e-06,C
SK-00598,S003>S002>S004,4,1.322380853485683e-06,C
SK-00599,S003>S002>S005,4,1.322380853485683e-06,C
SK-00600,S003>S002>S006,4,1.322380853485683e-06,C
SK-00601,S003>S002>S007,4,1.322380853485683e-06,C
SK-00602,S003>S002>S008,4,1.322380853485683e-06,C
SK-00603,S003>S002>S009,4,1.322380853485683e-06,C
SK-00604,S003>S002>S010,4,1.322380853485683e-06,C
SK-00605,S003>S002>S011,4,1.322380853485683e-06,C
SK-00606,S003>S002>S012,4,1.322380853485683e-06,C
SK-00607,S003>S002>S013,4,1.322380853485683e-06,C
SK-00608,S003>S002>S014,4,1.322380853485683e-06,C
SK-00609,S003>S002>S015,4,1.322380853485683e-06,C
SK-00610,S003>S004>S001,4,0.2164311732641832,C
SK-00611,S003>S004>S002,4,1.322380853485683e-06,C
SK-00612,S003>S004>S005,4,0.2164311732641832,C
SK-00613,S003>S004>S006,4,0.2164311732641832,C
SK-00614,S003>S004>S007,4,0.2164311732641832,C
SK-00615,S003>S004>S008,4,0.2164311732641832,C
SK-00616,S003>S004>S009,4,0.2164311732641832,C
SK-00617,S003>S004>S010,4,0.2164311732641832,C
SK-00618,S003>S004>S011,4,0.2164311732641832,C
SK-00619,S003>S004>S012,4,0.0665317100486219,C
SK-00620,S003>S004>S013,4,0.2164311732641832,C
SK-00621,S003>S004>S014,4,0.2164311732641832,C
SK-00622,S003>S005>S001,4,0.2164311732641832,C
SK-00623,S003>S005>S002,4,1.322380853485683e-06,C
SK-00624,S003>S005>S004,4,0.2164311732641832,C
SK-00625,S003>S005>S006,4,0.2164311732641832,C
SK-00626,S003>S005>S007,4,0.2164311732641832,C
SK-00627,S003>S005>S008,4,0.2164311732641832,C
SK-00628,S003>S005>S009,4,0.2164311732641832,C
SK-00629,S003>S005>S010,4,0.2164311732641832,C
SK-00630,S003>S005>S011,4,0.2164311732641832,C
SK-00631,S003>S005>S012,4,0.0665317100486219,C
SK-00632,S003>S005>S013,4,0.2164311732641832,C
SK-00633,S003>S005>S014,4,0.2164311732641832,C
SK-00634,S003>S005>S015,4,0.2164311732641832,C
SK-00635,S003>S006>S001,4,0.2164311732641832,C
SK-00636,S003>S006>S002,4,1.322380853485683e-06,C
SK-00637,S003>S006>S004,4,0.2164311732641832,C
SK-00638,S003>S006>S005,4,0.2164311732641832,C
SK-00639,S003>S006>S007,4,0.2164311732641832,C
SK-00640,S003>S006>S008,4,0.2164311732641832,C
SK-00641,S003>S006>S009,4,0.2164311732641832,C
SK-00642,S003>S006>S010,4,0.2164311732641832,C
SK-00643,S003>S006>S011,4,0.2164311732641832,C
SK-00644,S003>S006>S012,4,0.0665317100486219,C
SK-00645,S003>S006>S013,4,0.2164311732641832,C
SK-00646,S003>S006>S014,4,0.2164311732641832,C
SK-00647,S003>S006>S015,4,0.2164311732641832,C
SK-00648,S003>S007>S001,4,0.2164311732641832,C
SK-00649,S003>S007>S002,4,1.322380853485683e-06,C
SK-00650,S003>S007>S004,4,0.2164311732641832,C
SK-00651,S003>S007>S005,4,0.2164311732641832,C
SK-00652,S003>S007>S006,4,0.2164311732641832,C
SK-00653,S003>S007>S008,4,0.2164311732641832,C
SK-00654,S003>S007>S009,4,0.2164311732641832,C
SK-00655,S003>S007>S010,4,0.2164311732641832,C
SK-00656,S003>S007>S011,4,0.2164311732641832,C
SK-00657,S003>S007>S012,4,0.0665317100486219,C
SK-00658,S003>S007>S013,4,0.2164311732641832,C
SK-00659,S003>S007>S014,4,0.2164311732641832,C
SK-00660,S003>S007>S015,4,0.2164311732641832,C
SK-00661,S003>S008>S001,4,0.2164311732641832,C
SK-00662,S003>S008>S002,4,1.322380853485683e-06,C
SK-00663,S003>S008>S004,4,0.2164311732641832,C
SK-00664,S003>S008>S005,4,0.2164311732641832,C
SK-00665,S003>S008>S006,4,0.2164311732641832,C
SK-00666,S003>S008>S007,4,0.2164311732641832,C
SK-00667,S003>S008>S009,4,0.2164311732641832,C
SK-00668,S003>S008>S010,4,0.2164311732641832,C
SK-00669,S003>S008>S011,4,0.2164311732641832,C
SK-00670,S003>S008>S012,4,0.0665317100486219,C
SK-00671,S003>S008>S013,4,0.2164311732641832,C
SK-00672,S003>S008>S014,4,0.2164311732641832,C
SK-00673,S003>S008>S015,4,0.2164311732641832,C
SK-00674,S003>S009>S001,4,0.2164311732641832,C
SK-00675,S003>S009>S002,4,1.322380853485683e-06,C
SK-00676,S003>S009>S004,4,0.2164311732641832,C
SK-00677,S003>S009>S005,4,0.2164311732641832,C
SK-00678,S003>S009>S006,4,0.2164311732641832,C
SK-00679,S003>S009>S007,4,0.2164311732641832,C
SK-00680,S003>S009>S008,4,0.2164311732641832,C
SK-00681,S003>S009>S010,4,0.2164311732641832,C
SK-00682,S003>S009>S011,4,0.2164311732641832,C
SK-00683,S003>S009>S012,4,0.0665317100486219,C
SK-00684,S003>S009>S013,4,0.2164311732641832,C
SK-00685,S003>S009>S014,4,0.2164311732641832,C
SK-00686,S003>S009>S015,4,0.2164311732641832,C
SK-00687,S003>S010>S001,4,0.2164311732641832,C
SK-00688,S003>S010>S002,4,1.322380853485683e-06,C
SK-00689,S003>S010>S004,4,0.2164311732641832,C
SK-00690,S003>S010>S005,4,0.2164311732641832,C
SK-00691,S003>S010>S006,4,0.2164311732641832,C
SK-00692,S003>S010>S007,4,0.2164311732641832,C
SK-00693,S003>S010>S008,4,0.2164311732641832,C
SK-00694,S003>S010>S009,4,0.2164311732641832,C
SK-00695,S003>S010>S011,4,0.2164311732641832,C
SK-00696,S003>S010>S012,4,0.0665317100486219,C
SK-00697,S003>S010>S013,4,0.2164311732641832,C
SK-00698,S003>S010>S014,4,0.2164311732641832,C
SK-00699,S003>S010>S015,4,0.2164311732641832,C
SK-00700,S003>S011>S001,4,0.2164311732641832,C
SK-00701,S003>S011>S002,4,1.322380853485683e-06,C
SK-00702,S003>S011>S004,4,0.2164311732641832,C
SK-00703,S003>S011>S005,4,0.2164311732641832,C
SK-00704,S003>S011>S006,4,0.2164311732641832,C
SK-00705,S003>S011>S007,4,0.2164311732641832,C
SK-00706,S003>S011>S008,4,0.2164311732641832,C
SK-00707,S003>S011>S009,4,0.2164311732641832,C
SK-00708,S003>S011>S010,4,0.2164311732641832,C
SK-00709,S003>S011>S012,4,0.0665317100486219,C
SK-00710,S003>S011>S013,4,0.2164311732641832,C
SK-00711,S003>S011>S014,4,0.2164311732641832,C
SK-00712,S003>S011>S015,4,0.2164311732641832,C
SK-00713,S003>S012>S001,4,0.0665317100486219,C
SK-00714,S003>S012>S002,4,1.322380853485683e-06,C
SK-00715,S003>S012>S004,4,0.0665317100486219,C
SK-00716,S003>S012>S005,4,0.0665317100486219,C
SK-00717,S003>S012>S006,4,0.0665317100486219,C
SK-00718,S003>S012>S007,4,0.0665317100486219,C
SK-00719,S003>S012>S008,4,0.0665317100486219,C
SK-00720,S003>S012>S009,4,0.0665317100486219,C
SK-00721,S003>S012>S010,4,0.0665317100486219,C
SK-00722,S003>S012>S011,4,0.0665317100486219,C
SK-00723,S003>S012>S013,4,0.0665317100486219,C
SK-00724,S003>S012>S014,4,0.0665317100486219,C
SK-00725,S003>S012>S015,4,0.0665317100486219,C
SK-00726,S003>S013>S001,4,0.2164311732641832,C
SK-00727,S003>S013>S002,4,1.322380853485683e-06,C
SK-00728,S003>S013>S004,4,0.2164311732641832,C
SK-00729,S003>S013>S005,4,0.2164311732641832,C
SK-00730,S003>S013>S006,4,0.2164311732641832,C
SK-00731,S003>S013>S007,4,0.2164311732641832,C
SK-00732,S003>S013>S008,4,0.2164311732641832,C
SK-00733,S003>S013>S009,4,0.2164311732641832,C
SK-00734,S003>S013>S010,4,0.2164311732641832,C
SK-00735,S003>S013>S011,4,0.2164311732641832,C
SK-00736,S003>S013>S012,4,0.0665317100486219,C
SK-00737,S003>S013>S014,4,0.2164311732641832,C
SK-00738,S003>S013>S015,4,0.2164311732641832,C
SK-00739,S003>S014>S001,4,0.2164311732641832,C
SK-00740,S003>S014>S002,4,1.322380853485683e-06,C
SK-00741,S003>S014>S004,4,0.2164311732641832,C
SK-00742,S003>S014>S005,4,0.2164311732641832,C
SK-00743,S003>S014>S006,4,0.2164311732641832,C
SK-00744,S003>S014>S007,4,0.2164311732641832,C
SK-00745,S003>S014>S008,4,0.2164311732641832,C
SK-00746,S003>S014>S009,4,0.2164311732641832,C
SK-00747,S003>S014>S010,4,0.2164311732641832,C
SK-00748,S003>S014>S011,4,0.2164311732641832,C
SK-00749,S003>S014>S012,4,0.0665317100486219,C
SK-00750,S003>S014>S013,4,0.2164311732641832,C
SK-00751,S003>S014>S015,4,0.2164311732641832,C
SK-00752,S003>S015>S001,4,0.2164311732641832,C
SK-00753,S003>S015>S002,4,1.322380853485683e-06,C
SK-00754,S003>S015>S005,4,0.2164311732641832,C
SK-00755,S003>S015>S006,4,0.2164311732641832,C
SK-00756,S003>S015>S007,4,0.2164311732641832,C
SK-00757,S003>S015>S008,4,0.2164311732641832,C
SK-00758,S003>S015>S009,4,0.2164311732641832,C
SK-00759,S003>S015>S010,4,0.2164311732641832,C
SK-00760,S003>S015>S011,4,0.2164311732641832,C
SK-00761,S003>S015>S012,4,0.0665317100486219,C
SK-00762,S003>S015>S013,4,0.2164311732641832,C
SK-00763,S003>S015>S014,4,0.2164311732641832,C
SK-00764,S004>S001>S002,4,1.322380853485683e-06,C
SK-00765,S004>S001>S003,4,0.2164311732641832,C
SK-00766,S004>S001>S005,4,5.230177638468788,C
SK-00767,S004>S001>S006,4,5.230177638468788,C
SK-00768,S004>S001>S007,4,5.230177638468788,C
SK-00769,S004>S001>S008,4,4.831365205739842,C
SK-00770,S004>S001>S009,4,2.38354601331298,C
SK-00771,S004>S001>S010,4,3.963477904678413,C
SK-00772,S004>S001>S011,4,5.230177638468788,C
SK-00773,S004>S001>S012,4,0.0665317100486219,C
SK-00774,S004>S001>S013,4,5.230177638468788,C
SK-00775,S004>S001>S014,4,2.762608774318465,C
SK-00776,S004>S001>S015,4,1.935778272530612,C
SK-00777,S004>S002>S001,4,1.322380853485683e-06,C
SK-00778,S004>S002>S003,4,1.322380853485683e-06,C
SK-00779,S004>S002>S005,4,1.322380853485683e-06,C
SK-00780,S004>S002>S006,4,1.322380853485683e-06,C
SK-00781,S004>S002>S007,4,1.322380853485683e-06,C
SK-00782,S004>S002>S008,4,1.322380853485683e-06,C
SK-00783,S004>S002>S009,4,1.322380853485683e-06,C
SK-00784,S004>S002>S010,4,1.322380853485683e-06,C
SK-00785,S004>S002>S011,4,1.322380853485683e-06,C
SK-00786,S004>S002>S012,4,1.322380853485683e-06,C
SK-00787,S004>S002>S013,4,1.322380853485683e-06,C
SK-00788,S004>S002>S014,4,1.322380853485683e-06,C
SK-00789,S004>S002>S015,4,1.322380853485683e-06,C
SK-00790,S004>S003>S001,4,0.2164311732641832,C
SK-00791,S004>S003>S002,4,1.322380853485683e-06,C
SK-00792,S004>S003>S005,4,0.2164311732641832,C
SK-00793,S004>S003>S006,4,0.2164311732641832,C
SK-00794,S004>S003>S007,4,0.2164311732641832,C
SK-00795,S004>S003>S008,4,0.2164311732641832,C
SK-00796,S004>S003>S009,4,0.2164311732641832,C
SK-00797,S004>S003>S010,4,0.2164311732641832,C
SK-00798,S004>S003>S011,4,0.2164311732641832,C
SK-00799,S004>S003>S012,4,0.0665317100486219,C
SK-00800,S004>S003>S013,4,0.2164311732641832,C
SK-00801,S004>S003>S014,4,0.2164311732641832,C
SK-00802,S004>S003>S015,4,0.2164311732641832,C
SK-00803,S004>S005>S001,4,5.230177638468788,C
SK-00804,S004>S005>S002,4,1.322380853485683e-06,C
SK-00805,S004>S005>S003,4,0.2164311732641832,C
SK-00806,S004>S005>S006,4,5.230177638468788,C
SK-00807,S004>S005>S007,4,5.230177638468788,C
SK-00808,S004>S005>S008,4,4.831365205739842,C
SK-00809,S004>S005>S009,4,2.38354601331298,C
SK-00810,S004>S005>S010,4,3.963477904678413,C
SK-00811,S004>S005>S011,4,5.230177638468788,C
SK-00812,S004>S005>S012,4,0.0665317100486219,C
SK-00813,S004>S005>S013,4,5.230177638468788,C
SK-00814,S004>S005>S014,4,2.762608774318465,C
SK-00815,S004>S005>S015,4,1.935778272530612,C
SK-00816,S004>S006>S001,4,4.189370740555972,C
SK-00817,S004>S006>S002,4,1.322380853485683e-06,C
SK-00818,S004>S006>S003,4,0.2164311732641832,C
SK-00819,S004>S006>S005,4,4.189370740555972,C
SK-00820,S004>S006>S007,4,4.189370740555972,C
SK-00821,S004>S006>S008,4,4.189370740555972,C
SK-00822,S004>S006>S009,4,2.38354601331298,C
SK-00823,S004>S006>S010,4,3.963477904678413,C
SK-00824,S004>S006>S011,4,4.189370740555972,C
SK-00825,S004>S006>S012,4,0.0665317100486219,C
SK-00826,S004>S006>S013,4,4.189370740555972,C
SK-00827,S004>S006>S014,4,2.762608774318465,C
SK-00828,S004>S006>S015,4,1.935778272530612,C
SK-00829,S004>S007>S001,4,5.230177638468788,C
SK-00830,S004>S007>S002,4,1.322380853485683e-06,C
SK-00831,S004>S007>S003,4,0.2164311732641832,C
SK-00832,S004>S007>S005,4,5.230177638468788,C
SK-00833,S004>S007>S006,4,5.230177638468788,C
SK-00834,S004>S007>S008,4,4.831365205739842,C
SK-00835,S004>S007>S009,4,2.38354601331298,C
SK-00836,S004>S007>S010,4,3.963477904678413,C
SK-00837,S004>S007>S011,4,5.230177638468788,C
SK-00838,S004>S007>S012,4,0.0665317100486219,C
SK-00839,S004>S007>S013,4,4.902788506246296,C
SK-00840,S004>S007>S014,4,2.762608774318465,C
SK-00841,S004>S007>S015,4,1.935778272530612,C
SK-00842,S004>S008>S001,4,5.230177638468788,C
SK-00843,S004>S008>S002,4,1.322380853485683e-06,C
SK-00844,S004>S008>S003,4,0.2164311732641832,C
SK-00845,S004>S008>S005,4,5.230177638468788,C
SK-00846,S004>S008>S006,4,4.845795140876845,C
SK-00847,S004>S008>S007,4,5.230177638468788,C
SK-00848,S004>S008>S009,4,2.38354601331298,C
SK-00849,S004>S008>S010,4,3.635742969819845,C
SK-00850,S004>S008>S011,4,5.230177638468788,C
SK-00851,S004>S008>S012,4,0.0665317100486219,C
SK-00852,S004>S008>S013,4,4.881031265443923,C
SK-00853,S004>S008>S014,4,2.18784292202227,C
SK-00854,S004>S008>S015,4,1.935778272530612,C
SK-00855,S004>S009>S001,4,2.38354601331298,C
SK-00856,S004>S009>S002,4,1.322380853485683e-06,C
SK-00857,S004>S009>S003,4,0.2164311732641832,C
SK-00858,S004>S009>S005,4,2.38354601331298,C
SK-00859,S004>S009>S006,4,2.38354601331298,C
SK-00860,S004>S009>S007,4,2.38354601331298,C
SK-00861,S004>S009>S008,4,2.38354601331298,C
SK-00862,S004>S009>S010,4,2.38354601331298,C
SK-00863,S004>S009>S011,4,2.38354601331298,C
SK-00864,S004>S009>S012,4,0.0665317100486219,C
SK-00865,S004>S009>S013,4,2.38354601331298,C
SK-00866,S004>S009>S014,4,2.38354601331298,C
SK-00867,S004>S009>S015,4,1.935778272530612,C
SK-00868,S004>S010>S001,4,3.963477904678413,C
SK-00869,S004>S010>S002,4,1.322380853485683e-06,C
SK-00870,S004>S010>S003,4,0.2164311732641832,C
SK-00871,S004>S010>S005,4,3.963477904678413,C
SK-00872,S004>S010>S006,4,3.963477904678413,C
SK-00873,S004>S010>S007,4,3.963477904678413,C
SK-00874,S004>S010>S008,4,3.635742969819845,C
SK-00875,S004>S010>S009,4,2.38354601331298,C
SK-00876,S004>S010>S011,4,3.963477904678413,C
SK-00877,S004>S010>S012,4,0.0665317100486219,C
SK-00878,S004>S010>S013,4,3.963477904678413,C
SK-00879,S004>S010>S014,4,2.762608774318465,C
SK-00880,S004>S010>S015,4,1.935778272530612,C
SK-00881,S004>S011>S001,4,5.230177638468788,C
SK-00882,S004>S011>S002,4,1.322380853485683e-06,C
SK-00883,S004>S011>S003,4,0.2164311732641832,C
SK-00884,S004>S011>S005,4,5.230177638468788,C
SK-00885,S004>S011>S006,4,5.230177638468788,C
SK-00886,S004>S011>S007,4,5.230177638468788,C
SK-00887,S004>S011>S008,4,4.831365205739842,C
SK-00888,S004>S011>S009,4,2.38354601331298,C
SK-00889,S004>S011>S010,4,3.963477904678413,C
SK-00890,S004>S011>S012,4,0.0665317100486219,C
SK-00891,S004>S011>S013,4,5.230177638468788,C
SK-00892,S004>S011>S014,4,2.762608774318465,C
SK-00893,S004>S011>S015,4,1.935778272530612,C
SK-00894,S004>S012>S001,4,0.0665317100486219,C
SK-00895,S004>S012>S002,4,1.322380853485683e-06,C
SK-00896,S004>S012>S003,4,0.0665317100486219,C
SK-00897,S004>S012>S005,4,0.0665317100486219,C
SK-00898,S004>S012>S006,4,0.0665317100486219,C
SK-00899,S004>S012>S007,4,0.0665317100486219,C
SK-00900,S004>S012>S008,4,0.0665317100486219,C
SK-00901,S004>S012>S009,4,0.0665317100486219,C
SK-00902,S004>S012>S010,4,0.0665317100486219,C
SK-00903,S004>S012>S011,4,0.0665317100486219,C
SK-00904,S004>S012>S013,4,0.0665317100486219,C
SK-00905,S004>S012>S014,4,0.0665317100486219,C
SK-00906,S004>S012>S015,4,0.0665317100486219,C
SK-00907,S004>S013>S001,4,5.230177638468788,C
SK-00908,S004>S013>S002,4,1.322380853485683e-06,C
SK-00909,S004>S013>S003,4,0.2164311732641832,C
SK-00910,S004>S013>S005,4,5.230177638468788,C
SK-00911,S004>S013>S006,4,5.196647073208851,C
SK-00912,S004>S013>S007,4,4.902788506246296,C
SK-00913,S004>S013>S008,4,4.831365205739842,C
SK-00914,S004>S013>S009,4,2.38354601331298,C
SK-00915,S004>S013>S010,4,3.963477904678413,C
SK-00916,S004>S013>S011,4,5.230177638468788,C
SK-00917,S004>S013>S012,4,0.0665317100486219,C
SK-00918,S004>S013>S014,4,2.762608774318465,C
SK-00919,S004>S013>S015,4,1.935778272530612,C
SK-00920,S004>S014>S001,4,2.762608774318465,C
SK-00921,S004>S014>S002,4,1.322380853485683e-06,C
SK-00922,S004>S014>S003,4,0.2164311732641832,C
SK-00923,S004>S014>S005,4,2.762608774318465,C
SK-00924,S004>S014>S006,4,2.762608774318465,C
SK-00925,S004>S014>S007,4,2.762608774318465,C
SK-00926,S004>S014>S008,4,2.18784292202227,C
SK-00927,S004>S014>S009,4,2.38354601331298,C
SK-00928,S004>S014>S010,4,2.762608774318465,C
SK-00929,S004>S014>S011,4,2.762608774318465,C
SK-00930,S004>S014>S012,4,0.0665317100486219,C
SK-00931,S004>S014>S013,4,2.762608774318465,C
SK-00932,S004>S014>S015,4,1.935778272530612,C
SK-00933,S005>S001>S002,4,1.322380853485683e-06,C
SK-00934,S005>S001>S003,4,0.2164311732641832,C
SK-00935,S005>S001>S004,4,5.230177638468788,C
SK-00936,S005>S001>S006,4,8.522413817803681,C
SK-00937,S005>S001>S007,4,8.522413817803681,C
SK-00938,S005>S001>S008,4,4.831365205739842,C
SK-00939,S005>S001>S009,4,2.38354601331298,C
SK-00940,S005>S001>S010,4,3.963477904678413,C
SK-00941,S005>S001>S011,4,8.522413817803681,C
SK-00942,S005>S001>S012,4,0.0665317100486219,C
SK-00943,S005>S001>S013,4,8.522413817803681,C
SK-00944,S005>S001>S014,4,2.762608774318465,C
SK-00945,S005>S001>S015,4,1.935778272530612,C
SK-00946,S005>S002>S001,4,1.322380853485683e-06,C
SK-00947,S005>S002>S003,4,1.322380853485683e-06,C
SK-00948,S005>S002>S004,4,1.322380853485683e-06,C
SK-00949,S005>S002>S006,4,1.322380853485683e-06,C
SK-00950,S005>S002>S007,4,1.322380853485683e-06,C
SK-00951,S005>S002>S008,4,1.322380853485683e-06,C
SK-00952,S005>S002>S009,4,1.322380853485683e-06,C
SK-00953,S005>S002>S010,4,1.322380853485683e-06,C
SK-00954,S005>S002>S011,4,1.322380853485683e-06,C
SK-00955,S005>S002>S012,4,1.322380853485683e-06,C
SK-00956,S005>S002>S013,4,1.322380853485683e-06,C
SK-00957,S005>S002>S014,4,1.322380853485683e-06,C
SK-00958,S005>S002>S015,4,1.322380853485683e-06,C
SK-00959,S005>S003>S001,4,0.2164311732641832,C
SK-00960,S005>S003>S002,4,1.322380853485683e-06,C
SK-00961,S005>S003>S004,4,0.2164311732641832,C
SK-00962,S005>S003>S006,4,0.2164311732641832,C
SK-00963,S005>S003>S007,4,0.2164311732641832,C
SK-00964,S005>S003>S008,4,0.2164311732641832,C
SK-00965,S005>S003>S009,4,0.2164311732641832,C
SK-00966,S005>S003>S010,4,0.2164311732641832,C
SK-00967,S005>S003>S011,4,0.2164311732641832,C
SK-00968,S005>S003>S012,4,0.0665317100486219,C
SK-00969,S005>S003>S013,4,0.2164311732641832,C
SK-00970,S005>S003>S014,4,0.2164311732641832,C
SK-00971,S005>S003>S015,4,0.2164311732641832,C
SK-00972,S005>S004>S001,4,8.522413817803681,C
SK-00973,S005>S004>S002,4,1.322380853485683e-06,C
SK-00974,S005>S004>S003,4,0.2164311732641832,C
SK-00975,S005>S004>S006,4,4.189370740555972,C
SK-00976,S005>S004>S007,4,8.522413817803681,C
SK-00977,S005>S004>S008,4,4.831365205739842,C
SK-00978,S005>S004>S009,4,2.38354601331298,C
SK-00979,S005>S004>S010,4,3.963477904678413,C
SK-00980,S005>S004>S011,4,8.325972071864612,C
SK-00981,S005>S004>S012,4,0.0665317100486219,C
SK-00982,S005>S004>S013,4,6.342940737201175,C
SK-00983,S005>S004>S014,4,2.762608774318465,C
SK-00984,S005>S006>S001,4,7.267107461609839,C
SK-00985,S005>S006>S002,4,1.322380853485683e-06,C
SK-00986,S005>S006>S003,4,0.2164311732641832,C
SK-00987,S005>S006>S004,4,4.189370740555972,C
SK-00988,S005>S006>S007,4,7.267107461609839,C
SK-00989,S005>S006>S008,4,4.831365205739842,C
SK-00990,S005>S006>S009,4,2.38354601331298,C
SK-00991,S005>S006>S010,4,3.963477904678413,C
SK-00992,S005>S006>S011,4,7.267107461609839,C
SK-00993,S005>S006>S012,4,0.0665317100486219,C
SK-00994,S005>S006>S013,4,5.196647073208851,C
SK-00995,S005>S006>S014,4,2.762608774318465,C
SK-00996,S005>S006>S015,4,1.935778272530612,C
SK-00997,S005>S007>S001,4,8.522413817803681,C
SK-00998,S005>S007>S002,4,1.322380853485683e-06,C
SK-00999,S005>S007>S003,4,0.2164311732641832,C
SK-01000,S005>S007>S004,4,5.230177638468788,C
SK-01001,S005>S007>S006,4,8.522413817803681,C
SK-01002,S005>S007>S008,4,4.831365205739842,C
SK-01003,S005>S007>S009,4,2.38354601331298,C
SK-01004,S005>S007>S010,4,3.963477904678413,C
SK-01005,S005>S007>S011,4,8.522413817803681,C
SK-01006,S005>S007>S012,4,0.0665317100486219,C
SK-01007,S005>S007>S013,4,4.902788506246296,C
SK-01008,S005>S007>S014,4,2.762608774318465,C
SK-01009,S005>S007>S015,4,1.935778272530612,C
SK-01010,S005>S008>S001,4,7.471889086681088,C
SK-01011,S005>S008>S002,4,1.322380853485683e-06,C
SK-01012,S005>S008>S003,4,0.2164311732641832,C
SK-01013,S005>S008>S004,4,5.230177638468788,C
SK-01014,S005>S008>S006,4,4.845795140876845,C
SK-01015,S005>S008>S007,4,8.522413817803681,C
SK-01016,S005>S008>S009,4,2.38354601331298,C
SK-01017,S005>S008>S010,4,3.635742969819845,C
SK-01018,S005>S008>S011,4,8.44690133906137,C
SK-01019,S005>S008>S012,4,0.0665317100486219,C
SK-01020,S005>S008>S013,4,4.881031265443923,C
SK-01021,S005>S008>S014,4,2.18784292202227,C
SK-01022,S005>S008>S015,4,1.935778272530612,C
SK-01023,S005>S009>S001,4,2.38354601331298,C
SK-01024,S005>S009>S002,4,1.322380853485683e-06,C
SK-01025,S005>S009>S003,4,0.2164311732641832,C
SK-01026,S005>S009>S004,4,2.38354601331298,C
SK-01027,S005>S009>S006,4,2.38354601331298,C
SK-01028,S005>S009>S007,4,2.38354601331298,C
SK-01029,S005>S009>S008,4,2.38354601331298,C
SK-01030,S005>S009>S010,4,2.38354601331298,C
SK-01031,S005>S009>S011,4,2.38354601331298,C
SK-01032,S005>S009>S012,4,0.0665317100486219,C
SK-01033,S005>S009>S013,4,2.38354601331298,C
SK-01034,S005>S009>S014,4,2.38354601331298,C
SK-01035,S005>S009>S015,4,1.935778272530612,C
SK-01036,S005>S010>S001,4,3.963477904678413,C
SK-01037,S005>S010>S002,4,1.322380853485683e-06,C
SK-01038,S005>S010>S003,4,0.2164311732641832,C
SK-01039,S005>S010>S004,4,3.963477904678413,C
SK-01040,S005>S010>S006,4,3.963477904678413,C
SK-01041,S005>S010>S007,4,3.963477904678413,C
SK-01042,S005>S010>S008,4,3.635742969819845,C
SK-01043,S005>S010>S009,4,2.38354601331298,C
SK-01044,S005>S010>S011,4,3.963477904678413,C
SK-01045,S005>S010>S012,4,0.0665317100486219,C
SK-01046,S005>S010>S013,4,3.963477904678413,C
SK-01047,S005>S010>S014,4,2.762608774318465,C
SK-01048,S005>S010>S015,4,1.935778272530612,C
SK-01049,S005>S011>S001,4,8.522413817803681,C
SK-01050,S005>S011>S002,4,1.322380853485683e-06,C
SK-01051,S005>S011>S003,4,0.2164311732641832,C
SK-01052,S005>S011>S004,4,5.230177638468788,C
SK-01053,S005>S011>S006,4,8.522413817803681,C
SK-01054,S005>S011>S007,4,8.522413817803681,C
SK-01055,S005>S011>S008,4,4.831365205739842,C
SK-01056,S005>S011>S009,4,2.38354601331298,C
SK-01057,S005>S011>S010,4,3.963477904678413,C
SK-01058,S005>S011>S012,4,0.0665317100486219,C
SK-01059,S005>S011>S013,4,8.522413817803681,C
SK-01060,S005>S011>S014,4,2.762608774318465,C
SK-01061,S005>S011>S015,4,1.935778272530612,C
SK-01062,S005>S012>S001,4,0.0665317100486219,C
SK-01063,S005>S012>S002,4,1.322380853485683e-06,C
SK-01064,S005>S012>S003,4,0.0665317100486219,C
SK-01065,S005>S012>S004,4,0.0665317100486219,C
SK-01066,S005>S012>S006,4,0.0665317100486219,C
SK-01067,S005>S012>S007,4,0.0665317100486219,C
SK-01068,S005>S012>S008,4,0.0665317100486219,C
SK-01069,S005>S012>S009,4,0.0665317100486219,C
SK-01070,S005>S012>S010,4,0.0665317100486219,C
SK-01071,S005>S012>S011,4,0.0665317100486219,C
SK-01072,S005>S012>S013,4,0.0665317100486219,C
SK-01073,S005>S012>S014,4,0.0665317100486219,C
SK-01074,S005>S012>S015,4,0.0665317100486219,C
SK-01075,S005>S013>S001,4,8.522413817803681,C
SK-01076,S005>S013>S002,4,1.322380853485683e-06,C
SK-01077,S005>S013>S003,4,0.2164311732641832,C
SK-01078,S005>S013>S004,4,5.230177638468788,C
SK-01079,S005>S013>S006,4,5.196647073208851,C
SK-01080,S005>S013>S007,4,4.902788506246296,C
SK-01081,S005>S013>S008,4,4.831365205739842,C
SK-01082,S005>S013>S009,4,2.38354601331298,C
SK-01083,S005>S013>S010,4,3.963477904678413,C
SK-01084,S005>S013>S011,4,8.522413817803681,C
SK-01085,S005>S013>S012,4,0.0665317100486219,C
SK-01086,S005>S013>S014,4,2.762608774318465,C
SK-01087,S005>S013>S015,4,1.935778272530612,C
SK-01088,S005>S014>S001,4,2.762608774318465,C
SK-01089,S005>S014>S002,4,1.322380853485683e-06,C
SK-01090,S005>S014>S003,4,0.2164311732641832,C
SK-01091,S005>S014>S004,4,2.762608774318465,C
SK-01092,S005>S014>S006,4,2.762608774318465,C
SK-01093,S005>S014>S007,4,2.762608774318465,C
SK-01094,S005>S014>S008,4,2.18784292202227,C
SK-01095,S005>S014>S009,4,2.38354601331298,C
SK-01096,S005>S014>S010,4,2.762608774318465,C
SK-01097,S005>S014>S011,4,2.762608774318465,C
SK-01098,S005>S014>S012,4,0.0665317100486219,C
SK-01099,S005>S014>S013,4,2.762608774318465,C
SK-01100,S005>S014>S015,4,1.935778272530612,C
SK-01101,S005>S015>S001,4,1.935778272530612,C
SK-01102,S005>S015>S002,4,1.322380853485683e-06,C
SK-01103,S005>S015>S003,4,0.2164311732641832,C
SK-01104,S005>S015>S006,4,1.935778272530612,C
SK-01105,S005>S015>S007,4,1.935778272530612,C
SK-01106,S005>S015>S008,4,1.935778272530612,C
SK-01107,S005>S015>S009,4,1.935778272530612,C
SK-01108,S005>S015>S010,4,1.935778272530612,C
SK-01109,S005>S015>S011,4,1.935778272530612,C
SK-01110,S005>S015>S012,4,0.0665317100486219,C
SK-01111,S005>S015>S013,4,1.935778272530612,C
SK-01112,S005>S015>S014,4,1.935778272530612,C
SK-01113,S006>S001>S002,4,1.322380853485683e-06,C
SK-01114,S006>S001>S003,4,0.2164311732641832,C
SK-01115,S006>S001>S004,4,5.230177638468788,C
SK-01116,S006>S001>S005,4,8.522413817803681,C
SK-01117,S006>S001>S007,4,8.723823284435028,C
SK-01118,S006>S001>S008,4,4.831365205739842,C
SK-01119,S006>S001>S009,4,2.38354601331298,C
SK-01120,S006>S001>S010,4,3.963477904678413,C
SK-01121,S006>S001>S011,4,inf,C
SK-01122,S006>S001>S012,4,0.0665317100486219,C
SK-01123,S006>S001>S013,4,9.29830404357554,C
SK-01124,S006>S001>S014,4,2.762608774318465,C
SK-01125,S006>S001>S015,4,1.935778272530612,C
SK-01126,S006>S002>S001,4,1.322380853485683e-06,C
SK-01127,S006>S002>S003,4,1.322380853485683e-06,C
SK-01128,S006>S002>S004,4,1.322380853485683e-06,C
SK-01129,S006>S002>S005,4,1.322380853485683e-06,C
SK-01130,S006>S002>S007,4,1.322380853485683e-06,C
SK-01131,S006>S002>S008,4,1.322380853485683e-06,C
SK-01132,S006>S002>S009,4,1.322380853485683e-06,C
SK-01133,S006>S002>S010,4,1.322380853485683e-06,C
SK-01134,S006>S002>S011,4,1.322380853485683e-06,C
SK-01135,S006>S002>S012,4,1.322380853485683e-06,C
SK-01136,S006>S002>S013,4,1.322380853485683e-06,C
SK-01137,S006>S002>S014,4,1.322380853485683e-06,C
SK-01138,S006>S002>S015,4,1.322380853485683e-06,C
SK-01139,S006>S003>S001,4,0.2164311732641832,C
SK-01140,S006>S003>S002,4,1.322380853485683e-06,C
SK-01141,S006>S003>S004,4,0.2164311732641832,C
SK-01142,S006>S003>S005,4,0.2164311732641832,C
SK-01143,S006>S003>S007,4,0.2164311732641832,C
SK-01144,S006>S003>S008,4,0.2164311732641832,C
SK-01145,S006>S003>S009,4,0.2164311732641832,C
SK-01146,S006>S003>S010,4,0.2164311732641832,C
SK-01147,S006>S003>S011,4,0.2164311732641832,C
SK-01148,S006>S003>S012,4,0.0665317100486219,C
SK-01149,S006>S003>S013,4,0.2164311732641832,C
SK-01150,S006>S003>S014,4,0.2164311732641832,C
SK-01151,S006>S003>S015,4,0.2164311732641832,C
SK-01152,S006>S004>S001,4,4.189370740555972,C
SK-01153,S006>S004>S002,4,1.322380853485683e-06,C
SK-01154,S006>S004>S003,4,0.2164311732641832,C
SK-01155,S006>S004>S005,4,4.189370740555972,C
SK-01156,S006>S004>S007,4,4.189370740555972,C
SK-01157,S006>S004>S008,4,4.189370740555972,C
SK-01158,S006>S004>S009,4,2.38354601331298,C
SK-01159,S006>S004>S010,4,3.963477904678413,C
SK-01160,S006>S004>S011,4,4.189370740555972,C
SK-01161,S006>S004>S012,4,0.0665317100486219,C
SK-01162,S006>S004>S013,4,4.189370740555972,C
SK-01163,S006>S004>S014,4,2.762608774318465,C
SK-01164,S006>S005>S001,4,7.267107461609839,C
SK-01165,S006>S005>S002,4,1.322380853485683e-06,C
SK-01166,S006>S005>S003,4,0.2164311732641832,C
SK-01167,S006>S005>S004,4,5.230177638468788,C
SK-01168,S006>S005>S007,4,7.267107461609839,C
SK-01169,S006>S005>S008,4,4.831365205739842,C
SK-01170,S006>S005>S009,4,2.38354601331298,C
SK-01171,S006>S005>S010,4,3.963477904678413,C
SK-01172,S006>S005>S011,4,7.267107461609839,C
SK-01173,S006>S005>S012,4,0.0665317100486219,C
SK-01174,S006>S005>S013,4,7.267107461609839,C
SK-01175,S006>S005>S014,4,2.762608774318465,C
SK-01176,S006>S005>S015,4,1.935778272530612,C
SK-01177,S006>S007>S001,4,8.723823284435028,C
SK-01178,S006>S007>S002,4,1.322380853485683e-06,C
SK-01179,S006>S007>S003,4,0.2164311732641832,C
SK-01180,S006>S007>S004,4,5.230177638468788,C
SK-01181,S006>S007>S005,4,8.522413817803681,C
SK-01182,S006>S007>S008,4,4.831365205739842,C
SK-01183,S006>S007>S009,4,2.38354601331298,C
SK-01184,S006>S007>S010,4,3.963477904678413,C
SK-01185,S006>S007>S011,4,13.897474773346405,C
SK-01186,S006>S007>S012,4,0.0665317100486219,C
SK-01187,S006>S007>S013,4,4.902788506246296,C
SK-01188,S006>S007>S014,4,2.762608774318465,C
SK-01189,S006>S007>S015,4,1.935778272530612,C
SK-01190,S006>S008>S001,4,4.845795140876845,C
SK-01191,S006>S008>S002,4,1.322380853485683e-06,C
SK-01192,S006>S008>S003,4,0.2164311732641832,C
SK-01193,S006>S008>S004,4,4.845795140876845,C
SK-01194,S006>S008>S005,4,4.845795140876845,C
SK-01195,S006>S008>S007,4,4.845795140876845,C
SK-01196,S006>S008>S009,4,2.38354601331298,C
SK-01197,S006>S008>S010,4,3.635742969819845,C
SK-01198,S006>S008>S011,4,4.845795140876845,C
SK-01199,S006>S008>S012,4,0.0665317100486219,C
SK-01200,S006>S008>S013,4,4.845795140876845,C
SK-01201,S006>S008>S014,4,2.18784292202227,C
SK-01202,S006>S008>S015,4,1.935778272530612,C
SK-01203,S006>S009>S001,4,2.38354601331298,C
SK-01204,S006>S009>S002,4,1.322380853485683e-06,C
SK-01205,S006>S009>S003,4,0.2164311732641832,C
SK-01206,S006>S009>S004,4,2.38354601331298,C
SK-01207,S006>S009>S005,4,2.38354601331298,C
SK-01208,S006>S009>S007,4,2.38354601331298,C
SK-01209,S006>S009>S008,4,2.38354601331298,C
SK-01210,S006>S009>S010,4,2.38354601331298,C
SK-01211,S006>S009>S011,4,2.38354601331298,C
SK-01212,S006>S009>S012,4,0.0665317100486219,C
SK-01213,S006>S009>S013,4,2.38354601331298,C
SK-01214,S006>S009>S014,4,2.38354601331298,C
SK-01215,S006>S009>S015,4,1.935778272530612,C
SK-01216,S006>S010>S001,4,3.963477904678413,C
SK-01217,S006>S010>S002,4,1.322380853485683e-06,C
SK-01218,S006>S010>S003,4,0.2164311732641832,C
SK-01219,S006>S010>S004,4,3.963477904678413,C
SK-01220,S006>S010>S005,4,3.963477904678413,C
SK-01221,S006>S010>S007,4,3.963477904678413,C
SK-01222,S006>S010>S008,4,3.635742969819845,C
SK-01223,S006>S010>S009,4,2.38354601331298,C
SK-01224,S006>S010>S011,4,3.963477904678413,C
SK-01225,S006>S010>S012,4,0.0665317100486219,C
SK-01226,S006>S010>S013,4,3.963477904678413,C
SK-01227,S006>S010>S014,4,2.762608774318465,C
SK-01228,S006>S010>S015,4,1.935778272530612,C
SK-01229,S006>S011>S001,4,inf,C
SK-01230,S006>S011>S002,4,1.322380853485683e-06,C
SK-01231,S006>S011>S003,4,0.2164311732641832,C
SK-01232,S006>S011>S004,4,5.230177638468788,C
SK-01233,S006>S011>S005,4,8.522413817803681,C
SK-01234,S006>S011>S007,4,9.881076683362563,C
SK-01235,S006>S011>S008,4,4.831365205739842,C
SK-01236,S006>S011>S009,4,2.38354601331298,C
SK-01237,S006>S011>S010,4,3.963477904678413,C
SK-01238,S006>S011>S012,4,0.0665317100486219,C
SK-01239,S006>S011>S013,4,8.648607052352475,C
SK-01240,S006>S011>S014,4,2.762608774318465,C
SK-01241,S006>S011>S015,4,1.935778272530612,C
SK-01242,S006>S012>S001,4,0.0665317100486219,C
SK-01243,S006>S012>S002,4,1.322380853485683e-06,C
SK-01244,S006>S012>S003,4,0.0665317100486219,C
SK-01245,S006>S012>S004,4,0.0665317100486219,C
SK-01246,S006>S012>S005,4,0.0665317100486219,C
SK-01247,S006>S012>S007,4,0.0665317100486219,C
SK-01248,S006>S012>S008,4,0.0665317100486219,C
SK-01249,S006>S012>S009,4,0.0665317100486219,C
SK-01250,S006>S012>S010,4,0.0665317100486219,C
SK-01251,S006>S012>S011,4,0.0665317100486219,C
SK-01252,S006>S012>S013,4,0.0665317100486219,C
SK-01253,S006>S012>S014,4,0.0665317100486219,C
SK-01254,S006>S012>S015,4,0.0665317100486219,C
SK-01255,S006>S013>S001,4,5.196647073208851,C
SK-01256,S006>S013>S002,4,1.322380853485683e-06,C
SK-01257,S006>S013>S003,4,0.2164311732641832,C
SK-01258,S006>S013>S004,4,5.196647073208851,C
SK-01259,S006>S013>S005,4,5.196647073208851,C
SK-01260,S006>S013>S007,4,4.902788506246296,C
SK-01261,S006>S013>S008,4,4.831365205739842,C
SK-01262,S006>S013>S009,4,2.38354601331298,C
SK-01263,S006>S013>S010,4,3.963477904678413,C
SK-01264,S006>S013>S011,4,5.196647073208851,C
SK-01265,S006>S013>S012,4,0.0665317100486219,C
SK-01266,S006>S013>S014,4,2.762608774318465,C
SK-01267,S006>S013>S015,4,1.935778272530612,C
SK-01268,S006>S014>S001,4,2.762608774318465,C
SK-01269,S006>S014>S002,4,1.322380853485683e-06,C
SK-01270,S006>S014>S003,4,0.2164311732641832,C
SK-01271,S006>S014>S004,4,2.762608774318465,C
SK-01272,S006>S014>S005,4,2.762608774318465,C
SK-01273,S006>S014>S007,4,2.762608774318465,C
SK-01274,S006>S014>S008,4,2.18784292202227,C
SK-01275,S006>S014>S009,4,2.38354601331298,C
SK-01276,S006>S014>S010,4,2.762608774318465,C
SK-01277,S006>S014>S011,4,2.762608774318465,C
SK-01278,S006>S014>S012,4,0.0665317100486219,C
SK-01279,S006>S014>S013,4,2.762608774318465,C
SK-01280,S006>S014>S015,4,1.935778272530612,C
SK-01281,S006>S015>S001,4,1.935778272530612,C
SK-01282,S006>S015>S002,4,1.322380853485683e-06,C
SK-01283,S006>S015>S003,4,0.2164311732641832,C
SK-01284,S006>S015>S005,4,1.935778272530612,C
SK-01285,S006>S015>S007,4,1.935778272530612,C
SK-01286,S006>S015>S008,4,1.935778272530612,C
SK-01287,S006>S015>S009,4,1.935778272530612,C
SK-01288,S006>S015>S010,4,1.935778272530612,C
SK-01289,S006>S015>S011,4,1.935778272530612,C
SK-01290,S006>S015>S012,4,0.0665317100486219,C
SK-01291,S006>S015>S013,4,1.935778272530612,C
SK-01292,S006>S015>S014,4,1.935778272530612,C
SK-01293,S007>S001>S002,4,1.322380853485683e-06,C
SK-01294,S007>S001>S003,4,0.2164311732641832,C
SK-01295,S007>S001>S004,4,5.230177638468788,C
SK-01296,S007>S001>S005,4,8.522413817803681,C
SK-01297,S007>S001>S006,4,8.723823284435028,C
SK-01298,S007>S001>S008,4,4.831365205739842,C
SK-01299,S007>S001>S009,4,2.38354601331298,C
SK-01300,S007>S001>S010,4,3.963477904678413,C
SK-01301,S007>S001>S011,4,8.723823284435028,C
SK-01302,S007>S001>S012,4,0.0665317100486219,C
SK-01303,S007>S001>S013,4,8.723823284435028,C
SK-01304,S007>S001>S014,4,2.762608774318465,C
SK-01305,S007>S001>S015,4,1.935778272530612,C
SK-01306,S007>S002>S001,4,1.322380853485683e-06,C
SK-01307,S007>S002>S003,4,1.322380853485683e-06,C
SK-01308,S007>S002>S004,4,1.322380853485683e-06,C
SK-01309,S007>S002>S005,4,1.322380853485683e-06,C
SK-01310,S007>S002>S006,4,1.322380853485683e-06,C
SK-01311,S007>S002>S008,4,1.322380853485683e-06,C
SK-01312,S007>S002>S009,4,1.322380853485683e-06,C
SK-01313,S007>S002>S010,4,1.322380853485683e-06,C
SK-01314,S007>S002>S011,4,1.322380853485683e-06,C
SK-01315,S007>S002>S012,4,1.322380853485683e-06,C
SK-01316,S007>S002>S013,4,1.322380853485683e-06,C
SK-01317,S007>S002>S014,4,1.322380853485683e-06,C
SK-01318,S007>S002>S015,4,1.322380853485683e-06,C
SK-01319,S007>S003>S001,4,0.2164311732641832,C
SK-01320,S007>S003>S002,4,1.322380853485683e-06,C
SK-01321,S007>S003>S004,4,0.2164311732641832,C
SK-01322,S007>S003>S005,4,0.2164311732641832,C
SK-01323,S007>S003>S006,4,0.2164311732641832,C
SK-01324,S007>S003>S008,4,0.2164311732641832,C
SK-01325,S007>S003>S009,4,0.2164311732641832,C
SK-01326,S007>S003>S010,4,0.2164311732641832,C
SK-01327,S007>S003>S011,4,0.2164311732641832,C
SK-01328,S007>S003>S012,4,0.0665317100486219,C
SK-01329,S007>S003>S013,4,0.2164311732641832,C
SK-01330,S007>S003>S014,4,0.2164311732641832,C
SK-01331,S007>S003>S015,4,0.2164311732641832,C
SK-01332,S007>S004>S001,4,9.122867768647865,C
SK-01333,S007>S004>S002,4,1.322380853485683e-06,C
SK-01334,S007>S004>S003,4,0.2164311732641832,C
SK-01335,S007>S004>S005,4,8.522413817803681,C
SK-01336,S007>S004>S006,4,4.189370740555972,C
SK-01337,S007>S004>S008,4,4.831365205739842,C
SK-01338,S007>S004>S009,4,2.38354601331298,C
SK-01339,S007>S004>S010,4,3.963477904678413,C
SK-01340,S007>S004>S011,4,8.325972071864612,C
SK-01341,S007>S004>S012,4,0.0665317100486219,C
SK-01342,S007>S004>S013,4,6.342940737201175,C
SK-01343,S007>S004>S014,4,2.762608774318465,C
SK-01344,S007>S005>S001,4,9.58391422285095,C
SK-01345,S007>S005>S002,4,1.322380853485683e-06,C
SK-01346,S007>S005>S003,4,0.2164311732641832,C
SK-01347,S007>S005>S004,4,5.230177638468788,C
SK-01348,S007>S005>S006,4,7.267107461609839,C
SK-01349,S007>S005>S008,4,4.831365205739842,C
SK-01350,S007>S005>S009,4,2.38354601331298,C
SK-01351,S007>S005>S010,4,3.963477904678413,C
SK-01352,S007>S005>S011,4,9.58391422285095,C
SK-01353,S007>S005>S012,4,0.0665317100486219,C
SK-01354,S007>S005>S013,4,8.656298124262774,C
SK-01355,S007>S005>S014,4,2.762608774318465,C
SK-01356,S007>S005>S015,4,1.935778272530612,C
SK-01357,S007>S006>S001,4,9.881076683362563,C
SK-01358,S007>S006>S002,4,1.322380853485683e-06,C
SK-01359,S007>S006>S003,4,0.2164311732641832,C
SK-01360,S007>S006>S004,4,4.189370740555972,C
SK-01361,S007>S006>S005,4,7.267107461609839,C
SK-01362,S007>S006>S008,4,4.831365205739842,C
SK-01363,S007>S006>S009,4,2.38354601331298,C
SK-01364,S007>S006>S010,4,3.963477904678413,C
SK-01365,S007>S006>S011,4,9.881076683362563,C
SK-01366,S007>S006>S012,4,0.0665317100486219,C
SK-01367,S007>S006>S013,4,5.196647073208851,C
SK-01368,S007>S006>S014,4,2.762608774318465,C
SK-01369,S007>S006>S015,4,1.935778272530612,C
SK-01370,S007>S008>S001,4,7.471889086681088,C
SK-01371,S007>S008>S002,4,1.322380853485683e-06,C
SK-01372,S007>S008>S003,4,0.2164311732641832,C
SK-01373,S007>S008>S004,4,5.230177638468788,C
SK-01374,S007>S008>S005,4,8.522413817803681,C
SK-01375,S007>S008>S006,4,4.845795140876845,C
SK-01376,S007>S008>S009,4,2.38354601331298,C
SK-01377,S007>S008>S010,4,3.635742969819845,C
SK-01378,S007>S008>S011,4,8.44690133906137,C
SK-01379,S007>S008>S012,4,0.0665317100486219,C
SK-01380,S007>S008>S013,4,4.881031265443923,C
SK-01381,S007>S008>S014,4,2.18784292202227,C
SK-01382,S007>S008>S015,4,1.935778272530612,C
SK-01383,S007>S009>S001,4,2.38354601331298,C
SK-01384,S007>S009>S002,4,1.322380853485683e-06,C
SK-01385,S007>S009>S003,4,0.2164311732641832,C
SK-01386,S007>S009>S004,4,2.38354601331298,C
SK-01387,S007>S009>S005,4,2.38354601331298,C
SK-01388,S007>S009>S006,4,2.38354601331298,C
SK-01389,S007>S009>S008,4,2.38354601331298,C
SK-01390,S007>S009>S010,4,2.38354601331298,C
SK-01391,S007>S009>S011,4,2.38354601331298,C
SK-01392,S007>S009>S012,4,0.0665317100486219,C
SK-01393,S007>S009>S013,4,2.38354601331298,C
SK-01394,S007>S009>S014,4,2.38354601331298,C
SK-01395,S007>S009>S015,4,1.935778272530612,C
SK-01396,S007>S010>S001,4,3.963477904678413,C
SK-01397,S007>S010>S002,4,1.322380853485683e-06,C
SK-01398,S007>S010>S003,4,0.2164311732641832,C
SK-01399,S007>S010>S004,4,3.963477904678413,C
SK-01400,S007>S010>S005,4,3.963477904678413,C
SK-01401,S007>S010>S006,4,3.963477904678413,C
SK-01402,S007>S010>S008,4,3.635742969819845,C
SK-01403,S007>S010>S009,4,2.38354601331298,C
SK-01404,S007>S010>S011,4,3.963477904678413,C
SK-01405,S007>S010>S012,4,0.0665317100486219,C
SK-01406,S007>S010>S013,4,3.963477904678413,C
SK-01407,S007>S010>S014,4,2.762608774318465,C
SK-01408,S007>S010>S015,4,1.935778272530612,C
SK-01409,S007>S011>S001,4,9.881076683362563,C
SK-01410,S007>S011>S002,4,1.322380853485683e-06,C
SK-01411,S007>S011>S003,4,0.2164311732641832,C
SK-01412,S007>S011>S004,4,5.230177638468788,C
SK-01413,S007>S011>S005,4,8.522413817803681,C
SK-01414,S007>S011>S006,4,9.881076683362563,C
SK-01415,S007>S011>S008,4,4.831365205739842,C
SK-01416,S007>S011>S009,4,2.38354601331298,C
SK-01417,S007>S011>S010,4,3.963477904678413,C
SK-01418,S007>S011>S012,4,0.0665317100486219,C
SK-01419,S007>S011>S013,4,8.648607052352475,C
SK-01420,S007>S011>S014,4,2.762608774318465,C
SK-01421,S007>S011>S015,4,1.935778272530612,C
SK-01422,S007>S012>S001,4,0.0665317100486219,C
SK-01423,S007>S012>S002,4,1.322380853485683e-06,C
SK-01424,S007>S012>S003,4,0.0665317100486219,C
SK-01425,S007>S012>S004,4,0.0665317100486219,C
SK-01426,S007>S012>S005,4,0.0665317100486219,C
SK-01427,S007>S012>S006,4,0.0665317100486219,C
SK-01428,S007>S012>S008,4,0.0665317100486219,C
SK-01429,S007>S012>S009,4,0.0665317100486219,C
SK-01430,S007>S012>S010,4,0.0665317100486219,C
SK-01431,S007>S012>S011,4,0.0665317100486219,C
SK-01432,S007>S012>S013,4,0.0665317100486219,C
SK-01433,S007>S012>S014,4,0.0665317100486219,C
SK-01434,S007>S012>S015,4,0.0665317100486219,C
SK-01435,S007>S013>S001,4,4.902788506246296,C
SK-01436,S007>S013>S002,4,1.322380853485683e-06,C
SK-01437,S007>S013>S003,4,0.2164311732641832,C
SK-01438,S007>S013>S004,4,4.902788506246296,C
SK-01439,S007>S013>S005,4,4.902788506246296,C
SK-01440,S007>S013>S006,4,4.902788506246296,C
SK-01441,S007>S013>S008,4,4.831365205739842,C
SK-01442,S007>S013>S009,4,2.38354601331298,C
SK-01443,S007>S013>S010,4,3.963477904678413,C
SK-01444,S007>S013>S011,4,4.902788506246296,C
SK-01445,S007>S013>S012,4,0.0665317100486219,C
SK-01446,S007>S013>S014,4,2.762608774318465,C
SK-01447,S007>S013>S015,4,1.935778272530612,C
SK-01448,S007>S014>S001,4,2.762608774318465,C
SK-01449,S007>S014>S002,4,1.322380853485683e-06,C
SK-01450,S007>S014>S003,4,0.2164311732641832,C
SK-01451,S007>S014>S004,4,2.762608774318465,C
SK-01452,S007>S014>S005,4,2.762608774318465,C
SK-01453,S007>S014>S006,4,2.762608774318465,C
SK-01454,S007>S014>S008,4,2.18784292202227,C
SK-01455,S007>S014>S009,4,2.38354601331298,C
SK-01456,S007>S014>S010,4,2.762608774318465,C
SK-01457,S007>S014>S011,4,2.762608774318465,C
SK-01458,S007>S014>S012,4,0.0665317100486219,C
SK-01459,S007>S014>S013,4,2.762608774318465,C
SK-01460,S007>S014>S015,4,1.935778272530612,C
SK-01461,S007>S015>S001,4,1.935778272530612,C
SK-01462,S007>S015>S002,4,1.322380853485683e-06,C
SK-01463,S007>S015>S003,4,0.2164311732641832,C
SK-01464,S007>S015>S005,4,1.935778272530612,C
SK-01465,S007>S015>S006,4,1.935778272530612,C
SK-01466,S007>S015>S008,4,1.935778272530612,C
SK-01467,S007>S015>S009,4,1.935778272530612,C
SK-01468,S007>S015>S010,4,1.935778272530612,C
SK-01469,S007>S015>S011,4,1.935778272530612,C
SK-01470,S007>S015>S012,4,0.0665317100486219,C
SK-01471,S007>S015>S013,4,1.935778272530612,C
SK-01472,S007>S015>S014,4,1.935778272530612,C
SK-01473,S008>S001>S002,4,1.322380853485683e-06,C
SK-01474,S008>S001>S003,4,0.2164311732641832,C
SK-01475,S008>S001>S004,4,4.831365205739842,C
SK-01476,S008>S001>S005,4,4.831365205739842,C
SK-01477,S008>S001>S006,4,4.831365205739842,C
SK-01478,S008>S001>S007,4,4.831365205739842,C
SK-01479,S008>S001>S009,4,2.38354601331298,C
SK-01480,S008>S001>S010,4,3.963477904678413,C
SK-01481,S008>S001>S011,4,4.831365205739842,C
SK-01482,S008>S001>S012,4,0.0665317100486219,C
SK-01483,S008>S001>S013,4,4.831365205739842,C
SK-01484,S008>S001>S014,4,2.762608774318465,C
SK-01485,S008>S001>S015,4,1.935778272530612,C
SK-01486,S008>S002>S001,4,1.322380853485683e-06,C
SK-01487,S008>S002>S003,4,1.322380853485683e-06,C
SK-01488,S008>S002>S004,4,1.322380853485683e-06,C
SK-01489,S008>S002>S005,4,1.322380853485683e-06,C
SK-01490,S008>S002>S006,4,1.322380853485683e-06,C
SK-01491,S008>S002>S007,4,1.322380853485683e-06,C
SK-01492,S008>S002>S009,4,1.322380853485683e-06,C
SK-01493,S008>S002>S010,4,1.322380853485683e-06,C
SK-01494,S008>S002>S011,4,1.322380853485683e-06,C
SK-01495,S008>S002>S012,4,1.322380853485683e-06,C
SK-01496,S008>S002>S013,4,1.322380853485683e-06,C
SK-01497,S008>S002>S014,4,1.322380853485683e-06,C
SK-01498,S008>S002>S015,4,1.322380853485683e-06,C
SK-01499,S008>S003>S001,4,0.2164311732641832,C
SK-01500,S008>S003>S002,4,1.322380853485683e-06,C
SK-01501,S008>S003>S004,4,0.2164311732641832,C
SK-01502,S008>S003>S005,4,0.2164311732641832,C
SK-01503,S008>S003>S006,4,0.2164311732641832,C
SK-01504,S008>S003>S007,4,0.2164311732641832,C
SK-01505,S008>S003>S009,4,0.2164311732641832,C
SK-01506,S008>S003>S010,4,0.2164311732641832,C
SK-01507,S008>S003>S011,4,0.2164311732641832,C
SK-01508,S008>S003>S012,4,0.0665317100486219,C
SK-01509,S008>S003>S013,4,0.2164311732641832,C
SK-01510,S008>S003>S014,4,0.2164311732641832,C
SK-01511,S008>S003>S015,4,0.2164311732641832,C
SK-01512,S008>S004>S001,4,4.831365205739842,C
SK-01513,S008>S004>S002,4,1.322380853485683e-06,C
SK-01514,S008>S004>S003,4,0.2164311732641832,C
SK-01515,S008>S004>S005,4,4.831365205739842,C
SK-01516,S008>S004>S006,4,4.189370740555972,C
SK-01517,S008>S004>S007,4,4.831365205739842,C
SK-01518,S008>S004>S009,4,2.38354601331298,C
SK-01519,S008>S004>S010,4,3.963477904678413,C
SK-01520,S008>S004>S011,4,4.831365205739842,C
SK-01521,S008>S004>S012,4,0.0665317100486219,C
SK-01522,S008>S004>S013,4,4.831365205739842,C
SK-01523,S008>S004>S014,4,2.762608774318465,C
SK-01524,S008>S005>S001,4,4.831365205739842,C
SK-01525,S008>S005>S002,4,1.322380853485683e-06,C
SK-01526,S008>S005>S003,4,0.2164311732641832,C
SK-01527,S008>S005>S004,4,4.831365205739842,C
SK-01528,S008>S005>S006,4,4.831365205739842,C
SK-01529,S008>S005>S007,4,4.831365205739842,C
SK-01530,S008>S005>S009,4,2.38354601331298,C
SK-01531,S008>S005>S010,4,3.963477904678413,C
SK-01532,S008>S005>S011,4,4.831365205739842,C
SK-01533,S008>S005>S012,4,0.0665317100486219,C
SK-01534,S008>S005>S013,4,4.831365205739842,C
SK-01535,S008>S005>S014,4,2.762608774318465,C
SK-01536,S008>S005>S015,4,1.935778272530612,C
SK-01537,S008>S006>S001,4,4.831365205739842,C
SK-01538,S008>S006>S002,4,1.322380853485683e-06,C
SK-01539,S008>S006>S003,4,0.2164311732641832,C
SK-01540,S008>S006>S004,4,4.189370740555972,C
SK-01541,S008>S006>S005,4,4.831365205739842,C
SK-01542,S008>S006>S007,4,4.831365205739842,C
SK-01543,S008>S006>S009,4,2.38354601331298,C
SK-01544,S008>S006>S010,4,3.963477904678413,C
SK-01545,S008>S006>S011,4,4.831365205739842,C
SK-01546,S008>S006>S012,4,0.0665317100486219,C
SK-01547,S008>S006>S013,4,4.831365205739842,C
SK-01548,S008>S006>S014,4,2.762608774318465,C
SK-01549,S008>S006>S015,4,1.935778272530612,C
SK-01550,S008>S007>S001,4,4.831365205739842,C
SK-01551,S008>S007>S002,4,1.322380853485683e-06,C
SK-01552,S008>S007>S003,4,0.2164311732641832,C
SK-01553,S008>S007>S004,4,4.831365205739842,C
SK-01554,S008>S007>S005,4,4.831365205739842,C
SK-01555,S008>S007>S006,4,4.831365205739842,C
SK-01556,S008>S007>S009,4,2.38354601331298,C
SK-01557,S008>S007>S010,4,3.963477904678413,C
SK-01558,S008>S007>S011,4,4.831365205739842,C
SK-01559,S008>S007>S012,4,0.0665317100486219,C
SK-01560,S008>S007>S013,4,4.831365205739842,C
SK-01561,S008>S007>S014,4,2.762608774318465,C
SK-01562,S008>S007>S015,4,1.935778272530612,C
SK-01563,S008>S009>S001,4,2.38354601331298,C
SK-01564,S008>S009>S002,4,1.322380853485683e-06,C
SK-01565,S008>S009>S003,4,0.2164311732641832,C
SK-01566,S008>S009>S004,4,2.38354601331298,C
SK-01567,S008>S009>S005,4,2.38354601331298,C
SK-01568,S008>S009>S006,4,2.38354601331298,C
SK-01569,S008>S009>S007,4,2.38354601331298,C
SK-01570,S008>S009>S010,4,2.38354601331298,C
SK-01571,S008>S009>S011,4,2.38354601331298,C
SK-01572,S008>S009>S012,4,0.0665317100486219,C
SK-01573,S008>S009>S013,4,2.38354601331298,C
SK-01574,S008>S009>S014,4,2.38354601331298,C
SK-01575,S008>S009>S015,4,1.935778272530612,C
SK-01576,S008>S010>S001,4,3.635742969819845,C
SK-01577,S008>S010>S002,4,1.322380853485683e-06,C
SK-01578,S008>S010>S003,4,0.2164311732641832,C
SK-01579,S008>S010>S004,4,3.635742969819845,C
SK-01580,S008>S010>S005,4,3.635742969819845,C
SK-01581,S008>S010>S006,4,3.635742969819845,C
SK-01582,S008>S010>S007,4,3.635742969819845,C
SK-01583,S008>S010>S009,4,2.38354601331298,C
SK-01584,S008>S010>S011,4,3.635742969819845,C
SK-01585,S008>S010>S012,4,0.0665317100486219,C
SK-01586,S008>S010>S013,4,3.635742969819845,C
SK-01587,S008>S010>S014,4,2.762608774318465,C
SK-01588,S008>S010>S015,4,1.935778272530612,C
SK-01589,S008>S011>S001,4,4.831365205739842,C
SK-01590,S008>S011>S002,4,1.322380853485683e-06,C
SK-01591,S008>S011>S003,4,0.2164311732641832,C
SK-01592,S008>S011>S004,4,4.831365205739842,C
SK-01593,S008>S011>S005,4,4.831365205739842,C
SK-01594,S008>S011>S006,4,4.831365205739842,C
SK-01595,S008>S011>S007,4,4.831365205739842,C
SK-01596,S008>S011>S009,4,2.38354601331298,C
SK-01597,S008>S011>S010,4,3.963477904678413,C
SK-01598,S008>S011>S012,4,0.0665317100486219,C
SK-01599,S008>S011>S013,4,4.831365205739842,C
SK-01600,S008>S011>S014,4,2.762608774318465,C
SK-01601,S008>S011>S015,4,1.935778272530612,C
SK-01602,S008>S012>S001,4,0.0665317100486219,C
SK-01603,S008>S012>S002,4,1.322380853485683e-06,C
SK-01604,S008>S012>S003,4,0.0665317100486219,C
SK-01605,S008>S012>S004,4,0.0665317100486219,C
SK-01606,S008>S012>S005,4,0.0665317100486219,C
SK-01607,S008>S012>S006,4,0.0665317100486219,C
SK-01608,S008>S012>S007,4,0.0665317100486219,C
SK-01609,S008>S012>S009,4,0.0665317100486219,C
SK-01610,S008>S012>S010,4,0.0665317100486219,C
SK-01611,S008>S012>S011,4,0.0665317100486219,C
SK-01612,S008>S012>S013,4,0.0665317100486219,C
SK-01613,S008>S012>S014,4,0.0665317100486219,C
SK-01614,S008>S012>S015,4,0.0665317100486219,C
SK-01615,S008>S013>S001,4,4.831365205739842,C
SK-01616,S008>S013>S002,4,1.322380853485683e-06,C
SK-01617,S008>S013>S003,4,0.2164311732641832,C
SK-01618,S008>S013>S004,4,4.831365205739842,C
SK-01619,S008>S013>S005,4,4.831365205739842,C
SK-01620,S008>S013>S006,4,4.831365205739842,C
SK-01621,S008>S013>S007,4,4.831365205739842,C
SK-01622,S008>S013>S009,4,2.38354601331298,C
SK-01623,S008>S013>S010,4,3.963477904678413,C
SK-01624,S008>S013>S011,4,4.831365205739842,C
SK-01625,S008>S013>S012,4,0.0665317100486219,C
SK-01626,S008>S013>S014,4,2.762608774318465,C
SK-01627,S008>S013>S015,4,1.935778272530612,C
SK-01628,S008>S014>S001,4,2.18784292202227,C
SK-01629,S008>S014>S002,4,1.322380853485683e-06,C
SK-01630,S008>S014>S003,4,0.2164311732641832,C
SK-01631,S008>S014>S004,4,2.18784292202227,C
SK-01632,S008>S014>S005,4,2.18784292202227,C
SK-01633,S008>S014>S006,4,2.18784292202227,C
SK-01634,S008>S014>S007,4,2.18784292202227,C
SK-01635,S008>S014>S009,4,2.18784292202227,C
SK-01636,S008>S014>S010,4,2.18784292202227,C
SK-01637,S008>S014>S011,4,2.18784292202227,C
SK-01638,S008>S014>S012,4,0.0665317100486219,C
SK-01639,S008>S014>S013,4,2.18784292202227,C
SK-01640,S008>S014>S015,4,1.935778272530612,C
SK-01641,S008>S015>S001,4,1.935778272530612,C
SK-01642,S008>S015>S002,4,1.322380853485683e-06,C
SK-01643,S008>S015>S003,4,0.2164311732641832,C
SK-01644,S008>S015>S005,4,1.935778272530612,C
SK-01645,S008>S015>S006,4,1.935778272530612,C
SK-01646,S008>S015>S007,4,1.935778272530612,C
SK-01647,S008>S015>S009,4,1.935778272530612,C
SK-01648,S008>S015>S010,4,1.935778272530612,C
SK-01649,S008>S015>S011,4,1.935778272530612,C
SK-01650,S008>S015>S012,4,0.0665317100486219,C
SK-01651,S008>S015>S013,4,1.935778272530612,C
SK-01652,S008>S015>S014,4,1.935778272530612,C
SK-01653,S009>S001>S002,4,1.322380853485683e-06,C
SK-01654,S009>S001>S003,4,0.2164311732641832,C
SK-01655,S009>S001>S004,4,2.38354601331298,C
SK-01656,S009>S001>S005,4,2.38354601331298,C
SK-01657,S009>S001>S006,4,2.38354601331298,C
SK-01658,S009>S001>S007,4,2.38354601331298,C
SK-01659,S009>S001>S008,4,2.38354601331298,C
SK-01660,S009>S001>S010,4,2.38354601331298,C
SK-01661,S009>S001>S011,4,2.38354601331298,C
SK-01662,S009>S001>S012,4,0.0665317100486219,C
SK-01663,S009>S001>S013,4,2.38354601331298,C
SK-01664,S009>S001>S014,4,2.38354601331298,C
SK-01665,S009>S001>S015,4,1.935778272530612,C
SK-01666,S009>S002>S001,4,1.322380853485683e-06,C
SK-01667,S009>S002>S003,4,1.322380853485683e-06,C
SK-01668,S009>S002>S004,4,1.322380853485683e-06,C
SK-01669,S009>S002>S005,4,1.322380853485683e-06,C
SK-01670,S009>S002>S006,4,1.322380853485683e-06,C
SK-01671,S009>S002>S007,4,1.322380853485683e-06,C
SK-01672,S009>S002>S008,4,1.322380853485683e-06,C
SK-01673,S009>S002>S010,4,1.322380853485683e-06,C
SK-01674,S009>S002>S011,4,1.322380853485683e-06,C
SK-01675,S009>S002>S012,4,1.322380853485683e-06,C
SK-01676,S009>S002>S013,4,1.322380853485683e-06,C
SK-01677,S009>S002>S014,4,1.322380853485683e-06,C
SK-01678,S009>S002>S015,4,1.322380853485683e-06,C
SK-01679,S009>S003>S001,4,0.2164311732641832,C
SK-01680,S009>S003>S002,4,1.322380853485683e-06,C
SK-01681,S009>S003>S004,4,0.2164311732641832,C
SK-01682,S009>S003>S005,4,0.2164311732641832,C
SK-01683,S009>S003>S006,4,0.2164311732641832,C
SK-01684,S009>S003>S007,4,0.2164311732641832,C
SK-01685,S009>S003>S008,4,0.2164311732641832,C
SK-01686,S009>S003>S010,4,0.2164311732641832,C
SK-01687,S009>S003>S011,4,0.2164311732641832,C
SK-01688,S009>S003>S012,4,0.0665317100486219,C
SK-01689,S009>S003>S013,4,0.2164311732641832,C
SK-01690,S009>S003>S014,4,0.2164311732641832,C
SK-01691,S009>S003>S015,4,0.2164311732641832,C
SK-01692,S009>S004>S001,4,2.38354601331298,C
SK-01693,S009>S004>S002,4,1.322380853485683e-06,C
SK-01694,S009>S004>S003,4,0.2164311732641832,C
SK-01695,S009>S004>S005,4,2.38354601331298,C
SK-01696,S009>S004>S006,4,2.38354601331298,C
SK-01697,S009>S004>S007,4,2.38354601331298,C
SK-01698,S009>S004>S008,4,2.38354601331298,C
SK-01699,S009>S004>S010,4,2.38354601331298,C
SK-01700,S009>S004>S011,4,2.38354601331298,C
SK-01701,S009>S004>S012,4,0.0665317100486219,C
SK-01702,S009>S004>S013,4,2.38354601331298,C
SK-01703,S009>S004>S014,4,2.38354601331298,C
SK-01704,S009>S005>S001,4,2.38354601331298,C
SK-01705,S009>S005>S002,4,1.322380853485683e-06,C
SK-01706,S009>S005>S003,4,0.2164311732641832,C
SK-01707,S009>S005>S004,4,2.38354601331298,C
SK-01708,S009>S005>S006,4,2.38354601331298,C
SK-01709,S009>S005>S007,4,2.38354601331298,C
SK-01710,S009>S005>S008,4,2.38354601331298,C
SK-01711,S009>S005>S010,4,2.38354601331298,C
SK-01712,S009>S005>S011,4,2.38354601331298,C
SK-01713,S009>S005>S012,4,0.0665317100486219,C
SK-01714,S009>S005>S013,4,2.38354601331298,C
SK-01715,S009>S005>S014,4,2.38354601331298,C
SK-01716,S009>S005>S015,4,1.935778272530612,C
SK-01717,S009>S006>S001,4,2.38354601331298,C
SK-01718,S009>S006>S002,4,1.322380853485683e-06,C
SK-01719,S009>S006>S003,4,0.2164311732641832,C
SK-01720,S009>S006>S004,4,2.38354601331298,C
SK-01721,S009>S006>S005,4,2.38354601331298,C
SK-01722,S009>S006>S007,4,2.38354601331298,C
SK-01723,S009>S006>S008,4,2.38354601331298,C
SK-01724,S009>S006>S010,4,2.38354601331298,C
SK-01725,S009>S006>S011,4,2.38354601331298,C
SK-01726,S009>S006>S012,4,0.0665317100486219,C
SK-01727,S009>S006>S013,4,2.38354601331298,C
SK-01728,S009>S006>S014,4,2.38354601331298,C
SK-01729,S009>S006>S015,4,1.935778272530612,C
SK-01730,S009>S007>S001,4,2.38354601331298,C
SK-01731,S009>S007>S002,4,1.322380853485683e-06,C
SK-01732,S009>S007>S003,4,0.2164311732641832,C
SK-01733,S009>S007>S004,4,2.38354601331298,C
SK-01734,S009>S007>S005,4,2.38354601331298,C
SK-01735,S009>S007>S006,4,2.38354601331298,C
SK-01736,S009>S007>S008,4,2.38354601331298,C
SK-01737,S009>S007>S010,4,2.38354601331298,C
SK-01738,S009>S007>S011,4,2.38354601331298,C
SK-01739,S009>S007>S012,4,0.0665317100486219,C
SK-01740,S009>S007>S013,4,2.38354601331298,C
SK-01741,S009>S007>S014,4,2.38354601331298,C
SK-01742,S009>S007>S015,4,1.935778272530612,C
SK-01743,S009>S008>S001,4,2.38354601331298,C
SK-01744,S009>S008>S002,4,1.322380853485683e-06,C
SK-01745,S009>S008>S003,4,0.2164311732641832,C
SK-01746,S009>S008>S004,4,2.38354601331298,C
SK-01747,S009>S008>S005,4,2.38354601331298,C
SK-01748,S009>S008>S006,4,2.38354601331298,C
SK-01749,S009>S008>S007,4,2.38354601331298,C
SK-01750,S009>S008>S010,4,2.38354601331298,C
SK-01751,S009>S008>S011,4,2.38354601331298,C
SK-01752,S009>S008>S012,4,0.0665317100486219,C
SK-01753,S009>S008>S013,4,2.38354601331298,C
SK-01754,S009>S008>S014,4,2.18784292202227,C
SK-01755,S009>S008>S015,4,1.935778272530612,C
SK-01756,S009>S010>S001,4,2.38354601331298,C
SK-01757,S009>S010>S002,4,1.322380853485683e-06,C
SK-01758,S009>S010>S003,4,0.2164311732641832,C
SK-01759,S009>S010>S004,4,2.38354601331298,C
SK-01760,S009>S010>S005,4,2.38354601331298,C
SK-01761,S009>S010>S006,4,2.38354601331298,C
SK-01762,S009>S010>S007,4,2.38354601331298,C
SK-01763,S009>S010>S008,4,2.38354601331298,C
SK-01764,S009>S010>S011,4,2.38354601331298,C
SK-01765,S009>S010>S012,4,0.0665317100486219,C
SK-01766,S009>S010>S013,4,2.38354601331298,C
SK-01767,S009>S010>S014,4,2.38354601331298,C
SK-01768,S009>S010>S015,4,1.935778272530612,C
SK-01769,S009>S011>S001,4,2.38354601331298,C
SK-01770,S009>S011>S002,4,1.322380853485683e-06,C
SK-01771,S009>S011>S003,4,0.2164311732641832,C
SK-01772,S009>S011>S004,4,2.38354601331298,C
SK-01773,S009>S011>S005,4,2.38354601331298,C
SK-01774,S009>S011>S006,4,2.38354601331298,C
SK-01775,S009>S011>S007,4,2.38354601331298,C
SK-01776,S009>S011>S008,4,2.38354601331298,C
SK-01777,S009>S011>S010,4,2.38354601331298,C
SK-01778,S009>S011>S012,4,0.0665317100486219,C
SK-01779,S009>S011>S013,4,2.38354601331298,C
SK-01780,S009>S011>S014,4,2.38354601331298,C
SK-01781,S009>S011>S015,4,1.935778272530612,C
SK-01782,S009>S012>S001,4,0.0665317100486219,C
SK-01783,S009>S012>S002,4,1.322380853485683e-06,C
SK-01784,S009>S012>S003,4,0.0665317100486219,C
SK-01785,S009>S012>S004,4,0.0665317100486219,C
SK-01786,S009>S012>S005,4,0.0665317100486219,C
SK-01787,S009>S012>S006,4,0.0665317100486219,C
SK-01788,S009>S012>S007,4,0.0665317100486219,C
SK-01789,S009>S012>S008,4,0.0665317100486219,C
SK-01790,S009>S012>S010,4,0.0665317100486219,C
SK-01791,S009>S012>S011,4,0.0665317100486219,C
SK-01792,S009>S012>S013,4,0.0665317100486219,C
SK-01793,S009>S012>S014,4,0.0665317100486219,C
SK-01794,S009>S012>S015,4,0.0665317100486219,C
SK-01795,S009>S013>S001,4,2.38354601331298,C
SK-01796,S009>S013>S002,4,1.322380853485683e-06,C
SK-01797,S009>S013>S003,4,0.2164311732641832,C
SK-01798,S009>S013>S004,4,2.38354601331298,C
SK-01799,S009>S013>S005,4,2.38354601331298,C
SK-01800,S009>S013>S006,4,2.38354601331298,C
SK-01801,S009>S013>S007,4,2.38354601331298,C
SK-01802,S009>S013>S008,4,2.38354601331298,C
SK-01803,S009>S013>S010,4,2.38354601331298,C
SK-01804,S009>S013>S011,4,2.38354601331298,C
SK-01805,S009>S013>S012,4,0.0665317100486219,C
SK-01806,S009>S013>S014,4,2.38354601331298,C
SK-01807,S009>S013>S015,4,1.935778272530612,C
SK-01808,S009>S014>S001,4,2.38354601331298,C
SK-01809,S009>S014>S002,4,1.322380853485683e-06,C
SK-01810,S009>S014>S003,4,0.2164311732641832,C
SK-01811,S009>S014>S004,4,2.38354601331298,C
SK-01812,S009>S014>S005,4,2.38354601331298,C
SK-01813,S009>S014>S006,4,2.38354601331298,C
SK-01814,S009>S014>S007,4,2.38354601331298,C
SK-01815,S009>S014>S008,4,2.18784292202227,C
SK-01816,S009>S014>S010,4,2.38354601331298,C
SK-01817,S009>S014>S011,4,2.38354601331298,C
SK-01818,S009>S014>S012,4,0.0665317100486219,C
SK-01819,S009>S014>S013,4,2.38354601331298,C
SK-01820,S009>S014>S015,4,1.935778272530612,C
SK-01821,S009>S015>S001,4,1.935778272530612,C
SK-01822,S009>S015>S002,4,1.322380853485683e-06,C
SK-01823,S009>S015>S003,4,0.2164311732641832,C
SK-01824,S009>S015>S005,4,1.935778272530612,C
SK-01825,S009>S015>S006,4,1.935778272530612,C
SK-01826,S009>S015>S007,4,1.935778272530612,C
SK-01827,S009>S015>S008,4,1.935778272530612,C
SK-01828,S009>S015>S010,4,1.935778272530612,C
SK-01829,S009>S015>S011,4,1.935778272530612,C
SK-01830,S009>S015>S012,4,0.0665317100486219,C
SK-01831,S009>S015>S013,4,1.935778272530612,C
SK-01832,S009>S015>S014,4,1.935778272530612,C
SK-01833,S010>S001>S002,4,1.322380853485683e-06,C
SK-01834,S010>S001>S003,4,0.2164311732641832,C
SK-01835,S010>S001>S004,4,3.963477904678413,C
SK-01836,S010>S001>S005,4,3.963477904678413,C
SK-01837,S010>S001>S006,4,3.963477904678413,C
SK-01838,S010>S001>S007,4,3.963477904678413,C
SK-01839,S010>S001>S008,4,3.963477904678413,C
SK-01840,S010>S001>S009,4,2.38354601331298,C
SK-01841,S010>S001>S011,4,3.963477904678413,C
SK-01842,S010>S001>S012,4,0.0665317100486219,C
SK-01843,S010>S001>S013,4,3.963477904678413,C
SK-01844,S010>S001>S014,4,2.762608774318465,C
SK-01845,S010>S001>S015,4,1.935778272530612,C
SK-01846,S010>S002>S001,4,1.322380853485683e-06,C
SK-01847,S010>S002>S003,4,1.322380853485683e-06,C
SK-01848,S010>S002>S004,4,1.322380853485683e-06,C
SK-01849,S010>S002>S005,4,1.322380853485683e-06,C
SK-01850,S010>S002>S006,4,1.322380853485683e-06,C
SK-01851,S010>S002>S007,4,1.322380853485683e-06,C
SK-01852,S010>S002>S008,4,1.322380853485683e-06,C
SK-01853,S010>S002>S009,4,1.322380853485683e-06,C
SK-01854,S010>S002>S011,4,1.322380853485683e-06,C
SK-01855,S010>S002>S012,4,1.322380853485683e-06,C
SK-01856,S010>S002>S013,4,1.322380853485683e-06,C
SK-01857,S010>S002>S014,4,1.322380853485683e-06,C
SK-01858,S010>S002>S015,4,1.322380853485683e-06,C
SK-01859,S010>S003>S001,4,0.2164311732641832,C
SK-01860,S010>S003>S002,4,1.322380853485683e-06,C
SK-01861,S010>S003>S004,4,0.2164311732641832,C
SK-01862,S010>S003>S005,4,0.2164311732641832,C
SK-01863,S010>S003>S006,4,0.2164311732641832,C
SK-01864,S010>S003>S007,4,0.2164311732641832,C
SK-01865,S010>S003>S008,4,0.2164311732641832,C
SK-01866,S010>S003>S009,4,0.2164311732641832,C
SK-01867,S010>S003>S011,4,0.2164311732641832,C
SK-01868,S010>S003>S012,4,0.0665317100486219,C
SK-01869,S010>S003>S013,4,0.2164311732641832,C
SK-01870,S010>S003>S014,4,0.2164311732641832,C
SK-01871,S010>S003>S015,4,0.2164311732641832,C
SK-01872,S010>S004>S001,4,3.963477904678413,C
SK-01873,S010>S004>S002,4,1.322380853485683e-06,C
SK-01874,S010>S004>S003,4,0.2164311732641832,C
SK-01875,S010>S004>S005,4,3.963477904678413,C
SK-01876,S010>S004>S006,4,3.963477904678413,C
SK-01877,S010>S004>S007,4,3.963477904678413,C
SK-01878,S010>S004>S008,4,3.963477904678413,C
SK-01879,S010>S004>S009,4,2.38354601331298,C
SK-01880,S010>S004>S011,4,3.963477904678413,C
SK-01881,S010>S004>S012,4,0.0665317100486219,C
SK-01882,S010>S004>S013,4,3.963477904678413,C
SK-01883,S010>S004>S014,4,2.762608774318465,C
SK-01884,S010>S005>S001,4,3.963477904678413,C
SK-01885,S010>S005>S002,4,1.322380853485683e-06,C
SK-01886,S010>S005>S003,4,0.2164311732641832,C
SK-01887,S010>S005>S004,4,3.963477904678413,C
SK-01888,S010>S005>S006,4,3.963477904678413,C
SK-01889,S010>S005>S007,4,3.963477904678413,C
SK-01890,S010>S005>S008,4,3.963477904678413,C
SK-01891,S010>S005>S009,4,2.38354601331298,C
SK-01892,S010>S005>S011,4,3.963477904678413,C
SK-01893,S010>S005>S012,4,0.0665317100486219,C
SK-01894,S010>S005>S013,4,3.963477904678413,C
SK-01895,S010>S005>S014,4,2.762608774318465,C
SK-01896,S010>S005>S015,4,1.935778272530612,C
SK-01897,S010>S006>S001,4,3.963477904678413,C
SK-01898,S010>S006>S002,4,1.322380853485683e-06,C
SK-01899,S010>S006>S003,4,0.2164311732641832,C
SK-01900,S010>S006>S004,4,3.963477904678413,C
SK-01901,S010>S006>S005,4,3.963477904678413,C
SK-01902,S010>S006>S007,4,3.963477904678413,C
SK-01903,S010>S006>S008,4,3.963477904678413,C
SK-01904,S010>S006>S009,4,2.38354601331298,C
SK-01905,S010>S006>S011,4,3.963477904678413,C
SK-01906,S010>S006>S012,4,0.0665317100486219,C
SK-01907,S010>S006>S013,4,3.963477904678413,C
SK-01908,S010>S006>S014,4,2.762608774318465,C
SK-01909,S010>S006>S015,4,1.935778272530612,C
SK-01910,S010>S007>S001,4,3.963477904678413,C
SK-01911,S010>S007>S002,4,1.322380853485683e-06,C
SK-01912,S010>S007>S003,4,0.2164311732641832,C
SK-01913,S010>S007>S004,4,3.963477904678413,C
SK-01914,S010>S007>S005,4,3.963477904678413,C
SK-01915,S010>S007>S006,4,3.963477904678413,C
SK-01916,S010>S007>S008,4,3.963477904678413,C
SK-01917,S010>S007>S009,4,2.38354601331298,C
SK-01918,S010>S007>S011,4,3.963477904678413,C
SK-01919,S010>S007>S012,4,0.0665317100486219,C
SK-01920,S010>S007>S013,4,3.963477904678413,C
SK-01921,S010>S007>S014,4,2.762608774318465,C
SK-01922,S010>S007>S015,4,1.935778272530612,C
SK-01923,S010>S008>S001,4,3.635742969819845,C
SK-01924,S010>S008>S002,4,1.322380853485683e-06,C
SK-01925,S010>S008>S003,4,0.2164311732641832,C
SK-01926,S010>S008>S004,4,3.635742969819845,C
SK-01927,S010>S008>S005,4,3.635742969819845,C
SK-01928,S010>S008>S006,4,3.635742969819845,C
SK-01929,S010>S008>S007,4,3.635742969819845,C
SK-01930,S010>S008>S009,4,2.38354601331298,C
SK-01931,S010>S008>S011,4,3.635742969819845,C
SK-01932,S010>S008>S012,4,0.0665317100486219,C
SK-01933,S010>S008>S013,4,3.635742969819845,C
SK-01934,S010>S008>S014,4,2.18784292202227,C
SK-01935,S010>S008>S015,4,1.935778272530612,C
SK-01936,S010>S009>S001,4,2.38354601331298,C
SK-01937,S010>S009>S002,4,1.322380853485683e-06,C
SK-01938,S010>S009>S003,4,0.2164311732641832,C
SK-01939,S010>S009>S004,4,2.38354601331298,C
SK-01940,S010>S009>S005,4,2.38354601331298,C
SK-01941,S010>S009>S006,4,2.38354601331298,C
SK-01942,S010>S009>S007,4,2.38354601331298,C
SK-01943,S010>S009>S008,4,2.38354601331298,C
SK-01944,S010>S009>S011,4,2.38354601331298,C
SK-01945,S010>S009>S012,4,0.0665317100486219,C
SK-01946,S010>S009>S013,4,2.38354601331298,C
SK-01947,S010>S009>S014,4,2.38354601331298,C
SK-01948,S010>S009>S015,4,1.935778272530612,C
SK-01949,S010>S011>S001,4,3.963477904678413,C
SK-01950,S010>S011>S002,4,1.322380853485683e-06,C
SK-01951,S010>S011>S003,4,0.2164311732641832,C
SK-01952,S010>S011>S004,4,3.963477904678413,C
SK-01953,S010>S011>S005,4,3.963477904678413,C
SK-01954,S010>S011>S006,4,3.963477904678413,C
SK-01955,S010>S011>S007,4,3.963477904678413,C
SK-01956,S010>S011>S008,4,3.963477904678413,C
SK-01957,S010>S011>S009,4,2.38354601331298,C
SK-01958,S010>S011>S012,4,0.0665317100486219,C
SK-01959,S010>S011>S013,4,3.963477904678413,C
SK-01960,S010>S011>S014,4,2.762608774318465,C
SK-01961,S010>S011>S015,4,1.935778272530612,C
SK-01962,S010>S012>S001,4,0.0665317100486219,C
SK-01963,S010>S012>S002,4,1.322380853485683e-06,C
SK-01964,S010>S012>S003,4,0.0665317100486219,C
SK-01965,S010>S012>S004,4,0.0665317100486219,C
SK-01966,S010>S012>S005,4,0.0665317100486219,C
SK-01967,S010>S012>S006,4,0.0665317100486219,C
SK-01968,S010>S012>S007,4,0.0665317100486219,C
SK-01969,S010>S012>S008,4,0.0665317100486219,C
SK-01970,S010>S012>S009,4,0.0665317100486219,C
SK-01971,S010>S012>S011,4,0.0665317100486219,C
SK-01972,S010>S012>S013,4,0.0665317100486219,C
SK-01973,S010>S012>S014,4,0.0665317100486219,C
SK-01974,S010>S012>S015,4,0.0665317100486219,C
SK-01975,S010>S013>S001,4,3.963477904678413,C
SK-01976,S010>S013>S002,4,1.322380853485683e-06,C
SK-01977,S010>S013>S003,4,0.2164311732641832,C
SK-01978,S010>S013>S004,4,3.963477904678413,C
SK-01979,S010>S013>S005,4,3.963477904678413,C
SK-01980,S010>S013>S006,4,3.963477904678413,C
SK-01981,S010>S013>S007,4,3.963477904678413,C
SK-01982,S010>S013>S008,4,3.963477904678413,C
SK-01983,S010>S013>S009,4,2.38354601331298,C
SK-01984,S010>S013>S011,4,3.963477904678413,C
SK-01985,S010>S013>S012,4,0.0665317100486219,C
SK-01986,S010>S013>S014,4,2.762608774318465,C
SK-01987,S010>S013>S015,4,1.935778272530612,C
SK-01988,S010>S014>S001,4,2.762608774318465,C
SK-01989,S010>S014>S002,4,1.322380853485683e-06,C
SK-01990,S010>S014>S003,4,0.2164311732641832,C
SK-01991,S010>S014>S004,4,2.762608774318465,C
SK-01992,S010>S014>S005,4,2.762608774318465,C
SK-01993,S010>S014>S006,4,2.762608774318465,C
SK-01994,S010>S014>S007,4,2.762608774318465,C
SK-01995,S010>S014>S008,4,2.18784292202227,C
SK-01996,S010>S014>S009,4,2.38354601331298,C
SK-01997,S010>S014>S011,4,2.762608774318465,C
SK-01998,S010>S014>S012,4,0.0665317100486219,C
SK-01999,S010>S014>S013,4,2.762608774318465,C
SK-02000,S010>S014>S015,4,1.935778272530612,C
SK-02001,S010>S015>S001,4,1.935778272530612,C
SK-02002,S010>S015>S002,4,1.322380853485683e-06,C
SK-02003,S010>S015>S003,4,0.2164311732641832,C
SK-02004,S010>S015>S005,4,1.935778272530612,C
SK-02005,S010>S015>S006,4,1.935778272530612,C
SK-02006,S010>S015>S007,4,1.935778272530612,C
SK-02007,S010>S015>S008,4,1.935778272530612,C
SK-02008,S010>S015>S009,4,1.935778272530612,C
SK-02009,S010>S015>S011,4,1.935778272530612,C
SK-02010,S010>S015>S012,4,0.0665317100486219,C
SK-02011,S010>S015>S013,4,1.935778272530612,C
SK-02012,S010>S015>S014,4,1.935778272530612,C
SK-02013,S011>S001>S002,4,1.322380853485683e-06,C
SK-02014,S011>S001>S003,4,0.2164311732641832,C
SK-02015,S011>S001>S004,4,5.230177638468788,C
SK-02016,S011>S001>S005,4,8.522413817803681,C
SK-02017,S011>S001>S006,4,inf,C
SK-02018,S011>S001>S007,4,8.723823284435028,C
SK-02019,S011>S001>S008,4,4.831365205739842,C
SK-02020,S011>S001>S009,4,2.38354601331298,C
SK-02021,S011>S001>S010,4,3.963477904678413,C
SK-02022,S011>S001>S012,4,0.0665317100486219,C
SK-02023,S011>S001>S013,4,9.29830404357554,C
SK-02024,S011>S001>S014,4,2.762608774318465,C
SK-02025,S011>S001>S015,4,1.935778272530612,C
SK-02026,S011>S002>S001,4,1.322380853485683e-06,C
SK-02027,S011>S002>S003,4,1.322380853485683e-06,C
SK-02028,S011>S002>S004,4,1.322380853485683e-06,C
SK-02029,S011>S002>S005,4,1.322380853485683e-06,C
SK-02030,S011>S002>S006,4,1.322380853485683e-06,C
SK-02031,S011>S002>S007,4,1.322380853485683e-06,C
SK-02032,S011>S002>S008,4,1.322380853485683e-06,C
SK-02033,S011>S002>S009,4,1.322380853485683e-06,C
SK-02034,S011>S002>S010,4,1.322380853485683e-06,C
SK-02035,S011>S002>S012,4,1.322380853485683e-06,C
SK-02036,S011>S002>S013,4,1.322380853485683e-06,C
SK-02037,S011>S002>S014,4,1.322380853485683e-06,C
SK-02038,S011>S002>S015,4,1.322380853485683e-06,C
SK-02039,S011>S003>S001,4,0.2164311732641832,C
SK-02040,S011>S003>S002,4,1.322380853485683e-06,C
SK-02041,S011>S003>S004,4,0.2164311732641832,C
SK-02042,S011>S003>S005,4,0.2164311732641832,C
SK-02043,S011>S003>S006,4,0.2164311732641832,C
SK-02044,S011>S003>S007,4,0.2164311732641832,C
SK-02045,S011>S003>S008,4,0.2164311732641832,C
SK-02046,S011>S003>S009,4,0.2164311732641832,C
SK-02047,S011>S003>S010,4,0.2164311732641832,C
SK-02048,S011>S003>S012,4,0.0665317100486219,C
SK-02049,S011>S003>S013,4,0.2164311732641832,C
SK-02050,S011>S003>S014,4,0.2164311732641832,C
SK-02051,S011>S003>S015,4,0.2164311732641832,C
SK-02052,S011>S004>S001,4,8.325972071864612,C
SK-02053,S011>S004>S002,4,1.322380853485683e-06,C
SK-02054,S011>S004>S003,4,0.2164311732641832,C
SK-02055,S011>S004>S005,4,8.325972071864612,C
SK-02056,S011>S004>S006,4,4.189370740555972,C
SK-02057,S011>S004>S007,4,8.325972071864612,C
SK-02058,S011>S004>S008,4,4.831365205739842,C
SK-02059,S011>S004>S009,4,2.38354601331298,C
SK-02060,S011>S004>S010,4,3.963477904678413,C
SK-02061,S011>S004>S012,4,0.0665317100486219,C
SK-02062,S011>S004>S013,4,6.342940737201175,C
SK-02063,S011>S004>S014,4,2.762608774318465,C
SK-02064,S011>S005>S001,4,12.965209911402752,C
SK-02065,S011>S005>S002,4,1.322380853485683e-06,C
SK-02066,S011>S005>S003,4,0.2164311732641832,C
SK-02067,S011>S005>S004,4,5.230177638468788,C
SK-02068,S011>S005>S006,4,7.267107461609839,C
SK-02069,S011>S005>S007,4,9.58391422285095,C
SK-02070,S011>S005>S008,4,4.831365205739842,C
SK-02071,S011>S005>S009,4,2.38354601331298,C
SK-02072,S011>S005>S010,4,3.963477904678413,C
SK-02073,S011>S005>S012,4,0.0665317100486219,C
SK-02074,S011>S005>S013,4,8.656298124262774,C
SK-02075,S011>S005>S014,4,2.762608774318465,C
SK-02076,S011>S005>S015,4,1.935778272530612,C
SK-02077,S011>S006>S001,4,inf,C
SK-02078,S011>S006>S002,4,1.322380853485683e-06,C
SK-02079,S011>S006>S003,4,0.2164311732641832,C
SK-02080,S011>S006>S004,4,4.189370740555972,C
SK-02081,S011>S006>S005,4,7.267107461609839,C
SK-02082,S011>S006>S007,4,9.881076683362563,C
SK-02083,S011>S006>S008,4,4.831365205739842,C
SK-02084,S011>S006>S009,4,2.38354601331298,C
SK-02085,S011>S006>S010,4,3.963477904678413,C
SK-02086,S011>S006>S012,4,0.0665317100486219,C
SK-02087,S011>S006>S013,4,5.196647073208851,C
SK-02088,S011>S006>S014,4,2.762608774318465,C
SK-02089,S011>S006>S015,4,1.935778272530612,C
SK-02090,S011>S007>S001,4,8.723823284435028,C
SK-02091,S011>S007>S002,4,1.322380853485683e-06,C
SK-02092,S011>S007>S003,4,0.2164311732641832,C
SK-02093,S011>S007>S004,4,5.230177638468788,C
SK-02094,S011>S007>S005,4,8.522413817803681,C
SK-02095,S011>S007>S006,4,13.897474773346405,C
SK-02096,S011>S007>S008,4,4.831365205739842,C
SK-02097,S011>S007>S009,4,2.38354601331298,C
SK-02098,S011>S007>S010,4,3.963477904678413,C
SK-02099,S011>S007>S012,4,0.0665317100486219,C
SK-02100,S011>S007>S013,4,4.902788506246296,C
SK-02101,S011>S007>S014,4,2.762608774318465,C
SK-02102,S011>S007>S015,4,1.935778272530612,C
SK-02103,S011>S008>S001,4,7.471889086681088,C
SK-02104,S011>S008>S002,4,1.322380853485683e-06,C
SK-02105,S011>S008>S003,4,0.2164311732641832,C
SK-02106,S011>S008>S004,4,5.230177638468788,C
SK-02107,S011>S008>S005,4,8.44690133906137,C
SK-02108,S011>S008>S006,4,4.845795140876845,C
SK-02109,S011>S008>S007,4,8.44690133906137,C
SK-02110,S011>S008>S009,4,2.38354601331298,C
SK-02111,S011>S008>S010,4,3.635742969819845,C
SK-02112,S011>S008>S012,4,0.0665317100486219,C
SK-02113,S011>S008>S013,4,4.881031265443923,C
SK-02114,S011>S008>S014,4,2.18784292202227,C
SK-02115,S011>S008>S015,4,1.935778272530612,C
SK-02116,S011>S009>S001,4,2.38354601331298,C
SK-02117,S011>S009>S002,4,1.322380853485683e-06,C
SK-02118,S011>S009>S003,4,0.2164311732641832,C
SK-02119,S011>S009>S004,4,2.38354601331298,C
SK-02120,S011>S009>S005,4,2.38354601331298,C
SK-02121,S011>S009>S006,4,2.38354601331298,C
SK-02122,S011>S009>S007,4,2.38354601331298,C
SK-02123,S011>S009>S008,4,2.38354601331298,C
SK-02124,S011>S009>S010,4,2.38354601331298,C
SK-02125,S011>S009>S012,4,0.0665317100486219,C
SK-02126,S011>S009>S013,4,2.38354601331298,C
SK-02127,S011>S009>S014,4,2.38354601331298,C
SK-02128,S011>S009>S015,4,1.935778272530612,C
SK-02129,S011>S010>S001,4,3.963477904678413,C
SK-02130,S011>S010>S002,4,1.322380853485683e-06,C
SK-02131,S011>S010>S003,4,0.2164311732641832,C
SK-02132,S011>S010>S004,4,3.963477904678413,C
SK-02133,S011>S010>S005,4,3.963477904678413,C
SK-02134,S011>S010>S006,4,3.963477904678413,C
SK-02135,S011>S010>S007,4,3.963477904678413,C
SK-02136,S011>S010>S008,4,3.635742969819845,C
SK-02137,S011>S010>S009,4,2.38354601331298,C
SK-02138,S011>S010>S012,4,0.0665317100486219,C
SK-02139,S011>S010>S013,4,3.963477904678413,C
SK-02140,S011>S010>S014,4,2.762608774318465,C
SK-02141,S011>S010>S015,4,1.935778272530612,C
SK-02142,S011>S012>S001,4,0.0665317100486219,C
SK-02143,S011>S012>S002,4,1.322380853485683e-06,C
SK-02144,S011>S012>S003,4,0.0665317100486219,C
SK-02145,S011>S012>S004,4,0.0665317100486219,C
SK-02146,S011>S012>S005,4,0.0665317100486219,C
SK-02147,S011>S012>S006,4,0.0665317100486219,C
SK-02148,S011>S012>S007,4,0.0665317100486219,C
SK-02149,S011>S012>S008,4,0.0665317100486219,C
SK-02150,S011>S012>S009,4,0.0665317100486219,C
SK-02151,S011>S012>S010,4,0.0665317100486219,C
SK-02152,S011>S012>S013,4,0.0665317100486219,C
SK-02153,S011>S012>S014,4,0.0665317100486219,C
SK-02154,S011>S012>S015,4,0.0665317100486219,C
SK-02155,S011>S013>S001,4,8.648607052352475,C
SK-02156,S011>S013>S002,4,1.322380853485683e-06,C
SK-02157,S011>S013>S003,4,0.2164311732641832,C
SK-02158,S011>S013>S004,4,5.230177638468788,C
SK-02159,S011>S013>S005,4,8.522413817803681,C
SK-02160,S011>S013>S006,4,5.196647073208851,C
SK-02161,S011>S013>S007,4,4.902788506246296,C
SK-02162,S011>S013>S008,4,4.831365205739842,C
SK-02163,S011>S013>S009,4,2.38354601331298,C
SK-02164,S011>S013>S010,4,3.963477904678413,C
SK-02165,S011>S013>S012,4,0.0665317100486219,C
SK-02166,S011>S013>S014,4,2.762608774318465,C
SK-02167,S011>S013>S015,4,1.935778272530612,C
SK-02168,S011>S014>S001,4,2.762608774318465,C
SK-02169,S011>S014>S002,4,1.322380853485683e-06,C
SK-02170,S011>S014>S003,4,0.2164311732641832,C
SK-02171,S011>S014>S004,4,2.762608774318465,C
SK-02172,S011>S014>S005,4,2.762608774318465,C
SK-02173,S011>S014>S006,4,2.762608774318465,C
SK-02174,S011>S014>S007,4,2.762608774318465,C
SK-02175,S011>S014>S008,4,2.18784292202227,C
SK-02176,S011>S014>S009,4,2.38354601331298,C
SK-02177,S011>S014>S010,4,2.762608774318465,C
SK-02178,S011>S014>S012,4,0.0665317100486219,C
SK-02179,S011>S014>S013,4,2.762608774318465,C
SK-02180,S011>S014>S015,4,1.935778272530612,C
SK-02181,S011>S015>S001,4,1.935778272530612,C
SK-02182,S011>S015>S002,4,1.322380853485683e-06,C
SK-02183,S011>S015>S003,4,0.2164311732641832,C
SK-02184,S011>S015>S005,4,1.935778272530612,C
SK-02185,S011>S015>S006,4,1.935778272530612,C
SK-02186,S011>S015>S007,4,1.935778272530612,C
SK-02187,S011>S015>S008,4,1.935778272530612,C
SK-02188,S011>S015>S009,4,1.935778272530612,C
SK-02189,S011>S015>S010,4,1.935778272530612,C
SK-02190,S011>S015>S012,4,0.0665317100486219,C
SK-02191,S011>S015>S013,4,1.935778272530612,C
SK-02192,S011>S015>S014,4,1.935778272530612,C
SK-02193,S012>S001>S002,4,1.322380853485683e-06,C
SK-02194,S012>S001>S003,4,0.0665317100486219,C
SK-02195,S012>S001>S004,4,0.0665317100486219,C
SK-02196,S012>S001>S005,4,0.0665317100486219,C
SK-02197,S012>S001>S006,4,0.0665317100486219,C
SK-02198,S012>S001>S007,4,0.0665317100486219,C
SK-02199,S012>S001>S008,4,0.0665317100486219,C
SK-02200,S012>S001>S009,4,0.0665317100486219,C
SK-02201,S012>S001>S010,4,0.0665317100486219,C
SK-02202,S012>S001>S011,4,0.0665317100486219,C
SK-02203,S012>S001>S013,4,0.0665317100486219,C
SK-02204,S012>S001>S014,4,0.0665317100486219,C
SK-02205,S012>S001>S015,4,0.0665317100486219,C
SK-02206,S012>S002>S001,4,1.322380853485683e-06,C
SK-02207,S012>S002>S003,4,1.322380853485683e-06,C
SK-02208,S012>S002>S004,4,1.322380853485683e-06,C
SK-02209,S012>S002>S005,4,1.322380853485683e-06,C
SK-02210,S012>S002>S006,4,1.322380853485683e-06,C
SK-02211,S012>S002>S007,4,1.322380853485683e-06,C
SK-02212,S012>S002>S008,4,1.322380853485683e-06,C
SK-02213,S012>S002>S009,4,1.322380853485683e-06,C
SK-02214,S012>S002>S010,4,1.322380853485683e-06,C
SK-02215,S012>S002>S011,4,1.322380853485683e-06,C
SK-02216,S012>S002>S013,4,1.322380853485683e-06,C
SK-02217,S012>S002>S014,4,1.322380853485683e-06,C
SK-02218,S012>S002>S015,4,1.322380853485683e-06,C
SK-02219,S012>S003>S001,4,0.0665317100486219,C
SK-02220,S012>S003>S002,4,1.322380853485683e-06,C
SK-02221,S012>S003>S004,4,0.0665317100486219,C
SK-02222,S012>S003>S005,4,0.0665317100486219,C
SK-02223,S012>S003>S006,4,0.0665317100486219,C
SK-02224,S012>S003>S007,4,0.0665317100486219,C
SK-02225,S012>S003>S008,4,0.0665317100486219,C
SK-02226,S012>S003>S009,4,0.0665317100486219,C
SK-02227,S012>S003>S010,4,0.0665317100486219,C
SK-02228,S012>S003>S011,4,0.0665317100486219,C
SK-02229,S012>S003>S013,4,0.0665317100486219,C
SK-02230,S012>S003>S014,4,0.0665317100486219,C
SK-02231,S012>S003>S015,4,0.0665317100486219,C
SK-02232,S012>S004>S001,4,0.0665317100486219,C
SK-02233,S012>S004>S002,4,1.322380853485683e-06,C
SK-02234,S012>S004>S003,4,0.0665317100486219,C
SK-02235,S012>S004>S005,4,0.0665317100486219,C
SK-02236,S012>S004>S006,4,0.0665317100486219,C
SK-02237,S012>S004>S007,4,0.0665317100486219,C
SK-02238,S012>S004>S008,4,0.0665317100486219,C
SK-02239,S012>S004>S009,4,0.0665317100486219,C
SK-02240,S012>S004>S010,4,0.0665317100486219,C
SK-02241,S012>S004>S011,4,0.0665317100486219,C
SK-02242,S012>S004>S013,4,0.0665317100486219,C
SK-02243,S012>S004>S014,4,0.0665317100486219,C
SK-02244,S012>S005>S001,4,0.0665317100486219,C
SK-02245,S012>S005>S002,4,1.322380853485683e-06,C
SK-02246,S012>S005>S003,4,0.0665317100486219,C
SK-02247,S012>S005>S004,4,0.0665317100486219,C
SK-02248,S012>S005>S006,4,0.0665317100486219,C
SK-02249,S012>S005>S007,4,0.0665317100486219,C
SK-02250,S012>S005>S008,4,0.0665317100486219,C
SK-02251,S012>S005>S009,4,0.0665317100486219,C
SK-02252,S012>S005>S010,4,0.0665317100486219,C
SK-02253,S012>S005>S011,4,0.0665317100486219,C
SK-02254,S012>S005>S013,4,0.0665317100486219,C
SK-02255,S012>S005>S014,4,0.0665317100486219,C
SK-02256,S012>S005>S015,4,0.0665317100486219,C
SK-02257,S012>S006>S001,4,0.0665317100486219,C
SK-02258,S012>S006>S002,4,1.322380853485683e-06,C
SK-02259,S012>S006>S003,4,0.0665317100486219,C
SK-02260,S012>S006>S004,4,0.0665317100486219,C
SK-02261,S012>S006>S005,4,0.0665317100486219,C
SK-02262,S012>S006>S007,4,0.0665317100486219,C
SK-02263,S012>S006>S008,4,0.0665317100486219,C
SK-02264,S012>S006>S009,4,0.0665317100486219,C
SK-02265,S012>S006>S010,4,0.0665317100486219,C
SK-02266,S012>S006>S011,4,0.0665317100486219,C
SK-02267,S012>S006>S013,4,0.0665317100486219,C
SK-02268,S012>S006>S014,4,0.0665317100486219,C
SK-02269,S012>S006>S015,4,0.0665317100486219,C
SK-02270,S012>S007>S001,4,0.0665317100486219,C
SK-02271,S012>S007>S002,4,1.322380853485683e-06,C
SK-02272,S012>S007>S003,4,0.0665317100486219,C
SK-02273,S012>S007>S004,4,0.0665317100486219,C
SK-02274,S012>S007>S005,4,0.0665317100486219,C
SK-02275,S012>S007>S006,4,0.0665317100486219,C
SK-02276,S012>S007>S008,4,0.0665317100486219,C
SK-02277,S012>S007>S009,4,0.0665317100486219,C
SK-02278,S012>S007>S010,4,0.0665317100486219,C
SK-02279,S012>S007>S011,4,0.0665317100486219,C
SK-02280,S012>S007>S013,4,0.0665317100486219,C
SK-02281,S012>S007>S014,4,0.0665317100486219,C
SK-02282,S012>S007>S015,4,0.0665317100486219,C
SK-02283,S012>S008>S001,4,0.0665317100486219,C
SK-02284,S012>S008>S002,4,1.322380853485683e-06,C
SK-02285,S012>S008>S003,4,0.0665317100486219,C
SK-02286,S012>S008>S004,4,0.0665317100486219,C
SK-02287,S012>S008>S005,4,0.0665317100486219,C
SK-02288,S012>S008>S006,4,0.0665317100486219,C
SK-02289,S012>S008>S007,4,0.0665317100486219,C
SK-02290,S012>S008>S009,4,0.0665317100486219,C
SK-02291,S012>S008>S010,4,0.0665317100486219,C
SK-02292,S012>S008>S011,4,0.0665317100486219,C
SK-02293,S012>S008>S013,4,0.0665317100486219,C
SK-02294,S012>S008>S014,4,0.0665317100486219,C
SK-02295,S012>S008>S015,4,0.0665317100486219,C
SK-02296,S012>S009>S001,4,0.0665317100486219,C
SK-02297,S012>S009>S002,4,1.322380853485683e-06,C
SK-02298,S012>S009>S003,4,0.0665317100486219,C
SK-02299,S012>S009>S004,4,0.0665317100486219,C
SK-02300,S012>S009>S005,4,0.0665317100486219,C
SK-02301,S012>S009>S006,4,0.0665317100486219,C
SK-02302,S012>S009>S007,4,0.0665317100486219,C
SK-02303,S012>S009>S008,4,0.0665317100486219,C
SK-02304,S012>S009>S010,4,0.0665317100486219,C
SK-02305,S012>S009>S011,4,0.0665317100486219,C
SK-02306,S012>S009>S013,4,0.0665317100486219,C
SK-02307,S012>S009>S014,4,0.0665317100486219,C
SK-02308,S012>S009>S015,4,0.0665317100486219,C
SK-02309,S012>S010>S001,4,0.0665317100486219,C
SK-02310,S012>S010>S002,4,1.322380853485683e-06,C
SK-02311,S012>S010>S003,4,0.0665317100486219,C
SK-02312,S012>S010>S004,4,0.0665317100486219,C
SK-02313,S012>S010>S005,4,0.0665317100486219,C
SK-02314,S012>S010>S006,4,0.0665317100486219,C
SK-02315,S012>S010>S007,4,0.0665317100486219,C
SK-02316,S012>S010>S008,4,0.0665317100486219,C
SK-02317,S012>S010>S009,4,0.0665317100486219,C
SK-02318,S012>S010>S011,4,0.0665317100486219,C
SK-02319,S012>S010>S013,4,0.0665317100486219,C
SK-02320,S012>S010>S014,4,0.0665317100486219,C
SK-02321,S012>S010>S015,4,0.0665317100486219,C
SK-02322,S012>S011>S001,4,0.0665317100486219,C
SK-02323,S012>S011>S002,4,1.322380853485683e-06,C
SK-02324,S012>S011>S003,4,0.0665317100486219,C
SK-02325,S012>S011>S004,4,0.0665317100486219,C
SK-02326,S012>S011>S005,4,0.0665317100486219,C
SK-02327,S012>S011>S006,4,0.0665317100486219,C
SK-02328,S012>S011>S007,4,0.0665317100486219,C
SK-02329,S012>S011>S008,4,0.0665317100486219,C
SK-02330,S012>S011>S009,4,0.0665317100486219,C
SK-02331,S012>S011>S010,4,0.0665317100486219,C
SK-02332,S012>S011>S013,4,0.0665317100486219,C
SK-02333,S012>S011>S014,4,0.0665317100486219,C
SK-02334,S012>S011>S015,4,0.0665317100486219,C
SK-02335,S012>S013>S001,4,0.0665317100486219,C
SK-02336,S012>S013>S002,4,1.322380853485683e-06,C
SK-02337,S012>S013>S003,4,0.0665317100486219,C
SK-02338,S012>S013>S004,4,0.0665317100486219,C
SK-02339,S012>S013>S005,4,0.0665317100486219,C
SK-02340,S012>S013>S006,4,0.0665317100486219,C
SK-02341,S012>S013>S007,4,0.0665317100486219,C
SK-02342,S012>S013>S008,4,0.0665317100486219,C
SK-02343,S012>S013>S009,4,0.0665317100486219,C
SK-02344,S012>S013>S010,4,0.0665317100486219,C
SK-02345,S012>S013>S011,4,0.0665317100486219,C
SK-02346,S012>S013>S014,4,0.0665317100486219,C
SK-02347,S012>S013>S015,4,0.0665317100486219,C
SK-02348,S012>S014>S001,4,0.0665317100486219,C
SK-02349,S012>S014>S002,4,1.322380853485683e-06,C
SK-02350,S012>S014>S003,4,0.0665317100486219,C
SK-02351,S012>S014>S004,4,0.0665317100486219,C
SK-02352,S012>S014>S005,4,0.0665317100486219,C
SK-02353,S012>S014>S006,4,0.0665317100486219,C
SK-02354,S012>S014>S007,4,0.0665317100486219,C
SK-02355,S012>S014>S008,4,0.0665317100486219,C
SK-02356,S012>S014>S009,4,0.0665317100486219,C
SK-02357,S012>S014>S010,4,0.0665317100486219,C
SK-02358,S012>S014>S011,4,0.0665317100486219,C
SK-02359,S012>S014>S013,4,0.0665317100486219,C
SK-02360,S012>S014>S015,4,0.0665317100486219,C
SK-02361,S012>S015>S001,4,0.0665317100486219,C
SK-02362,S012>S015>S002,4,1.322380853485683e-06,C
SK-02363,S012>S015>S003,4,0.0665317100486219,C
SK-02364,S012>S015>S005,4,0.0665317100486219,C
SK-02365,S012>S015>S006,4,0.0665317100486219,C
SK-02366,S012>S015>S007,4,0.0665317100486219,C
SK-02367,S012>S015>S008,4,0.0665317100486219,C
SK-02368,S012>S015>S009,4,0.0665317100486219,C
SK-02369,S012>S015>S010,4,0.0665317100486219,C
SK-02370,S012>S015>S011,4,0.0665317100486219,C
SK-02371,S012>S015>S013,4,0.0665317100486219,C
SK-02372,S012>S015>S014,4,0.0665317100486219,C
SK-02373,S013>S001>S002,4,1.322380853485683e-06,C
SK-02374,S013>S001>S003,4,0.2164311732641832,C
SK-02375,S013>S001>S004,4,5.230177638468788,C
SK-02376,S013>S001>S005,4,8.522413817803681,C
SK-02377,S013>S001>S006,4,9.29830404357554,C
SK-02378,S013>S001>S007,4,8.723823284435028,C
SK-02379,S013>S001>S008,4,4.831365205739842,C
SK-02380,S013>S001>S009,4,2.38354601331298,C
SK-02381,S013>S001>S010,4,3.963477904678413,C
SK-02382,S013>S001>S011,4,9.29830404357554,C
SK-02383,S013>S001>S012,4,0.0665317100486219,C
SK-02384,S013>S001>S014,4,2.762608774318465,C
SK-02385,S013>S001>S015,4,1.935778272530612,C
SK-02386,S013>S002>S001,4,1.322380853485683e-06,C
SK-02387,S013>S002>S003,4,1.322380853485683e-06,C
SK-02388,S013>S002>S004,4,1.322380853485683e-06,C
SK-02389,S013>S002>S005,4,1.322380853485683e-06,C
SK-02390,S013>S002>S006,4,1.322380853485683e-06,C
SK-02391,S013>S002>S007,4,1.322380853485683e-06,C
SK-02392,S013>S002>S008,4,1.322380853485683e-06,C
SK-02393,S013>S002>S009,4,1.322380853485683e-06,C
SK-02394,S013>S002>S010,4,1.322380853485683e-06,C
SK-02395,S013>S002>S011,4,1.322380853485683e-06,C
SK-02396,S013>S002>S012,4,1.322380853485683e-06,C
SK-02397,S013>S002>S014,4,1.322380853485683e-06,C
SK-02398,S013>S002>S015,4,1.322380853485683e-06,C
SK-02399,S013>S003>S001,4,0.2164311732641832,C
SK-02400,S013>S003>S002,4,1.322380853485683e-06,C
SK-02401,S013>S003>S004,4,0.2164311732641832,C
SK-02402,S013>S003>S005,4,0.2164311732641832,C
SK-02403,S013>S003>S006,4,0.2164311732641832,C
SK-02404,S013>S003>S007,4,0.2164311732641832,C
SK-02405,S013>S003>S008,4,0.2164311732641832,C
SK-02406,S013>S003>S009,4,0.2164311732641832,C
SK-02407,S013>S003>S010,4,0.2164311732641832,C
SK-02408,S013>S003>S011,4,0.2164311732641832,C
SK-02409,S013>S003>S012,4,0.0665317100486219,C
SK-02410,S013>S003>S014,4,0.2164311732641832,C
SK-02411,S013>S003>S015,4,0.2164311732641832,C
SK-02412,S013>S004>S001,4,6.342940737201175,C
SK-02413,S013>S004>S002,4,1.322380853485683e-06,C
SK-02414,S013>S004>S003,4,0.2164311732641832,C
SK-02415,S013>S004>S005,4,6.342940737201175,C
SK-02416,S013>S004>S006,4,4.189370740555972,C
SK-02417,S013>S004>S007,4,6.342940737201175,C
SK-02418,S013>S004>S008,4,4.831365205739842,C
SK-02419,S013>S004>S009,4,2.38354601331298,C
SK-02420,S013>S004>S010,4,3.963477904678413,C
SK-02421,S013>S004>S011,4,6.342940737201175,C
SK-02422,S013>S004>S012,4,0.0665317100486219,C
SK-02423,S013>S004>S014,4,2.762608774318465,C
SK-02424,S013>S005>S001,4,8.656298124262774,C
SK-02425,S013>S005>S002,4,1.322380853485683e-06,C
SK-02426,S013>S005>S003,4,0.2164311732641832,C
SK-02427,S013>S005>S004,4,5.230177638468788,C
SK-02428,S013>S005>S006,4,7.267107461609839,C
SK-02429,S013>S005>S007,4,8.656298124262774,C
SK-02430,S013>S005>S008,4,4.831365205739842,C
SK-02431,S013>S005>S009,4,2.38354601331298,C
SK-02432,S013>S005>S010,4,3.963477904678413,C
SK-02433,S013>S005>S011,4,8.656298124262774,C
SK-02434,S013>S005>S012,4,0.0665317100486219,C
SK-02435,S013>S005>S014,4,2.762608774318465,C
SK-02436,S013>S005>S015,4,1.935778272530612,C
SK-02437,S013>S006>S001,4,5.196647073208851,C
SK-02438,S013>S006>S002,4,1.322380853485683e-06,C
SK-02439,S013>S006>S003,4,0.2164311732641832,C
SK-02440,S013>S006>S004,4,4.189370740555972,C
SK-02441,S013>S006>S005,4,5.196647073208851,C
SK-02442,S013>S006>S007,4,5.196647073208851,C
SK-02443,S013>S006>S008,4,4.831365205739842,C
SK-02444,S013>S006>S009,4,2.38354601331298,C
SK-02445,S013>S006>S010,4,3.963477904678413,C
SK-02446,S013>S006>S011,4,5.196647073208851,C
SK-02447,S013>S006>S012,4,0.0665317100486219,C
SK-02448,S013>S006>S014,4,2.762608774318465,C
SK-02449,S013>S006>S015,4,1.935778272530612,C
SK-02450,S013>S007>S001,4,4.902788506246296,C
SK-02451,S013>S007>S002,4,1.322380853485683e-06,C
SK-02452,S013>S007>S003,4,0.2164311732641832,C
SK-02453,S013>S007>S004,4,4.902788506246296,C
SK-02454,S013>S007>S005,4,4.902788506246296,C
SK-02455,S013>S007>S006,4,4.902788506246296,C
SK-02456,S013>S007>S008,4,4.831365205739842,C
SK-02457,S013>S007>S009,4,2.38354601331298,C
SK-02458,S013>S007>S010,4,3.963477904678413,C
SK-02459,S013>S007>S011,4,4.902788506246296,C
SK-02460,S013>S007>S012,4,0.0665317100486219,C
SK-02461,S013>S007>S014,4,2.762608774318465,C
SK-02462,S013>S007>S015,4,1.935778272530612,C
SK-02463,S013>S008>S001,4,4.881031265443923,C
SK-02464,S013>S008>S002,4,1.322380853485683e-06,C
SK-02465,S013>S008>S003,4,0.2164311732641832,C
SK-02466,S013>S008>S004,4,4.881031265443923,C
SK-02467,S013>S008>S005,4,4.881031265443923,C
SK-02468,S013>S008>S006,4,4.845795140876845,C
SK-02469,S013>S008>S007,4,4.881031265443923,C
SK-02470,S013>S008>S009,4,2.38354601331298,C
SK-02471,S013>S008>S010,4,3.635742969819845,C
SK-02472,S013>S008>S011,4,4.881031265443923,C
SK-02473,S013>S008>S012,4,0.0665317100486219,C
SK-02474,S013>S008>S014,4,2.18784292202227,C
SK-02475,S013>S008>S015,4,1.935778272530612,C
SK-02476,S013>S009>S001,4,2.38354601331298,C
SK-02477,S013>S009>S002,4,1.322380853485683e-06,C
SK-02478,S013>S009>S003,4,0.2164311732641832,C
SK-02479,S013>S009>S004,4,2.38354601331298,C
SK-02480,S013>S009>S005,4,2.38354601331298,C
SK-02481,S013>S009>S006,4,2.38354601331298,C
SK-02482,S013>S009>S007,4,2.38354601331298,C
SK-02483,S013>S009>S008,4,2.38354601331298,C
SK-02484,S013>S009>S010,4,2.38354601331298,C
SK-02485,S013>S009>S011,4,2.38354601331298,C
SK-02486,S013>S009>S012,4,0.0665317100486219,C
SK-02487,S013>S009>S014,4,2.38354601331298,C
SK-02488,S013>S009>S015,4,1.935778272530612,C
SK-02489,S013>S010>S001,4,3.963477904678413,C
SK-02490,S013>S010>S002,4,1.322380853485683e-06,C
SK-02491,S013>S010>S003,4,0.2164311732641832,C
SK-02492,S013>S010>S004,4,3.963477904678413,C
SK-02493,S013>S010>S005,4,3.963477904678413,C
SK-02494,S013>S010>S006,4,3.963477904678413,C
SK-02495,S013>S010>S007,4,3.963477904678413,C
SK-02496,S013>S010>S008,4,3.635742969819845,C
SK-02497,S013>S010>S009,4,2.38354601331298,C
SK-02498,S013>S010>S011,4,3.963477904678413,C
SK-02499,S013>S010>S012,4,0.0665317100486219,C
SK-02500,S013>S010>S014,4,2.762608774318465,C
SK-02501,S013>S010>S015,4,1.935778272530612,C
SK-02502,S013>S011>S001,4,8.648607052352475,C
SK-02503,S013>S011>S002,4,1.322380853485683e-06,C
SK-02504,S013>S011>S003,4,0.2164311732641832,C
SK-02505,S013>S011>S004,4,5.230177638468788,C
SK-02506,S013>S011>S005,4,8.522413817803681,C
SK-02507,S013>S011>S006,4,8.648607052352475,C
SK-02508,S013>S011>S007,4,8.648607052352475,C
SK-02509,S013>S011>S008,4,4.831365205739842,C
SK-02510,S013>S011>S009,4,2.38354601331298,C
SK-02511,S013>S011>S010,4,3.963477904678413,C
SK-02512,S013>S011>S012,4,0.0665317100486219,C
SK-02513,S013>S011>S014,4,2.762608774318465,C
SK-02514,S013>S011>S015,4,1.935778272530612,C
SK-02515,S013>S012>S001,4,0.0665317100486219,C
SK-02516,S013>S012>S002,4,1.322380853485683e-06,C
SK-02517,S013>S012>S003,4,0.0665317100486219,C
SK-02518,S013>S012>S004,4,0.0665317100486219,C
SK-02519,S013>S012>S005,4,0.0665317100486219,C
SK-02520,S013>S012>S006,4,0.0665317100486219,C
SK-02521,S013>S012>S007,4,0.0665317100486219,C
SK-02522,S013>S012>S008,4,0.0665317100486219,C
SK-02523,S013>S012>S009,4,0.0665317100486219,C
SK-02524,S013>S012>S010,4,0.0665317100486219,C
SK-02525,S013>S012>S011,4,0.0665317100486219,C
SK-02526,S013>S012>S014,4,0.0665317100486219,C
SK-02527,S013>S012>S015,4,0.0665317100486219,C
SK-02528,S013>S014>S001,4,2.762608774318465,C
SK-02529,S013>S014>S002,4,1.322380853485683e-06,C
SK-02530,S013>S014>S003,4,0.2164311732641832,C
SK-02531,S013>S014>S004,4,2.762608774318465,C
SK-02532,S013>S014>S005,4,2.762608774318465,C
SK-02533,S013>S014>S006,4,2.762608774318465,C
SK-02534,S013>S014>S007,4,2.762608774318465,C
SK-02535,S013>S014>S008,4,2.18784292202227,C
SK-02536,S013>S014>S009,4,2.38354601331298,C
SK-02537,S013>S014>S010,4,2.762608774318465,C
SK-02538,S013>S014>S011,4,2.762608774318465,C
SK-02539,S013>S014>S012,4,0.0665317100486219,C
SK-02540,S013>S014>S015,4,1.935778272530612,C
SK-02541,S013>S015>S001,4,1.935778272530612,C
SK-02542,S013>S015>S002,4,1.322380853485683e-06,C
SK-02543,S013>S015>S003,4,0.2164311732641832,C
SK-02544,S013>S015>S005,4,1.935778272530612,C
SK-02545,S013>S015>S006,4,1.935778272530612,C
SK-02546,S013>S015>S007,4,1.935778272530612,C
SK-02547,S013>S015>S008,4,1.935778272530612,C
SK-02548,S013>S015>S009,4,1.935778272530612,C
SK-02549,S013>S015>S010,4,1.935778272530612,C
SK-02550,S013>S015>S011,4,1.935778272530612,C
SK-02551,S013>S015>S012,4,0.0665317100486219,C
SK-02552,S013>S015>S014,4,1.935778272530612,C
SK-02553,S014>S001>S002,4,1.322380853485683e-06,C
SK-02554,S014>S001>S003,4,0.2164311732641832,C
SK-02555,S014>S001>S004,4,2.762608774318465,C
SK-02556,S014>S001>S005,4,2.762608774318465,C
SK-02557,S014>S001>S006,4,2.762608774318465,C
SK-02558,S014>S001>S007,4,2.762608774318465,C
SK-02559,S014>S001>S008,4,2.762608774318465,C
SK-02560,S014>S001>S009,4,2.38354601331298,C
SK-02561,S014>S001>S010,4,2.762608774318465,C
SK-02562,S014>S001>S011,4,2.762608774318465,C
SK-02563,S014>S001>S012,4,0.0665317100486219,C
SK-02564,S014>S001>S013,4,2.762608774318465,C
SK-02565,S014>S001>S015,4,1.935778272530612,C
SK-02566,S014>S002>S001,4,1.322380853485683e-06,C
SK-02567,S014>S002>S003,4,1.322380853485683e-06,C
SK-02568,S014>S002>S004,4,1.322380853485683e-06,C
SK-02569,S014>S002>S005,4,1.322380853485683e-06,C
SK-02570,S014>S002>S006,4,1.322380853485683e-06,C
SK-02571,S014>S002>S007,4,1.322380853485683e-06,C
SK-02572,S014>S002>S008,4,1.322380853485683e-06,C
SK-02573,S014>S002>S009,4,1.322380853485683e-06,C
SK-02574,S014>S002>S010,4,1.322380853485683e-06,C
SK-02575,S014>S002>S011,4,1.322380853485683e-06,C
SK-02576,S014>S002>S012,4,1.322380853485683e-06,C
SK-02577,S014>S002>S013,4,1.322380853485683e-06,C
SK-02578,S014>S002>S015,4,1.322380853485683e-06,C
SK-02579,S014>S003>S001,4,0.2164311732641832,C
SK-02580,S014>S003>S002,4,1.322380853485683e-06,C
SK-02581,S014>S003>S004,4,0.2164311732641832,C
SK-02582,S014>S003>S005,4,0.2164311732641832,C
SK-02583,S014>S003>S006,4,0.2164311732641832,C
SK-02584,S014>S003>S007,4,0.2164311732641832,C
SK-02585,S014>S003>S008,4,0.2164311732641832,C
SK-02586,S014>S003>S009,4,0.2164311732641832,C
SK-02587,S014>S003>S010,4,0.2164311732641832,C
SK-02588,S014>S003>S011,4,0.2164311732641832,C
SK-02589,S014>S003>S012,4,0.0665317100486219,C
SK-02590,S014>S003>S013,4,0.2164311732641832,C
SK-02591,S014>S003>S015,4,0.2164311732641832,C
SK-02592,S014>S004>S001,4,2.762608774318465,C
SK-02593,S014>S004>S002,4,1.322380853485683e-06,C
SK-02594,S014>S004>S003,4,0.2164311732641832,C
SK-02595,S014>S004>S005,4,2.762608774318465,C
SK-02596,S014>S004>S006,4,2.762608774318465,C
SK-02597,S014>S004>S007,4,2.762608774318465,C
SK-02598,S014>S004>S008,4,2.762608774318465,C
SK-02599,S014>S004>S009,4,2.38354601331298,C
SK-02600,S014>S004>S010,4,2.762608774318465,C
SK-02601,S014>S004>S011,4,2.762608774318465,C
SK-02602,S014>S004>S012,4,0.0665317100486219,C
SK-02603,S014>S004>S013,4,2.762608774318465,C
SK-02604,S014>S005>S001,4,2.762608774318465,C
SK-02605,S014>S005>S002,4,1.322380853485683e-06,C
SK-02606,S014>S005>S003,4,0.2164311732641832,C
SK-02607,S014>S005>S004,4,2.762608774318465,C
SK-02608,S014>S005>S006,4,2.762608774318465,C
SK-02609,S014>S005>S007,4,2.762608774318465,C
SK-02610,S014>S005>S008,4,2.762608774318465,C
SK-02611,S014>S005>S009,4,2.38354601331298,C
SK-02612,S014>S005>S010,4,2.762608774318465,C
SK-02613,S014>S005>S011,4,2.762608774318465,C
SK-02614,S014>S005>S012,4,0.0665317100486219,C
SK-02615,S014>S005>S013,4,2.762608774318465,C
SK-02616,S014>S005>S015,4,1.935778272530612,C
SK-02617,S014>S006>S001,4,2.762608774318465,C
SK-02618,S014>S006>S002,4,1.322380853485683e-06,C
SK-02619,S014>S006>S003,4,0.2164311732641832,C
SK-02620,S014>S006>S004,4,2.762608774318465,C
SK-02621,S014>S006>S005,4,2.762608774318465,C
SK-02622,S014>S006>S007,4,2.762608774318465,C
SK-02623,S014>S006>S008,4,2.762608774318465,C
SK-02624,S014>S006>S009,4,2.38354601331298,C
SK-02625,S014>S006>S010,4,2.762608774318465,C
SK-02626,S014>S006>S011,4,2.762608774318465,C
SK-02627,S014>S006>S012,4,0.0665317100486219,C
SK-02628,S014>S006>S013,4,2.762608774318465,C
SK-02629,S014>S006>S015,4,1.935778272530612,C
SK-02630,S014>S007>S001,4,2.762608774318465,C
SK-02631,S014>S007>S002,4,1.322380853485683e-06,C
SK-02632,S014>S007>S003,4,0.2164311732641832,C
SK-02633,S014>S007>S004,4,2.762608774318465,C
SK-02634,S014>S007>S005,4,2.762608774318465,C
SK-02635,S014>S007>S006,4,2.762608774318465,C
SK-02636,S014>S007>S008,4,2.762608774318465,C
SK-02637,S014>S007>S009,4,2.38354601331298,C
SK-02638,S014>S007>S010,4,2.762608774318465,C
SK-02639,S014>S007>S011,4,2.762608774318465,C
SK-02640,S014>S007>S012,4,0.0665317100486219,C
SK-02641,S014>S007>S013,4,2.762608774318465,C
SK-02642,S014>S007>S015,4,1.935778272530612,C
SK-02643,S014>S008>S001,4,2.18784292202227,C
SK-02644,S014>S008>S002,4,1.322380853485683e-06,C
SK-02645,S014>S008>S003,4,0.2164311732641832,C
SK-02646,S014>S008>S004,4,2.18784292202227,C
SK-02647,S014>S008>S005,4,2.18784292202227,C
SK-02648,S014>S008>S006,4,2.18784292202227,C
SK-02649,S014>S008>S007,4,2.18784292202227,C
SK-02650,S014>S008>S009,4,2.18784292202227,C
SK-02651,S014>S008>S010,4,2.18784292202227,C
SK-02652,S014>S008>S011,4,2.18784292202227,C
SK-02653,S014>S008>S012,4,0.0665317100486219,C
SK-02654,S014>S008>S013,4,2.18784292202227,C
SK-02655,S014>S008>S015,4,1.935778272530612,C
SK-02656,S014>S009>S001,4,2.38354601331298,C
SK-02657,S014>S009>S002,4,1.322380853485683e-06,C
SK-02658,S014>S009>S003,4,0.2164311732641832,C
SK-02659,S014>S009>S004,4,2.38354601331298,C
SK-02660,S014>S009>S005,4,2.38354601331298,C
SK-02661,S014>S009>S006,4,2.38354601331298,C
SK-02662,S014>S009>S007,4,2.38354601331298,C
SK-02663,S014>S009>S008,4,2.38354601331298,C
SK-02664,S014>S009>S010,4,2.38354601331298,C
SK-02665,S014>S009>S011,4,2.38354601331298,C
SK-02666,S014>S009>S012,4,0.0665317100486219,C
SK-02667,S014>S009>S013,4,2.38354601331298,C
SK-02668,S014>S009>S015,4,1.935778272530612,C
SK-02669,S014>S010>S001,4,2.762608774318465,C
SK-02670,S014>S010>S002,4,1.322380853485683e-06,C
SK-02671,S014>S010>S003,4,0.2164311732641832,C
SK-02672,S014>S010>S004,4,2.762608774318465,C
SK-02673,S014>S010>S005,4,2.762608774318465,C
SK-02674,S014>S010>S006,4,2.762608774318465,C
SK-02675,S014>S010>S007,4,2.762608774318465,C
SK-02676,S014>S010>S008,4,2.762608774318465,C
SK-02677,S014>S010>S009,4,2.38354601331298,C
SK-02678,S014>S010>S011,4,2.762608774318465,C
SK-02679,S014>S010>S012,4,0.0665317100486219,C
SK-02680,S014>S010>S013,4,2.762608774318465,C
SK-02681,S014>S010>S015,4,1.935778272530612,C
SK-02682,S014>S011>S001,4,2.762608774318465,C
SK-02683,S014>S011>S002,4,1.322380853485683e-06,C
SK-02684,S014>S011>S003,4,0.2164311732641832,C
SK-02685,S014>S011>S004,4,2.762608774318465,C
SK-02686,S014>S011>S005,4,2.762608774318465,C
SK-02687,S014>S011>S006,4,2.762608774318465,C
SK-02688,S014>S011>S007,4,2.762608774318465,C
SK-02689,S014>S011>S008,4,2.762608774318465,C
SK-02690,S014>S011>S009,4,2.38354601331298,C
SK-02691,S014>S011>S010,4,2.762608774318465,C
SK-02692,S014>S011>S012,4,0.0665317100486219,C
SK-02693,S014>S011>S013,4,2.762608774318465,C
SK-02694,S014>S011>S015,4,1.935778272530612,C
SK-02695,S014>S012>S001,4,0.0665317100486219,C
SK-02696,S014>S012>S002,4,1.322380853485683e-06,C
SK-02697,S014>S012>S003,4,0.0665317100486219,C
SK-02698,S014>S012>S004,4,0.0665317100486219,C
SK-02699,S014>S012>S005,4,0.0665317100486219,C
SK-02700,S014>S012>S006,4,0.0665317100486219,C
SK-02701,S014>S012>S007,4,0.0665317100486219,C
SK-02702,S014>S012>S008,4,0.0665317100486219,C
SK-02703,S014>S012>S009,4,0.0665317100486219,C
SK-02704,S014>S012>S010,4,0.0665317100486219,C
SK-02705,S014>S012>S011,4,0.0665317100486219,C
SK-02706,S014>S012>S013,4,0.0665317100486219,C
SK-02707,S014>S012>S015,4,0.0665317100486219,C
SK-02708,S014>S013>S001,4,2.762608774318465,C
SK-02709,S014>S013>S002,4,1.322380853485683e-06,C
SK-02710,S014>S013>S003,4,0.2164311732641832,C
SK-02711,S014>S013>S004,4,2.762608774318465,C
SK-02712,S014>S013>S005,4,2.762608774318465,C
SK-02713,S014>S013>S006,4,2.762608774318465,C
SK-02714,S014>S013>S007,4,2.762608774318465,C
SK-02715,S014>S013>S008,4,2.762608774318465,C
SK-02716,S014>S013>S009,4,2.38354601331298,C
SK-02717,S014>S013>S010,4,2.762608774318465,C
SK-02718,S014>S013>S011,4,2.762608774318465,C
SK-02719,S014>S013>S012,4,0.0665317100486219,C
SK-02720,S014>S013>S015,4,1.935778272530612,C
SK-02721,S014>S015>S001,4,1.935778272530612,C
SK-02722,S014>S015>S002,4,1.322380853485683e-06,C
SK-02723,S014>S015>S003,4,0.2164311732641832,C
SK-02724,S014>S015>S005,4,1.935778272530612,C
SK-02725,S014>S015>S006,4,1.935778272530612,C
SK-02726,S014>S015>S007,4,1.935778272530612,C
SK-02727,S014>S015>S008,4,1.935778272530612,C
SK-02728,S014>S015>S009,4,1.935778272530612,C
SK-02729,S014>S015>S010,4,1.935778272530612,C
SK-02730,S014>S015>S011,4,1.935778272530612,C
SK-02731,S014>S015>S012,4,0.0665317100486219,C
SK-02732,S014>S015>S013,4,1.935778272530612,C
SK-02733,S015>S001>S002,4,1.322380853485683e-06,C
SK-02734,S015>S001>S003,4,0.2164311732641832,C
SK-02735,S015>S001>S004,4,1.935778272530612,C
SK-02736,S015>S001>S005,4,1.935778272530612,C
SK-02737,S015>S001>S006,4,1.935778272530612,C
SK-02738,S015>S001>S007,4,1.935778272530612,C
SK-02739,S015>S001>S008,4,1.935778272530612,C
SK-02740,S015>S001>S009,4,1.935778272530612,C
SK-02741,S015>S001>S010,4,1.935778272530612,C
SK-02742,S015>S001>S011,4,1.935778272530612,C
SK-02743,S015>S001>S012,4,0.0665317100486219,C
SK-02744,S015>S001>S013,4,1.935778272530612,C
SK-02745,S015>S001>S014,4,1.935778272530612,C
SK-02746,S015>S002>S001,4,1.322380853485683e-06,C
SK-02747,S015>S002>S003,4,1.322380853485683e-06,C
SK-02748,S015>S002>S004,4,1.322380853485683e-06,C
SK-02749,S015>S002>S005,4,1.322380853485683e-06,C
SK-02750,S015>S002>S006,4,1.322380853485683e-06,C
SK-02751,S015>S002>S007,4,1.322380853485683e-06,C
SK-02752,S015>S002>S008,4,1.322380853485683e-06,C
SK-02753,S015>S002>S009,4,1.322380853485683e-06,C
SK-02754,S015>S002>S010,4,1.322380853485683e-06,C
SK-02755,S015>S002>S011,4,1.322380853485683e-06,C
SK-02756,S015>S002>S012,4,1.322380853485683e-06,C
SK-02757,S015>S002>S013,4,1.322380853485683e-06,C
SK-02758,S015>S002>S014,4,1.322380853485683e-06,C
SK-02759,S015>S003>S001,4,0.2164311732641832,C
SK-02760,S015>S003>S002,4,1.322380853485683e-06,C
SK-02761,S015>S003>S004,4,0.2164311732641832,C
SK-02762,S015>S003>S005,4,0.2164311732641832,C
SK-02763,S015>S003>S006,4,0.2164311732641832,C
SK-02764,S015>S003>S007,4,0.2164311732641832,C
SK-02765,S015>S003>S008,4,0.2164311732641832,C
SK-02766,S015>S003>S009,4,0.2164311732641832,C
SK-02767,S015>S003>S010,4,0.2164311732641832,C
SK-02768,S015>S003>S011,4,0.2164311732641832,C
SK-02769,S015>S003>S012,4,0.0665317100486219,C
SK-02770,S015>S003>S013,4,0.2164311732641832,C
SK-02771,S015>S003>S014,4,0.2164311732641832,C
SK-02772,S015>S005>S001,4,1.935778272530612,C
SK-02773,S015>S005>S002,4,1.322380853485683e-06,C
SK-02774,S015>S005>S003,4,0.2164311732641832,C
SK-02775,S015>S005>S004,4,1.935778272530612,C
SK-02776,S015>S005>S006,4,1.935778272530612,C
SK-02777,S015>S005>S007,4,1.935778272530612,C
SK-02778,S015>S005>S008,4,1.935778272530612,C
SK-02779,S015>S005>S009,4,1.935778272530612,C
SK-02780,S015>S005>S010,4,1.935778272530612,C
SK-02781,S015>S005>S011,4,1.935778272530612,C
SK-02782,S015>S005>S012,4,0.0665317100486219,C
SK-02783,S015>S005>S013,4,1.935778272530612,C
SK-02784,S015>S005>S014,4,1.935778272530612,C
SK-02785,S015>S006>S001,4,1.935778272530612,C
SK-02786,S015>S006>S002,4,1.322380853485683e-06,C
SK-02787,S015>S006>S003,4,0.2164311732641832,C
SK-02788,S015>S006>S004,4,1.935778272530612,C
SK-02789,S015>S006>S005,4,1.935778272530612,C
SK-02790,S015>S006>S007,4,1.935778272530612,C
SK-02791,S015>S006>S008,4,1.935778272530612,C
SK-02792,S015>S006>S009,4,1.935778272530612,C
SK-02793,S015>S006>S010,4,1.935778272530612,C
SK-02794,S015>S006>S011,4,1.935778272530612,C
SK-02795,S015>S006>S012,4,0.0665317100486219,C
SK-02796,S015>S006>S013,4,1.935778272530612,C
SK-02797,S015>S006>S014,4,1.935778272530612,C
SK-02798,S015>S007>S001,4,1.935778272530612,C
SK-02799,S015>S007>S002,4,1.322380853485683e-06,C
SK-02800,S015>S007>S003,4,0.2164311732641832,C
SK-02801,S015>S007>S004,4,1.935778272530612,C
SK-02802,S015>S007>S005,4,1.935778272530612,C
SK-02803,S015>S007>S006,4,1.935778272530612,C
SK-02804,S015>S007>S008,4,1.935778272530612,C
SK-02805,S015>S007>S009,4,1.935778272530612,C
SK-02806,S015>S007>S010,4,1.935778272530612,C
SK-02807,S015>S007>S011,4,1.935778272530612,C
SK-02808,S015>S007>S012,4,0.0665317100486219,C
SK-02809,S015>S007>S013,4,1.935778272530612,C
SK-02810,S015>S007>S014,4,1.935778272530612,C
SK-02811,S015>S008>S001,4,1.935778272530612,C
SK-02812,S015>S008>S002,4,1.322380853485683e-06,C
SK-02813,S015>S008>S003,4,0.2164311732641832,C
SK-02814,S015>S008>S004,4,1.935778272530612,C
SK-02815,S015>S008>S005,4,1.935778272530612,C
SK-02816,S015>S008>S006,4,1.935778272530612,C
SK-02817,S015>S008>S007,4,1.935778272530612,C
SK-02818,S015>S008>S009,4,1.935778272530612,C
SK-02819,S015>S008>S010,4,1.935778272530612,C
SK-02820,S015>S008>S011,4,1.935778272530612,C
SK-02821,S015>S008>S012,4,0.0665317100486219,C
SK-02822,S015>S008>S013,4,1.935778272530612,C
SK-02823,S015>S008>S014,4,1.935778272530612,C
SK-02824,S015>S009>S001,4,1.935778272530612,C
SK-02825,S015>S009>S002,4,1.322380853485683e-06,C
SK-02826,S015>S009>S003,4,0.2164311732641832,C
SK-02827,S015>S009>S004,4,1.935778272530612,C
SK-02828,S015>S009>S005,4,1.935778272530612,C
SK-02829,S015>S009>S006,4,1.935778272530612,C
SK-02830,S015>S009>S007,4,1.935778272530612,C
SK-02831,S015>S009>S008,4,1.935778272530612,C
SK-02832,S015>S009>S010,4,1.935778272530612,C
SK-02833,S015>S009>S011,4,1.935778272530612,C
SK-02834,S015>S009>S012,4,0.0665317100486219,C
SK-02835,S015>S009>S013,4,1.935778272530612,C
SK-02836,S015>S009>S014,4,1.935778272530612,C
SK-02837,S015>S010>S001,4,1.935778272530612,C
SK-02838,S015>S010>S002,4,1.322380853485683e-06,C
SK-02839,S015>S010>S003,4,0.2164311732641832,C
SK-02840,S015>S010>S004,4,1.935778272530612,C
SK-02841,S015>S010>S005,4,1.935778272530612,C
SK-02842,S015>S010>S006,4,1.935778272530612,C
SK-02843,S015>S010>S007,4,1.935778272530612,C
SK-02844,S015>S010>S008,4,1.935778272530612,C
SK-02845,S015>S010>S009,4,1.935778272530612,C
SK-02846,S015>S010>S011,4,1.935778272530612,C
SK-02847,S015>S010>S012,4,0.0665317100486219,C
SK-02848,S015>S010>S013,4,1.935778272530612,C
SK-02849,S015>S010>S014,4,1.935778272530612,C
SK-02850,S015>S011>S001,4,1.935778272530612,C
SK-02851,S015>S011>S002,4,1.322380853485683e-06,C
SK-02852,S015>S011>S003,4,0.2164311732641832,C
SK-02853,S015>S011>S004,4,1.935778272530612,C
SK-02854,S015>S011>S005,4,1.935778272530612,C
SK-02855,S015>S011>S006,4,1.935778272530612,C
SK-02856,S015>S011>S007,4,1.935778272530612,C
SK-02857,S015>S011>S008,4,1.935778272530612,C
SK-02858,S015>S011>S009,4,1.935778272530612,C
SK-02859,S015>S011>S010,4,1.935778272530612,C
SK-02860,S015>S011>S012,4,0.0665317100486219,C
SK-02861,S015>S011>S013,4,1.935778272530612,C
SK-02862,S015>S011>S014,4,1.935778272530612,C
SK-02863,S015>S012>S001,4,0.0665317100486219,C
SK-02864,S015>S012>S002,4,1.322380853485683e-06,C
SK-02865,S015>S012>S003,4,0.0665317100486219,C
SK-02866,S015>S012>S004,4,0.0665317100486219,C
SK-02867,S015>S012>S005,4,0.0665317100486219,C
SK-02868,S015>S012>S006,4,0.0665317100486219,C
SK-02869,S015>S012>S007,4,0.0665317100486219,C
SK-02870,S015>S012>S008,4,0.0665317100486219,C
SK-02871,S015>S012>S009,4,0.0665317100486219,C
SK-02872,S015>S012>S010,4,0.0665317100486219,C
SK-02873,S015>S012>S011,4,0.0665317100486219,C
SK-02874,S015>S012>S013,4,0.0665317100486219,C
SK-02875,S015>S012>S014,4,0.0665317100486219,C
SK-02876,S015>S013>S001,4,1.935778272530612,C
SK-02877,S015>S013>S002,4,1.322380853485683e-06,C
SK-02878,S015>S013>S003,4,0.2164311732641832,C
SK-02879,S015>S013>S004,4,1.935778272530612,C
SK-02880,S015>S013>S005,4,1.935778272530612,C
SK-02881,S015>S013>S006,4,1.935778272530612,C
SK-02882,S015>S013>S007,4,1.935778272530612,C
SK-02883,S015>S013>S008,4,1.935778272530612,C
SK-02884,S015>S013>S009,4,1.935778272530612,C
SK-02885,S015>S013>S010,4,1.935778272530612,C
SK-02886,S015>S013>S011,4,1.935778272530612,C
SK-02887,S015>S013>S012,4,0.0665317100486219,C
SK-02888,S015>S013>S014,4,1.935778272530612,C
SK-02889,S015>S014>S001,4,1.935778272530612,C
SK-02890,S015>S014>S002,4,1.322380853485683e-06,C
SK-02891,S015>S014>S003,4,0.2164311732641832,C
SK-02892,S015>S014>S004,4,1.935778272530612,C
SK-02893,S015>S014>S005,4,1.935778272530612,C
SK-02894,S015>S014>S006,4,1.935778272530612,C
SK-02895,S015>S014>S007,4,1.935778272530612,C
SK-02896,S015>S014>S008,4,1.935778272530612,C
SK-02897,S015>S014>S009,4,1.935778272530612,C
SK-02898,S015>S014>S010,4,1.935778272530612,C
SK-02899,S015>S014>S011,4,1.935778272530612,C
SK-02900,S015>S014>S012,4,0.0665317100486219,C
SK-02901,S015>S014>S013,4,1.935778272530612,C
