primitive_interval,start,end,phase,direct_available,relay_required,direct_margin_lower_bound_db,transport_start_xyz,transport_end_xyz
0,0.0,98.08373291015626,climb,True,False,24.894047506859252,"[11179685.606692273, 2558433.059906504, 127.7]","[11179685.606692273, 2558433.059906504, 372.9093322753906]"
1,98.08373291015626,98.99936937728093,cruise,True,False,24.877924952553357,"[11179685.606692273, 2558433.059906504, 372.9093322753906]","[11179682.468449539, 2558446.431114902, 372.9093322753906]"
2,98.99936937728093,99.9150058444056,cruise,True,False,24.829913324614793,"[11179682.468449539, 2558446.431114902, 372.9093322753906]","[11179679.330206806, 2558459.8023233004, 372.9093322753906]"
3,99.9150058444056,100.97256702149795,cruise,True,False,24.73616956358265,"[11179679.330206806, 2558459.8023233004, 372.9093322753906]","[11179675.705532823, 2558475.2460844438, 372.9093322753906]"
4,100.97256702149795,102.0301281985903,cruise,True,False,24.603907595150076,"[11179675.705532823, 2558475.2460844438, 372.9093322753906]","[11179672.08085884, 2558490.6898455876, 372.9093322753906]"
5,102.0301281985903,102.40492368060751,cruise,True,False,24.54842255076639,"[11179672.08085884, 2558490.6898455876, 372.9093322753906]","[11179670.796288772, 2558496.1630532155, 372.9093322753906]"
6,102.40492368060751,102.77971916262472,cruise,True,False,24.488704286549122,"[11179670.796288772, 2558496.1630532155, 372.9093322753906]","[11179669.511718705, 2558501.6362608443, 372.9093322753906]"
7,102.77971916262472,103.46248485769986,cruise,True,False,24.369635436608178,"[11179669.511718705, 2558501.6362608443, 372.9093322753906]","[11179667.171614788, 2558511.6068143593, 372.9093322753906]"
8,103.46248485769986,104.14525055277501,cruise,True,False,24.238271529735357,"[11179667.171614788, 2558511.6068143593, 372.9093322753906]","[11179664.831510874, 2558521.577367875, 372.9093322753906]"
9,104.14525055277501,105.20281172985383,cruise,True,False,24.013283676042164,"[11179664.831510874, 2558521.577367875, 372.9093322753906]","[11179661.20683689, 2558537.021129018, 372.9093322753906]"
10,105.20281172985383,106.26037290693266,cruise,True,False,23.76601396200917,"[11179661.20683689, 2558537.021129018, 372.9093322753906]","[11179657.58216291, 2558552.464890161, 372.9093322753906]"
11,106.26037290693266,107.31793408403854,cruise,True,False,23.500686590492535,"[11179657.58216291, 2558552.464890161, 372.9093322753906]","[11179653.957488926, 2558567.9086513054, 372.9093322753906]"
12,107.31793408403854,108.37549526114442,cruise,True,False,23.22122137721921,"[11179653.957488926, 2558567.9086513054, 372.9093322753906]","[11179650.332814943, 2558583.3524124487, 372.9093322753906]"
13,108.37549526114442,109.43305643822325,cruise,True,False,22.931145587352617,"[11179650.332814943, 2558583.3524124487, 372.9093322753906]","[11179646.70814096, 2558598.7961735926, 372.9093322753906]"
14,109.43305643822325,110.49061761530207,cruise,True,False,22.63355313742666,"[11179646.70814096, 2558598.7961735926, 372.9093322753906]","[11179643.083466977, 2558614.239934736, 372.9093322753906]"
15,110.49061761530207,110.78268680618613,cruise,True,False,22.550407172886096,"[11179643.083466977, 2558614.239934736, 372.9093322753906]","[11179642.082432127, 2558618.50507506, 372.9093322753906]"
16,110.78268680618613,111.0747559970702,cruise,True,False,22.4669430938893,"[11179642.082432127, 2558618.50507506, 372.9093322753906]","[11179641.081397273, 2558622.7702153837, 372.9093322753906]"
17,111.0747559970702,111.84024798326496,cruise,True,False,22.24702262037424,"[11179641.081397273, 2558622.7702153837, 372.9093322753906]","[11179638.457758144, 2558633.948836203, 372.9093322753906]"
18,111.84024798326496,112.60573996945972,cruise,True,False,22.026022719043866,"[11179638.457758144, 2558633.948836203, 372.9093322753906]","[11179635.834119014, 2558645.1274570227, 372.9093322753906]"
19,112.60573996945972,113.6633011465656,cruise,True,False,21.72017572481269,"[11179635.834119014, 2558645.1274570227, 372.9093322753906]","[11179632.20944503, 2558660.5712181665, 372.9093322753906]"
20,113.6633011465656,114.72086232367148,cruise,True,False,21.41507104746981,"[11179632.20944503, 2558660.5712181665, 372.9093322753906]","[11179628.584771048, 2558676.0149793103, 372.9093322753906]"
21,114.72086232367148,115.7784235007503,cruise,True,False,21.111924077867215,"[11179628.584771048, 2558676.0149793103, 372.9093322753906]","[11179624.960097063, 2558691.4587404537, 372.9093322753906]"
22,115.7784235007503,116.83598467782915,cruise,True,False,20.811696577411,"[11179624.960097063, 2558691.4587404537, 372.9093322753906]","[11179621.335423082, 2558706.9025015966, 372.9093322753906]"
23,116.83598467782915,117.8935458549215,cruise,True,False,20.51513670848415,"[11179621.335423082, 2558706.9025015966, 372.9093322753906]","[11179617.7107491, 2558722.346262741, 372.9093322753906]"
24,117.8935458549215,118.95110703201385,cruise,True,False,20.222814829570297,"[11179617.7107491, 2558722.346262741, 372.9093322753906]","[11179614.086075116, 2558737.7900238843, 372.9093322753906]"
25,118.95110703201385,119.16044993176477,cruise,True,False,20.165491618970933,"[11179614.086075116, 2558737.7900238843, 372.9093322753906]","[11179613.368575478, 2558740.8470969037, 372.9093322753906]"
26,119.16044993176477,119.3697928315157,cruise,True,False,20.108354133368053,"[11179613.368575478, 2558740.8470969037, 372.9093322753906]","[11179612.65107584, 2558743.904169923, 372.9093322753906]"
27,119.3697928315157,120.21801110885714,cruise,True,False,19.87879373186442,"[11179612.65107584, 2558743.904169923, 372.9093322753906]","[11179609.743901499, 2558756.290858047, 372.9093322753906]"
28,120.21801110885714,121.06622938619859,cruise,True,False,19.65246038590152,"[11179609.743901499, 2558756.290858047, 372.9093322753906]","[11179606.836727152, 2558768.6775461715, 372.9093322753906]"
29,121.06622938619859,122.12379056327741,cruise,True,False,19.37493859664268,"[11179606.836727152, 2558768.6775461715, 372.9093322753906]","[11179603.21205317, 2558784.121307315, 372.9093322753906]"
30,122.12379056327741,123.18135174035625,cruise,True,False,19.10271788852492,"[11179603.21205317, 2558784.121307315, 372.9093322753906]","[11179599.587379185, 2558799.565068458, 372.9093322753906]"
31,123.18135174035625,124.23891291746213,cruise,True,False,18.835864214955834,"[11179599.587379185, 2558799.565068458, 372.9093322753906]","[11179595.962705204, 2558815.008829602, 372.9093322753906]"
32,124.23891291746213,125.29647409456801,cruise,True,False,18.574393885581486,"[11179595.962705204, 2558815.008829602, 372.9093322753906]","[11179592.338031221, 2558830.452590746, 372.9093322753906]"
33,125.29647409456801,126.35403527164684,cruise,True,False,18.318284164401703,"[11179592.338031221, 2558830.452590746, 372.9093322753906]","[11179588.713357238, 2558845.8963518892, 372.9093322753906]"
34,126.35403527164684,127.41159644872567,cruise,True,False,18.067481916959068,"[11179588.713357238, 2558845.8963518892, 372.9093322753906]","[11179585.088683257, 2558861.3401130326, 372.9093322753906]"
35,127.41159644872567,127.53821305713126,cruise,True,False,18.037806933575254,"[11179585.088683257, 2558861.3401130326, 372.9093322753906]","[11179584.654718831, 2558863.1891187443, 372.9093322753906]"
36,127.53821305713126,127.66482966553684,cruise,True,False,18.008206801643652,"[11179584.654718831, 2558863.1891187443, 372.9093322753906]","[11179584.22075441, 2558865.0381244565, 372.9093322753906]"
37,127.66482966553684,128.5957742342101,cruise,True,False,17.792855916040764,"[11179584.22075441, 2558865.0381244565, 372.9093322753906]","[11179581.03004485, 2558878.6328798877, 372.9093322753906]"
38,128.5957742342101,129.52671880288335,cruise,True,False,17.581476144812214,"[11179581.03004485, 2558878.6328798877, 372.9093322753906]","[11179577.839335289, 2558892.2276353193, 372.9093322753906]"
39,129.52671880288335,130.58427997998925,cruise,True,False,17.346071167576085,"[11179577.839335289, 2558892.2276353193, 372.9093322753906]","[11179574.214661308, 2558907.671396463, 372.9093322753906]"
40,130.58427997998925,131.64184115709514,cruise,True,False,17.115579047237546,"[11179574.214661308, 2558907.671396463, 372.9093322753906]","[11179570.589987326, 2558923.115157607, 372.9093322753906]"
41,131.64184115709514,132.69940233417398,cruise,True,False,16.889876694273397,"[11179570.589987326, 2558923.115157607, 372.9093322753906]","[11179566.965313343, 2558938.5589187504, 372.9093322753906]"
42,132.69940233417398,133.75696351125282,cruise,True,False,16.668836951155143,"[11179566.965313343, 2558938.5589187504, 372.9093322753906]","[11179563.34063936, 2558954.0026798937, 372.9093322753906]"
43,133.75696351125282,134.8145246883452,cruise,True,False,16.452330467891414,"[11179563.34063936, 2558954.0026798937, 372.9093322753906]","[11179559.715965377, 2558969.446441037, 372.9093322753906]"
44,134.8145246883452,135.87208586543755,cruise,True,False,16.24022718240984,"[11179559.715965377, 2558969.446441037, 372.9093322753906]","[11179556.091291394, 2558984.890202181, 372.9093322753906]"
45,135.87208586543755,135.91597618270998,cruise,True,False,16.231517841143344,"[11179556.091291394, 2558984.890202181, 372.9093322753906]","[11179555.940862186, 2558985.5311405878, 372.9093322753906]"
46,135.91597618270998,135.9598664999824,cruise,True,False,16.222815851131003,"[11179555.940862186, 2558985.5311405878, 372.9093322753906]","[11179555.790432978, 2558986.1720789955, 372.9093322753906]"
47,135.9598664999824,136.97353735980232,cruise,True,False,16.02386271509812,"[11179555.790432978, 2558986.1720789955, 372.9093322753906]","[11179552.316188203, 2559000.974901732, 372.9093322753906]"
48,136.97353735980232,137.98720821962223,cruise,True,False,15.828713096571065,"[11179552.316188203, 2559000.974901732, 372.9093322753906]","[11179548.84194343, 2559015.777724468, 372.9093322753906]"
49,137.98720821962223,139.04476939670107,cruise,True,False,15.629047803971687,"[11179548.84194343, 2559015.777724468, 372.9093322753906]","[11179545.217269447, 2559031.2214856115, 372.9093322753906]"
50,139.04476939670107,140.1023305737799,cruise,True,False,15.433277937062783,"[11179545.217269447, 2559031.2214856115, 372.9093322753906]","[11179541.592595464, 2559046.665246755, 372.9093322753906]"
51,140.1023305737799,141.15989175087228,cruise,True,False,15.241282776227408,"[11179541.592595464, 2559046.665246755, 372.9093322753906]","[11179537.96792148, 2559062.1090078987, 372.9093322753906]"
52,141.15989175087228,142.21745292796464,cruise,True,False,15.052944823734236,"[11179537.96792148, 2559062.1090078987, 372.9093322753906]","[11179534.3432475, 2559077.552769042, 372.9093322753906]"
53,142.21745292796464,143.23617813119628,cruise,True,False,14.87487468851451,"[11179534.3432475, 2559077.552769042, 372.9093322753906]","[11179530.85167952, 2559092.4294012883, 372.9093322753906]"
54,143.23617813119628,144.25490333442792,cruise,True,False,14.699993329198165,"[11179530.85167952, 2559092.4294012883, 372.9093322753906]","[11179527.360111544, 2559107.3060335354, 372.9093322753906]"
55,144.25490333442792,144.29373930828862,cruise,True,False,14.693388280235993,"[11179527.360111544, 2559107.3060335354, 372.9093322753906]","[11179527.22700554, 2559107.873162432, 372.9093322753906]"
56,144.29373930828862,144.33257528214932,cruise,True,False,14.686787720701432,"[11179527.22700554, 2559107.873162432, 372.9093322753906]","[11179527.093899535, 2559108.4402913293, 372.9093322753906]"
57,144.33257528214932,145.39013645922816,cruise,True,False,14.508751041475506,"[11179527.093899535, 2559108.4402913293, 372.9093322753906]","[11179523.469225552, 2559123.884052473, 372.9093322753906]"
58,145.39013645922816,146.447697636307,cruise,True,False,14.33393659449763,"[11179523.469225552, 2559123.884052473, 372.9093322753906]","[11179519.844551567, 2559139.327813616, 372.9093322753906]"
59,146.447697636307,147.5052588134129,cruise,True,False,14.162244613862057,"[11179519.844551567, 2559139.327813616, 372.9093322753906]","[11179516.219877586, 2559154.77157476, 372.9093322753906]"
60,147.5052588134129,148.5628199905188,cruise,True,False,13.99357888504396,"[11179516.219877586, 2559154.77157476, 372.9093322753906]","[11179512.595203605, 2559170.2153359037, 372.9093322753906]"
61,148.5628199905188,149.62038116759763,cruise,True,False,13.827846682100528,"[11179512.595203605, 2559170.2153359037, 372.9093322753906]","[11179508.970529621, 2559185.659097047, 372.9093322753906]"
62,149.62038116759763,150.67794234467647,cruise,True,False,13.664958689466573,"[11179508.970529621, 2559185.659097047, 372.9093322753906]","[11179505.345855638, 2559201.102858191, 372.9093322753906]"
63,150.67794234467647,151.61394125656278,cruise,True,False,13.523097537842133,"[11179505.345855638, 2559201.102858191, 372.9093322753906]","[11179502.137822878, 2559214.7714231294, 372.9093322753906]"
64,151.61394125656278,152.5499401684491,cruise,True,False,13.383339399888115,"[11179502.137822878, 2559214.7714231294, 372.9093322753906]","[11179498.929790113, 2559228.4399880683, 372.9093322753906]"
65,152.5499401684491,152.67150243364162,cruise,True,False,13.365339783372463,"[11179498.929790113, 2559228.4399880683, 372.9093322753906]","[11179498.513148893, 2559230.2151842727, 372.9093322753906]"
66,152.67150243364162,152.79306469883414,cruise,True,False,13.347374579521471,"[11179498.513148893, 2559230.2151842727, 372.9093322753906]","[11179498.096507672, 2559231.990380477, 372.9093322753906]"
67,152.79306469883414,153.85062587594004,cruise,True,False,13.192516039423126,"[11179498.096507672, 2559231.990380477, 372.9093322753906]","[11179494.47183369, 2559247.434141621, 372.9093322753906]"
68,153.85062587594004,154.90818705304594,cruise,True,False,13.040176654665544,"[11179494.47183369, 2559247.434141621, 372.9093322753906]","[11179490.84715971, 2559262.877902765, 372.9093322753906]"
69,154.90818705304594,155.96574823012477,cruise,True,False,12.890282693485005,"[11179490.84715971, 2559262.877902765, 372.9093322753906]","[11179487.222485725, 2559278.321663908, 372.9093322753906]"
70,155.96574823012477,157.0233094072036,cruise,True,False,12.742763221478668,"[11179487.222485725, 2559278.321663908, 372.9093322753906]","[11179483.597811742, 2559293.7654250516, 372.9093322753906]"
71,157.0233094072036,158.08087058429598,cruise,True,False,12.597549993828295,"[11179483.597811742, 2559293.7654250516, 372.9093322753906]","[11179479.97313776, 2559309.209186196, 372.9093322753906]"
72,158.08087058429598,159.13843176138835,cruise,True,False,12.454577349098557,"[11179479.97313776, 2559309.209186196, 372.9093322753906]","[11179476.348463777, 2559324.6529473388, 372.9093322753906]"
73,159.13843176138835,159.9917043821415,cruise,True,False,12.340812657817963,"[11179476.348463777, 2559324.6529473388, 372.9093322753906]","[11179473.42396623, 2559337.113444973, 372.9093322753906]"
74,159.9917043821415,160.84497700289467,cruise,True,False,12.228433303673071,"[11179473.42396623, 2559337.113444973, 372.9093322753906]","[11179470.499468682, 2559349.5739426073, 372.9093322753906]"
75,160.84497700289467,161.04926555923385,cruise,True,False,12.20172977807735,"[11179470.499468682, 2559349.5739426073, 372.9093322753906]","[11179469.799292248, 2559352.557206117, 372.9093322753906]"
76,161.04926555923385,161.25355411557302,cruise,True,False,12.175103457068161,"[11179469.799292248, 2559352.557206117, 372.9093322753906]","[11179469.099115813, 2559355.540469626, 372.9093322753906]"
77,161.25355411557302,162.31111529265186,cruise,True,False,12.038482879505608,"[11179469.099115813, 2559355.540469626, 372.9093322753906]","[11179465.47444183, 2559370.9842307693, 372.9093322753906]"
78,162.31111529265186,163.3686764697307,cruise,True,False,11.903864030070665,"[11179465.47444183, 2559370.9842307693, 372.9093322753906]","[11179461.849767847, 2559386.427991913, 372.9093322753906]"
79,163.3686764697307,164.4262376468366,cruise,True,False,11.771192657603095,"[11179461.849767847, 2559386.427991913, 372.9093322753906]","[11179458.225093864, 2559401.8717530565, 372.9093322753906]"
80,164.4262376468366,165.4837988239425,cruise,True,False,11.640416513161483,"[11179458.225093864, 2559401.8717530565, 372.9093322753906]","[11179454.600419883, 2559417.3155142004, 372.9093322753906]"
81,165.4837988239425,166.54136000102133,cruise,True,False,11.511485264581054,"[11179454.600419883, 2559417.3155142004, 372.9093322753906]","[11179450.9757459, 2559432.7592753437, 372.9093322753906]"
82,166.54136000102133,167.59892117810014,cruise,True,False,11.38435041443637,"[11179450.9757459, 2559432.7592753437, 372.9093322753906]","[11179447.351071917, 2559448.203036487, 372.9093322753906]"
83,167.59892117810014,168.36946750772017,cruise,True,False,11.292823511629763,"[11179447.351071917, 2559448.203036487, 372.9093322753906]","[11179444.710109582, 2559459.455466817, 372.9093322753906]"
84,168.36946750772017,169.1400138373402,cruise,True,False,11.202207896802008,"[11179444.710109582, 2559459.455466817, 372.9093322753906]","[11179442.069147252, 2559470.707897147, 372.9093322753906]"
85,169.1400138373402,169.427028684799,cruise,True,False,11.1686846615694,"[11179442.069147252, 2559470.707897147, 372.9093322753906]","[11179441.085435601, 2559474.8992279605, 372.9093322753906]"
86,169.427028684799,169.71404353225782,cruise,True,False,11.135284624977231,"[11179441.085435601, 2559474.8992279605, 372.9093322753906]","[11179440.10172395, 2559479.0905587743, 372.9093322753906]"
87,169.71404353225782,170.7716047093637,cruise,True,False,11.013265173432217,"[11179440.10172395, 2559479.0905587743, 372.9093322753906]","[11179436.47704997, 2559494.5343199177, 372.9093322753906]"
88,170.7716047093637,171.82916588646958,cruise,True,False,10.89286495496708,"[11179436.47704997, 2559494.5343199177, 372.9093322753906]","[11179432.852375984, 2559509.9780810615, 372.9093322753906]"
89,171.82916588646958,172.8867270635484,cruise,True,False,10.774043531990912,"[11179432.852375984, 2559509.9780810615, 372.9093322753906]","[11179429.227702003, 2559525.421842205, 372.9093322753906]"
90,172.8867270635484,173.94428824062723,cruise,True,False,10.65676187827026,"[11179429.227702003, 2559525.421842205, 372.9093322753906]","[11179425.60302802, 2559540.8656033487, 372.9093322753906]"
91,173.94428824062723,175.0018494177196,cruise,True,False,10.540982319081252,"[11179425.60302802, 2559540.8656033487, 372.9093322753906]","[11179421.978354039, 2559556.309364492, 372.9093322753906]"
92,175.0018494177196,176.05941059481196,cruise,True,False,10.426668473995676,"[11179421.978354039, 2559556.309364492, 372.9093322753906]","[11179418.353680054, 2559571.753125636, 372.9093322753906]"
93,176.05941059481196,176.74723063308664,cruise,True,False,10.353090591625417,"[11179418.353680054, 2559571.753125636, 372.9093322753906]","[11179415.996252937, 2559581.7974886578, 372.9093322753906]"
94,176.74723063308664,177.43505067136132,cruise,True,False,10.280108419390174,"[11179415.996252937, 2559581.7974886578, 372.9093322753906]","[11179413.63882582, 2559591.84185168, 372.9093322753906]"
95,177.43505067136132,177.80479181017898,cruise,True,False,10.241119446716652,"[11179413.63882582, 2559591.84185168, 372.9093322753906]","[11179412.371578954, 2559597.241249801, 372.9093322753906]"
96,177.80479181017898,178.17453294899664,cruise,True,False,10.202298551625958,"[11179412.371578954, 2559597.241249801, 372.9093322753906]","[11179411.10433209, 2559602.6406479226, 372.9093322753906]"
97,178.17453294899664,179.23209412607545,cruise,True,False,10.092175707096473,"[11179411.10433209, 2559602.6406479226, 372.9093322753906]","[11179407.479658108, 2559618.0844090665, 372.9093322753906]"
98,179.23209412607545,180.2896553031543,cruise,True,False,9.983384945413633,"[11179407.479658108, 2559618.0844090665, 372.9093322753906]","[11179403.854984125, 2559633.52817021, 372.9093322753906]"
99,180.2896553031543,181.34721648026016,cruise,True,False,9.8758955891511,"[11179403.854984125, 2559633.52817021, 372.9093322753906]","[11179400.230310142, 2559648.9719313537, 372.9093322753906]"
100,181.34721648026016,182.40477765736605,cruise,True,False,9.76967796397281,"[11179400.230310142, 2559648.9719313537, 372.9093322753906]","[11179396.605636159, 2559664.415692497, 372.9093322753906]"
101,182.40477765736605,183.46233883444486,cruise,True,False,9.664703357689802,"[11179396.605636159, 2559664.415692497, 372.9093322753906]","[11179392.980962176, 2559679.8594536404, 372.9093322753906]"
102,183.46233883444486,184.5199000115237,cruise,True,False,9.560943981256273,"[11179392.980962176, 2559679.8594536404, 372.9093322753906]","[11179389.356288195, 2559695.3032147842, 372.9093322753906]"
103,184.5199000115237,185.12499375887742,cruise,True,False,9.502113216776237,"[11179389.356288195, 2559695.3032147842, 372.9093322753906]","[11179387.28239629, 2559704.139510505, 372.9093322753906]"
104,185.12499375887742,185.73008750623114,cruise,True,False,9.44366654233491,"[11179387.28239629, 2559704.139510505, 372.9093322753906]","[11179385.208504386, 2559712.975806226, 372.9093322753906]"
105,185.73008750623114,186.18255493595626,cruise,True,False,9.400210308955707,"[11179385.208504386, 2559712.975806226, 372.9093322753906]","[11179383.65772231, 2559719.5832716483, 372.9093322753906]"
106,186.18255493595626,186.63502236568135,cruise,True,False,9.356964155982553,"[11179383.65772231, 2559719.5832716483, 372.9093322753906]","[11179382.106940228, 2559726.190737071, 372.9093322753906]"
107,186.63502236568135,187.69258354278725,cruise,True,False,9.256692418500236,"[11179382.106940228, 2559726.190737071, 372.9093322753906]","[11179378.482266247, 2559741.634498215, 372.9093322753906]"
108,187.69258354278725,188.75014471989311,cruise,True,False,9.157533267478328,"[11179378.482266247, 2559741.634498215, 372.9093322753906]","[11179374.857592262, 2559757.0782593586, 372.9093322753906]"
109,188.75014471989311,189.80770589697195,cruise,True,False,9.059463004871645,"[11179374.857592262, 2559757.0782593586, 372.9093322753906]","[11179371.23291828, 2559772.522020502, 372.9093322753906]"
110,189.80770589697195,190.86526707405076,cruise,True,False,8.962458656828531,"[11179371.23291828, 2559772.522020502, 372.9093322753906]","[11179367.6082443, 2559787.9657816454, 372.9093322753906]"
111,190.86526707405076,191.9228282511296,cruise,True,False,8.866497945655894,"[11179367.6082443, 2559787.9657816454, 372.9093322753906]","[11179363.983570317, 2559803.4095427888, 372.9093322753906]"
112,191.9228282511296,192.98038942820844,cruise,True,False,8.77155926308184,"[11179363.983570317, 2559803.4095427888, 372.9093322753906]","[11179360.358896334, 2559818.853303932, 372.9093322753906]"
113,192.98038942820844,193.50275688423037,cruise,True,False,8.725036264697565,"[11179360.358896334, 2559818.853303932, 372.9093322753906]","[11179358.568539644, 2559826.4815323455, 372.9093322753906]"
114,193.50275688423037,194.0251243402523,cruise,True,False,8.678755019062748,"[11179358.568539644, 2559826.4815323455, 372.9093322753906]","[11179356.778182955, 2559834.109760759, 372.9093322753906]"
115,194.0251243402523,194.56031806133626,cruise,True,False,8.631585563849825,"[11179356.778182955, 2559834.109760759, 372.9093322753906]","[11179354.943865662, 2559841.9252934894, 372.9093322753906]"
116,194.56031806133626,195.09551178242023,cruise,True,False,8.584664745471358,"[11179354.943865662, 2559841.9252934894, 372.9093322753906]","[11179353.109548368, 2559849.74082622, 372.9093322753906]"
117,195.09551178242023,196.15307295949907,cruise,True,False,8.492668816623237,"[11179353.109548368, 2559849.74082622, 372.9093322753906]","[11179349.484874386, 2559865.184587363, 372.9093322753906]"
118,196.15307295949907,197.21063413657788,cruise,True,False,8.401614683145212,"[11179349.484874386, 2559865.184587363, 372.9093322753906]","[11179345.860200403, 2559880.6283485065, 372.9093322753906]"
119,197.21063413657788,198.26819531367025,cruise,True,False,8.31148372263047,"[11179345.860200403, 2559880.6283485065, 372.9093322753906]","[11179342.235526422, 2559896.0721096504, 372.9093322753906]"
120,198.26819531367025,199.32575649076261,cruise,True,False,8.222257844888858,"[11179342.235526422, 2559896.0721096504, 372.9093322753906]","[11179338.610852437, 2559911.5158707937, 372.9093322753906]"
121,199.32575649076261,200.38331766785498,cruise,True,False,8.13391947249788,"[11179338.610852437, 2559911.5158707937, 372.9093322753906]","[11179334.986178454, 2559926.959631937, 372.9093322753906]"
122,200.38331766785498,201.44087884494735,cruise,True,False,8.046451522173399,"[11179334.986178454, 2559926.959631937, 372.9093322753906]","[11179331.36150447, 2559942.403393081, 372.9093322753906]"
123,201.44087884494735,201.8805200096104,cruise,True,False,8.01034220457504,"[11179331.36150447, 2559942.403393081, 372.9093322753906]","[11179329.854682999, 2559948.823554186, 372.9093322753906]"
124,201.8805200096104,202.32016117427347,cruise,True,False,7.974379265541685,"[11179329.854682999, 2559948.823554186, 372.9093322753906]","[11179328.347861527, 2559955.243715292, 372.9093322753906]"
125,202.32016117427347,202.93808118668923,cruise,True,False,7.924078233384847,"[11179328.347861527, 2559955.243715292, 372.9093322753906]","[11179326.230009016, 2559964.26731533, 372.9093322753906]"
126,202.93808118668923,203.556001199105,cruise,True,False,7.874060919285384,"[11179326.230009016, 2559964.26731533, 372.9093322753906]","[11179324.112156508, 2559973.2909153677, 372.9093322753906]"
127,203.556001199105,204.61356237621087,cruise,True,False,7.789106414417617,"[11179324.112156508, 2559973.2909153677, 372.9093322753906]","[11179320.487482524, 2559988.7346765115, 372.9093322753906]"
128,204.61356237621087,205.67112355331676,cruise,True,False,7.704958595107101,"[11179320.487482524, 2559988.7346765115, 372.9093322753906]","[11179316.862808542, 2560004.1784376553, 372.9093322753906]"
129,205.67112355331676,206.72868473039557,cruise,True,False,7.621602596470282,"[11179316.862808542, 2560004.1784376553, 372.9093322753906]","[11179313.238134557, 2560019.6221987987, 372.9093322753906]"
130,206.72868473039557,207.7862459074744,cruise,True,False,7.5390239517142135,"[11179313.238134557, 2560019.6221987987, 372.9093322753906]","[11179309.613460576, 2560035.065959942, 372.9093322753906]"
131,207.7862459074744,208.84380708455325,cruise,True,False,7.457208578376978,"[11179309.613460576, 2560035.065959942, 372.9093322753906]","[11179305.988786593, 2560050.5097210854, 372.9093322753906]"
132,208.84380708455325,209.9013682616321,cruise,True,False,7.3761427651885185,"[11179305.988786593, 2560050.5097210854, 372.9093322753906]","[11179302.364112612, 2560065.953482229, 372.9093322753906]"
133,209.9013682616321,210.25828313538773,cruise,True,False,7.348950787503227,"[11179302.364112612, 2560065.953482229, 372.9093322753906]","[11179301.140826352, 2560071.1655760333, 372.9093322753906]"
134,210.25828313538773,210.61519800914334,cruise,True,False,7.321842155617915,"[11179301.140826352, 2560071.1655760333, 372.9093322753906]","[11179299.917540092, 2560076.377669838, 372.9093322753906]"
135,210.61519800914334,211.3158443124936,cruise,True,False,7.268866691025835,"[11179299.917540092, 2560076.377669838, 372.9093322753906]","[11179297.516152369, 2560086.609337177, 372.9093322753906]"
136,211.3158443124936,212.01649061584385,cruise,True,False,7.216206754838893,"[11179297.516152369, 2560086.609337177, 372.9093322753906]","[11179295.114764646, 2560096.8410045165, 372.9093322753906]"
137,212.01649061584385,213.0740517929227,cruise,True,False,7.137310880011654,"[11179295.114764646, 2560096.8410045165, 372.9093322753906]","[11179291.490090664, 2560112.28476566, 372.9093322753906]"
138,213.0740517929227,214.13161297000153,cruise,True,False,7.059113187222991,"[11179291.490090664, 2560112.28476566, 372.9093322753906]","[11179287.86541668, 2560127.728526803, 372.9093322753906]"
139,214.13161297000153,215.1891741470939,cruise,True,False,6.9816016417719595,"[11179287.86541668, 2560127.728526803, 372.9093322753906]","[11179284.240742698, 2560143.172287947, 372.9093322753906]"
140,215.1891741470939,216.24673532418626,cruise,True,False,6.904764511690956,"[11179284.240742698, 2560143.172287947, 372.9093322753906]","[11179280.616068717, 2560158.6160490904, 372.9093322753906]"
141,216.24673532418626,217.30429650127863,cruise,True,False,6.828590357882632,"[11179280.616068717, 2560158.6160490904, 372.9093322753906]","[11179276.991394732, 2560174.0598102342, 372.9093322753906]"
142,217.30429650127863,218.361857678371,cruise,True,False,6.753068024677873,"[11179276.991394732, 2560174.0598102342, 372.9093322753906]","[11179273.36672075, 2560189.5035713776, 372.9093322753906]"
143,218.361857678371,218.63604626076776,cruise,True,False,6.733592788568089,"[11179273.36672075, 2560189.5035713776, 372.9093322753906]","[11179272.426969705, 2560193.5075978744, 372.9093322753906]"
144,218.63604626076776,218.91023484316455,cruise,True,False,6.714160447255779,"[11179272.426969705, 2560193.5075978744, 372.9093322753906]","[11179271.487218661, 2560197.5116243707, 372.9093322753906]"
145,218.91023484316455,219.6936074378466,cruise,True,False,6.658875824227877,"[11179271.487218661, 2560197.5116243707, 372.9093322753906]","[11179268.802295722, 2560208.9513590178, 372.9093322753906]"
146,219.6936074378466,220.47698003252864,cruise,True,False,6.603935560114664,"[11179268.802295722, 2560208.9513590178, 372.9093322753906]","[11179266.117372785, 2560220.3910936643, 372.9093322753906]"
147,220.47698003252864,221.53454120963454,cruise,True,False,6.530304454275978,"[11179266.117372785, 2560220.3910936643, 372.9093322753906]","[11179262.492698802, 2560235.834854808, 372.9093322753906]"
148,221.53454120963454,222.5921023867404,cruise,True,False,6.457283203582094,"[11179262.492698802, 2560235.834854808, 372.9093322753906]","[11179258.86802482, 2560251.278615952, 372.9093322753906]"
149,222.5921023867404,223.64966356381925,cruise,True,False,6.384861939720722,"[11179258.86802482, 2560251.278615952, 372.9093322753906]","[11179255.243350837, 2560266.7223770954, 372.9093322753906]"
150,223.64966356381925,224.70722474089806,cruise,True,False,6.313031028187893,"[11179255.243350837, 2560266.7223770954, 372.9093322753906]","[11179251.618676854, 2560282.1661382387, 372.9093322753906]"
151,224.70722474089806,225.7647859179769,cruise,True,False,6.241781061086272,"[11179251.618676854, 2560282.1661382387, 372.9093322753906]","[11179247.994002871, 2560297.609899382, 372.9093322753906]"
152,225.7647859179769,226.82234709505573,cruise,True,False,6.1711028501946,"[11179247.994002871, 2560297.609899382, 372.9093322753906]","[11179244.369328888, 2560313.0536605255, 372.9093322753906]"
153,226.82234709505573,227.0138093861207,cruise,True,False,6.158367597064483,"[11179244.369328888, 2560313.0536605255, 372.9093322753906]","[11179243.71311306, 2560315.8496197145, 372.9093322753906]"
154,227.0138093861207,227.20527167718566,cruise,True,False,6.145650736553307,"[11179243.71311306, 2560315.8496197145, 372.9093322753906]","[11179243.05689723, 2560318.6455789036, 372.9093322753906]"
155,227.20527167718566,228.07137056322657,cruise,True,False,6.08835311041247,"[11179243.05689723, 2560318.6455789036, 372.9093322753906]","[11179240.088439077, 2560331.293380859, 372.9093322753906]"
156,228.07137056322657,228.93746944926747,cruise,True,False,6.0314260027470965,"[11179240.088439077, 2560331.293380859, 372.9093322753906]","[11179237.119980926, 2560343.941182813, 372.9093322753906]"
157,228.93746944926747,229.9950306263463,cruise,True,False,5.962410029294759,"[11179237.119980926, 2560343.941182813, 372.9093322753906]","[11179233.49530694, 2560359.384943957, 372.9093322753906]"
158,229.9950306263463,231.05259180342514,cruise,True,False,5.893931126118503,"[11179233.49530694, 2560359.384943957, 372.9093322753906]","[11179229.870632958, 2560374.8287051, 372.9093322753906]"
159,231.05259180342514,232.11015298050395,cruise,True,False,5.825981108057846,"[11179229.870632958, 2560374.8287051, 372.9093322753906]","[11179226.245958975, 2560390.2724662432, 372.9093322753906]"
160,232.11015298050395,233.1677141575828,cruise,True,False,5.758551973097681,"[11179226.245958975, 2560390.2724662432, 372.9093322753906]","[11179222.621284993, 2560405.716227387, 372.9093322753906]"
161,233.1677141575828,234.22527533468866,cruise,True,False,5.69163589701688,"[11179222.621284993, 2560405.716227387, 372.9093322753906]","[11179218.996611012, 2560421.1599885304, 372.9093322753906]"
162,234.22527533468866,235.28283651179456,cruise,True,False,5.625225228226853,"[11179218.996611012, 2560421.1599885304, 372.9093322753906]","[11179215.371937029, 2560436.6037496747, 372.9093322753906]"
163,235.28283651179456,235.39157251192506,cruise,True,False,5.618425391474432,"[11179215.371937029, 2560436.6037496747, 372.9093322753906]","[11179214.999256413, 2560438.191641562, 372.9093322753906]"
164,235.39157251192506,235.50030851205554,cruise,True,False,5.611630810328634,"[11179214.999256413, 2560438.191641562, 372.9093322753906]","[11179214.626575798, 2560439.77953345, 372.9093322753906]"
165,235.50030851205554,236.4491336890039,cruise,True,False,5.55256342362722,"[11179214.626575798, 2560439.77953345, 372.9093322753906]","[11179211.37458243, 2560453.6354027055, 372.9093322753906]"
166,236.4491336890039,237.39795886595226,cruise,True,False,5.493890339786859,"[11179211.37458243, 2560453.6354027055, 372.9093322753906]","[11179208.122589061, 2560467.491271961, 372.9093322753906]"
167,237.39795886595226,238.45552004304463,cruise,True,False,5.428951636321258,"[11179208.122589061, 2560467.491271961, 372.9093322753906]","[11179204.49791508, 2560482.935033105, 372.9093322753906]"
168,238.45552004304463,239.513081220137,cruise,True,False,5.364489363436718,"[11179204.49791508, 2560482.935033105, 372.9093322753906]","[11179200.873241099, 2560498.378794248, 372.9093322753906]"
169,239.513081220137,240.57064239722936,cruise,True,False,5.300496661602054,"[11179200.873241099, 2560498.378794248, 372.9093322753906]","[11179197.248567116, 2560513.822555392, 372.9093322753906]"
170,240.57064239722936,241.62820357432173,cruise,True,False,5.236966816603427,"[11179197.248567116, 2560513.822555392, 372.9093322753906]","[11179193.623893132, 2560529.2663165354, 372.9093322753906]"
171,241.62820357432173,242.68576475140054,cruise,True,False,5.173893255503657,"[11179193.623893132, 2560529.2663165354, 372.9093322753906]","[11179189.99921915, 2560544.710077679, 372.9093322753906]"
172,242.68576475140054,243.74332592847935,cruise,True,False,5.111269542763168,"[11179189.99921915, 2560544.710077679, 372.9093322753906]","[11179186.374545166, 2560560.1538388226, 372.9093322753906]"
173,243.74332592847935,243.76933563727803,cruise,True,False,5.109734986246991,"[11179186.374545166, 2560560.1538388226, 372.9093322753906]","[11179186.285399767, 2560560.533663403, 372.9093322753906]"
174,243.76933563727803,243.7953453460767,cruise,True,False,5.108200697919983,"[11179186.285399767, 2560560.533663403, 372.9093322753906]","[11179186.196254367, 2560560.9134879825, 372.9093322753906]"
175,243.7953453460767,244.8268968143839,cruise,True,False,5.047565650290053,"[11179186.196254367, 2560560.9134879825, 372.9093322753906]","[11179182.660725785, 2560575.977424546, 372.9093322753906]"
176,244.8268968143839,245.85844828269109,cruise,True,False,4.98734658479799,"[11179182.660725785, 2560575.977424546, 372.9093322753906]","[11179179.125197204, 2560591.0413611103, 372.9093322753906]"
177,245.85844828269109,246.9160094597699,cruise,True,False,4.926035122308079,"[11179179.125197204, 2560591.0413611103, 372.9093322753906]","[11179175.500523219, 2560606.485122253, 372.9093322753906]"
178,246.9160094597699,247.9735706368487,cruise,True,False,4.865149066747875,"[11179175.500523219, 2560606.485122253, 372.9093322753906]","[11179171.875849236, 2560621.928883397, 372.9093322753906]"
179,247.9735706368487,249.03113181392754,cruise,True,False,4.804682615681372,"[11179171.875849236, 2560621.928883397, 372.9093322753906]","[11179168.251175255, 2560637.3726445404, 372.9093322753906]"
180,249.03113181392754,250.08869299100635,cruise,True,False,4.744630083315357,"[11179168.251175255, 2560637.3726445404, 372.9093322753906]","[11179164.62650127, 2560652.8164056838, 372.9093322753906]"
181,250.08869299100635,251.08953758555208,cruise,True,False,4.688174319156488,"[11179164.62650127, 2560652.8164056838, 372.9093322753906]","[11179161.196217103, 2560667.4319240996, 372.9093322753906]"
182,251.08953758555208,252.09038218009778,cruise,True,False,4.632079644560349,"[11179161.196217103, 2560667.4319240996, 372.9093322753906]","[11179157.765932936, 2560682.047442516, 372.9093322753906]"
183,252.09038218009778,252.14709876265795,cruise,True,False,4.628911548454937,"[11179157.765932936, 2560682.047442516, 372.9093322753906]","[11179157.57154312, 2560682.8756852434, 372.9093322753906]"
184,252.14709876265795,252.20381534521812,cruise,True,False,4.6257445964982224,"[11179157.57154312, 2560682.8756852434, 372.9093322753906]","[11179157.377153307, 2560683.703927971, 372.9093322753906]"
185,252.20381534521812,253.26137652229696,cruise,True,False,4.566900826594178,"[11179157.377153307, 2560683.703927971, 372.9093322753906]","[11179153.752479324, 2560699.147689115, 372.9093322753906]"
186,253.26137652229696,254.31893769937577,cruise,True,False,4.508449338838048,"[11179153.752479324, 2560699.147689115, 372.9093322753906]","[11179150.127805341, 2560714.591450258, 372.9093322753906]"
187,254.31893769937577,255.37649887646813,cruise,True,False,4.450384986575813,"[11179150.127805341, 2560714.591450258, 372.9093322753906]","[11179146.503131358, 2560730.0352114015, 372.9093322753906]"
188,255.37649887646813,256.4340600535605,cruise,True,False,4.392702722797722,"[11179146.503131358, 2560730.0352114015, 372.9093322753906]","[11179142.878457377, 2560745.4789725454, 372.9093322753906]"
189,256.4340600535605,257.4916212306528,cruise,True,False,4.335397597607525,"[11179142.878457377, 2560745.4789725454, 372.9093322753906]","[11179139.253783394, 2560760.9227336887, 372.9093322753906]"
190,257.4916212306528,258.54918240774515,cruise,True,False,4.278464755769733,"[11179139.253783394, 2560760.9227336887, 372.9093322753906]","[11179135.62910941, 2560776.3664948326, 372.9093322753906]"
191,258.54918240774515,259.46730071135636,cruise,True,False,4.229336888338125,"[11179135.62910941, 2560776.3664948326, 372.9093322753906]","[11179132.482360456, 2560789.7739459467, 372.9093322753906]"
192,259.46730071135636,260.38541901496757,cruise,True,False,4.180482950521039,"[11179132.482360456, 2560789.7739459467, 372.9093322753906]","[11179129.335611502, 2560803.181397062, 372.9093322753906]"
193,260.38541901496757,260.5248618884352,cruise,True,False,4.173086836046636,"[11179129.335611502, 2560803.181397062, 372.9093322753906]","[11179128.857686473, 2560805.2177070905, 372.9093322753906]"
194,260.5248618884352,260.6643047619028,cruise,True,False,4.165696960365196,"[11179128.857686473, 2560805.2177070905, 372.9093322753906]","[11179128.379761444, 2560807.254017119, 372.9093322753906]"
195,260.6643047619028,261.7218659390087,cruise,True,False,4.10985274863161,"[11179128.379761444, 2560807.254017119, 372.9093322753906]","[11179124.755087463, 2560822.697778263, 372.9093322753906]"
196,261.7218659390087,262.77942711611456,cruise,True,False,4.054362299536265,"[11179124.755087463, 2560822.697778263, 372.9093322753906]","[11179121.13041348, 2560838.1415394065, 372.9093322753906]"
197,262.77942711611456,263.8369882931934,cruise,True,False,3.9992211969617557,"[11179121.13041348, 2560838.1415394065, 372.9093322753906]","[11179117.505739497, 2560853.5853005503, 372.9093322753906]"
198,263.8369882931934,264.89454947027224,cruise,True,False,3.9444251062588194,"[11179117.505739497, 2560853.5853005503, 372.9093322753906]","[11179113.881065514, 2560869.0290616937, 372.9093322753906]"
199,264.89454947027224,265.95211064735105,cruise,True,False,3.8899697722650473,"[11179113.881065514, 2560869.0290616937, 372.9093322753906]","[11179110.256391533, 2560884.4728228366, 372.9093322753906]"
200,265.95211064735105,267.00967182442986,cruise,True,False,3.8358510173846696,"[11179110.256391533, 2560884.4728228366, 372.9093322753906]","[11179106.631717551, 2560899.9165839804, 372.9093322753906]"
201,267.00967182442986,267.84506383670924,cruise,True,False,3.7933366078602546,"[11179106.631717551, 2560899.9165839804, 372.9093322753906]","[11179103.768503811, 2560912.115967788, 372.9093322753906]"
202,267.84506383670924,268.68045584898863,cruise,True,False,3.7510276664435054,"[11179103.768503811, 2560912.115967788, 372.9093322753906]","[11179100.90529007, 2560924.3153515947, 372.9093322753906]"
203,268.68045584898863,268.9026250138151,cruise,True,False,3.739810110514057,"[11179100.90529007, 2560924.3153515947, 372.9093322753906]","[11179100.143829828, 2560927.559728931, 372.9093322753906]"
204,268.9026250138151,269.1247941786416,cruise,True,False,3.728606911391253,"[11179100.143829828, 2560927.559728931, 372.9093322753906]","[11179099.382369583, 2560930.804106268, 372.9093322753906]"
205,269.1247941786416,270.1823553557204,cruise,True,False,3.6754735765295408,"[11179099.382369583, 2560930.804106268, 372.9093322753906]","[11179095.757695602, 2560946.2478674115, 372.9093322753906]"
206,270.1823553557204,271.2399165327992,cruise,True,False,3.6226608498249675,"[11179095.757695602, 2560946.2478674115, 372.9093322753906]","[11179092.13302162, 2560961.691628555, 372.9093322753906]"
207,271.2399165327992,272.29747770989155,cruise,True,False,3.5701649147635237,"[11179092.13302162, 2560961.691628555, 372.9093322753906]","[11179088.508347636, 2560977.135389698, 372.9093322753906]"
208,272.29747770989155,273.3550388869839,cruise,True,False,3.5179820220426166,"[11179088.508347636, 2560977.135389698, 372.9093322753906]","[11179084.883673655, 2560992.579150842, 372.9093322753906]"
209,273.3550388869839,274.41260006407623,cruise,True,False,3.466108488015223,"[11179084.883673655, 2560992.579150842, 372.9093322753906]","[11179081.25899967, 2561008.0229119854, 372.9093322753906]"
210,274.41260006407623,275.4701612411686,cruise,True,False,3.4145406931816638,"[11179081.25899967, 2561008.0229119854, 372.9093322753906]","[11179077.634325687, 2561023.4666731292, 372.9093322753906]"
211,275.4701612411686,276.22282696208913,cruise,True,False,3.3780241887282614,"[11179077.634325687, 2561023.4666731292, 372.9093322753906]","[11179075.054647164, 2561034.4579896284, 372.9093322753906]"
212,276.22282696208913,276.97549268300963,cruise,True,False,3.3416594800088717,"[11179075.054647164, 2561034.4579896284, 372.9093322753906]","[11179072.47496864, 2561045.4493061276, 372.9093322753906]"
213,276.97549268300963,277.28038813916794,cruise,True,False,3.326971506581941,"[11179072.47496864, 2561045.4493061276, 372.9093322753906]","[11179071.429973183, 2561049.9017507723, 372.9093322753906]"
214,277.28038813916794,277.58528359532625,cruise,True,False,3.312308155049365,"[11179071.429973183, 2561049.9017507723, 372.9093322753906]","[11179070.384977723, 2561054.354195416, 372.9093322753906]"
215,277.58528359532625,278.6428447724186,cruise,True,False,3.2616364804559623,"[11179070.384977723, 2561054.354195416, 372.9093322753906]","[11179066.760303741, 2561069.79795656, 372.9093322753906]"
216,278.6428447724186,279.7004059495109,cruise,True,False,3.2112566797370476,"[11179066.760303741, 2561069.79795656, 372.9093322753906]","[11179063.135629758, 2561085.241717703, 372.9093322753906]"
217,279.7004059495109,280.75796712660326,cruise,True,False,3.161165432889618,"[11179063.135629758, 2561085.241717703, 372.9093322753906]","[11179059.510955773, 2561100.6854788465, 372.9093322753906]"
218,280.75796712660326,281.8155283036956,cruise,True,False,3.111359475841013,"[11179059.510955773, 2561100.6854788465, 372.9093322753906]","[11179055.886281792, 2561116.1292399904, 372.9093322753906]"
219,281.8155283036956,282.8730894807744,cruise,True,False,3.0618355992025386,"[11179055.886281792, 2561116.1292399904, 372.9093322753906]","[11179052.26160781, 2561131.5730011337, 372.9093322753906]"
220,282.8730894807744,283.9306506578533,cruise,True,False,3.0125906470630355,"[11179052.26160781, 2561131.5730011337, 372.9093322753906]","[11179048.636933828, 2561147.016762277, 372.9093322753906]"
221,283.9306506578533,284.6005900878664,cruise,True,False,2.981538060084901,"[11179048.636933828, 2561147.016762277, 372.9093322753906]","[11179046.340790516, 2561156.800011475, 372.9093322753906]"
222,284.6005900878664,285.2705295178795,cruise,True,False,2.950595378400095,"[11179046.340790516, 2561156.800011475, 372.9093322753906]","[11179044.044647207, 2561166.5832606736, 372.9093322753906]"
223,285.2705295178795,285.6581512649723,cruise,True,False,2.9327420722468105,"[11179044.044647207, 2561166.5832606736, 372.9093322753906]","[11179042.716116536, 2561172.243772619, 372.9093322753906]"
224,285.6581512649723,286.04577301206507,cruise,True,False,2.9149251530429723,"[11179042.716116536, 2561172.243772619, 372.9093322753906]","[11179041.387585862, 2561177.904284565, 372.9093322753906]"
225,286.04577301206507,287.1033341891439,cruise,True,False,2.8664985563506775,"[11179041.387585862, 2561177.904284565, 372.9093322753906]","[11179037.76291188, 2561193.348045708, 372.9093322753906]"
226,287.1033341891439,288.16089536622275,cruise,True,False,2.818338772334073,"[11179037.76291188, 2561193.348045708, 372.9093322753906]","[11179034.138237897, 2561208.7918068515, 372.9093322753906]"
227,288.16089536622275,289.2184565433016,cruise,True,False,2.7704428955100866,"[11179034.138237897, 2561208.7918068515, 372.9093322753906]","[11179030.513563916, 2561224.2355679953, 372.9093322753906]"
228,289.2184565433016,290.2760177203804,cruise,True,False,2.722808067292462,"[11179030.513563916, 2561224.2355679953, 372.9093322753906]","[11179026.888889931, 2561239.6793291382, 372.9093322753906]"
229,290.2760177203804,291.3335788974863,cruise,True,False,2.6754314749936157,"[11179026.888889931, 2561239.6793291382, 372.9093322753906]","[11179023.264215948, 2561255.123090282, 372.9093322753906]"
230,291.3335788974863,292.39114007459216,cruise,True,False,2.628310350859806,"[11179023.264215948, 2561255.123090282, 372.9093322753906]","[11179019.639541967, 2561270.566851426, 372.9093322753906]"
231,292.39114007459216,292.9783532132464,cruise,True,False,2.6022555466152397,"[11179019.639541967, 2561270.566851426, 372.9093322753906]","[11179017.62693387, 2561279.142033316, 372.9093322753906]"
232,292.9783532132464,293.56556635190066,cruise,True,False,2.5762782034440477,"[11179017.62693387, 2561279.142033316, 372.9093322753906]","[11179015.614325777, 2561287.7172152065, 372.9093322753906]"
233,293.56556635190066,294.0359143903253,cruise,True,False,2.5555263435517475,"[11179015.614325777, 2561287.7172152065, 372.9093322753906]","[11179014.002259888, 2561294.5857944596, 372.9093322753906]"
234,294.0359143903253,294.50626242874984,cruise,True,False,2.5348236550558596,"[11179014.002259888, 2561294.5857944596, 372.9093322753906]","[11179012.390194003, 2561301.454373713, 372.9093322753906]"
235,294.50626242874984,295.5638236058422,cruise,True,False,2.4884527641315515,"[11179012.390194003, 2561301.454373713, 372.9093322753906]","[11179008.76552002, 2561316.8981348565, 372.9093322753906]"
236,295.5638236058422,296.6213847829345,cruise,True,False,2.442326701091247,"[11179008.76552002, 2561316.8981348565, 372.9093322753906]","[11179005.140846036, 2561332.341896, 372.9093322753906]"
237,296.6213847829345,297.67894596002685,cruise,True,False,2.3964429091202817,"[11179005.140846036, 2561332.341896, 372.9093322753906]","[11179001.516172051, 2561347.785657143, 372.9093322753906]"
238,297.67894596002685,298.7365071371192,cruise,True,False,2.3507988710171475,"[11179001.516172051, 2561347.785657143, 372.9093322753906]","[11178997.89149807, 2561363.229418287, 372.9093322753906]"
239,298.7365071371192,299.794068314198,cruise,True,False,2.3053921083772906,"[11178997.89149807, 2561363.229418287, 372.9093322753906]","[11178994.266824089, 2561378.673179431, 372.9093322753906]"
240,299.794068314198,300.8516294912768,cruise,True,False,2.2602201808105633,"[11178994.266824089, 2561378.673179431, 372.9093322753906]","[11178990.642150106, 2561394.116940574, 372.9093322753906]"
241,300.8516294912768,301.35611633859924,cruise,True,False,2.2387539130579626,"[11178990.642150106, 2561394.116940574, 372.9093322753906]","[11178988.913077226, 2561401.484055157, 372.9093322753906]"
242,301.35611633859924,301.86060318592166,cruise,True,False,2.2173402781763514,"[11178988.913077226, 2561401.484055157, 372.9093322753906]","[11178987.184004346, 2561408.85116974, 372.9093322753906]"
243,301.86060318592166,302.4136775157051,cruise,True,False,2.1939244581017476,"[11178987.184004346, 2561408.85116974, 372.9093322753906]","[11178985.288403243, 2561416.9278163007, 372.9093322753906]"
244,302.4136775157051,302.96675184548855,cruise,True,False,2.1705712547872054,"[11178985.288403243, 2561416.9278163007, 372.9093322753906]","[11178983.39280214, 2561425.0044628615, 372.9093322753906]"
245,302.96675184548855,304.02431302256736,cruise,True,False,2.1260895587873705,"[11178983.39280214, 2561425.0044628615, 372.9093322753906]","[11178979.768128157, 2561440.448224005, 372.9093322753906]"
246,304.02431302256736,305.08187419964617,cruise,True,False,2.081833301321339,"[11178979.768128157, 2561440.448224005, 372.9093322753906]","[11178976.143454175, 2561455.8919851487, 372.9093322753906]"
247,305.08187419964617,306.139435376725,cruise,True,False,2.0378002209026675,"[11178976.143454175, 2561455.8919851487, 372.9093322753906]","[11178972.518780192, 2561471.3357462916, 372.9093322753906]"
248,306.139435376725,307.19699655380384,cruise,True,False,1.9939880897184281,"[11178972.518780192, 2561471.3357462916, 372.9093322753906]","[11178968.894106211, 2561486.779507435, 372.9093322753906]"
249,307.19699655380384,308.2545577309097,cruise,True,False,1.9503947129683183,"[11178968.894106211, 2561486.779507435, 372.9093322753906]","[11178965.269432226, 2561502.2232685788, 372.9093322753906]"
250,308.2545577309097,309.3121189080156,cruise,True,False,1.9070179282306157,"[11178965.269432226, 2561502.2232685788, 372.9093322753906]","[11178961.644758245, 2561517.6670297226, 372.9093322753906]"
251,309.3121189080156,309.7338794644035,cruise,True,False,1.8897789915706085,"[11178961.644758245, 2561517.6670297226, 372.9093322753906]","[11178960.19922058, 2561523.8260770044, 372.9093322753906]"
252,309.7338794644035,310.1556400207915,cruise,True,False,1.872574029881406,"[11178960.19922058, 2561523.8260770044, 372.9093322753906]","[11178958.753682913, 2561529.9851242853, 372.9093322753906]"
253,310.1556400207915,310.7914406414824,cruise,True,False,1.8467016090364154,"[11178958.753682913, 2561529.9851242853, 372.9093322753906]","[11178956.574546596, 2561539.2698381473, 372.9093322753906]"
254,310.7914406414824,311.42724126217325,cruise,True,False,1.82090564315601,"[11178956.574546596, 2561539.2698381473, 372.9093322753906]","[11178954.395410279, 2561548.5545520093, 372.9093322753906]"
255,311.42724126217325,312.4848024392656,cruise,True,False,1.7781659742138913,"[11178954.395410279, 2561548.5545520093, 372.9093322753906]","[11178950.770736298, 2561563.9983131536, 372.9093322753906]"
256,312.4848024392656,313.54236361635793,cruise,True,False,1.735634558890851,"[11178950.770736298, 2561563.9983131536, 372.9093322753906]","[11178947.146062315, 2561579.4420742965, 372.9093322753906]"
257,313.54236361635793,314.59992479345027,cruise,True,False,1.6933093874487213,"[11178947.146062315, 2561579.4420742965, 372.9093322753906]","[11178943.521388331, 2561594.88583544, 372.9093322753906]"
258,314.59992479345027,315.6574859705426,cruise,True,False,1.651188478961501,"[11178943.521388331, 2561594.88583544, 372.9093322753906]","[11178939.896714348, 2561610.3295965837, 372.9093322753906]"
259,315.6574859705426,316.7150471476215,cruise,True,False,1.609269880768835,"[11178939.896714348, 2561610.3295965837, 372.9093322753906]","[11178936.272040365, 2561625.773357727, 372.9093322753906]"
260,316.7150471476215,317.7726083247003,cruise,True,False,1.5675516679363426,"[11178936.272040365, 2561625.773357727, 372.9093322753906]","[11178932.647366382, 2561641.217118871, 372.9093322753906]"
261,317.7726083247003,318.1116425897564,cruise,True,False,1.5542196973249247,"[11178932.647366382, 2561641.217118871, 372.9093322753906]","[11178931.485363934, 2561646.1680988446, 372.9093322753906]"
262,318.1116425897564,318.4506768548125,cruise,True,False,1.5409080636021173,"[11178931.485363934, 2561646.1680988446, 372.9093322753906]","[11178930.32336148, 2561651.1190788182, 372.9093322753906]"
263,318.4506768548125,319.16920376684874,cruise,True,False,1.5127632062263672,"[11178930.32336148, 2561651.1190788182, 372.9093322753906]","[11178927.86068995, 2561661.6118599884, 372.9093322753906]"
264,319.16920376684874,319.88773067888496,cruise,True,False,1.4847088341781074,"[11178927.86068995, 2561661.6118599884, 372.9093322753906]","[11178925.39801842, 2561672.1046411577, 372.9093322753906]"
265,319.88773067888496,320.9452918559773,cruise,True,False,1.4435804974167041,"[11178925.39801842, 2561672.1046411577, 372.9093322753906]","[11178921.773344435, 2561687.5484023015, 372.9093322753906]"
266,320.9452918559773,322.00285303306964,cruise,True,False,1.4026451133790232,"[11178921.773344435, 2561687.5484023015, 372.9093322753906]","[11178918.148670454, 2561702.992163445, 372.9093322753906]"
267,322.00285303306964,323.06041421014845,cruise,True,False,1.3619008882167236,"[11178918.148670454, 2561702.992163445, 372.9093322753906]","[11178914.523996469, 2561718.4359245887, 372.9093322753906]"
268,323.06041421014845,324.11797538722726,cruise,True,False,1.3213460528801875,"[11178914.523996469, 2561718.4359245887, 372.9093322753906]","[11178910.899322487, 2561733.879685732, 372.9093322753906]"
269,324.11797538722726,325.17553656433313,cruise,True,False,1.2809788626414615,"[11178910.899322487, 2561733.879685732, 372.9093322753906]","[11178907.274648506, 2561749.323446876, 372.9093322753906]"
270,325.17553656433313,326.233097741439,cruise,True,False,1.2407975966691538,"[11178907.274648506, 2561749.323446876, 372.9093322753906]","[11178903.649974523, 2561764.7672080193, 372.9093322753906]"
271,326.233097741439,326.4894057151363,cruise,True,False,1.2310871609715832,"[11178903.649974523, 2561764.7672080193, 372.9093322753906]","[11178902.771507286, 2561768.5101206857, 372.9093322753906]"
272,326.4894057151363,326.7457136888336,cruise,True,False,1.2213875221829653,"[11178902.771507286, 2561768.5101206857, 372.9093322753906]","[11178901.89304005, 2561772.253033352, 372.9093322753906]"
273,326.7457136888336,327.54696689221515,cruise,True,False,1.1911345177443025,"[11178901.89304005, 2561772.253033352, 372.9093322753906]","[11178899.146833306, 2561783.953881829, 372.9093322753906]"
274,327.54696689221515,328.3482200955967,cruise,True,False,1.1609860710620552,"[11178899.146833306, 2561783.953881829, 372.9093322753906]","[11178896.400626557, 2561795.6547303065, 372.9093322753906]"
275,328.3482200955967,329.4057812726755,cruise,True,False,1.1213524853752403,"[11178896.400626557, 2561795.6547303065, 372.9093322753906]","[11178892.775952574, 2561811.09849145, 372.9093322753906]"
276,329.4057812726755,330.4633424497543,cruise,True,False,1.081898171032492,"[11178892.775952574, 2561811.09849145, 372.9093322753906]","[11178889.151278593, 2561826.542252593, 372.9093322753906]"
277,330.4633424497543,331.52090362686016,cruise,True,False,1.0426215203585087,"[11178889.151278593, 2561826.542252593, 372.9093322753906]","[11178885.52660461, 2561841.986013737, 372.9093322753906]"
278,331.52090362686016,332.578464803966,cruise,True,False,1.0035209471233344,"[11178885.52660461, 2561841.986013737, 372.9093322753906]","[11178881.901930628, 2561857.4297748804, 372.9093322753906]"
279,332.578464803966,333.63602598104484,cruise,True,False,0.9645948861472533,"[11178881.901930628, 2561857.4297748804, 372.9093322753906]","[11178878.277256643, 2561872.8735360242, 372.9093322753906]"
280,333.63602598104484,334.69358715812365,cruise,True,False,0.9258417929516156,"[11178878.277256643, 2561872.8735360242, 372.9093322753906]","[11178874.65258266, 2561888.3172971676, 372.9093322753906]"
281,334.69358715812365,334.8671688409135,cruise,True,False,0.9194975145603337,"[11178874.65258266, 2561888.3172971676, 372.9093322753906]","[11178874.057650639, 2561890.8521425324, 372.9093322753906]"
282,334.8671688409135,335.04075052370337,cruise,True,False,0.9131578481204343,"[11178874.057650639, 2561890.8521425324, 372.9093322753906]","[11178873.462718617, 2561893.386987897, 372.9093322753906]"
283,335.04075052370337,335.92473001800585,cruise,True,False,0.8809438604736357,"[11178873.462718617, 2561893.386987897, 372.9093322753906]","[11178870.432976658, 2561906.295903676, 372.9093322753906]"
284,335.92473001800585,336.8087095123083,cruise,True,False,0.848848433250609,"[11178870.432976658, 2561906.295903676, 372.9093322753906]","[11178867.403234698, 2561919.204819455, 372.9093322753906]"
285,336.8087095123083,337.86627068940066,cruise,True,False,0.8106051780143417,"[11178867.403234698, 2561919.204819455, 372.9093322753906]","[11178863.778560715, 2561934.6485805977, 372.9093322753906]"
286,337.86627068940066,338.923831866493,cruise,True,False,0.7725289124052921,"[11178863.778560715, 2561934.6485805977, 372.9093322753906]","[11178860.15388673, 2561950.092341742, 372.9093322753906]"
287,338.923831866493,339.98139304357187,cruise,True,False,0.7346181901303765,"[11178860.15388673, 2561950.092341742, 372.9093322753906]","[11178856.529212749, 2561965.5361028854, 372.9093322753906]"
288,339.98139304357187,341.0389542206507,cruise,True,False,0.6968715835163977,"[11178856.529212749, 2561965.5361028854, 372.9093322753906]","[11178852.904538764, 2561980.9798640287, 372.9093322753906]"
289,341.0389542206507,342.09651539775655,cruise,True,False,0.6592876832165615,"[11178852.904538764, 2561980.9798640287, 372.9093322753906]","[11178849.279864782, 2561996.4236251726, 372.9093322753906]"
290,342.09651539775655,343.1540765748624,cruise,True,False,0.621865097886527,"[11178849.279864782, 2561996.4236251726, 372.9093322753906]","[11178845.655190801, 2562011.8673863164, 372.9093322753906]"
291,343.1540765748624,343.2449319662934,cruise,True,False,0.6186575925125055,"[11178845.655190801, 2562011.8673863164, 372.9093322753906]","[11178845.343793994, 2562013.1941643734, 372.9093322753906]"
292,343.2449319662934,343.3357873577244,cruise,True,False,0.6154512667234542,"[11178845.343793994, 2562013.1941643734, 372.9093322753906]","[11178845.032397188, 2562014.5209424305, 372.9093322753906]"
293,343.3357873577244,344.30249314337226,cruise,True,False,0.5814086256102371,"[11178845.032397188, 2562014.5209424305, 372.9093322753906]","[11178841.71912001, 2562028.637925517, 372.9093322753906]"
294,344.30249314337226,345.2691989290201,cruise,True,False,0.5474983949755341,"[11178841.71912001, 2562028.637925517, 372.9093322753906]","[11178838.405842835, 2562042.754908603, 372.9093322753906]"
295,345.2691989290201,346.3267601060989,cruise,True,False,0.5105515820333721,"[11178838.405842835, 2562042.754908603, 372.9093322753906]","[11178834.781168852, 2562058.1986697465, 372.9093322753906]"
296,346.3267601060989,347.38432128317777,cruise,True,False,0.4737606927625393,"[11178834.781168852, 2562058.1986697465, 372.9093322753906]","[11178831.15649487, 2562073.64243089, 372.9093322753906]"
297,347.38432128317777,348.44188246028364,cruise,True,False,0.43712442140926555,"[11178831.15649487, 2562073.64243089, 372.9093322753906]","[11178827.531820886, 2562089.0861920337, 372.9093322753906]"
298,348.44188246028364,349.4994436373895,cruise,True,False,0.4006414785022656,"[11178827.531820886, 2562089.0861920337, 372.9093322753906]","[11178823.907146905, 2562104.5299531776, 372.9093322753906]"
299,349.4994436373895,350.5570048144683,cruise,True,False,0.36431059056951653,"[11178823.907146905, 2562104.5299531776, 372.9093322753906]","[11178820.282472923, 2562119.973714321, 372.9093322753906]"
300,350.5570048144683,351.6145659915472,cruise,True,False,0.32813049987933596,"[11178820.282472923, 2562119.973714321, 372.9093322753906]","[11178816.657798938, 2562135.4174754643, 372.9093322753906]"
301,351.6145659915472,351.62269509185853,cruise,True,False,0.32785297705234484,"[11178816.657798938, 2562135.4174754643, 372.9093322753906]","[11178816.629937347, 2562135.5361862173, 372.9093322753906]"
302,351.62269509185853,351.6308241921699,cruise,True,False,0.32757546306118,"[11178816.629937347, 2562135.5361862173, 372.9093322753906]","[11178816.602075754, 2562135.65489697, 372.9093322753906]"
303,351.6308241921699,352.68025626895087,cruise,True,False,0.29182358616911586,"[11178816.602075754, 2562135.65489697, 372.9093322753906]","[11178813.005263364, 2562150.9799473607, 372.9093322753906]"
304,352.68025626895087,353.72968834573186,cruise,True,False,0.2562177564920489,"[11178813.005263364, 2562150.9799473607, 372.9093322753906]","[11178809.408450974, 2562166.3049977515, 372.9093322753906]"
305,353.72968834573186,354.7872495228242,cruise,True,False,0.22048266475744072,"[11178809.408450974, 2562166.3049977515, 372.9093322753906]","[11178805.783776991, 2562181.748758895, 372.9093322753906]"
306,354.7872495228242,355.84481069991654,cruise,True,False,0.18489349170384628,"[11178805.783776991, 2562181.748758895, 372.9093322753906]","[11178802.159103008, 2562197.1925200387, 372.9093322753906]"
307,355.84481069991654,356.90237187699535,cruise,True,False,0.1494490545582181,"[11178802.159103008, 2562197.1925200387, 372.9093322753906]","[11178798.534429027, 2562212.636281182, 372.9093322753906]"
308,356.90237187699535,357.95993305407416,cruise,True,False,0.1141481848160737,"[11178798.534429027, 2562212.636281182, 372.9093322753906]","[11178794.909755046, 2562228.0800423254, 372.9093322753906]"
309,357.95993305407416,358.94289704034475,cruise,True,False,0.08146505574235618,"[11178794.909755046, 2562228.0800423254, 372.9093322753906]","[11178791.540754685, 2562242.4344469174, 372.9093322753906]"
310,358.94289704034475,359.92586102661534,cruise,True,False,0.048904041011724075,"[11178791.540754685, 2562242.4344469174, 372.9093322753906]","[11178788.171754323, 2562256.7888515093, 372.9093322753906]"
311,359.92586102661534,360.0004582174371,cruise,True,False,0.046437943433630835,"[11178788.171754323, 2562256.7888515093, 372.9093322753906]","[11178787.9160807, 2562257.878208061, 372.9093322753906]"
312,360.0004582174371,360.07505540825883,cruise,True,False,0.04397254353270341,"[11178787.9160807, 2562257.878208061, 372.9093322753906]","[11178787.660407078, 2562258.9675646126, 372.9093322753906]"
313,360.07505540825883,361.1326165853512,cruise,True,False,0.009095504328769266,"[11178787.660407078, 2562258.9675646126, 372.9093322753906]","[11178784.035733096, 2562274.411325756, 372.9093322753906]"
314,361.1326165853512,362.1901777624435,cruise,False,True,-0.02564250324040529,"[11178784.035733096, 2562274.411325756, 372.9093322753906]","[11178780.411059113, 2562289.8550869, 372.9093322753906]"
315,362.1901777624435,363.2477389395224,cruise,False,True,-0.060242579636394566,"[11178780.411059113, 2562289.8550869, 372.9093322753906]","[11178776.786385132, 2562305.298848043, 372.9093322753906]"
316,363.2477389395224,364.3053001166012,cruise,False,True,-0.09470581235595432,"[11178776.786385132, 2562305.298848043, 372.9093322753906]","[11178773.161711149, 2562320.7426091866, 372.9093322753906]"
317,364.3053001166012,365.36286129370706,cruise,False,True,-0.12903327612400517,"[11178773.161711149, 2562320.7426091866, 372.9093322753906]","[11178769.537037166, 2562336.1863703304, 372.9093322753906]"
318,365.36286129370706,366.4204224708129,cruise,False,True,-0.16322603309464512,"[11178769.537037166, 2562336.1863703304, 372.9093322753906]","[11178765.91236318, 2562351.630131474, 372.9093322753906]"
319,366.4204224708129,367.32066016572463,cruise,False,True,-0.19222690126814257,"[11178765.91236318, 2562351.630131474, 372.9093322753906]","[11178762.826898037, 2562364.7764687585, 372.9093322753906]"
320,367.32066016572463,368.22089786063634,cruise,False,True,-0.22113156119272048,"[11178762.826898037, 2562364.7764687585, 372.9093322753906]","[11178759.741432892, 2562377.9228060422, 372.9093322753906]"
321,368.22089786063634,368.37822134280344,cruise,False,True,-0.22617304511371117,"[11178759.741432892, 2562377.9228060422, 372.9093322753906]","[11178759.202224057, 2562380.2202299014, 372.9093322753906]"
322,368.37822134280344,368.53554482497054,cruise,False,True,-0.23121161356422704,"[11178759.202224057, 2562380.2202299014, 372.9093322753906]","[11178758.663015217, 2562382.517653761, 372.9093322753906]"
323,368.53554482497054,369.59310600204935,cruise,False,True,-0.2650065002535342,"[11178758.663015217, 2562382.517653761, 372.9093322753906]","[11178755.038341235, 2562397.9614149043, 372.9093322753906]"
324,369.59310600204935,370.65066717912816,cruise,False,True,-0.29867080689336944,"[11178755.038341235, 2562397.9614149043, 372.9093322753906]","[11178751.413667252, 2562413.4051760477, 372.9093322753906]"
325,370.65066717912816,371.70822835623403,cruise,False,True,-0.33220553563286614,"[11178751.413667252, 2562413.4051760477, 372.9093322753906]","[11178747.788993267, 2562428.848937192, 372.9093322753906]"
326,371.70822835623403,372.7657895333399,cruise,False,True,-0.36561167715552756,"[11178747.788993267, 2562428.848937192, 372.9093322753906]","[11178744.164319286, 2562444.2926983354, 372.9093322753906]"
327,372.7657895333399,373.8233507104187,cruise,False,True,-0.3988902108723664,"[11178744.164319286, 2562444.2926983354, 372.9093322753906]","[11178740.539645305, 2562459.736459479, 372.9093322753906]"
328,373.8233507104187,374.8809118874975,cruise,False,True,-0.43204210507414587,"[11178740.539645305, 2562459.736459479, 372.9093322753906]","[11178736.914971322, 2562475.180220622, 372.9093322753906]"
329,374.8809118874975,375.6984232912896,cruise,False,True,-0.45758286280727134,"[11178736.914971322, 2562475.180220622, 372.9093322753906]","[11178734.11304139, 2562487.118490602, 372.9093322753906]"
330,375.6984232912896,376.5159346950817,cruise,False,True,-0.4830489567547289,"[11178734.11304139, 2562487.118490602, 372.9093322753906]","[11178731.311111461, 2562499.0567605817, 372.9093322753906]"
331,376.5159346950817,376.7559844683819,cruise,False,True,-0.4905125697706296,"[11178731.311111461, 2562499.0567605817, 372.9093322753906]","[11178730.488367409, 2562502.5622517457, 372.9093322753906]"
332,376.7559844683819,376.99603424168214,cruise,False,True,-0.49796979354145776,"[11178730.488367409, 2562502.5622517457, 372.9093322753906]","[11178729.665623356, 2562506.06774291, 372.9093322753906]"
333,376.99603424168214,378.0535954187745,cruise,False,True,-0.5307474703075599,"[11178729.665623356, 2562506.06774291, 372.9093322753906]","[11178726.040949374, 2562521.5115040527, 372.9093322753906]"
334,378.0535954187745,379.1111565958669,cruise,False,True,-0.5634022728923895,"[11178726.040949374, 2562521.5115040527, 372.9093322753906]","[11178722.416275391, 2562536.955265197, 372.9093322753906]"
335,379.1111565958669,380.1687177729457,cruise,False,True,-0.5959351164572553,"[11178722.416275391, 2562536.955265197, 372.9093322753906]","[11178718.79160141, 2562552.39902634, 372.9093322753906]"
336,380.1687177729457,381.22627895002455,cruise,False,True,-0.6283469060193596,"[11178718.79160141, 2562552.39902634, 372.9093322753906]","[11178715.166927427, 2562567.8427874832, 372.9093322753906]"
337,381.22627895002455,382.2838401271304,cruise,False,True,-0.66063853658369,"[11178715.166927427, 2562567.8427874832, 372.9093322753906]","[11178711.542253442, 2562583.2865486275, 372.9093322753906]"
338,382.2838401271304,383.34140130423623,cruise,False,True,-0.6928108932870032,"[11178711.542253442, 2562583.2865486275, 372.9093322753906]","[11178707.91757946, 2562598.730309771, 372.9093322753906]"
339,383.34140130423623,384.0761864168817,cruise,False,True,-0.7150942306062689,"[11178707.91757946, 2562598.730309771, 372.9093322753906]","[11178705.399184745, 2562609.4605124462, 372.9093322753906]"
340,384.0761864168817,384.81097152952714,cruise,False,True,-0.7373207038293117,"[11178705.399184745, 2562609.4605124462, 372.9093322753906]","[11178702.880790027, 2562620.190715121, 372.9093322753906]"
341,384.81097152952714,385.1337475939605,cruise,False,True,-0.747066436937672,"[11178702.880790027, 2562620.190715121, 372.9093322753906]","[11178701.774510762, 2562624.9042735896, 372.9093322753906]"
342,385.1337475939605,385.4565236583939,cruise,False,True,-0.7568012772499486,"[11178701.774510762, 2562624.9042735896, 372.9093322753906]","[11178700.668231497, 2562629.6178320576, 372.9093322753906]"
343,385.4565236583939,386.5140848354727,cruise,False,True,-0.7886210267727023,"[11178700.668231497, 2562629.6178320576, 372.9093322753906]","[11178697.043557514, 2562645.061593201, 372.9093322753906]"
344,386.5140848354727,387.5716460125515,cruise,False,True,-0.8203249472401666,"[11178697.043557514, 2562645.061593201, 372.9093322753906]","[11178693.41888353, 2562660.505354345, 372.9093322753906]"
345,387.5716460125515,388.6292071896574,cruise,False,True,-0.8519138765957592,"[11178693.41888353, 2562660.505354345, 372.9093322753906]","[11178689.794209547, 2562675.949115488, 372.9093322753906]"
346,388.6292071896574,389.68676836676326,cruise,False,True,-0.8833886437518856,"[11178689.794209547, 2562675.949115488, 372.9093322753906]","[11178686.169535564, 2562691.3928766325, 372.9093322753906]"
347,389.68676836676326,390.74432954384207,cruise,False,True,-0.914750068706411,"[11178686.169535564, 2562691.3928766325, 372.9093322753906]","[11178682.544861583, 2562706.8366377754, 372.9093322753906]"
348,390.74432954384207,391.8018907209209,cruise,False,True,-0.9459989626881651,"[11178682.544861583, 2562706.8366377754, 372.9093322753906]","[11178678.9201876, 2562722.280398919, 372.9093322753906]"
349,391.8018907209209,392.45394954223457,cruise,False,True,-0.9652103117856257,"[11178678.9201876, 2562722.280398919, 372.9093322753906]","[11178676.685328098, 2562731.802534287, 372.9093322753906]"
350,392.45394954223457,393.1060083635482,cruise,False,True,-0.9843793732532333,"[11178676.685328098, 2562731.802534287, 372.9093322753906]","[11178674.450468596, 2562741.324669655, 372.9093322753906]"
351,393.1060083635482,393.5115107193269,cruise,False,True,-0.9962789854108536,"[11178674.450468596, 2562741.324669655, 372.9093322753906]","[11178673.060654117, 2562747.2462954307, 372.9093322753906]"
352,393.5115107193269,393.9170130751056,cruise,False,True,-1.0081623594698783,"[11178673.060654117, 2562747.2462954307, 372.9093322753906]","[11178671.670839634, 2562753.167921206, 372.9093322753906]"
353,393.9170130751056,394.974574252198,cruise,False,True,-1.039078441928595,"[11178671.670839634, 2562753.167921206, 372.9093322753906]","[11178668.04616565, 2562768.61168235, 372.9093322753906]"
354,394.974574252198,396.03213542929035,cruise,False,True,-1.0698851529668758,"[11178668.04616565, 2562768.61168235, 372.9093322753906]","[11178664.42149167, 2562784.055443493, 372.9093322753906]"
355,396.03213542929035,397.0896966063692,cruise,False,True,-1.100583261738393,"[11178664.42149167, 2562784.055443493, 372.9093322753906]","[11178660.796817686, 2562799.499204637, 372.9093322753906]"
356,397.0896966063692,398.147257783448,cruise,False,True,-1.131173529325622,"[11178660.796817686, 2562799.499204637, 372.9093322753906]","[11178657.172143705, 2562814.9429657804, 372.9093322753906]"
357,398.147257783448,399.20481896055384,cruise,False,True,-1.1616567088654222,"[11178657.172143705, 2562814.9429657804, 372.9093322753906]","[11178653.54746972, 2562830.3867269238, 372.9093322753906]"
358,399.20481896055384,400.2623801376597,cruise,False,True,-1.192033545647618,"[11178653.54746972, 2562830.3867269238, 372.9093322753906]","[11178649.922795739, 2562845.830488068, 372.9093322753906]"
359,400.2623801376597,400.83171266782665,cruise,False,True,-1.208342981218678,"[11178649.922795739, 2562845.830488068, 372.9093322753906]","[11178647.971471453, 2562854.1445561307, 372.9093322753906]"
360,400.83171266782665,401.4010451979936,cruise,False,True,-1.2246219250978498,"[11178647.971471453, 2562854.1445561307, 372.9093322753906]","[11178646.020147163, 2562862.458624194, 372.9093322753906]"
361,401.4010451979936,401.88927384490546,cruise,False,True,-1.2385576635232525,"[11178646.020147163, 2562862.458624194, 372.9093322753906]","[11178644.34679747, 2562869.588317274, 372.9093322753906]"
362,401.88927384490546,402.3775024918174,cruise,False,True,-1.252471133538947,"[11178644.34679747, 2562869.588317274, 372.9093322753906]","[11178642.673447773, 2562876.718010355, 372.9093322753906]"
363,402.3775024918174,403.4350636688962,cruise,False,True,-1.2825333369846703,"[11178642.673447773, 2562876.718010355, 372.9093322753906]","[11178639.048773792, 2562892.161771498, 372.9093322753906]"
364,403.4350636688962,404.492624845975,cruise,False,True,-1.312492102553776,"[11178639.048773792, 2562892.161771498, 372.9093322753906]","[11178635.424099809, 2562907.6055326415, 372.9093322753906]"
365,404.492624845975,405.55018602308087,cruise,False,True,-1.3423481379134756,"[11178635.424099809, 2562907.6055326415, 372.9093322753906]","[11178631.799425825, 2562923.0492937854, 372.9093322753906]"
366,405.55018602308087,406.60774720018674,cruise,False,True,-1.3721021435092808,"[11178631.799425825, 2562923.0492937854, 372.9093322753906]","[11178628.174751842, 2562938.4930549287, 372.9093322753906]"
367,406.60774720018674,407.66530837726555,cruise,False,True,-1.4017548126670647,"[11178628.174751842, 2562938.4930549287, 372.9093322753906]","[11178624.550077861, 2562953.9368160726, 372.9093322753906]"
368,407.66530837726555,408.72286955434436,cruise,False,True,-1.4313068316861006,"[11178624.550077861, 2562953.9368160726, 372.9093322753906]","[11178620.925403876, 2562969.380577216, 372.9093322753906]"
369,408.72286955434436,409.2094757933917,cruise,False,True,-1.444870717311261,"[11178620.925403876, 2562969.380577216, 372.9093322753906]","[11178619.257614806, 2562976.4865779746, 372.9093322753906]"
370,409.2094757933917,409.69608203243905,cruise,False,True,-1.4584135037660246,"[11178619.257614806, 2562976.4865779746, 372.9093322753906]","[11178617.589825734, 2562983.5925787333, 372.9093322753906]"
371,409.69608203243905,410.2670369704705,cruise,False,True,-1.4742769932153408,"[11178617.589825734, 2562983.5925787333, 372.9093322753906]","[11178615.632940823, 2562991.930339118, 372.9093322753906]"
372,410.2670369704705,410.837991908502,cruise,False,True,-1.4901116299304817,"[11178615.632940823, 2562991.930339118, 372.9093322753906]","[11178613.676055914, 2563000.2680995027, 372.9093322753906]"
373,410.837991908502,411.89555308560784,cruise,False,True,-1.5193657474672762,"[11178613.676055914, 2563000.2680995027, 372.9093322753906]","[11178610.051381929, 2563015.7118606465, 372.9093322753906]"
374,411.89555308560784,412.9531142627137,cruise,False,True,-1.5485218916590213,"[11178610.051381929, 2563015.7118606465, 372.9093322753906]","[11178606.426707948, 2563031.1556217903, 372.9093322753906]"
375,412.9531142627137,414.0106754397925,cruise,False,True,-1.5775807150592271,"[11178606.426707948, 2563031.1556217903, 372.9093322753906]","[11178602.802033965, 2563046.5993829337, 372.9093322753906]"
376,414.0106754397925,415.06823661687133,cruise,False,True,-1.6065428637377863,"[11178602.802033965, 2563046.5993829337, 372.9093322753906]","[11178599.17735998, 2563062.043144077, 372.9093322753906]"
377,415.06823661687133,416.1257977939637,cruise,False,True,-1.6354089773638663,"[11178599.17735998, 2563062.043144077, 372.9093322753906]","[11178595.552686, 2563077.486905221, 372.9093322753906]"
378,416.1257977939637,417.18335897105607,cruise,False,True,-1.6641796892976117,"[11178595.552686, 2563077.486905221, 372.9093322753906]","[11178591.928012017, 2563092.9306663643, 372.9093322753906]"
379,417.18335897105607,417.58723891875803,cruise,False,True,-1.6751421094523806,"[11178591.928012017, 2563092.9306663643, 372.9093322753906]","[11178590.54375816, 2563098.8285998153, 372.9093322753906]"
380,417.58723891875803,417.99111886646006,cruise,False,True,-1.6860907419017082,"[11178590.54375816, 2563098.8285998153, 372.9093322753906]","[11178589.159504304, 2563104.7265332667, 372.9093322753906]"
381,417.99111886646006,418.6448000958504,cruise,False,True,-1.7037820168429647,"[11178589.159504304, 2563104.7265332667, 372.9093322753906]","[11178586.919084176, 2563114.272360959, 372.9093322753906]"
382,418.6448000958504,419.2984813252408,cruise,False,True,-1.721437410444949,"[11178586.919084176, 2563114.272360959, 372.9093322753906]","[11178584.678664051, 2563123.8181886515, 372.9093322753906]"
383,419.2984813252408,420.3560425023196,cruise,False,True,-1.7499256555426257,"[11178584.678664051, 2563123.8181886515, 372.9093322753906]","[11178581.053990068, 2563139.261949795, 372.9093322753906]"
384,420.3560425023196,421.4136036793985,cruise,False,True,-1.7783209708749155,"[11178581.053990068, 2563139.261949795, 372.9093322753906]","[11178577.429316087, 2563154.705710938, 372.9093322753906]"
385,421.4136036793985,422.47116485650434,cruise,False,True,-1.8066239594471085,"[11178577.429316087, 2563154.705710938, 372.9093322753906]","[11178573.804642104, 2563170.149472082, 372.9093322753906]"
386,422.47116485650434,423.52872603361016,cruise,False,True,-1.83483521842237,"[11178573.804642104, 2563170.149472082, 372.9093322753906]","[11178570.179968122, 2563185.593233226, 372.9093322753906]"
387,423.52872603361016,424.58628721068897,cruise,False,True,-1.862955339205115,"[11178570.179968122, 2563185.593233226, 372.9093322753906]","[11178566.555294137, 2563201.0369943692, 372.9093322753906]"
388,424.58628721068897,425.64384838776783,cruise,False,True,-1.8909849075080558,"[11178566.555294137, 2563201.0369943692, 372.9093322753906]","[11178562.930620154, 2563216.4807555126, 372.9093322753906]"
389,425.64384838776783,425.96500204433664,cruise,False,True,-1.8994789177975662,"[11178562.930620154, 2563216.4807555126, 372.9093322753906]","[11178561.829901513, 2563221.170621659, 372.9093322753906]"
390,425.96500204433664,426.2861557009055,cruise,False,True,-1.9079646472152518,"[11178561.829901513, 2563221.170621659, 372.9093322753906]","[11178560.729182871, 2563225.860487806, 372.9093322753906]"
391,426.2861557009055,427.02256322141545,cruise,False,True,-1.9273913054441323,"[11178560.729182871, 2563225.860487806, 372.9093322753906]","[11178558.205227531, 2563236.6143828025, 372.9093322753906]"
392,427.02256322141545,427.75897074192545,cruise,False,True,-1.9467747015231538,"[11178558.205227531, 2563236.6143828025, 372.9093322753906]","[11178555.68127219, 2563247.3682777993, 372.9093322753906]"
393,427.75897074192545,428.8165319190313,cruise,False,True,-1.9745360708679698,"[11178555.68127219, 2563247.3682777993, 372.9093322753906]","[11178552.056598209, 2563262.812038943, 372.9093322753906]"
394,428.8165319190313,429.8740930961372,cruise,False,True,-2.002209175137679,"[11178552.056598209, 2563262.812038943, 372.9093322753906]","[11178548.431924226, 2563278.255800087, 372.9093322753906]"
395,429.8740930961372,430.931654273216,cruise,False,True,-2.029794572666887,"[11178548.431924226, 2563278.255800087, 372.9093322753906]","[11178544.807250243, 2563293.6995612304, 372.9093322753906]"
396,430.931654273216,431.9892154502948,cruise,False,True,-2.057292816523102,"[11178544.807250243, 2563293.6995612304, 372.9093322753906]","[11178541.182576258, 2563309.1433223737, 372.9093322753906]"
397,431.9892154502948,433.04677662738715,cruise,False,True,-2.0847044545658378,"[11178541.182576258, 2563309.1433223737, 372.9093322753906]","[11178537.557902277, 2563324.587083517, 372.9093322753906]"
398,433.04677662738715,434.10433780447954,cruise,False,True,-2.1120300295198575,"[11178537.557902277, 2563324.587083517, 372.9093322753906]","[11178533.933228295, 2563340.030844661, 372.9093322753906]"
399,434.10433780447954,434.34276516991525,cruise,False,True,-2.118178752037835,"[11178533.933228295, 2563340.030844661, 372.9093322753906]","[11178533.116044866, 2563343.512643503, 372.9093322753906]"
400,434.34276516991525,434.58119253535097,cruise,False,True,-2.124323133633382,"[11178533.116044866, 2563343.512643503, 372.9093322753906]","[11178532.298861437, 2563346.9944423456, 372.9093322753906]"
401,434.58119253535097,435.40032634700765,cruise,False,True,-2.1453995935776504,"[11178532.298861437, 2563346.9944423456, 372.9093322753906]","[11178529.491370883, 2563358.9564046464, 372.9093322753906]"
402,435.40032634700765,436.2194601586643,cruise,False,True,-2.1664251357364606,"[11178529.491370883, 2563358.9564046464, 372.9093322753906]","[11178526.68388033, 2563370.918366948, 372.9093322753906]"
403,436.2194601586643,437.2770213357431,cruise,False,True,-2.193495727317625,"[11178526.68388033, 2563370.918366948, 372.9093322753906]","[11178523.059206346, 2563386.3621280915, 372.9093322753906]"
404,437.2770213357431,438.3345825128219,cruise,False,True,-2.220482376570999,"[11178523.059206346, 2563386.3621280915, 372.9093322753906]","[11178519.434532365, 2563401.8058892353, 372.9093322753906]"
405,438.3345825128219,439.39214368992776,cruise,False,True,-2.247385601463094,"[11178519.434532365, 2563401.8058892353, 372.9093322753906]","[11178515.80985838, 2563417.2496503787, 372.9093322753906]"
406,439.39214368992776,440.44970486703363,cruise,False,True,-2.2742059151877214,"[11178515.80985838, 2563417.2496503787, 372.9093322753906]","[11178512.1851844, 2563432.6934115225, 372.9093322753906]"
407,440.44970486703363,441.50726604411244,cruise,False,True,-2.300943826231034,"[11178512.1851844, 2563432.6934115225, 372.9093322753906]","[11178508.560510417, 2563448.137172666, 372.9093322753906]"
408,441.50726604411244,442.56482722119125,cruise,False,True,-2.3275998384227705,"[11178508.560510417, 2563448.137172666, 372.9093322753906]","[11178504.935836433, 2563463.5809338093, 372.9093322753906]"
409,442.56482722119125,442.7205282952816,cruise,False,True,-2.3315174246829855,"[11178504.935836433, 2563463.5809338093, 372.9093322753906]","[11178504.402188221, 2563465.8546653436, 372.9093322753906]"
410,442.7205282952816,442.87622936937197,cruise,False,True,-2.335433248147453,"[11178504.402188221, 2563465.8546653436, 372.9093322753906]","[11178503.868540008, 2563468.1283968785, 372.9093322753906]"
411,442.87622936937197,443.7780894723604,cruise,False,True,-2.3580800949544027,"[11178503.868540008, 2563468.1283968785, 372.9093322753906]","[11178500.777514238, 2563481.298426487, 372.9093322753906]"
412,443.7780894723604,444.6799495753489,cruise,False,True,-2.380668158632389,"[11178500.777514238, 2563481.298426487, 372.9093322753906]","[11178497.686488468, 2563494.468456096, 372.9093322753906]"
413,444.6799495753489,445.73751075245474,cruise,False,True,-2.4070814515443573,"[11178497.686488468, 2563494.468456096, 372.9093322753906]","[11178494.061814485, 2563509.91221724, 372.9093322753906]"
414,445.73751075245474,446.7950719295606,cruise,False,True,-2.4334148154960076,"[11178494.061814485, 2563509.91221724, 372.9093322753906]","[11178490.437140504, 2563525.3559783837, 372.9093322753906]"
415,446.7950719295606,447.8526331066395,cruise,False,True,-2.4596687318767323,"[11178490.437140504, 2563525.3559783837, 372.9093322753906]","[11178486.81246652, 2563540.799739527, 372.9093322753906]"
416,447.8526331066395,448.9101942837183,cruise,False,True,-2.485843677748335,"[11178486.81246652, 2563540.799739527, 372.9093322753906]","[11178483.187792538, 2563556.243500671, 372.9093322753906]"
417,448.9101942837183,449.9677554607971,cruise,False,True,-2.5119401258934317,"[11178483.187792538, 2563556.243500671, 372.9093322753906]","[11178479.563118555, 2563571.687261814, 372.9093322753906]"
418,449.9677554607971,451.0253166378759,cruise,False,True,-2.5379585448731774,"[11178479.563118555, 2563571.687261814, 372.9093322753906]","[11178475.938444573, 2563587.131022957, 372.9093322753906]"
419,451.0253166378759,451.09829142084664,cruise,False,True,-2.539751025063026,"[11178475.938444573, 2563587.131022957, 372.9093322753906]","[11178475.688331574, 2563588.1966871875, 372.9093322753906]"
420,451.09829142084664,451.1712662038174,cruise,False,True,-2.541543136088748,"[11178475.688331574, 2563588.1966871875, 372.9093322753906]","[11178475.438218577, 2563589.262351418, 372.9093322753906]"
421,451.1712662038174,452.15585259795256,cruise,False,True,-2.565686544090326,"[11178475.438218577, 2563589.262351418, 372.9093322753906]","[11178472.063657593, 2563603.6404483314, 372.9093322753906]"
422,452.15585259795256,453.14043899208764,cruise,False,True,-2.5897631487511603,"[11178472.063657593, 2563603.6404483314, 372.9093322753906]","[11178468.689096607, 2563618.018545245, 372.9093322753906]"
423,453.14043899208764,454.19800016916645,cruise,False,True,-2.6155502500873524,"[11178468.689096607, 2563618.018545245, 372.9093322753906]","[11178465.064422626, 2563633.4623063887, 372.9093322753906]"
424,454.19800016916645,455.25556134624526,cruise,False,True,-2.641261155234062,"[11178465.064422626, 2563633.4623063887, 372.9093322753906]","[11178461.439748643, 2563648.9060675316, 372.9093322753906]"
425,455.25556134624526,456.31312252333765,cruise,False,True,-2.6668963123644716,"[11178461.439748643, 2563648.9060675316, 372.9093322753906]","[11178457.81507466, 2563664.349828676, 372.9093322753906]"
426,456.31312252333765,457.37068370043,cruise,False,True,-2.692456165709629,"[11178457.81507466, 2563664.349828676, 372.9093322753906]","[11178454.190400675, 2563679.7935898188, 372.9093322753906]"
427,457.37068370043,458.41849336934644,cruise,False,True,-2.717706505512197,"[11178454.190400675, 2563679.7935898188, 372.9093322753906]","[11178450.59914891, 2563695.094947888, 372.9093322753906]"
428,458.41849336934644,459.4663030382628,cruise,False,True,-2.7428837806659203,"[11178450.59914891, 2563695.094947888, 372.9093322753906]","[11178447.007897144, 2563710.3963059573, 372.9093322753906]"
429,459.4663030382628,459.4760545464388,cruise,False,True,-2.7431177527708144,"[11178447.007897144, 2563710.3963059573, 372.9093322753906]","[11178446.974474927, 2563710.5387090314, 372.9093322753906]"
430,459.4760545464388,459.4858060546147,cruise,False,True,-2.7433517185850036,"[11178446.974474927, 2563710.5387090314, 372.9093322753906]","[11178446.941052713, 2563710.6811121064, 372.9093322753906]"
431,459.4858060546147,460.54336723169354,cruise,False,True,-2.7686882873159107,"[11178446.941052713, 2563710.6811121064, 372.9093322753906]","[11178443.31637873, 2563726.1248732493, 372.9093322753906]"
432,460.54336723169354,461.60092840877235,cruise,False,True,-2.793951290756084,"[11178443.31637873, 2563726.1248732493, 372.9093322753906]","[11178439.691704746, 2563741.568634393, 372.9093322753906]"
433,461.60092840877235,462.6584895858782,cruise,False,True,-2.8191411541355365,"[11178439.691704746, 2563741.568634393, 372.9093322753906]","[11178436.067030763, 2563757.0123955365, 372.9093322753906]"
434,462.6584895858782,463.7160507629841,cruise,False,True,-2.84425829901852,"[11178436.067030763, 2563757.0123955365, 372.9093322753906]","[11178432.44235678, 2563772.456156681, 372.9093322753906]"
435,463.7160507629841,464.7736119400629,cruise,False,True,-2.869303143335628,"[11178432.44235678, 2563772.456156681, 372.9093322753906]","[11178428.817682799, 2563787.899917824, 372.9093322753906]"
436,464.7736119400629,465.8311731171417,cruise,False,True,-2.8942761014364464,"[11178428.817682799, 2563787.899917824, 372.9093322753906]","[11178425.193008816, 2563803.343678967, 372.9093322753906]"
437,465.8311731171417,466.79625649471285,cruise,False,True,-2.9170029303919165,"[11178425.193008816, 2563803.343678967, 372.9093322753906]","[11178421.885292266, 2563817.4369697287, 372.9093322753906]"
438,466.79625649471285,467.761339872284,cruise,False,True,-2.9396705473200626,"[11178421.885292266, 2563817.4369697287, 372.9093322753906]","[11178418.577575713, 2563831.5302604903, 372.9093322753906]"
439,467.761339872284,467.8538176717917,cruise,False,True,-2.941839543307438,"[11178418.577575713, 2563831.5302604903, 372.9093322753906]","[11178418.260618282, 2563832.880730872, 372.9093322753906]"
440,467.8538176717917,467.9462954712995,cruise,False,True,-2.9440079986933227,"[11178418.260618282, 2563832.880730872, 372.9093322753906]","[11178417.94366085, 2563834.2312012543, 372.9093322753906]"
441,467.9462954712995,469.00385664840536,cruise,False,True,-2.968767748974969,"[11178417.94366085, 2563834.2312012543, 372.9093322753906]","[11178414.318986868, 2563849.674962398, 372.9093322753906]"
442,469.00385664840536,470.06141782551117,cruise,False,True,-2.993457235373171,"[11178414.318986868, 2563849.674962398, 372.9093322753906]","[11178410.694312885, 2563865.1187235415, 372.9093322753906]"
443,470.06141782551117,471.11897900259,cruise,False,True,-3.0180768549033132,"[11178410.694312885, 2563865.1187235415, 372.9093322753906]","[11178407.069638904, 2563880.562484685, 372.9093322753906]"
444,471.11897900259,472.17654017966885,cruise,False,True,-3.042627001233484,"[11178407.069638904, 2563880.562484685, 372.9093322753906]","[11178403.444964921, 2563896.0062458287, 372.9093322753906]"
445,472.17654017966885,473.2341013567612,cruise,False,True,-3.0671080647152564,"[11178403.444964921, 2563896.0062458287, 372.9093322753906]","[11178399.820290938, 2563911.450006972, 372.9093322753906]"
446,473.2341013567612,474.2916625338536,cruise,False,True,-3.0915204324282115,"[11178399.820290938, 2563911.450006972, 372.9093322753906]","[11178396.195616955, 2563926.893768116, 372.9093322753906]"
447,474.2916625338536,475.1740196202916,cruise,False,True,-3.111836161115349,"[11178396.195616955, 2563926.893768116, 372.9093322753906]","[11178393.171435617, 2563939.778991573, 372.9093322753906]"
448,475.1740196202916,476.05637670672957,cruise,False,True,-3.132104558473486,"[11178393.171435617, 2563939.778991573, 372.9093322753906]","[11178390.14725428, 2563952.6642150297, 372.9093322753906]"
449,476.05637670672957,476.23158079738397,cruise,False,True,-3.136123513475326,"[11178390.14725428, 2563952.6642150297, 372.9093322753906]","[11178389.546761636, 2563955.2227527164, 372.9093322753906]"
450,476.23158079738397,476.4067848880383,cruise,False,True,-3.140140612697536,"[11178389.546761636, 2563955.2227527164, 372.9093322753906]","[11178388.94626899, 2563957.7812904026, 372.9093322753906]"
451,476.4067848880383,477.4643460651171,cruise,False,True,-3.164349183360997,"[11178388.94626899, 2563957.7812904026, 372.9093322753906]","[11178385.321595008, 2563973.2250515465, 372.9093322753906]"
452,477.4643460651171,478.52190724219594,cruise,False,True,-3.188490574534825,"[11178385.321595008, 2563973.2250515465, 372.9093322753906]","[11178381.696921024, 2563988.66881269, 372.9093322753906]"
453,478.52190724219594,479.5794684193018,cruise,False,True,-3.2125651574586698,"[11178381.696921024, 2563988.66881269, 372.9093322753906]","[11178378.072247041, 2564004.1125738337, 372.9093322753906]"
454,479.5794684193018,480.6370295964077,cruise,False,True,-3.23657330030548,"[11178378.072247041, 2564004.1125738337, 372.9093322753906]","[11178374.447573058, 2564019.556334977, 372.9093322753906]"
455,480.6370295964077,481.6945907734865,cruise,False,True,-3.26051536821997,"[11178374.447573058, 2564019.556334977, 372.9093322753906]","[11178370.822899077, 2564035.000096121, 372.9093322753906]"
456,481.6945907734865,482.7521519505653,cruise,False,True,-3.2843917233486906,"[11178370.822899077, 2564035.000096121, 372.9093322753906]","[11178367.198225094, 2564050.4438572642, 372.9093322753906]"
457,482.7521519505653,483.5517827458701,cruise,False,True,-3.3024014260966794,"[11178367.198225094, 2564050.4438572642, 372.9093322753906]","[11178364.457578972, 2564062.1210134164, 372.9093322753906]"
458,483.5517827458701,484.35141354117496,cruise,False,True,-3.320373920412578,"[11178364.457578972, 2564062.1210134164, 372.9093322753906]","[11178361.71693285, 2564073.798169569, 372.9093322753906]"
459,484.35141354117496,484.609343922949,cruise,False,True,-3.326163249891607,"[11178361.71693285, 2564073.798169569, 372.9093322753906]","[11178360.832904989, 2564077.56477456, 372.9093322753906]"
460,484.609343922949,484.867274304723,cruise,False,True,-3.331948729044285,"[11178360.832904989, 2564077.56477456, 372.9093322753906]","[11178359.94887713, 2564081.331379551, 372.9093322753906]"
461,484.867274304723,485.9248354818289,cruise,False,True,-3.3556300892118998,"[11178359.94887713, 2564081.331379551, 372.9093322753906]","[11178356.324203145, 2564096.775140695, 372.9093322753906]"
462,485.9248354818289,486.98239665893476,cruise,False,True,-3.3792471558532213,"[11178356.324203145, 2564096.775140695, 372.9093322753906]","[11178352.699529164, 2564112.2189018386, 372.9093322753906]"
463,486.98239665893476,488.0399578360136,cruise,False,True,-3.402800276611046,"[11178352.699529164, 2564112.2189018386, 372.9093322753906]","[11178349.07485518, 2564127.662662982, 372.9093322753906]"
464,488.0399578360136,489.09751901309244,cruise,False,True,-3.426289796318514,"[11178349.07485518, 2564127.662662982, 372.9093322753906]","[11178345.4501812, 2564143.1064241254, 372.9093322753906]"
465,489.09751901309244,490.15508019018483,cruise,False,True,-3.4497160570342373,"[11178345.4501812, 2564143.1064241254, 372.9093322753906]","[11178341.825507214, 2564158.550185269, 372.9093322753906]"
466,490.15508019018483,491.2126413672772,cruise,False,True,-3.473079398062481,"[11178341.825507214, 2564158.550185269, 372.9093322753906]","[11178338.200833233, 2564173.9939464126, 372.9093322753906]"
467,491.2126413672772,491.92954587123666,cruise,False,True,-3.48888143682899,"[11178338.200833233, 2564173.9939464126, 372.9093322753906]","[11178335.743722325, 2564184.4630352575, 372.9093322753906]"
468,491.92954587123666,492.64645037519614,cruise,False,True,-3.504654821135091,"[11178335.743722325, 2564184.4630352575, 372.9093322753906]","[11178333.286611417, 2564194.932124102, 372.9093322753906]"
469,492.64645037519614,492.98710704832905,cruise,False,True,-3.512139960693844,"[11178333.286611417, 2564194.932124102, 372.9093322753906]","[11178332.119048344, 2564199.906796401, 372.9093322753906]"
470,492.98710704832905,493.3277637214619,cruise,False,True,-3.5196186647322065,"[11178332.119048344, 2564199.906796401, 372.9093322753906]","[11178330.951485267, 2564204.8814687, 372.9093322753906]"
471,493.3277637214619,494.3853248985407,cruise,False,True,-3.542795255510569,"[11178330.951485267, 2564204.8814687, 372.9093322753906]","[11178327.326811284, 2564220.325229843, 372.9093322753906]"
472,494.3853248985407,495.4428860756195,cruise,False,True,-3.565910256935865,"[11178327.326811284, 2564220.325229843, 372.9093322753906]","[11178323.702137303, 2564235.7689909865, 372.9093322753906]"
473,495.4428860756195,496.5004472527119,cruise,False,True,-3.588963995010232,"[11178323.702137303, 2564235.7689909865, 372.9093322753906]","[11178320.07746332, 2564251.2127521303, 372.9093322753906]"
474,496.5004472527119,497.55800842980426,cruise,False,True,-3.611956793153496,"[11178320.07746332, 2564251.2127521303, 372.9093322753906]","[11178316.452789338, 2564266.6565132737, 372.9093322753906]"
475,497.55800842980426,498.6155696068966,cruise,False,True,-3.634888972239253,"[11178316.452789338, 2564266.6565132737, 372.9093322753906]","[11178312.828115355, 2564282.100274417, 372.9093322753906]"
476,498.6155696068966,499.673130783989,cruise,False,True,-3.6577608506152046,"[11178312.828115355, 2564282.100274417, 372.9093322753906]","[11178309.203441372, 2564297.544035561, 372.9093322753906]"
477,499.673130783989,500.3073089970275,cruise,False,True,-3.6714474340255947,"[11178309.203441372, 2564297.544035561, 372.9093322753906]","[11178307.029865677, 2564306.8050571047, 372.9093322753906]"
478,500.3073089970275,500.9414872100661,cruise,False,True,-3.6851125150062103,"[11178307.029865677, 2564306.8050571047, 372.9093322753906]","[11178304.856289985, 2564316.066078648, 372.9093322753906]"
479,500.9414872100661,501.36487017410633,cruise,False,True,-3.6942235074184566,"[11178304.856289985, 2564316.066078648, 372.9093322753906]","[11178303.405191695, 2564322.2488182476, 372.9093322753906]"
480,501.36487017410633,501.7882531381467,cruise,False,True,-3.7033249661620147,"[11178303.405191695, 2564322.2488182476, 372.9093322753906]","[11178301.954093408, 2564328.4315578477, 372.9093322753906]"
481,501.7882531381467,502.84581431525254,cruise,False,True,-3.726017827646146,"[11178301.954093408, 2564328.4315578477, 372.9093322753906]","[11178298.329419423, 2564343.8753189915, 372.9093322753906]"
482,502.84581431525254,503.9033754923584,cruise,False,True,-3.7486516370910863,"[11178298.329419423, 2564343.8753189915, 372.9093322753906]","[11178294.704745442, 2564359.3190801353, 372.9093322753906]"
483,503.9033754923584,504.9609366694372,cruise,False,True,-3.771226700614207,"[11178294.704745442, 2564359.3190801353, 372.9093322753906]","[11178291.080071459, 2564374.7628412787, 372.9093322753906]"
484,504.9609366694372,506.018497846516,cruise,False,True,-3.7937433219609034,"[11178291.080071459, 2564374.7628412787, 372.9093322753906]","[11178287.455397476, 2564390.206602422, 372.9093322753906]"
485,506.018497846516,507.07605902359484,cruise,False,True,-3.816201802529406,"[11178287.455397476, 2564390.206602422, 372.9093322753906]","[11178283.830723494, 2564405.6503635654, 372.9093322753906]"
486,507.07605902359484,508.1336202006737,cruise,False,True,-3.838602441397356,"[11178283.830723494, 2564405.6503635654, 372.9093322753906]","[11178280.206049511, 2564421.094124709, 372.9093322753906]"
487,508.1336202006737,508.68507212238046,cruise,False,True,-3.8502601268079104,"[11178280.206049511, 2564421.094124709, 372.9093322753906]","[11178278.316009032, 2564429.147078945, 372.9093322753906]"
488,508.68507212238046,509.23652404408716,cruise,False,True,-3.8619022077975274,"[11178278.316009032, 2564429.147078945, 372.9093322753906]","[11178276.425968554, 2564437.200033181, 372.9093322753906]"
489,509.23652404408716,509.74263329948633,cruise,False,True,-3.8725733316420445,"[11178276.425968554, 2564437.200033181, 372.9093322753906]","[11178274.691335049, 2564444.5908400887, 372.9093322753906]"
490,509.74263329948633,510.2487425548855,cruise,False,True,-3.883231378867066,"[11178274.691335049, 2564444.5908400887, 372.9093322753906]","[11178272.956701545, 2564451.9816469965, 372.9093322753906]"
491,510.2487425548855,511.3063037319643,cruise,False,True,-3.905460264220764,"[11178272.956701545, 2564451.9816469965, 372.9093322753906]","[11178269.332027562, 2564467.42540814, 372.9093322753906]"
492,511.3063037319643,512.3638649090432,cruise,False,True,-3.9276324814251495,"[11178269.332027562, 2564467.42540814, 372.9093322753906]","[11178265.70735358, 2564482.869169283, 372.9093322753906]"
493,512.3638649090432,513.4214260861355,cruise,False,True,-3.9497483182969404,"[11178265.70735358, 2564482.869169283, 372.9093322753906]","[11178262.082679598, 2564498.312930427, 372.9093322753906]"
494,513.4214260861355,514.4789872632279,cruise,False,True,-3.971808060464312,"[11178262.082679598, 2564498.312930427, 372.9093322753906]","[11178258.458005616, 2564513.7566915704, 372.9093322753906]"
495,514.4789872632279,515.5365484403202,cruise,False,True,-3.99381199139809,"[11178258.458005616, 2564513.7566915704, 372.9093322753906]","[11178254.833331633, 2564529.200452714, 372.9093322753906]"
496,515.5365484403202,516.5941096174125,cruise,False,True,-4.01576039242488,"[11178254.833331633, 2564529.200452714, 372.9093322753906]","[11178251.208657648, 2564544.6442138576, 372.9093322753906]"
497,516.5941096174125,517.0628352477604,cruise,False,True,-4.025470537924491,"[11178251.208657648, 2564544.6442138576, 372.9093322753906]","[11178249.602152389, 2564551.4891007864, 372.9093322753906]"
498,517.0628352477604,517.5315608781083,cruise,False,True,-4.035169854269995,"[11178249.602152389, 2564551.4891007864, 372.9093322753906]","[11178247.995647123, 2564558.3339877143, 372.9093322753906]"
499,517.5315608781083,518.1203964248392,cruise,False,True,-4.04733928913646,"[11178247.995647123, 2564558.3339877143, 372.9093322753906]","[11178245.977478404, 2564566.9328619298, 372.9093322753906]"
500,518.1203964248392,518.7092319715701,cruise,False,True,-4.05949171949338,"[11178245.977478404, 2564566.9328619298, 372.9093322753906]","[11178243.959309684, 2564575.5317361443, 372.9093322753906]"
501,518.7092319715701,519.766793148676,cruise,False,True,-4.081275197681393,"[11178243.959309684, 2564575.5317361443, 372.9093322753906]","[11178240.334635703, 2564590.975497288, 372.9093322753906]"
502,519.766793148676,520.8243543257819,cruise,False,True,-4.103004250294859,"[11178240.334635703, 2564590.975497288, 372.9093322753906]","[11178236.70996172, 2564606.419258432, 372.9093322753906]"
503,520.8243543257819,521.8819155028607,cruise,False,True,-4.124679148274652,"[11178236.70996172, 2564606.419258432, 372.9093322753906]","[11178233.085287737, 2564621.8630195754, 372.9093322753906]"
504,521.8819155028607,522.9394766799395,cruise,False,True,-4.146300160547838,"[11178233.085287737, 2564621.8630195754, 372.9093322753906]","[11178229.460613756, 2564637.306780719, 372.9093322753906]"
505,522.9394766799395,523.9970378570183,cruise,False,True,-4.167867554045074,"[11178229.460613756, 2564637.306780719, 372.9093322753906]","[11178225.83593977, 2564652.750541862, 372.9093322753906]"
506,523.9970378570183,525.0545990340971,cruise,False,True,-4.18938159372054,"[11178225.83593977, 2564652.750541862, 372.9093322753906]","[11178222.21126579, 2564668.1943030055, 372.9093322753906]"
507,525.0545990340971,525.4405983735376,cruise,False,True,-4.197220765860621,"[11178222.21126579, 2564668.1943030055, 372.9093322753906]","[11178220.88829574, 2564673.8311226326, 372.9093322753906]"
508,525.4405983735376,525.826597712978,cruise,False,True,-4.205052878102165,"[11178220.88829574, 2564673.8311226326, 372.9093322753906]","[11178219.56532569, 2564679.4679422597, 372.9093322753906]"
509,525.826597712978,526.4981595506434,cruise,False,True,-4.218662402223089,"[11178219.56532569, 2564679.4679422597, 372.9093322753906]","[11178217.263621757, 2564689.2748837764, 372.9093322753906]"
510,526.4981595506434,527.1697213883089,cruise,False,True,-4.232250661665034,"[11178217.263621757, 2564689.2748837764, 372.9093322753906]","[11178214.961917823, 2564699.081825293, 372.9093322753906]"
511,527.1697213883089,528.2272825653877,cruise,False,True,-4.2536062101357,"[11178214.961917823, 2564699.081825293, 372.9093322753906]","[11178211.33724384, 2564714.525586437, 372.9093322753906]"
512,528.2272825653877,529.2848437424665,cruise,False,True,-4.274909445226712,"[11178211.33724384, 2564714.525586437, 372.9093322753906]","[11178207.712569859, 2564729.96934758, 372.9093322753906]"
513,529.2848437424665,530.3424049195588,cruise,False,True,-4.2961606223022955,"[11178207.712569859, 2564729.96934758, 372.9093322753906]","[11178204.087895876, 2564745.4131087232, 372.9093322753906]"
514,530.3424049195588,531.3999660966512,cruise,False,True,-4.317359994860141,"[11178204.087895876, 2564745.4131087232, 372.9093322753906]","[11178200.463221895, 2564760.8568698675, 372.9093322753906]"
515,531.3999660966512,532.4575272737435,cruise,False,True,-4.338507814551775,"[11178200.463221895, 2564760.8568698675, 372.9093322753906]","[11178196.838547911, 2564776.3006310104, 372.9093322753906]"
516,532.4575272737435,533.5150884508358,cruise,False,True,-4.359604331207137,"[11178196.838547911, 2564776.3006310104, 372.9093322753906]","[11178193.213873927, 2564791.7443921547, 372.9093322753906]"
517,533.5150884508358,533.8183614989174,cruise,False,True,-4.365644673546427,"[11178193.213873927, 2564791.7443921547, 372.9093322753906]","[11178192.174439095, 2564796.1731444737, 372.9093322753906]"
518,533.8183614989174,534.121634546999,cruise,False,True,-4.371680823211136,"[11178192.174439095, 2564796.1731444737, 372.9093322753906]","[11178191.13500426, 2564800.601896793, 372.9093322753906]"
519,534.121634546999,534.8759226759962,cruise,False,True,-4.386675539818512,"[11178191.13500426, 2564800.601896793, 372.9093322753906]","[11178188.549765112, 2564811.616905617, 372.9093322753906]"
520,534.8759226759962,535.6302108049935,cruise,False,True,-4.401644445672105,"[11178188.549765112, 2564811.616905617, 372.9093322753906]","[11178185.964525964, 2564822.631914441, 372.9093322753906]"
521,535.6302108049935,536.6877719820858,cruise,False,True,-4.422588534161889,"[11178185.964525964, 2564822.631914441, 372.9093322753906]","[11178182.33985198, 2564838.0756755853, 372.9093322753906]"
522,536.6877719820858,537.7453331591781,cruise,False,True,-4.443482300994049,"[11178182.33985198, 2564838.0756755853, 372.9093322753906]","[11178178.715177998, 2564853.519436728, 372.9093322753906]"
523,537.7453331591781,538.8028943362705,cruise,False,True,-4.464325987124454,"[11178178.715177998, 2564853.519436728, 372.9093322753906]","[11178175.090504015, 2564868.963197872, 372.9093322753906]"
524,538.8028943362705,539.8604555133628,cruise,False,True,-4.485119831777467,"[11178175.090504015, 2564868.963197872, 372.9093322753906]","[11178171.465830032, 2564884.4069590154, 372.9093322753906]"
525,539.8604555133628,540.9180166904416,cruise,False,True,-4.50586407247296,"[11178171.465830032, 2564884.4069590154, 372.9093322753906]","[11178167.841156049, 2564899.8507201592, 372.9093322753906]"
526,540.9180166904416,541.9755778675204,cruise,False,True,-4.526558945036044,"[11178167.841156049, 2564899.8507201592, 372.9093322753906]","[11178164.216482067, 2564915.2944813026, 372.9093322753906]"
527,541.9755778675204,542.1961246242702,cruise,False,True,-4.530868512022693,"[11178164.216482067, 2564915.2944813026, 372.9093322753906]","[11178163.460582448, 2564918.515166315, 372.9093322753906]"
528,542.1961246242702,542.4166713810199,cruise,False,True,-4.535175944286976,"[11178163.460582448, 2564918.515166315, 372.9093322753906]","[11178162.704682829, 2564921.735851326, 372.9093322753906]"
529,542.4166713810199,543.253685801376,cruise,False,True,-4.551504033421423,"[11178162.704682829, 2564921.735851326, 372.9093322753906]","[11178159.835908465, 2564933.958927458, 372.9093322753906]"
530,543.253685801376,544.0907002217322,cruise,False,True,-4.567801520714738,"[11178159.835908465, 2564933.958927458, 372.9093322753906]","[11178156.967134101, 2564946.1820035903, 372.9093322753906]"
531,544.0907002217322,545.148261398811,cruise,False,True,-4.58834968716512,"[11178156.967134101, 2564946.1820035903, 372.9093322753906]","[11178153.34246012, 2564961.625764733, 372.9093322753906]"
532,545.148261398811,546.2058225758898,cruise,False,True,-4.608849412192328,"[11178153.34246012, 2564961.625764733, 372.9093322753906]","[11178149.717786137, 2564977.069525877, 372.9093322753906]"
533,546.2058225758898,547.2633837529686,cruise,False,True,-4.6293009233981195,"[11178149.717786137, 2564977.069525877, 372.9093322753906]","[11178146.093112154, 2564992.5132870204, 372.9093322753906]"
534,547.2633837529686,548.3209449300474,cruise,False,True,-4.64970444678859,"[11178146.093112154, 2564992.5132870204, 372.9093322753906]","[11178142.46843817, 2565007.9570481637, 372.9093322753906]"
535,548.3209449300474,549.3785061071533,cruise,False,True,-4.670060206785678,"[11178142.46843817, 2565007.9570481637, 372.9093322753906]","[11178138.84376419, 2565023.4008093076, 372.9093322753906]"
536,549.3785061071533,550.4360672842591,cruise,False,True,-4.690368426242287,"[11178138.84376419, 2565023.4008093076, 372.9093322753906]","[11178135.219090207, 2565038.844570451, 372.9093322753906]"
537,550.4360672842591,550.5738877500744,cruise,False,True,-4.693011486167649,"[11178135.219090207, 2565038.844570451, 372.9093322753906]","[11178134.7467258, 2565040.8571881615, 372.9093322753906]"
538,550.5738877500744,550.7117082158896,cruise,False,True,-4.69565374295604,"[11178134.7467258, 2565040.8571881615, 372.9093322753906]","[11178134.274361394, 2565042.869805872, 372.9093322753906]"
539,550.7117082158896,551.6314489271532,cruise,False,True,-4.713266235997693,"[11178134.274361394, 2565042.869805872, 372.9093322753906]","[11178131.122051816, 2565056.300949305, 372.9093322753906]"
540,551.6314489271532,552.5511896384168,cruise,False,True,-4.730843127189047,"[11178131.122051816, 2565056.300949305, 372.9093322753906]","[11178127.969742242, 2565069.732092738, 372.9093322753906]"
541,552.5511896384168,553.6087508155091,cruise,False,True,-4.75101004667215,"[11178127.969742242, 2565069.732092738, 372.9093322753906]","[11178124.345068257, 2565085.175853882, 372.9093322753906]"
542,553.6087508155091,554.6663119926014,cruise,False,True,-4.771130301625718,"[11178124.345068257, 2565085.175853882, 372.9093322753906]","[11178120.720394274, 2565100.6196150254, 372.9093322753906]"
543,554.6663119926014,555.7238731696938,cruise,False,True,-4.7912041072736145,"[11178120.720394274, 2565100.6196150254, 372.9093322753906]","[11178117.095720295, 2565116.0633761687, 372.9093322753906]"
544,555.7238731696938,556.7814343467861,cruise,False,True,-4.81123167735899,"[11178117.095720295, 2565116.0633761687, 372.9093322753906]","[11178113.47104631, 2565131.5071373126, 372.9093322753906]"
545,556.7814343467861,557.8389955238649,cruise,False,True,-4.831213224147547,"[11178113.47104631, 2565131.5071373126, 372.9093322753906]","[11178109.846372329, 2565146.950898456, 372.9093322753906]"
546,557.8389955238649,558.8965567009438,cruise,False,True,-4.851148958454118,"[11178109.846372329, 2565146.950898456, 372.9093322753906]","[11178106.221698346, 2565162.3946595993, 372.9093322753906]"
547,558.8965567009438,558.9516508754273,cruise,False,True,-4.852186268881169,"[11178106.221698346, 2565162.3946595993, 372.9093322753906]","[11178106.032869155, 2565163.1992100016, 372.9093322753906]"
548,558.9516508754273,559.0067450499108,cruise,False,True,-4.8532234555750335,"[11178106.032869155, 2565163.1992100016, 372.9093322753906]","[11178105.844039964, 2565164.003760405, 372.9093322753906]"
549,559.0067450499108,560.0092120525333,cruise,False,True,-4.872074030069371,"[11178105.844039964, 2565164.003760405, 372.9093322753906]","[11178102.408195172, 2565178.642971146, 372.9093322753906]"
550,560.0092120525333,561.0116790551557,cruise,False,True,-4.890883825666435,"[11178102.408195172, 2565178.642971146, 372.9093322753906]","[11178098.972350378, 2565193.2821818865, 372.9093322753906]"
551,561.0116790551557,562.0692402322345,cruise,False,True,-4.910683373030224,"[11178098.972350378, 2565193.2821818865, 372.9093322753906]","[11178095.347676398, 2565208.7259430303, 372.9093322753906]"
552,562.0692402322345,563.1268014093134,cruise,False,True,-4.930437936856578,"[11178095.347676398, 2565208.7259430303, 372.9093322753906]","[11178091.723002417, 2565224.1697041737, 372.9093322753906]"
553,563.1268014093134,564.1843625863922,cruise,False,True,-4.9501477208710725,"[11178091.723002417, 2565224.1697041737, 372.9093322753906]","[11178088.098328432, 2565239.613465317, 372.9093322753906]"
554,564.1843625863922,565.241923763471,cruise,False,True,-4.969812927417209,"[11178088.098328432, 2565239.613465317, 372.9093322753906]","[11178084.473654449, 2565255.0572264604, 372.9093322753906]"
555,565.241923763471,566.2718528237016,cruise,False,True,-4.9889216644027385,"[11178084.473654449, 2565255.0572264604, 372.9093322753906]","[11178080.943686493, 2565270.0974706993, 372.9093322753906]"
556,566.2718528237016,567.3017818839321,cruise,False,True,-5.00798849795882,"[11178080.943686493, 2565270.0974706993, 372.9093322753906]","[11178077.413718533, 2565285.1377149383, 372.9093322753906]"
557,567.3017818839321,567.3294140008076,cruise,False,True,-5.008499469324704,"[11178077.413718533, 2565285.1377149383, 372.9093322753906]","[11178077.31901251, 2565285.541231843, 372.9093322753906]"
558,567.3294140008076,567.357046117683,cruise,False,True,-5.009010410664885,"[11178077.31901251, 2565285.541231843, 372.9093322753906]","[11178077.224306483, 2565285.944748748, 372.9093322753906]"
559,567.357046117683,568.4146072947618,cruise,False,True,-5.028543085268495,"[11178077.224306483, 2565285.944748748, 372.9093322753906]","[11178073.599632503, 2565301.3885098915, 372.9093322753906]"
560,568.4146072947618,569.4721684718406,cruise,False,True,-5.048031978238441,"[11178073.599632503, 2565301.3885098915, 372.9093322753906]","[11178069.974958519, 2565316.832271035, 372.9093322753906]"
561,569.4721684718406,570.529729648933,cruise,False,True,-5.06747728520422,"[11178069.974958519, 2565316.832271035, 372.9093322753906]","[11178066.350284535, 2565332.276032178, 372.9093322753906]"
562,570.529729648933,571.5872908260253,cruise,False,True,-5.0868792004914525,"[11178066.350284535, 2565332.276032178, 372.9093322753906]","[11178062.725610552, 2565347.719793322, 372.9093322753906]"
563,571.5872908260253,572.6448520031176,cruise,False,True,-5.106237917127729,"[11178062.725610552, 2565347.719793322, 372.9093322753906]","[11178059.100936571, 2565363.1635544654, 372.9093322753906]"
564,572.6448520031176,573.70241318021,cruise,False,True,-5.125553626860508,"[11178059.100936571, 2565363.1635544654, 372.9093322753906]","[11178055.476262588, 2565378.607315609, 372.9093322753906]"
565,573.70241318021,574.649615949506,cruise,False,True,-5.142817354406446,"[11178055.476262588, 2565378.607315609, 372.9093322753906]","[11178052.229829844, 2565392.4394925465, 372.9093322753906]"
566,574.649615949506,575.5968187188021,cruise,False,True,-5.160046871230321,"[11178052.229829844, 2565392.4394925465, 372.9093322753906]","[11178048.9833971, 2565406.2716694837, 372.9093322753906]"
567,575.5968187188021,575.7071771265848,cruise,False,True,-5.162052059907936,"[11178048.9833971, 2565406.2716694837, 372.9093322753906]","[11178048.605155863, 2565407.88325369, 372.9093322753906]"
568,575.7071771265848,575.8175355343676,cruise,False,True,-5.164056786240508,"[11178048.605155863, 2565407.88325369, 372.9093322753906]","[11178048.226914624, 2565409.494837896, 372.9093322753906]"
569,575.8175355343676,576.87509671146,cruise,False,True,-5.183244613062016,"[11178048.226914624, 2565409.494837896, 372.9093322753906]","[11178044.602240639, 2565424.9385990393, 372.9093322753906]"
570,576.87509671146,577.9326578885523,cruise,False,True,-5.202390187345927,"[11178044.602240639, 2565424.9385990393, 372.9093322753906]","[11178040.977566658, 2565440.382360183, 372.9093322753906]"
571,577.9326578885523,578.9902190656446,cruise,False,True,-5.221493694586314,"[11178040.977566658, 2565440.382360183, 372.9093322753906]","[11178037.352892675, 2565455.8261213265, 372.9093322753906]"
572,578.9902190656446,580.047780242737,cruise,False,True,-5.240555319059226,"[11178037.352892675, 2565455.8261213265, 372.9093322753906]","[11178033.728218693, 2565471.2698824704, 372.9093322753906]"
573,580.047780242737,581.1053414198158,cruise,False,True,-5.259575243833552,"[11178033.728218693, 2565471.2698824704, 372.9093322753906]","[11178030.10354471, 2565486.7136436137, 372.9093322753906]"
574,581.1053414198158,582.1629025968946,cruise,False,True,-5.2785536507823565,"[11178030.10354471, 2565486.7136436137, 372.9093322753906]","[11178026.478870727, 2565502.1574047576, 372.9093322753906]"
575,582.1629025968946,583.0273790748588,cruise,False,True,-5.294036353185206,"[11178026.478870727, 2565502.1574047576, 372.9093322753906]","[11178023.515973197, 2565514.781514387, 372.9093322753906]"
576,583.0273790748588,583.891855552823,cruise,False,True,-5.309491532943895,"[11178023.515973197, 2565514.781514387, 372.9093322753906]","[11178020.553075671, 2565527.405624017, 372.9093322753906]"
577,583.891855552823,584.0849402519648,cruise,False,True,-5.312939766395004,"[11178020.553075671, 2565527.405624017, 372.9093322753906]","[11178019.891299216, 2565530.2252755314, 372.9093322753906]"
578,584.0849402519648,584.2780249511064,cruise,False,True,-5.316386632770673,"[11178019.891299216, 2565530.2252755314, 372.9093322753906]","[11178019.229522761, 2565533.044927045, 372.9093322753906]"
579,584.2780249511064,585.3355861281852,cruise,False,True,-5.335241565665072,"[11178019.229522761, 2565533.044927045, 372.9093322753906]","[11178015.60484878, 2565548.488688188, 372.9093322753906]"
580,585.3355861281852,586.393147305264,cruise,False,True,-5.3540556964648545,"[11178015.60484878, 2565548.488688188, 372.9093322753906]","[11178011.980174797, 2565563.9324493315, 372.9093322753906]"
581,586.393147305264,587.4507084823429,cruise,False,True,-5.372829201213648,"[11178011.980174797, 2565563.9324493315, 372.9093322753906]","[11178008.355500814, 2565579.3762104753, 372.9093322753906]"
582,587.4507084823429,588.5082696594217,cruise,False,True,-5.39156225481716,"[11178008.355500814, 2565579.3762104753, 372.9093322753906]","[11178004.730826832, 2565594.8199716182, 372.9093322753906]"
583,588.5082696594217,589.5658308365275,cruise,False,True,-5.410255031060288,"[11178004.730826832, 2565594.8199716182, 372.9093322753906]","[11178001.10615285, 2565610.263732762, 372.9093322753906]"
584,589.5658308365275,590.6233920136334,cruise,False,True,-5.42890770260675,"[11178001.10615285, 2565610.263732762, 372.9093322753906]","[11177997.481478866, 2565625.707493906, 372.9093322753906]"
585,590.6233920136334,591.4051422002387,cruise,False,True,-5.442670095481702,"[11177997.481478866, 2565625.707493906, 372.9093322753906]","[11177994.802116552, 2565637.123536228, 372.9093322753906]"
586,591.4051422002387,592.1868923868441,cruise,False,True,-5.456410737102459,"[11177994.802116552, 2565637.123536228, 372.9093322753906]","[11177992.122754239, 2565648.53957855, 372.9093322753906]"
587,592.1868923868441,592.4627033773176,cruise,False,True,-5.461253424912115,"[11177992.122754239, 2565648.53957855, 372.9093322753906]","[11177991.17744257, 2565652.5672973716, 372.9093322753906]"
588,592.4627033773176,592.738514367791,cruise,False,True,-5.466093416744968,"[11177991.17744257, 2565652.5672973716, 372.9093322753906]","[11177990.232130902, 2565656.595016193, 372.9093322753906]"
589,592.738514367791,593.7960755448834,cruise,False,True,-5.484626799171011,"[11177990.232130902, 2565656.595016193, 372.9093322753906]","[11177986.607456919, 2565672.0387773365, 372.9093322753906]"
590,593.7960755448834,594.8536367219757,cruise,False,True,-5.503120756587137,"[11177986.607456919, 2565672.0387773365, 372.9093322753906]","[11177982.982782936, 2565687.4825384803, 372.9093322753906]"
591,594.8536367219757,595.911197899068,cruise,False,True,-5.521575456215942,"[11177982.982782936, 2565687.4825384803, 372.9093322753906]","[11177979.358108953, 2565702.926299623, 372.9093322753906]"
592,595.911197899068,596.9687590761604,cruise,False,True,-5.539991064222988,"[11177979.358108953, 2565702.926299623, 372.9093322753906]","[11177975.73343497, 2565718.370060767, 372.9093322753906]"
593,596.9687590761604,598.0263202532392,cruise,False,True,-5.558367745718442,"[11177975.73343497, 2565718.370060767, 372.9093322753906]","[11177972.108760988, 2565733.813821911, 372.9093322753906]"
594,598.0263202532392,599.0838814303181,cruise,False,True,-5.576705664770515,"[11177972.108760988, 2565733.813821911, 372.9093322753906]","[11177968.484087007, 2565749.257583054, 372.9093322753906]"
595,599.0838814303181,599.782905326016,cruise,False,True,-5.588805413773045,"[11177968.484087007, 2565749.257583054, 372.9093322753906]","[11177966.088259904, 2565759.465558075, 372.9093322753906]"
596,599.782905326016,600.4819292217139,cruise,False,True,-5.600888345897346,"[11177966.088259904, 2565759.465558075, 372.9093322753906]","[11177963.692432804, 2565769.6735330955, 372.9093322753906]"
597,600.4819292217139,600.8404665031219,cruise,False,True,-5.6070793090824935,"[11177963.692432804, 2565769.6735330955, 372.9093322753906]","[11177962.463585922, 2565774.9093192182, 372.9093322753906]"
598,600.8404665031219,601.1990037845299,cruise,False,True,-5.613265866663639,"[11177962.463585922, 2565774.9093192182, 372.9093322753906]","[11177961.234739041, 2565780.1451053414, 372.9093322753906]"
599,601.1990037845299,602.2565649616087,cruise,False,True,-5.631488472504387,"[11177961.234739041, 2565780.1451053414, 372.9093322753906]","[11177957.610065056, 2565795.588866485, 372.9093322753906]"
600,602.2565649616087,603.3141261386876,cruise,False,True,-5.649672961921951,"[11177957.610065056, 2565795.588866485, 372.9093322753906]","[11177953.985391075, 2565811.0326276287, 372.9093322753906]"
601,603.3141261386876,604.3716873157664,cruise,False,True,-5.667819493899913,"[11177953.985391075, 2565811.0326276287, 372.9093322753906]","[11177950.360717092, 2565826.4763887716, 372.9093322753906]"
602,604.3716873157664,605.4292484928452,cruise,False,True,-5.685928226431315,"[11177950.360717092, 2565826.4763887716, 372.9093322753906]","[11177946.73604311, 2565841.9201499154, 372.9093322753906]"
603,605.4292484928452,606.4868096699511,cruise,False,True,-5.703999316524019,"[11177946.73604311, 2565841.9201499154, 372.9093322753906]","[11177943.111369127, 2565857.3639110588, 372.9093322753906]"
604,606.4868096699511,607.5443708470569,cruise,False,True,-5.722032920212158,"[11177943.111369127, 2565857.3639110588, 372.9093322753906]","[11177939.486695144, 2565872.807672203, 372.9093322753906]"
605,607.5443708470569,608.160668451396,cruise,False,True,-5.73252484175454,"[11177939.486695144, 2565872.807672203, 372.9093322753906]","[11177937.37440326, 2565881.807579916, 372.9093322753906]"
606,608.160668451396,608.776966055735,cruise,False,True,-5.743004116063943,"[11177937.37440326, 2565881.807579916, 372.9093322753906]","[11177935.262111373, 2565890.807487629, 372.9093322753906]"
607,608.776966055735,609.2182296284748,cruise,False,True,-5.750499430260476,"[11177935.262111373, 2565890.807487629, 372.9093322753906]","[11177933.749729276, 2565897.2513410593, 372.9093322753906]"
608,609.2182296284748,609.6594932012146,cruise,False,True,-5.757988287672703,"[11177933.749729276, 2565897.2513410593, 372.9093322753906]","[11177932.237347178, 2565903.6951944893, 372.9093322753906]"
609,609.6594932012146,610.7170543783069,cruise,False,True,-5.775910358708572,"[11177932.237347178, 2565903.6951944893, 372.9093322753906]","[11177928.612673197, 2565919.1389556336, 372.9093322753906]"
610,610.7170543783069,611.7746155553992,cruise,False,True,-5.793795557876194,"[11177928.612673197, 2565919.1389556336, 372.9093322753906]","[11177924.987999214, 2565934.5827167765, 372.9093322753906]"
611,611.7746155553992,612.8321767324916,cruise,False,True,-5.81164403645252,"[11177924.987999214, 2565934.5827167765, 372.9093322753906]","[11177921.36332523, 2565950.02647792, 372.9093322753906]"
612,612.8321767324916,613.8897379095839,cruise,False,True,-5.829455944784726,"[11177921.36332523, 2565950.02647792, 372.9093322753906]","[11177917.73865125, 2565965.470239064, 372.9093322753906]"
613,613.8897379095839,614.9472990866627,cruise,False,True,-5.847231432298145,"[11177917.73865125, 2565965.470239064, 372.9093322753906]","[11177914.113977265, 2565980.914000207, 372.9093322753906]"
614,614.9472990866627,616.0048602637415,cruise,False,True,-5.864970647506624,"[11177914.113977265, 2565980.914000207, 372.9093322753906]","[11177910.489303283, 2565996.357761351, 372.9093322753906]"
615,616.0048602637415,616.5384315767487,cruise,False,True,-5.873906893298255,"[11177910.489303283, 2565996.357761351, 372.9093322753906]","[11177908.660546614, 2566004.1496017566, 372.9093322753906]"
616,616.5384315767487,617.0720028897559,cruise,False,True,-5.882833962414466,"[11177908.660546614, 2566004.1496017566, 372.9093322753906]","[11177906.831789944, 2566011.9414421623, 372.9093322753906]"
617,617.0720028897559,617.5959927538411,cruise,False,True,-5.8915918135544985,"[11177906.831789944, 2566011.9414421623, 372.9093322753906]","[11177905.03587263, 2566019.5933629, 372.9093322753906]"
618,617.5959927538411,618.1199826179261,cruise,False,True,-5.900340850540047,"[11177905.03587263, 2566019.5933629, 372.9093322753906]","[11177903.23995532, 2566027.245283638, 372.9093322753906]"
619,618.1199826179261,619.1775437950184,cruise,False,True,-5.917972130891883,"[11177903.23995532, 2566027.245283638, 372.9093322753906]","[11177899.615281336, 2566042.6890447815, 372.9093322753906]"
620,619.1775437950184,620.2351049721108,cruise,False,True,-5.935567724007029,"[11177899.615281336, 2566042.6890447815, 372.9093322753906]","[11177895.990607353, 2566058.132805925, 372.9093322753906]"
621,620.2351049721108,621.2926661491897,cruise,False,True,-5.953127773943066,"[11177895.990607353, 2566058.132805925, 372.9093322753906]","[11177892.36593337, 2566073.5765670687, 372.9093322753906]"
622,621.2926661491897,622.3502273262685,cruise,False,True,-5.970652423885767,"[11177892.36593337, 2566073.5765670687, 372.9093322753906]","[11177888.741259389, 2566089.020328212, 372.9093322753906]"
623,622.3502273262685,623.4077885033744,cruise,False,True,-5.988141816161587,"[11177888.741259389, 2566089.020328212, 372.9093322753906]","[11177885.116585406, 2566104.464089356, 372.9093322753906]"
624,623.4077885033744,624.4653496804802,cruise,False,True,-6.005596092238093,"[11177885.116585406, 2566104.464089356, 372.9093322753906]","[11177881.49191142, 2566119.9078504993, 372.9093322753906]"
625,624.4653496804802,624.9161947025531,cruise,False,True,-6.0130263190997795,"[11177881.49191142, 2566119.9078504993, 372.9093322753906]","[11177879.946689965, 2566126.4916236037, 372.9093322753906]"
626,624.9161947025531,625.3670397246259,cruise,False,True,-6.020450200459436,"[11177879.946689965, 2566126.4916236037, 372.9093322753906]","[11177878.40146851, 2566133.0753967077, 372.9093322753906]"
627,625.3670397246259,625.973755879632,cruise,False,True,-6.0304307518282485,"[11177878.40146851, 2566133.0753967077, 372.9093322753906]","[11177876.322015986, 2566141.935384747, 372.9093322753906]"
628,625.973755879632,626.5804720346381,cruise,False,True,-6.040399857427829,"[11177876.322015986, 2566141.935384747, 372.9093322753906]","[11177874.242563458, 2566150.7953727865, 372.9093322753906]"
629,626.5804720346381,627.6380332117169,cruise,False,True,-6.057749625261394,"[11177874.242563458, 2566150.7953727865, 372.9093322753906]","[11177870.617889473, 2566166.23913393, 372.9093322753906]"
630,627.6380332117169,628.6955943887957,cruise,False,True,-6.075064834346051,"[11177870.617889473, 2566166.23913393, 372.9093322753906]","[11177866.993215492, 2566181.682895073, 372.9093322753906]"
631,628.6955943887957,629.7531555659016,cruise,False,True,-6.092345621974118,"[11177866.993215492, 2566181.682895073, 372.9093322753906]","[11177863.368541509, 2566197.126656217, 372.9093322753906]"
632,629.7531555659016,630.8107167430074,cruise,False,True,-6.109592124619212,"[11177863.368541509, 2566197.126656217, 372.9093322753906]","[11177859.743867526, 2566212.570417361, 372.9093322753906]"
633,630.8107167430074,631.8682779200863,cruise,False,True,-6.126804477945612,"[11177859.743867526, 2566212.570417361, 372.9093322753906]","[11177856.119193545, 2566228.0141785042, 372.9093322753906]"
634,631.8682779200863,632.9258390971651,cruise,False,True,-6.1439828168169015,"[11177856.119193545, 2566228.0141785042, 372.9093322753906]","[11177852.494519562, 2566243.4579396476, 372.9093322753906]"
635,632.9258390971651,633.293957827906,cruise,False,True,-6.149954343180738,"[11177852.494519562, 2566243.4579396476, 372.9093322753906]","[11177851.23283332, 2566248.8336454444, 372.9093322753906]"
636,633.293957827906,633.6620765586468,cruise,False,True,-6.155921770181976,"[11177851.23283332, 2566248.8336454444, 372.9093322753906]","[11177849.971147079, 2566254.2093512407, 372.9093322753906]"
637,633.6620765586468,634.3515190049982,cruise,False,True,-6.1670870397943105,"[11177849.971147079, 2566254.2093512407, 372.9093322753906]","[11177847.608159337, 2566264.2774065877, 372.9093322753906]"
638,634.3515190049982,635.0409614513496,cruise,False,True,-6.178237986664826,"[11177847.608159337, 2566264.2774065877, 372.9093322753906]","[11177845.245171595, 2566274.345461935, 372.9093322753906]"
639,635.0409614513496,636.098522628442,cruise,False,True,-6.1953150834064274,"[11177845.245171595, 2566274.345461935, 372.9093322753906]","[11177841.620497614, 2566289.789223078, 372.9093322753906]"
640,636.098522628442,637.1560838055343,cruise,False,True,-6.212358697237988,"[11177841.620497614, 2566289.789223078, 372.9093322753906]","[11177837.99582363, 2566305.232984222, 372.9093322753906]"
641,637.1560838055343,637.9393982181757,cruise,False,True,-6.224961053733892,"[11177837.99582363, 2566305.232984222, 372.9093322753906]","[11177835.311100105, 2566316.671869226, 372.9093322753906]"
642,637.9393982181757,638.7227126308171,cruise,False,True,-6.237545166061125,"[11177835.311100105, 2566316.671869226, 372.9093322753906]","[11177832.626376579, 2566328.110754229, 372.9093322753906]"
643,638.7227126308171,689.7273787685124,descent,False,True,-6.237545166061125,"[11177832.626376579, 2566328.110754229, 372.9093322753906]","[11177832.626376579, 2566328.110754229, 270.9]"
644,689.7273787685124,1049.7273787685124,handoff,False,True,-6.2351993214064265,"[11177832.626376579, 2566328.110754229, 270.9]","[11177832.626376579, 2566328.110754229, 270.9]"
645,1049.7273787685124,1090.5311116786686,return_climb,False,True,-6.237545166061125,"[11177832.626376579, 2566328.110754229, 270.9]","[11177832.626376579, 2566328.110754229, 372.9093322753906]"
646,1090.5311116786686,1091.31442609131,return_cruise,False,True,-6.237545166061125,"[11177832.626376579, 2566328.110754229, 372.9093322753906]","[11177835.311100105, 2566316.671869226, 372.9093322753906]"
647,1091.31442609131,1092.0977405039514,return_cruise,False,True,-6.224961053733892,"[11177835.311100105, 2566316.671869226, 372.9093322753906]","[11177837.99582363, 2566305.232984222, 372.9093322753906]"
648,1092.0977405039514,1093.1553016810437,return_cruise,False,True,-6.212358697237988,"[11177837.99582363, 2566305.232984222, 372.9093322753906]","[11177841.620497614, 2566289.789223078, 372.9093322753906]"
649,1093.1553016810437,1094.212862858136,return_cruise,False,True,-6.1953150834064274,"[11177841.620497614, 2566289.789223078, 372.9093322753906]","[11177845.245171595, 2566274.345461935, 372.9093322753906]"
650,1094.212862858136,1094.9023053044875,return_cruise,False,True,-6.178237986664826,"[11177845.245171595, 2566274.345461935, 372.9093322753906]","[11177847.608159337, 2566264.2774065877, 372.9093322753906]"
651,1094.9023053044875,1095.591747750839,return_cruise,False,True,-6.1670870397943105,"[11177847.608159337, 2566264.2774065877, 372.9093322753906]","[11177849.971147079, 2566254.2093512407, 372.9093322753906]"
652,1095.591747750839,1095.9598664815799,return_cruise,False,True,-6.155921770181976,"[11177849.971147079, 2566254.2093512407, 372.9093322753906]","[11177851.23283332, 2566248.8336454444, 372.9093322753906]"
653,1095.9598664815799,1096.3279852123208,return_cruise,False,True,-6.149954343180738,"[11177851.23283332, 2566248.8336454444, 372.9093322753906]","[11177852.494519562, 2566243.4579396476, 372.9093322753906]"
654,1096.3279852123208,1097.3855463893997,return_cruise,False,True,-6.1439828168169015,"[11177852.494519562, 2566243.4579396476, 372.9093322753906]","[11177856.119193545, 2566228.0141785042, 372.9093322753906]"
655,1097.3855463893997,1098.4431075664786,return_cruise,False,True,-6.126804477945612,"[11177856.119193545, 2566228.0141785042, 372.9093322753906]","[11177859.743867526, 2566212.570417361, 372.9093322753906]"
656,1098.4431075664786,1099.5006687435846,return_cruise,False,True,-6.109592124619212,"[11177859.743867526, 2566212.570417361, 372.9093322753906]","[11177863.368541509, 2566197.126656217, 372.9093322753906]"
657,1099.5006687435846,1100.5582299206906,return_cruise,False,True,-6.092345621974118,"[11177863.368541509, 2566197.126656217, 372.9093322753906]","[11177866.993215492, 2566181.682895073, 372.9093322753906]"
658,1100.5582299206906,1101.6157910977695,return_cruise,False,True,-6.075064834346051,"[11177866.993215492, 2566181.682895073, 372.9093322753906]","[11177870.617889473, 2566166.23913393, 372.9093322753906]"
659,1101.6157910977695,1102.6733522748484,return_cruise,False,True,-6.057749625261394,"[11177870.617889473, 2566166.23913393, 372.9093322753906]","[11177874.242563458, 2566150.7953727865, 372.9093322753906]"
660,1102.6733522748484,1103.2800684298545,return_cruise,False,True,-6.040399857427829,"[11177874.242563458, 2566150.7953727865, 372.9093322753906]","[11177876.322015986, 2566141.935384747, 372.9093322753906]"
661,1103.2800684298545,1103.8867845848606,return_cruise,False,True,-6.0304307518282485,"[11177876.322015986, 2566141.935384747, 372.9093322753906]","[11177878.40146851, 2566133.0753967077, 372.9093322753906]"
662,1103.8867845848606,1104.3376296069334,return_cruise,False,True,-6.020450200459436,"[11177878.40146851, 2566133.0753967077, 372.9093322753906]","[11177879.946689965, 2566126.4916236037, 372.9093322753906]"
663,1104.3376296069334,1104.7884746290063,return_cruise,False,True,-6.0130263190997795,"[11177879.946689965, 2566126.4916236037, 372.9093322753906]","[11177881.49191142, 2566119.9078504993, 372.9093322753906]"
664,1104.7884746290063,1105.8460358061122,return_cruise,False,True,-6.005596092238093,"[11177881.49191142, 2566119.9078504993, 372.9093322753906]","[11177885.116585406, 2566104.464089356, 372.9093322753906]"
665,1105.8460358061122,1106.903596983218,return_cruise,False,True,-5.988141816161587,"[11177885.116585406, 2566104.464089356, 372.9093322753906]","[11177888.741259389, 2566089.020328212, 372.9093322753906]"
666,1106.903596983218,1107.961158160297,return_cruise,False,True,-5.970652423885767,"[11177888.741259389, 2566089.020328212, 372.9093322753906]","[11177892.36593337, 2566073.5765670687, 372.9093322753906]"
667,1107.961158160297,1109.0187193373758,return_cruise,False,True,-5.953127773943066,"[11177892.36593337, 2566073.5765670687, 372.9093322753906]","[11177895.990607353, 2566058.132805925, 372.9093322753906]"
668,1109.0187193373758,1110.0762805144682,return_cruise,False,True,-5.935567724007029,"[11177895.990607353, 2566058.132805925, 372.9093322753906]","[11177899.615281336, 2566042.689044782, 372.9093322753906]"
669,1110.0762805144682,1111.1338416915605,return_cruise,False,True,-5.9179721308923945,"[11177899.615281336, 2566042.689044782, 372.9093322753906]","[11177903.23995532, 2566027.245283638, 372.9093322753906]"
670,1111.1338416915605,1111.6578315556455,return_cruise,False,True,-5.900340850540047,"[11177903.23995532, 2566027.245283638, 372.9093322753906]","[11177905.03587263, 2566019.5933629, 372.9093322753906]"
671,1111.6578315556455,1112.1818214197306,return_cruise,False,True,-5.8915918135544985,"[11177905.03587263, 2566019.5933629, 372.9093322753906]","[11177906.831789944, 2566011.9414421623, 372.9093322753906]"
672,1112.1818214197306,1112.7153927327379,return_cruise,False,True,-5.882833962414466,"[11177906.831789944, 2566011.9414421623, 372.9093322753906]","[11177908.660546614, 2566004.1496017566, 372.9093322753906]"
673,1112.7153927327379,1113.2489640457452,return_cruise,False,True,-5.873906893298255,"[11177908.660546614, 2566004.1496017566, 372.9093322753906]","[11177910.489303283, 2565996.357761351, 372.9093322753906]"
674,1113.2489640457452,1114.3065252228241,return_cruise,False,True,-5.864970647506624,"[11177910.489303283, 2565996.357761351, 372.9093322753906]","[11177914.113977265, 2565980.914000207, 372.9093322753906]"
675,1114.3065252228241,1115.364086399903,return_cruise,False,True,-5.847231432298145,"[11177914.113977265, 2565980.914000207, 372.9093322753906]","[11177917.73865125, 2565965.470239064, 372.9093322753906]"
676,1115.364086399903,1116.4216475769954,return_cruise,False,True,-5.829455944784726,"[11177917.73865125, 2565965.470239064, 372.9093322753906]","[11177921.36332523, 2565950.026477921, 372.9093322753906]"
677,1116.4216475769954,1117.4792087540877,return_cruise,False,True,-5.8116440364535435,"[11177921.36332523, 2565950.026477921, 372.9093322753906]","[11177924.987999214, 2565934.5827167765, 372.9093322753906]"
678,1117.4792087540877,1118.53676993118,return_cruise,False,True,-5.793795557876194,"[11177924.987999214, 2565934.5827167765, 372.9093322753906]","[11177928.612673197, 2565919.138955633, 372.9093322753906]"
679,1118.53676993118,1119.5943311082724,return_cruise,False,True,-5.77591035870806,"[11177928.612673197, 2565919.138955633, 372.9093322753906]","[11177932.237347178, 2565903.6951944893, 372.9093322753906]"
680,1119.5943311082724,1120.0355946810123,return_cruise,False,True,-5.757988287672703,"[11177932.237347178, 2565903.6951944893, 372.9093322753906]","[11177933.749729276, 2565897.2513410593, 372.9093322753906]"
681,1120.0355946810123,1120.4768582537522,return_cruise,False,True,-5.750499430260476,"[11177933.749729276, 2565897.2513410593, 372.9093322753906]","[11177935.262111373, 2565890.807487629, 372.9093322753906]"
682,1120.4768582537522,1121.0931558580912,return_cruise,False,True,-5.743004116063943,"[11177935.262111373, 2565890.807487629, 372.9093322753906]","[11177937.37440326, 2565881.807579916, 372.9093322753906]"
683,1121.0931558580912,1121.7094534624302,return_cruise,False,True,-5.73252484175454,"[11177937.37440326, 2565881.807579916, 372.9093322753906]","[11177939.486695144, 2565872.807672203, 372.9093322753906]"
684,1121.7094534624302,1122.7670146395362,return_cruise,False,True,-5.722032920212158,"[11177939.486695144, 2565872.807672203, 372.9093322753906]","[11177943.111369127, 2565857.3639110588, 372.9093322753906]"
685,1122.7670146395362,1123.8245758166422,return_cruise,False,True,-5.703999316524019,"[11177943.111369127, 2565857.3639110588, 372.9093322753906]","[11177946.73604311, 2565841.9201499154, 372.9093322753906]"
686,1123.8245758166422,1124.8821369937211,return_cruise,False,True,-5.685928226431315,"[11177946.73604311, 2565841.9201499154, 372.9093322753906]","[11177950.360717092, 2565826.4763887716, 372.9093322753906]"
687,1124.8821369937211,1125.9396981708,return_cruise,False,True,-5.667819493899913,"[11177950.360717092, 2565826.4763887716, 372.9093322753906]","[11177953.985391075, 2565811.0326276287, 372.9093322753906]"
688,1125.9396981708,1126.997259347879,return_cruise,False,True,-5.649672961921951,"[11177953.985391075, 2565811.0326276287, 372.9093322753906]","[11177957.610065056, 2565795.588866485, 372.9093322753906]"
689,1126.997259347879,1128.054820524958,return_cruise,False,True,-5.631488472504387,"[11177957.610065056, 2565795.588866485, 372.9093322753906]","[11177961.234739041, 2565780.1451053414, 372.9093322753906]"
690,1128.054820524958,1128.4133578063659,return_cruise,False,True,-5.613265866663639,"[11177961.234739041, 2565780.1451053414, 372.9093322753906]","[11177962.463585922, 2565774.9093192182, 372.9093322753906]"
691,1128.4133578063659,1128.7718950877738,return_cruise,False,True,-5.6070793090824935,"[11177962.463585922, 2565774.9093192182, 372.9093322753906]","[11177963.692432804, 2565769.6735330955, 372.9093322753906]"
692,1128.7718950877738,1129.4709189834716,return_cruise,False,True,-5.600888345897346,"[11177963.692432804, 2565769.6735330955, 372.9093322753906]","[11177966.088259904, 2565759.465558075, 372.9093322753906]"
693,1129.4709189834716,1130.1699428791696,return_cruise,False,True,-5.588805413773045,"[11177966.088259904, 2565759.465558075, 372.9093322753906]","[11177968.484087007, 2565749.257583054, 372.9093322753906]"
694,1130.1699428791696,1131.2275040562486,return_cruise,False,True,-5.576705664770515,"[11177968.484087007, 2565749.257583054, 372.9093322753906]","[11177972.108760988, 2565733.813821911, 372.9093322753906]"
695,1131.2275040562486,1132.2850652333275,return_cruise,False,True,-5.558367745718442,"[11177972.108760988, 2565733.813821911, 372.9093322753906]","[11177975.73343497, 2565718.370060767, 372.9093322753906]"
696,1132.2850652333275,1133.3426264104198,return_cruise,False,True,-5.539991064222988,"[11177975.73343497, 2565718.370060767, 372.9093322753906]","[11177979.358108953, 2565702.926299623, 372.9093322753906]"
697,1133.3426264104198,1134.4001875875122,return_cruise,False,True,-5.521575456215942,"[11177979.358108953, 2565702.926299623, 372.9093322753906]","[11177982.982782936, 2565687.4825384803, 372.9093322753906]"
698,1134.4001875875122,1135.4577487646045,return_cruise,False,True,-5.503120756587137,"[11177982.982782936, 2565687.4825384803, 372.9093322753906]","[11177986.607456919, 2565672.0387773365, 372.9093322753906]"
699,1135.4577487646045,1136.5153099416968,return_cruise,False,True,-5.484626799171011,"[11177986.607456919, 2565672.0387773365, 372.9093322753906]","[11177990.232130902, 2565656.595016193, 372.9093322753906]"
700,1136.5153099416968,1136.7911209321703,return_cruise,False,True,-5.466093416744968,"[11177990.232130902, 2565656.595016193, 372.9093322753906]","[11177991.17744257, 2565652.5672973716, 372.9093322753906]"
701,1136.7911209321703,1137.0669319226438,return_cruise,False,True,-5.461253424912115,"[11177991.17744257, 2565652.5672973716, 372.9093322753906]","[11177992.122754239, 2565648.53957855, 372.9093322753906]"
702,1137.0669319226438,1137.8486821092492,return_cruise,False,True,-5.456410737102459,"[11177992.122754239, 2565648.53957855, 372.9093322753906]","[11177994.802116552, 2565637.123536228, 372.9093322753906]"
703,1137.8486821092492,1138.6304322958547,return_cruise,False,True,-5.442670095481702,"[11177994.802116552, 2565637.123536228, 372.9093322753906]","[11177997.481478866, 2565625.707493906, 372.9093322753906]"
704,1138.6304322958547,1139.6879934729607,return_cruise,False,True,-5.42890770260675,"[11177997.481478866, 2565625.707493906, 372.9093322753906]","[11178001.10615285, 2565610.263732762, 372.9093322753906]"
705,1139.6879934729607,1140.7455546500667,return_cruise,False,True,-5.410255031060288,"[11178001.10615285, 2565610.263732762, 372.9093322753906]","[11178004.730826832, 2565594.8199716182, 372.9093322753906]"
706,1140.7455546500667,1141.8031158271456,return_cruise,False,True,-5.39156225481716,"[11178004.730826832, 2565594.8199716182, 372.9093322753906]","[11178008.355500814, 2565579.3762104753, 372.9093322753906]"
707,1141.8031158271456,1142.8606770042245,return_cruise,False,True,-5.372829201213648,"[11178008.355500814, 2565579.3762104753, 372.9093322753906]","[11178011.980174797, 2565563.9324493315, 372.9093322753906]"
708,1142.8606770042245,1143.9182381813034,return_cruise,False,True,-5.3540556964648545,"[11178011.980174797, 2565563.9324493315, 372.9093322753906]","[11178015.60484878, 2565548.488688188, 372.9093322753906]"
709,1143.9182381813034,1144.9757993583823,return_cruise,False,True,-5.335241565665072,"[11178015.60484878, 2565548.488688188, 372.9093322753906]","[11178019.229522761, 2565533.044927045, 372.9093322753906]"
710,1144.9757993583823,1145.168884057524,return_cruise,False,True,-5.316386632770673,"[11178019.229522761, 2565533.044927045, 372.9093322753906]","[11178019.891299216, 2565530.2252755314, 372.9093322753906]"
711,1145.168884057524,1145.3619687566659,return_cruise,False,True,-5.312939766395004,"[11178019.891299216, 2565530.2252755314, 372.9093322753906]","[11178020.553075671, 2565527.405624017, 372.9093322753906]"
712,1145.3619687566659,1146.22644523463,return_cruise,False,True,-5.309491532943895,"[11178020.553075671, 2565527.405624017, 372.9093322753906]","[11178023.515973197, 2565514.781514387, 372.9093322753906]"
713,1146.22644523463,1147.0909217125943,return_cruise,False,True,-5.294036353185206,"[11178023.515973197, 2565514.781514387, 372.9093322753906]","[11178026.478870727, 2565502.1574047576, 372.9093322753906]"
714,1147.0909217125943,1148.1484828896732,return_cruise,False,True,-5.2785536507823565,"[11178026.478870727, 2565502.1574047576, 372.9093322753906]","[11178030.10354471, 2565486.7136436137, 372.9093322753906]"
715,1148.1484828896732,1149.2060440667522,return_cruise,False,True,-5.259575243833552,"[11178030.10354471, 2565486.7136436137, 372.9093322753906]","[11178033.728218693, 2565471.2698824704, 372.9093322753906]"
716,1149.2060440667522,1150.2636052438445,return_cruise,False,True,-5.240555319059226,"[11178033.728218693, 2565471.2698824704, 372.9093322753906]","[11178037.352892675, 2565455.8261213265, 372.9093322753906]"
717,1150.2636052438445,1151.3211664209368,return_cruise,False,True,-5.221493694586314,"[11178037.352892675, 2565455.8261213265, 372.9093322753906]","[11178040.977566658, 2565440.382360183, 372.9093322753906]"
718,1151.3211664209368,1152.3787275980292,return_cruise,False,True,-5.202390187345927,"[11178040.977566658, 2565440.382360183, 372.9093322753906]","[11178044.602240639, 2565424.9385990393, 372.9093322753906]"
719,1152.3787275980292,1153.4362887751215,return_cruise,False,True,-5.183244613062016,"[11178044.602240639, 2565424.9385990393, 372.9093322753906]","[11178048.226914624, 2565409.494837896, 372.9093322753906]"
720,1153.4362887751215,1153.5466471829043,return_cruise,False,True,-5.164056786240508,"[11178048.226914624, 2565409.494837896, 372.9093322753906]","[11178048.605155863, 2565407.88325369, 372.9093322753906]"
721,1153.5466471829043,1153.657005590687,return_cruise,False,True,-5.162052059907936,"[11178048.605155863, 2565407.88325369, 372.9093322753906]","[11178048.9833971, 2565406.2716694837, 372.9093322753906]"
722,1153.657005590687,1154.604208359983,return_cruise,False,True,-5.160046871230321,"[11178048.9833971, 2565406.2716694837, 372.9093322753906]","[11178052.229829844, 2565392.4394925465, 372.9093322753906]"
723,1154.604208359983,1155.551411129279,return_cruise,False,True,-5.142817354406446,"[11178052.229829844, 2565392.4394925465, 372.9093322753906]","[11178055.476262588, 2565378.607315609, 372.9093322753906]"
724,1155.551411129279,1156.6089723063712,return_cruise,False,True,-5.125553626860508,"[11178055.476262588, 2565378.607315609, 372.9093322753906]","[11178059.100936571, 2565363.163554466, 372.9093322753906]"
725,1156.6089723063712,1157.6665334834636,return_cruise,False,True,-5.106237917128283,"[11178059.100936571, 2565363.163554466, 372.9093322753906]","[11178062.725610552, 2565347.719793322, 372.9093322753906]"
726,1157.6665334834636,1158.724094660556,return_cruise,False,True,-5.0868792004914525,"[11178062.725610552, 2565347.719793322, 372.9093322753906]","[11178066.350284535, 2565332.276032178, 372.9093322753906]"
727,1158.724094660556,1159.7816558376483,return_cruise,False,True,-5.06747728520422,"[11178066.350284535, 2565332.276032178, 372.9093322753906]","[11178069.974958519, 2565316.832271035, 372.9093322753906]"
728,1159.7816558376483,1160.8392170147272,return_cruise,False,True,-5.048031978238441,"[11178069.974958519, 2565316.832271035, 372.9093322753906]","[11178073.599632503, 2565301.3885098915, 372.9093322753906]"
729,1160.8392170147272,1161.896778191806,return_cruise,False,True,-5.028543085268495,"[11178073.599632503, 2565301.3885098915, 372.9093322753906]","[11178077.224306483, 2565285.944748748, 372.9093322753906]"
730,1161.896778191806,1161.9244103086814,return_cruise,False,True,-5.009010410664885,"[11178077.224306483, 2565285.944748748, 372.9093322753906]","[11178077.31901251, 2565285.541231843, 372.9093322753906]"
731,1161.9244103086814,1161.9520424255568,return_cruise,False,True,-5.008499469324704,"[11178077.31901251, 2565285.541231843, 372.9093322753906]","[11178077.413718533, 2565285.1377149383, 372.9093322753906]"
732,1161.9520424255568,1162.9819714857872,return_cruise,False,True,-5.00798849795882,"[11178077.413718533, 2565285.1377149383, 372.9093322753906]","[11178080.943686493, 2565270.0974706993, 372.9093322753906]"
733,1162.9819714857872,1164.0119005460176,return_cruise,False,True,-4.9889216644027385,"[11178080.943686493, 2565270.0974706993, 372.9093322753906]","[11178084.473654449, 2565255.0572264604, 372.9093322753906]"
734,1164.0119005460176,1165.0694617230965,return_cruise,False,True,-4.969812927417209,"[11178084.473654449, 2565255.0572264604, 372.9093322753906]","[11178088.098328432, 2565239.613465317, 372.9093322753906]"
735,1165.0694617230965,1166.1270229001755,return_cruise,False,True,-4.9501477208710725,"[11178088.098328432, 2565239.613465317, 372.9093322753906]","[11178091.723002417, 2565224.1697041737, 372.9093322753906]"
736,1166.1270229001755,1167.1845840772544,return_cruise,False,True,-4.930437936856578,"[11178091.723002417, 2565224.1697041737, 372.9093322753906]","[11178095.347676398, 2565208.7259430303, 372.9093322753906]"
737,1167.1845840772544,1168.2421452543333,return_cruise,False,True,-4.910683373030224,"[11178095.347676398, 2565208.7259430303, 372.9093322753906]","[11178098.972350378, 2565193.2821818865, 372.9093322753906]"
738,1168.2421452543333,1169.2446122569556,return_cruise,False,True,-4.890883825666435,"[11178098.972350378, 2565193.2821818865, 372.9093322753906]","[11178102.408195172, 2565178.642971146, 372.9093322753906]"
739,1169.2446122569556,1170.247079259578,return_cruise,False,True,-4.872074030069371,"[11178102.408195172, 2565178.642971146, 372.9093322753906]","[11178105.844039964, 2565164.003760405, 372.9093322753906]"
740,1170.247079259578,1170.3021734340614,return_cruise,False,True,-4.8532234555750335,"[11178105.844039964, 2565164.003760405, 372.9093322753906]","[11178106.032869155, 2565163.1992100016, 372.9093322753906]"
741,1170.3021734340614,1170.3572676085448,return_cruise,False,True,-4.852186268881169,"[11178106.032869155, 2565163.1992100016, 372.9093322753906]","[11178106.221698346, 2565162.3946595993, 372.9093322753906]"
742,1170.3572676085448,1171.4148287856237,return_cruise,False,True,-4.851148958454118,"[11178106.221698346, 2565162.3946595993, 372.9093322753906]","[11178109.846372329, 2565146.950898456, 372.9093322753906]"
743,1171.4148287856237,1172.4723899627027,return_cruise,False,True,-4.831213224147547,"[11178109.846372329, 2565146.950898456, 372.9093322753906]","[11178113.47104631, 2565131.5071373126, 372.9093322753906]"
744,1172.4723899627027,1173.529951139795,return_cruise,False,True,-4.81123167735899,"[11178113.47104631, 2565131.5071373126, 372.9093322753906]","[11178117.095720295, 2565116.0633761687, 372.9093322753906]"
745,1173.529951139795,1174.5875123168873,return_cruise,False,True,-4.7912041072736145,"[11178117.095720295, 2565116.0633761687, 372.9093322753906]","[11178120.720394274, 2565100.6196150254, 372.9093322753906]"
746,1174.5875123168873,1175.6450734939797,return_cruise,False,True,-4.771130301625718,"[11178120.720394274, 2565100.6196150254, 372.9093322753906]","[11178124.345068257, 2565085.175853882, 372.9093322753906]"
747,1175.6450734939797,1176.702634671072,return_cruise,False,True,-4.75101004667215,"[11178124.345068257, 2565085.175853882, 372.9093322753906]","[11178127.969742242, 2565069.732092738, 372.9093322753906]"
748,1176.702634671072,1177.6223753823356,return_cruise,False,True,-4.730843127189047,"[11178127.969742242, 2565069.732092738, 372.9093322753906]","[11178131.122051816, 2565056.300949305, 372.9093322753906]"
749,1177.6223753823356,1178.5421160935991,return_cruise,False,True,-4.713266235997693,"[11178131.122051816, 2565056.300949305, 372.9093322753906]","[11178134.274361394, 2565042.869805872, 372.9093322753906]"
750,1178.5421160935991,1178.6799365594145,return_cruise,False,True,-4.69565374295604,"[11178134.274361394, 2565042.869805872, 372.9093322753906]","[11178134.7467258, 2565040.8571881615, 372.9093322753906]"
751,1178.6799365594145,1178.8177570252299,return_cruise,False,True,-4.693011486167649,"[11178134.7467258, 2565040.8571881615, 372.9093322753906]","[11178135.219090207, 2565038.844570451, 372.9093322753906]"
752,1178.8177570252299,1179.8753182023358,return_cruise,False,True,-4.690368426242287,"[11178135.219090207, 2565038.844570451, 372.9093322753906]","[11178138.84376419, 2565023.4008093076, 372.9093322753906]"
753,1179.8753182023358,1180.9328793794418,return_cruise,False,True,-4.670060206785678,"[11178138.84376419, 2565023.4008093076, 372.9093322753906]","[11178142.46843817, 2565007.9570481637, 372.9093322753906]"
754,1180.9328793794418,1181.9904405565208,return_cruise,False,True,-4.64970444678859,"[11178142.46843817, 2565007.9570481637, 372.9093322753906]","[11178146.093112154, 2564992.5132870204, 372.9093322753906]"
755,1181.9904405565208,1183.0480017335997,return_cruise,False,True,-4.6293009233981195,"[11178146.093112154, 2564992.5132870204, 372.9093322753906]","[11178149.717786137, 2564977.069525877, 372.9093322753906]"
756,1183.0480017335997,1184.1055629106786,return_cruise,False,True,-4.608849412192328,"[11178149.717786137, 2564977.069525877, 372.9093322753906]","[11178153.34246012, 2564961.625764733, 372.9093322753906]"
757,1184.1055629106786,1185.1631240877575,return_cruise,False,True,-4.58834968716512,"[11178153.34246012, 2564961.625764733, 372.9093322753906]","[11178156.967134101, 2564946.1820035903, 372.9093322753906]"
758,1185.1631240877575,1186.0001385081137,return_cruise,False,True,-4.567801520714738,"[11178156.967134101, 2564946.1820035903, 372.9093322753906]","[11178159.835908465, 2564933.958927458, 372.9093322753906]"
759,1186.0001385081137,1186.8371529284698,return_cruise,False,True,-4.551504033421423,"[11178159.835908465, 2564933.958927458, 372.9093322753906]","[11178162.704682829, 2564921.735851326, 372.9093322753906]"
760,1186.8371529284698,1187.0576996852196,return_cruise,False,True,-4.535175944286976,"[11178162.704682829, 2564921.735851326, 372.9093322753906]","[11178163.460582448, 2564918.515166315, 372.9093322753906]"
761,1187.0576996852196,1187.2782464419695,return_cruise,False,True,-4.530868512022693,"[11178163.460582448, 2564918.515166315, 372.9093322753906]","[11178164.216482067, 2564915.2944813026, 372.9093322753906]"
762,1187.2782464419695,1188.3358076190484,return_cruise,False,True,-4.526558945036044,"[11178164.216482067, 2564915.2944813026, 372.9093322753906]","[11178167.841156049, 2564899.8507201592, 372.9093322753906]"
763,1188.3358076190484,1189.3933687961273,return_cruise,False,True,-4.50586407247296,"[11178167.841156049, 2564899.8507201592, 372.9093322753906]","[11178171.465830032, 2564884.4069590154, 372.9093322753906]"
764,1189.3933687961273,1190.4509299732197,return_cruise,False,True,-4.485119831777467,"[11178171.465830032, 2564884.4069590154, 372.9093322753906]","[11178175.090504015, 2564868.963197872, 372.9093322753906]"
765,1190.4509299732197,1191.508491150312,return_cruise,False,True,-4.464325987124454,"[11178175.090504015, 2564868.963197872, 372.9093322753906]","[11178178.715177998, 2564853.519436728, 372.9093322753906]"
766,1191.508491150312,1192.5660523274043,return_cruise,False,True,-4.443482300994049,"[11178178.715177998, 2564853.519436728, 372.9093322753906]","[11178182.33985198, 2564838.0756755853, 372.9093322753906]"
767,1192.5660523274043,1193.6236135044967,return_cruise,False,True,-4.422588534161889,"[11178182.33985198, 2564838.0756755853, 372.9093322753906]","[11178185.964525964, 2564822.631914441, 372.9093322753906]"
768,1193.6236135044967,1194.377901633494,return_cruise,False,True,-4.401644445672105,"[11178185.964525964, 2564822.631914441, 372.9093322753906]","[11178188.549765112, 2564811.616905617, 372.9093322753906]"
769,1194.377901633494,1195.1321897624912,return_cruise,False,True,-4.386675539818512,"[11178188.549765112, 2564811.616905617, 372.9093322753906]","[11178191.13500426, 2564800.601896793, 372.9093322753906]"
770,1195.1321897624912,1195.4354628105727,return_cruise,False,True,-4.371680823211136,"[11178191.13500426, 2564800.601896793, 372.9093322753906]","[11178192.174439095, 2564796.1731444737, 372.9093322753906]"
771,1195.4354628105727,1195.7387358586543,return_cruise,False,True,-4.365644673546427,"[11178192.174439095, 2564796.1731444737, 372.9093322753906]","[11178193.213873927, 2564791.7443921547, 372.9093322753906]"
772,1195.7387358586543,1196.7962970357466,return_cruise,False,True,-4.359604331207137,"[11178193.213873927, 2564791.7443921547, 372.9093322753906]","[11178196.838547911, 2564776.300631011, 372.9093322753906]"
773,1196.7962970357466,1197.853858212839,return_cruise,False,True,-4.338507814552386,"[11178196.838547911, 2564776.300631011, 372.9093322753906]","[11178200.463221895, 2564760.8568698675, 372.9093322753906]"
774,1197.853858212839,1198.9114193899313,return_cruise,False,True,-4.317359994860141,"[11178200.463221895, 2564760.8568698675, 372.9093322753906]","[11178204.087895876, 2564745.4131087232, 372.9093322753906]"
775,1198.9114193899313,1199.9689805670237,return_cruise,False,True,-4.2961606223022955,"[11178204.087895876, 2564745.4131087232, 372.9093322753906]","[11178207.712569859, 2564729.96934758, 372.9093322753906]"
776,1199.9689805670237,1201.0265417441026,return_cruise,False,True,-4.274909445226712,"[11178207.712569859, 2564729.96934758, 372.9093322753906]","[11178211.33724384, 2564714.525586437, 372.9093322753906]"
777,1201.0265417441026,1202.0841029211815,return_cruise,False,True,-4.2536062101357,"[11178211.33724384, 2564714.525586437, 372.9093322753906]","[11178214.961917823, 2564699.081825293, 372.9093322753906]"
778,1202.0841029211815,1202.755664758847,return_cruise,False,True,-4.232250661665034,"[11178214.961917823, 2564699.081825293, 372.9093322753906]","[11178217.263621757, 2564689.2748837764, 372.9093322753906]"
779,1202.755664758847,1203.4272265965124,return_cruise,False,True,-4.218662402223089,"[11178217.263621757, 2564689.2748837764, 372.9093322753906]","[11178219.56532569, 2564679.4679422597, 372.9093322753906]"
780,1203.4272265965124,1203.8132259359527,return_cruise,False,True,-4.205052878102165,"[11178219.56532569, 2564679.4679422597, 372.9093322753906]","[11178220.88829574, 2564673.8311226326, 372.9093322753906]"
781,1203.8132259359527,1204.199225275393,return_cruise,False,True,-4.197220765860621,"[11178220.88829574, 2564673.8311226326, 372.9093322753906]","[11178222.21126579, 2564668.1943030055, 372.9093322753906]"
782,1204.199225275393,1205.256786452472,return_cruise,False,True,-4.18938159372054,"[11178222.21126579, 2564668.1943030055, 372.9093322753906]","[11178225.83593977, 2564652.750541862, 372.9093322753906]"
783,1205.256786452472,1206.3143476295509,return_cruise,False,True,-4.167867554045074,"[11178225.83593977, 2564652.750541862, 372.9093322753906]","[11178229.460613756, 2564637.306780719, 372.9093322753906]"
784,1206.3143476295509,1207.3719088066298,return_cruise,False,True,-4.146300160547838,"[11178229.460613756, 2564637.306780719, 372.9093322753906]","[11178233.085287737, 2564621.8630195754, 372.9093322753906]"
785,1207.3719088066298,1208.4294699837087,return_cruise,False,True,-4.124679148274652,"[11178233.085287737, 2564621.8630195754, 372.9093322753906]","[11178236.70996172, 2564606.419258432, 372.9093322753906]"
786,1208.4294699837087,1209.4870311608147,return_cruise,False,True,-4.103004250294859,"[11178236.70996172, 2564606.419258432, 372.9093322753906]","[11178240.334635703, 2564590.975497288, 372.9093322753906]"
787,1209.4870311608147,1210.5445923379207,return_cruise,False,True,-4.081275197681393,"[11178240.334635703, 2564590.975497288, 372.9093322753906]","[11178243.959309684, 2564575.5317361443, 372.9093322753906]"
788,1210.5445923379207,1211.1334278846516,return_cruise,False,True,-4.05949171949338,"[11178243.959309684, 2564575.5317361443, 372.9093322753906]","[11178245.977478404, 2564566.9328619298, 372.9093322753906]"
789,1211.1334278846516,1211.7222634313825,return_cruise,False,True,-4.04733928913646,"[11178245.977478404, 2564566.9328619298, 372.9093322753906]","[11178247.995647123, 2564558.3339877143, 372.9093322753906]"
790,1211.7222634313825,1212.1909890617303,return_cruise,False,True,-4.035169854269995,"[11178247.995647123, 2564558.3339877143, 372.9093322753906]","[11178249.602152389, 2564551.4891007864, 372.9093322753906]"
791,1212.1909890617303,1212.6597146920783,return_cruise,False,True,-4.025470537924491,"[11178249.602152389, 2564551.4891007864, 372.9093322753906]","[11178251.208657648, 2564544.6442138576, 372.9093322753906]"
792,1212.6597146920783,1213.7172758691706,return_cruise,False,True,-4.01576039242488,"[11178251.208657648, 2564544.6442138576, 372.9093322753906]","[11178254.833331633, 2564529.200452714, 372.9093322753906]"
793,1213.7172758691706,1214.774837046263,return_cruise,False,True,-3.99381199139809,"[11178254.833331633, 2564529.200452714, 372.9093322753906]","[11178258.458005616, 2564513.7566915704, 372.9093322753906]"
794,1214.774837046263,1215.8323982233553,return_cruise,False,True,-3.971808060464312,"[11178258.458005616, 2564513.7566915704, 372.9093322753906]","[11178262.082679598, 2564498.312930427, 372.9093322753906]"
795,1215.8323982233553,1216.8899594004477,return_cruise,False,True,-3.9497483182969404,"[11178262.082679598, 2564498.312930427, 372.9093322753906]","[11178265.70735358, 2564482.869169283, 372.9093322753906]"
796,1216.8899594004477,1217.9475205775266,return_cruise,False,True,-3.9276324814251495,"[11178265.70735358, 2564482.869169283, 372.9093322753906]","[11178269.332027562, 2564467.42540814, 372.9093322753906]"
797,1217.9475205775266,1219.0050817546055,return_cruise,False,True,-3.905460264220764,"[11178269.332027562, 2564467.42540814, 372.9093322753906]","[11178272.956701545, 2564451.9816469965, 372.9093322753906]"
798,1219.0050817546055,1219.5111910100047,return_cruise,False,True,-3.883231378867066,"[11178272.956701545, 2564451.9816469965, 372.9093322753906]","[11178274.691335049, 2564444.5908400887, 372.9093322753906]"
799,1219.5111910100047,1220.017300265404,return_cruise,False,True,-3.8725733316420445,"[11178274.691335049, 2564444.5908400887, 372.9093322753906]","[11178276.425968554, 2564437.200033181, 372.9093322753906]"
800,1220.017300265404,1220.5687521871107,return_cruise,False,True,-3.8619022077975274,"[11178276.425968554, 2564437.200033181, 372.9093322753906]","[11178278.316009032, 2564429.147078945, 372.9093322753906]"
801,1220.5687521871107,1221.1202041088175,return_cruise,False,True,-3.8502601268079104,"[11178278.316009032, 2564429.147078945, 372.9093322753906]","[11178280.206049511, 2564421.094124709, 372.9093322753906]"
802,1221.1202041088175,1222.1777652858964,return_cruise,False,True,-3.838602441397356,"[11178280.206049511, 2564421.094124709, 372.9093322753906]","[11178283.830723494, 2564405.6503635654, 372.9093322753906]"
803,1222.1777652858964,1223.2353264629753,return_cruise,False,True,-3.816201802529406,"[11178283.830723494, 2564405.6503635654, 372.9093322753906]","[11178287.455397476, 2564390.206602422, 372.9093322753906]"
804,1223.2353264629753,1224.2928876400542,return_cruise,False,True,-3.7937433219609034,"[11178287.455397476, 2564390.206602422, 372.9093322753906]","[11178291.080071459, 2564374.7628412787, 372.9093322753906]"
805,1224.2928876400542,1225.3504488171332,return_cruise,False,True,-3.771226700614207,"[11178291.080071459, 2564374.7628412787, 372.9093322753906]","[11178294.704745442, 2564359.3190801353, 372.9093322753906]"
806,1225.3504488171332,1226.4080099942391,return_cruise,False,True,-3.7486516370910863,"[11178294.704745442, 2564359.3190801353, 372.9093322753906]","[11178298.329419423, 2564343.8753189915, 372.9093322753906]"
807,1226.4080099942391,1227.4655711713451,return_cruise,False,True,-3.726017827646146,"[11178298.329419423, 2564343.8753189915, 372.9093322753906]","[11178301.954093408, 2564328.4315578477, 372.9093322753906]"
808,1227.4655711713451,1227.8889541353853,return_cruise,False,True,-3.7033249661620147,"[11178301.954093408, 2564328.4315578477, 372.9093322753906]","[11178303.405191695, 2564322.2488182476, 372.9093322753906]"
809,1227.8889541353853,1228.3123370994256,return_cruise,False,True,-3.6942235074184566,"[11178303.405191695, 2564322.2488182476, 372.9093322753906]","[11178304.856289985, 2564316.066078648, 372.9093322753906]"
810,1228.3123370994256,1228.946515312464,return_cruise,False,True,-3.6851125150062103,"[11178304.856289985, 2564316.066078648, 372.9093322753906]","[11178307.029865677, 2564306.8050571047, 372.9093322753906]"
811,1228.946515312464,1229.5806935255025,return_cruise,False,True,-3.6714474340255947,"[11178307.029865677, 2564306.8050571047, 372.9093322753906]","[11178309.203441372, 2564297.544035561, 372.9093322753906]"
812,1229.5806935255025,1230.6382547025948,return_cruise,False,True,-3.6577608506152046,"[11178309.203441372, 2564297.544035561, 372.9093322753906]","[11178312.828115355, 2564282.100274417, 372.9093322753906]"
813,1230.6382547025948,1231.6958158796872,return_cruise,False,True,-3.634888972239253,"[11178312.828115355, 2564282.100274417, 372.9093322753906]","[11178316.452789338, 2564266.6565132737, 372.9093322753906]"
814,1231.6958158796872,1232.7533770567795,return_cruise,False,True,-3.611956793153496,"[11178316.452789338, 2564266.6565132737, 372.9093322753906]","[11178320.07746332, 2564251.2127521303, 372.9093322753906]"
815,1232.7533770567795,1233.8109382338719,return_cruise,False,True,-3.588963995010232,"[11178320.07746332, 2564251.2127521303, 372.9093322753906]","[11178323.702137303, 2564235.7689909865, 372.9093322753906]"
816,1233.8109382338719,1234.8684994109508,return_cruise,False,True,-3.565910256935865,"[11178323.702137303, 2564235.7689909865, 372.9093322753906]","[11178327.326811284, 2564220.325229843, 372.9093322753906]"
817,1234.8684994109508,1235.9260605880297,return_cruise,False,True,-3.542795255510569,"[11178327.326811284, 2564220.325229843, 372.9093322753906]","[11178330.951485267, 2564204.8814687, 372.9093322753906]"
818,1235.9260605880297,1236.2667172611625,return_cruise,False,True,-3.5196186647322065,"[11178330.951485267, 2564204.8814687, 372.9093322753906]","[11178332.119048344, 2564199.906796401, 372.9093322753906]"
819,1236.2667172611625,1236.6073739342953,return_cruise,False,True,-3.512139960693844,"[11178332.119048344, 2564199.906796401, 372.9093322753906]","[11178333.286611417, 2564194.932124102, 372.9093322753906]"
820,1236.6073739342953,1237.3242784382549,return_cruise,False,True,-3.504654821135091,"[11178333.286611417, 2564194.932124102, 372.9093322753906]","[11178335.743722325, 2564184.4630352575, 372.9093322753906]"
821,1237.3242784382549,1238.0411829422144,return_cruise,False,True,-3.48888143682899,"[11178335.743722325, 2564184.4630352575, 372.9093322753906]","[11178338.200833233, 2564173.9939464126, 372.9093322753906]"
822,1238.0411829422144,1239.0987441193067,return_cruise,False,True,-3.473079398062481,"[11178338.200833233, 2564173.9939464126, 372.9093322753906]","[11178341.825507214, 2564158.550185269, 372.9093322753906]"
823,1239.0987441193067,1240.156305296399,return_cruise,False,True,-3.4497160570342373,"[11178341.825507214, 2564158.550185269, 372.9093322753906]","[11178345.4501812, 2564143.1064241254, 372.9093322753906]"
824,1240.156305296399,1241.213866473478,return_cruise,False,True,-3.426289796318514,"[11178345.4501812, 2564143.1064241254, 372.9093322753906]","[11178349.07485518, 2564127.662662982, 372.9093322753906]"
825,1241.213866473478,1242.271427650557,return_cruise,False,True,-3.402800276611046,"[11178349.07485518, 2564127.662662982, 372.9093322753906]","[11178352.699529164, 2564112.2189018386, 372.9093322753906]"
826,1242.271427650557,1243.328988827663,return_cruise,False,True,-3.3792471558532213,"[11178352.699529164, 2564112.2189018386, 372.9093322753906]","[11178356.324203145, 2564096.775140695, 372.9093322753906]"
827,1243.328988827663,1244.3865500047689,return_cruise,False,True,-3.3556300892118998,"[11178356.324203145, 2564096.775140695, 372.9093322753906]","[11178359.94887713, 2564081.331379551, 372.9093322753906]"
828,1244.3865500047689,1244.644480386543,return_cruise,False,True,-3.331948729044285,"[11178359.94887713, 2564081.331379551, 372.9093322753906]","[11178360.832904989, 2564077.56477456, 372.9093322753906]"
829,1244.644480386543,1244.902410768317,return_cruise,False,True,-3.326163249891607,"[11178360.832904989, 2564077.56477456, 372.9093322753906]","[11178361.71693285, 2564073.798169569, 372.9093322753906]"
830,1244.902410768317,1245.7020415636218,return_cruise,False,True,-3.320373920412578,"[11178361.71693285, 2564073.798169569, 372.9093322753906]","[11178364.457578972, 2564062.1210134164, 372.9093322753906]"
831,1245.7020415636218,1246.5016723589267,return_cruise,False,True,-3.3024014260966794,"[11178364.457578972, 2564062.1210134164, 372.9093322753906]","[11178367.198225094, 2564050.4438572642, 372.9093322753906]"
832,1246.5016723589267,1247.5592335360056,return_cruise,False,True,-3.2843917233486906,"[11178367.198225094, 2564050.4438572642, 372.9093322753906]","[11178370.822899077, 2564035.000096121, 372.9093322753906]"
833,1247.5592335360056,1248.6167947130846,return_cruise,False,True,-3.26051536821997,"[11178370.822899077, 2564035.000096121, 372.9093322753906]","[11178374.447573058, 2564019.556334977, 372.9093322753906]"
834,1248.6167947130846,1249.6743558901906,return_cruise,False,True,-3.23657330030548,"[11178374.447573058, 2564019.556334977, 372.9093322753906]","[11178378.072247041, 2564004.1125738337, 372.9093322753906]"
835,1249.6743558901906,1250.7319170672965,return_cruise,False,True,-3.2125651574586698,"[11178378.072247041, 2564004.1125738337, 372.9093322753906]","[11178381.696921024, 2563988.66881269, 372.9093322753906]"
836,1250.7319170672965,1251.7894782443755,return_cruise,False,True,-3.188490574534825,"[11178381.696921024, 2563988.66881269, 372.9093322753906]","[11178385.321595008, 2563973.2250515465, 372.9093322753906]"
837,1251.7894782443755,1252.8470394214544,return_cruise,False,True,-3.164349183360997,"[11178385.321595008, 2563973.2250515465, 372.9093322753906]","[11178388.94626899, 2563957.7812904026, 372.9093322753906]"
838,1252.8470394214544,1253.0222435121088,return_cruise,False,True,-3.140140612697536,"[11178388.94626899, 2563957.7812904026, 372.9093322753906]","[11178389.546761636, 2563955.2227527164, 372.9093322753906]"
839,1253.0222435121088,1253.1974476027633,return_cruise,False,True,-3.136123513475326,"[11178389.546761636, 2563955.2227527164, 372.9093322753906]","[11178390.14725428, 2563952.6642150297, 372.9093322753906]"
840,1253.1974476027633,1254.0798046892012,return_cruise,False,True,-3.132104558473486,"[11178390.14725428, 2563952.6642150297, 372.9093322753906]","[11178393.171435617, 2563939.778991573, 372.9093322753906]"
841,1254.0798046892012,1254.962161775639,return_cruise,False,True,-3.111836161115349,"[11178393.171435617, 2563939.778991573, 372.9093322753906]","[11178396.195616955, 2563926.893768116, 372.9093322753906]"
842,1254.962161775639,1256.0197229527314,return_cruise,False,True,-3.0915204324282115,"[11178396.195616955, 2563926.893768116, 372.9093322753906]","[11178399.820290938, 2563911.450006972, 372.9093322753906]"
843,1256.0197229527314,1257.0772841298237,return_cruise,False,True,-3.0671080647152564,"[11178399.820290938, 2563911.450006972, 372.9093322753906]","[11178403.444964921, 2563896.0062458287, 372.9093322753906]"
844,1257.0772841298237,1258.1348453069027,return_cruise,False,True,-3.042627001233484,"[11178403.444964921, 2563896.0062458287, 372.9093322753906]","[11178407.069638904, 2563880.562484685, 372.9093322753906]"
845,1258.1348453069027,1259.1924064839816,return_cruise,False,True,-3.0180768549033132,"[11178407.069638904, 2563880.562484685, 372.9093322753906]","[11178410.694312885, 2563865.1187235415, 372.9093322753906]"
846,1259.1924064839816,1260.2499676610873,return_cruise,False,True,-2.993457235373171,"[11178410.694312885, 2563865.1187235415, 372.9093322753906]","[11178414.318986868, 2563849.674962398, 372.9093322753906]"
847,1260.2499676610873,1261.3075288381933,return_cruise,False,True,-2.968767748974969,"[11178414.318986868, 2563849.674962398, 372.9093322753906]","[11178417.94366085, 2563834.2312012543, 372.9093322753906]"
848,1261.3075288381933,1261.4000066377012,return_cruise,False,True,-2.9440079986933227,"[11178417.94366085, 2563834.2312012543, 372.9093322753906]","[11178418.260618282, 2563832.880730872, 372.9093322753906]"
849,1261.4000066377012,1261.4924844372088,return_cruise,False,True,-2.941839543307438,"[11178418.260618282, 2563832.880730872, 372.9093322753906]","[11178418.577575713, 2563831.5302604903, 372.9093322753906]"
850,1261.4924844372088,1262.4575678147798,return_cruise,False,True,-2.9396705473200626,"[11178418.577575713, 2563831.5302604903, 372.9093322753906]","[11178421.885292266, 2563817.4369697287, 372.9093322753906]"
851,1262.4575678147798,1263.422651192351,return_cruise,False,True,-2.9170029303919165,"[11178421.885292266, 2563817.4369697287, 372.9093322753906]","[11178425.193008816, 2563803.343678967, 372.9093322753906]"
852,1263.422651192351,1264.4802123694299,return_cruise,False,True,-2.8942761014364464,"[11178425.193008816, 2563803.343678967, 372.9093322753906]","[11178428.817682799, 2563787.899917824, 372.9093322753906]"
853,1264.4802123694299,1265.5377735465088,return_cruise,False,True,-2.869303143335628,"[11178428.817682799, 2563787.899917824, 372.9093322753906]","[11178432.44235678, 2563772.456156681, 372.9093322753906]"
854,1265.5377735465088,1266.5953347236148,return_cruise,False,True,-2.84425829901852,"[11178432.44235678, 2563772.456156681, 372.9093322753906]","[11178436.067030763, 2563757.0123955365, 372.9093322753906]"
855,1266.5953347236148,1267.6528959007208,return_cruise,False,True,-2.8191411541355365,"[11178436.067030763, 2563757.0123955365, 372.9093322753906]","[11178439.691704746, 2563741.568634393, 372.9093322753906]"
856,1267.6528959007208,1268.7104570777997,return_cruise,False,True,-2.793951290756084,"[11178439.691704746, 2563741.568634393, 372.9093322753906]","[11178443.31637873, 2563726.1248732493, 372.9093322753906]"
857,1268.7104570777997,1269.7680182548786,return_cruise,False,True,-2.7686882873159107,"[11178443.31637873, 2563726.1248732493, 372.9093322753906]","[11178446.941052713, 2563710.6811121064, 372.9093322753906]"
858,1269.7680182548786,1269.7777697630545,return_cruise,False,True,-2.7433517185850036,"[11178446.941052713, 2563710.6811121064, 372.9093322753906]","[11178446.974474927, 2563710.5387090314, 372.9093322753906]"
859,1269.7777697630545,1269.7875212712304,return_cruise,False,True,-2.7431177527708144,"[11178446.974474927, 2563710.5387090314, 372.9093322753906]","[11178447.007897144, 2563710.3963059573, 372.9093322753906]"
860,1269.7875212712304,1270.8353309401468,return_cruise,False,True,-2.7428837806659203,"[11178447.007897144, 2563710.3963059573, 372.9093322753906]","[11178450.59914891, 2563695.094947888, 372.9093322753906]"
861,1270.8353309401468,1271.8831406090633,return_cruise,False,True,-2.717706505512197,"[11178450.59914891, 2563695.094947888, 372.9093322753906]","[11178454.190400675, 2563679.7935898188, 372.9093322753906]"
862,1271.8831406090633,1272.9407017861556,return_cruise,False,True,-2.692456165709629,"[11178454.190400675, 2563679.7935898188, 372.9093322753906]","[11178457.81507466, 2563664.349828676, 372.9093322753906]"
863,1272.9407017861556,1273.998262963248,return_cruise,False,True,-2.6668963123644716,"[11178457.81507466, 2563664.349828676, 372.9093322753906]","[11178461.439748643, 2563648.9060675316, 372.9093322753906]"
864,1273.998262963248,1275.0558241403269,return_cruise,False,True,-2.641261155234062,"[11178461.439748643, 2563648.9060675316, 372.9093322753906]","[11178465.064422626, 2563633.4623063887, 372.9093322753906]"
865,1275.0558241403269,1276.1133853174058,return_cruise,False,True,-2.6155502500873524,"[11178465.064422626, 2563633.4623063887, 372.9093322753906]","[11178468.689096607, 2563618.018545245, 372.9093322753906]"
866,1276.1133853174058,1277.0979717115408,return_cruise,False,True,-2.5897631487511603,"[11178468.689096607, 2563618.018545245, 372.9093322753906]","[11178472.063657593, 2563603.6404483314, 372.9093322753906]"
867,1277.0979717115408,1278.082558105676,return_cruise,False,True,-2.565686544090326,"[11178472.063657593, 2563603.6404483314, 372.9093322753906]","[11178475.438218577, 2563589.262351418, 372.9093322753906]"
868,1278.082558105676,1278.1555328886468,return_cruise,False,True,-2.541543136088748,"[11178475.438218577, 2563589.262351418, 372.9093322753906]","[11178475.688331574, 2563588.1966871875, 372.9093322753906]"
869,1278.1555328886468,1278.2285076716175,return_cruise,False,True,-2.539751025063026,"[11178475.688331574, 2563588.1966871875, 372.9093322753906]","[11178475.938444573, 2563587.131022957, 372.9093322753906]"
870,1278.2285076716175,1279.2860688486965,return_cruise,False,True,-2.5379585448731774,"[11178475.938444573, 2563587.131022957, 372.9093322753906]","[11178479.563118555, 2563571.687261814, 372.9093322753906]"
871,1279.2860688486965,1280.3436300257754,return_cruise,False,True,-2.5119401258934317,"[11178479.563118555, 2563571.687261814, 372.9093322753906]","[11178483.187792538, 2563556.243500671, 372.9093322753906]"
872,1280.3436300257754,1281.4011912028543,return_cruise,False,True,-2.485843677748335,"[11178483.187792538, 2563556.243500671, 372.9093322753906]","[11178486.81246652, 2563540.799739527, 372.9093322753906]"
873,1281.4011912028543,1282.4587523799332,return_cruise,False,True,-2.4596687318767323,"[11178486.81246652, 2563540.799739527, 372.9093322753906]","[11178490.437140504, 2563525.3559783837, 372.9093322753906]"
874,1282.4587523799332,1283.5163135570392,return_cruise,False,True,-2.4334148154960076,"[11178490.437140504, 2563525.3559783837, 372.9093322753906]","[11178494.061814485, 2563509.91221724, 372.9093322753906]"
875,1283.5163135570392,1284.573874734145,return_cruise,False,True,-2.4070814515443573,"[11178494.061814485, 2563509.91221724, 372.9093322753906]","[11178497.686488468, 2563494.468456096, 372.9093322753906]"
876,1284.573874734145,1285.4757348371334,return_cruise,False,True,-2.380668158632389,"[11178497.686488468, 2563494.468456096, 372.9093322753906]","[11178500.777514238, 2563481.298426487, 372.9093322753906]"
877,1285.4757348371334,1286.3775949401218,return_cruise,False,True,-2.3580800949544027,"[11178500.777514238, 2563481.298426487, 372.9093322753906]","[11178503.868540008, 2563468.1283968785, 372.9093322753906]"
878,1286.3775949401218,1286.533296014212,return_cruise,False,True,-2.335433248147453,"[11178503.868540008, 2563468.1283968785, 372.9093322753906]","[11178504.402188221, 2563465.8546653436, 372.9093322753906]"
879,1286.533296014212,1286.6889970883024,return_cruise,False,True,-2.3315174246829855,"[11178504.402188221, 2563465.8546653436, 372.9093322753906]","[11178504.935836433, 2563463.5809338093, 372.9093322753906]"
880,1286.6889970883024,1287.7465582653813,return_cruise,False,True,-2.3275998384227705,"[11178504.935836433, 2563463.5809338093, 372.9093322753906]","[11178508.560510417, 2563448.137172666, 372.9093322753906]"
881,1287.7465582653813,1288.8041194424602,return_cruise,False,True,-2.300943826231034,"[11178508.560510417, 2563448.137172666, 372.9093322753906]","[11178512.1851844, 2563432.6934115225, 372.9093322753906]"
882,1288.8041194424602,1289.8616806195662,return_cruise,False,True,-2.2742059151877214,"[11178512.1851844, 2563432.6934115225, 372.9093322753906]","[11178515.80985838, 2563417.2496503787, 372.9093322753906]"
883,1289.8616806195662,1290.9192417966722,return_cruise,False,True,-2.247385601463094,"[11178515.80985838, 2563417.2496503787, 372.9093322753906]","[11178519.434532365, 2563401.8058892353, 372.9093322753906]"
884,1290.9192417966722,1291.976802973751,return_cruise,False,True,-2.220482376570999,"[11178519.434532365, 2563401.8058892353, 372.9093322753906]","[11178523.059206346, 2563386.3621280915, 372.9093322753906]"
885,1291.976802973751,1293.03436415083,return_cruise,False,True,-2.193495727317625,"[11178523.059206346, 2563386.3621280915, 372.9093322753906]","[11178526.68388033, 2563370.918366948, 372.9093322753906]"
886,1293.03436415083,1293.8534979624867,return_cruise,False,True,-2.1664251357364606,"[11178526.68388033, 2563370.918366948, 372.9093322753906]","[11178529.491370883, 2563358.9564046464, 372.9093322753906]"
887,1293.8534979624867,1294.6726317741434,return_cruise,False,True,-2.1453995935776504,"[11178529.491370883, 2563358.9564046464, 372.9093322753906]","[11178532.298861437, 2563346.9944423456, 372.9093322753906]"
888,1294.6726317741434,1294.911059139579,return_cruise,False,True,-2.124323133633382,"[11178532.298861437, 2563346.9944423456, 372.9093322753906]","[11178533.116044866, 2563343.512643503, 372.9093322753906]"
889,1294.911059139579,1295.1494865050147,return_cruise,False,True,-2.118178752037835,"[11178533.116044866, 2563343.512643503, 372.9093322753906]","[11178533.933228295, 2563340.030844661, 372.9093322753906]"
890,1295.1494865050147,1296.207047682107,return_cruise,False,True,-2.1120300295198575,"[11178533.933228295, 2563340.030844661, 372.9093322753906]","[11178537.557902277, 2563324.587083517, 372.9093322753906]"
891,1296.207047682107,1297.2646088591994,return_cruise,False,True,-2.0847044545658378,"[11178537.557902277, 2563324.587083517, 372.9093322753906]","[11178541.182576258, 2563309.1433223737, 372.9093322753906]"
892,1297.2646088591994,1298.3221700362783,return_cruise,False,True,-2.057292816523102,"[11178541.182576258, 2563309.1433223737, 372.9093322753906]","[11178544.807250243, 2563293.6995612304, 372.9093322753906]"
893,1298.3221700362783,1299.3797312133572,return_cruise,False,True,-2.029794572666887,"[11178544.807250243, 2563293.6995612304, 372.9093322753906]","[11178548.431924226, 2563278.255800087, 372.9093322753906]"
894,1299.3797312133572,1300.4372923904632,return_cruise,False,True,-2.002209175137679,"[11178548.431924226, 2563278.255800087, 372.9093322753906]","[11178552.056598209, 2563262.812038943, 372.9093322753906]"
895,1300.4372923904632,1301.4948535675692,return_cruise,False,True,-1.9745360708679698,"[11178552.056598209, 2563262.812038943, 372.9093322753906]","[11178555.68127219, 2563247.3682777993, 372.9093322753906]"
896,1301.4948535675692,1302.2312610880792,return_cruise,False,True,-1.9467747015231538,"[11178555.68127219, 2563247.3682777993, 372.9093322753906]","[11178558.205227531, 2563236.6143828025, 372.9093322753906]"
897,1302.2312610880792,1302.9676686085893,return_cruise,False,True,-1.9273913054441323,"[11178558.205227531, 2563236.6143828025, 372.9093322753906]","[11178560.729182871, 2563225.860487806, 372.9093322753906]"
898,1302.9676686085893,1303.2888222651582,return_cruise,False,True,-1.9079646472152518,"[11178560.729182871, 2563225.860487806, 372.9093322753906]","[11178561.829901513, 2563221.170621659, 372.9093322753906]"
899,1303.2888222651582,1303.609975921727,return_cruise,False,True,-1.8994789177975662,"[11178561.829901513, 2563221.170621659, 372.9093322753906]","[11178562.930620154, 2563216.4807555126, 372.9093322753906]"
900,1303.609975921727,1304.667537098806,return_cruise,False,True,-1.8909849075080558,"[11178562.930620154, 2563216.4807555126, 372.9093322753906]","[11178566.555294137, 2563201.0369943692, 372.9093322753906]"
901,1304.667537098806,1305.7250982758849,return_cruise,False,True,-1.862955339205115,"[11178566.555294137, 2563201.0369943692, 372.9093322753906]","[11178570.179968122, 2563185.593233226, 372.9093322753906]"
902,1305.7250982758849,1306.7826594529906,return_cruise,False,True,-1.83483521842237,"[11178570.179968122, 2563185.593233226, 372.9093322753906]","[11178573.804642104, 2563170.149472082, 372.9093322753906]"
903,1306.7826594529906,1307.8402206300966,return_cruise,False,True,-1.8066239594471085,"[11178573.804642104, 2563170.149472082, 372.9093322753906]","[11178577.429316087, 2563154.705710938, 372.9093322753906]"
904,1307.8402206300966,1308.8977818071755,return_cruise,False,True,-1.7783209708749155,"[11178577.429316087, 2563154.705710938, 372.9093322753906]","[11178581.053990068, 2563139.261949795, 372.9093322753906]"
905,1308.8977818071755,1309.9553429842545,return_cruise,False,True,-1.7499256555426257,"[11178581.053990068, 2563139.261949795, 372.9093322753906]","[11178584.678664051, 2563123.8181886515, 372.9093322753906]"
906,1309.9553429842545,1310.6090242136447,return_cruise,False,True,-1.721437410444949,"[11178584.678664051, 2563123.8181886515, 372.9093322753906]","[11178586.919084176, 2563114.272360959, 372.9093322753906]"
907,1310.6090242136447,1311.262705443035,return_cruise,False,True,-1.7037820168429647,"[11178586.919084176, 2563114.272360959, 372.9093322753906]","[11178589.159504304, 2563104.7265332667, 372.9093322753906]"
908,1311.262705443035,1311.666585390737,return_cruise,False,True,-1.6860907419017082,"[11178589.159504304, 2563104.7265332667, 372.9093322753906]","[11178590.54375816, 2563098.8285998153, 372.9093322753906]"
909,1311.666585390737,1312.0704653384391,return_cruise,False,True,-1.6751421094523806,"[11178590.54375816, 2563098.8285998153, 372.9093322753906]","[11178591.928012017, 2563092.9306663643, 372.9093322753906]"
910,1312.0704653384391,1313.1280265155315,return_cruise,False,True,-1.6641796892976117,"[11178591.928012017, 2563092.9306663643, 372.9093322753906]","[11178595.552686, 2563077.486905221, 372.9093322753906]"
911,1313.1280265155315,1314.1855876926238,return_cruise,False,True,-1.6354089773638663,"[11178595.552686, 2563077.486905221, 372.9093322753906]","[11178599.17735998, 2563062.043144077, 372.9093322753906]"
912,1314.1855876926238,1315.2431488697027,return_cruise,False,True,-1.6065428637377863,"[11178599.17735998, 2563062.043144077, 372.9093322753906]","[11178602.802033965, 2563046.5993829337, 372.9093322753906]"
913,1315.2431488697027,1316.3007100467817,return_cruise,False,True,-1.5775807150592271,"[11178602.802033965, 2563046.5993829337, 372.9093322753906]","[11178606.426707948, 2563031.1556217903, 372.9093322753906]"
914,1316.3007100467817,1317.3582712238876,return_cruise,False,True,-1.5485218916590213,"[11178606.426707948, 2563031.1556217903, 372.9093322753906]","[11178610.051381929, 2563015.7118606465, 372.9093322753906]"
915,1317.3582712238876,1318.4158324009936,return_cruise,False,True,-1.5193657474672762,"[11178610.051381929, 2563015.7118606465, 372.9093322753906]","[11178613.676055914, 2563000.2680995027, 372.9093322753906]"
916,1318.4158324009936,1318.986787339025,return_cruise,False,True,-1.4901116299304817,"[11178613.676055914, 2563000.2680995027, 372.9093322753906]","[11178615.632940823, 2562991.930339118, 372.9093322753906]"
917,1318.986787339025,1319.5577422770566,return_cruise,False,True,-1.4742769932153408,"[11178615.632940823, 2562991.930339118, 372.9093322753906]","[11178617.589825734, 2562983.5925787333, 372.9093322753906]"
918,1319.5577422770566,1320.044348516104,return_cruise,False,True,-1.4584135037660246,"[11178617.589825734, 2562983.5925787333, 372.9093322753906]","[11178619.257614806, 2562976.4865779746, 372.9093322753906]"
919,1320.044348516104,1320.5309547551512,return_cruise,False,True,-1.444870717311261,"[11178619.257614806, 2562976.4865779746, 372.9093322753906]","[11178620.925403876, 2562969.380577216, 372.9093322753906]"
920,1320.5309547551512,1321.5885159322302,return_cruise,False,True,-1.4313068316861006,"[11178620.925403876, 2562969.380577216, 372.9093322753906]","[11178624.550077861, 2562953.9368160726, 372.9093322753906]"
921,1321.5885159322302,1322.646077109309,return_cruise,False,True,-1.4017548126670647,"[11178624.550077861, 2562953.9368160726, 372.9093322753906]","[11178628.174751842, 2562938.4930549287, 372.9093322753906]"
922,1322.646077109309,1323.703638286415,return_cruise,False,True,-1.3721021435092808,"[11178628.174751842, 2562938.4930549287, 372.9093322753906]","[11178631.799425825, 2562923.0492937854, 372.9093322753906]"
923,1323.703638286415,1324.761199463521,return_cruise,False,True,-1.3423481379134756,"[11178631.799425825, 2562923.0492937854, 372.9093322753906]","[11178635.424099809, 2562907.6055326415, 372.9093322753906]"
924,1324.761199463521,1325.8187606406,return_cruise,False,True,-1.312492102553776,"[11178635.424099809, 2562907.6055326415, 372.9093322753906]","[11178639.048773792, 2562892.161771498, 372.9093322753906]"
925,1325.8187606406,1326.876321817679,return_cruise,False,True,-1.2825333369846703,"[11178639.048773792, 2562892.161771498, 372.9093322753906]","[11178642.673447773, 2562876.718010355, 372.9093322753906]"
926,1326.876321817679,1327.3645504645908,return_cruise,False,True,-1.252471133538947,"[11178642.673447773, 2562876.718010355, 372.9093322753906]","[11178644.34679747, 2562869.588317274, 372.9093322753906]"
927,1327.3645504645908,1327.8527791115027,return_cruise,False,True,-1.2385576635232525,"[11178644.34679747, 2562869.588317274, 372.9093322753906]","[11178646.020147163, 2562862.458624194, 372.9093322753906]"
928,1327.8527791115027,1328.4221116416697,return_cruise,False,True,-1.2246219250978498,"[11178646.020147163, 2562862.458624194, 372.9093322753906]","[11178647.971471453, 2562854.1445561307, 372.9093322753906]"
929,1328.4221116416697,1328.9914441718367,return_cruise,False,True,-1.208342981218678,"[11178647.971471453, 2562854.1445561307, 372.9093322753906]","[11178649.922795739, 2562845.830488068, 372.9093322753906]"
930,1328.9914441718367,1330.0490053489427,return_cruise,False,True,-1.192033545647618,"[11178649.922795739, 2562845.830488068, 372.9093322753906]","[11178653.54746972, 2562830.3867269238, 372.9093322753906]"
931,1330.0490053489427,1331.1065665260485,return_cruise,False,True,-1.1616567088654222,"[11178653.54746972, 2562830.3867269238, 372.9093322753906]","[11178657.172143705, 2562814.9429657804, 372.9093322753906]"
932,1331.1065665260485,1332.1641277031274,return_cruise,False,True,-1.131173529325622,"[11178657.172143705, 2562814.9429657804, 372.9093322753906]","[11178660.796817686, 2562799.499204637, 372.9093322753906]"
933,1332.1641277031274,1333.2216888802063,return_cruise,False,True,-1.100583261738393,"[11178660.796817686, 2562799.499204637, 372.9093322753906]","[11178664.42149167, 2562784.055443493, 372.9093322753906]"
934,1333.2216888802063,1334.2792500572987,return_cruise,False,True,-1.0698851529668758,"[11178664.42149167, 2562784.055443493, 372.9093322753906]","[11178668.04616565, 2562768.61168235, 372.9093322753906]"
935,1334.2792500572987,1335.336811234391,return_cruise,False,True,-1.039078441928595,"[11178668.04616565, 2562768.61168235, 372.9093322753906]","[11178671.670839634, 2562753.167921206, 372.9093322753906]"
936,1335.336811234391,1335.7423135901697,return_cruise,False,True,-1.0081623594698783,"[11178671.670839634, 2562753.167921206, 372.9093322753906]","[11178673.060654117, 2562747.2462954307, 372.9093322753906]"
937,1335.7423135901697,1336.1478159459484,return_cruise,False,True,-0.9962789854108536,"[11178673.060654117, 2562747.2462954307, 372.9093322753906]","[11178674.450468596, 2562741.324669655, 372.9093322753906]"
938,1336.1478159459484,1336.799874767262,return_cruise,False,True,-0.9843793732532333,"[11178674.450468596, 2562741.324669655, 372.9093322753906]","[11178676.685328098, 2562731.802534287, 372.9093322753906]"
939,1336.799874767262,1337.4519335885757,return_cruise,False,True,-0.9652103117856257,"[11178676.685328098, 2562731.802534287, 372.9093322753906]","[11178678.9201876, 2562722.280398919, 372.9093322753906]"
940,1337.4519335885757,1338.5094947656546,return_cruise,False,True,-0.9459989626881651,"[11178678.9201876, 2562722.280398919, 372.9093322753906]","[11178682.544861583, 2562706.8366377754, 372.9093322753906]"
941,1338.5094947656546,1339.5670559427335,return_cruise,False,True,-0.914750068706411,"[11178682.544861583, 2562706.8366377754, 372.9093322753906]","[11178686.169535564, 2562691.3928766325, 372.9093322753906]"
942,1339.5670559427335,1340.6246171198395,return_cruise,False,True,-0.8833886437518856,"[11178686.169535564, 2562691.3928766325, 372.9093322753906]","[11178689.794209547, 2562675.949115488, 372.9093322753906]"
943,1340.6246171198395,1341.6821782969455,return_cruise,False,True,-0.8519138765957592,"[11178689.794209547, 2562675.949115488, 372.9093322753906]","[11178693.41888353, 2562660.505354345, 372.9093322753906]"
944,1341.6821782969455,1342.7397394740244,return_cruise,False,True,-0.8203249472401666,"[11178693.41888353, 2562660.505354345, 372.9093322753906]","[11178697.043557514, 2562645.061593201, 372.9093322753906]"
945,1342.7397394740244,1343.7973006511033,return_cruise,False,True,-0.7886210267727023,"[11178697.043557514, 2562645.061593201, 372.9093322753906]","[11178700.668231497, 2562629.6178320576, 372.9093322753906]"
946,1343.7973006511033,1344.1200767155367,return_cruise,False,True,-0.7568012772499486,"[11178700.668231497, 2562629.6178320576, 372.9093322753906]","[11178701.774510762, 2562624.9042735896, 372.9093322753906]"
947,1344.1200767155367,1344.44285277997,return_cruise,False,True,-0.747066436937672,"[11178701.774510762, 2562624.9042735896, 372.9093322753906]","[11178702.880790027, 2562620.190715121, 372.9093322753906]"
948,1344.44285277997,1345.1776378926154,return_cruise,False,True,-0.7373207038293117,"[11178702.880790027, 2562620.190715121, 372.9093322753906]","[11178705.399184745, 2562609.4605124462, 372.9093322753906]"
949,1345.1776378926154,1345.9124230052607,return_cruise,False,True,-0.7150942306062689,"[11178705.399184745, 2562609.4605124462, 372.9093322753906]","[11178707.91757946, 2562598.730309771, 372.9093322753906]"
950,1345.9124230052607,1346.9699841823665,return_cruise,False,True,-0.6928108932870032,"[11178707.91757946, 2562598.730309771, 372.9093322753906]","[11178711.542253442, 2562583.2865486275, 372.9093322753906]"
951,1346.9699841823665,1348.0275453594725,return_cruise,False,True,-0.66063853658369,"[11178711.542253442, 2562583.2865486275, 372.9093322753906]","[11178715.166927427, 2562567.8427874832, 372.9093322753906]"
952,1348.0275453594725,1349.0851065365514,return_cruise,False,True,-0.6283469060193596,"[11178715.166927427, 2562567.8427874832, 372.9093322753906]","[11178718.79160141, 2562552.39902634, 372.9093322753906]"
953,1349.0851065365514,1350.1426677136303,return_cruise,False,True,-0.5959351164572553,"[11178718.79160141, 2562552.39902634, 372.9093322753906]","[11178722.416275391, 2562536.955265197, 372.9093322753906]"
954,1350.1426677136303,1351.2002288907227,return_cruise,False,True,-0.5634022728923895,"[11178722.416275391, 2562536.955265197, 372.9093322753906]","[11178726.040949374, 2562521.5115040527, 372.9093322753906]"
955,1351.2002288907227,1352.257790067815,return_cruise,False,True,-0.5307474703075599,"[11178726.040949374, 2562521.5115040527, 372.9093322753906]","[11178729.665623356, 2562506.06774291, 372.9093322753906]"
956,1352.257790067815,1352.4978398411154,return_cruise,False,True,-0.49796979354145776,"[11178729.665623356, 2562506.06774291, 372.9093322753906]","[11178730.488367409, 2562502.5622517457, 372.9093322753906]"
957,1352.4978398411154,1352.7378896144155,return_cruise,False,True,-0.4905125697706296,"[11178730.488367409, 2562502.5622517457, 372.9093322753906]","[11178731.311111461, 2562499.0567605817, 372.9093322753906]"
958,1352.7378896144155,1353.5554010182077,return_cruise,False,True,-0.4830489567547289,"[11178731.311111461, 2562499.0567605817, 372.9093322753906]","[11178734.11304139, 2562487.118490602, 372.9093322753906]"
959,1353.5554010182077,1354.372912422,return_cruise,False,True,-0.45758286280727134,"[11178734.11304139, 2562487.118490602, 372.9093322753906]","[11178736.914971322, 2562475.180220622, 372.9093322753906]"
960,1354.372912422,1355.4304735990788,return_cruise,False,True,-0.43204210507414587,"[11178736.914971322, 2562475.180220622, 372.9093322753906]","[11178740.539645305, 2562459.736459479, 372.9093322753906]"
961,1355.4304735990788,1356.4880347761577,return_cruise,False,True,-0.3988902108723664,"[11178740.539645305, 2562459.736459479, 372.9093322753906]","[11178744.164319286, 2562444.2926983354, 372.9093322753906]"
962,1356.4880347761577,1357.5455959532637,return_cruise,False,True,-0.36561167715552756,"[11178744.164319286, 2562444.2926983354, 372.9093322753906]","[11178747.788993267, 2562428.848937192, 372.9093322753906]"
963,1357.5455959532637,1358.6031571303697,return_cruise,False,True,-0.33220553563286614,"[11178747.788993267, 2562428.848937192, 372.9093322753906]","[11178751.413667252, 2562413.4051760477, 372.9093322753906]"
964,1358.6031571303697,1359.6607183074486,return_cruise,False,True,-0.29867080689336944,"[11178751.413667252, 2562413.4051760477, 372.9093322753906]","[11178755.038341235, 2562397.9614149043, 372.9093322753906]"
965,1359.6607183074486,1360.7182794845276,return_cruise,False,True,-0.2650065002535342,"[11178755.038341235, 2562397.9614149043, 372.9093322753906]","[11178758.663015217, 2562382.517653761, 372.9093322753906]"
966,1360.7182794845276,1360.8756029666947,return_cruise,False,True,-0.23121161356422704,"[11178758.663015217, 2562382.517653761, 372.9093322753906]","[11178759.202224057, 2562380.2202299014, 372.9093322753906]"
967,1360.8756029666947,1361.0329264488619,return_cruise,False,True,-0.22617304511371117,"[11178759.202224057, 2562380.2202299014, 372.9093322753906]","[11178759.741432892, 2562377.9228060422, 372.9093322753906]"
968,1361.0329264488619,1361.9331641437736,return_cruise,False,True,-0.22113156119272048,"[11178759.741432892, 2562377.9228060422, 372.9093322753906]","[11178762.826898037, 2562364.7764687585, 372.9093322753906]"
969,1361.9331641437736,1362.8334018386854,return_cruise,False,True,-0.19222690126814257,"[11178762.826898037, 2562364.7764687585, 372.9093322753906]","[11178765.91236318, 2562351.630131474, 372.9093322753906]"
970,1362.8334018386854,1363.8909630157914,return_cruise,False,True,-0.16322603309464512,"[11178765.91236318, 2562351.630131474, 372.9093322753906]","[11178769.537037166, 2562336.1863703304, 372.9093322753906]"
971,1363.8909630157914,1364.9485241928974,return_cruise,False,True,-0.12903327612400517,"[11178769.537037166, 2562336.1863703304, 372.9093322753906]","[11178773.161711149, 2562320.7426091866, 372.9093322753906]"
972,1364.9485241928974,1366.0060853699763,return_cruise,False,True,-0.09470581235595432,"[11178773.161711149, 2562320.7426091866, 372.9093322753906]","[11178776.786385132, 2562305.298848043, 372.9093322753906]"
973,1366.0060853699763,1367.0636465470552,return_cruise,False,True,-0.060242579636394566,"[11178776.786385132, 2562305.298848043, 372.9093322753906]","[11178780.411059113, 2562289.8550869, 372.9093322753906]"
974,1367.0636465470552,1368.1212077241476,return_cruise,False,True,-0.02564250324040529,"[11178780.411059113, 2562289.8550869, 372.9093322753906]","[11178784.035733096, 2562274.411325756, 372.9093322753906]"
975,1368.1212077241476,1369.17876890124,return_cruise,True,False,0.009095504328769266,"[11178784.035733096, 2562274.411325756, 372.9093322753906]","[11178787.660407078, 2562258.9675646126, 372.9093322753906]"
976,1369.17876890124,1369.2533660920617,return_cruise,True,False,0.04397254353270341,"[11178787.660407078, 2562258.9675646126, 372.9093322753906]","[11178787.9160807, 2562257.878208061, 372.9093322753906]"
977,1369.2533660920617,1369.3279632828835,return_cruise,True,False,0.046437943433630835,"[11178787.9160807, 2562257.878208061, 372.9093322753906]","[11178788.171754323, 2562256.7888515093, 372.9093322753906]"
978,1369.3279632828835,1370.310927269154,return_cruise,True,False,0.048904041011724075,"[11178788.171754323, 2562256.7888515093, 372.9093322753906]","[11178791.540754685, 2562242.4344469174, 372.9093322753906]"
979,1370.310927269154,1371.2938912554246,return_cruise,True,False,0.08146505574235618,"[11178791.540754685, 2562242.4344469174, 372.9093322753906]","[11178794.909755046, 2562228.0800423254, 372.9093322753906]"
980,1371.2938912554246,1372.3514524325035,return_cruise,True,False,0.1141481848160737,"[11178794.909755046, 2562228.0800423254, 372.9093322753906]","[11178798.534429027, 2562212.636281182, 372.9093322753906]"
981,1372.3514524325035,1373.4090136095824,return_cruise,True,False,0.1494490545582181,"[11178798.534429027, 2562212.636281182, 372.9093322753906]","[11178802.159103008, 2562197.1925200387, 372.9093322753906]"
982,1373.4090136095824,1374.4665747866748,return_cruise,True,False,0.18489349170384628,"[11178802.159103008, 2562197.1925200387, 372.9093322753906]","[11178805.783776991, 2562181.748758895, 372.9093322753906]"
983,1374.4665747866748,1375.524135963767,return_cruise,True,False,0.22048266475744072,"[11178805.783776991, 2562181.748758895, 372.9093322753906]","[11178809.408450974, 2562166.3049977515, 372.9093322753906]"
984,1375.524135963767,1376.573568040548,return_cruise,True,False,0.2562177564920489,"[11178809.408450974, 2562166.3049977515, 372.9093322753906]","[11178813.005263364, 2562150.9799473607, 372.9093322753906]"
985,1376.573568040548,1377.623000117329,return_cruise,True,False,0.29182358616911586,"[11178813.005263364, 2562150.9799473607, 372.9093322753906]","[11178816.602075754, 2562135.65489697, 372.9093322753906]"
986,1377.623000117329,1377.6311292176404,return_cruise,True,False,0.32757546306118,"[11178816.602075754, 2562135.65489697, 372.9093322753906]","[11178816.629937347, 2562135.5361862173, 372.9093322753906]"
987,1377.6311292176404,1377.6392583179518,return_cruise,True,False,0.32785297705234484,"[11178816.629937347, 2562135.5361862173, 372.9093322753906]","[11178816.657798938, 2562135.4174754643, 372.9093322753906]"
988,1377.6392583179518,1378.6968194950307,return_cruise,True,False,0.32813049987933596,"[11178816.657798938, 2562135.4174754643, 372.9093322753906]","[11178820.282472923, 2562119.973714321, 372.9093322753906]"
989,1378.6968194950307,1379.7543806721096,return_cruise,True,False,0.36431059056951653,"[11178820.282472923, 2562119.973714321, 372.9093322753906]","[11178823.907146905, 2562104.5299531776, 372.9093322753906]"
990,1379.7543806721096,1380.8119418492156,return_cruise,True,False,0.4006414785022656,"[11178823.907146905, 2562104.5299531776, 372.9093322753906]","[11178827.531820886, 2562089.0861920337, 372.9093322753906]"
991,1380.8119418492156,1381.8695030263214,return_cruise,True,False,0.43712442140926555,"[11178827.531820886, 2562089.0861920337, 372.9093322753906]","[11178831.15649487, 2562073.64243089, 372.9093322753906]"
992,1381.8695030263214,1382.9270642034003,return_cruise,True,False,0.4737606927625393,"[11178831.15649487, 2562073.64243089, 372.9093322753906]","[11178834.781168852, 2562058.1986697465, 372.9093322753906]"
993,1382.9270642034003,1383.9846253804792,return_cruise,True,False,0.5105515820333721,"[11178834.781168852, 2562058.1986697465, 372.9093322753906]","[11178838.405842835, 2562042.754908603, 372.9093322753906]"
994,1383.9846253804792,1384.951331166127,return_cruise,True,False,0.5474983949755341,"[11178838.405842835, 2562042.754908603, 372.9093322753906]","[11178841.71912001, 2562028.637925517, 372.9093322753906]"
995,1384.951331166127,1385.9180369517749,return_cruise,True,False,0.5814086256102371,"[11178841.71912001, 2562028.637925517, 372.9093322753906]","[11178845.032397188, 2562014.5209424305, 372.9093322753906]"
996,1385.9180369517749,1386.0088923432058,return_cruise,True,False,0.6154512667234542,"[11178845.032397188, 2562014.5209424305, 372.9093322753906]","[11178845.343793994, 2562013.1941643734, 372.9093322753906]"
997,1386.0088923432058,1386.0997477346368,return_cruise,True,False,0.6186575925125055,"[11178845.343793994, 2562013.1941643734, 372.9093322753906]","[11178845.655190801, 2562011.8673863164, 372.9093322753906]"
998,1386.0997477346368,1387.1573089117426,return_cruise,True,False,0.621865097886527,"[11178845.655190801, 2562011.8673863164, 372.9093322753906]","[11178849.279864782, 2561996.4236251726, 372.9093322753906]"
999,1387.1573089117426,1388.2148700888486,return_cruise,True,False,0.6592876832165615,"[11178849.279864782, 2561996.4236251726, 372.9093322753906]","[11178852.904538764, 2561980.9798640287, 372.9093322753906]"
1000,1388.2148700888486,1389.2724312659275,return_cruise,True,False,0.6968715835163977,"[11178852.904538764, 2561980.9798640287, 372.9093322753906]","[11178856.529212749, 2561965.5361028854, 372.9093322753906]"
1001,1389.2724312659275,1390.3299924430064,return_cruise,True,False,0.7346181901303765,"[11178856.529212749, 2561965.5361028854, 372.9093322753906]","[11178860.15388673, 2561950.092341742, 372.9093322753906]"
1002,1390.3299924430064,1391.3875536200987,return_cruise,True,False,0.7725289124052921,"[11178860.15388673, 2561950.092341742, 372.9093322753906]","[11178863.778560715, 2561934.6485805977, 372.9093322753906]"
1003,1391.3875536200987,1392.445114797191,return_cruise,True,False,0.8106051780143417,"[11178863.778560715, 2561934.6485805977, 372.9093322753906]","[11178867.403234698, 2561919.204819455, 372.9093322753906]"
1004,1392.445114797191,1393.3290942914937,return_cruise,True,False,0.848848433250609,"[11178867.403234698, 2561919.204819455, 372.9093322753906]","[11178870.432976658, 2561906.295903676, 372.9093322753906]"
1005,1393.3290942914937,1394.2130737857963,return_cruise,True,False,0.8809438604736357,"[11178870.432976658, 2561906.295903676, 372.9093322753906]","[11178873.462718617, 2561893.386987897, 372.9093322753906]"
1006,1394.2130737857963,1394.386655468586,return_cruise,True,False,0.9131578481204343,"[11178873.462718617, 2561893.386987897, 372.9093322753906]","[11178874.057650639, 2561890.8521425324, 372.9093322753906]"
1007,1394.386655468586,1394.560237151376,return_cruise,True,False,0.9194975145603337,"[11178874.057650639, 2561890.8521425324, 372.9093322753906]","[11178874.65258266, 2561888.3172971676, 372.9093322753906]"
1008,1394.560237151376,1395.617798328455,return_cruise,True,False,0.9258417929516156,"[11178874.65258266, 2561888.3172971676, 372.9093322753906]","[11178878.277256643, 2561872.8735360242, 372.9093322753906]"
1009,1395.617798328455,1396.6753595055338,return_cruise,True,False,0.9645948861472533,"[11178878.277256643, 2561872.8735360242, 372.9093322753906]","[11178881.901930628, 2561857.4297748804, 372.9093322753906]"
1010,1396.6753595055338,1397.7329206826396,return_cruise,True,False,1.0035209471233344,"[11178881.901930628, 2561857.4297748804, 372.9093322753906]","[11178885.52660461, 2561841.986013737, 372.9093322753906]"
1011,1397.7329206826396,1398.7904818597456,return_cruise,True,False,1.0426215203585087,"[11178885.52660461, 2561841.986013737, 372.9093322753906]","[11178889.151278593, 2561826.542252593, 372.9093322753906]"
1012,1398.7904818597456,1399.8480430368245,return_cruise,True,False,1.081898171032492,"[11178889.151278593, 2561826.542252593, 372.9093322753906]","[11178892.775952574, 2561811.09849145, 372.9093322753906]"
1013,1399.8480430368245,1400.9056042139034,return_cruise,True,False,1.1213524853752403,"[11178892.775952574, 2561811.09849145, 372.9093322753906]","[11178896.400626557, 2561795.6547303065, 372.9093322753906]"
1014,1400.9056042139034,1401.706857417285,return_cruise,True,False,1.1609860710620552,"[11178896.400626557, 2561795.6547303065, 372.9093322753906]","[11178899.146833306, 2561783.953881829, 372.9093322753906]"
1015,1401.706857417285,1402.5081106206665,return_cruise,True,False,1.1911345177443025,"[11178899.146833306, 2561783.953881829, 372.9093322753906]","[11178901.89304005, 2561772.253033352, 372.9093322753906]"
1016,1402.5081106206665,1402.7644185943639,return_cruise,True,False,1.2213875221829653,"[11178901.89304005, 2561772.253033352, 372.9093322753906]","[11178902.771507286, 2561768.5101206857, 372.9093322753906]"
1017,1402.7644185943639,1403.020726568061,return_cruise,True,False,1.2310871609715832,"[11178902.771507286, 2561768.5101206857, 372.9093322753906]","[11178903.649974523, 2561764.7672080193, 372.9093322753906]"
1018,1403.020726568061,1404.078287745167,return_cruise,True,False,1.2407975966691538,"[11178903.649974523, 2561764.7672080193, 372.9093322753906]","[11178907.274648506, 2561749.323446876, 372.9093322753906]"
1019,1404.078287745167,1405.135848922273,return_cruise,True,False,1.2809788626414615,"[11178907.274648506, 2561749.323446876, 372.9093322753906]","[11178910.899322487, 2561733.879685732, 372.9093322753906]"
1020,1405.135848922273,1406.193410099352,return_cruise,True,False,1.3213460528801875,"[11178910.899322487, 2561733.879685732, 372.9093322753906]","[11178914.523996469, 2561718.4359245887, 372.9093322753906]"
1021,1406.193410099352,1407.2509712764308,return_cruise,True,False,1.3619008882167236,"[11178914.523996469, 2561718.4359245887, 372.9093322753906]","[11178918.148670454, 2561702.992163445, 372.9093322753906]"
1022,1407.2509712764308,1408.3085324535232,return_cruise,True,False,1.4026451133790232,"[11178918.148670454, 2561702.992163445, 372.9093322753906]","[11178921.773344435, 2561687.5484023015, 372.9093322753906]"
1023,1408.3085324535232,1409.3660936306155,return_cruise,True,False,1.4435804974167041,"[11178921.773344435, 2561687.5484023015, 372.9093322753906]","[11178925.39801842, 2561672.1046411577, 372.9093322753906]"
1024,1409.3660936306155,1410.0846205426517,return_cruise,True,False,1.4847088341781074,"[11178925.39801842, 2561672.1046411577, 372.9093322753906]","[11178927.86068995, 2561661.6118599884, 372.9093322753906]"
1025,1410.0846205426517,1410.8031474546879,return_cruise,True,False,1.5127632062263672,"[11178927.86068995, 2561661.6118599884, 372.9093322753906]","[11178930.32336148, 2561651.1190788182, 372.9093322753906]"
1026,1410.8031474546879,1411.142181719744,return_cruise,True,False,1.5409080636021173,"[11178930.32336148, 2561651.1190788182, 372.9093322753906]","[11178931.485363934, 2561646.1680988446, 372.9093322753906]"
1027,1411.142181719744,1411.4812159848002,return_cruise,True,False,1.5542196973249247,"[11178931.485363934, 2561646.1680988446, 372.9093322753906]","[11178932.647366382, 2561641.217118871, 372.9093322753906]"
1028,1411.4812159848002,1412.5387771618791,return_cruise,True,False,1.5675516679363426,"[11178932.647366382, 2561641.217118871, 372.9093322753906]","[11178936.272040365, 2561625.773357727, 372.9093322753906]"
1029,1412.5387771618791,1413.596338338958,return_cruise,True,False,1.609269880768835,"[11178936.272040365, 2561625.773357727, 372.9093322753906]","[11178939.896714348, 2561610.3295965837, 372.9093322753906]"
1030,1413.596338338958,1414.6538995160504,return_cruise,True,False,1.651188478961501,"[11178939.896714348, 2561610.3295965837, 372.9093322753906]","[11178943.521388331, 2561594.88583544, 372.9093322753906]"
1031,1414.6538995160504,1415.7114606931427,return_cruise,True,False,1.6933093874487213,"[11178943.521388331, 2561594.88583544, 372.9093322753906]","[11178947.146062315, 2561579.4420742965, 372.9093322753906]"
1032,1415.7114606931427,1416.769021870235,return_cruise,True,False,1.735634558890851,"[11178947.146062315, 2561579.4420742965, 372.9093322753906]","[11178950.770736298, 2561563.9983131536, 372.9093322753906]"
1033,1416.769021870235,1417.8265830473274,return_cruise,True,False,1.7781659742138913,"[11178950.770736298, 2561563.9983131536, 372.9093322753906]","[11178954.395410279, 2561548.5545520093, 372.9093322753906]"
1034,1417.8265830473274,1418.4623836680182,return_cruise,True,False,1.82090564315601,"[11178954.395410279, 2561548.5545520093, 372.9093322753906]","[11178956.574546596, 2561539.2698381473, 372.9093322753906]"
1035,1418.4623836680182,1419.098184288709,return_cruise,True,False,1.8467016090364154,"[11178956.574546596, 2561539.2698381473, 372.9093322753906]","[11178958.753682913, 2561529.9851242853, 372.9093322753906]"
1036,1419.098184288709,1419.5199448450971,return_cruise,True,False,1.872574029881406,"[11178958.753682913, 2561529.9851242853, 372.9093322753906]","[11178960.19922058, 2561523.8260770044, 372.9093322753906]"
1037,1419.5199448450971,1419.941705401485,return_cruise,True,False,1.8897789915706085,"[11178960.19922058, 2561523.8260770044, 372.9093322753906]","[11178961.644758245, 2561517.6670297226, 372.9093322753906]"
1038,1419.941705401485,1420.999266578591,return_cruise,True,False,1.9070179282306157,"[11178961.644758245, 2561517.6670297226, 372.9093322753906]","[11178965.269432226, 2561502.2232685788, 372.9093322753906]"
1039,1420.999266578591,1422.0568277556968,return_cruise,True,False,1.9503947129683183,"[11178965.269432226, 2561502.2232685788, 372.9093322753906]","[11178968.894106211, 2561486.779507435, 372.9093322753906]"
1040,1422.0568277556968,1423.1143889327757,return_cruise,True,False,1.9939880897184281,"[11178968.894106211, 2561486.779507435, 372.9093322753906]","[11178972.518780192, 2561471.3357462916, 372.9093322753906]"
1041,1423.1143889327757,1424.1719501098546,return_cruise,True,False,2.0378002209026675,"[11178972.518780192, 2561471.3357462916, 372.9093322753906]","[11178976.143454175, 2561455.8919851487, 372.9093322753906]"
1042,1424.1719501098546,1425.2295112869335,return_cruise,True,False,2.081833301321339,"[11178976.143454175, 2561455.8919851487, 372.9093322753906]","[11178979.768128157, 2561440.448224005, 372.9093322753906]"
1043,1425.2295112869335,1426.2870724640125,return_cruise,True,False,2.1260895587873705,"[11178979.768128157, 2561440.448224005, 372.9093322753906]","[11178983.39280214, 2561425.0044628615, 372.9093322753906]"
1044,1426.2870724640125,1426.8401467937958,return_cruise,True,False,2.1705712547872054,"[11178983.39280214, 2561425.0044628615, 372.9093322753906]","[11178985.288403243, 2561416.9278163007, 372.9093322753906]"
1045,1426.8401467937958,1427.3932211235792,return_cruise,True,False,2.1939244581017476,"[11178985.288403243, 2561416.9278163007, 372.9093322753906]","[11178987.184004346, 2561408.85116974, 372.9093322753906]"
1046,1427.3932211235792,1427.8977079709016,return_cruise,True,False,2.2173402781763514,"[11178987.184004346, 2561408.85116974, 372.9093322753906]","[11178988.913077226, 2561401.484055157, 372.9093322753906]"
1047,1427.8977079709016,1428.402194818224,return_cruise,True,False,2.2387539130579626,"[11178988.913077226, 2561401.484055157, 372.9093322753906]","[11178990.642150106, 2561394.116940574, 372.9093322753906]"
1048,1428.402194818224,1429.4597559953029,return_cruise,True,False,2.2602201808105633,"[11178990.642150106, 2561394.116940574, 372.9093322753906]","[11178994.266824089, 2561378.673179431, 372.9093322753906]"
1049,1429.4597559953029,1430.5173171723818,return_cruise,True,False,2.3053921083772906,"[11178994.266824089, 2561378.673179431, 372.9093322753906]","[11178997.89149807, 2561363.229418287, 372.9093322753906]"
1050,1430.5173171723818,1431.5748783494741,return_cruise,True,False,2.3507988710171475,"[11178997.89149807, 2561363.229418287, 372.9093322753906]","[11179001.516172051, 2561347.7856571437, 372.9093322753906]"
1051,1431.5748783494741,1432.6324395265665,return_cruise,True,False,2.3964429091189743,"[11179001.516172051, 2561347.7856571437, 372.9093322753906]","[11179005.140846036, 2561332.341896, 372.9093322753906]"
1052,1432.6324395265665,1433.6900007036588,return_cruise,True,False,2.442326701091247,"[11179005.140846036, 2561332.341896, 372.9093322753906]","[11179008.76552002, 2561316.8981348565, 372.9093322753906]"
1053,1433.6900007036588,1434.7475618807512,return_cruise,True,False,2.4884527641315515,"[11179008.76552002, 2561316.8981348565, 372.9093322753906]","[11179012.390194003, 2561301.454373713, 372.9093322753906]"
1054,1434.7475618807512,1435.2179099191758,return_cruise,True,False,2.5348236550558596,"[11179012.390194003, 2561301.454373713, 372.9093322753906]","[11179014.002259888, 2561294.5857944596, 372.9093322753906]"
1055,1435.2179099191758,1435.6882579576004,return_cruise,True,False,2.5555263435517475,"[11179014.002259888, 2561294.5857944596, 372.9093322753906]","[11179015.614325777, 2561287.7172152065, 372.9093322753906]"
1056,1435.6882579576004,1436.2754710962547,return_cruise,True,False,2.5762782034440477,"[11179015.614325777, 2561287.7172152065, 372.9093322753906]","[11179017.62693387, 2561279.142033316, 372.9093322753906]"
1057,1436.2754710962547,1436.862684234909,return_cruise,True,False,2.6022555466152397,"[11179017.62693387, 2561279.142033316, 372.9093322753906]","[11179019.639541967, 2561270.566851426, 372.9093322753906]"
1058,1436.862684234909,1437.9202454120148,return_cruise,True,False,2.628310350859806,"[11179019.639541967, 2561270.566851426, 372.9093322753906]","[11179023.264215948, 2561255.123090282, 372.9093322753906]"
1059,1437.9202454120148,1438.9778065891207,return_cruise,True,False,2.6754314749936157,"[11179023.264215948, 2561255.123090282, 372.9093322753906]","[11179026.888889931, 2561239.6793291382, 372.9093322753906]"
1060,1438.9778065891207,1440.0353677661997,return_cruise,True,False,2.722808067292462,"[11179026.888889931, 2561239.6793291382, 372.9093322753906]","[11179030.513563916, 2561224.2355679953, 372.9093322753906]"
1061,1440.0353677661997,1441.0929289432786,return_cruise,True,False,2.7704428955100866,"[11179030.513563916, 2561224.2355679953, 372.9093322753906]","[11179034.138237897, 2561208.7918068515, 372.9093322753906]"
1062,1441.0929289432786,1442.1504901203575,return_cruise,True,False,2.818338772334073,"[11179034.138237897, 2561208.7918068515, 372.9093322753906]","[11179037.76291188, 2561193.348045708, 372.9093322753906]"
1063,1442.1504901203575,1443.2080512974364,return_cruise,True,False,2.8664985563506775,"[11179037.76291188, 2561193.348045708, 372.9093322753906]","[11179041.387585862, 2561177.904284565, 372.9093322753906]"
1064,1443.2080512974364,1443.5956730445291,return_cruise,True,False,2.9149251530429723,"[11179041.387585862, 2561177.904284565, 372.9093322753906]","[11179042.716116536, 2561172.243772619, 372.9093322753906]"
1065,1443.5956730445291,1443.983294791622,return_cruise,True,False,2.9327420722468105,"[11179042.716116536, 2561172.243772619, 372.9093322753906]","[11179044.044647207, 2561166.5832606736, 372.9093322753906]"
1066,1443.983294791622,1444.653234221635,return_cruise,True,False,2.950595378400095,"[11179044.044647207, 2561166.5832606736, 372.9093322753906]","[11179046.340790516, 2561156.800011475, 372.9093322753906]"
1067,1444.653234221635,1445.3231736516482,return_cruise,True,False,2.981538060084901,"[11179046.340790516, 2561156.800011475, 372.9093322753906]","[11179048.636933828, 2561147.016762277, 372.9093322753906]"
1068,1445.3231736516482,1446.380734828727,return_cruise,True,False,3.0125906470630355,"[11179048.636933828, 2561147.016762277, 372.9093322753906]","[11179052.26160781, 2561131.5730011337, 372.9093322753906]"
1069,1446.380734828727,1447.438296005806,return_cruise,True,False,3.0618355992025386,"[11179052.26160781, 2561131.5730011337, 372.9093322753906]","[11179055.886281792, 2561116.1292399904, 372.9093322753906]"
1070,1447.438296005806,1448.4958571828984,return_cruise,True,False,3.111359475841013,"[11179055.886281792, 2561116.1292399904, 372.9093322753906]","[11179059.510955773, 2561100.6854788465, 372.9093322753906]"
1071,1448.4958571828984,1449.5534183599907,return_cruise,True,False,3.161165432889618,"[11179059.510955773, 2561100.6854788465, 372.9093322753906]","[11179063.135629758, 2561085.241717703, 372.9093322753906]"
1072,1449.5534183599907,1450.610979537083,return_cruise,True,False,3.2112566797370476,"[11179063.135629758, 2561085.241717703, 372.9093322753906]","[11179066.760303741, 2561069.79795656, 372.9093322753906]"
1073,1450.610979537083,1451.6685407141754,return_cruise,True,False,3.2616364804559623,"[11179066.760303741, 2561069.79795656, 372.9093322753906]","[11179070.384977723, 2561054.354195416, 372.9093322753906]"
1074,1451.6685407141754,1451.9734361703336,return_cruise,True,False,3.312308155049365,"[11179070.384977723, 2561054.354195416, 372.9093322753906]","[11179071.429973183, 2561049.9017507723, 372.9093322753906]"
1075,1451.9734361703336,1452.278331626492,return_cruise,True,False,3.326971506581941,"[11179071.429973183, 2561049.9017507723, 372.9093322753906]","[11179072.47496864, 2561045.4493061276, 372.9093322753906]"
1076,1452.278331626492,1453.0309973474125,return_cruise,True,False,3.3416594800088717,"[11179072.47496864, 2561045.4493061276, 372.9093322753906]","[11179075.054647164, 2561034.4579896284, 372.9093322753906]"
1077,1453.0309973474125,1453.783663068333,return_cruise,True,False,3.3780241887282614,"[11179075.054647164, 2561034.4579896284, 372.9093322753906]","[11179077.634325687, 2561023.4666731292, 372.9093322753906]"
1078,1453.783663068333,1454.8412242454253,return_cruise,True,False,3.4145406931816638,"[11179077.634325687, 2561023.4666731292, 372.9093322753906]","[11179081.25899967, 2561008.0229119854, 372.9093322753906]"
1079,1454.8412242454253,1455.8987854225177,return_cruise,True,False,3.466108488015223,"[11179081.25899967, 2561008.0229119854, 372.9093322753906]","[11179084.883673655, 2560992.579150842, 372.9093322753906]"
1080,1455.8987854225177,1456.95634659961,return_cruise,True,False,3.5179820220426166,"[11179084.883673655, 2560992.579150842, 372.9093322753906]","[11179088.508347636, 2560977.1353896987, 372.9093322753906]"
1081,1456.95634659961,1458.0139077767024,return_cruise,True,False,3.5701649147620316,"[11179088.508347636, 2560977.1353896987, 372.9093322753906]","[11179092.13302162, 2560961.691628555, 372.9093322753906]"
1082,1458.0139077767024,1459.0714689537813,return_cruise,True,False,3.6226608498249675,"[11179092.13302162, 2560961.691628555, 372.9093322753906]","[11179095.757695602, 2560946.2478674115, 372.9093322753906]"
1083,1459.0714689537813,1460.1290301308602,return_cruise,True,False,3.6754735765295408,"[11179095.757695602, 2560946.2478674115, 372.9093322753906]","[11179099.382369583, 2560930.804106268, 372.9093322753906]"
1084,1460.1290301308602,1460.3511992956867,return_cruise,True,False,3.728606911391253,"[11179099.382369583, 2560930.804106268, 372.9093322753906]","[11179100.143829828, 2560927.559728931, 372.9093322753906]"
1085,1460.3511992956867,1460.5733684605132,return_cruise,True,False,3.739810110514057,"[11179100.143829828, 2560927.559728931, 372.9093322753906]","[11179100.90529007, 2560924.3153515947, 372.9093322753906]"
1086,1460.5733684605132,1461.4087604727927,return_cruise,True,False,3.7510276664435054,"[11179100.90529007, 2560924.3153515947, 372.9093322753906]","[11179103.768503811, 2560912.115967788, 372.9093322753906]"
1087,1461.4087604727927,1462.2441524850722,return_cruise,True,False,3.7933366078602546,"[11179103.768503811, 2560912.115967788, 372.9093322753906]","[11179106.631717551, 2560899.9165839804, 372.9093322753906]"
1088,1462.2441524850722,1463.301713662151,return_cruise,True,False,3.8358510173846696,"[11179106.631717551, 2560899.9165839804, 372.9093322753906]","[11179110.256391533, 2560884.4728228366, 372.9093322753906]"
1089,1463.301713662151,1464.35927483923,return_cruise,True,False,3.8899697722650473,"[11179110.256391533, 2560884.4728228366, 372.9093322753906]","[11179113.881065514, 2560869.0290616937, 372.9093322753906]"
1090,1464.35927483923,1465.416836016309,return_cruise,True,False,3.9444251062588194,"[11179113.881065514, 2560869.0290616937, 372.9093322753906]","[11179117.505739497, 2560853.5853005503, 372.9093322753906]"
1091,1465.416836016309,1466.4743971933879,return_cruise,True,False,3.9992211969617557,"[11179117.505739497, 2560853.5853005503, 372.9093322753906]","[11179121.13041348, 2560838.1415394065, 372.9093322753906]"
1092,1466.4743971933879,1467.5319583704938,return_cruise,True,False,4.054362299536265,"[11179121.13041348, 2560838.1415394065, 372.9093322753906]","[11179124.755087463, 2560822.697778263, 372.9093322753906]"
1093,1467.5319583704938,1468.5895195475996,return_cruise,True,False,4.10985274863161,"[11179124.755087463, 2560822.697778263, 372.9093322753906]","[11179128.379761444, 2560807.254017119, 372.9093322753906]"
1094,1468.5895195475996,1468.7289624210673,return_cruise,True,False,4.165696960365196,"[11179128.379761444, 2560807.254017119, 372.9093322753906]","[11179128.857686473, 2560805.2177070905, 372.9093322753906]"
1095,1468.7289624210673,1468.868405294535,return_cruise,True,False,4.173086836046636,"[11179128.857686473, 2560805.2177070905, 372.9093322753906]","[11179129.335611502, 2560803.181397062, 372.9093322753906]"
1096,1468.868405294535,1469.7865235981462,return_cruise,True,False,4.180482950521039,"[11179129.335611502, 2560803.181397062, 372.9093322753906]","[11179132.482360456, 2560789.7739459467, 372.9093322753906]"
1097,1469.7865235981462,1470.7046419017574,return_cruise,True,False,4.229336888338125,"[11179132.482360456, 2560789.7739459467, 372.9093322753906]","[11179135.62910941, 2560776.3664948326, 372.9093322753906]"
1098,1470.7046419017574,1471.7622030788498,return_cruise,True,False,4.278464755769733,"[11179135.62910941, 2560776.3664948326, 372.9093322753906]","[11179139.253783394, 2560760.9227336887, 372.9093322753906]"
1099,1471.7622030788498,1472.8197642559421,return_cruise,True,False,4.335397597607525,"[11179139.253783394, 2560760.9227336887, 372.9093322753906]","[11179142.878457377, 2560745.4789725454, 372.9093322753906]"
1100,1472.8197642559421,1473.8773254330345,return_cruise,True,False,4.392702722797722,"[11179142.878457377, 2560745.4789725454, 372.9093322753906]","[11179146.503131358, 2560730.035211401, 372.9093322753906]"
1101,1473.8773254330345,1474.9348866101268,return_cruise,True,False,4.450384986577461,"[11179146.503131358, 2560730.035211401, 372.9093322753906]","[11179150.127805341, 2560714.591450258, 372.9093322753906]"
1102,1474.9348866101268,1475.9924477872057,return_cruise,True,False,4.508449338838048,"[11179150.127805341, 2560714.591450258, 372.9093322753906]","[11179153.752479324, 2560699.147689115, 372.9093322753906]"
1103,1475.9924477872057,1477.0500089642846,return_cruise,True,False,4.566900826594178,"[11179153.752479324, 2560699.147689115, 372.9093322753906]","[11179157.377153307, 2560683.703927971, 372.9093322753906]"
1104,1477.0500089642846,1477.1067255468447,return_cruise,True,False,4.6257445964982224,"[11179157.377153307, 2560683.703927971, 372.9093322753906]","[11179157.57154312, 2560682.8756852434, 372.9093322753906]"
1105,1477.1067255468447,1477.163442129405,return_cruise,True,False,4.628911548454937,"[11179157.57154312, 2560682.8756852434, 372.9093322753906]","[11179157.765932936, 2560682.047442516, 372.9093322753906]"
1106,1477.163442129405,1478.1642867239507,return_cruise,True,False,4.632079644560349,"[11179157.765932936, 2560682.047442516, 372.9093322753906]","[11179161.196217103, 2560667.4319240996, 372.9093322753906]"
1107,1478.1642867239507,1479.1651313184964,return_cruise,True,False,4.688174319156488,"[11179161.196217103, 2560667.4319240996, 372.9093322753906]","[11179164.62650127, 2560652.8164056838, 372.9093322753906]"
1108,1479.1651313184964,1480.2226924955753,return_cruise,True,False,4.744630083315357,"[11179164.62650127, 2560652.8164056838, 372.9093322753906]","[11179168.251175255, 2560637.3726445404, 372.9093322753906]"
1109,1480.2226924955753,1481.2802536726542,return_cruise,True,False,4.804682615681372,"[11179168.251175255, 2560637.3726445404, 372.9093322753906]","[11179171.875849236, 2560621.928883397, 372.9093322753906]"
1110,1481.2802536726542,1482.3378148497331,return_cruise,True,False,4.865149066747875,"[11179171.875849236, 2560621.928883397, 372.9093322753906]","[11179175.500523219, 2560606.485122253, 372.9093322753906]"
1111,1482.3378148497331,1483.395376026812,return_cruise,True,False,4.926035122308079,"[11179175.500523219, 2560606.485122253, 372.9093322753906]","[11179179.125197204, 2560591.0413611103, 372.9093322753906]"
1112,1483.395376026812,1484.4269274951193,return_cruise,True,False,4.98734658479799,"[11179179.125197204, 2560591.0413611103, 372.9093322753906]","[11179182.660725785, 2560575.977424546, 372.9093322753906]"
1113,1484.4269274951193,1485.4584789634266,return_cruise,True,False,5.047565650290053,"[11179182.660725785, 2560575.977424546, 372.9093322753906]","[11179186.196254367, 2560560.9134879825, 372.9093322753906]"
1114,1485.4584789634266,1485.4844886722253,return_cruise,True,False,5.108200697919983,"[11179186.196254367, 2560560.9134879825, 372.9093322753906]","[11179186.285399767, 2560560.533663403, 372.9093322753906]"
1115,1485.4844886722253,1485.510498381024,return_cruise,True,False,5.109734986246991,"[11179186.285399767, 2560560.533663403, 372.9093322753906]","[11179186.374545166, 2560560.1538388226, 372.9093322753906]"
1116,1485.510498381024,1486.568059558103,return_cruise,True,False,5.111269542763168,"[11179186.374545166, 2560560.1538388226, 372.9093322753906]","[11179189.99921915, 2560544.710077679, 372.9093322753906]"
1117,1486.568059558103,1487.6256207351819,return_cruise,True,False,5.173893255503657,"[11179189.99921915, 2560544.710077679, 372.9093322753906]","[11179193.623893132, 2560529.2663165354, 372.9093322753906]"
1118,1487.6256207351819,1488.6831819122742,return_cruise,True,False,5.236966816603427,"[11179193.623893132, 2560529.2663165354, 372.9093322753906]","[11179197.248567116, 2560513.822555392, 372.9093322753906]"
1119,1488.6831819122742,1489.7407430893666,return_cruise,True,False,5.300496661602054,"[11179197.248567116, 2560513.822555392, 372.9093322753906]","[11179200.873241099, 2560498.378794248, 372.9093322753906]"
1120,1489.7407430893666,1490.798304266459,return_cruise,True,False,5.364489363436718,"[11179200.873241099, 2560498.378794248, 372.9093322753906]","[11179204.49791508, 2560482.935033105, 372.9093322753906]"
1121,1490.798304266459,1491.8558654435512,return_cruise,True,False,5.428951636321258,"[11179204.49791508, 2560482.935033105, 372.9093322753906]","[11179208.122589061, 2560467.491271961, 372.9093322753906]"
1122,1491.8558654435512,1492.8046906204995,return_cruise,True,False,5.493890339786859,"[11179208.122589061, 2560467.491271961, 372.9093322753906]","[11179211.37458243, 2560453.6354027055, 372.9093322753906]"
1123,1492.8046906204995,1493.7535157974478,return_cruise,True,False,5.55256342362722,"[11179211.37458243, 2560453.6354027055, 372.9093322753906]","[11179214.626575798, 2560439.77953345, 372.9093322753906]"
1124,1493.7535157974478,1493.8622517975782,return_cruise,True,False,5.611630810328634,"[11179214.626575798, 2560439.77953345, 372.9093322753906]","[11179214.999256413, 2560438.191641562, 372.9093322753906]"
1125,1493.8622517975782,1493.9709877977086,return_cruise,True,False,5.618425391474432,"[11179214.999256413, 2560438.191641562, 372.9093322753906]","[11179215.371937029, 2560436.6037496747, 372.9093322753906]"
1126,1493.9709877977086,1495.0285489748146,return_cruise,True,False,5.625225228226853,"[11179215.371937029, 2560436.6037496747, 372.9093322753906]","[11179218.996611012, 2560421.1599885304, 372.9093322753906]"
1127,1495.0285489748146,1496.0861101519206,return_cruise,True,False,5.69163589701688,"[11179218.996611012, 2560421.1599885304, 372.9093322753906]","[11179222.621284993, 2560405.716227387, 372.9093322753906]"
1128,1496.0861101519206,1497.1436713289995,return_cruise,True,False,5.758551973097681,"[11179222.621284993, 2560405.716227387, 372.9093322753906]","[11179226.245958975, 2560390.2724662432, 372.9093322753906]"
1129,1497.1436713289995,1498.2012325060784,return_cruise,True,False,5.825981108057846,"[11179226.245958975, 2560390.2724662432, 372.9093322753906]","[11179229.870632958, 2560374.8287051, 372.9093322753906]"
1130,1498.2012325060784,1499.2587936831574,return_cruise,True,False,5.893931126118503,"[11179229.870632958, 2560374.8287051, 372.9093322753906]","[11179233.49530694, 2560359.384943957, 372.9093322753906]"
1131,1499.2587936831574,1500.3163548602363,return_cruise,True,False,5.962410029294759,"[11179233.49530694, 2560359.384943957, 372.9093322753906]","[11179237.119980926, 2560343.941182813, 372.9093322753906]"
1132,1500.3163548602363,1501.1824537462771,return_cruise,True,False,6.0314260027470965,"[11179237.119980926, 2560343.941182813, 372.9093322753906]","[11179240.088439077, 2560331.293380859, 372.9093322753906]"
1133,1501.1824537462771,1502.048552632318,return_cruise,True,False,6.08835311041247,"[11179240.088439077, 2560331.293380859, 372.9093322753906]","[11179243.05689723, 2560318.6455789036, 372.9093322753906]"
1134,1502.048552632318,1502.240014923383,return_cruise,True,False,6.145650736553307,"[11179243.05689723, 2560318.6455789036, 372.9093322753906]","[11179243.71311306, 2560315.8496197145, 372.9093322753906]"
1135,1502.240014923383,1502.4314772144478,return_cruise,True,False,6.158367597064483,"[11179243.71311306, 2560315.8496197145, 372.9093322753906]","[11179244.369328888, 2560313.0536605255, 372.9093322753906]"
1136,1502.4314772144478,1503.4890383915267,return_cruise,True,False,6.1711028501946,"[11179244.369328888, 2560313.0536605255, 372.9093322753906]","[11179247.994002871, 2560297.609899382, 372.9093322753906]"
1137,1503.4890383915267,1504.5465995686056,return_cruise,True,False,6.241781061086272,"[11179247.994002871, 2560297.609899382, 372.9093322753906]","[11179251.618676854, 2560282.1661382387, 372.9093322753906]"
1138,1504.5465995686056,1505.6041607456846,return_cruise,True,False,6.313031028187893,"[11179251.618676854, 2560282.1661382387, 372.9093322753906]","[11179255.243350837, 2560266.7223770954, 372.9093322753906]"
1139,1505.6041607456846,1506.6617219227635,return_cruise,True,False,6.384861939720722,"[11179255.243350837, 2560266.7223770954, 372.9093322753906]","[11179258.86802482, 2560251.278615952, 372.9093322753906]"
1140,1506.6617219227635,1507.7192830998695,return_cruise,True,False,6.457283203582094,"[11179258.86802482, 2560251.278615952, 372.9093322753906]","[11179262.492698802, 2560235.834854808, 372.9093322753906]"
1141,1507.7192830998695,1508.7768442769752,return_cruise,True,False,6.530304454275978,"[11179262.492698802, 2560235.834854808, 372.9093322753906]","[11179266.117372785, 2560220.3910936643, 372.9093322753906]"
1142,1508.7768442769752,1509.5602168716573,return_cruise,True,False,6.603935560114664,"[11179266.117372785, 2560220.3910936643, 372.9093322753906]","[11179268.802295722, 2560208.9513590178, 372.9093322753906]"
1143,1509.5602168716573,1510.3435894663394,return_cruise,True,False,6.658875824227877,"[11179268.802295722, 2560208.9513590178, 372.9093322753906]","[11179271.487218661, 2560197.5116243707, 372.9093322753906]"
1144,1510.3435894663394,1510.6177780487362,return_cruise,True,False,6.714160447255779,"[11179271.487218661, 2560197.5116243707, 372.9093322753906]","[11179272.426969705, 2560193.5075978744, 372.9093322753906]"
1145,1510.6177780487362,1510.891966631133,return_cruise,True,False,6.733592788568089,"[11179272.426969705, 2560193.5075978744, 372.9093322753906]","[11179273.36672075, 2560189.5035713776, 372.9093322753906]"
1146,1510.891966631133,1511.9495278082254,return_cruise,True,False,6.753068024677873,"[11179273.36672075, 2560189.5035713776, 372.9093322753906]","[11179276.991394732, 2560174.0598102342, 372.9093322753906]"
1147,1511.9495278082254,1513.0070889853178,return_cruise,True,False,6.828590357882632,"[11179276.991394732, 2560174.0598102342, 372.9093322753906]","[11179280.616068717, 2560158.6160490904, 372.9093322753906]"
1148,1513.0070889853178,1514.06465016241,return_cruise,True,False,6.904764511690956,"[11179280.616068717, 2560158.6160490904, 372.9093322753906]","[11179284.240742698, 2560143.172287947, 372.9093322753906]"
1149,1514.06465016241,1515.1222113395024,return_cruise,True,False,6.9816016417719595,"[11179284.240742698, 2560143.172287947, 372.9093322753906]","[11179287.86541668, 2560127.728526803, 372.9093322753906]"
1150,1515.1222113395024,1516.1797725165814,return_cruise,True,False,7.059113187222991,"[11179287.86541668, 2560127.728526803, 372.9093322753906]","[11179291.490090664, 2560112.28476566, 372.9093322753906]"
1151,1516.1797725165814,1517.2373336936603,return_cruise,True,False,7.137310880011654,"[11179291.490090664, 2560112.28476566, 372.9093322753906]","[11179295.114764646, 2560096.8410045165, 372.9093322753906]"
1152,1517.2373336936603,1517.9379799970106,return_cruise,True,False,7.216206754838893,"[11179295.114764646, 2560096.8410045165, 372.9093322753906]","[11179297.516152369, 2560086.609337177, 372.9093322753906]"
1153,1517.9379799970106,1518.6386263003608,return_cruise,True,False,7.268866691025835,"[11179297.516152369, 2560086.609337177, 372.9093322753906]","[11179299.917540092, 2560076.377669838, 372.9093322753906]"
1154,1518.6386263003608,1518.9955411741164,return_cruise,True,False,7.321842155617915,"[11179299.917540092, 2560076.377669838, 372.9093322753906]","[11179301.140826352, 2560071.1655760333, 372.9093322753906]"
1155,1518.9955411741164,1519.352456047872,return_cruise,True,False,7.348950787503227,"[11179301.140826352, 2560071.1655760333, 372.9093322753906]","[11179302.364112612, 2560065.953482229, 372.9093322753906]"
1156,1519.352456047872,1520.410017224951,return_cruise,True,False,7.3761427651885185,"[11179302.364112612, 2560065.953482229, 372.9093322753906]","[11179305.988786593, 2560050.5097210854, 372.9093322753906]"
1157,1520.410017224951,1521.4675784020299,return_cruise,True,False,7.457208578376978,"[11179305.988786593, 2560050.5097210854, 372.9093322753906]","[11179309.613460576, 2560035.065959942, 372.9093322753906]"
1158,1521.4675784020299,1522.5251395791088,return_cruise,True,False,7.5390239517142135,"[11179309.613460576, 2560035.065959942, 372.9093322753906]","[11179313.238134557, 2560019.6221987987, 372.9093322753906]"
1159,1522.5251395791088,1523.5827007561877,return_cruise,True,False,7.621602596470282,"[11179313.238134557, 2560019.6221987987, 372.9093322753906]","[11179316.862808542, 2560004.1784376553, 372.9093322753906]"
1160,1523.5827007561877,1524.6402619332935,return_cruise,True,False,7.704958595107101,"[11179316.862808542, 2560004.1784376553, 372.9093322753906]","[11179320.487482524, 2559988.7346765115, 372.9093322753906]"
1161,1524.6402619332935,1525.6978231103994,return_cruise,True,False,7.789106414417617,"[11179320.487482524, 2559988.7346765115, 372.9093322753906]","[11179324.112156508, 2559973.2909153677, 372.9093322753906]"
1162,1525.6978231103994,1526.315743122815,return_cruise,True,False,7.874060919285384,"[11179324.112156508, 2559973.2909153677, 372.9093322753906]","[11179326.230009016, 2559964.26731533, 372.9093322753906]"
1163,1526.315743122815,1526.9336631352307,return_cruise,True,False,7.924078233384847,"[11179326.230009016, 2559964.26731533, 372.9093322753906]","[11179328.347861527, 2559955.243715292, 372.9093322753906]"
1164,1526.9336631352307,1527.3733042998938,return_cruise,True,False,7.974379265541685,"[11179328.347861527, 2559955.243715292, 372.9093322753906]","[11179329.854682999, 2559948.823554186, 372.9093322753906]"
1165,1527.3733042998938,1527.8129454645568,return_cruise,True,False,8.01034220457504,"[11179329.854682999, 2559948.823554186, 372.9093322753906]","[11179331.36150447, 2559942.403393081, 372.9093322753906]"
1166,1527.8129454645568,1528.8705066416492,return_cruise,True,False,8.046451522173399,"[11179331.36150447, 2559942.403393081, 372.9093322753906]","[11179334.986178454, 2559926.959631937, 372.9093322753906]"
1167,1528.8705066416492,1529.9280678187415,return_cruise,True,False,8.13391947249788,"[11179334.986178454, 2559926.959631937, 372.9093322753906]","[11179338.610852437, 2559911.5158707937, 372.9093322753906]"
1168,1529.9280678187415,1530.9856289958338,return_cruise,True,False,8.222257844888858,"[11179338.610852437, 2559911.5158707937, 372.9093322753906]","[11179342.235526422, 2559896.0721096504, 372.9093322753906]"
1169,1530.9856289958338,1532.0431901729262,return_cruise,True,False,8.31148372263047,"[11179342.235526422, 2559896.0721096504, 372.9093322753906]","[11179345.860200403, 2559880.6283485065, 372.9093322753906]"
1170,1532.0431901729262,1533.100751350005,return_cruise,True,False,8.401614683145212,"[11179345.860200403, 2559880.6283485065, 372.9093322753906]","[11179349.484874386, 2559865.184587363, 372.9093322753906]"
1171,1533.100751350005,1534.158312527084,return_cruise,True,False,8.492668816623237,"[11179349.484874386, 2559865.184587363, 372.9093322753906]","[11179353.109548368, 2559849.74082622, 372.9093322753906]"
1172,1534.158312527084,1534.693506248168,return_cruise,True,False,8.584664745471358,"[11179353.109548368, 2559849.74082622, 372.9093322753906]","[11179354.943865662, 2559841.9252934894, 372.9093322753906]"
1173,1534.693506248168,1535.228699969252,return_cruise,True,False,8.631585563849825,"[11179354.943865662, 2559841.9252934894, 372.9093322753906]","[11179356.778182955, 2559834.109760759, 372.9093322753906]"
1174,1535.228699969252,1535.7510674252737,return_cruise,True,False,8.678755019062748,"[11179356.778182955, 2559834.109760759, 372.9093322753906]","[11179358.568539644, 2559826.4815323455, 372.9093322753906]"
1175,1535.7510674252737,1536.2734348812958,return_cruise,True,False,8.725036264697565,"[11179358.568539644, 2559826.4815323455, 372.9093322753906]","[11179360.358896334, 2559818.853303932, 372.9093322753906]"
1176,1536.2734348812958,1537.3309960583747,return_cruise,True,False,8.77155926308184,"[11179360.358896334, 2559818.853303932, 372.9093322753906]","[11179363.983570317, 2559803.4095427888, 372.9093322753906]"
1177,1537.3309960583747,1538.3885572354536,return_cruise,True,False,8.866497945655894,"[11179363.983570317, 2559803.4095427888, 372.9093322753906]","[11179367.6082443, 2559787.9657816454, 372.9093322753906]"
1178,1538.3885572354536,1539.4461184125325,return_cruise,True,False,8.962458656828531,"[11179367.6082443, 2559787.9657816454, 372.9093322753906]","[11179371.23291828, 2559772.522020502, 372.9093322753906]"
1179,1539.4461184125325,1540.5036795896115,return_cruise,True,False,9.059463004871645,"[11179371.23291828, 2559772.522020502, 372.9093322753906]","[11179374.857592262, 2559757.0782593586, 372.9093322753906]"
1180,1540.5036795896115,1541.5612407667174,return_cruise,True,False,9.157533267478328,"[11179374.857592262, 2559757.0782593586, 372.9093322753906]","[11179378.482266247, 2559741.634498215, 372.9093322753906]"
1181,1541.5612407667174,1542.6188019438234,return_cruise,True,False,9.256692418500236,"[11179378.482266247, 2559741.634498215, 372.9093322753906]","[11179382.106940228, 2559726.190737071, 372.9093322753906]"
1182,1542.6188019438234,1543.0712693735486,return_cruise,True,False,9.356964155982553,"[11179382.106940228, 2559726.190737071, 372.9093322753906]","[11179383.65772231, 2559719.5832716483, 372.9093322753906]"
1183,1543.0712693735486,1543.5237368032738,return_cruise,True,False,9.400210308955707,"[11179383.65772231, 2559719.5832716483, 372.9093322753906]","[11179385.208504386, 2559712.975806226, 372.9093322753906]"
1184,1543.5237368032738,1544.1288305506275,return_cruise,True,False,9.44366654233491,"[11179385.208504386, 2559712.975806226, 372.9093322753906]","[11179387.28239629, 2559704.139510505, 372.9093322753906]"
1185,1544.1288305506275,1544.7339242979813,return_cruise,True,False,9.502113216776237,"[11179387.28239629, 2559704.139510505, 372.9093322753906]","[11179389.356288195, 2559695.3032147842, 372.9093322753906]"
1186,1544.7339242979813,1545.7914854750602,return_cruise,True,False,9.560943981256273,"[11179389.356288195, 2559695.3032147842, 372.9093322753906]","[11179392.980962176, 2559679.8594536404, 372.9093322753906]"
1187,1545.7914854750602,1546.8490466521391,return_cruise,True,False,9.664703357689802,"[11179392.980962176, 2559679.8594536404, 372.9093322753906]","[11179396.605636159, 2559664.415692497, 372.9093322753906]"
1188,1546.8490466521391,1547.906607829245,return_cruise,True,False,9.76967796397281,"[11179396.605636159, 2559664.415692497, 372.9093322753906]","[11179400.230310142, 2559648.9719313537, 372.9093322753906]"
1189,1547.906607829245,1548.9641690063509,return_cruise,True,False,9.8758955891511,"[11179400.230310142, 2559648.9719313537, 372.9093322753906]","[11179403.854984125, 2559633.52817021, 372.9093322753906]"
1190,1548.9641690063509,1550.0217301834298,return_cruise,True,False,9.983384945413633,"[11179403.854984125, 2559633.52817021, 372.9093322753906]","[11179407.479658108, 2559618.0844090665, 372.9093322753906]"
1191,1550.0217301834298,1551.0792913605087,return_cruise,True,False,10.092175707096473,"[11179407.479658108, 2559618.0844090665, 372.9093322753906]","[11179411.10433209, 2559602.6406479226, 372.9093322753906]"
1192,1551.0792913605087,1551.4490324993264,return_cruise,True,False,10.202298551625958,"[11179411.10433209, 2559602.6406479226, 372.9093322753906]","[11179412.371578954, 2559597.241249801, 372.9093322753906]"
1193,1551.4490324993264,1551.8187736381442,return_cruise,True,False,10.241119446716652,"[11179412.371578954, 2559597.241249801, 372.9093322753906]","[11179413.63882582, 2559591.84185168, 372.9093322753906]"
1194,1551.8187736381442,1552.5065936764188,return_cruise,True,False,10.280108419390174,"[11179413.63882582, 2559591.84185168, 372.9093322753906]","[11179415.996252937, 2559581.7974886578, 372.9093322753906]"
1195,1552.5065936764188,1553.1944137146934,return_cruise,True,False,10.353090591625417,"[11179415.996252937, 2559581.7974886578, 372.9093322753906]","[11179418.353680054, 2559571.753125636, 372.9093322753906]"
1196,1553.1944137146934,1554.2519748917857,return_cruise,True,False,10.426668473995676,"[11179418.353680054, 2559571.753125636, 372.9093322753906]","[11179421.978354039, 2559556.309364492, 372.9093322753906]"
1197,1554.2519748917857,1555.309536068878,return_cruise,True,False,10.540982319081252,"[11179421.978354039, 2559556.309364492, 372.9093322753906]","[11179425.60302802, 2559540.8656033487, 372.9093322753906]"
1198,1555.309536068878,1556.367097245957,return_cruise,True,False,10.65676187827026,"[11179425.60302802, 2559540.8656033487, 372.9093322753906]","[11179429.227702003, 2559525.421842205, 372.9093322753906]"
1199,1556.367097245957,1557.424658423036,return_cruise,True,False,10.774043531990912,"[11179429.227702003, 2559525.421842205, 372.9093322753906]","[11179432.852375984, 2559509.9780810615, 372.9093322753906]"
1200,1557.424658423036,1558.482219600142,return_cruise,True,False,10.89286495496708,"[11179432.852375984, 2559509.9780810615, 372.9093322753906]","[11179436.47704997, 2559494.5343199177, 372.9093322753906]"
1201,1558.482219600142,1559.5397807772479,return_cruise,True,False,11.013265173432217,"[11179436.47704997, 2559494.5343199177, 372.9093322753906]","[11179440.10172395, 2559479.0905587743, 372.9093322753906]"
1202,1559.5397807772479,1559.8267956247066,return_cruise,True,False,11.135284624977231,"[11179440.10172395, 2559479.0905587743, 372.9093322753906]","[11179441.085435601, 2559474.8992279605, 372.9093322753906]"
1203,1559.8267956247066,1560.1138104721654,return_cruise,True,False,11.1686846615694,"[11179441.085435601, 2559474.8992279605, 372.9093322753906]","[11179442.069147252, 2559470.707897147, 372.9093322753906]"
1204,1560.1138104721654,1560.8843568017853,return_cruise,True,False,11.202207896802008,"[11179442.069147252, 2559470.707897147, 372.9093322753906]","[11179444.710109582, 2559459.455466817, 372.9093322753906]"
1205,1560.8843568017853,1561.6549031314053,return_cruise,True,False,11.292823511629763,"[11179444.710109582, 2559459.455466817, 372.9093322753906]","[11179447.351071917, 2559448.203036487, 372.9093322753906]"
1206,1561.6549031314053,1562.7124643084842,return_cruise,True,False,11.38435041443637,"[11179447.351071917, 2559448.203036487, 372.9093322753906]","[11179450.9757459, 2559432.7592753437, 372.9093322753906]"
1207,1562.7124643084842,1563.770025485563,return_cruise,True,False,11.511485264581054,"[11179450.9757459, 2559432.7592753437, 372.9093322753906]","[11179454.600419883, 2559417.3155142004, 372.9093322753906]"
1208,1563.770025485563,1564.827586662669,return_cruise,True,False,11.640416513161483,"[11179454.600419883, 2559417.3155142004, 372.9093322753906]","[11179458.225093864, 2559401.8717530565, 372.9093322753906]"
1209,1564.827586662669,1565.885147839775,return_cruise,True,False,11.771192657603095,"[11179458.225093864, 2559401.8717530565, 372.9093322753906]","[11179461.849767847, 2559386.427991913, 372.9093322753906]"
1210,1565.885147839775,1566.942709016854,return_cruise,True,False,11.903864030070665,"[11179461.849767847, 2559386.427991913, 372.9093322753906]","[11179465.47444183, 2559370.9842307693, 372.9093322753906]"
1211,1566.942709016854,1568.000270193933,return_cruise,True,False,12.038482879505608,"[11179465.47444183, 2559370.9842307693, 372.9093322753906]","[11179469.099115813, 2559355.540469626, 372.9093322753906]"
1212,1568.000270193933,1568.204558750272,return_cruise,True,False,12.175103457068161,"[11179469.099115813, 2559355.540469626, 372.9093322753906]","[11179469.799292248, 2559352.557206117, 372.9093322753906]"
1213,1568.204558750272,1568.4088473066113,return_cruise,True,False,12.20172977807735,"[11179469.799292248, 2559352.557206117, 372.9093322753906]","[11179470.499468682, 2559349.5739426073, 372.9093322753906]"
1214,1568.4088473066113,1569.2621199273644,return_cruise,True,False,12.228433303673071,"[11179470.499468682, 2559349.5739426073, 372.9093322753906]","[11179473.42396623, 2559337.113444973, 372.9093322753906]"
1215,1569.2621199273644,1570.1153925481176,return_cruise,True,False,12.340812657817963,"[11179473.42396623, 2559337.113444973, 372.9093322753906]","[11179476.348463777, 2559324.6529473388, 372.9093322753906]"
1216,1570.1153925481176,1571.17295372521,return_cruise,True,False,12.454577349098557,"[11179476.348463777, 2559324.6529473388, 372.9093322753906]","[11179479.97313776, 2559309.209186196, 372.9093322753906]"
1217,1571.17295372521,1572.2305149023023,return_cruise,True,False,12.597549993828295,"[11179479.97313776, 2559309.209186196, 372.9093322753906]","[11179483.597811742, 2559293.7654250516, 372.9093322753906]"
1218,1572.2305149023023,1573.2880760793812,return_cruise,True,False,12.742763221478668,"[11179483.597811742, 2559293.7654250516, 372.9093322753906]","[11179487.222485725, 2559278.321663908, 372.9093322753906]"
1219,1573.2880760793812,1574.3456372564601,return_cruise,True,False,12.890282693485005,"[11179487.222485725, 2559278.321663908, 372.9093322753906]","[11179490.84715971, 2559262.877902765, 372.9093322753906]"
1220,1574.3456372564601,1575.4031984335659,return_cruise,True,False,13.040176654665544,"[11179490.84715971, 2559262.877902765, 372.9093322753906]","[11179494.47183369, 2559247.434141621, 372.9093322753906]"
1221,1575.4031984335659,1576.4607596106719,return_cruise,True,False,13.192516039423126,"[11179494.47183369, 2559247.434141621, 372.9093322753906]","[11179498.096507672, 2559231.990380477, 372.9093322753906]"
1222,1576.4607596106719,1576.5823218758644,return_cruise,True,False,13.347374579521471,"[11179498.096507672, 2559231.990380477, 372.9093322753906]","[11179498.513148893, 2559230.2151842727, 372.9093322753906]"
1223,1576.5823218758644,1576.703884141057,return_cruise,True,False,13.365339783372463,"[11179498.513148893, 2559230.2151842727, 372.9093322753906]","[11179498.929790113, 2559228.4399880683, 372.9093322753906]"
1224,1576.703884141057,1577.6398830529433,return_cruise,True,False,13.383339399888115,"[11179498.929790113, 2559228.4399880683, 372.9093322753906]","[11179502.137822878, 2559214.7714231294, 372.9093322753906]"
1225,1577.6398830529433,1578.5758819648297,return_cruise,True,False,13.523097537842133,"[11179502.137822878, 2559214.7714231294, 372.9093322753906]","[11179505.345855638, 2559201.102858191, 372.9093322753906]"
1226,1578.5758819648297,1579.6334431419086,return_cruise,True,False,13.664958689466573,"[11179505.345855638, 2559201.102858191, 372.9093322753906]","[11179508.970529621, 2559185.659097047, 372.9093322753906]"
1227,1579.6334431419086,1580.6910043189876,return_cruise,True,False,13.827846682100528,"[11179508.970529621, 2559185.659097047, 372.9093322753906]","[11179512.595203605, 2559170.2153359037, 372.9093322753906]"
1228,1580.6910043189876,1581.7485654960935,return_cruise,True,False,13.99357888504396,"[11179512.595203605, 2559170.2153359037, 372.9093322753906]","[11179516.219877586, 2559154.77157476, 372.9093322753906]"
1229,1581.7485654960935,1582.8061266731995,return_cruise,True,False,14.162244613862057,"[11179516.219877586, 2559154.77157476, 372.9093322753906]","[11179519.844551567, 2559139.327813616, 372.9093322753906]"
1230,1582.8061266731995,1583.8636878502784,return_cruise,True,False,14.33393659449763,"[11179519.844551567, 2559139.327813616, 372.9093322753906]","[11179523.469225552, 2559123.884052473, 372.9093322753906]"
1231,1583.8636878502784,1584.9212490273574,return_cruise,True,False,14.508751041475506,"[11179523.469225552, 2559123.884052473, 372.9093322753906]","[11179527.093899535, 2559108.4402913293, 372.9093322753906]"
1232,1584.9212490273574,1584.960085001218,return_cruise,True,False,14.686787720701432,"[11179527.093899535, 2559108.4402913293, 372.9093322753906]","[11179527.22700554, 2559107.873162432, 372.9093322753906]"
1233,1584.960085001218,1584.9989209750786,return_cruise,True,False,14.693388280235993,"[11179527.22700554, 2559107.873162432, 372.9093322753906]","[11179527.360111544, 2559107.3060335354, 372.9093322753906]"
1234,1584.9989209750786,1586.0176461783103,return_cruise,True,False,14.699993329198165,"[11179527.360111544, 2559107.3060335354, 372.9093322753906]","[11179530.85167952, 2559092.4294012883, 372.9093322753906]"
1235,1586.0176461783103,1587.036371381542,return_cruise,True,False,14.87487468851451,"[11179530.85167952, 2559092.4294012883, 372.9093322753906]","[11179534.3432475, 2559077.552769042, 372.9093322753906]"
1236,1587.036371381542,1588.0939325586344,return_cruise,True,False,15.052944823734236,"[11179534.3432475, 2559077.552769042, 372.9093322753906]","[11179537.96792148, 2559062.1090078987, 372.9093322753906]"
1237,1588.0939325586344,1589.1514937357267,return_cruise,True,False,15.241282776227408,"[11179537.96792148, 2559062.1090078987, 372.9093322753906]","[11179541.592595464, 2559046.665246755, 372.9093322753906]"
1238,1589.1514937357267,1590.2090549128056,return_cruise,True,False,15.433277937062783,"[11179541.592595464, 2559046.665246755, 372.9093322753906]","[11179545.217269447, 2559031.2214856115, 372.9093322753906]"
1239,1590.2090549128056,1591.2666160898846,return_cruise,True,False,15.629047803971687,"[11179545.217269447, 2559031.2214856115, 372.9093322753906]","[11179548.84194343, 2559015.777724468, 372.9093322753906]"
1240,1591.2666160898846,1592.2802869497045,return_cruise,True,False,15.828713096571065,"[11179548.84194343, 2559015.777724468, 372.9093322753906]","[11179552.316188203, 2559000.974901732, 372.9093322753906]"
1241,1592.2802869497045,1593.2939578095245,return_cruise,True,False,16.02386271509812,"[11179552.316188203, 2559000.974901732, 372.9093322753906]","[11179555.790432978, 2558986.1720789955, 372.9093322753906]"
1242,1593.2939578095245,1593.3378481267969,return_cruise,True,False,16.222815851131003,"[11179555.790432978, 2558986.1720789955, 372.9093322753906]","[11179555.940862186, 2558985.5311405878, 372.9093322753906]"
1243,1593.3378481267969,1593.3817384440692,return_cruise,True,False,16.231517841143344,"[11179555.940862186, 2558985.5311405878, 372.9093322753906]","[11179556.091291394, 2558984.890202181, 372.9093322753906]"
1244,1593.3817384440692,1594.4392996211616,return_cruise,True,False,16.24022718240984,"[11179556.091291394, 2558984.890202181, 372.9093322753906]","[11179559.715965377, 2558969.4464410376, 372.9093322753906]"
1245,1594.4392996211616,1595.496860798254,return_cruise,True,False,16.45233046788529,"[11179559.715965377, 2558969.4464410376, 372.9093322753906]","[11179563.34063936, 2558954.0026798937, 372.9093322753906]"
1246,1595.496860798254,1596.5544219753328,return_cruise,True,False,16.668836951155143,"[11179563.34063936, 2558954.0026798937, 372.9093322753906]","[11179566.965313343, 2558938.5589187504, 372.9093322753906]"
1247,1596.5544219753328,1597.6119831524118,return_cruise,True,False,16.889876694273397,"[11179566.965313343, 2558938.5589187504, 372.9093322753906]","[11179570.589987326, 2558923.115157607, 372.9093322753906]"
1248,1597.6119831524118,1598.6695443295177,return_cruise,True,False,17.115579047237546,"[11179570.589987326, 2558923.115157607, 372.9093322753906]","[11179574.214661308, 2558907.671396463, 372.9093322753906]"
1249,1598.6695443295177,1599.7271055066235,return_cruise,True,False,17.346071167576085,"[11179574.214661308, 2558907.671396463, 372.9093322753906]","[11179577.839335289, 2558892.2276353193, 372.9093322753906]"
1250,1599.7271055066235,1600.6580500752968,return_cruise,True,False,17.581476144812214,"[11179577.839335289, 2558892.2276353193, 372.9093322753906]","[11179581.03004485, 2558878.6328798877, 372.9093322753906]"
1251,1600.6580500752968,1601.5889946439702,return_cruise,True,False,17.792855916040764,"[11179581.03004485, 2558878.6328798877, 372.9093322753906]","[11179584.22075441, 2558865.0381244565, 372.9093322753906]"
1252,1601.5889946439702,1601.7156112523758,return_cruise,True,False,18.008206801643652,"[11179584.22075441, 2558865.0381244565, 372.9093322753906]","[11179584.654718831, 2558863.1891187443, 372.9093322753906]"
1253,1601.7156112523758,1601.8422278607813,return_cruise,True,False,18.037806933575254,"[11179584.654718831, 2558863.1891187443, 372.9093322753906]","[11179585.088683257, 2558861.3401130326, 372.9093322753906]"
1254,1601.8422278607813,1602.8997890378603,return_cruise,True,False,18.067481916959068,"[11179585.088683257, 2558861.3401130326, 372.9093322753906]","[11179588.713357238, 2558845.8963518892, 372.9093322753906]"
1255,1602.8997890378603,1603.9573502149392,return_cruise,True,False,18.318284164401703,"[11179588.713357238, 2558845.8963518892, 372.9093322753906]","[11179592.338031221, 2558830.452590746, 372.9093322753906]"
1256,1603.9573502149392,1605.0149113920452,return_cruise,True,False,18.574393885581486,"[11179592.338031221, 2558830.452590746, 372.9093322753906]","[11179595.962705204, 2558815.008829602, 372.9093322753906]"
1257,1605.0149113920452,1606.0724725691512,return_cruise,True,False,18.835864214955834,"[11179595.962705204, 2558815.008829602, 372.9093322753906]","[11179599.587379185, 2558799.565068458, 372.9093322753906]"
1258,1606.0724725691512,1607.13003374623,return_cruise,True,False,19.10271788852492,"[11179599.587379185, 2558799.565068458, 372.9093322753906]","[11179603.21205317, 2558784.121307315, 372.9093322753906]"
1259,1607.13003374623,1608.187594923309,return_cruise,True,False,19.37493859664268,"[11179603.21205317, 2558784.121307315, 372.9093322753906]","[11179606.836727152, 2558768.6775461715, 372.9093322753906]"
1260,1608.187594923309,1609.0358132006504,return_cruise,True,False,19.65246038590152,"[11179606.836727152, 2558768.6775461715, 372.9093322753906]","[11179609.743901499, 2558756.290858047, 372.9093322753906]"
1261,1609.0358132006504,1609.8840314779918,return_cruise,True,False,19.87879373186442,"[11179609.743901499, 2558756.290858047, 372.9093322753906]","[11179612.65107584, 2558743.904169923, 372.9093322753906]"
1262,1609.8840314779918,1610.0933743777427,return_cruise,True,False,20.108354133368053,"[11179612.65107584, 2558743.904169923, 372.9093322753906]","[11179613.368575478, 2558740.8470969037, 372.9093322753906]"
1263,1610.0933743777427,1610.3027172774937,return_cruise,True,False,20.165491618970933,"[11179613.368575478, 2558740.8470969037, 372.9093322753906]","[11179614.086075116, 2558737.7900238843, 372.9093322753906]"
1264,1610.3027172774937,1611.360278454586,return_cruise,True,False,20.222814829570297,"[11179614.086075116, 2558737.7900238843, 372.9093322753906]","[11179617.7107491, 2558722.346262741, 372.9093322753906]"
1265,1611.360278454586,1612.4178396316784,return_cruise,True,False,20.51513670848415,"[11179617.7107491, 2558722.346262741, 372.9093322753906]","[11179621.335423082, 2558706.9025015966, 372.9093322753906]"
1266,1612.4178396316784,1613.4754008087573,return_cruise,True,False,20.811696577411,"[11179621.335423082, 2558706.9025015966, 372.9093322753906]","[11179624.960097063, 2558691.4587404537, 372.9093322753906]"
1267,1613.4754008087573,1614.5329619858362,return_cruise,True,False,21.111924077867215,"[11179624.960097063, 2558691.4587404537, 372.9093322753906]","[11179628.584771048, 2558676.0149793103, 372.9093322753906]"
1268,1614.5329619858362,1615.590523162942,return_cruise,True,False,21.41507104746981,"[11179628.584771048, 2558676.0149793103, 372.9093322753906]","[11179632.20944503, 2558660.5712181665, 372.9093322753906]"
1269,1615.590523162942,1616.648084340048,return_cruise,True,False,21.72017572481269,"[11179632.20944503, 2558660.5712181665, 372.9093322753906]","[11179635.834119014, 2558645.1274570227, 372.9093322753906]"
1270,1616.648084340048,1617.4135763262427,return_cruise,True,False,22.026022719043866,"[11179635.834119014, 2558645.1274570227, 372.9093322753906]","[11179638.457758144, 2558633.948836203, 372.9093322753906]"
1271,1617.4135763262427,1618.1790683124375,return_cruise,True,False,22.24702262037424,"[11179638.457758144, 2558633.948836203, 372.9093322753906]","[11179641.081397273, 2558622.7702153837, 372.9093322753906]"
1272,1618.1790683124375,1618.4711375033216,return_cruise,True,False,22.4669430938893,"[11179641.081397273, 2558622.7702153837, 372.9093322753906]","[11179642.082432127, 2558618.50507506, 372.9093322753906]"
1273,1618.4711375033216,1618.7632066942058,return_cruise,True,False,22.550407172886096,"[11179642.082432127, 2558618.50507506, 372.9093322753906]","[11179643.083466977, 2558614.239934736, 372.9093322753906]"
1274,1618.7632066942058,1619.8207678712847,return_cruise,True,False,22.63355313742666,"[11179643.083466977, 2558614.239934736, 372.9093322753906]","[11179646.70814096, 2558598.7961735926, 372.9093322753906]"
1275,1619.8207678712847,1620.8783290483636,return_cruise,True,False,22.931145587352617,"[11179646.70814096, 2558598.7961735926, 372.9093322753906]","[11179650.332814943, 2558583.3524124487, 372.9093322753906]"
1276,1620.8783290483636,1621.9358902254696,return_cruise,True,False,23.22122137721921,"[11179650.332814943, 2558583.3524124487, 372.9093322753906]","[11179653.957488926, 2558567.9086513054, 372.9093322753906]"
1277,1621.9358902254696,1622.9934514025756,return_cruise,True,False,23.500686590492535,"[11179653.957488926, 2558567.9086513054, 372.9093322753906]","[11179657.58216291, 2558552.464890161, 372.9093322753906]"
1278,1622.9934514025756,1624.0510125796545,return_cruise,True,False,23.76601396200917,"[11179657.58216291, 2558552.464890161, 372.9093322753906]","[11179661.20683689, 2558537.021129018, 372.9093322753906]"
1279,1624.0510125796545,1625.1085737567334,return_cruise,True,False,24.013283676042164,"[11179661.20683689, 2558537.021129018, 372.9093322753906]","[11179664.831510874, 2558521.577367875, 372.9093322753906]"
1280,1625.1085737567334,1625.7913394518087,return_cruise,True,False,24.238271529735357,"[11179664.831510874, 2558521.577367875, 372.9093322753906]","[11179667.171614788, 2558511.6068143593, 372.9093322753906]"
1281,1625.7913394518087,1626.4741051468839,return_cruise,True,False,24.369635436608178,"[11179667.171614788, 2558511.6068143593, 372.9093322753906]","[11179669.511718705, 2558501.6362608443, 372.9093322753906]"
1282,1626.4741051468839,1626.8489006289012,return_cruise,True,False,24.488704286549122,"[11179669.511718705, 2558501.6362608443, 372.9093322753906]","[11179670.796288772, 2558496.1630532155, 372.9093322753906]"
1283,1626.8489006289012,1627.2236961109184,return_cruise,True,False,24.54842255076639,"[11179670.796288772, 2558496.1630532155, 372.9093322753906]","[11179672.08085884, 2558490.6898455876, 372.9093322753906]"
1284,1627.2236961109184,1628.2812572880107,return_cruise,True,False,24.603907595150076,"[11179672.08085884, 2558490.6898455876, 372.9093322753906]","[11179675.705532823, 2558475.2460844438, 372.9093322753906]"
1285,1628.2812572880107,1629.338818465103,return_cruise,True,False,24.73616956358265,"[11179675.705532823, 2558475.2460844438, 372.9093322753906]","[11179679.330206806, 2558459.8023233004, 372.9093322753906]"
1286,1629.338818465103,1630.2544549322276,return_cruise,True,False,24.829913324614793,"[11179679.330206806, 2558459.8023233004, 372.9093322753906]","[11179682.468449539, 2558446.431114902, 372.9093322753906]"
1287,1630.2544549322276,1631.1700913993523,return_cruise,True,False,24.877924952553357,"[11179682.468449539, 2558446.431114902, 372.9093322753906]","[11179685.606692273, 2558433.059906504, 372.9093322753906]"
1288,1631.1700913993523,1753.7747575370477,return_descent,True,False,24.894047506859252,"[11179685.606692273, 2558433.059906504, 372.9093322753906]","[11179685.606692273, 2558433.059906504, 127.69999999999999]"
