candidate_id,case,route,visit_order,box_set,drone_type,hard_deadline_ok,transport_energy_ok,payload_ok,reserve_ok,communication_geometry_pass,worst_joint_margin,relay_status,relay_chain_ok,component_ok,relay_resource_status,route_feasible,failure_stage,relay_energy_kwh,transport_energy_kwh,total_energy_kwh,makespan_s,relay_blocks
DOUBLE_0001,DOUBLE,O01->S001->S008->O01,S001->S008,"[""S008-MED-01""]",B,True,True,True,True,False,-6.213629794260157,NOT_EVALUATED_AFTER_GEOMETRY_FAIL,False,False,NOT_EVALUATED_AFTER_GEOMETRY_FAIL,False,COMMUNICATION_GEOMETRY,,2.578199500707028,,1819.197444941673,4
DOUBLE_0002,DOUBLE,O01->S001->S008->O01,S001->S008,"[""S008-MED-01""]",C,True,True,True,True,False,-6.213629794260157,NOT_EVALUATED_AFTER_GEOMETRY_FAIL,False,False,NOT_EVALUATED_AFTER_GEOMETRY_FAIL,False,COMMUNICATION_GEOMETRY,,5.407305783108311,,1896.889630407168,4
DOUBLE_0003,DOUBLE,O01->S001->S008->O01,S001->S008,"[""S008-MED-01"", ""S008-WAT-01""]",B,True,True,True,True,False,-6.213629794260157,NOT_EVALUATED_AFTER_GEOMETRY_FAIL,False,False,NOT_EVALUATED_AFTER_GEOMETRY_FAIL,False,COMMUNICATION_GEOMETRY,,2.8669631718704647,,1879.197444941673,4
DOUBLE_0004,DOUBLE,O01->S001->S008->O01,S001->S008,"[""S008-MED-01"", ""S008-WAT-01""]",C,True,True,True,True,False,-6.213629794260157,NOT_EVALUATED_AFTER_GEOMETRY_FAIL,False,False,NOT_EVALUATED_AFTER_GEOMETRY_FAIL,False,COMMUNICATION_GEOMETRY,,5.5687697594078935,,1962.889630407168,4
DOUBLE_0005,DOUBLE,O01->S001->S008->O01,S001->S008,"[""S008-MED-01"", ""S008-WAT-01"", ""S008-WAT-02""]",B,True,False,False,False,False,-6.213629794260157,NOT_EVALUATED_AFTER_GEOMETRY_FAIL,False,False,NOT_EVALUATED_AFTER_GEOMETRY_FAIL,False,PAYLOAD_VOLUME,,3.5645297621260053,,1939.197444941673,4
DOUBLE_0006,DOUBLE,O01->S001->S008->O01,S001->S008,"[""S008-MED-01"", ""S008-WAT-01"", ""S008-WAT-02""]",C,True,True,True,True,False,-6.213629794260157,NOT_EVALUATED_AFTER_GEOMETRY_FAIL,False,False,NOT_EVALUATED_AFTER_GEOMETRY_FAIL,False,COMMUNICATION_GEOMETRY,,5.8466832650427785,,2028.889630407168,4
DOUBLE_0007,DOUBLE,O01->S001->S008->O01,S001->S008,"[""S008-FOD-01"", ""S008-HYG-01"", ""S008-MED-01"", ""S008-WAT-01"", ""S008-WAT-02""]",B,True,False,False,False,False,-6.213629794260157,NOT_EVALUATED_AFTER_GEOMETRY_FAIL,False,False,NOT_EVALUATED_AFTER_GEOMETRY_FAIL,False,PAYLOAD_VOLUME,,3.581916824940929,,2059.197444941673,4
DOUBLE_0008,DOUBLE,O01->S001->S008->O01,S001->S008,"[""S008-FOD-01"", ""S008-HYG-01"", ""S008-MED-01"", ""S008-WAT-01"", ""S008-WAT-02""]",C,True,True,True,True,False,-6.213629794260157,NOT_EVALUATED_AFTER_GEOMETRY_FAIL,False,False,NOT_EVALUATED_AFTER_GEOMETRY_FAIL,False,COMMUNICATION_GEOMETRY,,6.266755581347207,,2160.889630407168,4
DOUBLE_0009,DOUBLE,O01->S001->S008->O01,S001->S008,"[""S001-MED-01"", ""S008-MED-01"", ""S008-WAT-01""]",B,True,True,True,True,False,-6.213629794260157,NOT_EVALUATED_AFTER_GEOMETRY_FAIL,False,False,NOT_EVALUATED_AFTER_GEOMETRY_FAIL,False,COMMUNICATION_GEOMETRY,,2.9038653442371087,,1939.197444941673,4
DOUBLE_0010,DOUBLE,O01->S001->S008->O01,S001->S008,"[""S001-MED-01"", ""S008-MED-01"", ""S008-WAT-01""]",C,True,True,True,True,False,-6.213629794260157,NOT_EVALUATED_AFTER_GEOMETRY_FAIL,False,False,NOT_EVALUATED_AFTER_GEOMETRY_FAIL,False,COMMUNICATION_GEOMETRY,,5.58595558890937,,2028.889630407168,4
DOUBLE_0011,DOUBLE,O01->S001->S008->O01,S001->S008,"[""S001-MED-01"", ""S001-MED-02"", ""S008-MED-01"", ""S008-WAT-01""]",B,True,True,True,True,False,-6.213629794260157,NOT_EVALUATED_AFTER_GEOMETRY_FAIL,False,False,NOT_EVALUATED_AFTER_GEOMETRY_FAIL,False,COMMUNICATION_GEOMETRY,,2.949117033502914,,1999.197444941673,4
DOUBLE_0012,DOUBLE,O01->S001->S008->O01,S001->S008,"[""S001-MED-01"", ""S001-MED-02"", ""S008-MED-01"", ""S008-WAT-01""]",C,True,True,True,True,False,-6.213629794260157,NOT_EVALUATED_AFTER_GEOMETRY_FAIL,False,False,NOT_EVALUATED_AFTER_GEOMETRY_FAIL,False,COMMUNICATION_GEOMETRY,,5.604907638510561,,2094.889630407168,4
DOUBLE_0013,DOUBLE,O01->S001->S008->O01,S001->S008,"[""S001-MED-01"", ""S008-FOD-01"", ""S008-HYG-01"", ""S008-MED-01"", ""S008-WAT-01"", ""S008-WAT-02""]",B,True,False,False,False,False,-6.213629794260157,NOT_EVALUATED_AFTER_GEOMETRY_FAIL,False,False,NOT_EVALUATED_AFTER_GEOMETRY_FAIL,False,PAYLOAD_VOLUME,,3.583567228118191,,2119.197444941673,4
DOUBLE_0014,DOUBLE,O01->S001->S008->O01,S001->S008,"[""S001-MED-01"", ""S008-FOD-01"", ""S008-HYG-01"", ""S008-MED-01"", ""S008-WAT-01"", ""S008-WAT-02""]",C,True,True,True,True,False,-6.213629794260157,NOT_EVALUATED_AFTER_GEOMETRY_FAIL,False,False,NOT_EVALUATED_AFTER_GEOMETRY_FAIL,False,COMMUNICATION_GEOMETRY,,6.305969575212292,,2226.889630407168,4
DOUBLE_0015,DOUBLE,O01->S001->S008->O01,S001->S008,"[""S001-MED-01"", ""S001-MED-02"", ""S008-FOD-01"", ""S008-HYG-01"", ""S008-MED-01"", ""S008-WAT-01"", ""S008-WAT-02""]",B,True,False,False,False,False,-6.213629794260157,NOT_EVALUATED_AFTER_GEOMETRY_FAIL,False,False,NOT_EVALUATED_AFTER_GEOMETRY_FAIL,False,PAYLOAD_VOLUME,,3.585217631295452,,2179.197444941673,4
DOUBLE_0016,DOUBLE,O01->S001->S008->O01,S001->S008,"[""S001-MED-01"", ""S001-MED-02"", ""S008-FOD-01"", ""S008-HYG-01"", ""S008-MED-01"", ""S008-WAT-01"", ""S008-WAT-02""]",C,True,True,True,True,False,-6.213629794260157,NOT_EVALUATED_AFTER_GEOMETRY_FAIL,False,False,NOT_EVALUATED_AFTER_GEOMETRY_FAIL,False,COMMUNICATION_GEOMETRY,,6.348881327614219,,2292.889630407168,4
DOUBLE_0017,DOUBLE,O01->S001->S008->O01,S001->S008,"[""S001-FOD-01"", ""S001-FOD-02"", ""S001-FOD-03"", ""S001-HYG-01"", ""S001-HYG-02"", ""S001-MED-01"", ""S001-MED-02"", ""S001-WAT-01"", ""S001-WAT-02"", ""S001-WAT-03"", ""S001-WAT-04"", ""S001-WAT-05"", ""S001-WAT-06"", ""S001-WAT-07"", ""S001-WAT-08"", ""S008-MED-01""]",B,True,True,False,True,False,-6.213629794260157,NOT_EVALUATED_AFTER_GEOMETRY_FAIL,False,False,NOT_EVALUATED_AFTER_GEOMETRY_FAIL,False,PAYLOAD_VOLUME,,2.985135444618956,,2719.197444941673,4
DOUBLE_0018,DOUBLE,O01->S001->S008->O01,S001->S008,"[""S001-FOD-01"", ""S001-FOD-02"", ""S001-FOD-03"", ""S001-HYG-01"", ""S001-HYG-02"", ""S001-MED-01"", ""S001-MED-02"", ""S001-WAT-01"", ""S001-WAT-02"", ""S001-WAT-03"", ""S001-WAT-04"", ""S001-WAT-05"", ""S001-WAT-06"", ""S001-WAT-07"", ""S001-WAT-08"", ""S008-MED-01""]",C,True,False,False,False,False,-6.213629794260157,NOT_EVALUATED_AFTER_GEOMETRY_FAIL,False,False,NOT_EVALUATED_AFTER_GEOMETRY_FAIL,False,PAYLOAD_VOLUME,,6.588029833056977,,2886.889630407168,4
DOUBLE_0019,DOUBLE,O01->S001->S008->O01,S001->S008,"[""S001-FOD-01"", ""S001-FOD-02"", ""S001-FOD-03"", ""S001-HYG-01"", ""S001-HYG-02"", ""S001-MED-01"", ""S001-MED-02"", ""S001-WAT-01"", ""S001-WAT-02"", ""S001-WAT-03"", ""S001-WAT-04"", ""S001-WAT-05"", ""S001-WAT-06"", ""S001-WAT-07"", ""S001-WAT-08"", ""S008-MED-01"", ""S008-WAT-01""]",B,True,True,False,True,False,-6.213629794260157,NOT_EVALUATED_AFTER_GEOMETRY_FAIL,False,False,NOT_EVALUATED_AFTER_GEOMETRY_FAIL,False,PAYLOAD_VOLUME,,3.182005765794627,,2779.197444941673,4
DOUBLE_0020,DOUBLE,O01->S001->S008->O01,S001->S008,"[""S001-FOD-01"", ""S001-FOD-02"", ""S001-FOD-03"", ""S001-HYG-01"", ""S001-HYG-02"", ""S001-MED-01"", ""S001-MED-02"", ""S001-WAT-01"", ""S001-WAT-02"", ""S001-WAT-03"", ""S001-WAT-04"", ""S001-WAT-05"", ""S001-WAT-06"", ""S001-WAT-07"", ""S001-WAT-08"", ""S008-MED-01"", ""S008-WAT-01""]",C,True,False,False,False,False,-6.213629794260157,NOT_EVALUATED_AFTER_GEOMETRY_FAIL,False,False,NOT_EVALUATED_AFTER_GEOMETRY_FAIL,False,PAYLOAD_VOLUME,,6.700706589571574,,2952.889630407168,4
DOUBLE_0021,DOUBLE,O01->S001->S008->O01,S001->S008,"[""S001-FOD-01"", ""S001-FOD-02"", ""S001-FOD-03"", ""S001-HYG-01"", ""S001-HYG-02"", ""S001-MED-01"", ""S001-MED-02"", ""S001-WAT-01"", ""S001-WAT-02"", ""S001-WAT-03"", ""S001-WAT-04"", ""S001-WAT-05"", ""S001-WAT-06"", ""S001-WAT-07"", ""S001-WAT-08"", ""S008-FOD-01"", ""S008-HYG-01"", ""S008-MED-01"", ""S008-WAT-01"", ""S008-WAT-02""]",B,True,False,False,False,False,-6.213629794260157,NOT_EVALUATED_AFTER_GEOMETRY_FAIL,False,False,NOT_EVALUATED_AFTER_GEOMETRY_FAIL,False,PAYLOAD_VOLUME,,3.666637521373679,,2959.197444941673,4
DOUBLE_0022,DOUBLE,O01->S001->S008->O01,S001->S008,"[""S001-FOD-01"", ""S001-FOD-02"", ""S001-FOD-03"", ""S001-HYG-01"", ""S001-HYG-02"", ""S001-MED-01"", ""S001-MED-02"", ""S001-WAT-01"", ""S001-WAT-02"", ""S001-WAT-03"", ""S001-WAT-04"", ""S001-WAT-05"", ""S001-WAT-06"", ""S001-WAT-07"", ""S001-WAT-08"", ""S008-FOD-01"", ""S008-HYG-01"", ""S008-MED-01"", ""S008-WAT-01"", ""S008-WAT-02""]",C,True,False,False,False,False,-6.213629794260157,NOT_EVALUATED_AFTER_GEOMETRY_FAIL,False,False,NOT_EVALUATED_AFTER_GEOMETRY_FAIL,False,PAYLOAD_VOLUME,,7.1741161486714695,,3150.889630407168,4
DOUBLE_0023,DOUBLE,O01->S008->S001->O01,S008->S001,"[""S008-MED-01""]",B,True,True,True,True,False,-6.213629794260157,NOT_EVALUATED_AFTER_GEOMETRY_FAIL,False,False,NOT_EVALUATED_AFTER_GEOMETRY_FAIL,False,COMMUNICATION_GEOMETRY,,2.575356871032322,,1819.1688430963743,4
DOUBLE_0024,DOUBLE,O01->S008->S001->O01,S008->S001,"[""S008-MED-01""]",C,True,True,True,True,False,-6.213629794260157,NOT_EVALUATED_AFTER_GEOMETRY_FAIL,False,False,NOT_EVALUATED_AFTER_GEOMETRY_FAIL,False,COMMUNICATION_GEOMETRY,,5.405099950081869,,1896.8610285618693,4
DOUBLE_0025,DOUBLE,O01->S008->S001->O01,S008->S001,"[""S008-MED-01"", ""S008-WAT-01""]",B,True,True,True,True,False,-6.213629794260157,NOT_EVALUATED_AFTER_GEOMETRY_FAIL,False,False,NOT_EVALUATED_AFTER_GEOMETRY_FAIL,False,COMMUNICATION_GEOMETRY,,2.8316094328377828,,1879.168843096375,4
DOUBLE_0026,DOUBLE,O01->S008->S001->O01,S008->S001,"[""S008-MED-01"", ""S008-WAT-01""]",C,True,True,True,True,False,-6.213629794260157,NOT_EVALUATED_AFTER_GEOMETRY_FAIL,False,False,NOT_EVALUATED_AFTER_GEOMETRY_FAIL,False,COMMUNICATION_GEOMETRY,,5.547242059336904,,1962.8610285618693,4
DOUBLE_0027,DOUBLE,O01->S008->S001->O01,S008->S001,"[""S008-MED-01"", ""S008-WAT-01"", ""S008-WAT-02""]",B,True,False,False,False,False,-6.213629794260157,NOT_EVALUATED_AFTER_GEOMETRY_FAIL,False,False,NOT_EVALUATED_AFTER_GEOMETRY_FAIL,False,PAYLOAD_VOLUME,,3.454309739482111,,1939.168843096375,4
DOUBLE_0028,DOUBLE,O01->S008->S001->O01,S008->S001,"[""S008-MED-01"", ""S008-WAT-01"", ""S008-WAT-02""]",C,True,True,True,True,False,-6.213629794260157,NOT_EVALUATED_AFTER_GEOMETRY_FAIL,False,False,NOT_EVALUATED_AFTER_GEOMETRY_FAIL,False,COMMUNICATION_GEOMETRY,,5.793768617478066,,2028.8610285618693,4
DOUBLE_0029,DOUBLE,O01->S008->S001->O01,S008->S001,"[""S008-FOD-01"", ""S008-HYG-01"", ""S008-MED-01"", ""S008-WAT-01"", ""S008-WAT-02""]",B,True,False,False,False,False,-6.213629794260157,NOT_EVALUATED_AFTER_GEOMETRY_FAIL,False,False,NOT_EVALUATED_AFTER_GEOMETRY_FAIL,False,PAYLOAD_VOLUME,,3.467302428407536,,2059.168843096375,4
DOUBLE_0030,DOUBLE,O01->S008->S001->O01,S008->S001,"[""S008-FOD-01"", ""S008-HYG-01"", ""S008-MED-01"", ""S008-WAT-01"", ""S008-WAT-02""]",C,True,True,True,True,False,-6.213629794260157,NOT_EVALUATED_AFTER_GEOMETRY_FAIL,False,False,NOT_EVALUATED_AFTER_GEOMETRY_FAIL,False,COMMUNICATION_GEOMETRY,,6.167725223561455,,2160.8610285618693,4
DOUBLE_0031,DOUBLE,O01->S008->S001->O01,S008->S001,"[""S001-MED-01"", ""S008-MED-01"", ""S008-WAT-01""]",B,True,True,True,True,False,-6.213629794260157,NOT_EVALUATED_AFTER_GEOMETRY_FAIL,False,False,NOT_EVALUATED_AFTER_GEOMETRY_FAIL,False,COMMUNICATION_GEOMETRY,,2.9405432726128264,,1939.168843096375,4
DOUBLE_0032,DOUBLE,O01->S008->S001->O01,S008->S001,"[""S001-MED-01"", ""S008-MED-01"", ""S008-WAT-01""]",C,True,True,True,True,False,-6.213629794260157,NOT_EVALUATED_AFTER_GEOMETRY_FAIL,False,False,NOT_EVALUATED_AFTER_GEOMETRY_FAIL,False,COMMUNICATION_GEOMETRY,,5.599466831398134,,2028.8610285618693,4
DOUBLE_0033,DOUBLE,O01->S008->S001->O01,S008->S001,"[""S001-MED-01"", ""S001-MED-02"", ""S008-MED-01"", ""S008-WAT-01""]",B,True,True,True,True,False,-6.213629794260157,NOT_EVALUATED_AFTER_GEOMETRY_FAIL,False,False,NOT_EVALUATED_AFTER_GEOMETRY_FAIL,False,COMMUNICATION_GEOMETRY,,3.082163619906477,,1999.168843096375,4
DOUBLE_0034,DOUBLE,O01->S008->S001->O01,S008->S001,"[""S001-MED-01"", ""S001-MED-02"", ""S008-MED-01"", ""S008-WAT-01""]",C,True,True,True,True,False,-6.213629794260157,NOT_EVALUATED_AFTER_GEOMETRY_FAIL,False,False,NOT_EVALUATED_AFTER_GEOMETRY_FAIL,False,COMMUNICATION_GEOMETRY,,5.662501584980742,,2094.8610285618693,4
DOUBLE_0035,DOUBLE,O01->S008->S001->O01,S008->S001,"[""S001-MED-01"", ""S008-FOD-01"", ""S008-HYG-01"", ""S008-MED-01"", ""S008-WAT-01"", ""S008-WAT-02""]",B,True,False,False,False,False,-6.213629794260157,NOT_EVALUATED_AFTER_GEOMETRY_FAIL,False,False,NOT_EVALUATED_AFTER_GEOMETRY_FAIL,False,PAYLOAD_VOLUME,,3.4829178627381445,,2119.1688430963745,4
DOUBLE_0036,DOUBLE,O01->S008->S001->O01,S008->S001,"[""S001-MED-01"", ""S008-FOD-01"", ""S008-HYG-01"", ""S008-MED-01"", ""S008-WAT-01"", ""S008-WAT-02""]",C,True,True,True,True,False,-6.213629794260157,NOT_EVALUATED_AFTER_GEOMETRY_FAIL,False,False,NOT_EVALUATED_AFTER_GEOMETRY_FAIL,False,COMMUNICATION_GEOMETRY,,6.278262903614237,,2226.8610285618693,4
DOUBLE_0037,DOUBLE,O01->S008->S001->O01,S008->S001,"[""S001-MED-01"", ""S001-MED-02"", ""S008-FOD-01"", ""S008-HYG-01"", ""S008-MED-01"", ""S008-WAT-01"", ""S008-WAT-02""]",B,True,False,False,False,False,-6.213629794260157,NOT_EVALUATED_AFTER_GEOMETRY_FAIL,False,False,NOT_EVALUATED_AFTER_GEOMETRY_FAIL,False,PAYLOAD_VOLUME,,3.509116981915535,,2179.1688430963745,4
DOUBLE_0038,DOUBLE,O01->S008->S001->O01,S008->S001,"[""S001-MED-01"", ""S001-MED-02"", ""S008-FOD-01"", ""S008-HYG-01"", ""S008-MED-01"", ""S008-WAT-01"", ""S008-WAT-02""]",C,True,False,True,False,False,-6.213629794260157,NOT_EVALUATED_AFTER_GEOMETRY_FAIL,False,False,NOT_EVALUATED_AFTER_GEOMETRY_FAIL,False,TRANSPORT_ENERGY_RESERVE,,6.404723729467868,,2292.8610285618693,4
DOUBLE_0039,DOUBLE,O01->S008->S001->O01,S008->S001,"[""S001-FOD-01"", ""S001-FOD-02"", ""S001-FOD-03"", ""S001-HYG-01"", ""S001-HYG-02"", ""S001-MED-01"", ""S001-MED-02"", ""S001-WAT-01"", ""S001-WAT-02"", ""S001-WAT-03"", ""S001-WAT-04"", ""S001-WAT-05"", ""S001-WAT-06"", ""S001-WAT-07"", ""S001-WAT-08"", ""S008-MED-01""]",B,True,False,False,False,False,-6.213629794260157,NOT_EVALUATED_AFTER_GEOMETRY_FAIL,False,False,NOT_EVALUATED_AFTER_GEOMETRY_FAIL,False,PAYLOAD_VOLUME,,4.268156631290631,,2719.168843096375,4
DOUBLE_0040,DOUBLE,O01->S008->S001->O01,S008->S001,"[""S001-FOD-01"", ""S001-FOD-02"", ""S001-FOD-03"", ""S001-HYG-01"", ""S001-HYG-02"", ""S001-MED-01"", ""S001-MED-02"", ""S001-WAT-01"", ""S001-WAT-02"", ""S001-WAT-03"", ""S001-WAT-04"", ""S001-WAT-05"", ""S001-WAT-06"", ""S001-WAT-07"", ""S001-WAT-08"", ""S008-MED-01""]",C,True,False,False,False,False,-6.213629794260157,NOT_EVALUATED_AFTER_GEOMETRY_FAIL,False,False,NOT_EVALUATED_AFTER_GEOMETRY_FAIL,False,PAYLOAD_VOLUME,,10.65295284920466,,2886.8610285618693,4
DOUBLE_0041,DOUBLE,O01->S008->S001->O01,S008->S001,"[""S001-FOD-01"", ""S001-FOD-02"", ""S001-FOD-03"", ""S001-HYG-01"", ""S001-HYG-02"", ""S001-MED-01"", ""S001-MED-02"", ""S001-WAT-01"", ""S001-WAT-02"", ""S001-WAT-03"", ""S001-WAT-04"", ""S001-WAT-05"", ""S001-WAT-06"", ""S001-WAT-07"", ""S001-WAT-08"", ""S008-MED-01"", ""S008-WAT-01""]",B,True,False,False,False,False,-6.213629794260157,NOT_EVALUATED_AFTER_GEOMETRY_FAIL,False,False,NOT_EVALUATED_AFTER_GEOMETRY_FAIL,False,PAYLOAD_VOLUME,,4.281149320216056,,2779.168843096375,4
DOUBLE_0042,DOUBLE,O01->S008->S001->O01,S008->S001,"[""S001-FOD-01"", ""S001-FOD-02"", ""S001-FOD-03"", ""S001-HYG-01"", ""S001-HYG-02"", ""S001-MED-01"", ""S001-MED-02"", ""S001-WAT-01"", ""S001-WAT-02"", ""S001-WAT-03"", ""S001-WAT-04"", ""S001-WAT-05"", ""S001-WAT-06"", ""S001-WAT-07"", ""S001-WAT-08"", ""S008-MED-01"", ""S008-WAT-01""]",C,True,False,False,False,False,-6.213629794260157,NOT_EVALUATED_AFTER_GEOMETRY_FAIL,False,False,NOT_EVALUATED_AFTER_GEOMETRY_FAIL,False,PAYLOAD_VOLUME,,10.665945538130083,,2952.8610285618693,4
DOUBLE_0043,DOUBLE,O01->S008->S001->O01,S008->S001,"[""S001-FOD-01"", ""S001-FOD-02"", ""S001-FOD-03"", ""S001-HYG-01"", ""S001-HYG-02"", ""S001-MED-01"", ""S001-MED-02"", ""S001-WAT-01"", ""S001-WAT-02"", ""S001-WAT-03"", ""S001-WAT-04"", ""S001-WAT-05"", ""S001-WAT-06"", ""S001-WAT-07"", ""S001-WAT-08"", ""S008-FOD-01"", ""S008-HYG-01"", ""S008-MED-01"", ""S008-WAT-01"", ""S008-WAT-02""]",B,True,False,False,False,False,-6.213629794260157,NOT_EVALUATED_AFTER_GEOMETRY_FAIL,False,False,NOT_EVALUATED_AFTER_GEOMETRY_FAIL,False,PAYLOAD_VOLUME,,4.307134698066907,,2959.168843096375,4
DOUBLE_0044,DOUBLE,O01->S008->S001->O01,S008->S001,"[""S001-FOD-01"", ""S001-FOD-02"", ""S001-FOD-03"", ""S001-HYG-01"", ""S001-HYG-02"", ""S001-MED-01"", ""S001-MED-02"", ""S001-WAT-01"", ""S001-WAT-02"", ""S001-WAT-03"", ""S001-WAT-04"", ""S001-WAT-05"", ""S001-WAT-06"", ""S001-WAT-07"", ""S001-WAT-08"", ""S008-FOD-01"", ""S008-HYG-01"", ""S008-MED-01"", ""S008-WAT-01"", ""S008-WAT-02""]",C,True,False,False,False,False,-6.213629794260157,NOT_EVALUATED_AFTER_GEOMETRY_FAIL,False,False,NOT_EVALUATED_AFTER_GEOMETRY_FAIL,False,PAYLOAD_VOLUME,,10.691930915980937,,3150.8610285618697,4
DOUBLE_0045,DOUBLE,O01->S002->S008->O01,S002->S008,"[""S008-MED-01""]",B,True,True,True,True,False,-6.213629794260157,NOT_EVALUATED_AFTER_GEOMETRY_FAIL,False,False,NOT_EVALUATED_AFTER_GEOMETRY_FAIL,False,COMMUNICATION_GEOMETRY,,3.043358785055847,,2042.8312538962368,7
DOUBLE_0046,DOUBLE,O01->S002->S008->O01,S002->S008,"[""S008-MED-01""]",C,True,True,True,True,False,-6.213629794260157,NOT_EVALUATED_AFTER_GEOMETRY_FAIL,False,False,NOT_EVALUATED_AFTER_GEOMETRY_FAIL,False,COMMUNICATION_GEOMETRY,,6.395269515497519,,2123.0989347637496,7
DOUBLE_0047,DOUBLE,O01->S002->S008->O01,S002->S008,"[""S008-MED-01"", ""S008-WAT-01""]",B,True,False,True,False,False,-6.213629794260157,NOT_EVALUATED_AFTER_GEOMETRY_FAIL,False,False,NOT_EVALUATED_AFTER_GEOMETRY_FAIL,False,TRANSPORT_ENERGY_RESERVE,,3.428466117418213,,2102.831253896237,7
DOUBLE_0048,DOUBLE,O01->S002->S008->O01,S002->S008,"[""S008-MED-01"", ""S008-WAT-01""]",C,True,False,True,False,False,-6.213629794260157,NOT_EVALUATED_AFTER_GEOMETRY_FAIL,False,False,NOT_EVALUATED_AFTER_GEOMETRY_FAIL,False,TRANSPORT_ENERGY_RESERVE,,6.608267518670203,,2189.0989347637496,7
DOUBLE_0049,DOUBLE,O01->S002->S008->O01,S002->S008,"[""S008-MED-01"", ""S008-WAT-01"", ""S008-WAT-02""]",B,True,False,False,False,False,-6.213629794260157,NOT_EVALUATED_AFTER_GEOMETRY_FAIL,False,False,NOT_EVALUATED_AFTER_GEOMETRY_FAIL,False,PAYLOAD_VOLUME,,4.366275451548717,,2162.831253896237,7
DOUBLE_0050,DOUBLE,O01->S002->S008->O01,S002->S008,"[""S008-MED-01"", ""S008-WAT-01"", ""S008-WAT-02""]",C,True,False,True,False,False,-6.213629794260157,NOT_EVALUATED_AFTER_GEOMETRY_FAIL,False,False,NOT_EVALUATED_AFTER_GEOMETRY_FAIL,False,TRANSPORT_ENERGY_RESERVE,,6.978705415157541,,2255.0989347637496,7
DOUBLE_0051,DOUBLE,O01->S002->S008->O01,S002->S008,"[""S008-FOD-01"", ""S008-HYG-01"", ""S008-MED-01"", ""S008-WAT-01"", ""S008-WAT-02""]",B,True,False,False,False,False,-6.213629794260157,NOT_EVALUATED_AFTER_GEOMETRY_FAIL,False,False,NOT_EVALUATED_AFTER_GEOMETRY_FAIL,False,PAYLOAD_VOLUME,,4.384481307276867,,2282.831253896237,7
DOUBLE_0052,DOUBLE,O01->S002->S008->O01,S002->S008,"[""S008-FOD-01"", ""S008-HYG-01"", ""S008-MED-01"", ""S008-WAT-01"", ""S008-WAT-02""]",C,True,False,True,False,False,-6.213629794260157,NOT_EVALUATED_AFTER_GEOMETRY_FAIL,False,False,NOT_EVALUATED_AFTER_GEOMETRY_FAIL,False,TRANSPORT_ENERGY_RESERVE,,7.541342181947788,,2387.09893476375,7
DOUBLE_0053,DOUBLE,O01->S002->S008->O01,S002->S008,"[""S002-MED-01"", ""S008-MED-01"", ""S008-WAT-01""]",B,True,False,True,False,False,-6.213629794260157,NOT_EVALUATED_AFTER_GEOMETRY_FAIL,False,False,NOT_EVALUATED_AFTER_GEOMETRY_FAIL,False,TRANSPORT_ENERGY_RESERVE,,3.516086007154428,,2162.831253896237,7
DOUBLE_0054,DOUBLE,O01->S002->S008->O01,S002->S008,"[""S002-MED-01"", ""S008-MED-01"", ""S008-WAT-01""]",C,True,False,True,False,False,-6.213629794260157,NOT_EVALUATED_AFTER_GEOMETRY_FAIL,False,False,NOT_EVALUATED_AFTER_GEOMETRY_FAIL,False,TRANSPORT_ENERGY_RESERVE,,6.648032569620746,,2255.09893476375,7
DOUBLE_0055,DOUBLE,O01->S002->S008->O01,S002->S008,"[""S002-MED-01"", ""S002-WAT-01"", ""S008-MED-01"", ""S008-WAT-01""]",B,True,False,False,False,False,-6.213629794260157,NOT_EVALUATED_AFTER_GEOMETRY_FAIL,False,False,NOT_EVALUATED_AFTER_GEOMETRY_FAIL,False,PAYLOAD_VOLUME,,3.999157565439856,,2222.831253896237,7
DOUBLE_0056,DOUBLE,O01->S002->S008->O01,S002->S008,"[""S002-MED-01"", ""S002-WAT-01"", ""S008-MED-01"", ""S008-WAT-01""]",C,True,False,True,False,False,-6.213629794260157,NOT_EVALUATED_AFTER_GEOMETRY_FAIL,False,False,NOT_EVALUATED_AFTER_GEOMETRY_FAIL,False,TRANSPORT_ENERGY_RESERVE,,6.893708371641095,,2321.09893476375,7
DOUBLE_0057,DOUBLE,O01->S002->S008->O01,S002->S008,"[""S002-MED-01"", ""S008-FOD-01"", ""S008-HYG-01"", ""S008-MED-01"", ""S008-WAT-01"", ""S008-WAT-02""]",B,True,False,False,False,False,-6.213629794260157,NOT_EVALUATED_AFTER_GEOMETRY_FAIL,False,False,NOT_EVALUATED_AFTER_GEOMETRY_FAIL,False,PAYLOAD_VOLUME,,4.386539298287533,,2342.831253896237,7
DOUBLE_0058,DOUBLE,O01->S002->S008->O01,S002->S008,"[""S002-MED-01"", ""S008-FOD-01"", ""S008-HYG-01"", ""S008-MED-01"", ""S008-WAT-01"", ""S008-WAT-02""]",C,True,False,True,False,False,-6.213629794260157,NOT_EVALUATED_AFTER_GEOMETRY_FAIL,False,False,NOT_EVALUATED_AFTER_GEOMETRY_FAIL,False,TRANSPORT_ENERGY_RESERVE,,7.634573246426994,,2453.09893476375,7
DOUBLE_0059,DOUBLE,O01->S002->S008->O01,S002->S008,"[""S002-MED-01"", ""S002-WAT-01"", ""S008-FOD-01"", ""S008-HYG-01"", ""S008-MED-01"", ""S008-WAT-01"", ""S008-WAT-02""]",B,True,False,False,False,False,-6.213629794260157,NOT_EVALUATED_AFTER_GEOMETRY_FAIL,False,False,NOT_EVALUATED_AFTER_GEOMETRY_FAIL,False,PAYLOAD_VOLUME,,4.396143256337307,,2402.831253896237,7
DOUBLE_0060,DOUBLE,O01->S002->S008->O01,S002->S008,"[""S002-MED-01"", ""S002-WAT-01"", ""S008-FOD-01"", ""S008-HYG-01"", ""S008-MED-01"", ""S008-WAT-01"", ""S008-WAT-02""]",C,True,False,True,False,False,-6.213629794260157,NOT_EVALUATED_AFTER_GEOMETRY_FAIL,False,False,NOT_EVALUATED_AFTER_GEOMETRY_FAIL,False,TRANSPORT_ENERGY_RESERVE,,8.209104932678397,,2519.09893476375,7
DOUBLE_0061,DOUBLE,O01->S002->S008->O01,S002->S008,"[""S002-FOD-01"", ""S002-FOD-02"", ""S002-HYG-01"", ""S002-MED-01"", ""S002-WAT-01"", ""S002-WAT-02"", ""S002-WAT-03"", ""S002-WAT-04"", ""S008-MED-01""]",B,True,False,False,False,False,-6.213629794260157,NOT_EVALUATED_AFTER_GEOMETRY_FAIL,False,False,NOT_EVALUATED_AFTER_GEOMETRY_FAIL,False,PAYLOAD_VOLUME,,3.8809944641264944,,2522.831253896237,7
DOUBLE_0062,DOUBLE,O01->S002->S008->O01,S002->S008,"[""S002-FOD-01"", ""S002-FOD-02"", ""S002-HYG-01"", ""S002-MED-01"", ""S002-WAT-01"", ""S002-WAT-02"", ""S002-WAT-03"", ""S002-WAT-04"", ""S008-MED-01""]",C,True,False,False,False,False,-6.213629794260157,NOT_EVALUATED_AFTER_GEOMETRY_FAIL,False,False,NOT_EVALUATED_AFTER_GEOMETRY_FAIL,False,PAYLOAD_VOLUME,,9.111017444993603,,2651.09893476375,7
DOUBLE_0063,DOUBLE,O01->S002->S008->O01,S002->S008,"[""S002-FOD-01"", ""S002-FOD-02"", ""S002-HYG-01"", ""S002-MED-01"", ""S002-WAT-01"", ""S002-WAT-02"", ""S002-WAT-03"", ""S002-WAT-04"", ""S008-MED-01"", ""S008-WAT-01""]",B,True,False,False,False,False,-6.213629794260157,NOT_EVALUATED_AFTER_GEOMETRY_FAIL,False,False,NOT_EVALUATED_AFTER_GEOMETRY_FAIL,False,PAYLOAD_VOLUME,,4.043061373667395,,2582.831253896237,7
DOUBLE_0064,DOUBLE,O01->S002->S008->O01,S002->S008,"[""S002-FOD-01"", ""S002-FOD-02"", ""S002-HYG-01"", ""S002-MED-01"", ""S002-WAT-01"", ""S002-WAT-02"", ""S002-WAT-03"", ""S002-WAT-04"", ""S008-MED-01"", ""S008-WAT-01""]",C,True,False,False,False,False,-6.213629794260157,NOT_EVALUATED_AFTER_GEOMETRY_FAIL,False,False,NOT_EVALUATED_AFTER_GEOMETRY_FAIL,False,PAYLOAD_VOLUME,,9.20560076276658,,2717.09893476375,7
DOUBLE_0065,DOUBLE,O01->S002->S008->O01,S002->S008,"[""S002-FOD-01"", ""S002-FOD-02"", ""S002-HYG-01"", ""S002-MED-01"", ""S002-WAT-01"", ""S002-WAT-02"", ""S002-WAT-03"", ""S002-WAT-04"", ""S008-FOD-01"", ""S008-HYG-01"", ""S008-MED-01"", ""S008-WAT-01"", ""S008-WAT-02""]",B,True,False,False,False,False,-6.213629794260157,NOT_EVALUATED_AFTER_GEOMETRY_FAIL,False,False,NOT_EVALUATED_AFTER_GEOMETRY_FAIL,False,PAYLOAD_VOLUME,,4.440047064564847,,2762.831253896237,7
DOUBLE_0066,DOUBLE,O01->S002->S008->O01,S002->S008,"[""S002-FOD-01"", ""S002-FOD-02"", ""S002-HYG-01"", ""S002-MED-01"", ""S002-WAT-01"", ""S002-WAT-02"", ""S002-WAT-03"", ""S002-WAT-04"", ""S008-FOD-01"", ""S008-HYG-01"", ""S008-MED-01"", ""S008-WAT-01"", ""S008-WAT-02""]",C,True,False,False,False,False,-6.213629794260157,NOT_EVALUATED_AFTER_GEOMETRY_FAIL,False,False,NOT_EVALUATED_AFTER_GEOMETRY_FAIL,False,PAYLOAD_VOLUME,,9.593591536665476,,2915.09893476375,7
DOUBLE_0067,DOUBLE,O01->S008->S002->O01,S008->S002,"[""S008-MED-01""]",B,True,True,True,True,False,-6.213629794260157,NOT_EVALUATED_AFTER_GEOMETRY_FAIL,False,False,NOT_EVALUATED_AFTER_GEOMETRY_FAIL,False,COMMUNICATION_GEOMETRY,,3.0340681366831026,,2042.7922288569653,7
DOUBLE_0068,DOUBLE,O01->S008->S002->O01,S008->S002,"[""S008-MED-01""]",C,True,True,True,True,False,-6.213629794260157,NOT_EVALUATED_AFTER_GEOMETRY_FAIL,False,False,NOT_EVALUATED_AFTER_GEOMETRY_FAIL,False,COMMUNICATION_GEOMETRY,,6.388993632242771,,2123.059909724478,7
DOUBLE_0069,DOUBLE,O01->S008->S002->O01,S008->S002,"[""S008-MED-01"", ""S008-WAT-01""]",B,True,False,True,False,False,-6.213629794260157,NOT_EVALUATED_AFTER_GEOMETRY_FAIL,False,False,NOT_EVALUATED_AFTER_GEOMETRY_FAIL,False,TRANSPORT_ENERGY_RESERVE,,3.290320698488564,,2102.7922288569657,7
DOUBLE_0070,DOUBLE,O01->S008->S002->O01,S008->S002,"[""S008-MED-01"", ""S008-WAT-01""]",C,True,False,True,False,False,-6.213629794260157,NOT_EVALUATED_AFTER_GEOMETRY_FAIL,False,False,NOT_EVALUATED_AFTER_GEOMETRY_FAIL,False,TRANSPORT_ENERGY_RESERVE,,6.531135741497806,,2189.059909724478,7
DOUBLE_0071,DOUBLE,O01->S008->S002->O01,S008->S002,"[""S008-MED-01"", ""S008-WAT-01"", ""S008-WAT-02""]",B,True,False,False,False,False,-6.213629794260157,NOT_EVALUATED_AFTER_GEOMETRY_FAIL,False,False,NOT_EVALUATED_AFTER_GEOMETRY_FAIL,False,PAYLOAD_VOLUME,,3.913021005132892,,2162.7922288569657,7
DOUBLE_0072,DOUBLE,O01->S008->S002->O01,S008->S002,"[""S008-MED-01"", ""S008-WAT-01"", ""S008-WAT-02""]",C,True,False,True,False,False,-6.213629794260157,NOT_EVALUATED_AFTER_GEOMETRY_FAIL,False,False,NOT_EVALUATED_AFTER_GEOMETRY_FAIL,False,TRANSPORT_ENERGY_RESERVE,,6.777662299638968,,2255.059909724478,7
DOUBLE_0073,DOUBLE,O01->S008->S002->O01,S008->S002,"[""S008-FOD-01"", ""S008-HYG-01"", ""S008-MED-01"", ""S008-WAT-01"", ""S008-WAT-02""]",B,True,False,False,False,False,-6.213629794260157,NOT_EVALUATED_AFTER_GEOMETRY_FAIL,False,False,NOT_EVALUATED_AFTER_GEOMETRY_FAIL,False,PAYLOAD_VOLUME,,3.926013694058317,,2282.7922288569657,7
DOUBLE_0074,DOUBLE,O01->S008->S002->O01,S008->S002,"[""S008-FOD-01"", ""S008-HYG-01"", ""S008-MED-01"", ""S008-WAT-01"", ""S008-WAT-02""]",C,True,False,True,False,False,-6.213629794260157,NOT_EVALUATED_AFTER_GEOMETRY_FAIL,False,False,NOT_EVALUATED_AFTER_GEOMETRY_FAIL,False,TRANSPORT_ENERGY_RESERVE,,7.151618905722357,,2387.059909724478,7
DOUBLE_0075,DOUBLE,O01->S008->S002->O01,S008->S002,"[""S002-MED-01"", ""S008-MED-01"", ""S008-WAT-01""]",B,True,False,True,False,False,-6.213629794260157,NOT_EVALUATED_AFTER_GEOMETRY_FAIL,False,False,NOT_EVALUATED_AFTER_GEOMETRY_FAIL,False,TRANSPORT_ENERGY_RESERVE,,3.3970951798115694,,2162.7922288569657,7
DOUBLE_0076,DOUBLE,O01->S008->S002->O01,S008->S002,"[""S002-MED-01"", ""S008-MED-01"", ""S008-WAT-01""]",C,True,False,True,False,False,-6.213629794260157,NOT_EVALUATED_AFTER_GEOMETRY_FAIL,False,False,NOT_EVALUATED_AFTER_GEOMETRY_FAIL,False,TRANSPORT_ENERGY_RESERVE,,6.582097351829525,,2255.059909724478,7
DOUBLE_0077,DOUBLE,O01->S008->S002->O01,S008->S002,"[""S002-MED-01"", ""S002-WAT-01"", ""S008-MED-01"", ""S008-WAT-01""]",B,True,False,False,False,False,-6.213629794260157,NOT_EVALUATED_AFTER_GEOMETRY_FAIL,False,False,NOT_EVALUATED_AFTER_GEOMETRY_FAIL,False,PAYLOAD_VOLUME,,4.076207168124583,,2222.7922288569657,7
DOUBLE_0078,DOUBLE,O01->S008->S002->O01,S008->S002,"[""S002-MED-01"", ""S002-WAT-01"", ""S008-MED-01"", ""S008-WAT-01""]",C,True,False,True,False,False,-6.213629794260157,NOT_EVALUATED_AFTER_GEOMETRY_FAIL,False,False,NOT_EVALUATED_AFTER_GEOMETRY_FAIL,False,TRANSPORT_ENERGY_RESERVE,,6.934813576523869,,2321.059909724478,7
DOUBLE_0079,DOUBLE,O01->S008->S002->O01,S008->S002,"[""S002-MED-01"", ""S008-FOD-01"", ""S008-HYG-01"", ""S008-MED-01"", ""S008-WAT-01"", ""S008-WAT-02""]",B,True,False,False,False,False,-6.213629794260157,NOT_EVALUATED_AFTER_GEOMETRY_FAIL,False,False,NOT_EVALUATED_AFTER_GEOMETRY_FAIL,False,PAYLOAD_VOLUME,,3.939469769936888,,2342.7922288569657,7
DOUBLE_0080,DOUBLE,O01->S008->S002->O01,S008->S002,"[""S002-MED-01"", ""S008-FOD-01"", ""S008-HYG-01"", ""S008-MED-01"", ""S008-WAT-01"", ""S008-WAT-02""]",C,True,False,True,False,False,-6.213629794260157,NOT_EVALUATED_AFTER_GEOMETRY_FAIL,False,False,NOT_EVALUATED_AFTER_GEOMETRY_FAIL,False,TRANSPORT_ENERGY_RESERVE,,7.260893424045627,,2453.059909724478,7
DOUBLE_0081,DOUBLE,O01->S008->S002->O01,S008->S002,"[""S002-MED-01"", ""S002-WAT-01"", ""S008-FOD-01"", ""S008-HYG-01"", ""S008-MED-01"", ""S008-WAT-01"", ""S008-WAT-02""]",B,True,False,False,False,False,-6.213629794260157,NOT_EVALUATED_AFTER_GEOMETRY_FAIL,False,False,NOT_EVALUATED_AFTER_GEOMETRY_FAIL,False,PAYLOAD_VOLUME,,4.102192545975433,,2402.7922288569657,7
DOUBLE_0082,DOUBLE,O01->S008->S002->O01,S008->S002,"[""S002-MED-01"", ""S002-WAT-01"", ""S008-FOD-01"", ""S008-HYG-01"", ""S008-MED-01"", ""S008-WAT-01"", ""S008-WAT-02""]",C,True,False,True,False,False,-6.213629794260157,NOT_EVALUATED_AFTER_GEOMETRY_FAIL,False,False,NOT_EVALUATED_AFTER_GEOMETRY_FAIL,False,TRANSPORT_ENERGY_RESERVE,,7.9722775510956465,,2519.059909724478,7
DOUBLE_0083,DOUBLE,O01->S008->S002->O01,S008->S002,"[""S002-FOD-01"", ""S002-FOD-02"", ""S002-HYG-01"", ""S002-MED-01"", ""S002-WAT-01"", ""S002-WAT-02"", ""S002-WAT-03"", ""S002-WAT-04"", ""S008-MED-01""]",B,True,False,False,False,False,-6.213629794260157,NOT_EVALUATED_AFTER_GEOMETRY_FAIL,False,False,NOT_EVALUATED_AFTER_GEOMETRY_FAIL,False,PAYLOAD_VOLUME,,4.510032840877404,,2522.7922288569657,7
DOUBLE_0084,DOUBLE,O01->S008->S002->O01,S008->S002,"[""S002-FOD-01"", ""S002-FOD-02"", ""S002-HYG-01"", ""S002-MED-01"", ""S002-WAT-01"", ""S002-WAT-02"", ""S002-WAT-03"", ""S002-WAT-04"", ""S008-MED-01""]",C,True,False,False,False,False,-6.213629794260157,NOT_EVALUATED_AFTER_GEOMETRY_FAIL,False,False,NOT_EVALUATED_AFTER_GEOMETRY_FAIL,False,PAYLOAD_VOLUME,,11.121011960474853,,2651.059909724478,7
DOUBLE_0085,DOUBLE,O01->S008->S002->O01,S008->S002,"[""S002-FOD-01"", ""S002-FOD-02"", ""S002-HYG-01"", ""S002-MED-01"", ""S002-WAT-01"", ""S002-WAT-02"", ""S002-WAT-03"", ""S002-WAT-04"", ""S008-MED-01"", ""S008-WAT-01""]",B,True,False,False,False,False,-6.213629794260157,NOT_EVALUATED_AFTER_GEOMETRY_FAIL,False,False,NOT_EVALUATED_AFTER_GEOMETRY_FAIL,False,PAYLOAD_VOLUME,,4.523025529802829,,2582.7922288569657,7
DOUBLE_0086,DOUBLE,O01->S008->S002->O01,S008->S002,"[""S002-FOD-01"", ""S002-FOD-02"", ""S002-HYG-01"", ""S002-MED-01"", ""S002-WAT-01"", ""S002-WAT-02"", ""S002-WAT-03"", ""S002-WAT-04"", ""S008-MED-01"", ""S008-WAT-01""]",C,True,False,False,False,False,-6.213629794260157,NOT_EVALUATED_AFTER_GEOMETRY_FAIL,False,False,NOT_EVALUATED_AFTER_GEOMETRY_FAIL,False,PAYLOAD_VOLUME,,11.134004649400277,,2717.059909724478,7
DOUBLE_0087,DOUBLE,O01->S008->S002->O01,S008->S002,"[""S002-FOD-01"", ""S002-FOD-02"", ""S002-HYG-01"", ""S002-MED-01"", ""S002-WAT-01"", ""S002-WAT-02"", ""S002-WAT-03"", ""S002-WAT-04"", ""S008-FOD-01"", ""S008-HYG-01"", ""S008-MED-01"", ""S008-WAT-01"", ""S008-WAT-02""]",B,True,False,False,False,False,-6.213629794260157,NOT_EVALUATED_AFTER_GEOMETRY_FAIL,False,False,NOT_EVALUATED_AFTER_GEOMETRY_FAIL,False,PAYLOAD_VOLUME,,4.549010907653679,,2762.7922288569657,7
DOUBLE_0088,DOUBLE,O01->S008->S002->O01,S008->S002,"[""S002-FOD-01"", ""S002-FOD-02"", ""S002-HYG-01"", ""S002-MED-01"", ""S002-WAT-01"", ""S002-WAT-02"", ""S002-WAT-03"", ""S002-WAT-04"", ""S008-FOD-01"", ""S008-HYG-01"", ""S008-MED-01"", ""S008-WAT-01"", ""S008-WAT-02""]",C,True,False,False,False,False,-6.213629794260157,NOT_EVALUATED_AFTER_GEOMETRY_FAIL,False,False,NOT_EVALUATED_AFTER_GEOMETRY_FAIL,False,PAYLOAD_VOLUME,,11.159990027251126,,2915.059909724478,7
DOUBLE_0089,DOUBLE,O01->S003->S008->O01,S003->S008,"[""S008-MED-01""]",B,True,False,True,False,False,-6.213629794260157,NOT_EVALUATED_AFTER_GEOMETRY_FAIL,False,False,NOT_EVALUATED_AFTER_GEOMETRY_FAIL,False,TRANSPORT_ENERGY_RESERVE,,3.3715007505056134,,2530.88459962141,7
DOUBLE_0090,DOUBLE,O01->S003->S008->O01,S003->S008,"[""S008-MED-01""]",C,True,False,True,False,False,-6.213629794260157,NOT_EVALUATED_AFTER_GEOMETRY_FAIL,False,False,NOT_EVALUATED_AFTER_GEOMETRY_FAIL,False,TRANSPORT_ENERGY_RESERVE,,6.945543477861773,,2702.4999672565004,7
DOUBLE_0091,DOUBLE,O01->S003->S008->O01,S003->S008,"[""S008-MED-01"", ""S008-WAT-01""]",B,True,False,True,False,False,-6.213629794260157,NOT_EVALUATED_AFTER_GEOMETRY_FAIL,False,False,NOT_EVALUATED_AFTER_GEOMETRY_FAIL,False,TRANSPORT_ENERGY_RESERVE,,3.824400213231464,,2590.88459962141,7
DOUBLE_0092,DOUBLE,O01->S003->S008->O01,S003->S008,"[""S008-MED-01"", ""S008-WAT-01""]",C,True,False,True,False,False,-6.213629794260157,NOT_EVALUATED_AFTER_GEOMETRY_FAIL,False,False,NOT_EVALUATED_AFTER_GEOMETRY_FAIL,False,TRANSPORT_ENERGY_RESERVE,,7.20815587234923,,2768.4999672565004,7
DOUBLE_0093,DOUBLE,O01->S003->S008->O01,S003->S008,"[""S008-MED-01"", ""S008-WAT-01"", ""S008-WAT-02""]",B,True,False,False,False,False,-6.213629794260157,NOT_EVALUATED_AFTER_GEOMETRY_FAIL,False,False,NOT_EVALUATED_AFTER_GEOMETRY_FAIL,False,PAYLOAD_VOLUME,,4.888376623506396,,2650.88459962141,7
DOUBLE_0094,DOUBLE,O01->S003->S008->O01,S003->S008,"[""S008-MED-01"", ""S008-WAT-01"", ""S008-WAT-02""]",C,True,False,True,False,False,-6.213629794260157,NOT_EVALUATED_AFTER_GEOMETRY_FAIL,False,False,NOT_EVALUATED_AFTER_GEOMETRY_FAIL,False,TRANSPORT_ENERGY_RESERVE,,7.644836551593019,,2834.4999672565004,7
DOUBLE_0095,DOUBLE,O01->S003->S008->O01,S003->S008,"[""S008-FOD-01"", ""S008-HYG-01"", ""S008-MED-01"", ""S008-WAT-01"", ""S008-WAT-02""]",B,True,False,False,False,False,-6.213629794260157,NOT_EVALUATED_AFTER_GEOMETRY_FAIL,False,False,NOT_EVALUATED_AFTER_GEOMETRY_FAIL,False,PAYLOAD_VOLUME,,4.935623431319405,,2770.88459962141,7
DOUBLE_0096,DOUBLE,O01->S003->S008->O01,S003->S008,"[""S008-FOD-01"", ""S008-HYG-01"", ""S008-MED-01"", ""S008-WAT-01"", ""S008-WAT-02""]",C,True,False,True,False,False,-6.213629794260157,NOT_EVALUATED_AFTER_GEOMETRY_FAIL,False,False,NOT_EVALUATED_AFTER_GEOMETRY_FAIL,False,TRANSPORT_ENERGY_RESERVE,,8.294015645192749,,2966.4999672565004,7
DOUBLE_0097,DOUBLE,O01->S003->S008->O01,S003->S008,"[""S003-MED-01"", ""S008-MED-01"", ""S008-WAT-01""]",B,True,False,True,False,False,-6.213629794260157,NOT_EVALUATED_AFTER_GEOMETRY_FAIL,False,False,NOT_EVALUATED_AFTER_GEOMETRY_FAIL,False,TRANSPORT_ENERGY_RESERVE,,3.9128910799698247,,2650.88459962141,7
DOUBLE_0098,DOUBLE,O01->S003->S008->O01,S003->S008,"[""S003-MED-01"", ""S008-MED-01"", ""S008-WAT-01""]",C,True,False,True,False,False,-6.213629794260157,NOT_EVALUATED_AFTER_GEOMETRY_FAIL,False,False,NOT_EVALUATED_AFTER_GEOMETRY_FAIL,False,TRANSPORT_ENERGY_RESERVE,,7.249910458689584,,2834.4999672565004,7
DOUBLE_0099,DOUBLE,O01->S003->S008->O01,S003->S008,"[""S003-MED-01"", ""S003-WAT-01"", ""S008-MED-01"", ""S008-WAT-01""]",B,True,False,False,False,False,-6.213629794260157,NOT_EVALUATED_AFTER_GEOMETRY_FAIL,False,False,NOT_EVALUATED_AFTER_GEOMETRY_FAIL,False,PAYLOAD_VOLUME,,4.398293344693059,,2710.88459962141,7
DOUBLE_0100,DOUBLE,O01->S003->S008->O01,S003->S008,"[""S003-MED-01"", ""S003-WAT-01"", ""S008-MED-01"", ""S008-WAT-01""]",C,True,False,True,False,False,-6.213629794260157,NOT_EVALUATED_AFTER_GEOMETRY_FAIL,False,False,NOT_EVALUATED_AFTER_GEOMETRY_FAIL,False,TRANSPORT_ENERGY_RESERVE,,7.503465852508235,,2900.4999672565004,7
DOUBLE_0101,DOUBLE,O01->S003->S008->O01,S003->S008,"[""S003-MED-01"", ""S008-FOD-01"", ""S008-HYG-01"", ""S008-MED-01"", ""S008-WAT-01"", ""S008-WAT-02""]",B,True,False,False,False,False,-6.213629794260157,NOT_EVALUATED_AFTER_GEOMETRY_FAIL,False,False,NOT_EVALUATED_AFTER_GEOMETRY_FAIL,False,PAYLOAD_VOLUME,,4.940552322055031,,2830.88459962141,7
DOUBLE_0102,DOUBLE,O01->S003->S008->O01,S003->S008,"[""S003-MED-01"", ""S008-FOD-01"", ""S008-HYG-01"", ""S008-MED-01"", ""S008-WAT-01"", ""S008-WAT-02""]",C,True,False,True,False,False,-6.213629794260157,NOT_EVALUATED_AFTER_GEOMETRY_FAIL,False,False,NOT_EVALUATED_AFTER_GEOMETRY_FAIL,False,TRANSPORT_ENERGY_RESERVE,,8.387986531147664,,3032.4999672565004,7
DOUBLE_0103,DOUBLE,O01->S003->S008->O01,S003->S008,"[""S003-MED-01"", ""S003-WAT-01"", ""S008-FOD-01"", ""S008-HYG-01"", ""S008-MED-01"", ""S008-WAT-01"", ""S008-WAT-02""]",B,True,False,False,False,False,-6.213629794260157,NOT_EVALUATED_AFTER_GEOMETRY_FAIL,False,False,NOT_EVALUATED_AFTER_GEOMETRY_FAIL,False,PAYLOAD_VOLUME,,4.96355381215462,,2890.88459962141,7
DOUBLE_0104,DOUBLE,O01->S003->S008->O01,S003->S008,"[""S003-MED-01"", ""S003-WAT-01"", ""S008-FOD-01"", ""S008-HYG-01"", ""S008-MED-01"", ""S008-WAT-01"", ""S008-WAT-02""]",C,True,False,True,False,False,-6.213629794260157,NOT_EVALUATED_AFTER_GEOMETRY_FAIL,False,False,NOT_EVALUATED_AFTER_GEOMETRY_FAIL,False,TRANSPORT_ENERGY_RESERVE,,8.962711135979484,,3098.4999672565004,7
DOUBLE_0105,DOUBLE,O01->S003->S008->O01,S003->S008,"[""S003-FOD-01"", ""S003-FOD-02"", ""S003-HYG-01"", ""S003-MED-01"", ""S003-WAT-01"", ""S003-WAT-02"", ""S003-WAT-03"", ""S003-WAT-04"", ""S008-MED-01""]",B,True,False,False,False,False,-6.213629794260157,NOT_EVALUATED_AFTER_GEOMETRY_FAIL,False,False,NOT_EVALUATED_AFTER_GEOMETRY_FAIL,False,PAYLOAD_VOLUME,,4.268370629834563,,3010.88459962141,7
DOUBLE_0106,DOUBLE,O01->S003->S008->O01,S003->S008,"[""S003-FOD-01"", ""S003-FOD-02"", ""S003-HYG-01"", ""S003-MED-01"", ""S003-WAT-01"", ""S003-WAT-02"", ""S003-WAT-03"", ""S003-WAT-04"", ""S008-MED-01""]",C,True,False,False,False,False,-6.213629794260157,NOT_EVALUATED_AFTER_GEOMETRY_FAIL,False,False,NOT_EVALUATED_AFTER_GEOMETRY_FAIL,False,PAYLOAD_VOLUME,,9.6766266359761,,3230.4999672565004,7
DOUBLE_0107,DOUBLE,O01->S003->S008->O01,S003->S008,"[""S003-FOD-01"", ""S003-FOD-02"", ""S003-HYG-01"", ""S003-MED-01"", ""S003-WAT-01"", ""S003-WAT-02"", ""S003-WAT-03"", ""S003-WAT-04"", ""S008-MED-01"", ""S008-WAT-01""]",B,True,False,False,False,False,-6.213629794260157,NOT_EVALUATED_AFTER_GEOMETRY_FAIL,False,False,NOT_EVALUATED_AFTER_GEOMETRY_FAIL,False,PAYLOAD_VOLUME,,4.503443013719751,,3070.88459962141,7
DOUBLE_0108,DOUBLE,O01->S003->S008->O01,S003->S008,"[""S003-FOD-01"", ""S003-FOD-02"", ""S003-HYG-01"", ""S003-MED-01"", ""S003-WAT-01"", ""S003-WAT-02"", ""S003-WAT-03"", ""S003-WAT-04"", ""S008-MED-01"", ""S008-WAT-01""]",C,True,False,False,False,False,-6.213629794260157,NOT_EVALUATED_AFTER_GEOMETRY_FAIL,False,False,NOT_EVALUATED_AFTER_GEOMETRY_FAIL,False,PAYLOAD_VOLUME,,9.823592168400788,,3296.4999672565004,7
DOUBLE_0109,DOUBLE,O01->S003->S008->O01,S003->S008,"[""S003-FOD-01"", ""S003-FOD-02"", ""S003-HYG-01"", ""S003-MED-01"", ""S003-WAT-01"", ""S003-WAT-02"", ""S003-WAT-03"", ""S003-WAT-04"", ""S008-FOD-01"", ""S008-HYG-01"", ""S008-MED-01"", ""S008-WAT-01"", ""S008-WAT-02""]",B,True,False,False,False,False,-6.213629794260157,NOT_EVALUATED_AFTER_GEOMETRY_FAIL,False,False,NOT_EVALUATED_AFTER_GEOMETRY_FAIL,False,PAYLOAD_VOLUME,,5.068703481181313,,3250.88459962141,7
DOUBLE_0110,DOUBLE,O01->S003->S008->O01,S003->S008,"[""S003-FOD-01"", ""S003-FOD-02"", ""S003-HYG-01"", ""S003-MED-01"", ""S003-WAT-01"", ""S003-WAT-02"", ""S003-WAT-03"", ""S003-WAT-04"", ""S008-FOD-01"", ""S008-HYG-01"", ""S008-MED-01"", ""S008-WAT-01"", ""S008-WAT-02""]",C,True,False,False,False,False,-6.213629794260157,NOT_EVALUATED_AFTER_GEOMETRY_FAIL,False,False,NOT_EVALUATED_AFTER_GEOMETRY_FAIL,False,PAYLOAD_VOLUME,,10.37710883570102,,3494.4999672565004,7
DOUBLE_0111,DOUBLE,O01->S008->S003->O01,S008->S003,"[""S008-MED-01""]",B,True,False,True,False,False,-6.213629794260157,NOT_EVALUATED_AFTER_GEOMETRY_FAIL,False,False,NOT_EVALUATED_AFTER_GEOMETRY_FAIL,False,TRANSPORT_ENERGY_RESERVE,,3.353246341010089,,2530.749816469708,7
DOUBLE_0112,DOUBLE,O01->S008->S003->O01,S008->S003,"[""S008-MED-01""]",C,True,False,True,False,False,-6.213629794260157,NOT_EVALUATED_AFTER_GEOMETRY_FAIL,False,False,NOT_EVALUATED_AFTER_GEOMETRY_FAIL,False,TRANSPORT_ENERGY_RESERVE,,6.931042184227642,,2702.365184104799,7
DOUBLE_0113,DOUBLE,O01->S008->S003->O01,S008->S003,"[""S008-MED-01"", ""S008-WAT-01""]",B,True,False,True,False,False,-6.213629794260157,NOT_EVALUATED_AFTER_GEOMETRY_FAIL,False,False,NOT_EVALUATED_AFTER_GEOMETRY_FAIL,False,TRANSPORT_ENERGY_RESERVE,,3.6094989028155497,,2590.749816469708,7
DOUBLE_0114,DOUBLE,O01->S008->S003->O01,S008->S003,"[""S008-MED-01"", ""S008-WAT-01""]",C,True,False,True,False,False,-6.213629794260157,NOT_EVALUATED_AFTER_GEOMETRY_FAIL,False,False,NOT_EVALUATED_AFTER_GEOMETRY_FAIL,False,TRANSPORT_ENERGY_RESERVE,,7.073184293482677,,2768.365184104799,7
DOUBLE_0115,DOUBLE,O01->S008->S003->O01,S008->S003,"[""S008-MED-01"", ""S008-WAT-01"", ""S008-WAT-02""]",B,True,False,False,False,False,-6.213629794260157,NOT_EVALUATED_AFTER_GEOMETRY_FAIL,False,False,NOT_EVALUATED_AFTER_GEOMETRY_FAIL,False,PAYLOAD_VOLUME,,4.2321992094598775,,2650.749816469708,7
DOUBLE_0116,DOUBLE,O01->S008->S003->O01,S008->S003,"[""S008-MED-01"", ""S008-WAT-01"", ""S008-WAT-02""]",C,True,False,True,False,False,-6.213629794260157,NOT_EVALUATED_AFTER_GEOMETRY_FAIL,False,False,NOT_EVALUATED_AFTER_GEOMETRY_FAIL,False,TRANSPORT_ENERGY_RESERVE,,7.319710851623839,,2834.365184104799,7
DOUBLE_0117,DOUBLE,O01->S008->S003->O01,S008->S003,"[""S008-FOD-01"", ""S008-HYG-01"", ""S008-MED-01"", ""S008-WAT-01"", ""S008-WAT-02""]",B,True,False,False,False,False,-6.213629794260157,NOT_EVALUATED_AFTER_GEOMETRY_FAIL,False,False,NOT_EVALUATED_AFTER_GEOMETRY_FAIL,False,PAYLOAD_VOLUME,,4.245191898385303,,2770.749816469708,7
DOUBLE_0118,DOUBLE,O01->S008->S003->O01,S008->S003,"[""S008-FOD-01"", ""S008-HYG-01"", ""S008-MED-01"", ""S008-WAT-01"", ""S008-WAT-02""]",C,True,False,True,False,False,-6.213629794260157,NOT_EVALUATED_AFTER_GEOMETRY_FAIL,False,False,NOT_EVALUATED_AFTER_GEOMETRY_FAIL,False,TRANSPORT_ENERGY_RESERVE,,7.693667457707227,,2966.365184104799,7
DOUBLE_0119,DOUBLE,O01->S008->S003->O01,S008->S003,"[""S003-MED-01"", ""S008-MED-01"", ""S008-WAT-01""]",B,True,False,True,False,False,-6.213629794260157,NOT_EVALUATED_AFTER_GEOMETRY_FAIL,False,False,NOT_EVALUATED_AFTER_GEOMETRY_FAIL,False,TRANSPORT_ENERGY_RESERVE,,3.723852077284361,,2650.749816469708,7
DOUBLE_0120,DOUBLE,O01->S008->S003->O01,S008->S003,"[""S003-MED-01"", ""S008-MED-01"", ""S008-WAT-01""]",C,True,False,True,False,False,-6.213629794260157,NOT_EVALUATED_AFTER_GEOMETRY_FAIL,False,False,NOT_EVALUATED_AFTER_GEOMETRY_FAIL,False,TRANSPORT_ENERGY_RESERVE,,7.130618768385425,,2834.365184104799,7
DOUBLE_0121,DOUBLE,O01->S008->S003->O01,S008->S003,"[""S003-MED-01"", ""S003-WAT-01"", ""S008-MED-01"", ""S008-WAT-01""]",B,True,False,False,False,False,-6.213629794260157,NOT_EVALUATED_AFTER_GEOMETRY_FAIL,False,False,NOT_EVALUATED_AFTER_GEOMETRY_FAIL,False,PAYLOAD_VOLUME,,4.468858569256109,,2710.749816469708,7
DOUBLE_0122,DOUBLE,O01->S008->S003->O01,S008->S003,"[""S003-MED-01"", ""S003-WAT-01"", ""S008-MED-01"", ""S008-WAT-01""]",C,True,False,True,False,False,-6.213629794260157,NOT_EVALUATED_AFTER_GEOMETRY_FAIL,False,False,NOT_EVALUATED_AFTER_GEOMETRY_FAIL,False,TRANSPORT_ENERGY_RESERVE,,7.528615049279237,,2900.365184104799,7
DOUBLE_0123,DOUBLE,O01->S008->S003->O01,S008->S003,"[""S003-MED-01"", ""S008-FOD-01"", ""S008-HYG-01"", ""S008-MED-01"", ""S008-WAT-01"", ""S008-WAT-02""]",B,True,False,False,False,False,-6.213629794260157,NOT_EVALUATED_AFTER_GEOMETRY_FAIL,False,False,NOT_EVALUATED_AFTER_GEOMETRY_FAIL,False,PAYLOAD_VOLUME,,4.266226667409679,,2830.749816469708,7
DOUBLE_0124,DOUBLE,O01->S008->S003->O01,S008->S003,"[""S003-MED-01"", ""S008-FOD-01"", ""S008-HYG-01"", ""S008-MED-01"", ""S008-WAT-01"", ""S008-WAT-02""]",C,True,False,True,False,False,-6.213629794260157,NOT_EVALUATED_AFTER_GEOMETRY_FAIL,False,False,NOT_EVALUATED_AFTER_GEOMETRY_FAIL,False,TRANSPORT_ENERGY_RESERVE,,7.809414840601527,,3032.365184104799,7
DOUBLE_0125,DOUBLE,O01->S008->S003->O01,S008->S003,"[""S003-MED-01"", ""S003-WAT-01"", ""S008-FOD-01"", ""S008-HYG-01"", ""S008-MED-01"", ""S008-WAT-01"", ""S008-WAT-02""]",B,True,False,False,False,False,-6.213629794260157,NOT_EVALUATED_AFTER_GEOMETRY_FAIL,False,False,NOT_EVALUATED_AFTER_GEOMETRY_FAIL,False,PAYLOAD_VOLUME,,4.49484394710696,,2890.749816469708,7
DOUBLE_0126,DOUBLE,O01->S008->S003->O01,S008->S003,"[""S003-MED-01"", ""S003-WAT-01"", ""S008-FOD-01"", ""S008-HYG-01"", ""S008-MED-01"", ""S008-WAT-01"", ""S008-WAT-02""]",C,True,False,True,False,False,-6.213629794260157,NOT_EVALUATED_AFTER_GEOMETRY_FAIL,False,False,NOT_EVALUATED_AFTER_GEOMETRY_FAIL,False,TRANSPORT_ENERGY_RESERVE,,8.566079023851016,,3098.365184104799,7
DOUBLE_0127,DOUBLE,O01->S008->S003->O01,S008->S003,"[""S003-FOD-01"", ""S003-FOD-02"", ""S003-HYG-01"", ""S003-MED-01"", ""S003-WAT-01"", ""S003-WAT-02"", ""S003-WAT-03"", ""S003-WAT-04"", ""S008-MED-01""]",B,True,False,False,False,False,-6.213629794260157,NOT_EVALUATED_AFTER_GEOMETRY_FAIL,False,False,NOT_EVALUATED_AFTER_GEOMETRY_FAIL,False,PAYLOAD_VOLUME,,5.113167251193621,,3010.749816469708,7
DOUBLE_0128,DOUBLE,O01->S008->S003->O01,S008->S003,"[""S003-FOD-01"", ""S003-FOD-02"", ""S003-HYG-01"", ""S003-MED-01"", ""S003-WAT-01"", ""S003-WAT-02"", ""S003-WAT-03"", ""S003-WAT-04"", ""S008-MED-01""]",C,True,False,False,False,False,-6.213629794260157,NOT_EVALUATED_AFTER_GEOMETRY_FAIL,False,False,NOT_EVALUATED_AFTER_GEOMETRY_FAIL,False,PAYLOAD_VOLUME,,12.315956036155258,,3230.365184104799,7
DOUBLE_0129,DOUBLE,O01->S008->S003->O01,S008->S003,"[""S003-FOD-01"", ""S003-FOD-02"", ""S003-HYG-01"", ""S003-MED-01"", ""S003-WAT-01"", ""S003-WAT-02"", ""S003-WAT-03"", ""S003-WAT-04"", ""S008-MED-01"", ""S008-WAT-01""]",B,True,False,False,False,False,-6.213629794260157,NOT_EVALUATED_AFTER_GEOMETRY_FAIL,False,False,NOT_EVALUATED_AFTER_GEOMETRY_FAIL,False,PAYLOAD_VOLUME,,5.126159940119046,,3070.749816469708,7
DOUBLE_0130,DOUBLE,O01->S008->S003->O01,S008->S003,"[""S003-FOD-01"", ""S003-FOD-02"", ""S003-HYG-01"", ""S003-MED-01"", ""S003-WAT-01"", ""S003-WAT-02"", ""S003-WAT-03"", ""S003-WAT-04"", ""S008-MED-01"", ""S008-WAT-01""]",C,True,False,False,False,False,-6.213629794260157,NOT_EVALUATED_AFTER_GEOMETRY_FAIL,False,False,NOT_EVALUATED_AFTER_GEOMETRY_FAIL,False,PAYLOAD_VOLUME,,12.328948725080682,,3296.365184104799,7
DOUBLE_0131,DOUBLE,O01->S008->S003->O01,S008->S003,"[""S003-FOD-01"", ""S003-FOD-02"", ""S003-HYG-01"", ""S003-MED-01"", ""S003-WAT-01"", ""S003-WAT-02"", ""S003-WAT-03"", ""S003-WAT-04"", ""S008-FOD-01"", ""S008-HYG-01"", ""S008-MED-01"", ""S008-WAT-01"", ""S008-WAT-02""]",B,True,False,False,False,False,-6.213629794260157,NOT_EVALUATED_AFTER_GEOMETRY_FAIL,False,False,NOT_EVALUATED_AFTER_GEOMETRY_FAIL,False,PAYLOAD_VOLUME,,5.152145317969897,,3250.749816469708,7
DOUBLE_0132,DOUBLE,O01->S008->S003->O01,S008->S003,"[""S003-FOD-01"", ""S003-FOD-02"", ""S003-HYG-01"", ""S003-MED-01"", ""S003-WAT-01"", ""S003-WAT-02"", ""S003-WAT-03"", ""S003-WAT-04"", ""S008-FOD-01"", ""S008-HYG-01"", ""S008-MED-01"", ""S008-WAT-01"", ""S008-WAT-02""]",C,True,False,False,False,False,-6.213629794260157,NOT_EVALUATED_AFTER_GEOMETRY_FAIL,False,False,NOT_EVALUATED_AFTER_GEOMETRY_FAIL,False,PAYLOAD_VOLUME,,12.354934102931532,,3494.365184104799,7
DOUBLE_0133,DOUBLE,O01->S004->S008->O01,S004->S008,"[""S008-MED-01""]",B,True,True,True,True,False,-6.213629794260157,NOT_EVALUATED_AFTER_GEOMETRY_FAIL,False,False,NOT_EVALUATED_AFTER_GEOMETRY_FAIL,False,COMMUNICATION_GEOMETRY,,2.793337135204638,,1980.2914069632657,7
DOUBLE_0134,DOUBLE,O01->S004->S008->O01,S004->S008,"[""S008-MED-01""]",C,True,True,True,True,False,-6.213629794260157,NOT_EVALUATED_AFTER_GEOMETRY_FAIL,False,False,NOT_EVALUATED_AFTER_GEOMETRY_FAIL,False,COMMUNICATION_GEOMETRY,,5.838635548317757,,2074.80507273475,7
DOUBLE_0135,DOUBLE,O01->S004->S008->O01,S004->S008,"[""S008-MED-01"", ""S008-WAT-01""]",B,True,True,True,True,False,-6.213629794260157,NOT_EVALUATED_AFTER_GEOMETRY_FAIL,False,False,NOT_EVALUATED_AFTER_GEOMETRY_FAIL,False,COMMUNICATION_GEOMETRY,,3.126629930800461,,2040.2914069632657,7
DOUBLE_0136,DOUBLE,O01->S004->S008->O01,S004->S008,"[""S008-MED-01"", ""S008-WAT-01""]",C,True,True,True,True,False,-6.213629794260157,NOT_EVALUATED_AFTER_GEOMETRY_FAIL,False,False,NOT_EVALUATED_AFTER_GEOMETRY_FAIL,False,COMMUNICATION_GEOMETRY,,6.026249146888586,,2140.80507273475,7
DOUBLE_0137,DOUBLE,O01->S004->S008->O01,S004->S008,"[""S008-MED-01"", ""S008-WAT-01"", ""S008-WAT-02""]",B,True,False,False,False,False,-6.213629794260157,NOT_EVALUATED_AFTER_GEOMETRY_FAIL,False,False,NOT_EVALUATED_AFTER_GEOMETRY_FAIL,False,PAYLOAD_VOLUME,,3.927748521725207,,2100.2914069632657,7
DOUBLE_0138,DOUBLE,O01->S004->S008->O01,S004->S008,"[""S008-MED-01"", ""S008-WAT-01"", ""S008-WAT-02""]",C,True,True,True,True,False,-6.213629794260157,NOT_EVALUATED_AFTER_GEOMETRY_FAIL,False,False,NOT_EVALUATED_AFTER_GEOMETRY_FAIL,False,COMMUNICATION_GEOMETRY,,6.347125232424905,,2206.8050727347504,7
DOUBLE_0139,DOUBLE,O01->S004->S008->O01,S004->S008,"[""S008-FOD-01"", ""S008-HYG-01"", ""S008-MED-01"", ""S008-WAT-01"", ""S008-WAT-02""]",B,True,False,False,False,False,-6.213629794260157,NOT_EVALUATED_AFTER_GEOMETRY_FAIL,False,False,NOT_EVALUATED_AFTER_GEOMETRY_FAIL,False,PAYLOAD_VOLUME,,3.9504834134874094,,2220.2914069632657,7
DOUBLE_0140,DOUBLE,O01->S004->S008->O01,S004->S008,"[""S008-FOD-01"", ""S008-HYG-01"", ""S008-MED-01"", ""S008-WAT-01"", ""S008-WAT-02""]",C,True,False,True,False,False,-6.213629794260157,NOT_EVALUATED_AFTER_GEOMETRY_FAIL,False,False,NOT_EVALUATED_AFTER_GEOMETRY_FAIL,False,TRANSPORT_ENERGY_RESERVE,,6.830684986688916,,2338.8050727347504,7
DOUBLE_0141,DOUBLE,O01->S004->S008->O01,S004->S008,"[""S004-MED-01"", ""S008-MED-01"", ""S008-WAT-01""]",B,True,False,True,False,False,-6.213629794260157,NOT_EVALUATED_AFTER_GEOMETRY_FAIL,False,False,NOT_EVALUATED_AFTER_GEOMETRY_FAIL,False,TRANSPORT_ENERGY_RESERVE,,3.218832580610054,,2100.2914069632657,7
DOUBLE_0142,DOUBLE,O01->S004->S008->O01,S004->S008,"[""S004-MED-01"", ""S008-MED-01"", ""S008-WAT-01""]",C,True,True,True,True,False,-6.213629794260157,NOT_EVALUATED_AFTER_GEOMETRY_FAIL,False,False,NOT_EVALUATED_AFTER_GEOMETRY_FAIL,False,COMMUNICATION_GEOMETRY,,6.068600810936243,,2206.8050727347504,7
DOUBLE_0143,DOUBLE,O01->S004->S008->O01,S004->S008,"[""S004-MED-01"", ""S004-WAT-01"", ""S008-MED-01"", ""S008-WAT-01""]",B,True,False,False,False,False,-6.213629794260157,NOT_EVALUATED_AFTER_GEOMETRY_FAIL,False,False,NOT_EVALUATED_AFTER_GEOMETRY_FAIL,False,PAYLOAD_VOLUME,,3.726384536364276,,2160.2914069632657,7
DOUBLE_0144,DOUBLE,O01->S004->S008->O01,S004->S008,"[""S004-MED-01"", ""S004-WAT-01"", ""S008-MED-01"", ""S008-WAT-01""]",C,True,True,True,True,False,-6.213629794260157,NOT_EVALUATED_AFTER_GEOMETRY_FAIL,False,False,NOT_EVALUATED_AFTER_GEOMETRY_FAIL,False,COMMUNICATION_GEOMETRY,,6.328854629954132,,2272.8050727347504,7
DOUBLE_0145,DOUBLE,O01->S004->S008->O01,S004->S008,"[""S004-MED-01"", ""S008-FOD-01"", ""S008-HYG-01"", ""S008-MED-01"", ""S008-WAT-01"", ""S008-WAT-02""]",B,True,False,False,False,False,-6.213629794260157,NOT_EVALUATED_AFTER_GEOMETRY_FAIL,False,False,NOT_EVALUATED_AFTER_GEOMETRY_FAIL,False,PAYLOAD_VOLUME,,3.953555160270985,,2280.2914069632657,7
DOUBLE_0146,DOUBLE,O01->S004->S008->O01,S004->S008,"[""S004-MED-01"", ""S008-FOD-01"", ""S008-HYG-01"", ""S008-MED-01"", ""S008-WAT-01"", ""S008-WAT-02""]",C,True,False,True,False,False,-6.213629794260157,NOT_EVALUATED_AFTER_GEOMETRY_FAIL,False,False,NOT_EVALUATED_AFTER_GEOMETRY_FAIL,False,TRANSPORT_ENERGY_RESERVE,,6.928732867604047,,2404.8050727347504,7
DOUBLE_0147,DOUBLE,O01->S004->S008->O01,S004->S008,"[""S004-MED-01"", ""S004-WAT-01"", ""S008-FOD-01"", ""S008-HYG-01"", ""S008-MED-01"", ""S008-WAT-01"", ""S008-WAT-02""]",B,True,False,False,False,False,-6.213629794260157,NOT_EVALUATED_AFTER_GEOMETRY_FAIL,False,False,NOT_EVALUATED_AFTER_GEOMETRY_FAIL,False,PAYLOAD_VOLUME,,3.967889978594332,,2340.2914069632657,7
DOUBLE_0148,DOUBLE,O01->S004->S008->O01,S004->S008,"[""S004-MED-01"", ""S004-WAT-01"", ""S008-FOD-01"", ""S008-HYG-01"", ""S008-MED-01"", ""S008-WAT-01"", ""S008-WAT-02""]",C,True,False,True,False,False,-6.213629794260157,NOT_EVALUATED_AFTER_GEOMETRY_FAIL,False,False,NOT_EVALUATED_AFTER_GEOMETRY_FAIL,False,TRANSPORT_ENERGY_RESERVE,,7.531559985760063,,2470.8050727347504,7
DOUBLE_0149,DOUBLE,O01->S004->S008->O01,S004->S008,"[""S004-FOD-01"", ""S004-HYG-01"", ""S004-MED-01"", ""S004-WAT-01"", ""S004-WAT-02"", ""S004-WAT-03"", ""S008-MED-01""]",B,True,False,False,False,False,-6.213629794260157,NOT_EVALUATED_AFTER_GEOMETRY_FAIL,False,False,NOT_EVALUATED_AFTER_GEOMETRY_FAIL,False,PAYLOAD_VOLUME,,3.668440201580969,,2340.2914069632657,7
DOUBLE_0150,DOUBLE,O01->S004->S008->O01,S004->S008,"[""S004-FOD-01"", ""S004-HYG-01"", ""S004-MED-01"", ""S004-WAT-01"", ""S004-WAT-02"", ""S004-WAT-03"", ""S008-MED-01""]",C,True,False,True,False,False,-6.213629794260157,NOT_EVALUATED_AFTER_GEOMETRY_FAIL,False,False,NOT_EVALUATED_AFTER_GEOMETRY_FAIL,False,TRANSPORT_ENERGY_RESERVE,,7.273689789353432,,2470.8050727347504,7
DOUBLE_0151,DOUBLE,O01->S004->S008->O01,S004->S008,"[""S004-FOD-01"", ""S004-HYG-01"", ""S004-MED-01"", ""S004-WAT-01"", ""S004-WAT-02"", ""S004-WAT-03"", ""S008-MED-01"", ""S008-WAT-01""]",B,True,False,False,False,False,-6.213629794260157,NOT_EVALUATED_AFTER_GEOMETRY_FAIL,False,False,NOT_EVALUATED_AFTER_GEOMETRY_FAIL,False,PAYLOAD_VOLUME,,3.7693889913343175,,2400.2914069632657,7
DOUBLE_0152,DOUBLE,O01->S004->S008->O01,S004->S008,"[""S004-FOD-01"", ""S004-HYG-01"", ""S004-MED-01"", ""S004-WAT-01"", ""S004-WAT-02"", ""S004-WAT-03"", ""S008-MED-01"", ""S008-WAT-01""]",C,True,False,True,False,False,-6.213629794260157,NOT_EVALUATED_AFTER_GEOMETRY_FAIL,False,False,NOT_EVALUATED_AFTER_GEOMETRY_FAIL,False,TRANSPORT_ENERGY_RESERVE,,8.3237951425487,,2536.8050727347504,7
DOUBLE_0153,DOUBLE,O01->S004->S008->O01,S004->S008,"[""S004-FOD-01"", ""S004-HYG-01"", ""S004-MED-01"", ""S004-WAT-01"", ""S004-WAT-02"", ""S004-WAT-03"", ""S008-FOD-01"", ""S008-HYG-01"", ""S008-MED-01"", ""S008-WAT-01"", ""S008-WAT-02""]",B,True,False,False,False,False,-6.213629794260157,NOT_EVALUATED_AFTER_GEOMETRY_FAIL,False,False,NOT_EVALUATED_AFTER_GEOMETRY_FAIL,False,PAYLOAD_VOLUME,,4.010894433564374,,2580.2914069632657,7
DOUBLE_0154,DOUBLE,O01->S004->S008->O01,S004->S008,"[""S004-FOD-01"", ""S004-HYG-01"", ""S004-MED-01"", ""S004-WAT-01"", ""S004-WAT-02"", ""S004-WAT-03"", ""S008-FOD-01"", ""S008-HYG-01"", ""S008-MED-01"", ""S008-WAT-01"", ""S008-WAT-02""]",C,True,False,False,False,False,-6.213629794260157,NOT_EVALUATED_AFTER_GEOMETRY_FAIL,False,False,NOT_EVALUATED_AFTER_GEOMETRY_FAIL,False,PAYLOAD_VOLUME,,8.97106635276064,,2734.8050727347504,7
DOUBLE_0155,DOUBLE,O01->S008->S004->O01,S008->S004,"[""S008-MED-01""]",B,True,True,True,True,False,-6.213629794260157,NOT_EVALUATED_AFTER_GEOMETRY_FAIL,False,False,NOT_EVALUATED_AFTER_GEOMETRY_FAIL,False,COMMUNICATION_GEOMETRY,,2.786868124910886,,1980.3016455336208,7
DOUBLE_0156,DOUBLE,O01->S008->S004->O01,S008->S004,"[""S008-MED-01""]",C,True,True,True,True,False,-6.213629794260157,NOT_EVALUATED_AFTER_GEOMETRY_FAIL,False,False,NOT_EVALUATED_AFTER_GEOMETRY_FAIL,False,COMMUNICATION_GEOMETRY,,5.833885307228801,,2074.8153113051053,7
DOUBLE_0157,DOUBLE,O01->S008->S004->O01,S008->S004,"[""S008-MED-01"", ""S008-WAT-01""]",B,True,True,True,True,False,-6.213629794260157,NOT_EVALUATED_AFTER_GEOMETRY_FAIL,False,False,NOT_EVALUATED_AFTER_GEOMETRY_FAIL,False,COMMUNICATION_GEOMETRY,,3.0431206867163474,,2040.3016455336208,7
DOUBLE_0158,DOUBLE,O01->S008->S004->O01,S008->S004,"[""S008-MED-01"", ""S008-WAT-01""]",C,True,True,True,True,False,-6.213629794260157,NOT_EVALUATED_AFTER_GEOMETRY_FAIL,False,False,NOT_EVALUATED_AFTER_GEOMETRY_FAIL,False,COMMUNICATION_GEOMETRY,,5.976027416483836,,2140.8153113051053,7
DOUBLE_0159,DOUBLE,O01->S008->S004->O01,S008->S004,"[""S008-MED-01"", ""S008-WAT-01"", ""S008-WAT-02""]",B,True,False,False,False,False,-6.213629794260157,NOT_EVALUATED_AFTER_GEOMETRY_FAIL,False,False,NOT_EVALUATED_AFTER_GEOMETRY_FAIL,False,PAYLOAD_VOLUME,,3.665820993360675,,2100.301645533621,7
DOUBLE_0160,DOUBLE,O01->S008->S004->O01,S008->S004,"[""S008-MED-01"", ""S008-WAT-01"", ""S008-WAT-02""]",C,True,True,True,True,False,-6.213629794260157,NOT_EVALUATED_AFTER_GEOMETRY_FAIL,False,False,NOT_EVALUATED_AFTER_GEOMETRY_FAIL,False,COMMUNICATION_GEOMETRY,,6.222553974624998,,2206.8153113051053,7
DOUBLE_0161,DOUBLE,O01->S008->S004->O01,S008->S004,"[""S008-FOD-01"", ""S008-HYG-01"", ""S008-MED-01"", ""S008-WAT-01"", ""S008-WAT-02""]",B,True,False,False,False,False,-6.213629794260157,NOT_EVALUATED_AFTER_GEOMETRY_FAIL,False,False,NOT_EVALUATED_AFTER_GEOMETRY_FAIL,False,PAYLOAD_VOLUME,,3.678813682286101,,2220.301645533621,7
DOUBLE_0162,DOUBLE,O01->S008->S004->O01,S008->S004,"[""S008-FOD-01"", ""S008-HYG-01"", ""S008-MED-01"", ""S008-WAT-01"", ""S008-WAT-02""]",C,True,False,True,False,False,-6.213629794260157,NOT_EVALUATED_AFTER_GEOMETRY_FAIL,False,False,NOT_EVALUATED_AFTER_GEOMETRY_FAIL,False,TRANSPORT_ENERGY_RESERVE,,6.596510580708387,,2338.8153113051053,7
DOUBLE_0163,DOUBLE,O01->S008->S004->O01,S008->S004,"[""S004-MED-01"", ""S008-MED-01"", ""S008-WAT-01""]",B,True,True,True,True,False,-6.213629794260157,NOT_EVALUATED_AFTER_GEOMETRY_FAIL,False,False,NOT_EVALUATED_AFTER_GEOMETRY_FAIL,False,COMMUNICATION_GEOMETRY,,3.145657069227539,,2100.301645533621,7
DOUBLE_0164,DOUBLE,O01->S008->S004->O01,S008->S004,"[""S004-MED-01"", ""S008-MED-01"", ""S008-WAT-01""]",C,True,True,True,True,False,-6.213629794260157,NOT_EVALUATED_AFTER_GEOMETRY_FAIL,False,False,NOT_EVALUATED_AFTER_GEOMETRY_FAIL,False,COMMUNICATION_GEOMETRY,,6.024402628591812,,2206.8153113051053,7
DOUBLE_0165,DOUBLE,O01->S008->S004->O01,S008->S004,"[""S004-MED-01"", ""S004-WAT-01"", ""S008-MED-01"", ""S008-WAT-01""]",B,True,False,False,False,False,-6.213629794260157,NOT_EVALUATED_AFTER_GEOMETRY_FAIL,False,False,NOT_EVALUATED_AFTER_GEOMETRY_FAIL,False,PAYLOAD_VOLUME,,3.759394767142223,,2160.301645533621,7
DOUBLE_0166,DOUBLE,O01->S008->S004->O01,S008->S004,"[""S004-MED-01"", ""S004-WAT-01"", ""S008-MED-01"", ""S008-WAT-01""]",C,True,True,True,True,False,-6.213629794260157,NOT_EVALUATED_AFTER_GEOMETRY_FAIL,False,False,NOT_EVALUATED_AFTER_GEOMETRY_FAIL,False,COMMUNICATION_GEOMETRY,,6.342534954606641,,2272.8153113051053,7
DOUBLE_0167,DOUBLE,O01->S008->S004->O01,S008->S004,"[""S004-MED-01"", ""S008-FOD-01"", ""S008-HYG-01"", ""S008-MED-01"", ""S008-WAT-01"", ""S008-WAT-02""]",B,True,False,False,False,False,-6.213629794260157,NOT_EVALUATED_AFTER_GEOMETRY_FAIL,False,False,NOT_EVALUATED_AFTER_GEOMETRY_FAIL,False,PAYLOAD_VOLUME,,3.688031659352857,,2280.301645533621,7
DOUBLE_0168,DOUBLE,O01->S008->S004->O01,S008->S004,"[""S004-MED-01"", ""S008-FOD-01"", ""S008-HYG-01"", ""S008-MED-01"", ""S008-WAT-01"", ""S008-WAT-02""]",C,True,False,True,False,False,-6.213629794260157,NOT_EVALUATED_AFTER_GEOMETRY_FAIL,False,False,NOT_EVALUATED_AFTER_GEOMETRY_FAIL,False,TRANSPORT_ENERGY_RESERVE,,6.703198700807914,,2404.8153113051053,7
DOUBLE_0169,DOUBLE,O01->S008->S004->O01,S008->S004,"[""S004-MED-01"", ""S004-WAT-01"", ""S008-FOD-01"", ""S008-HYG-01"", ""S008-MED-01"", ""S008-WAT-01"", ""S008-WAT-02""]",B,True,False,False,False,False,-6.213629794260157,NOT_EVALUATED_AFTER_GEOMETRY_FAIL,False,False,NOT_EVALUATED_AFTER_GEOMETRY_FAIL,False,PAYLOAD_VOLUME,,3.7853801449930726,,2340.301645533621,7
DOUBLE_0170,DOUBLE,O01->S008->S004->O01,S008->S004,"[""S004-MED-01"", ""S004-WAT-01"", ""S008-FOD-01"", ""S008-HYG-01"", ""S008-MED-01"", ""S008-WAT-01"", ""S008-WAT-02""]",C,True,False,True,False,False,-6.213629794260157,NOT_EVALUATED_AFTER_GEOMETRY_FAIL,False,False,NOT_EVALUATED_AFTER_GEOMETRY_FAIL,False,TRANSPORT_ENERGY_RESERVE,,7.379998929178419,,2470.8153113051053,7
DOUBLE_0171,DOUBLE,O01->S008->S004->O01,S008->S004,"[""S004-FOD-01"", ""S004-HYG-01"", ""S004-MED-01"", ""S004-WAT-01"", ""S004-WAT-02"", ""S004-WAT-03"", ""S008-MED-01""]",B,True,False,False,False,False,-6.213629794260157,NOT_EVALUATED_AFTER_GEOMETRY_FAIL,False,False,NOT_EVALUATED_AFTER_GEOMETRY_FAIL,False,PAYLOAD_VOLUME,,3.9998419768714912,,2340.301645533621,7
DOUBLE_0172,DOUBLE,O01->S008->S004->O01,S008->S004,"[""S004-FOD-01"", ""S004-HYG-01"", ""S004-MED-01"", ""S004-WAT-01"", ""S004-WAT-02"", ""S004-WAT-03"", ""S008-MED-01""]",C,True,False,True,False,False,-6.213629794260157,NOT_EVALUATED_AFTER_GEOMETRY_FAIL,False,False,NOT_EVALUATED_AFTER_GEOMETRY_FAIL,False,TRANSPORT_ENERGY_RESERVE,,7.76895470946806,,2470.8153113051053,7
DOUBLE_0173,DOUBLE,O01->S008->S004->O01,S008->S004,"[""S004-FOD-01"", ""S004-HYG-01"", ""S004-MED-01"", ""S004-WAT-01"", ""S004-WAT-02"", ""S004-WAT-03"", ""S008-MED-01"", ""S008-WAT-01""]",B,True,False,False,False,False,-6.213629794260157,NOT_EVALUATED_AFTER_GEOMETRY_FAIL,False,False,NOT_EVALUATED_AFTER_GEOMETRY_FAIL,False,PAYLOAD_VOLUME,,4.012834665796916,,2400.301645533621,7
DOUBLE_0174,DOUBLE,O01->S008->S004->O01,S008->S004,"[""S004-FOD-01"", ""S004-HYG-01"", ""S004-MED-01"", ""S004-WAT-01"", ""S004-WAT-02"", ""S004-WAT-03"", ""S008-MED-01"", ""S008-WAT-01""]",C,True,False,True,False,False,-6.213629794260157,NOT_EVALUATED_AFTER_GEOMETRY_FAIL,False,False,NOT_EVALUATED_AFTER_GEOMETRY_FAIL,False,TRANSPORT_ENERGY_RESERVE,,8.81410971905274,,2536.8153113051053,7
DOUBLE_0175,DOUBLE,O01->S008->S004->O01,S008->S004,"[""S004-FOD-01"", ""S004-HYG-01"", ""S004-MED-01"", ""S004-WAT-01"", ""S004-WAT-02"", ""S004-WAT-03"", ""S008-FOD-01"", ""S008-HYG-01"", ""S008-MED-01"", ""S008-WAT-01"", ""S008-WAT-02""]",B,True,False,False,False,False,-6.213629794260157,NOT_EVALUATED_AFTER_GEOMETRY_FAIL,False,False,NOT_EVALUATED_AFTER_GEOMETRY_FAIL,False,PAYLOAD_VOLUME,,4.038820043647767,,2580.301645533621,7
DOUBLE_0176,DOUBLE,O01->S008->S004->O01,S008->S004,"[""S004-FOD-01"", ""S004-HYG-01"", ""S004-MED-01"", ""S004-WAT-01"", ""S004-WAT-02"", ""S004-WAT-03"", ""S008-FOD-01"", ""S008-HYG-01"", ""S008-MED-01"", ""S008-WAT-01"", ""S008-WAT-02""]",C,True,False,False,False,False,-6.213629794260157,NOT_EVALUATED_AFTER_GEOMETRY_FAIL,False,False,NOT_EVALUATED_AFTER_GEOMETRY_FAIL,False,PAYLOAD_VOLUME,,9.27004442558723,,2734.815311305105,7
DOUBLE_0177,DOUBLE,O01->S005->S008->O01,S005->S008,"[""S008-MED-01""]",B,True,True,True,True,False,-6.213629794260157,NOT_EVALUATED_AFTER_GEOMETRY_FAIL,False,False,NOT_EVALUATED_AFTER_GEOMETRY_FAIL,False,COMMUNICATION_GEOMETRY,,2.488154226345098,,1803.7877300461523,7
DOUBLE_0178,DOUBLE,O01->S005->S008->O01,S005->S008,"[""S008-MED-01""]",C,True,True,True,True,False,-6.213629794260157,NOT_EVALUATED_AFTER_GEOMETRY_FAIL,False,False,NOT_EVALUATED_AFTER_GEOMETRY_FAIL,False,COMMUNICATION_GEOMETRY,,5.203674953187456,,1888.538961939056,7
DOUBLE_0179,DOUBLE,O01->S005->S008->O01,S005->S008,"[""S008-MED-01"", ""S008-WAT-01""]",B,True,True,True,True,False,-6.213629794260157,NOT_EVALUATED_AFTER_GEOMETRY_FAIL,False,False,NOT_EVALUATED_AFTER_GEOMETRY_FAIL,False,COMMUNICATION_GEOMETRY,,2.7582531805352595,,1863.7877300461523,7
DOUBLE_0180,DOUBLE,O01->S005->S008->O01,S005->S008,"[""S008-MED-01"", ""S008-WAT-01""]",C,True,True,True,True,False,-6.213629794260157,NOT_EVALUATED_AFTER_GEOMETRY_FAIL,False,False,NOT_EVALUATED_AFTER_GEOMETRY_FAIL,False,COMMUNICATION_GEOMETRY,,5.356282343377223,,1954.538961939056,7
DOUBLE_0181,DOUBLE,O01->S005->S008->O01,S005->S008,"[""S008-MED-01"", ""S008-WAT-01"", ""S008-WAT-02""]",B,True,False,False,False,False,-6.213629794260157,NOT_EVALUATED_AFTER_GEOMETRY_FAIL,False,False,NOT_EVALUATED_AFTER_GEOMETRY_FAIL,False,PAYLOAD_VOLUME,,3.4056577864273083,,1923.7877300461523,7
DOUBLE_0182,DOUBLE,O01->S005->S008->O01,S005->S008,"[""S008-MED-01"", ""S008-WAT-01"", ""S008-WAT-02""]",C,True,True,True,True,False,-6.213629794260157,NOT_EVALUATED_AFTER_GEOMETRY_FAIL,False,False,NOT_EVALUATED_AFTER_GEOMETRY_FAIL,False,COMMUNICATION_GEOMETRY,,5.616367110817164,,2020.538961939056,7
DOUBLE_0183,DOUBLE,O01->S005->S008->O01,S005->S008,"[""S008-FOD-01"", ""S008-HYG-01"", ""S008-MED-01"", ""S008-WAT-01"", ""S008-WAT-02""]",B,True,False,False,False,False,-6.213629794260157,NOT_EVALUATED_AFTER_GEOMETRY_FAIL,False,False,NOT_EVALUATED_AFTER_GEOMETRY_FAIL,False,PAYLOAD_VOLUME,,3.42528903775228,,2043.7877300461523,7
DOUBLE_0184,DOUBLE,O01->S005->S008->O01,S005->S008,"[""S008-FOD-01"", ""S008-HYG-01"", ""S008-MED-01"", ""S008-WAT-01"", ""S008-WAT-02""]",C,True,True,True,True,False,-6.213629794260157,NOT_EVALUATED_AFTER_GEOMETRY_FAIL,False,False,NOT_EVALUATED_AFTER_GEOMETRY_FAIL,False,COMMUNICATION_GEOMETRY,,6.0076576994483,,2152.538961939056,7
DOUBLE_0185,DOUBLE,O01->S005->S008->O01,S005->S008,"[""S005-MED-01"", ""S008-MED-01"", ""S008-WAT-01""]",B,True,True,True,True,False,-6.213629794260157,NOT_EVALUATED_AFTER_GEOMETRY_FAIL,False,False,NOT_EVALUATED_AFTER_GEOMETRY_FAIL,False,COMMUNICATION_GEOMETRY,,2.8215206735663934,,1923.7877300461523,7
DOUBLE_0186,DOUBLE,O01->S005->S008->O01,S005->S008,"[""S005-MED-01"", ""S008-MED-01"", ""S008-WAT-01""]",C,True,True,True,True,False,-6.213629794260157,NOT_EVALUATED_AFTER_GEOMETRY_FAIL,False,False,NOT_EVALUATED_AFTER_GEOMETRY_FAIL,False,COMMUNICATION_GEOMETRY,,5.385426169206342,,2020.538961939056,7
DOUBLE_0187,DOUBLE,O01->S005->S008->O01,S005->S008,"[""S005-MED-01"", ""S005-WAT-01"", ""S008-MED-01"", ""S008-WAT-01""]",B,True,True,False,True,False,-6.213629794260157,NOT_EVALUATED_AFTER_GEOMETRY_FAIL,False,False,NOT_EVALUATED_AFTER_GEOMETRY_FAIL,False,PAYLOAD_VOLUME,,3.1696633249801813,,1983.7877300461523,7
DOUBLE_0188,DOUBLE,O01->S005->S008->O01,S005->S008,"[""S005-MED-01"", ""S005-WAT-01"", ""S008-MED-01"", ""S008-WAT-01""]",C,True,True,True,True,False,-6.213629794260157,NOT_EVALUATED_AFTER_GEOMETRY_FAIL,False,False,NOT_EVALUATED_AFTER_GEOMETRY_FAIL,False,COMMUNICATION_GEOMETRY,,5.5642899349834805,,2086.538961939056,7
DOUBLE_0189,DOUBLE,O01->S005->S008->O01,S005->S008,"[""S005-MED-01"", ""S008-FOD-01"", ""S008-HYG-01"", ""S008-MED-01"", ""S008-WAT-01"", ""S008-WAT-02""]",B,True,False,False,False,False,-6.213629794260157,NOT_EVALUATED_AFTER_GEOMETRY_FAIL,False,False,NOT_EVALUATED_AFTER_GEOMETRY_FAIL,False,PAYLOAD_VOLUME,,3.4275452343007413,,2103.7877300461523,7
DOUBLE_0190,DOUBLE,O01->S005->S008->O01,S005->S008,"[""S005-MED-01"", ""S008-FOD-01"", ""S008-HYG-01"", ""S008-MED-01"", ""S008-WAT-01"", ""S008-WAT-02""]",C,True,True,True,True,False,-6.213629794260157,NOT_EVALUATED_AFTER_GEOMETRY_FAIL,False,False,NOT_EVALUATED_AFTER_GEOMETRY_FAIL,False,COMMUNICATION_GEOMETRY,,6.074926331432168,,2218.538961939056,7
DOUBLE_0191,DOUBLE,O01->S005->S008->O01,S005->S008,"[""S005-MED-01"", ""S005-WAT-01"", ""S008-FOD-01"", ""S008-HYG-01"", ""S008-MED-01"", ""S008-WAT-01"", ""S008-WAT-02""]",B,True,False,False,False,False,-6.213629794260157,NOT_EVALUATED_AFTER_GEOMETRY_FAIL,False,False,NOT_EVALUATED_AFTER_GEOMETRY_FAIL,False,PAYLOAD_VOLUME,,3.438074151526897,,2163.787730046153,7
DOUBLE_0192,DOUBLE,O01->S005->S008->O01,S005->S008,"[""S005-MED-01"", ""S005-WAT-01"", ""S008-FOD-01"", ""S008-HYG-01"", ""S008-MED-01"", ""S008-WAT-01"", ""S008-WAT-02""]",C,True,False,True,False,False,-6.213629794260157,NOT_EVALUATED_AFTER_GEOMETRY_FAIL,False,False,NOT_EVALUATED_AFTER_GEOMETRY_FAIL,False,TRANSPORT_ENERGY_RESERVE,,6.488286107135988,,2284.538961939056,7
DOUBLE_0193,DOUBLE,O01->S005->S008->O01,S005->S008,"[""S005-FOD-01"", ""S005-HYG-01"", ""S005-MED-01"", ""S005-WAT-01"", ""S005-WAT-02"", ""S005-WAT-03"", ""S008-MED-01""]",B,True,True,False,True,False,-6.213629794260157,NOT_EVALUATED_AFTER_GEOMETRY_FAIL,False,False,NOT_EVALUATED_AFTER_GEOMETRY_FAIL,False,PAYLOAD_VOLUME,,3.0901937052894954,,2163.787730046153,7
DOUBLE_0194,DOUBLE,O01->S005->S008->O01,S005->S008,"[""S005-FOD-01"", ""S005-HYG-01"", ""S005-MED-01"", ""S005-WAT-01"", ""S005-WAT-02"", ""S005-WAT-03"", ""S008-MED-01""]",C,True,True,True,True,False,-6.213629794260157,NOT_EVALUATED_AFTER_GEOMETRY_FAIL,False,False,NOT_EVALUATED_AFTER_GEOMETRY_FAIL,False,COMMUNICATION_GEOMETRY,,6.189008508295189,,2284.538961939056,7
DOUBLE_0195,DOUBLE,O01->S005->S008->O01,S005->S008,"[""S005-FOD-01"", ""S005-HYG-01"", ""S005-MED-01"", ""S005-WAT-01"", ""S005-WAT-02"", ""S005-WAT-03"", ""S008-MED-01"", ""S008-WAT-01""]",B,True,False,False,False,False,-6.213629794260157,NOT_EVALUATED_AFTER_GEOMETRY_FAIL,False,False,NOT_EVALUATED_AFTER_GEOMETRY_FAIL,False,PAYLOAD_VOLUME,,3.201250076658648,,2223.787730046153,7
DOUBLE_0196,DOUBLE,O01->S005->S008->O01,S005->S008,"[""S005-FOD-01"", ""S005-HYG-01"", ""S005-MED-01"", ""S005-WAT-01"", ""S005-WAT-02"", ""S005-WAT-03"", ""S008-MED-01"", ""S008-WAT-01""]",C,True,False,True,False,False,-6.213629794260157,NOT_EVALUATED_AFTER_GEOMETRY_FAIL,False,False,NOT_EVALUATED_AFTER_GEOMETRY_FAIL,False,TRANSPORT_ENERGY_RESERVE,,6.932003052308482,,2350.538961939056,7
DOUBLE_0197,DOUBLE,O01->S005->S008->O01,S005->S008,"[""S005-FOD-01"", ""S005-HYG-01"", ""S005-MED-01"", ""S005-WAT-01"", ""S005-WAT-02"", ""S005-WAT-03"", ""S008-FOD-01"", ""S008-HYG-01"", ""S008-MED-01"", ""S008-WAT-01"", ""S008-WAT-02""]",B,True,False,False,False,False,-6.213629794260157,NOT_EVALUATED_AFTER_GEOMETRY_FAIL,False,False,NOT_EVALUATED_AFTER_GEOMETRY_FAIL,False,PAYLOAD_VOLUME,,3.469660903205364,,2403.787730046153,7
DOUBLE_0198,DOUBLE,O01->S005->S008->O01,S005->S008,"[""S005-FOD-01"", ""S005-HYG-01"", ""S005-MED-01"", ""S005-WAT-01"", ""S005-WAT-02"", ""S005-WAT-03"", ""S008-FOD-01"", ""S008-HYG-01"", ""S008-MED-01"", ""S008-WAT-01"", ""S008-WAT-02""]",C,True,False,False,False,False,-6.213629794260157,NOT_EVALUATED_AFTER_GEOMETRY_FAIL,False,False,NOT_EVALUATED_AFTER_GEOMETRY_FAIL,False,PAYLOAD_VOLUME,,7.475797115170765,,2548.538961939056,7
DOUBLE_0199,DOUBLE,O01->S008->S005->O01,S008->S005,"[""S008-MED-01""]",B,True,True,True,True,False,-6.213629794260157,NOT_EVALUATED_AFTER_GEOMETRY_FAIL,False,False,NOT_EVALUATED_AFTER_GEOMETRY_FAIL,False,COMMUNICATION_GEOMETRY,,2.4862706644508115,,1803.7926758671667,7
DOUBLE_0200,DOUBLE,O01->S008->S005->O01,S008->S005,"[""S008-MED-01""]",C,True,True,True,True,False,-6.213629794260157,NOT_EVALUATED_AFTER_GEOMETRY_FAIL,False,False,NOT_EVALUATED_AFTER_GEOMETRY_FAIL,False,COMMUNICATION_GEOMETRY,,5.201984994207374,,1888.5439077600704,7
DOUBLE_0201,DOUBLE,O01->S008->S005->O01,S008->S005,"[""S008-MED-01"", ""S008-WAT-01""]",B,True,True,True,True,False,-6.213629794260157,NOT_EVALUATED_AFTER_GEOMETRY_FAIL,False,False,NOT_EVALUATED_AFTER_GEOMETRY_FAIL,False,COMMUNICATION_GEOMETRY,,2.7425232262562727,,1863.792675867167,7
DOUBLE_0202,DOUBLE,O01->S008->S005->O01,S008->S005,"[""S008-MED-01"", ""S008-WAT-01""]",C,True,True,True,True,False,-6.213629794260157,NOT_EVALUATED_AFTER_GEOMETRY_FAIL,False,False,NOT_EVALUATED_AFTER_GEOMETRY_FAIL,False,COMMUNICATION_GEOMETRY,,5.344127103462409,,1954.5439077600704,7
DOUBLE_0203,DOUBLE,O01->S008->S005->O01,S008->S005,"[""S008-MED-01"", ""S008-WAT-01"", ""S008-WAT-02""]",B,True,False,False,False,False,-6.213629794260157,NOT_EVALUATED_AFTER_GEOMETRY_FAIL,False,False,NOT_EVALUATED_AFTER_GEOMETRY_FAIL,False,PAYLOAD_VOLUME,,3.3652235329006004,,1923.792675867167,7
DOUBLE_0204,DOUBLE,O01->S008->S005->O01,S008->S005,"[""S008-MED-01"", ""S008-WAT-01"", ""S008-WAT-02""]",C,True,True,True,True,False,-6.213629794260157,NOT_EVALUATED_AFTER_GEOMETRY_FAIL,False,False,NOT_EVALUATED_AFTER_GEOMETRY_FAIL,False,COMMUNICATION_GEOMETRY,,5.590653661603571,,2020.5439077600704,7
DOUBLE_0205,DOUBLE,O01->S008->S005->O01,S008->S005,"[""S008-FOD-01"", ""S008-HYG-01"", ""S008-MED-01"", ""S008-WAT-01"", ""S008-WAT-02""]",B,True,False,False,False,False,-6.213629794260157,NOT_EVALUATED_AFTER_GEOMETRY_FAIL,False,False,NOT_EVALUATED_AFTER_GEOMETRY_FAIL,False,PAYLOAD_VOLUME,,3.3782162218260257,,2043.792675867167,7
DOUBLE_0206,DOUBLE,O01->S008->S005->O01,S008->S005,"[""S008-FOD-01"", ""S008-HYG-01"", ""S008-MED-01"", ""S008-WAT-01"", ""S008-WAT-02""]",C,True,True,True,True,False,-6.213629794260157,NOT_EVALUATED_AFTER_GEOMETRY_FAIL,False,False,NOT_EVALUATED_AFTER_GEOMETRY_FAIL,False,COMMUNICATION_GEOMETRY,,5.964610267686959,,2152.5439077600704,7
DOUBLE_0207,DOUBLE,O01->S008->S005->O01,S008->S005,"[""S005-MED-01"", ""S008-MED-01"", ""S008-WAT-01""]",B,True,True,True,True,False,-6.213629794260157,NOT_EVALUATED_AFTER_GEOMETRY_FAIL,False,False,NOT_EVALUATED_AFTER_GEOMETRY_FAIL,False,COMMUNICATION_GEOMETRY,,2.845696194549911,,1923.792675867167,7
DOUBLE_0208,DOUBLE,O01->S008->S005->O01,S008->S005,"[""S005-MED-01"", ""S008-MED-01"", ""S008-WAT-01""]",C,True,True,True,True,False,-6.213629794260157,NOT_EVALUATED_AFTER_GEOMETRY_FAIL,False,False,NOT_EVALUATED_AFTER_GEOMETRY_FAIL,False,COMMUNICATION_GEOMETRY,,5.392806545389939,,2020.5439077600704,7
DOUBLE_0209,DOUBLE,O01->S008->S005->O01,S008->S005,"[""S005-MED-01"", ""S005-WAT-01"", ""S008-MED-01"", ""S008-WAT-01""]",B,True,False,False,False,False,-6.213629794260157,NOT_EVALUATED_AFTER_GEOMETRY_FAIL,False,False,NOT_EVALUATED_AFTER_GEOMETRY_FAIL,False,PAYLOAD_VOLUME,,3.47157957430165,,1983.792675867167,7
DOUBLE_0210,DOUBLE,O01->S008->S005->O01,S008->S005,"[""S005-MED-01"", ""S005-WAT-01"", ""S008-MED-01"", ""S008-WAT-01""]",C,True,True,True,True,False,-6.213629794260157,NOT_EVALUATED_AFTER_GEOMETRY_FAIL,False,False,NOT_EVALUATED_AFTER_GEOMETRY_FAIL,False,COMMUNICATION_GEOMETRY,,5.716888896255648,,2086.5439077600704,7
DOUBLE_0211,DOUBLE,O01->S008->S005->O01,S008->S005,"[""S005-MED-01"", ""S008-FOD-01"", ""S008-HYG-01"", ""S008-MED-01"", ""S008-WAT-01"", ""S008-WAT-02""]",B,True,False,False,False,False,-6.213629794260157,NOT_EVALUATED_AFTER_GEOMETRY_FAIL,False,False,NOT_EVALUATED_AFTER_GEOMETRY_FAIL,False,PAYLOAD_VOLUME,,3.388070784675229,,2103.792675867167,7
DOUBLE_0212,DOUBLE,O01->S008->S005->O01,S008->S005,"[""S005-MED-01"", ""S008-FOD-01"", ""S008-HYG-01"", ""S008-MED-01"", ""S008-WAT-01"", ""S008-WAT-02""]",C,True,True,True,True,False,-6.213629794260157,NOT_EVALUATED_AFTER_GEOMETRY_FAIL,False,False,NOT_EVALUATED_AFTER_GEOMETRY_FAIL,False,COMMUNICATION_GEOMETRY,,6.0716026176060405,,2218.5439077600704,7
DOUBLE_0213,DOUBLE,O01->S008->S005->O01,S008->S005,"[""S005-MED-01"", ""S005-WAT-01"", ""S008-FOD-01"", ""S008-HYG-01"", ""S008-MED-01"", ""S008-WAT-01"", ""S008-WAT-02""]",B,True,False,False,False,False,-6.213629794260157,NOT_EVALUATED_AFTER_GEOMETRY_FAIL,False,False,NOT_EVALUATED_AFTER_GEOMETRY_FAIL,False,PAYLOAD_VOLUME,,3.4975649521525,,2163.792675867167,7
DOUBLE_0214,DOUBLE,O01->S008->S005->O01,S008->S005,"[""S005-MED-01"", ""S005-WAT-01"", ""S008-FOD-01"", ""S008-HYG-01"", ""S008-MED-01"", ""S008-WAT-01"", ""S008-WAT-02""]",C,True,False,True,False,False,-6.213629794260157,NOT_EVALUATED_AFTER_GEOMETRY_FAIL,False,False,NOT_EVALUATED_AFTER_GEOMETRY_FAIL,False,TRANSPORT_ENERGY_RESERVE,,6.754352870827425,,2284.5439077600704,7
DOUBLE_0215,DOUBLE,O01->S008->S005->O01,S008->S005,"[""S005-FOD-01"", ""S005-HYG-01"", ""S005-MED-01"", ""S005-WAT-01"", ""S005-WAT-02"", ""S005-WAT-03"", ""S008-MED-01""]",B,True,False,False,False,False,-6.213629794260157,NOT_EVALUATED_AFTER_GEOMETRY_FAIL,False,False,NOT_EVALUATED_AFTER_GEOMETRY_FAIL,False,PAYLOAD_VOLUME,,3.74194448872164,,2163.792675867167,7
DOUBLE_0216,DOUBLE,O01->S008->S005->O01,S008->S005,"[""S005-FOD-01"", ""S005-HYG-01"", ""S005-MED-01"", ""S005-WAT-01"", ""S005-WAT-02"", ""S005-WAT-03"", ""S008-MED-01""]",C,True,False,True,False,False,-6.213629794260157,NOT_EVALUATED_AFTER_GEOMETRY_FAIL,False,False,NOT_EVALUATED_AFTER_GEOMETRY_FAIL,False,TRANSPORT_ENERGY_RESERVE,,7.202693240160589,,2284.5439077600704,7
DOUBLE_0217,DOUBLE,O01->S008->S005->O01,S008->S005,"[""S005-FOD-01"", ""S005-HYG-01"", ""S005-MED-01"", ""S005-WAT-01"", ""S005-WAT-02"", ""S005-WAT-03"", ""S008-MED-01"", ""S008-WAT-01""]",B,True,False,False,False,False,-6.213629794260157,NOT_EVALUATED_AFTER_GEOMETRY_FAIL,False,False,NOT_EVALUATED_AFTER_GEOMETRY_FAIL,False,PAYLOAD_VOLUME,,3.754937177647065,,2223.792675867167,7
DOUBLE_0218,DOUBLE,O01->S008->S005->O01,S008->S005,"[""S005-FOD-01"", ""S005-HYG-01"", ""S005-MED-01"", ""S005-WAT-01"", ""S005-WAT-02"", ""S005-WAT-03"", ""S008-MED-01"", ""S008-WAT-01""]",C,True,False,True,False,False,-6.213629794260157,NOT_EVALUATED_AFTER_GEOMETRY_FAIL,False,False,NOT_EVALUATED_AFTER_GEOMETRY_FAIL,False,TRANSPORT_ENERGY_RESERVE,,8.24784824974527,,2350.5439077600704,7
DOUBLE_0219,DOUBLE,O01->S008->S005->O01,S008->S005,"[""S005-FOD-01"", ""S005-HYG-01"", ""S005-MED-01"", ""S005-WAT-01"", ""S005-WAT-02"", ""S005-WAT-03"", ""S008-FOD-01"", ""S008-HYG-01"", ""S008-MED-01"", ""S008-WAT-01"", ""S008-WAT-02""]",B,True,False,False,False,False,-6.213629794260157,NOT_EVALUATED_AFTER_GEOMETRY_FAIL,False,False,NOT_EVALUATED_AFTER_GEOMETRY_FAIL,False,PAYLOAD_VOLUME,,3.780922555497916,,2403.792675867167,7
DOUBLE_0220,DOUBLE,O01->S008->S005->O01,S008->S005,"[""S005-FOD-01"", ""S005-HYG-01"", ""S005-MED-01"", ""S005-WAT-01"", ""S005-WAT-02"", ""S005-WAT-03"", ""S008-FOD-01"", ""S008-HYG-01"", ""S008-MED-01"", ""S008-WAT-01"", ""S008-WAT-02""]",C,True,False,False,False,False,-6.213629794260157,NOT_EVALUATED_AFTER_GEOMETRY_FAIL,False,False,NOT_EVALUATED_AFTER_GEOMETRY_FAIL,False,PAYLOAD_VOLUME,,8.703782956279758,,2548.543907760071,7
DOUBLE_0221,DOUBLE,O01->S006->S008->O01,S006->S008,"[""S008-MED-01""]",B,True,True,True,True,False,-6.213629794260157,NOT_EVALUATED_AFTER_GEOMETRY_FAIL,False,False,NOT_EVALUATED_AFTER_GEOMETRY_FAIL,False,COMMUNICATION_GEOMETRY,,2.942756638030299,,2087.4225901821924,4
DOUBLE_0222,DOUBLE,O01->S006->S008->O01,S006->S008,"[""S008-MED-01""]",C,True,True,True,True,False,-6.213629794260157,NOT_EVALUATED_AFTER_GEOMETRY_FAIL,False,False,NOT_EVALUATED_AFTER_GEOMETRY_FAIL,False,COMMUNICATION_GEOMETRY,,6.140317792846963,,2192.330802462466,4
DOUBLE_0223,DOUBLE,O01->S006->S008->O01,S006->S008,"[""S008-MED-01"", ""S008-WAT-01""]",B,True,False,True,False,False,-6.213629794260157,NOT_EVALUATED_AFTER_GEOMETRY_FAIL,False,False,NOT_EVALUATED_AFTER_GEOMETRY_FAIL,False,TRANSPORT_ENERGY_RESERVE,,3.3069787215763373,,2147.4225901821924,4
DOUBLE_0224,DOUBLE,O01->S006->S008->O01,S006->S008,"[""S008-MED-01"", ""S008-WAT-01""]",C,True,True,True,True,False,-6.213629794260157,NOT_EVALUATED_AFTER_GEOMETRY_FAIL,False,False,NOT_EVALUATED_AFTER_GEOMETRY_FAIL,False,COMMUNICATION_GEOMETRY,,6.345902250777033,,2258.330802462466,4
DOUBLE_0225,DOUBLE,O01->S006->S008->O01,S006->S008,"[""S008-MED-01"", ""S008-WAT-01"", ""S008-WAT-02""]",B,True,False,False,False,False,-6.213629794260157,NOT_EVALUATED_AFTER_GEOMETRY_FAIL,False,False,NOT_EVALUATED_AFTER_GEOMETRY_FAIL,False,PAYLOAD_VOLUME,,4.180640552790322,,2207.4225901821924,4
DOUBLE_0226,DOUBLE,O01->S006->S008->O01,S006->S008,"[""S008-MED-01"", ""S008-WAT-01"", ""S008-WAT-02""]",C,True,False,True,False,False,-6.213629794260157,NOT_EVALUATED_AFTER_GEOMETRY_FAIL,False,False,NOT_EVALUATED_AFTER_GEOMETRY_FAIL,False,TRANSPORT_ENERGY_RESERVE,,6.696603135400871,,2324.330802462466,4
DOUBLE_0227,DOUBLE,O01->S006->S008->O01,S006->S008,"[""S008-FOD-01"", ""S008-HYG-01"", ""S008-MED-01"", ""S008-WAT-01"", ""S008-WAT-02""]",B,True,False,False,False,False,-6.213629794260157,NOT_EVALUATED_AFTER_GEOMETRY_FAIL,False,False,NOT_EVALUATED_AFTER_GEOMETRY_FAIL,False,PAYLOAD_VOLUME,,4.206680044130112,,2327.4225901821924,4
DOUBLE_0228,DOUBLE,O01->S006->S008->O01,S006->S008,"[""S008-FOD-01"", ""S008-HYG-01"", ""S008-MED-01"", ""S008-WAT-01"", ""S008-WAT-02""]",C,True,False,True,False,False,-6.213629794260157,NOT_EVALUATED_AFTER_GEOMETRY_FAIL,False,False,NOT_EVALUATED_AFTER_GEOMETRY_FAIL,False,TRANSPORT_ENERGY_RESERVE,,7.2244586959186705,,2456.330802462466,4
DOUBLE_0229,DOUBLE,O01->S006->S008->O01,S006->S008,"[""S006-MED-01"", ""S008-MED-01"", ""S008-WAT-01""]",B,True,False,True,False,False,-6.213629794260157,NOT_EVALUATED_AFTER_GEOMETRY_FAIL,False,False,NOT_EVALUATED_AFTER_GEOMETRY_FAIL,False,TRANSPORT_ENERGY_RESERVE,,3.346290127687673,,2207.4225901821924,4
DOUBLE_0230,DOUBLE,O01->S006->S008->O01,S006->S008,"[""S006-MED-01"", ""S008-MED-01"", ""S008-WAT-01""]",C,True,True,True,True,False,-6.213629794260157,NOT_EVALUATED_AFTER_GEOMETRY_FAIL,False,False,NOT_EVALUATED_AFTER_GEOMETRY_FAIL,False,COMMUNICATION_GEOMETRY,,6.364740676166907,,2324.330802462466,4
DOUBLE_0231,DOUBLE,O01->S006->S008->O01,S006->S008,"[""S006-MED-01"", ""S006-WAT-01"", ""S008-MED-01"", ""S008-WAT-01""]",B,True,False,False,False,False,-6.213629794260157,NOT_EVALUATED_AFTER_GEOMETRY_FAIL,False,False,NOT_EVALUATED_AFTER_GEOMETRY_FAIL,False,PAYLOAD_VOLUME,,3.561478076093432,,2267.4225901821924,4
DOUBLE_0232,DOUBLE,O01->S006->S008->O01,S006->S008,"[""S006-MED-01"", ""S006-WAT-01"", ""S008-MED-01"", ""S008-WAT-01""]",C,True,False,True,False,False,-6.213629794260157,NOT_EVALUATED_AFTER_GEOMETRY_FAIL,False,False,NOT_EVALUATED_AFTER_GEOMETRY_FAIL,False,TRANSPORT_ENERGY_RESERVE,,6.478367343316672,,2390.330802462466,4
DOUBLE_0233,DOUBLE,O01->S006->S008->O01,S006->S008,"[""S006-MED-01"", ""S008-FOD-01"", ""S008-HYG-01"", ""S008-MED-01"", ""S008-WAT-01"", ""S008-WAT-02""]",B,True,False,False,False,False,-6.213629794260157,NOT_EVALUATED_AFTER_GEOMETRY_FAIL,False,False,NOT_EVALUATED_AFTER_GEOMETRY_FAIL,False,PAYLOAD_VOLUME,,4.209386852931127,,2387.4225901821924,4
DOUBLE_0234,DOUBLE,O01->S006->S008->O01,S006->S008,"[""S006-MED-01"", ""S008-FOD-01"", ""S008-HYG-01"", ""S008-MED-01"", ""S008-WAT-01"", ""S008-WAT-02""]",C,True,False,True,False,False,-6.213629794260157,NOT_EVALUATED_AFTER_GEOMETRY_FAIL,False,False,NOT_EVALUATED_AFTER_GEOMETRY_FAIL,False,TRANSPORT_ENERGY_RESERVE,,7.26617064239861,,2522.330802462466,4
DOUBLE_0235,DOUBLE,O01->S006->S008->O01,S006->S008,"[""S006-MED-01"", ""S006-WAT-01"", ""S008-FOD-01"", ""S008-HYG-01"", ""S008-MED-01"", ""S008-WAT-01"", ""S008-WAT-02""]",B,True,False,False,False,False,-6.213629794260157,NOT_EVALUATED_AFTER_GEOMETRY_FAIL,False,False,NOT_EVALUATED_AFTER_GEOMETRY_FAIL,False,PAYLOAD_VOLUME,,4.222018627335864,,2447.4225901821924,4
DOUBLE_0236,DOUBLE,O01->S006->S008->O01,S006->S008,"[""S006-MED-01"", ""S006-WAT-01"", ""S008-FOD-01"", ""S008-HYG-01"", ""S008-MED-01"", ""S008-WAT-01"", ""S008-WAT-02""]",C,True,False,True,False,False,-6.213629794260157,NOT_EVALUATED_AFTER_GEOMETRY_FAIL,False,False,NOT_EVALUATED_AFTER_GEOMETRY_FAIL,False,TRANSPORT_ENERGY_RESERVE,,7.520486534480368,,2588.330802462466,4
DOUBLE_0237,DOUBLE,O01->S006->S008->O01,S006->S008,"[""S006-FOD-01"", ""S006-HYG-01"", ""S006-MED-01"", ""S006-WAT-01"", ""S006-WAT-02"", ""S006-WAT-03"", ""S008-MED-01""]",B,True,False,False,False,False,-6.213629794260157,NOT_EVALUATED_AFTER_GEOMETRY_FAIL,False,False,NOT_EVALUATED_AFTER_GEOMETRY_FAIL,False,PAYLOAD_VOLUME,,3.330571181179641,,2447.4225901821924,4
DOUBLE_0238,DOUBLE,O01->S006->S008->O01,S006->S008,"[""S006-FOD-01"", ""S006-HYG-01"", ""S006-MED-01"", ""S006-WAT-01"", ""S006-WAT-02"", ""S006-WAT-03"", ""S008-MED-01""]",C,True,False,True,False,False,-6.213629794260157,NOT_EVALUATED_AFTER_GEOMETRY_FAIL,False,False,NOT_EVALUATED_AFTER_GEOMETRY_FAIL,False,TRANSPORT_ENERGY_RESERVE,,6.758095082540711,,2588.3308024624657,4
DOUBLE_0239,DOUBLE,O01->S006->S008->O01,S006->S008,"[""S006-FOD-01"", ""S006-HYG-01"", ""S006-MED-01"", ""S006-WAT-01"", ""S006-WAT-02"", ""S006-WAT-03"", ""S008-MED-01"", ""S008-WAT-01""]",B,True,False,False,False,False,-6.213629794260157,NOT_EVALUATED_AFTER_GEOMETRY_FAIL,False,False,NOT_EVALUATED_AFTER_GEOMETRY_FAIL,False,PAYLOAD_VOLUME,,3.5993733993076447,,2507.4225901821924,4
DOUBLE_0240,DOUBLE,O01->S006->S008->O01,S006->S008,"[""S006-FOD-01"", ""S006-HYG-01"", ""S006-MED-01"", ""S006-WAT-01"", ""S006-WAT-02"", ""S006-WAT-03"", ""S008-MED-01"", ""S008-WAT-01""]",C,True,False,True,False,False,-6.213629794260157,NOT_EVALUATED_AFTER_GEOMETRY_FAIL,False,False,NOT_EVALUATED_AFTER_GEOMETRY_FAIL,False,TRANSPORT_ENERGY_RESERVE,,7.31789073198405,,2654.3308024624657,4
DOUBLE_0241,DOUBLE,O01->S006->S008->O01,S006->S008,"[""S006-FOD-01"", ""S006-HYG-01"", ""S006-MED-01"", ""S006-WAT-01"", ""S006-WAT-02"", ""S006-WAT-03"", ""S008-FOD-01"", ""S008-HYG-01"", ""S008-MED-01"", ""S008-WAT-01"", ""S008-WAT-02""]",B,True,False,False,False,False,-6.213629794260157,NOT_EVALUATED_AFTER_GEOMETRY_FAIL,False,False,NOT_EVALUATED_AFTER_GEOMETRY_FAIL,False,PAYLOAD_VOLUME,,4.259913950550078,,2687.4225901821924,4
DOUBLE_0242,DOUBLE,O01->S006->S008->O01,S006->S008,"[""S006-FOD-01"", ""S006-HYG-01"", ""S006-MED-01"", ""S006-WAT-01"", ""S006-WAT-02"", ""S006-WAT-03"", ""S008-FOD-01"", ""S008-HYG-01"", ""S008-MED-01"", ""S008-WAT-01"", ""S008-WAT-02""]",C,True,False,False,False,False,-6.213629794260157,NOT_EVALUATED_AFTER_GEOMETRY_FAIL,False,False,NOT_EVALUATED_AFTER_GEOMETRY_FAIL,False,PAYLOAD_VOLUME,,8.131902246218509,,2852.3308024624653,4
DOUBLE_0243,DOUBLE,O01->S008->S006->O01,S008->S006,"[""S008-MED-01""]",B,True,True,True,True,False,-6.213629794260157,NOT_EVALUATED_AFTER_GEOMETRY_FAIL,False,False,NOT_EVALUATED_AFTER_GEOMETRY_FAIL,False,COMMUNICATION_GEOMETRY,,2.9337680548822385,,2087.4309850741543,4
DOUBLE_0244,DOUBLE,O01->S008->S006->O01,S008->S006,"[""S008-MED-01""]",C,True,True,True,True,False,-6.213629794260157,NOT_EVALUATED_AFTER_GEOMETRY_FAIL,False,False,NOT_EVALUATED_AFTER_GEOMETRY_FAIL,False,COMMUNICATION_GEOMETRY,,6.133738554227241,,2192.339197354428,4
DOUBLE_0245,DOUBLE,O01->S008->S006->O01,S008->S006,"[""S008-MED-01"", ""S008-WAT-01""]",B,True,True,True,True,False,-6.213629794260157,NOT_EVALUATED_AFTER_GEOMETRY_FAIL,False,False,NOT_EVALUATED_AFTER_GEOMETRY_FAIL,False,COMMUNICATION_GEOMETRY,,3.190020616687699,,2147.4309850741543,4
DOUBLE_0246,DOUBLE,O01->S008->S006->O01,S008->S006,"[""S008-MED-01"", ""S008-WAT-01""]",C,True,True,True,True,False,-6.213629794260157,NOT_EVALUATED_AFTER_GEOMETRY_FAIL,False,False,NOT_EVALUATED_AFTER_GEOMETRY_FAIL,False,COMMUNICATION_GEOMETRY,,6.275880663482276,,2258.339197354428,4
DOUBLE_0247,DOUBLE,O01->S008->S006->O01,S008->S006,"[""S008-MED-01"", ""S008-WAT-01"", ""S008-WAT-02""]",B,True,False,False,False,False,-6.213629794260157,NOT_EVALUATED_AFTER_GEOMETRY_FAIL,False,False,NOT_EVALUATED_AFTER_GEOMETRY_FAIL,False,PAYLOAD_VOLUME,,3.8127209233320274,,2207.4309850741543,4
DOUBLE_0248,DOUBLE,O01->S008->S006->O01,S008->S006,"[""S008-MED-01"", ""S008-WAT-01"", ""S008-WAT-02""]",C,True,False,True,False,False,-6.213629794260157,NOT_EVALUATED_AFTER_GEOMETRY_FAIL,False,False,NOT_EVALUATED_AFTER_GEOMETRY_FAIL,False,TRANSPORT_ENERGY_RESERVE,,6.522407221623437,,2324.339197354428,4
DOUBLE_0249,DOUBLE,O01->S008->S006->O01,S008->S006,"[""S008-FOD-01"", ""S008-HYG-01"", ""S008-MED-01"", ""S008-WAT-01"", ""S008-WAT-02""]",B,True,False,False,False,False,-6.213629794260157,NOT_EVALUATED_AFTER_GEOMETRY_FAIL,False,False,NOT_EVALUATED_AFTER_GEOMETRY_FAIL,False,PAYLOAD_VOLUME,,3.8257136122574527,,2327.4309850741543,4
DOUBLE_0250,DOUBLE,O01->S008->S006->O01,S008->S006,"[""S008-FOD-01"", ""S008-HYG-01"", ""S008-MED-01"", ""S008-WAT-01"", ""S008-WAT-02""]",C,True,False,True,False,False,-6.213629794260157,NOT_EVALUATED_AFTER_GEOMETRY_FAIL,False,False,NOT_EVALUATED_AFTER_GEOMETRY_FAIL,False,TRANSPORT_ENERGY_RESERVE,,6.896363827706827,,2456.339197354428,4
DOUBLE_0251,DOUBLE,O01->S008->S006->O01,S008->S006,"[""S006-MED-01"", ""S008-MED-01"", ""S008-WAT-01""]",B,True,False,True,False,False,-6.213629794260157,NOT_EVALUATED_AFTER_GEOMETRY_FAIL,False,False,NOT_EVALUATED_AFTER_GEOMETRY_FAIL,False,TRANSPORT_ENERGY_RESERVE,,3.3053785279205026,,2207.4309850741543,4
DOUBLE_0252,DOUBLE,O01->S008->S006->O01,S008->S006,"[""S006-MED-01"", ""S008-MED-01"", ""S008-WAT-01""]",C,True,True,True,True,False,-6.213629794260157,NOT_EVALUATED_AFTER_GEOMETRY_FAIL,False,False,NOT_EVALUATED_AFTER_GEOMETRY_FAIL,False,COMMUNICATION_GEOMETRY,,6.332936842878201,,2324.339197354428,4
DOUBLE_0253,DOUBLE,O01->S008->S006->O01,S008->S006,"[""S006-MED-01"", ""S006-WAT-01"", ""S008-MED-01"", ""S008-WAT-01""]",B,True,False,False,False,False,-6.213629794260157,NOT_EVALUATED_AFTER_GEOMETRY_FAIL,False,False,NOT_EVALUATED_AFTER_GEOMETRY_FAIL,False,PAYLOAD_VOLUME,,4.093253486846037,,2267.4309850741543,4
DOUBLE_0254,DOUBLE,O01->S008->S006->O01,S008->S006,"[""S006-MED-01"", ""S006-WAT-01"", ""S008-MED-01"", ""S008-WAT-01""]",C,True,False,True,False,False,-6.213629794260157,NOT_EVALUATED_AFTER_GEOMETRY_FAIL,False,False,NOT_EVALUATED_AFTER_GEOMETRY_FAIL,False,TRANSPORT_ENERGY_RESERVE,,6.748019614448914,,2390.339197354428,4
DOUBLE_0255,DOUBLE,O01->S008->S006->O01,S008->S006,"[""S006-MED-01"", ""S008-FOD-01"", ""S008-HYG-01"", ""S008-MED-01"", ""S008-WAT-01"", ""S008-WAT-02""]",B,True,False,False,False,False,-6.213629794260157,NOT_EVALUATED_AFTER_GEOMETRY_FAIL,False,False,NOT_EVALUATED_AFTER_GEOMETRY_FAIL,False,PAYLOAD_VOLUME,,3.8477531180458207,,2387.4309850741543,4
DOUBLE_0256,DOUBLE,O01->S008->S006->O01,S008->S006,"[""S006-MED-01"", ""S008-FOD-01"", ""S008-HYG-01"", ""S008-MED-01"", ""S008-WAT-01"", ""S008-WAT-02""]",C,True,False,True,False,False,-6.213629794260157,NOT_EVALUATED_AFTER_GEOMETRY_FAIL,False,False,NOT_EVALUATED_AFTER_GEOMETRY_FAIL,False,TRANSPORT_ENERGY_RESERVE,,7.011732915094304,,2522.339197354428,4
DOUBLE_0257,DOUBLE,O01->S008->S006->O01,S008->S006,"[""S006-MED-01"", ""S006-WAT-01"", ""S008-FOD-01"", ""S008-HYG-01"", ""S008-MED-01"", ""S008-WAT-01"", ""S008-WAT-02""]",B,True,False,False,False,False,-6.213629794260157,NOT_EVALUATED_AFTER_GEOMETRY_FAIL,False,False,NOT_EVALUATED_AFTER_GEOMETRY_FAIL,False,PAYLOAD_VOLUME,,4.119238864696887,,2447.4309850741543,4
DOUBLE_0258,DOUBLE,O01->S008->S006->O01,S008->S006,"[""S006-MED-01"", ""S006-WAT-01"", ""S008-FOD-01"", ""S008-HYG-01"", ""S008-MED-01"", ""S008-WAT-01"", ""S008-WAT-02""]",C,True,False,True,False,False,-6.213629794260157,NOT_EVALUATED_AFTER_GEOMETRY_FAIL,False,False,NOT_EVALUATED_AFTER_GEOMETRY_FAIL,False,TRANSPORT_ENERGY_RESERVE,,7.785483589020692,,2588.339197354428,4
DOUBLE_0259,DOUBLE,O01->S008->S006->O01,S008->S006,"[""S006-FOD-01"", ""S006-HYG-01"", ""S006-MED-01"", ""S006-WAT-01"", ""S006-WAT-02"", ""S006-WAT-03"", ""S008-MED-01""]",B,True,False,False,False,False,-6.213629794260157,NOT_EVALUATED_AFTER_GEOMETRY_FAIL,False,False,NOT_EVALUATED_AFTER_GEOMETRY_FAIL,False,PAYLOAD_VOLUME,,4.774893141946235,,2447.4309850741543,4
DOUBLE_0260,DOUBLE,O01->S008->S006->O01,S008->S006,"[""S006-FOD-01"", ""S006-HYG-01"", ""S006-MED-01"", ""S006-WAT-01"", ""S006-WAT-02"", ""S006-WAT-03"", ""S008-MED-01""]",C,True,False,True,False,False,-6.213629794260157,NOT_EVALUATED_AFTER_GEOMETRY_FAIL,False,False,NOT_EVALUATED_AFTER_GEOMETRY_FAIL,False,TRANSPORT_ENERGY_RESERVE,,8.982736541370853,,2588.339197354428,4
DOUBLE_0261,DOUBLE,O01->S008->S006->O01,S008->S006,"[""S006-FOD-01"", ""S006-HYG-01"", ""S006-MED-01"", ""S006-WAT-01"", ""S006-WAT-02"", ""S006-WAT-03"", ""S008-MED-01"", ""S008-WAT-01""]",B,True,False,False,False,False,-6.213629794260157,NOT_EVALUATED_AFTER_GEOMETRY_FAIL,False,False,NOT_EVALUATED_AFTER_GEOMETRY_FAIL,False,PAYLOAD_VOLUME,,4.7878858308716605,,2507.4309850741543,4
DOUBLE_0262,DOUBLE,O01->S008->S006->O01,S008->S006,"[""S006-FOD-01"", ""S006-HYG-01"", ""S006-MED-01"", ""S006-WAT-01"", ""S006-WAT-02"", ""S006-WAT-03"", ""S008-MED-01"", ""S008-WAT-01""]",C,True,False,True,False,False,-6.213629794260157,NOT_EVALUATED_AFTER_GEOMETRY_FAIL,False,False,NOT_EVALUATED_AFTER_GEOMETRY_FAIL,False,TRANSPORT_ENERGY_RESERVE,,10.027891550955532,,2654.339197354428,4
DOUBLE_0263,DOUBLE,O01->S008->S006->O01,S008->S006,"[""S006-FOD-01"", ""S006-HYG-01"", ""S006-MED-01"", ""S006-WAT-01"", ""S006-WAT-02"", ""S006-WAT-03"", ""S008-FOD-01"", ""S008-HYG-01"", ""S008-MED-01"", ""S008-WAT-01"", ""S008-WAT-02""]",B,True,False,False,False,False,-6.213629794260157,NOT_EVALUATED_AFTER_GEOMETRY_FAIL,False,False,NOT_EVALUATED_AFTER_GEOMETRY_FAIL,False,PAYLOAD_VOLUME,,4.813871208722511,,2687.4309850741543,4
DOUBLE_0264,DOUBLE,O01->S008->S006->O01,S008->S006,"[""S006-FOD-01"", ""S006-HYG-01"", ""S006-MED-01"", ""S006-WAT-01"", ""S006-WAT-02"", ""S006-WAT-03"", ""S008-FOD-01"", ""S008-HYG-01"", ""S008-MED-01"", ""S008-WAT-01"", ""S008-WAT-02""]",C,True,False,False,False,False,-6.213629794260157,NOT_EVALUATED_AFTER_GEOMETRY_FAIL,False,False,NOT_EVALUATED_AFTER_GEOMETRY_FAIL,False,PAYLOAD_VOLUME,,10.483826257490025,,2852.339197354428,4
DOUBLE_0265,DOUBLE,O01->S007->S008->O01,S007->S008,"[""S008-MED-01""]",B,True,True,True,True,False,-6.213629794260157,NOT_EVALUATED_AFTER_GEOMETRY_FAIL,False,False,NOT_EVALUATED_AFTER_GEOMETRY_FAIL,False,COMMUNICATION_GEOMETRY,,2.8774460244721,,2180.9887809811994,7
DOUBLE_0266,DOUBLE,O01->S007->S008->O01,S007->S008,"[""S008-MED-01""]",C,True,True,True,True,False,-6.213629794260157,NOT_EVALUATED_AFTER_GEOMETRY_FAIL,False,False,NOT_EVALUATED_AFTER_GEOMETRY_FAIL,False,COMMUNICATION_GEOMETRY,,5.946108771468637,,2319.4091158607566,7
DOUBLE_0267,DOUBLE,O01->S007->S008->O01,S007->S008,"[""S008-MED-01"", ""S008-WAT-01""]",B,True,False,True,False,False,-6.213629794260157,NOT_EVALUATED_AFTER_GEOMETRY_FAIL,False,False,NOT_EVALUATED_AFTER_GEOMETRY_FAIL,False,TRANSPORT_ENERGY_RESERVE,,3.228075711194818,,2240.9887809811994,7
DOUBLE_0268,DOUBLE,O01->S007->S008->O01,S007->S008,"[""S008-MED-01"", ""S008-WAT-01""]",C,True,True,True,True,False,-6.213629794260157,NOT_EVALUATED_AFTER_GEOMETRY_FAIL,False,False,NOT_EVALUATED_AFTER_GEOMETRY_FAIL,False,COMMUNICATION_GEOMETRY,,6.149474572073218,,2385.4091158607566,7
DOUBLE_0269,DOUBLE,O01->S007->S008->O01,S007->S008,"[""S008-MED-01"", ""S008-WAT-01"", ""S008-WAT-02""]",B,True,False,False,False,False,-6.213629794260157,NOT_EVALUATED_AFTER_GEOMETRY_FAIL,False,False,NOT_EVALUATED_AFTER_GEOMETRY_FAIL,False,PAYLOAD_VOLUME,,4.051620172664852,,2300.9887809811994,7
DOUBLE_0270,DOUBLE,O01->S007->S008->O01,S007->S008,"[""S008-MED-01"", ""S008-WAT-01"", ""S008-WAT-02""]",C,True,False,True,False,False,-6.213629794260157,NOT_EVALUATED_AFTER_GEOMETRY_FAIL,False,False,NOT_EVALUATED_AFTER_GEOMETRY_FAIL,False,TRANSPORT_ENERGY_RESERVE,,6.487552480549581,,2451.409115860756,7
DOUBLE_0271,DOUBLE,O01->S007->S008->O01,S007->S008,"[""S008-FOD-01"", ""S008-HYG-01"", ""S008-MED-01"", ""S008-WAT-01"", ""S008-WAT-02""]",B,True,False,False,False,False,-6.213629794260157,NOT_EVALUATED_AFTER_GEOMETRY_FAIL,False,False,NOT_EVALUATED_AFTER_GEOMETRY_FAIL,False,PAYLOAD_VOLUME,,4.088313726314331,,2420.9887809811994,7
DOUBLE_0272,DOUBLE,O01->S007->S008->O01,S007->S008,"[""S008-FOD-01"", ""S008-HYG-01"", ""S008-MED-01"", ""S008-WAT-01"", ""S008-WAT-02""]",C,True,False,True,False,False,-6.213629794260157,NOT_EVALUATED_AFTER_GEOMETRY_FAIL,False,False,NOT_EVALUATED_AFTER_GEOMETRY_FAIL,False,TRANSPORT_ENERGY_RESERVE,,6.990083720414675,,2583.409115860756,7
DOUBLE_0273,DOUBLE,O01->S007->S008->O01,S007->S008,"[""S007-MED-01"", ""S008-MED-01"", ""S008-WAT-01""]",B,True,False,True,False,False,-6.213629794260157,NOT_EVALUATED_AFTER_GEOMETRY_FAIL,False,False,NOT_EVALUATED_AFTER_GEOMETRY_FAIL,False,TRANSPORT_ENERGY_RESERVE,,3.2846133419652794,,2300.9887809811994,7
DOUBLE_0274,DOUBLE,O01->S007->S008->O01,S007->S008,"[""S007-MED-01"", ""S008-MED-01"", ""S008-WAT-01""]",C,True,True,True,True,False,-6.213629794260157,NOT_EVALUATED_AFTER_GEOMETRY_FAIL,False,False,NOT_EVALUATED_AFTER_GEOMETRY_FAIL,False,COMMUNICATION_GEOMETRY,,6.176830946749901,,2451.409115860756,7
DOUBLE_0275,DOUBLE,O01->S007->S008->O01,S007->S008,"[""S007-MED-01"", ""S007-WAT-01"", ""S008-MED-01"", ""S008-WAT-01""]",B,True,False,False,False,False,-6.213629794260157,NOT_EVALUATED_AFTER_GEOMETRY_FAIL,False,False,NOT_EVALUATED_AFTER_GEOMETRY_FAIL,False,PAYLOAD_VOLUME,,3.593688846075933,,2360.9887809811994,7
DOUBLE_0276,DOUBLE,O01->S007->S008->O01,S007->S008,"[""S007-MED-01"", ""S007-WAT-01"", ""S008-MED-01"", ""S008-WAT-01""]",C,True,True,True,True,False,-6.213629794260157,NOT_EVALUATED_AFTER_GEOMETRY_FAIL,False,False,NOT_EVALUATED_AFTER_GEOMETRY_FAIL,False,COMMUNICATION_GEOMETRY,,6.341145617161514,,2517.409115860756,7
DOUBLE_0277,DOUBLE,O01->S007->S008->O01,S007->S008,"[""S007-MED-01"", ""S008-FOD-01"", ""S008-HYG-01"", ""S008-MED-01"", ""S008-WAT-01"", ""S008-WAT-02""]",B,True,False,False,False,False,-6.213629794260157,NOT_EVALUATED_AFTER_GEOMETRY_FAIL,False,False,NOT_EVALUATED_AFTER_GEOMETRY_FAIL,False,PAYLOAD_VOLUME,,4.092676827989365,,2480.9887809811994,7
DOUBLE_0278,DOUBLE,O01->S007->S008->O01,S007->S008,"[""S007-MED-01"", ""S008-FOD-01"", ""S008-HYG-01"", ""S008-MED-01"", ""S008-WAT-01"", ""S008-WAT-02""]",C,True,False,True,False,False,-6.213629794260157,NOT_EVALUATED_AFTER_GEOMETRY_FAIL,False,False,NOT_EVALUATED_AFTER_GEOMETRY_FAIL,False,TRANSPORT_ENERGY_RESERVE,,7.050042972306785,,2649.409115860756,7
DOUBLE_0279,DOUBLE,O01->S007->S008->O01,S007->S008,"[""S007-MED-01"", ""S007-WAT-01"", ""S008-FOD-01"", ""S008-HYG-01"", ""S008-MED-01"", ""S008-WAT-01"", ""S008-WAT-02""]",B,True,False,False,False,False,-6.213629794260157,NOT_EVALUATED_AFTER_GEOMETRY_FAIL,False,False,NOT_EVALUATED_AFTER_GEOMETRY_FAIL,False,PAYLOAD_VOLUME,,4.113037969139522,,2540.9887809811994,7
DOUBLE_0280,DOUBLE,O01->S007->S008->O01,S007->S008,"[""S007-MED-01"", ""S007-WAT-01"", ""S008-FOD-01"", ""S008-HYG-01"", ""S008-MED-01"", ""S008-WAT-01"", ""S008-WAT-02""]",C,True,False,True,False,False,-6.213629794260157,NOT_EVALUATED_AFTER_GEOMETRY_FAIL,False,False,NOT_EVALUATED_AFTER_GEOMETRY_FAIL,False,TRANSPORT_ENERGY_RESERVE,,7.414889668720438,,2715.4091158607566,7
DOUBLE_0281,DOUBLE,O01->S007->S008->O01,S007->S008,"[""S007-FOD-01"", ""S007-HYG-01"", ""S007-MED-01"", ""S007-WAT-01"", ""S007-WAT-02"", ""S008-MED-01""]",B,True,False,False,False,False,-6.213629794260157,NOT_EVALUATED_AFTER_GEOMETRY_FAIL,False,False,NOT_EVALUATED_AFTER_GEOMETRY_FAIL,False,PAYLOAD_VOLUME,,3.4197885803833783,,2480.9887809811994,7
DOUBLE_0282,DOUBLE,O01->S007->S008->O01,S007->S008,"[""S007-FOD-01"", ""S007-HYG-01"", ""S007-MED-01"", ""S007-WAT-01"", ""S007-WAT-02"", ""S008-MED-01""]",C,True,False,True,False,False,-6.213629794260157,NOT_EVALUATED_AFTER_GEOMETRY_FAIL,False,False,NOT_EVALUATED_AFTER_GEOMETRY_FAIL,False,TRANSPORT_ENERGY_RESERVE,,6.471744217778015,,2649.409115860756,7
DOUBLE_0283,DOUBLE,O01->S007->S008->O01,S007->S008,"[""S007-FOD-01"", ""S007-HYG-01"", ""S007-MED-01"", ""S007-WAT-01"", ""S007-WAT-02"", ""S008-MED-01"", ""S008-WAT-01""]",B,True,False,False,False,False,-6.213629794260157,NOT_EVALUATED_AFTER_GEOMETRY_FAIL,False,False,NOT_EVALUATED_AFTER_GEOMETRY_FAIL,False,PAYLOAD_VOLUME,,3.634411128376247,,2540.9887809811994,7
DOUBLE_0284,DOUBLE,O01->S007->S008->O01,S007->S008,"[""S007-FOD-01"", ""S007-HYG-01"", ""S007-MED-01"", ""S007-WAT-01"", ""S007-WAT-02"", ""S008-MED-01"", ""S008-WAT-01""]",C,True,False,True,False,False,-6.213629794260157,NOT_EVALUATED_AFTER_GEOMETRY_FAIL,False,False,NOT_EVALUATED_AFTER_GEOMETRY_FAIL,False,TRANSPORT_ENERGY_RESERVE,,6.947387844028841,,2715.4091158607566,7
DOUBLE_0285,DOUBLE,O01->S007->S008->O01,S007->S008,"[""S007-FOD-01"", ""S007-HYG-01"", ""S007-MED-01"", ""S007-WAT-01"", ""S007-WAT-02"", ""S008-FOD-01"", ""S008-HYG-01"", ""S008-MED-01"", ""S008-WAT-01"", ""S008-WAT-02""]",B,True,False,False,False,False,-6.213629794260157,NOT_EVALUATED_AFTER_GEOMETRY_FAIL,False,False,NOT_EVALUATED_AFTER_GEOMETRY_FAIL,False,PAYLOAD_VOLUME,,4.153760251439834,,2720.9887809811994,7
DOUBLE_0286,DOUBLE,O01->S007->S008->O01,S007->S008,"[""S007-FOD-01"", ""S007-HYG-01"", ""S007-MED-01"", ""S007-WAT-01"", ""S007-WAT-02"", ""S008-FOD-01"", ""S008-HYG-01"", ""S008-MED-01"", ""S008-WAT-01"", ""S008-WAT-02""]",C,True,False,False,False,False,-6.213629794260157,NOT_EVALUATED_AFTER_GEOMETRY_FAIL,False,False,NOT_EVALUATED_AFTER_GEOMETRY_FAIL,False,PAYLOAD_VOLUME,,8.273081842689956,,2913.409115860756,7
DOUBLE_0287,DOUBLE,O01->S008->S007->O01,S008->S007,"[""S008-MED-01""]",B,True,True,True,True,False,-6.213629794260157,NOT_EVALUATED_AFTER_GEOMETRY_FAIL,False,False,NOT_EVALUATED_AFTER_GEOMETRY_FAIL,False,COMMUNICATION_GEOMETRY,,2.8676634915705246,,2180.951726627877,7
DOUBLE_0288,DOUBLE,O01->S008->S007->O01,S008->S007,"[""S008-MED-01""]",C,True,True,True,True,False,-6.213629794260157,NOT_EVALUATED_AFTER_GEOMETRY_FAIL,False,False,NOT_EVALUATED_AFTER_GEOMETRY_FAIL,False,COMMUNICATION_GEOMETRY,,5.938013082793112,,2319.372061507435,7
DOUBLE_0289,DOUBLE,O01->S008->S007->O01,S008->S007,"[""S008-MED-01"", ""S008-WAT-01""]",B,True,True,True,True,False,-6.213629794260157,NOT_EVALUATED_AFTER_GEOMETRY_FAIL,False,False,NOT_EVALUATED_AFTER_GEOMETRY_FAIL,False,COMMUNICATION_GEOMETRY,,3.1239160533759853,,2240.951726627877,7
DOUBLE_0290,DOUBLE,O01->S008->S007->O01,S008->S007,"[""S008-MED-01"", ""S008-WAT-01""]",C,True,True,True,True,False,-6.213629794260157,NOT_EVALUATED_AFTER_GEOMETRY_FAIL,False,False,NOT_EVALUATED_AFTER_GEOMETRY_FAIL,False,COMMUNICATION_GEOMETRY,,6.080155192048147,,2385.372061507435,7
DOUBLE_0291,DOUBLE,O01->S008->S007->O01,S008->S007,"[""S008-MED-01"", ""S008-WAT-01"", ""S008-WAT-02""]",B,True,False,False,False,False,-6.213629794260157,NOT_EVALUATED_AFTER_GEOMETRY_FAIL,False,False,NOT_EVALUATED_AFTER_GEOMETRY_FAIL,False,PAYLOAD_VOLUME,,3.7466163600203135,,2300.951726627877,7
DOUBLE_0292,DOUBLE,O01->S008->S007->O01,S008->S007,"[""S008-MED-01"", ""S008-WAT-01"", ""S008-WAT-02""]",C,True,True,True,True,False,-6.213629794260157,NOT_EVALUATED_AFTER_GEOMETRY_FAIL,False,False,NOT_EVALUATED_AFTER_GEOMETRY_FAIL,False,COMMUNICATION_GEOMETRY,,6.326681750189309,,2451.372061507435,7
DOUBLE_0293,DOUBLE,O01->S008->S007->O01,S008->S007,"[""S008-FOD-01"", ""S008-HYG-01"", ""S008-MED-01"", ""S008-WAT-01"", ""S008-WAT-02""]",B,True,False,False,False,False,-6.213629794260157,NOT_EVALUATED_AFTER_GEOMETRY_FAIL,False,False,NOT_EVALUATED_AFTER_GEOMETRY_FAIL,False,PAYLOAD_VOLUME,,3.7596090489457383,,2420.951726627877,7
DOUBLE_0294,DOUBLE,O01->S008->S007->O01,S008->S007,"[""S008-FOD-01"", ""S008-HYG-01"", ""S008-MED-01"", ""S008-WAT-01"", ""S008-WAT-02""]",C,True,False,True,False,False,-6.213629794260157,NOT_EVALUATED_AFTER_GEOMETRY_FAIL,False,False,NOT_EVALUATED_AFTER_GEOMETRY_FAIL,False,TRANSPORT_ENERGY_RESERVE,,6.700638356272697,,2583.3720615074344,7
DOUBLE_0295,DOUBLE,O01->S008->S007->O01,S008->S007,"[""S007-MED-01"", ""S008-MED-01"", ""S008-WAT-01""]",B,True,False,True,False,False,-6.213629794260157,NOT_EVALUATED_AFTER_GEOMETRY_FAIL,False,False,NOT_EVALUATED_AFTER_GEOMETRY_FAIL,False,TRANSPORT_ENERGY_RESERVE,,3.2360409408841946,,2300.951726627877,7
DOUBLE_0296,DOUBLE,O01->S008->S007->O01,S008->S007,"[""S007-MED-01"", ""S008-MED-01"", ""S008-WAT-01""]",C,True,True,True,True,False,-6.213629794260157,NOT_EVALUATED_AFTER_GEOMETRY_FAIL,False,False,NOT_EVALUATED_AFTER_GEOMETRY_FAIL,False,COMMUNICATION_GEOMETRY,,6.13560990077349,,2451.372061507435,7
DOUBLE_0297,DOUBLE,O01->S008->S007->O01,S008->S007,"[""S007-MED-01"", ""S007-WAT-01"", ""S008-MED-01"", ""S008-WAT-01""]",B,True,False,False,False,False,-6.213629794260157,NOT_EVALUATED_AFTER_GEOMETRY_FAIL,False,False,NOT_EVALUATED_AFTER_GEOMETRY_FAIL,False,PAYLOAD_VOLUME,,3.963788148368326,,2360.951726627877,7
DOUBLE_0298,DOUBLE,O01->S008->S007->O01,S008->S007,"[""S007-MED-01"", ""S007-WAT-01"", ""S008-MED-01"", ""S008-WAT-01""]",C,True,False,True,False,False,-6.213629794260157,NOT_EVALUATED_AFTER_GEOMETRY_FAIL,False,False,NOT_EVALUATED_AFTER_GEOMETRY_FAIL,False,TRANSPORT_ENERGY_RESERVE,,6.520979729740372,,2517.372061507435,7
DOUBLE_0299,DOUBLE,O01->S008->S007->O01,S008->S007,"[""S007-MED-01"", ""S008-FOD-01"", ""S008-HYG-01"", ""S008-MED-01"", ""S008-WAT-01"", ""S008-WAT-02""]",B,True,False,False,False,False,-6.213629794260157,NOT_EVALUATED_AFTER_GEOMETRY_FAIL,False,False,NOT_EVALUATED_AFTER_GEOMETRY_FAIL,False,PAYLOAD_VOLUME,,3.7784155310095127,,2480.951726627877,7
DOUBLE_0300,DOUBLE,O01->S008->S007->O01,S008->S007,"[""S007-MED-01"", ""S008-FOD-01"", ""S008-HYG-01"", ""S008-MED-01"", ""S008-WAT-01"", ""S008-WAT-02""]",C,True,False,True,False,False,-6.213629794260157,NOT_EVALUATED_AFTER_GEOMETRY_FAIL,False,False,NOT_EVALUATED_AFTER_GEOMETRY_FAIL,False,TRANSPORT_ENERGY_RESERVE,,6.814405972989593,,2649.3720615074344,7
DOUBLE_0301,DOUBLE,O01->S008->S007->O01,S008->S007,"[""S007-MED-01"", ""S007-WAT-01"", ""S008-FOD-01"", ""S008-HYG-01"", ""S008-MED-01"", ""S008-WAT-01"", ""S008-WAT-02""]",B,True,False,False,False,False,-6.213629794260157,NOT_EVALUATED_AFTER_GEOMETRY_FAIL,False,False,NOT_EVALUATED_AFTER_GEOMETRY_FAIL,False,PAYLOAD_VOLUME,,3.989773526219176,,2540.951726627877,7
DOUBLE_0302,DOUBLE,O01->S008->S007->O01,S008->S007,"[""S007-MED-01"", ""S007-WAT-01"", ""S008-FOD-01"", ""S008-HYG-01"", ""S008-MED-01"", ""S008-WAT-01"", ""S008-WAT-02""]",C,True,False,True,False,False,-6.213629794260157,NOT_EVALUATED_AFTER_GEOMETRY_FAIL,False,False,NOT_EVALUATED_AFTER_GEOMETRY_FAIL,False,TRANSPORT_ENERGY_RESERVE,,7.55844370431215,,2715.3720615074344,7
DOUBLE_0303,DOUBLE,O01->S008->S007->O01,S008->S007,"[""S007-FOD-01"", ""S007-HYG-01"", ""S007-MED-01"", ""S007-WAT-01"", ""S007-WAT-02"", ""S008-MED-01""]",B,True,False,False,False,False,-6.213629794260157,NOT_EVALUATED_AFTER_GEOMETRY_FAIL,False,False,NOT_EVALUATED_AFTER_GEOMETRY_FAIL,False,PAYLOAD_VOLUME,,4.463611515449449,,2480.951726627877,7
DOUBLE_0304,DOUBLE,O01->S008->S007->O01,S008->S007,"[""S007-FOD-01"", ""S007-HYG-01"", ""S007-MED-01"", ""S007-WAT-01"", ""S007-WAT-02"", ""S008-MED-01""]",C,True,False,True,False,False,-6.213629794260157,NOT_EVALUATED_AFTER_GEOMETRY_FAIL,False,False,NOT_EVALUATED_AFTER_GEOMETRY_FAIL,False,TRANSPORT_ENERGY_RESERVE,,7.405016623049792,,2649.3720615074344,7
DOUBLE_0305,DOUBLE,O01->S008->S007->O01,S008->S007,"[""S007-FOD-01"", ""S007-HYG-01"", ""S007-MED-01"", ""S007-WAT-01"", ""S007-WAT-02"", ""S008-MED-01"", ""S008-WAT-01""]",B,True,False,False,False,False,-6.213629794260157,NOT_EVALUATED_AFTER_GEOMETRY_FAIL,False,False,NOT_EVALUATED_AFTER_GEOMETRY_FAIL,False,PAYLOAD_VOLUME,,4.476604204374874,,2540.951726627877,7
DOUBLE_0306,DOUBLE,O01->S008->S007->O01,S008->S007,"[""S007-FOD-01"", ""S007-HYG-01"", ""S007-MED-01"", ""S007-WAT-01"", ""S007-WAT-02"", ""S008-MED-01"", ""S008-WAT-01""]",C,True,False,True,False,False,-6.213629794260157,NOT_EVALUATED_AFTER_GEOMETRY_FAIL,False,False,NOT_EVALUATED_AFTER_GEOMETRY_FAIL,False,TRANSPORT_ENERGY_RESERVE,,8.034149855515784,,2715.3720615074344,7
DOUBLE_0307,DOUBLE,O01->S008->S007->O01,S008->S007,"[""S007-FOD-01"", ""S007-HYG-01"", ""S007-MED-01"", ""S007-WAT-01"", ""S007-WAT-02"", ""S008-FOD-01"", ""S008-HYG-01"", ""S008-MED-01"", ""S008-WAT-01"", ""S008-WAT-02""]",B,True,False,False,False,False,-6.213629794260157,NOT_EVALUATED_AFTER_GEOMETRY_FAIL,False,False,NOT_EVALUATED_AFTER_GEOMETRY_FAIL,False,PAYLOAD_VOLUME,,4.502589582225725,,2720.951726627877,7
DOUBLE_0308,DOUBLE,O01->S008->S007->O01,S008->S007,"[""S007-FOD-01"", ""S007-HYG-01"", ""S007-MED-01"", ""S007-WAT-01"", ""S007-WAT-02"", ""S008-FOD-01"", ""S008-HYG-01"", ""S008-MED-01"", ""S008-WAT-01"", ""S008-WAT-02""]",C,True,False,False,False,False,-6.213629794260157,NOT_EVALUATED_AFTER_GEOMETRY_FAIL,False,False,NOT_EVALUATED_AFTER_GEOMETRY_FAIL,False,PAYLOAD_VOLUME,,9.522246882709528,,2913.3720615074344,7
DOUBLE_0309,DOUBLE,O01->S009->S008->O01,S009->S008,"[""S008-MED-01""]",B,True,True,True,True,False,-6.213629794260157,NOT_EVALUATED_AFTER_GEOMETRY_FAIL,False,False,NOT_EVALUATED_AFTER_GEOMETRY_FAIL,False,COMMUNICATION_GEOMETRY,,2.822571709174676,,1929.236204160101,7
DOUBLE_0310,DOUBLE,O01->S009->S008->O01,S009->S008,"[""S008-MED-01""]",C,True,True,True,True,False,-6.213629794260157,NOT_EVALUATED_AFTER_GEOMETRY_FAIL,False,False,NOT_EVALUATED_AFTER_GEOMETRY_FAIL,False,COMMUNICATION_GEOMETRY,,5.929641498309771,,2006.262638486273,7
DOUBLE_0311,DOUBLE,O01->S009->S008->O01,S009->S008,"[""S008-MED-01"", ""S008-WAT-01""]",B,True,True,True,True,False,-6.213629794260157,NOT_EVALUATED_AFTER_GEOMETRY_FAIL,False,False,NOT_EVALUATED_AFTER_GEOMETRY_FAIL,False,COMMUNICATION_GEOMETRY,,3.1619535745525265,,1989.236204160101,7
DOUBLE_0312,DOUBLE,O01->S009->S008->O01,S009->S008,"[""S008-MED-01"", ""S008-WAT-01""]",C,True,True,True,True,False,-6.213629794260157,NOT_EVALUATED_AFTER_GEOMETRY_FAIL,False,False,NOT_EVALUATED_AFTER_GEOMETRY_FAIL,False,COMMUNICATION_GEOMETRY,,6.1178799627338805,,2072.262638486273,7
DOUBLE_0313,DOUBLE,O01->S009->S008->O01,S009->S008,"[""S008-MED-01"", ""S008-WAT-01"", ""S008-WAT-02""]",B,True,False,False,False,False,-6.213629794260157,NOT_EVALUATED_AFTER_GEOMETRY_FAIL,False,False,NOT_EVALUATED_AFTER_GEOMETRY_FAIL,False,PAYLOAD_VOLUME,,3.986708665510214,,2049.236204160101,7
DOUBLE_0314,DOUBLE,O01->S009->S008->O01,S009->S008,"[""S008-MED-01"", ""S008-WAT-01"", ""S008-WAT-02""]",C,True,False,True,False,False,-6.213629794260157,NOT_EVALUATED_AFTER_GEOMETRY_FAIL,False,False,NOT_EVALUATED_AFTER_GEOMETRY_FAIL,False,TRANSPORT_ENERGY_RESERVE,,6.444379386243742,,2138.262638486273,7
DOUBLE_0315,DOUBLE,O01->S009->S008->O01,S009->S008,"[""S008-FOD-01"", ""S008-HYG-01"", ""S008-MED-01"", ""S008-WAT-01"", ""S008-WAT-02""]",B,True,False,False,False,False,-6.213629794260157,NOT_EVALUATED_AFTER_GEOMETRY_FAIL,False,False,NOT_EVALUATED_AFTER_GEOMETRY_FAIL,False,PAYLOAD_VOLUME,,4.003884074942095,,2169.2362041601014,7
DOUBLE_0316,DOUBLE,O01->S009->S008->O01,S009->S008,"[""S008-FOD-01"", ""S008-HYG-01"", ""S008-MED-01"", ""S008-WAT-01"", ""S008-WAT-02""]",C,True,False,True,False,False,-6.213629794260157,NOT_EVALUATED_AFTER_GEOMETRY_FAIL,False,False,NOT_EVALUATED_AFTER_GEOMETRY_FAIL,False,TRANSPORT_ENERGY_RESERVE,,6.939664494142818,,2270.262638486273,7
DOUBLE_0317,DOUBLE,O01->S009->S008->O01,S009->S008,"[""S008-MED-01"", ""S008-WAT-01"", ""S009-MED-01""]",B,True,False,True,False,False,-6.213629794260157,NOT_EVALUATED_AFTER_GEOMETRY_FAIL,False,False,NOT_EVALUATED_AFTER_GEOMETRY_FAIL,False,TRANSPORT_ENERGY_RESERVE,,3.2296868812135595,,2049.236204160101,7
DOUBLE_0318,DOUBLE,O01->S009->S008->O01,S009->S008,"[""S008-MED-01"", ""S008-WAT-01"", ""S009-MED-01""]",C,True,True,True,True,False,-6.213629794260157,NOT_EVALUATED_AFTER_GEOMETRY_FAIL,False,False,NOT_EVALUATED_AFTER_GEOMETRY_FAIL,False,COMMUNICATION_GEOMETRY,,6.148781150395686,,2138.262638486273,7
DOUBLE_0319,DOUBLE,O01->S009->S008->O01,S009->S008,"[""S008-MED-01"", ""S008-WAT-01"", ""S009-MED-01"", ""S009-WAT-01""]",B,True,False,False,False,False,-6.213629794260157,NOT_EVALUATED_AFTER_GEOMETRY_FAIL,False,False,NOT_EVALUATED_AFTER_GEOMETRY_FAIL,False,PAYLOAD_VOLUME,,3.602868308158864,,2109.236204160101,7
DOUBLE_0320,DOUBLE,O01->S009->S008->O01,S009->S008,"[""S008-MED-01"", ""S008-WAT-01"", ""S009-MED-01"", ""S009-WAT-01""]",C,True,True,True,True,False,-6.213629794260157,NOT_EVALUATED_AFTER_GEOMETRY_FAIL,False,False,NOT_EVALUATED_AFTER_GEOMETRY_FAIL,False,COMMUNICATION_GEOMETRY,,6.339247747105584,,2204.262638486273,7
DOUBLE_0321,DOUBLE,O01->S009->S008->O01,S009->S008,"[""S008-FOD-01"", ""S008-HYG-01"", ""S008-MED-01"", ""S008-WAT-01"", ""S008-WAT-02"", ""S009-MED-01""]",B,True,False,False,False,False,-6.213629794260157,NOT_EVALUATED_AFTER_GEOMETRY_FAIL,False,False,NOT_EVALUATED_AFTER_GEOMETRY_FAIL,False,PAYLOAD_VOLUME,,4.0057635178011095,,2229.2362041601014,7
DOUBLE_0322,DOUBLE,O01->S009->S008->O01,S009->S008,"[""S008-FOD-01"", ""S008-HYG-01"", ""S008-MED-01"", ""S008-WAT-01"", ""S008-WAT-02"", ""S009-MED-01""]",C,True,False,True,False,False,-6.213629794260157,NOT_EVALUATED_AFTER_GEOMETRY_FAIL,False,False,NOT_EVALUATED_AFTER_GEOMETRY_FAIL,False,TRANSPORT_ENERGY_RESERVE,,7.011716516760348,,2336.262638486273,7
DOUBLE_0323,DOUBLE,O01->S009->S008->O01,S009->S008,"[""S008-FOD-01"", ""S008-HYG-01"", ""S008-MED-01"", ""S008-WAT-01"", ""S008-WAT-02"", ""S009-MED-01"", ""S009-WAT-01""]",B,True,False,False,False,False,-6.213629794260157,NOT_EVALUATED_AFTER_GEOMETRY_FAIL,False,False,NOT_EVALUATED_AFTER_GEOMETRY_FAIL,False,PAYLOAD_VOLUME,,4.014534251143174,,2289.2362041601014,7
DOUBLE_0324,DOUBLE,O01->S009->S008->O01,S009->S008,"[""S008-FOD-01"", ""S008-HYG-01"", ""S008-MED-01"", ""S008-WAT-01"", ""S008-WAT-02"", ""S009-MED-01"", ""S009-WAT-01""]",C,True,False,True,False,False,-6.213629794260157,NOT_EVALUATED_AFTER_GEOMETRY_FAIL,False,False,NOT_EVALUATED_AFTER_GEOMETRY_FAIL,False,TRANSPORT_ENERGY_RESERVE,,7.455291458811087,,2402.262638486273,7
DOUBLE_0325,DOUBLE,O01->S009->S008->O01,S009->S008,"[""S008-MED-01"", ""S009-FOD-01"", ""S009-MED-01"", ""S009-WAT-01""]",B,True,False,False,False,False,-6.213629794260157,NOT_EVALUATED_AFTER_GEOMETRY_FAIL,False,False,NOT_EVALUATED_AFTER_GEOMETRY_FAIL,False,PAYLOAD_VOLUME,,3.34191418396992,,2109.236204160101,7
DOUBLE_0326,DOUBLE,O01->S009->S008->O01,S009->S008,"[""S008-MED-01"", ""S009-FOD-01"", ""S009-MED-01"", ""S009-WAT-01""]",C,True,True,True,True,False,-6.213629794260157,NOT_EVALUATED_AFTER_GEOMETRY_FAIL,False,False,NOT_EVALUATED_AFTER_GEOMETRY_FAIL,False,COMMUNICATION_GEOMETRY,,6.159357474177647,,2204.262638486273,7
DOUBLE_0327,DOUBLE,O01->S009->S008->O01,S009->S008,"[""S008-MED-01"", ""S008-WAT-01"", ""S009-FOD-01"", ""S009-MED-01"", ""S009-WAT-01""]",B,True,False,False,False,False,-6.213629794260157,NOT_EVALUATED_AFTER_GEOMETRY_FAIL,False,False,NOT_EVALUATED_AFTER_GEOMETRY_FAIL,False,PAYLOAD_VOLUME,,3.607880155782901,,2169.2362041601014,7
DOUBLE_0328,DOUBLE,O01->S009->S008->O01,S009->S008,"[""S008-MED-01"", ""S008-WAT-01"", ""S009-FOD-01"", ""S009-MED-01"", ""S009-WAT-01""]",C,True,False,True,False,False,-6.213629794260157,NOT_EVALUATED_AFTER_GEOMETRY_FAIL,False,False,NOT_EVALUATED_AFTER_GEOMETRY_FAIL,False,TRANSPORT_ENERGY_RESERVE,,6.489079462894714,,2270.262638486273,7
DOUBLE_0329,DOUBLE,O01->S009->S008->O01,S009->S008,"[""S008-FOD-01"", ""S008-HYG-01"", ""S008-MED-01"", ""S008-WAT-01"", ""S008-WAT-02"", ""S009-FOD-01"", ""S009-MED-01"", ""S009-WAT-01""]",B,True,False,False,False,False,-6.213629794260157,NOT_EVALUATED_AFTER_GEOMETRY_FAIL,False,False,NOT_EVALUATED_AFTER_GEOMETRY_FAIL,False,PAYLOAD_VOLUME,,4.0195460987672105,,2349.2362041601014,7
DOUBLE_0330,DOUBLE,O01->S009->S008->O01,S009->S008,"[""S008-FOD-01"", ""S008-HYG-01"", ""S008-MED-01"", ""S008-WAT-01"", ""S008-WAT-02"", ""S009-FOD-01"", ""S009-MED-01"", ""S009-WAT-01""]",C,True,False,True,False,False,-6.213629794260157,NOT_EVALUATED_AFTER_GEOMETRY_FAIL,False,False,NOT_EVALUATED_AFTER_GEOMETRY_FAIL,False,TRANSPORT_ENERGY_RESERVE,,7.825361211960052,,2468.262638486273,7
DOUBLE_0331,DOUBLE,O01->S008->S009->O01,S008->S009,"[""S008-MED-01""]",B,True,True,True,True,False,-6.213629794260157,NOT_EVALUATED_AFTER_GEOMETRY_FAIL,False,False,NOT_EVALUATED_AFTER_GEOMETRY_FAIL,False,COMMUNICATION_GEOMETRY,,2.816400664091526,,1929.1852238409087,7
DOUBLE_0332,DOUBLE,O01->S008->S009->O01,S008->S009,"[""S008-MED-01""]",C,True,True,True,True,False,-6.213629794260157,NOT_EVALUATED_AFTER_GEOMETRY_FAIL,False,False,NOT_EVALUATED_AFTER_GEOMETRY_FAIL,False,COMMUNICATION_GEOMETRY,,5.925330975396018,,2006.211658167081,7
DOUBLE_0333,DOUBLE,O01->S008->S009->O01,S008->S009,"[""S008-MED-01"", ""S008-WAT-01""]",B,True,True,True,True,False,-6.213629794260157,NOT_EVALUATED_AFTER_GEOMETRY_FAIL,False,False,NOT_EVALUATED_AFTER_GEOMETRY_FAIL,False,COMMUNICATION_GEOMETRY,,3.0726532258969868,,1989.1852238409087,7
DOUBLE_0334,DOUBLE,O01->S008->S009->O01,S008->S009,"[""S008-MED-01"", ""S008-WAT-01""]",C,True,True,True,True,False,-6.213629794260157,NOT_EVALUATED_AFTER_GEOMETRY_FAIL,False,False,NOT_EVALUATED_AFTER_GEOMETRY_FAIL,False,COMMUNICATION_GEOMETRY,,6.067473084651053,,2072.2116581670807,7
DOUBLE_0335,DOUBLE,O01->S008->S009->O01,S008->S009,"[""S008-MED-01"", ""S008-WAT-01"", ""S008-WAT-02""]",B,True,False,False,False,False,-6.213629794260157,NOT_EVALUATED_AFTER_GEOMETRY_FAIL,False,False,NOT_EVALUATED_AFTER_GEOMETRY_FAIL,False,PAYLOAD_VOLUME,,3.695353532541315,,2049.185223840909,7
DOUBLE_0336,DOUBLE,O01->S008->S009->O01,S008->S009,"[""S008-MED-01"", ""S008-WAT-01"", ""S008-WAT-02""]",C,True,True,True,True,False,-6.213629794260157,NOT_EVALUATED_AFTER_GEOMETRY_FAIL,False,False,NOT_EVALUATED_AFTER_GEOMETRY_FAIL,False,COMMUNICATION_GEOMETRY,,6.313999642792215,,2138.211658167081,7
DOUBLE_0337,DOUBLE,O01->S008->S009->O01,S008->S009,"[""S008-FOD-01"", ""S008-HYG-01"", ""S008-MED-01"", ""S008-WAT-01"", ""S008-WAT-02""]",B,True,False,False,False,False,-6.213629794260157,NOT_EVALUATED_AFTER_GEOMETRY_FAIL,False,False,NOT_EVALUATED_AFTER_GEOMETRY_FAIL,False,PAYLOAD_VOLUME,,3.70834622146674,,2169.185223840909,7
DOUBLE_0338,DOUBLE,O01->S008->S009->O01,S008->S009,"[""S008-FOD-01"", ""S008-HYG-01"", ""S008-MED-01"", ""S008-WAT-01"", ""S008-WAT-02""]",C,True,False,True,False,False,-6.213629794260157,NOT_EVALUATED_AFTER_GEOMETRY_FAIL,False,False,NOT_EVALUATED_AFTER_GEOMETRY_FAIL,False,TRANSPORT_ENERGY_RESERVE,,6.687956248875604,,2270.211658167081,7
DOUBLE_0339,DOUBLE,O01->S008->S009->O01,S008->S009,"[""S008-MED-01"", ""S008-WAT-01"", ""S009-MED-01""]",B,True,True,True,True,False,-6.213629794260157,NOT_EVALUATED_AFTER_GEOMETRY_FAIL,False,False,NOT_EVALUATED_AFTER_GEOMETRY_FAIL,False,COMMUNICATION_GEOMETRY,,3.179941047651047,,2049.185223840909,7
DOUBLE_0340,DOUBLE,O01->S008->S009->O01,S008->S009,"[""S008-MED-01"", ""S008-WAT-01"", ""S009-MED-01""]",C,True,True,True,True,False,-6.213629794260157,NOT_EVALUATED_AFTER_GEOMETRY_FAIL,False,False,NOT_EVALUATED_AFTER_GEOMETRY_FAIL,False,COMMUNICATION_GEOMETRY,,6.118780209143075,,2138.211658167081,7
DOUBLE_0341,DOUBLE,O01->S008->S009->O01,S008->S009,"[""S008-MED-01"", ""S008-WAT-01"", ""S009-MED-01"", ""S009-WAT-01""]",B,True,False,False,False,False,-6.213629794260157,NOT_EVALUATED_AFTER_GEOMETRY_FAIL,False,False,NOT_EVALUATED_AFTER_GEOMETRY_FAIL,False,PAYLOAD_VOLUME,,3.866081601059904,,2109.185223840909,7
DOUBLE_0342,DOUBLE,O01->S008->S009->O01,S008->S009,"[""S008-MED-01"", ""S008-WAT-01"", ""S009-MED-01"", ""S009-WAT-01""]",C,True,False,True,False,False,-6.213629794260157,NOT_EVALUATED_AFTER_GEOMETRY_FAIL,False,False,NOT_EVALUATED_AFTER_GEOMETRY_FAIL,False,TRANSPORT_ENERGY_RESERVE,,6.475396443640345,,2204.211658167081,7
DOUBLE_0343,DOUBLE,O01->S008->S009->O01,S008->S009,"[""S008-FOD-01"", ""S008-HYG-01"", ""S008-MED-01"", ""S008-WAT-01"", ""S008-WAT-02"", ""S009-MED-01""]",B,True,False,False,False,False,-6.213629794260157,NOT_EVALUATED_AFTER_GEOMETRY_FAIL,False,False,NOT_EVALUATED_AFTER_GEOMETRY_FAIL,False,PAYLOAD_VOLUME,,3.722315637776365,,2229.185223840909,7
DOUBLE_0344,DOUBLE,O01->S008->S009->O01,S008->S009,"[""S008-FOD-01"", ""S008-HYG-01"", ""S008-MED-01"", ""S008-WAT-01"", ""S008-WAT-02"", ""S009-MED-01""]",C,True,False,True,False,False,-6.213629794260157,NOT_EVALUATED_AFTER_GEOMETRY_FAIL,False,False,NOT_EVALUATED_AFTER_GEOMETRY_FAIL,False,TRANSPORT_ENERGY_RESERVE,,6.797576281359178,,2336.211658167081,7
DOUBLE_0345,DOUBLE,O01->S008->S009->O01,S008->S009,"[""S008-FOD-01"", ""S008-HYG-01"", ""S008-MED-01"", ""S008-WAT-01"", ""S008-WAT-02"", ""S009-MED-01"", ""S009-WAT-01""]",B,True,False,False,False,False,-6.213629794260157,NOT_EVALUATED_AFTER_GEOMETRY_FAIL,False,False,NOT_EVALUATED_AFTER_GEOMETRY_FAIL,False,PAYLOAD_VOLUME,,3.8920669789107545,,2289.185223840909,7
DOUBLE_0346,DOUBLE,O01->S008->S009->O01,S008->S009,"[""S008-FOD-01"", ""S008-HYG-01"", ""S008-MED-01"", ""S008-WAT-01"", ""S008-WAT-02"", ""S009-MED-01"", ""S009-WAT-01""]",C,True,False,True,False,False,-6.213629794260157,NOT_EVALUATED_AFTER_GEOMETRY_FAIL,False,False,NOT_EVALUATED_AFTER_GEOMETRY_FAIL,False,TRANSPORT_ENERGY_RESERVE,,7.5128604182121235,,2402.211658167081,7
DOUBLE_0347,DOUBLE,O01->S008->S009->O01,S008->S009,"[""S008-MED-01"", ""S009-FOD-01"", ""S009-MED-01"", ""S009-WAT-01""]",B,True,False,False,False,False,-6.213629794260157,NOT_EVALUATED_AFTER_GEOMETRY_FAIL,False,False,NOT_EVALUATED_AFTER_GEOMETRY_FAIL,False,PAYLOAD_VOLUME,,3.9112472016249695,,2109.185223840909,7
DOUBLE_0348,DOUBLE,O01->S008->S009->O01,S008->S009,"[""S008-MED-01"", ""S009-FOD-01"", ""S009-MED-01"", ""S009-WAT-01""]",C,True,False,True,False,False,-6.213629794260157,NOT_EVALUATED_AFTER_GEOMETRY_FAIL,False,False,NOT_EVALUATED_AFTER_GEOMETRY_FAIL,False,TRANSPORT_ENERGY_RESERVE,,6.4233117647323335,,2204.211658167081,7
DOUBLE_0349,DOUBLE,O01->S008->S009->O01,S008->S009,"[""S008-MED-01"", ""S008-WAT-01"", ""S009-FOD-01"", ""S009-MED-01"", ""S009-WAT-01""]",B,True,False,False,False,False,-6.213629794260157,NOT_EVALUATED_AFTER_GEOMETRY_FAIL,False,False,NOT_EVALUATED_AFTER_GEOMETRY_FAIL,False,PAYLOAD_VOLUME,,4.063465562151844,,2169.185223840909,7
DOUBLE_0350,DOUBLE,O01->S008->S009->O01,S008->S009,"[""S008-MED-01"", ""S008-WAT-01"", ""S009-FOD-01"", ""S009-MED-01"", ""S009-WAT-01""]",C,True,False,True,False,False,-6.213629794260157,NOT_EVALUATED_AFTER_GEOMETRY_FAIL,False,False,NOT_EVALUATED_AFTER_GEOMETRY_FAIL,False,TRANSPORT_ENERGY_RESERVE,,6.765943505444239,,2270.211658167081,7
DOUBLE_0351,DOUBLE,O01->S008->S009->O01,S008->S009,"[""S008-FOD-01"", ""S008-HYG-01"", ""S008-MED-01"", ""S008-WAT-01"", ""S008-WAT-02"", ""S009-FOD-01"", ""S009-MED-01"", ""S009-WAT-01""]",B,True,False,False,False,False,-6.213629794260157,NOT_EVALUATED_AFTER_GEOMETRY_FAIL,False,False,NOT_EVALUATED_AFTER_GEOMETRY_FAIL,False,PAYLOAD_VOLUME,,4.089450940002695,,2349.185223840909,7
DOUBLE_0352,DOUBLE,O01->S008->S009->O01,S008->S009,"[""S008-FOD-01"", ""S008-HYG-01"", ""S008-MED-01"", ""S008-WAT-01"", ""S008-WAT-02"", ""S009-FOD-01"", ""S009-MED-01"", ""S009-WAT-01""]",C,True,False,True,False,False,-6.213629794260157,NOT_EVALUATED_AFTER_GEOMETRY_FAIL,False,False,NOT_EVALUATED_AFTER_GEOMETRY_FAIL,False,TRANSPORT_ENERGY_RESERVE,,8.115496418736749,,2468.211658167081,7
DOUBLE_0397,DOUBLE,O01->S011->S008->O01,S011->S008,"[""S008-MED-01""]",B,True,True,True,True,False,-6.213629794260157,NOT_EVALUATED_AFTER_GEOMETRY_FAIL,False,False,NOT_EVALUATED_AFTER_GEOMETRY_FAIL,False,COMMUNICATION_GEOMETRY,,2.460924143621523,,1790.0106838293182,4
DOUBLE_0398,DOUBLE,O01->S011->S008->O01,S011->S008,"[""S008-MED-01""]",C,True,True,True,True,False,-6.213629794260157,NOT_EVALUATED_AFTER_GEOMETRY_FAIL,False,False,NOT_EVALUATED_AFTER_GEOMETRY_FAIL,False,COMMUNICATION_GEOMETRY,,5.146144779365423,,1874.425282421441,4
DOUBLE_0399,DOUBLE,O01->S011->S008->O01,S011->S008,"[""S008-MED-01"", ""S008-WAT-01""]",B,True,True,True,True,False,-6.213629794260157,NOT_EVALUATED_AFTER_GEOMETRY_FAIL,False,False,NOT_EVALUATED_AFTER_GEOMETRY_FAIL,False,COMMUNICATION_GEOMETRY,,2.725383568871471,,1850.0106838293184,4
DOUBLE_0400,DOUBLE,O01->S011->S008->O01,S011->S008,"[""S008-MED-01"", ""S008-WAT-01""]",C,True,True,True,True,False,-6.213629794260157,NOT_EVALUATED_AFTER_GEOMETRY_FAIL,False,False,NOT_EVALUATED_AFTER_GEOMETRY_FAIL,False,COMMUNICATION_GEOMETRY,,5.295707877301084,,1940.425282421441,4
DOUBLE_0401,DOUBLE,O01->S011->S008->O01,S011->S008,"[""S008-MED-01"", ""S008-WAT-01"", ""S008-WAT-02""]",B,True,False,False,False,False,-6.213629794260157,NOT_EVALUATED_AFTER_GEOMETRY_FAIL,False,False,NOT_EVALUATED_AFTER_GEOMETRY_FAIL,False,PAYLOAD_VOLUME,,3.358814451981368,,1910.0106838293184,4
DOUBLE_0402,DOUBLE,O01->S011->S008->O01,S011->S008,"[""S008-MED-01"", ""S008-WAT-01"", ""S008-WAT-02""]",C,True,True,True,True,False,-6.213629794260157,NOT_EVALUATED_AFTER_GEOMETRY_FAIL,False,False,NOT_EVALUATED_AFTER_GEOMETRY_FAIL,False,COMMUNICATION_GEOMETRY,,5.550374316233853,,2006.425282421441,4
DOUBLE_0403,DOUBLE,O01->S011->S008->O01,S011->S008,"[""S008-FOD-01"", ""S008-HYG-01"", ""S008-MED-01"", ""S008-WAT-01"", ""S008-WAT-02""]",B,True,False,False,False,False,-6.213629794260157,NOT_EVALUATED_AFTER_GEOMETRY_FAIL,False,False,NOT_EVALUATED_AFTER_GEOMETRY_FAIL,False,PAYLOAD_VOLUME,,3.3783386819694656,,2030.0106838293184,4
DOUBLE_0404,DOUBLE,O01->S011->S008->O01,S011->S008,"[""S008-FOD-01"", ""S008-HYG-01"", ""S008-MED-01"", ""S008-WAT-01"", ""S008-WAT-02""]",C,True,True,True,True,False,-6.213629794260157,NOT_EVALUATED_AFTER_GEOMETRY_FAIL,False,False,NOT_EVALUATED_AFTER_GEOMETRY_FAIL,False,COMMUNICATION_GEOMETRY,,5.933348409468279,,2138.425282421441,4
DOUBLE_0405,DOUBLE,O01->S011->S008->O01,S011->S008,"[""S008-MED-01"", ""S008-WAT-01"", ""S011-MED-01""]",B,True,True,True,True,False,-6.213629794260157,NOT_EVALUATED_AFTER_GEOMETRY_FAIL,False,False,NOT_EVALUATED_AFTER_GEOMETRY_FAIL,False,COMMUNICATION_GEOMETRY,,2.759705095307755,,1910.0106838293184,4
DOUBLE_0406,DOUBLE,O01->S011->S008->O01,S011->S008,"[""S008-MED-01"", ""S008-WAT-01"", ""S011-MED-01""]",C,True,True,True,True,False,-6.213629794260157,NOT_EVALUATED_AFTER_GEOMETRY_FAIL,False,False,NOT_EVALUATED_AFTER_GEOMETRY_FAIL,False,COMMUNICATION_GEOMETRY,,5.311898064689922,,2006.425282421441,4
DOUBLE_0407,DOUBLE,O01->S011->S008->O01,S011->S008,"[""S008-MED-01"", ""S008-WAT-01"", ""S011-MED-01"", ""S011-WAT-01""]",B,True,True,False,True,False,-6.213629794260157,NOT_EVALUATED_AFTER_GEOMETRY_FAIL,False,False,NOT_EVALUATED_AFTER_GEOMETRY_FAIL,False,PAYLOAD_VOLUME,,2.947977210991607,,1970.0106838293184,4
DOUBLE_0408,DOUBLE,O01->S011->S008->O01,S011->S008,"[""S008-MED-01"", ""S008-WAT-01"", ""S011-MED-01"", ""S011-WAT-01""]",C,True,True,True,True,False,-6.213629794260157,NOT_EVALUATED_AFTER_GEOMETRY_FAIL,False,False,NOT_EVALUATED_AFTER_GEOMETRY_FAIL,False,COMMUNICATION_GEOMETRY,,5.410225191434531,,2072.425282421441,4
DOUBLE_0409,DOUBLE,O01->S011->S008->O01,S011->S008,"[""S008-FOD-01"", ""S008-HYG-01"", ""S008-MED-01"", ""S008-WAT-01"", ""S008-WAT-02"", ""S011-MED-01""]",B,True,False,False,False,False,-6.213629794260157,NOT_EVALUATED_AFTER_GEOMETRY_FAIL,False,False,NOT_EVALUATED_AFTER_GEOMETRY_FAIL,False,PAYLOAD_VOLUME,,3.380242341483575,,2090.010683829318,4
DOUBLE_0410,DOUBLE,O01->S011->S008->O01,S011->S008,"[""S008-FOD-01"", ""S008-HYG-01"", ""S008-MED-01"", ""S008-WAT-01"", ""S008-WAT-02"", ""S011-MED-01""]",C,True,True,True,True,False,-6.213629794260157,NOT_EVALUATED_AFTER_GEOMETRY_FAIL,False,False,NOT_EVALUATED_AFTER_GEOMETRY_FAIL,False,COMMUNICATION_GEOMETRY,,5.969795909250232,,2204.425282421441,4
DOUBLE_0411,DOUBLE,O01->S011->S008->O01,S011->S008,"[""S008-FOD-01"", ""S008-HYG-01"", ""S008-MED-01"", ""S008-WAT-01"", ""S008-WAT-02"", ""S011-MED-01"", ""S011-WAT-01""]",B,True,False,False,False,False,-6.213629794260157,NOT_EVALUATED_AFTER_GEOMETRY_FAIL,False,False,NOT_EVALUATED_AFTER_GEOMETRY_FAIL,False,PAYLOAD_VOLUME,,3.389126085882752,,2150.010683829318,4
DOUBLE_0412,DOUBLE,O01->S011->S008->O01,S011->S008,"[""S008-FOD-01"", ""S008-HYG-01"", ""S008-MED-01"", ""S008-WAT-01"", ""S008-WAT-02"", ""S011-MED-01"", ""S011-WAT-01""]",C,True,True,True,True,False,-6.213629794260157,NOT_EVALUATED_AFTER_GEOMETRY_FAIL,False,False,NOT_EVALUATED_AFTER_GEOMETRY_FAIL,False,COMMUNICATION_GEOMETRY,,6.1927206249961335,,2270.425282421441,4
DOUBLE_0413,DOUBLE,O01->S011->S008->O01,S011->S008,"[""S008-MED-01"", ""S011-FOD-01"", ""S011-MED-01"", ""S011-WAT-01""]",B,True,True,False,True,False,-6.213629794260157,NOT_EVALUATED_AFTER_GEOMETRY_FAIL,False,False,NOT_EVALUATED_AFTER_GEOMETRY_FAIL,False,PAYLOAD_VOLUME,,2.724734636748288,,1970.0106838293184,4
DOUBLE_0414,DOUBLE,O01->S011->S008->O01,S011->S008,"[""S008-MED-01"", ""S011-FOD-01"", ""S011-MED-01"", ""S011-WAT-01""]",C,True,True,True,True,False,-6.213629794260157,NOT_EVALUATED_AFTER_GEOMETRY_FAIL,False,False,NOT_EVALUATED_AFTER_GEOMETRY_FAIL,False,COMMUNICATION_GEOMETRY,,5.267380900127497,,2072.425282421441,4
DOUBLE_0415,DOUBLE,O01->S011->S008->O01,S011->S008,"[""S008-MED-01"", ""S008-WAT-01"", ""S011-FOD-01"", ""S011-MED-01"", ""S011-WAT-01""]",B,True,True,False,True,False,-6.213629794260157,NOT_EVALUATED_AFTER_GEOMETRY_FAIL,False,False,NOT_EVALUATED_AFTER_GEOMETRY_FAIL,False,PAYLOAD_VOLUME,,2.953053636362565,,2030.0106838293184,4
DOUBLE_0416,DOUBLE,O01->S011->S008->O01,S011->S008,"[""S008-MED-01"", ""S008-WAT-01"", ""S011-FOD-01"", ""S011-MED-01"", ""S011-WAT-01""]",C,True,True,True,True,False,-6.213629794260157,NOT_EVALUATED_AFTER_GEOMETRY_FAIL,False,False,NOT_EVALUATED_AFTER_GEOMETRY_FAIL,False,COMMUNICATION_GEOMETRY,,5.486592061174509,,2138.425282421441,4
DOUBLE_0417,DOUBLE,O01->S011->S008->O01,S011->S008,"[""S008-FOD-01"", ""S008-HYG-01"", ""S008-MED-01"", ""S008-WAT-01"", ""S008-WAT-02"", ""S011-FOD-01"", ""S011-MED-01"", ""S011-WAT-01""]",B,True,False,False,False,False,-6.213629794260157,NOT_EVALUATED_AFTER_GEOMETRY_FAIL,False,False,NOT_EVALUATED_AFTER_GEOMETRY_FAIL,False,PAYLOAD_VOLUME,,3.39420251125371,,2210.010683829318,4
DOUBLE_0418,DOUBLE,O01->S011->S008->O01,S011->S008,"[""S008-FOD-01"", ""S008-HYG-01"", ""S008-MED-01"", ""S008-WAT-01"", ""S008-WAT-02"", ""S011-FOD-01"", ""S011-MED-01"", ""S011-WAT-01""]",C,True,True,True,True,False,-6.213629794260157,NOT_EVALUATED_AFTER_GEOMETRY_FAIL,False,False,NOT_EVALUATED_AFTER_GEOMETRY_FAIL,False,COMMUNICATION_GEOMETRY,,6.377504024520855,,2336.425282421441,4
DOUBLE_0419,DOUBLE,O01->S008->S011->O01,S008->S011,"[""S008-MED-01""]",B,True,True,True,True,False,-6.213629794260157,NOT_EVALUATED_AFTER_GEOMETRY_FAIL,False,False,NOT_EVALUATED_AFTER_GEOMETRY_FAIL,False,COMMUNICATION_GEOMETRY,,2.4594308882024096,,1790.0181399910343,4
DOUBLE_0420,DOUBLE,O01->S008->S011->O01,S008->S011,"[""S008-MED-01""]",C,True,True,True,True,False,-6.213629794260157,NOT_EVALUATED_AFTER_GEOMETRY_FAIL,False,False,NOT_EVALUATED_AFTER_GEOMETRY_FAIL,False,COMMUNICATION_GEOMETRY,,5.14471211648715,,1874.4327385831568,4
DOUBLE_0421,DOUBLE,O01->S008->S011->O01,S008->S011,"[""S008-MED-01"", ""S008-WAT-01""]",B,True,True,True,True,False,-6.213629794260157,NOT_EVALUATED_AFTER_GEOMETRY_FAIL,False,False,NOT_EVALUATED_AFTER_GEOMETRY_FAIL,False,COMMUNICATION_GEOMETRY,,2.715683450007871,,1850.0181399910343,4
DOUBLE_0422,DOUBLE,O01->S008->S011->O01,S008->S011,"[""S008-MED-01"", ""S008-WAT-01""]",C,True,True,True,True,False,-6.213629794260157,NOT_EVALUATED_AFTER_GEOMETRY_FAIL,False,False,NOT_EVALUATED_AFTER_GEOMETRY_FAIL,False,COMMUNICATION_GEOMETRY,,5.286854225742185,,1940.4327385831568,4
DOUBLE_0423,DOUBLE,O01->S008->S011->O01,S008->S011,"[""S008-MED-01"", ""S008-WAT-01"", ""S008-WAT-02""]",B,True,False,False,False,False,-6.213629794260157,NOT_EVALUATED_AFTER_GEOMETRY_FAIL,False,False,NOT_EVALUATED_AFTER_GEOMETRY_FAIL,False,PAYLOAD_VOLUME,,3.3383837566521986,,1910.0181399910343,4
DOUBLE_0424,DOUBLE,O01->S008->S011->O01,S008->S011,"[""S008-MED-01"", ""S008-WAT-01"", ""S008-WAT-02""]",C,True,True,True,True,False,-6.213629794260157,NOT_EVALUATED_AFTER_GEOMETRY_FAIL,False,False,NOT_EVALUATED_AFTER_GEOMETRY_FAIL,False,COMMUNICATION_GEOMETRY,,5.533380783883347,,2006.4327385831568,4
DOUBLE_0425,DOUBLE,O01->S008->S011->O01,S008->S011,"[""S008-FOD-01"", ""S008-HYG-01"", ""S008-MED-01"", ""S008-WAT-01"", ""S008-WAT-02""]",B,True,False,False,False,False,-6.213629794260157,NOT_EVALUATED_AFTER_GEOMETRY_FAIL,False,False,NOT_EVALUATED_AFTER_GEOMETRY_FAIL,False,PAYLOAD_VOLUME,,3.351376445577624,,2030.0181399910343,4
DOUBLE_0426,DOUBLE,O01->S008->S011->O01,S008->S011,"[""S008-FOD-01"", ""S008-HYG-01"", ""S008-MED-01"", ""S008-WAT-01"", ""S008-WAT-02""]",C,True,True,True,True,False,-6.213629794260157,NOT_EVALUATED_AFTER_GEOMETRY_FAIL,False,False,NOT_EVALUATED_AFTER_GEOMETRY_FAIL,False,COMMUNICATION_GEOMETRY,,5.907337389966735,,2138.4327385831566,4
DOUBLE_0427,DOUBLE,O01->S008->S011->O01,S008->S011,"[""S008-MED-01"", ""S008-WAT-01"", ""S011-MED-01""]",B,True,True,True,True,False,-6.213629794260157,NOT_EVALUATED_AFTER_GEOMETRY_FAIL,False,False,NOT_EVALUATED_AFTER_GEOMETRY_FAIL,False,COMMUNICATION_GEOMETRY,,2.8238953451317967,,1910.0181399910343,4
DOUBLE_0428,DOUBLE,O01->S008->S011->O01,S008->S011,"[""S008-MED-01"", ""S008-WAT-01"", ""S011-MED-01""]",C,True,True,True,True,False,-6.213629794260157,NOT_EVALUATED_AFTER_GEOMETRY_FAIL,False,False,NOT_EVALUATED_AFTER_GEOMETRY_FAIL,False,COMMUNICATION_GEOMETRY,,5.3388361317921,,2006.4327385831568,4
DOUBLE_0429,DOUBLE,O01->S008->S011->O01,S008->S011,"[""S008-MED-01"", ""S008-WAT-01"", ""S011-MED-01"", ""S011-WAT-01""]",B,True,False,False,False,False,-6.213629794260157,NOT_EVALUATED_AFTER_GEOMETRY_FAIL,False,False,NOT_EVALUATED_AFTER_GEOMETRY_FAIL,False,PAYLOAD_VOLUME,,3.5212301377949493,,1970.0181399910343,4
DOUBLE_0430,DOUBLE,O01->S008->S011->O01,S008->S011,"[""S008-MED-01"", ""S008-WAT-01"", ""S011-MED-01"", ""S011-WAT-01""]",C,True,True,True,True,False,-6.213629794260157,NOT_EVALUATED_AFTER_GEOMETRY_FAIL,False,False,NOT_EVALUATED_AFTER_GEOMETRY_FAIL,False,COMMUNICATION_GEOMETRY,,5.70199939974959,,2072.4327385831566,4
DOUBLE_0431,DOUBLE,O01->S008->S011->O01,S008->S011,"[""S008-FOD-01"", ""S008-HYG-01"", ""S008-MED-01"", ""S008-WAT-01"", ""S008-WAT-02"", ""S011-MED-01""]",B,True,False,False,False,False,-6.213629794260157,NOT_EVALUATED_AFTER_GEOMETRY_FAIL,False,False,NOT_EVALUATED_AFTER_GEOMETRY_FAIL,False,PAYLOAD_VOLUME,,3.366269935257115,,2090.0181399910343,4
DOUBLE_0432,DOUBLE,O01->S008->S011->O01,S008->S011,"[""S008-FOD-01"", ""S008-HYG-01"", ""S008-MED-01"", ""S008-WAT-01"", ""S008-WAT-02"", ""S011-MED-01""]",C,True,True,True,True,False,-6.213629794260157,NOT_EVALUATED_AFTER_GEOMETRY_FAIL,False,False,NOT_EVALUATED_AFTER_GEOMETRY_FAIL,False,COMMUNICATION_GEOMETRY,,6.017632204008202,,2204.4327385831566,4
DOUBLE_0433,DOUBLE,O01->S008->S011->O01,S008->S011,"[""S008-FOD-01"", ""S008-HYG-01"", ""S008-MED-01"", ""S008-WAT-01"", ""S008-WAT-02"", ""S011-MED-01"", ""S011-WAT-01""]",B,True,False,False,False,False,-6.213629794260157,NOT_EVALUATED_AFTER_GEOMETRY_FAIL,False,False,NOT_EVALUATED_AFTER_GEOMETRY_FAIL,False,PAYLOAD_VOLUME,,3.5472155156457994,,2150.0181399910343,4
DOUBLE_0434,DOUBLE,O01->S008->S011->O01,S008->S011,"[""S008-FOD-01"", ""S008-HYG-01"", ""S008-MED-01"", ""S008-WAT-01"", ""S008-WAT-02"", ""S011-MED-01"", ""S011-WAT-01""]",C,True,False,True,False,False,-6.213629794260157,NOT_EVALUATED_AFTER_GEOMETRY_FAIL,False,False,NOT_EVALUATED_AFTER_GEOMETRY_FAIL,False,TRANSPORT_ENERGY_RESERVE,,6.739463374321367,,2270.4327385831566,4
DOUBLE_0435,DOUBLE,O01->S008->S011->O01,S008->S011,"[""S008-MED-01"", ""S011-FOD-01"", ""S011-MED-01"", ""S011-WAT-01""]",B,True,False,False,False,False,-6.213629794260157,NOT_EVALUATED_AFTER_GEOMETRY_FAIL,False,False,NOT_EVALUATED_AFTER_GEOMETRY_FAIL,False,PAYLOAD_VOLUME,,3.579399389490541,,1970.0181399910343,4
DOUBLE_0436,DOUBLE,O01->S008->S011->O01,S008->S011,"[""S008-MED-01"", ""S011-FOD-01"", ""S011-MED-01"", ""S011-WAT-01""]",C,True,True,True,True,False,-6.213629794260157,NOT_EVALUATED_AFTER_GEOMETRY_FAIL,False,False,NOT_EVALUATED_AFTER_GEOMETRY_FAIL,False,COMMUNICATION_GEOMETRY,,5.6555432688461735,,2072.4327385831566,4
DOUBLE_0437,DOUBLE,O01->S008->S011->O01,S008->S011,"[""S008-MED-01"", ""S008-WAT-01"", ""S011-FOD-01"", ""S011-MED-01"", ""S011-WAT-01""]",B,True,False,False,False,False,-6.213629794260157,NOT_EVALUATED_AFTER_GEOMETRY_FAIL,False,False,NOT_EVALUATED_AFTER_GEOMETRY_FAIL,False,PAYLOAD_VOLUME,,3.731617750017415,,2030.0181399910343,4
DOUBLE_0438,DOUBLE,O01->S008->S011->O01,S008->S011,"[""S008-MED-01"", ""S008-WAT-01"", ""S011-FOD-01"", ""S011-MED-01"", ""S011-WAT-01""]",C,True,True,True,True,False,-6.213629794260157,NOT_EVALUATED_AFTER_GEOMETRY_FAIL,False,False,NOT_EVALUATED_AFTER_GEOMETRY_FAIL,False,COMMUNICATION_GEOMETRY,,5.99817500955808,,2138.4327385831566,4
DOUBLE_0439,DOUBLE,O01->S008->S011->O01,S008->S011,"[""S008-FOD-01"", ""S008-HYG-01"", ""S008-MED-01"", ""S008-WAT-01"", ""S008-WAT-02"", ""S011-FOD-01"", ""S011-MED-01"", ""S011-WAT-01""]",B,True,False,False,False,False,-6.213629794260157,NOT_EVALUATED_AFTER_GEOMETRY_FAIL,False,False,NOT_EVALUATED_AFTER_GEOMETRY_FAIL,False,PAYLOAD_VOLUME,,3.757603127868265,,2210.0181399910343,4
DOUBLE_0440,DOUBLE,O01->S008->S011->O01,S008->S011,"[""S008-FOD-01"", ""S008-HYG-01"", ""S008-MED-01"", ""S008-WAT-01"", ""S008-WAT-02"", ""S011-FOD-01"", ""S011-MED-01"", ""S011-WAT-01""]",C,True,False,True,False,False,-6.213629794260157,NOT_EVALUATED_AFTER_GEOMETRY_FAIL,False,False,NOT_EVALUATED_AFTER_GEOMETRY_FAIL,False,TRANSPORT_ENERGY_RESERVE,,7.347727922850588,,2336.4327385831566,4
DOUBLE_0441,DOUBLE,O01->S012->S008->O01,S012->S008,"[""S008-MED-01""]",B,True,False,True,False,False,-6.213629794260157,NOT_EVALUATED_AFTER_GEOMETRY_FAIL,False,False,NOT_EVALUATED_AFTER_GEOMETRY_FAIL,False,TRANSPORT_ENERGY_RESERVE,,3.467269856344634,,2251.1071895517657,7
DOUBLE_0442,DOUBLE,O01->S012->S008->O01,S012->S008,"[""S008-MED-01""]",C,True,False,True,False,False,-6.213629794260157,NOT_EVALUATED_AFTER_GEOMETRY_FAIL,False,False,NOT_EVALUATED_AFTER_GEOMETRY_FAIL,False,TRANSPORT_ENERGY_RESERVE,,7.293638778363175,,2334.9344437835366,7
DOUBLE_0443,DOUBLE,O01->S012->S008->O01,S012->S008,"[""S008-MED-01"", ""S008-WAT-01""]",B,True,False,True,False,False,-6.213629794260157,NOT_EVALUATED_AFTER_GEOMETRY_FAIL,False,False,NOT_EVALUATED_AFTER_GEOMETRY_FAIL,False,TRANSPORT_ENERGY_RESERVE,,3.940175194894557,,2311.1071895517657,7
DOUBLE_0444,DOUBLE,O01->S012->S008->O01,S012->S008,"[""S008-MED-01"", ""S008-WAT-01""]",C,True,False,True,False,False,-6.213629794260157,NOT_EVALUATED_AFTER_GEOMETRY_FAIL,False,False,NOT_EVALUATED_AFTER_GEOMETRY_FAIL,False,TRANSPORT_ENERGY_RESERVE,,7.553780580060752,,2400.9344437835366,7
DOUBLE_0445,DOUBLE,O01->S012->S008->O01,S012->S008,"[""S008-MED-01"", ""S008-WAT-01"", ""S008-WAT-02""]",B,True,False,False,False,False,-6.213629794260157,NOT_EVALUATED_AFTER_GEOMETRY_FAIL,False,False,NOT_EVALUATED_AFTER_GEOMETRY_FAIL,False,PAYLOAD_VOLUME,,5.096337119680779,,2371.1071895517657,7
DOUBLE_0446,DOUBLE,O01->S012->S008->O01,S012->S008,"[""S008-MED-01"", ""S008-WAT-01"", ""S008-WAT-02""]",C,True,False,True,False,False,-6.213629794260157,NOT_EVALUATED_AFTER_GEOMETRY_FAIL,False,False,NOT_EVALUATED_AFTER_GEOMETRY_FAIL,False,TRANSPORT_ENERGY_RESERVE,,8.008551392870004,,2466.9344437835366,7
DOUBLE_0447,DOUBLE,O01->S012->S008->O01,S012->S008,"[""S008-FOD-01"", ""S008-HYG-01"", ""S008-MED-01"", ""S008-WAT-01"", ""S008-WAT-02""]",B,True,False,False,False,False,-6.213629794260157,NOT_EVALUATED_AFTER_GEOMETRY_FAIL,False,False,NOT_EVALUATED_AFTER_GEOMETRY_FAIL,False,PAYLOAD_VOLUME,,5.115674623107649,,2491.1071895517657,7
DOUBLE_0448,DOUBLE,O01->S012->S008->O01,S012->S008,"[""S008-FOD-01"", ""S008-HYG-01"", ""S008-MED-01"", ""S008-WAT-01"", ""S008-WAT-02""]",C,True,False,True,False,False,-6.213629794260157,NOT_EVALUATED_AFTER_GEOMETRY_FAIL,False,False,NOT_EVALUATED_AFTER_GEOMETRY_FAIL,False,TRANSPORT_ENERGY_RESERVE,,8.700920664851708,,2598.9344437835366,7
DOUBLE_0449,DOUBLE,O01->S012->S008->O01,S012->S008,"[""S008-MED-01"", ""S008-WAT-01"", ""S012-MED-01""]",B,True,False,True,False,False,-6.213629794260157,NOT_EVALUATED_AFTER_GEOMETRY_FAIL,False,False,NOT_EVALUATED_AFTER_GEOMETRY_FAIL,False,TRANSPORT_ENERGY_RESERVE,,4.028560795031584,,2371.1071895517657,7
DOUBLE_0450,DOUBLE,O01->S012->S008->O01,S012->S008,"[""S008-MED-01"", ""S008-WAT-01"", ""S012-MED-01""]",C,True,False,True,False,False,-6.213629794260157,NOT_EVALUATED_AFTER_GEOMETRY_FAIL,False,False,NOT_EVALUATED_AFTER_GEOMETRY_FAIL,False,TRANSPORT_ENERGY_RESERVE,,7.594545721942597,,2466.9344437835366,7
DOUBLE_0451,DOUBLE,O01->S012->S008->O01,S012->S008,"[""S008-MED-01"", ""S008-WAT-01"", ""S012-MED-01"", ""S012-WAT-01""]",B,True,False,False,False,False,-6.213629794260157,NOT_EVALUATED_AFTER_GEOMETRY_FAIL,False,False,NOT_EVALUATED_AFTER_GEOMETRY_FAIL,False,PAYLOAD_VOLUME,,4.514842360383944,,2431.1071895517657,7
DOUBLE_0452,DOUBLE,O01->S012->S008->O01,S012->S008,"[""S008-MED-01"", ""S008-WAT-01"", ""S012-MED-01"", ""S012-WAT-01""]",C,True,False,True,False,False,-6.213629794260157,NOT_EVALUATED_AFTER_GEOMETRY_FAIL,False,False,NOT_EVALUATED_AFTER_GEOMETRY_FAIL,False,TRANSPORT_ENERGY_RESERVE,,7.844594233584138,,2532.9344437835366,7
DOUBLE_0453,DOUBLE,O01->S012->S008->O01,S012->S008,"[""S008-FOD-01"", ""S008-HYG-01"", ""S008-MED-01"", ""S008-WAT-01"", ""S008-WAT-02"", ""S012-MED-01""]",B,True,False,False,False,False,-6.213629794260157,NOT_EVALUATED_AFTER_GEOMETRY_FAIL,False,False,NOT_EVALUATED_AFTER_GEOMETRY_FAIL,False,PAYLOAD_VOLUME,,5.118917384403603,,2551.1071895517657,7
DOUBLE_0454,DOUBLE,O01->S012->S008->O01,S012->S008,"[""S008-FOD-01"", ""S008-HYG-01"", ""S008-MED-01"", ""S008-WAT-01"", ""S008-WAT-02"", ""S012-MED-01""]",C,True,False,True,False,False,-6.213629794260157,NOT_EVALUATED_AFTER_GEOMETRY_FAIL,False,False,NOT_EVALUATED_AFTER_GEOMETRY_FAIL,False,TRANSPORT_ENERGY_RESERVE,,8.79488995765998,,2664.9344437835366,7
DOUBLE_0455,DOUBLE,O01->S012->S008->O01,S012->S008,"[""S008-FOD-01"", ""S008-HYG-01"", ""S008-MED-01"", ""S008-WAT-01"", ""S008-WAT-02"", ""S012-MED-01"", ""S012-WAT-01""]",B,True,False,False,False,False,-6.213629794260157,NOT_EVALUATED_AFTER_GEOMETRY_FAIL,False,False,NOT_EVALUATED_AFTER_GEOMETRY_FAIL,False,PAYLOAD_VOLUME,,5.13405027045139,,2611.1071895517657,7
DOUBLE_0456,DOUBLE,O01->S012->S008->O01,S012->S008,"[""S008-FOD-01"", ""S008-HYG-01"", ""S008-MED-01"", ""S008-WAT-01"", ""S008-WAT-02"", ""S012-MED-01"", ""S012-WAT-01""]",C,True,False,True,False,False,-6.213629794260157,NOT_EVALUATED_AFTER_GEOMETRY_FAIL,False,False,NOT_EVALUATED_AFTER_GEOMETRY_FAIL,False,TRANSPORT_ENERGY_RESERVE,,9.372183703103964,,2730.9344437835366,7
DOUBLE_0457,DOUBLE,O01->S012->S008->O01,S012->S008,"[""S008-MED-01"", ""S012-FOD-01"", ""S012-MED-01"", ""S012-WAT-01""]",B,True,False,False,False,False,-6.213629794260157,NOT_EVALUATED_AFTER_GEOMETRY_FAIL,False,False,NOT_EVALUATED_AFTER_GEOMETRY_FAIL,False,PAYLOAD_VOLUME,,4.145504215855339,,2431.1071895517657,7
DOUBLE_0458,DOUBLE,O01->S012->S008->O01,S012->S008,"[""S008-MED-01"", ""S012-FOD-01"", ""S012-MED-01"", ""S012-WAT-01""]",C,True,False,True,False,False,-6.213629794260157,NOT_EVALUATED_AFTER_GEOMETRY_FAIL,False,False,NOT_EVALUATED_AFTER_GEOMETRY_FAIL,False,TRANSPORT_ENERGY_RESERVE,,7.59741337350207,,2532.9344437835366,7
DOUBLE_0459,DOUBLE,O01->S012->S008->O01,S012->S008,"[""S008-MED-01"", ""S008-WAT-01"", ""S012-FOD-01"", ""S012-MED-01"", ""S012-WAT-01""]",B,True,False,False,False,False,-6.213629794260157,NOT_EVALUATED_AFTER_GEOMETRY_FAIL,False,False,NOT_EVALUATED_AFTER_GEOMETRY_FAIL,False,PAYLOAD_VOLUME,,4.523489723839822,,2491.1071895517657,7
DOUBLE_0460,DOUBLE,O01->S012->S008->O01,S012->S008,"[""S008-MED-01"", ""S008-WAT-01"", ""S012-FOD-01"", ""S012-MED-01"", ""S012-WAT-01""]",C,True,False,True,False,False,-6.213629794260157,NOT_EVALUATED_AFTER_GEOMETRY_FAIL,False,False,NOT_EVALUATED_AFTER_GEOMETRY_FAIL,False,TRANSPORT_ENERGY_RESERVE,,8.040480036582998,,2598.9344437835366,7
DOUBLE_0461,DOUBLE,O01->S012->S008->O01,S012->S008,"[""S008-FOD-01"", ""S008-HYG-01"", ""S008-MED-01"", ""S008-WAT-01"", ""S008-WAT-02"", ""S012-FOD-01"", ""S012-MED-01"", ""S012-WAT-01""]",B,True,False,False,False,False,-6.213629794260157,NOT_EVALUATED_AFTER_GEOMETRY_FAIL,False,False,NOT_EVALUATED_AFTER_GEOMETRY_FAIL,False,PAYLOAD_VOLUME,,5.142697633907269,,2671.1071895517657,7
DOUBLE_0462,DOUBLE,O01->S012->S008->O01,S012->S008,"[""S008-FOD-01"", ""S008-HYG-01"", ""S008-MED-01"", ""S008-WAT-01"", ""S008-WAT-02"", ""S012-FOD-01"", ""S012-MED-01"", ""S012-WAT-01""]",C,True,False,True,False,False,-6.213629794260157,NOT_EVALUATED_AFTER_GEOMETRY_FAIL,False,False,NOT_EVALUATED_AFTER_GEOMETRY_FAIL,False,TRANSPORT_ENERGY_RESERVE,,9.85281652987621,,2796.9344437835366,7
DOUBLE_0463,DOUBLE,O01->S008->S012->O01,S008->S012,"[""S008-MED-01""]",B,True,False,True,False,False,-6.213629794260157,NOT_EVALUATED_AFTER_GEOMETRY_FAIL,False,False,NOT_EVALUATED_AFTER_GEOMETRY_FAIL,False,TRANSPORT_ENERGY_RESERVE,,3.451814504135573,,2250.950753123625,7
DOUBLE_0464,DOUBLE,O01->S008->S012->O01,S008->S012,"[""S008-MED-01""]",C,True,False,True,False,False,-6.213629794260157,NOT_EVALUATED_AFTER_GEOMETRY_FAIL,False,False,NOT_EVALUATED_AFTER_GEOMETRY_FAIL,False,TRANSPORT_ENERGY_RESERVE,,7.283088717372026,,2334.778007355396,7
DOUBLE_0465,DOUBLE,O01->S008->S012->O01,S008->S012,"[""S008-MED-01"", ""S008-WAT-01""]",B,True,False,True,False,False,-6.213629794260157,NOT_EVALUATED_AFTER_GEOMETRY_FAIL,False,False,NOT_EVALUATED_AFTER_GEOMETRY_FAIL,False,TRANSPORT_ENERGY_RESERVE,,3.7080670659410337,,2310.950753123625,7
DOUBLE_0466,DOUBLE,O01->S008->S012->O01,S008->S012,"[""S008-MED-01"", ""S008-WAT-01""]",C,True,False,True,False,False,-6.213629794260157,NOT_EVALUATED_AFTER_GEOMETRY_FAIL,False,False,NOT_EVALUATED_AFTER_GEOMETRY_FAIL,False,TRANSPORT_ENERGY_RESERVE,,7.425230826627061,,2400.778007355396,7
DOUBLE_0467,DOUBLE,O01->S008->S012->O01,S008->S012,"[""S008-MED-01"", ""S008-WAT-01"", ""S008-WAT-02""]",B,True,False,False,False,False,-6.213629794260157,NOT_EVALUATED_AFTER_GEOMETRY_FAIL,False,False,NOT_EVALUATED_AFTER_GEOMETRY_FAIL,False,PAYLOAD_VOLUME,,4.3307673725853615,,2370.950753123625,7
DOUBLE_0468,DOUBLE,O01->S008->S012->O01,S008->S012,"[""S008-MED-01"", ""S008-WAT-01"", ""S008-WAT-02""]",C,True,False,True,False,False,-6.213629794260157,NOT_EVALUATED_AFTER_GEOMETRY_FAIL,False,False,NOT_EVALUATED_AFTER_GEOMETRY_FAIL,False,TRANSPORT_ENERGY_RESERVE,,7.671757384768223,,2466.778007355396,7
DOUBLE_0469,DOUBLE,O01->S008->S012->O01,S008->S012,"[""S008-FOD-01"", ""S008-HYG-01"", ""S008-MED-01"", ""S008-WAT-01"", ""S008-WAT-02""]",B,True,False,False,False,False,-6.213629794260157,NOT_EVALUATED_AFTER_GEOMETRY_FAIL,False,False,NOT_EVALUATED_AFTER_GEOMETRY_FAIL,False,PAYLOAD_VOLUME,,4.343760061510787,,2490.950753123625,7
DOUBLE_0470,DOUBLE,O01->S008->S012->O01,S008->S012,"[""S008-FOD-01"", ""S008-HYG-01"", ""S008-MED-01"", ""S008-WAT-01"", ""S008-WAT-02""]",C,True,False,True,False,False,-6.213629794260157,NOT_EVALUATED_AFTER_GEOMETRY_FAIL,False,False,NOT_EVALUATED_AFTER_GEOMETRY_FAIL,False,TRANSPORT_ENERGY_RESERVE,,8.045713990851612,,2598.778007355396,7
DOUBLE_0471,DOUBLE,O01->S008->S012->O01,S008->S012,"[""S008-MED-01"", ""S008-WAT-01"", ""S012-MED-01""]",B,True,False,True,False,False,-6.213629794260157,NOT_EVALUATED_AFTER_GEOMETRY_FAIL,False,False,NOT_EVALUATED_AFTER_GEOMETRY_FAIL,False,TRANSPORT_ENERGY_RESERVE,,3.820324176573713,,2370.950753123625,7
DOUBLE_0472,DOUBLE,O01->S008->S012->O01,S008->S012,"[""S008-MED-01"", ""S008-WAT-01"", ""S012-MED-01""]",C,True,False,True,False,False,-6.213629794260157,NOT_EVALUATED_AFTER_GEOMETRY_FAIL,False,False,NOT_EVALUATED_AFTER_GEOMETRY_FAIL,False,TRANSPORT_ENERGY_RESERVE,,7.479467456617222,,2466.778007355396,7
DOUBLE_0473,DOUBLE,O01->S008->S012->O01,S008->S012,"[""S008-MED-01"", ""S008-WAT-01"", ""S012-MED-01"", ""S012-WAT-01""]",B,True,False,False,False,False,-6.213629794260157,NOT_EVALUATED_AFTER_GEOMETRY_FAIL,False,False,NOT_EVALUATED_AFTER_GEOMETRY_FAIL,False,PAYLOAD_VOLUME,,4.5859645719086926,,2430.950753123625,7
DOUBLE_0474,DOUBLE,O01->S008->S012->O01,S008->S012,"[""S008-MED-01"", ""S008-WAT-01"", ""S012-MED-01"", ""S012-WAT-01""]",C,True,False,True,False,False,-6.213629794260157,NOT_EVALUATED_AFTER_GEOMETRY_FAIL,False,False,NOT_EVALUATED_AFTER_GEOMETRY_FAIL,False,TRANSPORT_ENERGY_RESERVE,,7.877558645382329,,2532.778007355396,7
DOUBLE_0475,DOUBLE,O01->S008->S012->O01,S008->S012,"[""S008-FOD-01"", ""S008-HYG-01"", ""S008-MED-01"", ""S008-WAT-01"", ""S008-WAT-02"", ""S012-MED-01""]",B,True,False,False,False,False,-6.213629794260157,NOT_EVALUATED_AFTER_GEOMETRY_FAIL,False,False,NOT_EVALUATED_AFTER_GEOMETRY_FAIL,False,PAYLOAD_VOLUME,,4.362698766699031,,2550.950753123625,7
DOUBLE_0476,DOUBLE,O01->S008->S012->O01,S008->S012,"[""S008-FOD-01"", ""S008-HYG-01"", ""S008-MED-01"", ""S008-WAT-01"", ""S008-WAT-02"", ""S012-MED-01""]",C,True,False,True,False,False,-6.213629794260157,NOT_EVALUATED_AFTER_GEOMETRY_FAIL,False,False,NOT_EVALUATED_AFTER_GEOMETRY_FAIL,False,TRANSPORT_ENERGY_RESERVE,,8.158263528833324,,2664.778007355396,7
DOUBLE_0477,DOUBLE,O01->S008->S012->O01,S008->S012,"[""S008-FOD-01"", ""S008-HYG-01"", ""S008-MED-01"", ""S008-WAT-01"", ""S008-WAT-02"", ""S012-MED-01"", ""S012-WAT-01""]",B,True,False,False,False,False,-6.213629794260157,NOT_EVALUATED_AFTER_GEOMETRY_FAIL,False,False,NOT_EVALUATED_AFTER_GEOMETRY_FAIL,False,PAYLOAD_VOLUME,,4.611949949759543,,2610.950753123625,7
DOUBLE_0478,DOUBLE,O01->S008->S012->O01,S008->S012,"[""S008-FOD-01"", ""S008-HYG-01"", ""S008-MED-01"", ""S008-WAT-01"", ""S008-WAT-02"", ""S012-MED-01"", ""S012-WAT-01""]",C,True,False,True,False,False,-6.213629794260157,NOT_EVALUATED_AFTER_GEOMETRY_FAIL,False,False,NOT_EVALUATED_AFTER_GEOMETRY_FAIL,False,TRANSPORT_ENERGY_RESERVE,,8.915022619954108,,2730.778007355396,7
DOUBLE_0479,DOUBLE,O01->S008->S012->O01,S008->S012,"[""S008-MED-01"", ""S012-FOD-01"", ""S012-MED-01"", ""S012-WAT-01""]",B,True,False,False,False,False,-6.213629794260157,NOT_EVALUATED_AFTER_GEOMETRY_FAIL,False,False,NOT_EVALUATED_AFTER_GEOMETRY_FAIL,False,PAYLOAD_VOLUME,,4.7306187223360965,,2430.950753123625,7
DOUBLE_0480,DOUBLE,O01->S008->S012->O01,S008->S012,"[""S008-MED-01"", ""S012-FOD-01"", ""S012-MED-01"", ""S012-WAT-01""]",C,True,False,True,False,False,-6.213629794260157,NOT_EVALUATED_AFTER_GEOMETRY_FAIL,False,False,NOT_EVALUATED_AFTER_GEOMETRY_FAIL,False,TRANSPORT_ENERGY_RESERVE,,7.8646171216504,,2532.778007355396,7
DOUBLE_0481,DOUBLE,O01->S008->S012->O01,S008->S012,"[""S008-MED-01"", ""S008-WAT-01"", ""S012-FOD-01"", ""S012-MED-01"", ""S012-WAT-01""]",B,True,False,False,False,False,-6.213629794260157,NOT_EVALUATED_AFTER_GEOMETRY_FAIL,False,False,NOT_EVALUATED_AFTER_GEOMETRY_FAIL,False,PAYLOAD_VOLUME,,4.88283708286297,,2490.950753123625,7
DOUBLE_0482,DOUBLE,O01->S008->S012->O01,S008->S012,"[""S008-MED-01"", ""S008-WAT-01"", ""S012-FOD-01"", ""S012-MED-01"", ""S012-WAT-01""]",C,True,False,True,False,False,-6.213629794260157,NOT_EVALUATED_AFTER_GEOMETRY_FAIL,False,False,NOT_EVALUATED_AFTER_GEOMETRY_FAIL,False,TRANSPORT_ENERGY_RESERVE,,8.207248862362306,,2598.778007355396,7
DOUBLE_0483,DOUBLE,O01->S008->S012->O01,S008->S012,"[""S008-FOD-01"", ""S008-HYG-01"", ""S008-MED-01"", ""S008-WAT-01"", ""S008-WAT-02"", ""S012-FOD-01"", ""S012-MED-01"", ""S012-WAT-01""]",B,True,False,False,False,False,-6.213629794260157,NOT_EVALUATED_AFTER_GEOMETRY_FAIL,False,False,NOT_EVALUATED_AFTER_GEOMETRY_FAIL,False,PAYLOAD_VOLUME,,4.90882246071382,,2670.950753123625,7
DOUBLE_0484,DOUBLE,O01->S008->S012->O01,S008->S012,"[""S008-FOD-01"", ""S008-HYG-01"", ""S008-MED-01"", ""S008-WAT-01"", ""S008-WAT-02"", ""S012-FOD-01"", ""S012-MED-01"", ""S012-WAT-01""]",C,True,False,True,False,False,-6.213629794260157,NOT_EVALUATED_AFTER_GEOMETRY_FAIL,False,False,NOT_EVALUATED_AFTER_GEOMETRY_FAIL,False,TRANSPORT_ENERGY_RESERVE,,9.556801775654815,,2796.778007355396,7
DOUBLE_0485,DOUBLE,O01->S013->S008->O01,S013->S008,"[""S008-MED-01""]",B,True,True,True,True,False,-6.213629794260157,NOT_EVALUATED_AFTER_GEOMETRY_FAIL,False,False,NOT_EVALUATED_AFTER_GEOMETRY_FAIL,False,COMMUNICATION_GEOMETRY,,3.1321458111567977,,2060.682213563506,7
DOUBLE_0486,DOUBLE,O01->S013->S008->O01,S013->S008,"[""S008-MED-01""]",C,True,False,True,False,False,-6.213629794260157,NOT_EVALUATED_AFTER_GEOMETRY_FAIL,False,False,NOT_EVALUATED_AFTER_GEOMETRY_FAIL,False,TRANSPORT_ENERGY_RESERVE,,6.59487518908401,,2134.7095908828423,7
DOUBLE_0487,DOUBLE,O01->S013->S008->O01,S013->S008,"[""S008-MED-01"", ""S008-WAT-01""]",B,True,False,True,False,False,-6.213629794260157,NOT_EVALUATED_AFTER_GEOMETRY_FAIL,False,False,NOT_EVALUATED_AFTER_GEOMETRY_FAIL,False,TRANSPORT_ENERGY_RESERVE,,3.535655661173209,,2120.682213563506,7
DOUBLE_0488,DOUBLE,O01->S013->S008->O01,S013->S008,"[""S008-MED-01"", ""S008-WAT-01""]",C,True,False,True,False,False,-6.213629794260157,NOT_EVALUATED_AFTER_GEOMETRY_FAIL,False,False,NOT_EVALUATED_AFTER_GEOMETRY_FAIL,False,TRANSPORT_ENERGY_RESERVE,,6.816712673813575,,2200.7095908828423,7
DOUBLE_0489,DOUBLE,O01->S013->S008->O01,S013->S008,"[""S008-MED-01"", ""S008-WAT-01"", ""S008-WAT-02""]",B,True,False,False,False,False,-6.213629794260157,NOT_EVALUATED_AFTER_GEOMETRY_FAIL,False,False,NOT_EVALUATED_AFTER_GEOMETRY_FAIL,False,PAYLOAD_VOLUME,,4.522577697110874,,2180.682213563506,7
DOUBLE_0490,DOUBLE,O01->S013->S008->O01,S013->S008,"[""S008-MED-01"", ""S008-WAT-01"", ""S008-WAT-02""]",C,True,False,True,False,False,-6.213629794260157,NOT_EVALUATED_AFTER_GEOMETRY_FAIL,False,False,NOT_EVALUATED_AFTER_GEOMETRY_FAIL,False,TRANSPORT_ENERGY_RESERVE,,7.204737999397826,,2266.7095908828423,7
DOUBLE_0491,DOUBLE,O01->S013->S008->O01,S013->S008,"[""S008-FOD-01"", ""S008-HYG-01"", ""S008-MED-01"", ""S008-WAT-01"", ""S008-WAT-02""]",B,True,False,False,False,False,-6.213629794260157,NOT_EVALUATED_AFTER_GEOMETRY_FAIL,False,False,NOT_EVALUATED_AFTER_GEOMETRY_FAIL,False,PAYLOAD_VOLUME,,4.538799656335999,,2300.682213563506,7
DOUBLE_0492,DOUBLE,O01->S013->S008->O01,S013->S008,"[""S008-FOD-01"", ""S008-HYG-01"", ""S008-MED-01"", ""S008-WAT-01"", ""S008-WAT-02""]",C,True,False,True,False,False,-6.213629794260157,NOT_EVALUATED_AFTER_GEOMETRY_FAIL,False,False,NOT_EVALUATED_AFTER_GEOMETRY_FAIL,False,TRANSPORT_ENERGY_RESERVE,,7.795641481196999,,2398.709590882842,7
DOUBLE_0493,DOUBLE,O01->S013->S008->O01,S013->S008,"[""S008-MED-01"", ""S008-WAT-01"", ""S013-MED-01""]",B,True,False,True,False,False,-6.213629794260157,NOT_EVALUATED_AFTER_GEOMETRY_FAIL,False,False,NOT_EVALUATED_AFTER_GEOMETRY_FAIL,False,TRANSPORT_ENERGY_RESERVE,,3.5945364465625547,,2180.682213563506,7
DOUBLE_0494,DOUBLE,O01->S013->S008->O01,S013->S008,"[""S008-MED-01"", ""S008-WAT-01"", ""S013-MED-01""]",C,True,False,True,False,False,-6.213629794260157,NOT_EVALUATED_AFTER_GEOMETRY_FAIL,False,False,NOT_EVALUATED_AFTER_GEOMETRY_FAIL,False,TRANSPORT_ENERGY_RESERVE,,6.844385405263168,,2266.7095908828423,7
DOUBLE_0495,DOUBLE,O01->S013->S008->O01,S013->S008,"[""S008-MED-01"", ""S008-WAT-01"", ""S013-MED-01"", ""S013-WAT-01""]",B,True,False,False,False,False,-6.213629794260157,NOT_EVALUATED_AFTER_GEOMETRY_FAIL,False,False,NOT_EVALUATED_AFTER_GEOMETRY_FAIL,False,PAYLOAD_VOLUME,,3.917688367264161,,2240.682213563506,7
DOUBLE_0496,DOUBLE,O01->S013->S008->O01,S013->S008,"[""S008-MED-01"", ""S008-WAT-01"", ""S013-MED-01"", ""S013-WAT-01""]",C,True,False,True,False,False,-6.213629794260157,NOT_EVALUATED_AFTER_GEOMETRY_FAIL,False,False,NOT_EVALUATED_AFTER_GEOMETRY_FAIL,False,TRANSPORT_ENERGY_RESERVE,,7.012722060579176,,2332.709590882842,7
DOUBLE_0497,DOUBLE,O01->S013->S008->O01,S013->S008,"[""S008-FOD-01"", ""S008-HYG-01"", ""S008-MED-01"", ""S008-WAT-01"", ""S008-WAT-02"", ""S013-MED-01""]",B,True,False,False,False,False,-6.213629794260157,NOT_EVALUATED_AFTER_GEOMETRY_FAIL,False,False,NOT_EVALUATED_AFTER_GEOMETRY_FAIL,False,PAYLOAD_VOLUME,,4.541882106209606,,2360.682213563506,7
DOUBLE_0498,DOUBLE,O01->S013->S008->O01,S013->S008,"[""S008-FOD-01"", ""S008-HYG-01"", ""S008-MED-01"", ""S008-WAT-01"", ""S008-WAT-02"", ""S013-MED-01""]",C,True,False,True,False,False,-6.213629794260157,NOT_EVALUATED_AFTER_GEOMETRY_FAIL,False,False,NOT_EVALUATED_AFTER_GEOMETRY_FAIL,False,TRANSPORT_ENERGY_RESERVE,,7.858181538009846,,2464.709590882842,7
DOUBLE_0499,DOUBLE,O01->S013->S008->O01,S013->S008,"[""S008-FOD-01"", ""S008-HYG-01"", ""S008-MED-01"", ""S008-WAT-01"", ""S008-WAT-02"", ""S013-MED-01"", ""S013-WAT-01""]",B,True,False,False,False,False,-6.213629794260157,NOT_EVALUATED_AFTER_GEOMETRY_FAIL,False,False,NOT_EVALUATED_AFTER_GEOMETRY_FAIL,False,PAYLOAD_VOLUME,,4.556266872286435,,2420.682213563506,7
DOUBLE_0500,DOUBLE,O01->S013->S008->O01,S013->S008,"[""S008-FOD-01"", ""S008-HYG-01"", ""S008-MED-01"", ""S008-WAT-01"", ""S008-WAT-02"", ""S013-MED-01"", ""S013-WAT-01""]",C,True,False,True,False,False,-6.213629794260157,NOT_EVALUATED_AFTER_GEOMETRY_FAIL,False,False,NOT_EVALUATED_AFTER_GEOMETRY_FAIL,False,TRANSPORT_ENERGY_RESERVE,,8.240978265366895,,2530.709590882842,7
DOUBLE_0501,DOUBLE,O01->S013->S008->O01,S013->S008,"[""S008-MED-01"", ""S013-FOD-01"", ""S013-MED-01"", ""S013-WAT-01""]",B,True,False,False,False,False,-6.213629794260157,NOT_EVALUATED_AFTER_GEOMETRY_FAIL,False,False,NOT_EVALUATED_AFTER_GEOMETRY_FAIL,False,PAYLOAD_VOLUME,,3.5846040678730677,,2240.682213563506,7
DOUBLE_0502,DOUBLE,O01->S013->S008->O01,S013->S008,"[""S008-MED-01"", ""S013-FOD-01"", ""S013-MED-01"", ""S013-WAT-01""]",C,True,False,True,False,False,-6.213629794260157,NOT_EVALUATED_AFTER_GEOMETRY_FAIL,False,False,NOT_EVALUATED_AFTER_GEOMETRY_FAIL,False,TRANSPORT_ENERGY_RESERVE,,6.801931344414348,,2332.709590882842,7
DOUBLE_0503,DOUBLE,O01->S013->S008->O01,S013->S008,"[""S008-MED-01"", ""S008-WAT-01"", ""S013-FOD-01"", ""S013-MED-01"", ""S013-WAT-01""]",B,True,False,False,False,False,-6.213629794260157,NOT_EVALUATED_AFTER_GEOMETRY_FAIL,False,False,NOT_EVALUATED_AFTER_GEOMETRY_FAIL,False,PAYLOAD_VOLUME,,3.925908233593778,,2300.682213563506,7
DOUBLE_0504,DOUBLE,O01->S013->S008->O01,S013->S008,"[""S008-MED-01"", ""S008-WAT-01"", ""S013-FOD-01"", ""S013-MED-01"", ""S013-WAT-01""]",C,True,False,True,False,False,-6.213629794260157,NOT_EVALUATED_AFTER_GEOMETRY_FAIL,False,False,NOT_EVALUATED_AFTER_GEOMETRY_FAIL,False,TRANSPORT_ENERGY_RESERVE,,7.143648585663314,,2398.7095908828423,7
DOUBLE_0505,DOUBLE,O01->S013->S008->O01,S013->S008,"[""S008-FOD-01"", ""S008-HYG-01"", ""S008-MED-01"", ""S008-WAT-01"", ""S008-WAT-02"", ""S013-FOD-01"", ""S013-MED-01"", ""S013-WAT-01""]",B,True,False,False,False,False,-6.213629794260157,NOT_EVALUATED_AFTER_GEOMETRY_FAIL,False,False,NOT_EVALUATED_AFTER_GEOMETRY_FAIL,False,PAYLOAD_VOLUME,,4.564486738616052,,2480.682213563506,7
DOUBLE_0506,DOUBLE,O01->S013->S008->O01,S013->S008,"[""S008-FOD-01"", ""S008-HYG-01"", ""S008-MED-01"", ""S008-WAT-01"", ""S008-WAT-02"", ""S013-FOD-01"", ""S013-MED-01"", ""S013-WAT-01""]",C,True,False,True,False,False,-6.213629794260157,NOT_EVALUATED_AFTER_GEOMETRY_FAIL,False,False,NOT_EVALUATED_AFTER_GEOMETRY_FAIL,False,TRANSPORT_ENERGY_RESERVE,,8.558513672488344,,2596.709590882842,7
DOUBLE_0507,DOUBLE,O01->S008->S013->O01,S008->S013,"[""S008-MED-01""]",B,True,True,True,True,False,-6.213629794260157,NOT_EVALUATED_AFTER_GEOMETRY_FAIL,False,False,NOT_EVALUATED_AFTER_GEOMETRY_FAIL,False,COMMUNICATION_GEOMETRY,,3.1217475723692507,,2060.550405655076,7
DOUBLE_0508,DOUBLE,O01->S008->S013->O01,S008->S013,"[""S008-MED-01""]",C,True,False,True,False,False,-6.213629794260157,NOT_EVALUATED_AFTER_GEOMETRY_FAIL,False,False,NOT_EVALUATED_AFTER_GEOMETRY_FAIL,False,TRANSPORT_ENERGY_RESERVE,,6.587775300771212,,2134.577782974411,7
DOUBLE_0509,DOUBLE,O01->S008->S013->O01,S008->S013,"[""S008-MED-01"", ""S008-WAT-01""]",B,True,False,True,False,False,-6.213629794260157,NOT_EVALUATED_AFTER_GEOMETRY_FAIL,False,False,NOT_EVALUATED_AFTER_GEOMETRY_FAIL,False,TRANSPORT_ENERGY_RESERVE,,3.3780001341747115,,2120.550405655076,7
DOUBLE_0510,DOUBLE,O01->S008->S013->O01,S008->S013,"[""S008-MED-01"", ""S008-WAT-01""]",C,True,False,True,False,False,-6.213629794260157,NOT_EVALUATED_AFTER_GEOMETRY_FAIL,False,False,NOT_EVALUATED_AFTER_GEOMETRY_FAIL,False,TRANSPORT_ENERGY_RESERVE,,6.729917410026246,,2200.577782974411,7
DOUBLE_0511,DOUBLE,O01->S008->S013->O01,S008->S013,"[""S008-MED-01"", ""S008-WAT-01"", ""S008-WAT-02""]",B,True,False,False,False,False,-6.213629794260157,NOT_EVALUATED_AFTER_GEOMETRY_FAIL,False,False,NOT_EVALUATED_AFTER_GEOMETRY_FAIL,False,PAYLOAD_VOLUME,,4.000700440819039,,2180.550405655076,7
DOUBLE_0512,DOUBLE,O01->S008->S013->O01,S008->S013,"[""S008-MED-01"", ""S008-WAT-01"", ""S008-WAT-02""]",C,True,False,True,False,False,-6.213629794260157,NOT_EVALUATED_AFTER_GEOMETRY_FAIL,False,False,NOT_EVALUATED_AFTER_GEOMETRY_FAIL,False,TRANSPORT_ENERGY_RESERVE,,6.976443968167408,,2266.577782974411,7
DOUBLE_0513,DOUBLE,O01->S008->S013->O01,S008->S013,"[""S008-FOD-01"", ""S008-HYG-01"", ""S008-MED-01"", ""S008-WAT-01"", ""S008-WAT-02""]",B,True,False,False,False,False,-6.213629794260157,NOT_EVALUATED_AFTER_GEOMETRY_FAIL,False,False,NOT_EVALUATED_AFTER_GEOMETRY_FAIL,False,PAYLOAD_VOLUME,,4.013693129744465,,2300.550405655076,7
DOUBLE_0514,DOUBLE,O01->S008->S013->O01,S008->S013,"[""S008-FOD-01"", ""S008-HYG-01"", ""S008-MED-01"", ""S008-WAT-01"", ""S008-WAT-02""]",C,True,False,True,False,False,-6.213629794260157,NOT_EVALUATED_AFTER_GEOMETRY_FAIL,False,False,NOT_EVALUATED_AFTER_GEOMETRY_FAIL,False,TRANSPORT_ENERGY_RESERVE,,7.350400574250798,,2398.577782974411,7
DOUBLE_0515,DOUBLE,O01->S008->S013->O01,S008->S013,"[""S008-MED-01"", ""S008-WAT-01"", ""S013-MED-01""]",B,True,False,True,False,False,-6.213629794260157,NOT_EVALUATED_AFTER_GEOMETRY_FAIL,False,False,NOT_EVALUATED_AFTER_GEOMETRY_FAIL,False,TRANSPORT_ENERGY_RESERVE,,3.491233945051778,,2180.550405655076,7
DOUBLE_0516,DOUBLE,O01->S008->S013->O01,S008->S013,"[""S008-MED-01"", ""S008-WAT-01"", ""S013-MED-01""]",C,True,False,True,False,False,-6.213629794260157,NOT_EVALUATED_AFTER_GEOMETRY_FAIL,False,False,NOT_EVALUATED_AFTER_GEOMETRY_FAIL,False,TRANSPORT_ENERGY_RESERVE,,6.78487397599851,,2266.577782974411,7
DOUBLE_0517,DOUBLE,O01->S008->S013->O01,S008->S013,"[""S008-MED-01"", ""S008-WAT-01"", ""S013-MED-01"", ""S013-WAT-01""]",B,True,False,False,False,False,-6.213629794260157,NOT_EVALUATED_AFTER_GEOMETRY_FAIL,False,False,NOT_EVALUATED_AFTER_GEOMETRY_FAIL,False,PAYLOAD_VOLUME,,4.268520454599828,,2240.550405655076,7
DOUBLE_0518,DOUBLE,O01->S008->S013->O01,S008->S013,"[""S008-MED-01"", ""S008-WAT-01"", ""S013-MED-01"", ""S013-WAT-01""]",C,True,False,True,False,False,-6.213629794260157,NOT_EVALUATED_AFTER_GEOMETRY_FAIL,False,False,NOT_EVALUATED_AFTER_GEOMETRY_FAIL,False,TRANSPORT_ENERGY_RESERVE,,7.189824774526495,,2332.577782974411,7
DOUBLE_0519,DOUBLE,O01->S008->S013->O01,S008->S013,"[""S008-FOD-01"", ""S008-HYG-01"", ""S008-MED-01"", ""S008-WAT-01"", ""S008-WAT-02"", ""S013-MED-01""]",B,True,False,False,False,False,-6.213629794260157,NOT_EVALUATED_AFTER_GEOMETRY_FAIL,False,False,NOT_EVALUATED_AFTER_GEOMETRY_FAIL,False,PAYLOAD_VOLUME,,4.033608535177096,,2360.550405655076,7
DOUBLE_0520,DOUBLE,O01->S008->S013->O01,S008->S013,"[""S008-FOD-01"", ""S008-HYG-01"", ""S008-MED-01"", ""S008-WAT-01"", ""S008-WAT-02"", ""S013-MED-01""]",C,True,False,True,False,False,-6.213629794260157,NOT_EVALUATED_AFTER_GEOMETRY_FAIL,False,False,NOT_EVALUATED_AFTER_GEOMETRY_FAIL,False,TRANSPORT_ENERGY_RESERVE,,7.463670048214611,,2464.577782974411,7
DOUBLE_0521,DOUBLE,O01->S008->S013->O01,S008->S013,"[""S008-FOD-01"", ""S008-HYG-01"", ""S008-MED-01"", ""S008-WAT-01"", ""S008-WAT-02"", ""S013-MED-01"", ""S013-WAT-01""]",B,True,False,False,False,False,-6.213629794260157,NOT_EVALUATED_AFTER_GEOMETRY_FAIL,False,False,NOT_EVALUATED_AFTER_GEOMETRY_FAIL,False,PAYLOAD_VOLUME,,4.294505832450677,,2420.550405655076,7
DOUBLE_0522,DOUBLE,O01->S008->S013->O01,S008->S013,"[""S008-FOD-01"", ""S008-HYG-01"", ""S008-MED-01"", ""S008-WAT-01"", ""S008-WAT-02"", ""S013-MED-01"", ""S013-WAT-01""]",C,True,False,True,False,False,-6.213629794260157,NOT_EVALUATED_AFTER_GEOMETRY_FAIL,False,False,NOT_EVALUATED_AFTER_GEOMETRY_FAIL,False,TRANSPORT_ENERGY_RESERVE,,8.227288749098273,,2530.577782974411,7
DOUBLE_0523,DOUBLE,O01->S008->S013->O01,S008->S013,"[""S008-MED-01"", ""S013-FOD-01"", ""S013-MED-01"", ""S013-WAT-01""]",B,True,False,False,False,False,-6.213629794260157,NOT_EVALUATED_AFTER_GEOMETRY_FAIL,False,False,NOT_EVALUATED_AFTER_GEOMETRY_FAIL,False,PAYLOAD_VOLUME,,4.42663451163428,,2240.550405655076,7
DOUBLE_0524,DOUBLE,O01->S008->S013->O01,S008->S013,"[""S008-MED-01"", ""S013-FOD-01"", ""S013-MED-01"", ""S013-WAT-01""]",C,True,False,True,False,False,-6.213629794260157,NOT_EVALUATED_AFTER_GEOMETRY_FAIL,False,False,NOT_EVALUATED_AFTER_GEOMETRY_FAIL,False,TRANSPORT_ENERGY_RESERVE,,7.182746987682193,,2332.577782974411,7
DOUBLE_0525,DOUBLE,O01->S008->S013->O01,S008->S013,"[""S008-MED-01"", ""S008-WAT-01"", ""S013-FOD-01"", ""S013-MED-01"", ""S013-WAT-01""]",B,True,False,False,False,False,-6.213629794260157,NOT_EVALUATED_AFTER_GEOMETRY_FAIL,False,False,NOT_EVALUATED_AFTER_GEOMETRY_FAIL,False,PAYLOAD_VOLUME,,4.578852872161153,,2300.550405655076,7
DOUBLE_0526,DOUBLE,O01->S008->S013->O01,S008->S013,"[""S008-MED-01"", ""S008-WAT-01"", ""S013-FOD-01"", ""S013-MED-01"", ""S013-WAT-01""]",C,True,False,True,False,False,-6.213629794260157,NOT_EVALUATED_AFTER_GEOMETRY_FAIL,False,False,NOT_EVALUATED_AFTER_GEOMETRY_FAIL,False,TRANSPORT_ENERGY_RESERVE,,7.525378728394099,,2398.577782974411,7
DOUBLE_0527,DOUBLE,O01->S008->S013->O01,S008->S013,"[""S008-FOD-01"", ""S008-HYG-01"", ""S008-MED-01"", ""S008-WAT-01"", ""S008-WAT-02"", ""S013-FOD-01"", ""S013-MED-01"", ""S013-WAT-01""]",B,True,False,False,False,False,-6.213629794260157,NOT_EVALUATED_AFTER_GEOMETRY_FAIL,False,False,NOT_EVALUATED_AFTER_GEOMETRY_FAIL,False,PAYLOAD_VOLUME,,4.604838250012003,,2480.550405655076,7
DOUBLE_0528,DOUBLE,O01->S008->S013->O01,S008->S013,"[""S008-FOD-01"", ""S008-HYG-01"", ""S008-MED-01"", ""S008-WAT-01"", ""S008-WAT-02"", ""S013-FOD-01"", ""S013-MED-01"", ""S013-WAT-01""]",C,True,False,True,False,False,-6.213629794260157,NOT_EVALUATED_AFTER_GEOMETRY_FAIL,False,False,NOT_EVALUATED_AFTER_GEOMETRY_FAIL,False,TRANSPORT_ENERGY_RESERVE,,8.874931641686606,,2596.577782974411,7
DOUBLE_0573,DOUBLE,O01->S015->S008->O01,S015->S008,"[""S008-MED-01""]",B,True,True,True,True,False,-6.213629794260157,NOT_EVALUATED_AFTER_GEOMETRY_FAIL,False,False,NOT_EVALUATED_AFTER_GEOMETRY_FAIL,False,COMMUNICATION_GEOMETRY,,2.8007370761503134,,2138.0137430226714,7
DOUBLE_0574,DOUBLE,O01->S015->S008->O01,S015->S008,"[""S008-MED-01""]",C,True,True,True,True,False,-6.213629794260157,NOT_EVALUATED_AFTER_GEOMETRY_FAIL,False,False,NOT_EVALUATED_AFTER_GEOMETRY_FAIL,False,COMMUNICATION_GEOMETRY,,5.78589167159037,,2274.356995586148,7
DOUBLE_0575,DOUBLE,O01->S015->S008->O01,S015->S008,"[""S008-MED-01"", ""S008-WAT-01""]",B,True,True,True,True,False,-6.213629794260157,NOT_EVALUATED_AFTER_GEOMETRY_FAIL,False,False,NOT_EVALUATED_AFTER_GEOMETRY_FAIL,False,COMMUNICATION_GEOMETRY,,3.1354820112918778,,2198.013743022672,7
DOUBLE_0576,DOUBLE,O01->S015->S008->O01,S015->S008,"[""S008-MED-01"", ""S008-WAT-01""]",C,True,True,True,True,False,-6.213629794260157,NOT_EVALUATED_AFTER_GEOMETRY_FAIL,False,False,NOT_EVALUATED_AFTER_GEOMETRY_FAIL,False,COMMUNICATION_GEOMETRY,,5.980514320167524,,2340.356995586148,7
DOUBLE_0577,DOUBLE,O01->S015->S008->O01,S015->S008,"[""S008-MED-01"", ""S008-WAT-01"", ""S008-WAT-02""]",B,True,False,False,False,False,-6.213629794260157,NOT_EVALUATED_AFTER_GEOMETRY_FAIL,False,False,NOT_EVALUATED_AFTER_GEOMETRY_FAIL,False,PAYLOAD_VOLUME,,3.9202075990866496,,2258.013743022672,7
DOUBLE_0578,DOUBLE,O01->S015->S008->O01,S015->S008,"[""S008-MED-01"", ""S008-WAT-01"", ""S008-WAT-02""]",C,True,True,True,True,False,-6.213629794260157,NOT_EVALUATED_AFTER_GEOMETRY_FAIL,False,False,NOT_EVALUATED_AFTER_GEOMETRY_FAIL,False,COMMUNICATION_GEOMETRY,,6.30331617873621,,2406.356995586148,7
DOUBLE_0579,DOUBLE,O01->S015->S008->O01,S015->S008,"[""S008-FOD-01"", ""S008-HYG-01"", ""S008-MED-01"", ""S008-WAT-01"", ""S008-WAT-02""]",B,True,False,False,False,False,-6.213629794260157,NOT_EVALUATED_AFTER_GEOMETRY_FAIL,False,False,NOT_EVALUATED_AFTER_GEOMETRY_FAIL,False,PAYLOAD_VOLUME,,3.956240813649807,,2378.013743022672,7
DOUBLE_0580,DOUBLE,O01->S015->S008->O01,S015->S008,"[""S008-FOD-01"", ""S008-HYG-01"", ""S008-MED-01"", ""S008-WAT-01"", ""S008-WAT-02""]",C,True,False,True,False,False,-6.213629794260157,NOT_EVALUATED_AFTER_GEOMETRY_FAIL,False,False,NOT_EVALUATED_AFTER_GEOMETRY_FAIL,False,TRANSPORT_ENERGY_RESERVE,,6.782596162626385,,2538.356995586148,7
DOUBLE_0581,DOUBLE,O01->S015->S008->O01,S015->S008,"[""S008-MED-01"", ""S008-WAT-01"", ""S015-MED-01""]",B,True,False,True,False,False,-6.213629794260157,NOT_EVALUATED_AFTER_GEOMETRY_FAIL,False,False,NOT_EVALUATED_AFTER_GEOMETRY_FAIL,False,TRANSPORT_ENERGY_RESERVE,,3.209791882499778,,2258.013743022672,7
DOUBLE_0582,DOUBLE,O01->S015->S008->O01,S015->S008,"[""S008-MED-01"", ""S008-WAT-01"", ""S015-MED-01""]",C,True,True,True,True,False,-6.213629794260157,NOT_EVALUATED_AFTER_GEOMETRY_FAIL,False,False,NOT_EVALUATED_AFTER_GEOMETRY_FAIL,False,COMMUNICATION_GEOMETRY,,6.0160828261229256,,2406.356995586148,7
DOUBLE_0583,DOUBLE,O01->S015->S008->O01,S015->S008,"[""S008-MED-01"", ""S008-WAT-01"", ""S015-MED-01"", ""S015-WAT-01""]",B,True,False,False,False,False,-6.213629794260157,NOT_EVALUATED_AFTER_GEOMETRY_FAIL,False,False,NOT_EVALUATED_AFTER_GEOMETRY_FAIL,False,PAYLOAD_VOLUME,,3.616623424879061,,2318.013743022672,7
DOUBLE_0584,DOUBLE,O01->S015->S008->O01,S015->S008,"[""S008-MED-01"", ""S008-WAT-01"", ""S015-MED-01"", ""S015-WAT-01""]",C,True,True,True,True,False,-6.213629794260157,NOT_EVALUATED_AFTER_GEOMETRY_FAIL,False,False,NOT_EVALUATED_AFTER_GEOMETRY_FAIL,False,COMMUNICATION_GEOMETRY,,6.230728250311542,,2472.356995586148,7
DOUBLE_0585,DOUBLE,O01->S015->S008->O01,S015->S008,"[""S008-FOD-01"", ""S008-HYG-01"", ""S008-MED-01"", ""S008-WAT-01"", ""S008-WAT-02"", ""S015-MED-01""]",B,True,False,False,False,False,-6.213629794260157,NOT_EVALUATED_AFTER_GEOMETRY_FAIL,False,False,NOT_EVALUATED_AFTER_GEOMETRY_FAIL,False,PAYLOAD_VOLUME,,3.961283190611833,,2438.013743022672,7
DOUBLE_0586,DOUBLE,O01->S015->S008->O01,S015->S008,"[""S008-FOD-01"", ""S008-HYG-01"", ""S008-MED-01"", ""S008-WAT-01"", ""S008-WAT-02"", ""S015-MED-01""]",C,True,False,True,False,False,-6.213629794260157,NOT_EVALUATED_AFTER_GEOMETRY_FAIL,False,False,NOT_EVALUATED_AFTER_GEOMETRY_FAIL,False,TRANSPORT_ENERGY_RESERVE,,6.861448616689646,,2604.356995586148,7
DOUBLE_0587,DOUBLE,O01->S015->S008->O01,S015->S008,"[""S008-FOD-01"", ""S008-HYG-01"", ""S008-MED-01"", ""S008-WAT-01"", ""S008-WAT-02"", ""S015-MED-01"", ""S015-WAT-01""]",B,True,False,False,False,False,-6.213629794260157,NOT_EVALUATED_AFTER_GEOMETRY_FAIL,False,False,NOT_EVALUATED_AFTER_GEOMETRY_FAIL,False,PAYLOAD_VOLUME,,3.984814283101288,,2498.013743022672,7
DOUBLE_0588,DOUBLE,O01->S015->S008->O01,S015->S008,"[""S008-FOD-01"", ""S008-HYG-01"", ""S008-MED-01"", ""S008-WAT-01"", ""S008-WAT-02"", ""S015-MED-01"", ""S015-WAT-01""]",C,True,False,True,False,False,-6.213629794260157,NOT_EVALUATED_AFTER_GEOMETRY_FAIL,False,False,NOT_EVALUATED_AFTER_GEOMETRY_FAIL,False,TRANSPORT_ENERGY_RESERVE,,7.342322624020894,,2670.356995586148,7
DOUBLE_0589,DOUBLE,O01->S015->S008->O01,S015->S008,"[""S008-MED-01"", ""S015-FOD-01"", ""S015-MED-01"", ""S015-WAT-01""]",B,True,False,False,False,False,-6.213629794260157,NOT_EVALUATED_AFTER_GEOMETRY_FAIL,False,False,NOT_EVALUATED_AFTER_GEOMETRY_FAIL,False,PAYLOAD_VOLUME,,3.372546341080778,,2318.013743022672,7
DOUBLE_0590,DOUBLE,O01->S015->S008->O01,S015->S008,"[""S008-MED-01"", ""S015-FOD-01"", ""S015-MED-01"", ""S015-WAT-01""]",C,True,True,True,True,False,-6.213629794260157,NOT_EVALUATED_AFTER_GEOMETRY_FAIL,False,False,NOT_EVALUATED_AFTER_GEOMETRY_FAIL,False,COMMUNICATION_GEOMETRY,,6.053061228390466,,2472.356995586148,7
DOUBLE_0591,DOUBLE,O01->S015->S008->O01,S015->S008,"[""S008-MED-01"", ""S008-WAT-01"", ""S015-FOD-01"", ""S015-MED-01"", ""S015-WAT-01""]",B,True,False,False,False,False,-6.213629794260157,NOT_EVALUATED_AFTER_GEOMETRY_FAIL,False,False,NOT_EVALUATED_AFTER_GEOMETRY_FAIL,False,PAYLOAD_VOLUME,,3.630069763444464,,2378.013743022672,7
DOUBLE_0592,DOUBLE,O01->S015->S008->O01,S015->S008,"[""S008-MED-01"", ""S008-WAT-01"", ""S015-FOD-01"", ""S015-MED-01"", ""S015-WAT-01""]",C,True,True,True,True,False,-6.213629794260157,NOT_EVALUATED_AFTER_GEOMETRY_FAIL,False,False,NOT_EVALUATED_AFTER_GEOMETRY_FAIL,False,COMMUNICATION_GEOMETRY,,6.396501404733515,,2538.356995586148,7
DOUBLE_0593,DOUBLE,O01->S015->S008->O01,S015->S008,"[""S008-FOD-01"", ""S008-HYG-01"", ""S008-MED-01"", ""S008-WAT-01"", ""S008-WAT-02"", ""S015-FOD-01"", ""S015-MED-01"", ""S015-WAT-01""]",B,True,False,False,False,False,-6.213629794260157,NOT_EVALUATED_AFTER_GEOMETRY_FAIL,False,False,NOT_EVALUATED_AFTER_GEOMETRY_FAIL,False,PAYLOAD_VOLUME,,3.99826062166669,,2558.013743022672,7
DOUBLE_0594,DOUBLE,O01->S015->S008->O01,S015->S008,"[""S008-FOD-01"", ""S008-HYG-01"", ""S008-MED-01"", ""S008-WAT-01"", ""S008-WAT-02"", ""S015-FOD-01"", ""S015-MED-01"", ""S015-WAT-01""]",C,True,False,True,False,False,-6.213629794260157,NOT_EVALUATED_AFTER_GEOMETRY_FAIL,False,False,NOT_EVALUATED_AFTER_GEOMETRY_FAIL,False,TRANSPORT_ENERGY_RESERVE,,7.7397501735655005,,2736.356995586148,7
DOUBLE_0595,DOUBLE,O01->S008->S015->O01,S008->S015,"[""S008-MED-01""]",B,True,True,True,True,False,-6.213629794260157,NOT_EVALUATED_AFTER_GEOMETRY_FAIL,False,False,NOT_EVALUATED_AFTER_GEOMETRY_FAIL,False,COMMUNICATION_GEOMETRY,,2.792056516884522,,2137.9600442706824,7
DOUBLE_0596,DOUBLE,O01->S008->S015->O01,S008->S015,"[""S008-MED-01""]",C,True,True,True,True,False,-6.213629794260157,NOT_EVALUATED_AFTER_GEOMETRY_FAIL,False,False,NOT_EVALUATED_AFTER_GEOMETRY_FAIL,False,COMMUNICATION_GEOMETRY,,5.778473703301085,,2274.3032968341586,7
DOUBLE_0597,DOUBLE,O01->S008->S015->O01,S008->S015,"[""S008-MED-01"", ""S008-WAT-01""]",B,True,True,True,True,False,-6.213629794260157,NOT_EVALUATED_AFTER_GEOMETRY_FAIL,False,False,NOT_EVALUATED_AFTER_GEOMETRY_FAIL,False,COMMUNICATION_GEOMETRY,,3.0483090786899827,,2197.9600442706824,7
DOUBLE_0598,DOUBLE,O01->S008->S015->O01,S008->S015,"[""S008-MED-01"", ""S008-WAT-01""]",C,True,True,True,True,False,-6.213629794260157,NOT_EVALUATED_AFTER_GEOMETRY_FAIL,False,False,NOT_EVALUATED_AFTER_GEOMETRY_FAIL,False,COMMUNICATION_GEOMETRY,,5.92061581255612,,2340.3032968341586,7
DOUBLE_0599,DOUBLE,O01->S008->S015->O01,S008->S015,"[""S008-MED-01"", ""S008-WAT-01"", ""S008-WAT-02""]",B,True,False,False,False,False,-6.213629794260157,NOT_EVALUATED_AFTER_GEOMETRY_FAIL,False,False,NOT_EVALUATED_AFTER_GEOMETRY_FAIL,False,PAYLOAD_VOLUME,,3.671009385334311,,2257.9600442706824,7
DOUBLE_0600,DOUBLE,O01->S008->S015->O01,S008->S015,"[""S008-MED-01"", ""S008-WAT-01"", ""S008-WAT-02""]",C,True,True,True,True,False,-6.213629794260157,NOT_EVALUATED_AFTER_GEOMETRY_FAIL,False,False,NOT_EVALUATED_AFTER_GEOMETRY_FAIL,False,COMMUNICATION_GEOMETRY,,6.167142370697281,,2406.3032968341586,7
DOUBLE_0601,DOUBLE,O01->S008->S015->O01,S008->S015,"[""S008-FOD-01"", ""S008-HYG-01"", ""S008-MED-01"", ""S008-WAT-01"", ""S008-WAT-02""]",B,True,False,False,False,False,-6.213629794260157,NOT_EVALUATED_AFTER_GEOMETRY_FAIL,False,False,NOT_EVALUATED_AFTER_GEOMETRY_FAIL,False,PAYLOAD_VOLUME,,3.684002074259736,,2377.9600442706824,7
DOUBLE_0602,DOUBLE,O01->S008->S015->O01,S008->S015,"[""S008-FOD-01"", ""S008-HYG-01"", ""S008-MED-01"", ""S008-WAT-01"", ""S008-WAT-02""]",C,True,False,True,False,False,-6.213629794260157,NOT_EVALUATED_AFTER_GEOMETRY_FAIL,False,False,NOT_EVALUATED_AFTER_GEOMETRY_FAIL,False,TRANSPORT_ENERGY_RESERVE,,6.54109897678067,,2538.3032968341586,7
DOUBLE_0603,DOUBLE,O01->S008->S015->O01,S008->S015,"[""S008-MED-01"", ""S008-WAT-01"", ""S015-MED-01""]",B,True,True,True,True,False,-6.213629794260157,NOT_EVALUATED_AFTER_GEOMETRY_FAIL,False,False,NOT_EVALUATED_AFTER_GEOMETRY_FAIL,False,COMMUNICATION_GEOMETRY,,3.1571322920275557,,2257.9600442706824,7
DOUBLE_0604,DOUBLE,O01->S008->S015->O01,S008->S015,"[""S008-MED-01"", ""S008-WAT-01"", ""S015-MED-01""]",C,True,True,True,True,False,-6.213629794260157,NOT_EVALUATED_AFTER_GEOMETRY_FAIL,False,False,NOT_EVALUATED_AFTER_GEOMETRY_FAIL,False,COMMUNICATION_GEOMETRY,,5.974273157733522,,2406.3032968341586,7
DOUBLE_0605,DOUBLE,O01->S008->S015->O01,S008->S015,"[""S008-MED-01"", ""S008-WAT-01"", ""S015-MED-01"", ""S015-WAT-01""]",B,True,False,False,False,False,-6.213629794260157,NOT_EVALUATED_AFTER_GEOMETRY_FAIL,False,False,NOT_EVALUATED_AFTER_GEOMETRY_FAIL,False,PAYLOAD_VOLUME,,3.82794400688013,,2317.9600442706824,7
DOUBLE_0606,DOUBLE,O01->S008->S015->O01,S008->S015,"[""S008-MED-01"", ""S008-WAT-01"", ""S015-MED-01"", ""S015-WAT-01""]",C,True,True,True,True,False,-6.213629794260157,NOT_EVALUATED_AFTER_GEOMETRY_FAIL,False,False,NOT_EVALUATED_AFTER_GEOMETRY_FAIL,False,COMMUNICATION_GEOMETRY,,6.330750296544147,,2472.3032968341586,7
DOUBLE_0607,DOUBLE,O01->S008->S015->O01,S008->S015,"[""S008-FOD-01"", ""S008-HYG-01"", ""S008-MED-01"", ""S008-WAT-01"", ""S008-WAT-02"", ""S015-MED-01""]",B,True,False,False,False,False,-6.213629794260157,NOT_EVALUATED_AFTER_GEOMETRY_FAIL,False,False,NOT_EVALUATED_AFTER_GEOMETRY_FAIL,False,PAYLOAD_VOLUME,,3.699506882152874,,2437.9600442706824,7
DOUBLE_0608,DOUBLE,O01->S008->S015->O01,S008->S015,"[""S008-FOD-01"", ""S008-HYG-01"", ""S008-MED-01"", ""S008-WAT-01"", ""S008-WAT-02"", ""S015-MED-01""]",C,True,False,True,False,False,-6.213629794260157,NOT_EVALUATED_AFTER_GEOMETRY_FAIL,False,False,NOT_EVALUATED_AFTER_GEOMETRY_FAIL,False,TRANSPORT_ENERGY_RESERVE,,6.653069229949625,,2604.3032968341586,7
DOUBLE_0609,DOUBLE,O01->S008->S015->O01,S008->S015,"[""S008-FOD-01"", ""S008-HYG-01"", ""S008-MED-01"", ""S008-WAT-01"", ""S008-WAT-02"", ""S015-MED-01"", ""S015-WAT-01""]",B,True,False,False,False,False,-6.213629794260157,NOT_EVALUATED_AFTER_GEOMETRY_FAIL,False,False,NOT_EVALUATED_AFTER_GEOMETRY_FAIL,False,PAYLOAD_VOLUME,,3.85392938473098,,2497.9600442706824,7
DOUBLE_0610,DOUBLE,O01->S008->S015->O01,S008->S015,"[""S008-FOD-01"", ""S008-HYG-01"", ""S008-MED-01"", ""S008-WAT-01"", ""S008-WAT-02"", ""S015-MED-01"", ""S015-WAT-01""]",C,True,False,True,False,False,-6.213629794260157,NOT_EVALUATED_AFTER_GEOMETRY_FAIL,False,False,NOT_EVALUATED_AFTER_GEOMETRY_FAIL,False,TRANSPORT_ENERGY_RESERVE,,7.368214271115925,,2670.3032968341586,7
DOUBLE_0611,DOUBLE,O01->S008->S015->O01,S008->S015,"[""S008-MED-01"", ""S015-FOD-01"", ""S015-MED-01"", ""S015-WAT-01""]",B,True,False,False,False,False,-6.213629794260157,NOT_EVALUATED_AFTER_GEOMETRY_FAIL,False,False,NOT_EVALUATED_AFTER_GEOMETRY_FAIL,False,PAYLOAD_VOLUME,,3.8427549793440954,,2317.9600442706824,7
DOUBLE_0612,DOUBLE,O01->S008->S015->O01,S008->S015,"[""S008-MED-01"", ""S015-FOD-01"", ""S015-MED-01"", ""S015-WAT-01""]",C,True,True,True,True,False,-6.213629794260157,NOT_EVALUATED_AFTER_GEOMETRY_FAIL,False,False,NOT_EVALUATED_AFTER_GEOMETRY_FAIL,False,COMMUNICATION_GEOMETRY,,6.272417070712403,,2472.3032968341586,7
DOUBLE_0613,DOUBLE,O01->S008->S015->O01,S008->S015,"[""S008-MED-01"", ""S008-WAT-01"", ""S015-FOD-01"", ""S015-MED-01"", ""S015-WAT-01""]",B,True,False,False,False,False,-6.213629794260157,NOT_EVALUATED_AFTER_GEOMETRY_FAIL,False,False,NOT_EVALUATED_AFTER_GEOMETRY_FAIL,False,PAYLOAD_VOLUME,,3.994973339870968,,2377.9600442706824,7
DOUBLE_0614,DOUBLE,O01->S008->S015->O01,S008->S015,"[""S008-MED-01"", ""S008-WAT-01"", ""S015-FOD-01"", ""S015-MED-01"", ""S015-WAT-01""]",C,True,False,True,False,False,-6.213629794260157,NOT_EVALUATED_AFTER_GEOMETRY_FAIL,False,False,NOT_EVALUATED_AFTER_GEOMETRY_FAIL,False,TRANSPORT_ENERGY_RESERVE,,6.615048811424309,,2538.3032968341586,7
DOUBLE_0615,DOUBLE,O01->S008->S015->O01,S008->S015,"[""S008-FOD-01"", ""S008-HYG-01"", ""S008-MED-01"", ""S008-WAT-01"", ""S008-WAT-02"", ""S015-FOD-01"", ""S015-MED-01"", ""S015-WAT-01""]",B,True,False,False,False,False,-6.213629794260157,NOT_EVALUATED_AFTER_GEOMETRY_FAIL,False,False,NOT_EVALUATED_AFTER_GEOMETRY_FAIL,False,PAYLOAD_VOLUME,,4.020958717721818,,2557.9600442706824,7
DOUBLE_0616,DOUBLE,O01->S008->S015->O01,S008->S015,"[""S008-FOD-01"", ""S008-HYG-01"", ""S008-MED-01"", ""S008-WAT-01"", ""S008-WAT-02"", ""S015-FOD-01"", ""S015-MED-01"", ""S015-WAT-01""]",C,True,False,True,False,False,-6.213629794260157,NOT_EVALUATED_AFTER_GEOMETRY_FAIL,False,False,NOT_EVALUATED_AFTER_GEOMETRY_FAIL,False,TRANSPORT_ENERGY_RESERVE,,7.964601724716817,,2736.3032968341586,7
DOUBLE_0353,DOUBLE,O01->S010->S008->O01,S010->S008,"[""S008-MED-01""]",B,True,False,True,False,False,-7.409252030180156,NOT_EVALUATED_AFTER_GEOMETRY_FAIL,False,False,NOT_EVALUATED_AFTER_GEOMETRY_FAIL,False,TRANSPORT_ENERGY_RESERVE,,3.3327994897069426,,2226.3869771510485,7
DOUBLE_0354,DOUBLE,O01->S010->S008->O01,S010->S008,"[""S008-MED-01""]",C,True,False,True,False,False,-7.409252030180156,NOT_EVALUATED_AFTER_GEOMETRY_FAIL,False,False,NOT_EVALUATED_AFTER_GEOMETRY_FAIL,False,TRANSPORT_ENERGY_RESERVE,,6.990302274660746,,2320.293005389981,7
DOUBLE_0355,DOUBLE,O01->S010->S008->O01,S010->S008,"[""S008-MED-01"", ""S008-WAT-01""]",B,True,False,True,False,False,-7.409252030180156,NOT_EVALUATED_AFTER_GEOMETRY_FAIL,False,False,NOT_EVALUATED_AFTER_GEOMETRY_FAIL,False,TRANSPORT_ENERGY_RESERVE,,3.7778325049747137,,2286.3869771510485,7
DOUBLE_0356,DOUBLE,O01->S010->S008->O01,S010->S008,"[""S008-MED-01"", ""S008-WAT-01""]",C,True,False,True,False,False,-7.409252030180156,NOT_EVALUATED_AFTER_GEOMETRY_FAIL,False,False,NOT_EVALUATED_AFTER_GEOMETRY_FAIL,False,TRANSPORT_ENERGY_RESERVE,,7.237149403148585,,2386.293005389981,7
DOUBLE_0357,DOUBLE,O01->S010->S008->O01,S010->S008,"[""S008-MED-01"", ""S008-WAT-01"", ""S008-WAT-02""]",B,True,False,False,False,False,-7.409252030180156,NOT_EVALUATED_AFTER_GEOMETRY_FAIL,False,False,NOT_EVALUATED_AFTER_GEOMETRY_FAIL,False,PAYLOAD_VOLUME,,4.859308279395538,,2346.3869771510485,7
DOUBLE_0358,DOUBLE,O01->S010->S008->O01,S010->S008,"[""S008-MED-01"", ""S008-WAT-01"", ""S008-WAT-02""]",C,True,False,True,False,False,-7.409252030180156,NOT_EVALUATED_AFTER_GEOMETRY_FAIL,False,False,NOT_EVALUATED_AFTER_GEOMETRY_FAIL,False,TRANSPORT_ENERGY_RESERVE,,7.665290393032598,,2452.293005389981,7
DOUBLE_0359,DOUBLE,O01->S010->S008->O01,S010->S008,"[""S008-FOD-01"", ""S008-HYG-01"", ""S008-MED-01"", ""S008-WAT-01"", ""S008-WAT-02""]",B,True,False,False,False,False,-7.409252030180156,NOT_EVALUATED_AFTER_GEOMETRY_FAIL,False,False,NOT_EVALUATED_AFTER_GEOMETRY_FAIL,False,PAYLOAD_VOLUME,,4.881849993058851,,2466.3869771510485,7
DOUBLE_0360,DOUBLE,O01->S010->S008->O01,S010->S008,"[""S008-FOD-01"", ""S008-HYG-01"", ""S008-MED-01"", ""S008-WAT-01"", ""S008-WAT-02""]",C,True,False,True,False,False,-7.409252030180156,NOT_EVALUATED_AFTER_GEOMETRY_FAIL,False,False,NOT_EVALUATED_AFTER_GEOMETRY_FAIL,False,TRANSPORT_ENERGY_RESERVE,,8.314750609064443,,2584.293005389981,7
DOUBLE_0361,DOUBLE,O01->S010->S008->O01,S010->S008,"[""S008-MED-01"", ""S008-WAT-01"", ""S010-MED-01""]",B,True,False,True,False,False,-7.409252030180156,NOT_EVALUATED_AFTER_GEOMETRY_FAIL,False,False,NOT_EVALUATED_AFTER_GEOMETRY_FAIL,False,TRANSPORT_ENERGY_RESERVE,,3.836317286445948,,2346.3869771510485,7
DOUBLE_0362,DOUBLE,O01->S010->S008->O01,S010->S008,"[""S008-MED-01"", ""S008-WAT-01"", ""S010-MED-01""]",C,True,False,True,False,False,-7.409252030180156,NOT_EVALUATED_AFTER_GEOMETRY_FAIL,False,False,NOT_EVALUATED_AFTER_GEOMETRY_FAIL,False,TRANSPORT_ENERGY_RESERVE,,7.264879117793895,,2452.293005389981,7
DOUBLE_0363,DOUBLE,O01->S010->S008->O01,S010->S008,"[""S008-MED-01"", ""S008-WAT-01"", ""S010-MED-01"", ""S010-WAT-01""]",B,True,False,False,False,False,-7.409252030180156,NOT_EVALUATED_AFTER_GEOMETRY_FAIL,False,False,NOT_EVALUATED_AFTER_GEOMETRY_FAIL,False,PAYLOAD_VOLUME,,4.156919023439979,,2406.3869771510485,7
DOUBLE_0364,DOUBLE,O01->S010->S008->O01,S010->S008,"[""S008-MED-01"", ""S008-WAT-01"", ""S010-MED-01"", ""S010-WAT-01""]",C,True,False,True,False,False,-7.409252030180156,NOT_EVALUATED_AFTER_GEOMETRY_FAIL,False,False,NOT_EVALUATED_AFTER_GEOMETRY_FAIL,False,TRANSPORT_ENERGY_RESERVE,,7.432912743947082,,2518.293005389981,7
DOUBLE_0365,DOUBLE,O01->S010->S008->O01,S010->S008,"[""S008-FOD-01"", ""S008-HYG-01"", ""S008-MED-01"", ""S008-WAT-01"", ""S008-WAT-02"", ""S010-MED-01""]",B,True,False,False,False,False,-7.409252030180156,NOT_EVALUATED_AFTER_GEOMETRY_FAIL,False,False,NOT_EVALUATED_AFTER_GEOMETRY_FAIL,False,PAYLOAD_VOLUME,,4.885346355807315,,2526.3869771510485,7
DOUBLE_0366,DOUBLE,O01->S010->S008->O01,S010->S008,"[""S008-FOD-01"", ""S008-HYG-01"", ""S008-MED-01"", ""S008-WAT-01"", ""S008-WAT-02"", ""S010-MED-01""]",C,True,False,True,False,False,-7.409252030180156,NOT_EVALUATED_AFTER_GEOMETRY_FAIL,False,False,NOT_EVALUATED_AFTER_GEOMETRY_FAIL,False,TRANSPORT_ENERGY_RESERVE,,8.37684154737523,,2650.2930053899813,7
DOUBLE_0367,DOUBLE,O01->S010->S008->O01,S010->S008,"[""S008-FOD-01"", ""S008-HYG-01"", ""S008-MED-01"", ""S008-WAT-01"", ""S008-WAT-02"", ""S010-MED-01"", ""S010-WAT-01""]",B,True,False,False,False,False,-7.409252030180156,NOT_EVALUATED_AFTER_GEOMETRY_FAIL,False,False,NOT_EVALUATED_AFTER_GEOMETRY_FAIL,False,PAYLOAD_VOLUME,,4.901662715300147,,2586.3869771510485,7
DOUBLE_0368,DOUBLE,O01->S010->S008->O01,S010->S008,"[""S008-FOD-01"", ""S008-HYG-01"", ""S008-MED-01"", ""S008-WAT-01"", ""S008-WAT-02"", ""S010-MED-01"", ""S010-WAT-01""]",C,True,False,True,False,False,-7.409252030180156,NOT_EVALUATED_AFTER_GEOMETRY_FAIL,False,False,NOT_EVALUATED_AFTER_GEOMETRY_FAIL,False,TRANSPORT_ENERGY_RESERVE,,8.756222342430645,,2716.2930053899813,7
DOUBLE_0369,DOUBLE,O01->S010->S008->O01,S010->S008,"[""S008-MED-01"", ""S010-FOD-01"", ""S010-MED-01"", ""S010-WAT-01""]",B,True,False,False,False,False,-7.409252030180156,NOT_EVALUATED_AFTER_GEOMETRY_FAIL,False,False,NOT_EVALUATED_AFTER_GEOMETRY_FAIL,False,PAYLOAD_VOLUME,,3.782512406549381,,2406.3869771510485,7
DOUBLE_0370,DOUBLE,O01->S010->S008->O01,S010->S008,"[""S008-MED-01"", ""S010-FOD-01"", ""S010-MED-01"", ""S010-WAT-01""]",C,True,False,True,False,False,-7.409252030180156,NOT_EVALUATED_AFTER_GEOMETRY_FAIL,False,False,NOT_EVALUATED_AFTER_GEOMETRY_FAIL,False,TRANSPORT_ENERGY_RESERVE,,7.198175119004056,,2518.2930053899813,7
DOUBLE_0371,DOUBLE,O01->S010->S008->O01,S010->S008,"[""S008-MED-01"", ""S008-WAT-01"", ""S010-FOD-01"", ""S010-MED-01"", ""S010-WAT-01""]",B,True,False,False,False,False,-7.409252030180156,NOT_EVALUATED_AFTER_GEOMETRY_FAIL,False,False,NOT_EVALUATED_AFTER_GEOMETRY_FAIL,False,PAYLOAD_VOLUME,,4.166242657435883,,2466.3869771510485,7
DOUBLE_0372,DOUBLE,O01->S010->S008->O01,S010->S008,"[""S008-MED-01"", ""S008-WAT-01"", ""S010-FOD-01"", ""S010-MED-01"", ""S010-WAT-01""]",C,True,False,True,False,False,-7.409252030180156,NOT_EVALUATED_AFTER_GEOMETRY_FAIL,False,False,NOT_EVALUATED_AFTER_GEOMETRY_FAIL,False,TRANSPORT_ENERGY_RESERVE,,7.563161940852695,,2584.2930053899813,7
DOUBLE_0373,DOUBLE,O01->S010->S008->O01,S010->S008,"[""S008-FOD-01"", ""S008-HYG-01"", ""S008-MED-01"", ""S008-WAT-01"", ""S008-WAT-02"", ""S010-FOD-01"", ""S010-MED-01"", ""S010-WAT-01""]",B,True,False,False,False,False,-7.409252030180156,NOT_EVALUATED_AFTER_GEOMETRY_FAIL,False,False,NOT_EVALUATED_AFTER_GEOMETRY_FAIL,False,PAYLOAD_VOLUME,,4.910986349296051,,2646.3869771510485,7
DOUBLE_0374,DOUBLE,O01->S010->S008->O01,S010->S008,"[""S008-FOD-01"", ""S008-HYG-01"", ""S008-MED-01"", ""S008-WAT-01"", ""S008-WAT-02"", ""S010-FOD-01"", ""S010-MED-01"", ""S010-WAT-01""]",C,True,False,True,False,False,-7.409252030180156,NOT_EVALUATED_AFTER_GEOMETRY_FAIL,False,False,NOT_EVALUATED_AFTER_GEOMETRY_FAIL,False,TRANSPORT_ENERGY_RESERVE,,9.070371780230738,,2782.2930053899813,7
DOUBLE_0375,DOUBLE,O01->S008->S010->O01,S008->S010,"[""S008-MED-01""]",B,True,False,True,False,False,-7.409252030180156,NOT_EVALUATED_AFTER_GEOMETRY_FAIL,False,False,NOT_EVALUATED_AFTER_GEOMETRY_FAIL,False,TRANSPORT_ENERGY_RESERVE,,3.318719170674572,,2226.243747627708,7
DOUBLE_0376,DOUBLE,O01->S008->S010->O01,S008->S010,"[""S008-MED-01""]",C,True,False,True,False,False,-7.409252030180156,NOT_EVALUATED_AFTER_GEOMETRY_FAIL,False,False,NOT_EVALUATED_AFTER_GEOMETRY_FAIL,False,TRANSPORT_ENERGY_RESERVE,,6.980377906903986,,2320.14977586664,7
DOUBLE_0377,DOUBLE,O01->S008->S010->O01,S008->S010,"[""S008-MED-01"", ""S008-WAT-01""]",B,True,False,True,False,False,-7.409252030180156,NOT_EVALUATED_AFTER_GEOMETRY_FAIL,False,False,NOT_EVALUATED_AFTER_GEOMETRY_FAIL,False,TRANSPORT_ENERGY_RESERVE,,3.5749717324800327,,2286.243747627708,7
DOUBLE_0378,DOUBLE,O01->S008->S010->O01,S008->S010,"[""S008-MED-01"", ""S008-WAT-01""]",C,True,False,True,False,False,-7.409252030180156,NOT_EVALUATED_AFTER_GEOMETRY_FAIL,False,False,NOT_EVALUATED_AFTER_GEOMETRY_FAIL,False,TRANSPORT_ENERGY_RESERVE,,7.122520016159021,,2386.14977586664,7
DOUBLE_0379,DOUBLE,O01->S008->S010->O01,S008->S010,"[""S008-MED-01"", ""S008-WAT-01"", ""S008-WAT-02""]",B,True,False,False,False,False,-7.409252030180156,NOT_EVALUATED_AFTER_GEOMETRY_FAIL,False,False,NOT_EVALUATED_AFTER_GEOMETRY_FAIL,False,PAYLOAD_VOLUME,,4.1976720391243605,,2346.243747627708,7
DOUBLE_0380,DOUBLE,O01->S008->S010->O01,S008->S010,"[""S008-MED-01"", ""S008-WAT-01"", ""S008-WAT-02""]",C,True,False,True,False,False,-7.409252030180156,NOT_EVALUATED_AFTER_GEOMETRY_FAIL,False,False,NOT_EVALUATED_AFTER_GEOMETRY_FAIL,False,TRANSPORT_ENERGY_RESERVE,,7.369046574300183,,2452.14977586664,7
DOUBLE_0381,DOUBLE,O01->S008->S010->O01,S008->S010,"[""S008-FOD-01"", ""S008-HYG-01"", ""S008-MED-01"", ""S008-WAT-01"", ""S008-WAT-02""]",B,True,False,False,False,False,-7.409252030180156,NOT_EVALUATED_AFTER_GEOMETRY_FAIL,False,False,NOT_EVALUATED_AFTER_GEOMETRY_FAIL,False,PAYLOAD_VOLUME,,4.210664728049786,,2466.243747627708,7
DOUBLE_0382,DOUBLE,O01->S008->S010->O01,S008->S010,"[""S008-FOD-01"", ""S008-HYG-01"", ""S008-MED-01"", ""S008-WAT-01"", ""S008-WAT-02""]",C,True,False,True,False,False,-7.409252030180156,NOT_EVALUATED_AFTER_GEOMETRY_FAIL,False,False,NOT_EVALUATED_AFTER_GEOMETRY_FAIL,False,TRANSPORT_ENERGY_RESERVE,,7.743003180383572,,2584.14977586664,7
DOUBLE_0383,DOUBLE,O01->S008->S010->O01,S008->S010,"[""S008-MED-01"", ""S008-WAT-01"", ""S010-MED-01""]",B,True,False,True,False,False,-7.409252030180156,NOT_EVALUATED_AFTER_GEOMETRY_FAIL,False,False,NOT_EVALUATED_AFTER_GEOMETRY_FAIL,False,TRANSPORT_ENERGY_RESERVE,,3.691585447714544,,2346.243747627708,7
DOUBLE_0384,DOUBLE,O01->S008->S010->O01,S008->S010,"[""S008-MED-01"", ""S008-WAT-01"", ""S010-MED-01""]",C,True,False,True,False,False,-7.409252030180156,NOT_EVALUATED_AFTER_GEOMETRY_FAIL,False,False,NOT_EVALUATED_AFTER_GEOMETRY_FAIL,False,TRANSPORT_ENERGY_RESERVE,,7.179917823803774,,2452.14977586664,7
DOUBLE_0385,DOUBLE,O01->S008->S010->O01,S008->S010,"[""S008-MED-01"", ""S008-WAT-01"", ""S010-MED-01"", ""S010-WAT-01""]",B,True,False,False,False,False,-7.409252030180156,NOT_EVALUATED_AFTER_GEOMETRY_FAIL,False,False,NOT_EVALUATED_AFTER_GEOMETRY_FAIL,False,PAYLOAD_VOLUME,,4.5105573671605015,,2406.243747627708,7
DOUBLE_0386,DOUBLE,O01->S008->S010->O01,S008->S010,"[""S008-MED-01"", ""S008-WAT-01"", ""S010-MED-01"", ""S010-WAT-01""]",C,True,False,True,False,False,-7.409252030180156,NOT_EVALUATED_AFTER_GEOMETRY_FAIL,False,False,NOT_EVALUATED_AFTER_GEOMETRY_FAIL,False,TRANSPORT_ENERGY_RESERVE,,7.609055829486195,,2518.14977586664,7
DOUBLE_0387,DOUBLE,O01->S008->S010->O01,S008->S010,"[""S008-FOD-01"", ""S008-HYG-01"", ""S008-MED-01"", ""S008-WAT-01"", ""S008-WAT-02"", ""S010-MED-01""]",B,True,False,False,False,False,-7.409252030180156,NOT_EVALUATED_AFTER_GEOMETRY_FAIL,False,False,NOT_EVALUATED_AFTER_GEOMETRY_FAIL,False,PAYLOAD_VOLUME,,4.233960037839862,,2526.243747627708,7
DOUBLE_0388,DOUBLE,O01->S008->S010->O01,S008->S010,"[""S008-FOD-01"", ""S008-HYG-01"", ""S008-MED-01"", ""S008-WAT-01"", ""S008-WAT-02"", ""S010-MED-01""]",C,True,False,True,False,False,-7.409252030180156,NOT_EVALUATED_AFTER_GEOMETRY_FAIL,False,False,NOT_EVALUATED_AFTER_GEOMETRY_FAIL,False,TRANSPORT_ENERGY_RESERVE,,7.858713896019877,,2650.14977586664,7
DOUBLE_0389,DOUBLE,O01->S008->S010->O01,S008->S010,"[""S008-FOD-01"", ""S008-HYG-01"", ""S008-MED-01"", ""S008-WAT-01"", ""S008-WAT-02"", ""S010-MED-01"", ""S010-WAT-01""]",B,True,False,False,False,False,-7.409252030180156,NOT_EVALUATED_AFTER_GEOMETRY_FAIL,False,False,NOT_EVALUATED_AFTER_GEOMETRY_FAIL,False,PAYLOAD_VOLUME,,4.536542745011352,,2586.243747627708,7
DOUBLE_0390,DOUBLE,O01->S008->S010->O01,S008->S010,"[""S008-FOD-01"", ""S008-HYG-01"", ""S008-MED-01"", ""S008-WAT-01"", ""S008-WAT-02"", ""S010-MED-01"", ""S010-WAT-01""]",C,True,False,True,False,False,-7.409252030180156,NOT_EVALUATED_AFTER_GEOMETRY_FAIL,False,False,NOT_EVALUATED_AFTER_GEOMETRY_FAIL,False,TRANSPORT_ENERGY_RESERVE,,8.646519804057974,,2716.14977586664,7
DOUBLE_0391,DOUBLE,O01->S008->S010->O01,S008->S010,"[""S008-MED-01"", ""S010-FOD-01"", ""S010-MED-01"", ""S010-WAT-01""]",B,True,False,False,False,False,-7.409252030180156,NOT_EVALUATED_AFTER_GEOMETRY_FAIL,False,False,NOT_EVALUATED_AFTER_GEOMETRY_FAIL,False,PAYLOAD_VOLUME,,4.717368892827839,,2406.243747627708,7
DOUBLE_0392,DOUBLE,O01->S008->S010->O01,S008->S010,"[""S008-MED-01"", ""S010-FOD-01"", ""S010-MED-01"", ""S010-WAT-01""]",C,True,False,True,False,False,-7.409252030180156,NOT_EVALUATED_AFTER_GEOMETRY_FAIL,False,False,NOT_EVALUATED_AFTER_GEOMETRY_FAIL,False,TRANSPORT_ENERGY_RESERVE,,7.622905910471632,,2518.14977586664,7
DOUBLE_0393,DOUBLE,O01->S008->S010->O01,S008->S010,"[""S008-MED-01"", ""S008-WAT-01"", ""S010-FOD-01"", ""S010-MED-01"", ""S010-WAT-01""]",B,True,False,False,False,False,-7.409252030180156,NOT_EVALUATED_AFTER_GEOMETRY_FAIL,False,False,NOT_EVALUATED_AFTER_GEOMETRY_FAIL,False,PAYLOAD_VOLUME,,4.869587253354712,,2466.243747627708,7
DOUBLE_0394,DOUBLE,O01->S008->S010->O01,S008->S010,"[""S008-MED-01"", ""S008-WAT-01"", ""S010-FOD-01"", ""S010-MED-01"", ""S010-WAT-01""]",C,True,False,True,False,False,-7.409252030180156,NOT_EVALUATED_AFTER_GEOMETRY_FAIL,False,False,NOT_EVALUATED_AFTER_GEOMETRY_FAIL,False,TRANSPORT_ENERGY_RESERVE,,7.965537651183538,,2584.14977586664,7
DOUBLE_0395,DOUBLE,O01->S008->S010->O01,S008->S010,"[""S008-FOD-01"", ""S008-HYG-01"", ""S008-MED-01"", ""S008-WAT-01"", ""S008-WAT-02"", ""S010-FOD-01"", ""S010-MED-01"", ""S010-WAT-01""]",B,True,False,False,False,False,-7.409252030180156,NOT_EVALUATED_AFTER_GEOMETRY_FAIL,False,False,NOT_EVALUATED_AFTER_GEOMETRY_FAIL,False,PAYLOAD_VOLUME,,4.895572631205562,,2646.243747627708,7
DOUBLE_0396,DOUBLE,O01->S008->S010->O01,S008->S010,"[""S008-FOD-01"", ""S008-HYG-01"", ""S008-MED-01"", ""S008-WAT-01"", ""S008-WAT-02"", ""S010-FOD-01"", ""S010-MED-01"", ""S010-WAT-01""]",C,True,False,True,False,False,-7.409252030180156,NOT_EVALUATED_AFTER_GEOMETRY_FAIL,False,False,NOT_EVALUATED_AFTER_GEOMETRY_FAIL,False,TRANSPORT_ENERGY_RESERVE,,9.315090564476046,,2782.14977586664,7
DOUBLE_0529,DOUBLE,O01->S014->S008->O01,S014->S008,"[""S008-MED-01""]",B,True,False,True,False,False,-8.85715207797773,NOT_EVALUATED_AFTER_GEOMETRY_FAIL,False,False,NOT_EVALUATED_AFTER_GEOMETRY_FAIL,False,TRANSPORT_ENERGY_RESERVE,,3.740802668083968,,2586.560918399472,7
DOUBLE_0530,DOUBLE,O01->S014->S008->O01,S014->S008,"[""S008-MED-01""]",C,True,False,True,False,False,-8.85715207797773,NOT_EVALUATED_AFTER_GEOMETRY_FAIL,False,False,NOT_EVALUATED_AFTER_GEOMETRY_FAIL,False,TRANSPORT_ENERGY_RESERVE,,7.784033833888237,,2727.1857464837817,7
DOUBLE_0531,DOUBLE,O01->S014->S008->O01,S014->S008,"[""S008-MED-01"", ""S008-WAT-01""]",B,True,False,True,False,False,-8.85715207797773,NOT_EVALUATED_AFTER_GEOMETRY_FAIL,False,False,NOT_EVALUATED_AFTER_GEOMETRY_FAIL,False,TRANSPORT_ENERGY_RESERVE,,4.270255505880706,,2646.560918399472,7
DOUBLE_0532,DOUBLE,O01->S014->S008->O01,S014->S008,"[""S008-MED-01"", ""S008-WAT-01""]",C,True,False,True,False,False,-8.85715207797773,NOT_EVALUATED_AFTER_GEOMETRY_FAIL,False,False,NOT_EVALUATED_AFTER_GEOMETRY_FAIL,False,TRANSPORT_ENERGY_RESERVE,,8.082667628278452,,2793.185746483781,7
DOUBLE_0533,DOUBLE,O01->S014->S008->O01,S014->S008,"[""S008-MED-01"", ""S008-WAT-01"", ""S008-WAT-02""]",B,True,False,False,False,False,-8.85715207797773,NOT_EVALUATED_AFTER_GEOMETRY_FAIL,False,False,NOT_EVALUATED_AFTER_GEOMETRY_FAIL,False,PAYLOAD_VOLUME,,5.540947345291316,,2706.560918399472,7
DOUBLE_0534,DOUBLE,O01->S014->S008->O01,S014->S008,"[""S008-MED-01"", ""S008-WAT-01"", ""S008-WAT-02""]",C,True,False,True,False,False,-8.85715207797773,NOT_EVALUATED_AFTER_GEOMETRY_FAIL,False,False,NOT_EVALUATED_AFTER_GEOMETRY_FAIL,False,TRANSPORT_ENERGY_RESERVE,,8.59244701099911,,2859.185746483781,7
DOUBLE_0535,DOUBLE,O01->S014->S008->O01,S014->S008,"[""S008-FOD-01"", ""S008-HYG-01"", ""S008-MED-01"", ""S008-WAT-01"", ""S008-WAT-02""]",B,True,False,False,False,False,-8.85715207797773,NOT_EVALUATED_AFTER_GEOMETRY_FAIL,False,False,NOT_EVALUATED_AFTER_GEOMETRY_FAIL,False,PAYLOAD_VOLUME,,5.578341744072138,,2826.560918399472,7
DOUBLE_0536,DOUBLE,O01->S014->S008->O01,S014->S008,"[""S008-FOD-01"", ""S008-HYG-01"", ""S008-MED-01"", ""S008-WAT-01"", ""S008-WAT-02""]",C,True,False,True,False,False,-8.85715207797773,NOT_EVALUATED_AFTER_GEOMETRY_FAIL,False,False,NOT_EVALUATED_AFTER_GEOMETRY_FAIL,False,TRANSPORT_ENERGY_RESERVE,,9.359987896806212,,2991.1857464837817,7
DOUBLE_0537,DOUBLE,O01->S014->S008->O01,S014->S008,"[""S008-MED-01"", ""S008-WAT-01"", ""S014-MED-01""]",B,True,False,True,False,False,-8.85715207797773,NOT_EVALUATED_AFTER_GEOMETRY_FAIL,False,False,NOT_EVALUATED_AFTER_GEOMETRY_FAIL,False,TRANSPORT_ENERGY_RESERVE,,4.337790257285487,,2706.560918399472,7
DOUBLE_0538,DOUBLE,O01->S014->S008->O01,S014->S008,"[""S008-MED-01"", ""S008-WAT-01"", ""S014-MED-01""]",C,True,False,True,False,False,-8.85715207797773,NOT_EVALUATED_AFTER_GEOMETRY_FAIL,False,False,NOT_EVALUATED_AFTER_GEOMETRY_FAIL,False,TRANSPORT_ENERGY_RESERVE,,8.115378292976432,,2859.1857464837817,7
DOUBLE_0539,DOUBLE,O01->S014->S008->O01,S014->S008,"[""S008-MED-01"", ""S008-WAT-01"", ""S014-MED-01"", ""S014-WAT-01""]",B,True,False,False,False,False,-8.85715207797773,NOT_EVALUATED_AFTER_GEOMETRY_FAIL,False,False,NOT_EVALUATED_AFTER_GEOMETRY_FAIL,False,PAYLOAD_VOLUME,,4.706932486073143,,2766.560918399472,7
DOUBLE_0540,DOUBLE,O01->S014->S008->O01,S014->S008,"[""S008-MED-01"", ""S008-WAT-01"", ""S014-MED-01"", ""S014-WAT-01""]",C,True,False,True,False,False,-8.85715207797773,NOT_EVALUATED_AFTER_GEOMETRY_FAIL,False,False,NOT_EVALUATED_AFTER_GEOMETRY_FAIL,False,TRANSPORT_ENERGY_RESERVE,,8.3117670320485,,2925.1857464837817,7
DOUBLE_0541,DOUBLE,O01->S014->S008->O01,S014->S008,"[""S008-FOD-01"", ""S008-HYG-01"", ""S008-MED-01"", ""S008-WAT-01"", ""S008-WAT-02"", ""S014-MED-01""]",B,True,False,False,False,False,-8.85715207797773,NOT_EVALUATED_AFTER_GEOMETRY_FAIL,False,False,NOT_EVALUATED_AFTER_GEOMETRY_FAIL,False,PAYLOAD_VOLUME,,5.583612886286596,,2886.560918399472,7
DOUBLE_0542,DOUBLE,O01->S014->S008->O01,S014->S008,"[""S008-FOD-01"", ""S008-HYG-01"", ""S008-MED-01"", ""S008-WAT-01"", ""S008-WAT-02"", ""S014-MED-01""]",C,True,False,True,False,False,-8.85715207797773,NOT_EVALUATED_AFTER_GEOMETRY_FAIL,False,False,NOT_EVALUATED_AFTER_GEOMETRY_FAIL,False,TRANSPORT_ENERGY_RESERVE,,9.431605914203216,,3057.1857464837817,7
DOUBLE_0543,DOUBLE,O01->S014->S008->O01,S014->S008,"[""S008-FOD-01"", ""S008-HYG-01"", ""S008-MED-01"", ""S008-WAT-01"", ""S008-WAT-02"", ""S014-MED-01"", ""S014-WAT-01""]",B,True,False,False,False,False,-8.85715207797773,NOT_EVALUATED_AFTER_GEOMETRY_FAIL,False,False,NOT_EVALUATED_AFTER_GEOMETRY_FAIL,False,PAYLOAD_VOLUME,,5.608211549954063,,2946.560918399472,7
DOUBLE_0544,DOUBLE,O01->S014->S008->O01,S014->S008,"[""S008-FOD-01"", ""S008-HYG-01"", ""S008-MED-01"", ""S008-WAT-01"", ""S008-WAT-02"", ""S014-MED-01"", ""S014-WAT-01""]",C,True,False,True,False,False,-8.85715207797773,NOT_EVALUATED_AFTER_GEOMETRY_FAIL,False,False,NOT_EVALUATED_AFTER_GEOMETRY_FAIL,False,TRANSPORT_ENERGY_RESERVE,,9.867303908454153,,3123.1857464837817,7
DOUBLE_0545,DOUBLE,O01->S014->S008->O01,S014->S008,"[""S008-MED-01"", ""S014-FOD-01"", ""S014-MED-01"", ""S014-WAT-01""]",B,True,False,False,False,False,-8.85715207797773,NOT_EVALUATED_AFTER_GEOMETRY_FAIL,False,False,NOT_EVALUATED_AFTER_GEOMETRY_FAIL,False,PAYLOAD_VOLUME,,4.2609493958637605,,2766.560918399472,7
DOUBLE_0546,DOUBLE,O01->S014->S008->O01,S014->S008,"[""S008-MED-01"", ""S014-FOD-01"", ""S014-MED-01"", ""S014-WAT-01""]",C,True,False,True,False,False,-8.85715207797773,NOT_EVALUATED_AFTER_GEOMETRY_FAIL,False,False,NOT_EVALUATED_AFTER_GEOMETRY_FAIL,False,TRANSPORT_ENERGY_RESERVE,,8.03034406826819,,2925.1857464837817,7
DOUBLE_0547,DOUBLE,O01->S014->S008->O01,S014->S008,"[""S008-MED-01"", ""S008-WAT-01"", ""S014-FOD-01"", ""S014-MED-01"", ""S014-WAT-01""]",B,True,False,False,False,False,-8.85715207797773,NOT_EVALUATED_AFTER_GEOMETRY_FAIL,False,False,NOT_EVALUATED_AFTER_GEOMETRY_FAIL,False,PAYLOAD_VOLUME,,4.720988865311695,,2826.560918399472,7
DOUBLE_0548,DOUBLE,O01->S014->S008->O01,S014->S008,"[""S008-MED-01"", ""S008-WAT-01"", ""S014-FOD-01"", ""S014-MED-01"", ""S014-WAT-01""]",C,True,False,True,False,False,-8.85715207797773,NOT_EVALUATED_AFTER_GEOMETRY_FAIL,False,False,NOT_EVALUATED_AFTER_GEOMETRY_FAIL,False,TRANSPORT_ENERGY_RESERVE,,8.462747915846634,,2991.1857464837817,7
DOUBLE_0549,DOUBLE,O01->S014->S008->O01,S014->S008,"[""S008-FOD-01"", ""S008-HYG-01"", ""S008-MED-01"", ""S008-WAT-01"", ""S008-WAT-02"", ""S014-FOD-01"", ""S014-MED-01"", ""S014-WAT-01""]",B,True,False,False,False,False,-8.85715207797773,NOT_EVALUATED_AFTER_GEOMETRY_FAIL,False,False,NOT_EVALUATED_AFTER_GEOMETRY_FAIL,False,PAYLOAD_VOLUME,,5.622267929192615,,3006.560918399472,7
DOUBLE_0550,DOUBLE,O01->S014->S008->O01,S014->S008,"[""S008-FOD-01"", ""S008-HYG-01"", ""S008-MED-01"", ""S008-WAT-01"", ""S008-WAT-02"", ""S014-FOD-01"", ""S014-MED-01"", ""S014-WAT-01""]",C,True,False,True,False,False,-8.85715207797773,NOT_EVALUATED_AFTER_GEOMETRY_FAIL,False,False,NOT_EVALUATED_AFTER_GEOMETRY_FAIL,False,TRANSPORT_ENERGY_RESERVE,,10.226515779704178,,3189.1857464837817,7
DOUBLE_0551,DOUBLE,O01->S008->S014->O01,S008->S014,"[""S008-MED-01""]",B,True,False,True,False,False,-8.85715207797773,NOT_EVALUATED_AFTER_GEOMETRY_FAIL,False,False,NOT_EVALUATED_AFTER_GEOMETRY_FAIL,False,TRANSPORT_ENERGY_RESERVE,,3.7189686567008007,,2586.4087426716715,7
DOUBLE_0552,DOUBLE,O01->S008->S014->O01,S008->S014,"[""S008-MED-01""]",C,True,False,True,False,False,-8.85715207797773,NOT_EVALUATED_AFTER_GEOMETRY_FAIL,False,False,NOT_EVALUATED_AFTER_GEOMETRY_FAIL,False,TRANSPORT_ENERGY_RESERVE,,7.768084206764947,,2727.0335707559816,7
DOUBLE_0553,DOUBLE,O01->S008->S014->O01,S008->S014,"[""S008-MED-01"", ""S008-WAT-01""]",B,True,False,True,False,False,-8.85715207797773,NOT_EVALUATED_AFTER_GEOMETRY_FAIL,False,False,NOT_EVALUATED_AFTER_GEOMETRY_FAIL,False,TRANSPORT_ENERGY_RESERVE,,3.975221218506261,,2646.408742671672,7
DOUBLE_0554,DOUBLE,O01->S008->S014->O01,S008->S014,"[""S008-MED-01"", ""S008-WAT-01""]",C,True,False,True,False,False,-8.85715207797773,NOT_EVALUATED_AFTER_GEOMETRY_FAIL,False,False,NOT_EVALUATED_AFTER_GEOMETRY_FAIL,False,TRANSPORT_ENERGY_RESERVE,,7.910226316019982,,2793.0335707559816,7
DOUBLE_0555,DOUBLE,O01->S008->S014->O01,S008->S014,"[""S008-MED-01"", ""S008-WAT-01"", ""S008-WAT-02""]",B,True,False,False,False,False,-8.85715207797773,NOT_EVALUATED_AFTER_GEOMETRY_FAIL,False,False,NOT_EVALUATED_AFTER_GEOMETRY_FAIL,False,PAYLOAD_VOLUME,,4.597921525150589,,2706.408742671672,7
DOUBLE_0556,DOUBLE,O01->S008->S014->O01,S008->S014,"[""S008-MED-01"", ""S008-WAT-01"", ""S008-WAT-02""]",C,True,False,True,False,False,-8.85715207797773,NOT_EVALUATED_AFTER_GEOMETRY_FAIL,False,False,NOT_EVALUATED_AFTER_GEOMETRY_FAIL,False,TRANSPORT_ENERGY_RESERVE,,8.156752874161144,,2859.0335707559816,7
DOUBLE_0557,DOUBLE,O01->S008->S014->O01,S008->S014,"[""S008-FOD-01"", ""S008-HYG-01"", ""S008-MED-01"", ""S008-WAT-01"", ""S008-WAT-02""]",B,True,False,False,False,False,-8.85715207797773,NOT_EVALUATED_AFTER_GEOMETRY_FAIL,False,False,NOT_EVALUATED_AFTER_GEOMETRY_FAIL,False,PAYLOAD_VOLUME,,4.610914214076015,,2826.408742671672,7
DOUBLE_0558,DOUBLE,O01->S008->S014->O01,S008->S014,"[""S008-FOD-01"", ""S008-HYG-01"", ""S008-MED-01"", ""S008-WAT-01"", ""S008-WAT-02""]",C,True,False,True,False,False,-8.85715207797773,NOT_EVALUATED_AFTER_GEOMETRY_FAIL,False,False,NOT_EVALUATED_AFTER_GEOMETRY_FAIL,False,TRANSPORT_ENERGY_RESERVE,,8.530709480244534,,2991.0335707559816,7
DOUBLE_0559,DOUBLE,O01->S008->S014->O01,S008->S014,"[""S008-MED-01"", ""S008-WAT-01"", ""S014-MED-01""]",B,True,False,True,False,False,-8.85715207797773,NOT_EVALUATED_AFTER_GEOMETRY_FAIL,False,False,NOT_EVALUATED_AFTER_GEOMETRY_FAIL,False,TRANSPORT_ENERGY_RESERVE,,4.09654576135599,,2706.408742671672,7
DOUBLE_0560,DOUBLE,O01->S008->S014->O01,S008->S014,"[""S008-MED-01"", ""S008-WAT-01"", ""S014-MED-01""]",C,True,False,True,False,False,-8.85715207797773,NOT_EVALUATED_AFTER_GEOMETRY_FAIL,False,False,NOT_EVALUATED_AFTER_GEOMETRY_FAIL,False,TRANSPORT_ENERGY_RESERVE,,7.971062091749089,,2859.0335707559816,7
DOUBLE_0561,DOUBLE,O01->S008->S014->O01,S008->S014,"[""S008-MED-01"", ""S008-WAT-01"", ""S014-MED-01"", ""S014-WAT-01""]",B,True,False,False,False,False,-8.85715207797773,NOT_EVALUATED_AFTER_GEOMETRY_FAIL,False,False,NOT_EVALUATED_AFTER_GEOMETRY_FAIL,False,PAYLOAD_VOLUME,,4.9726398331143695,,2766.408742671672,7
DOUBLE_0562,DOUBLE,O01->S008->S014->O01,S008->S014,"[""S008-MED-01"", ""S008-WAT-01"", ""S014-MED-01"", ""S014-WAT-01""]",C,True,False,True,False,False,-8.85715207797773,NOT_EVALUATED_AFTER_GEOMETRY_FAIL,False,False,NOT_EVALUATED_AFTER_GEOMETRY_FAIL,False,TRANSPORT_ENERGY_RESERVE,,8.433594072953666,,2925.0335707559816,7
DOUBLE_0563,DOUBLE,O01->S008->S014->O01,S008->S014,"[""S008-FOD-01"", ""S008-HYG-01"", ""S008-MED-01"", ""S008-WAT-01"", ""S008-WAT-02"", ""S014-MED-01""]",B,True,False,False,False,False,-8.85715207797773,NOT_EVALUATED_AFTER_GEOMETRY_FAIL,False,False,NOT_EVALUATED_AFTER_GEOMETRY_FAIL,False,PAYLOAD_VOLUME,,4.638920351481308,,2886.408742671672,7
DOUBLE_0564,DOUBLE,O01->S008->S014->O01,S008->S014,"[""S008-FOD-01"", ""S008-HYG-01"", ""S008-MED-01"", ""S008-WAT-01"", ""S008-WAT-02"", ""S014-MED-01""]",C,True,False,True,False,False,-8.85715207797773,NOT_EVALUATED_AFTER_GEOMETRY_FAIL,False,False,NOT_EVALUATED_AFTER_GEOMETRY_FAIL,False,TRANSPORT_ENERGY_RESERVE,,8.649858163965192,,3057.0335707559816,7
DOUBLE_0565,DOUBLE,O01->S008->S014->O01,S008->S014,"[""S008-FOD-01"", ""S008-HYG-01"", ""S008-MED-01"", ""S008-WAT-01"", ""S008-WAT-02"", ""S014-MED-01"", ""S014-WAT-01""]",B,True,False,False,False,False,-8.85715207797773,NOT_EVALUATED_AFTER_GEOMETRY_FAIL,False,False,NOT_EVALUATED_AFTER_GEOMETRY_FAIL,False,PAYLOAD_VOLUME,,4.99862521096522,,2946.408742671672,7
DOUBLE_0566,DOUBLE,O01->S008->S014->O01,S008->S014,"[""S008-FOD-01"", ""S008-HYG-01"", ""S008-MED-01"", ""S008-WAT-01"", ""S008-WAT-02"", ""S014-MED-01"", ""S014-WAT-01""]",C,True,False,True,False,False,-8.85715207797773,NOT_EVALUATED_AFTER_GEOMETRY_FAIL,False,False,NOT_EVALUATED_AFTER_GEOMETRY_FAIL,False,TRANSPORT_ENERGY_RESERVE,,9.471058047525444,,3123.0335707559816,7
DOUBLE_0567,DOUBLE,O01->S008->S014->O01,S008->S014,"[""S008-MED-01"", ""S014-FOD-01"", ""S014-MED-01"", ""S014-WAT-01""]",B,True,False,False,False,False,-8.85715207797773,NOT_EVALUATED_AFTER_GEOMETRY_FAIL,False,False,NOT_EVALUATED_AFTER_GEOMETRY_FAIL,False,PAYLOAD_VOLUME,,5.245826991268921,,2766.408742671672,7
DOUBLE_0568,DOUBLE,O01->S008->S014->O01,S008->S014,"[""S008-MED-01"", ""S014-FOD-01"", ""S014-MED-01"", ""S014-WAT-01""]",C,True,False,True,False,False,-8.85715207797773,NOT_EVALUATED_AFTER_GEOMETRY_FAIL,False,False,NOT_EVALUATED_AFTER_GEOMETRY_FAIL,False,TRANSPORT_ENERGY_RESERVE,,8.476163233527023,,2925.0335707559816,7
DOUBLE_0569,DOUBLE,O01->S008->S014->O01,S008->S014,"[""S008-MED-01"", ""S008-WAT-01"", ""S014-FOD-01"", ""S014-MED-01"", ""S014-WAT-01""]",B,True,False,False,False,False,-8.85715207797773,NOT_EVALUATED_AFTER_GEOMETRY_FAIL,False,False,NOT_EVALUATED_AFTER_GEOMETRY_FAIL,False,PAYLOAD_VOLUME,,5.398045351795795,,2826.408742671672,7
DOUBLE_0570,DOUBLE,O01->S008->S014->O01,S008->S014,"[""S008-MED-01"", ""S008-WAT-01"", ""S014-FOD-01"", ""S014-MED-01"", ""S014-WAT-01""]",C,True,False,True,False,False,-8.85715207797773,NOT_EVALUATED_AFTER_GEOMETRY_FAIL,False,False,NOT_EVALUATED_AFTER_GEOMETRY_FAIL,False,TRANSPORT_ENERGY_RESERVE,,8.81879497423893,,2991.0335707559816,7
DOUBLE_0571,DOUBLE,O01->S008->S014->O01,S008->S014,"[""S008-FOD-01"", ""S008-HYG-01"", ""S008-MED-01"", ""S008-WAT-01"", ""S008-WAT-02"", ""S014-FOD-01"", ""S014-MED-01"", ""S014-WAT-01""]",B,True,False,False,False,False,-8.85715207797773,NOT_EVALUATED_AFTER_GEOMETRY_FAIL,False,False,NOT_EVALUATED_AFTER_GEOMETRY_FAIL,False,PAYLOAD_VOLUME,,5.424030729646645,,3006.408742671672,7
DOUBLE_0572,DOUBLE,O01->S008->S014->O01,S008->S014,"[""S008-FOD-01"", ""S008-HYG-01"", ""S008-MED-01"", ""S008-WAT-01"", ""S008-WAT-02"", ""S014-FOD-01"", ""S014-MED-01"", ""S014-WAT-01""]",C,True,False,True,False,False,-8.85715207797773,NOT_EVALUATED_AFTER_GEOMETRY_FAIL,False,False,NOT_EVALUATED_AFTER_GEOMETRY_FAIL,False,TRANSPORT_ENERGY_RESERVE,,10.168347887531436,,3189.0335707559816,7
